Zeit (s),Spektral Centroid (Hz),Power (dB),Energy,Peak Frequenz (Hz),Spectral Flux,Bandbreite (Hz),Spectral Flatness,Spectral Rolloff (Hz)
0.000,6048.07,-79.78,0.000837,595.00,0.000000,4569.31,0.003963,11965.00
0.050,5269.93,-66.49,0.023871,580.00,144.115555,4438.21,0.000714,11145.00
0.100,4893.56,-63.56,0.043982,575.00,138.600311,4403.18,0.000559,10950.00
0.150,5014.14,-65.92,0.033506,240.00,136.217270,4579.89,0.000484,11360.00
0.200,6356.24,-65.24,0.027756,220.00,120.344521,4678.67,0.000801,12125.00
0.250,6189.10,-65.86,0.026990,165.00,84.078445,4629.14,0.000773,11775.00
0.300,6299.29,-66.42,0.024452,240.00,78.116661,4582.87,0.000805,11740.00
0.350,4254.32,-72.47,0.017567,240.00,95.494476,4494.34,0.000270,10610.00
0.400,3044.14,-75.48,0.015793,235.00,53.044827,4022.72,0.000101,8535.00
0.450,2315.17,-77.41,0.014437,60.00,56.294174,3710.05,0.000059,6035.00
0.500,3231.18,-70.84,0.027626,155.00,122.721848,3843.25,0.000197,7205.00
0.550,2992.14,-67.90,0.050109,170.00,191.049500,3617.99,0.000162,6500.00
0.600,1689.15,-71.59,0.084885,425.00,387.046448,2762.04,0.000023,3215.00
0.650,1105.10,-74.52,0.116182,425.00,391.783142,2079.22,0.000004,1135.00
0.700,1407.49,-73.08,0.093153,105.00,315.756622,2252.01,0.000010,2180.00
0.750,2048.27,-69.55,0.072770,100.00,397.447723,2814.66,0.000055,3305.00
0.800,2468.52,-68.37,0.063399,5.00,263.793945,3106.40,0.000098,4515.00
0.850,2142.80,-72.22,0.043680,0.00,228.387344,2925.66,0.000049,3435.00
0.900,2270.16,-75.35,0.026249,5.00,186.196396,3433.95,0.000044,4000.00
0.950,2617.32,-76.70,0.019037,0.00,105.102364,4101.25,0.000044,8365.00
1.000,3037.73,-77.44,0.013827,0.00,56.815125,4401.55,0.000056,9775.00
1.050,3356.85,-77.51,0.013884,5.00,53.369881,4566.42,0.000067,10265.00
1.100,3385.72,-77.41,0.018552,5.00,50.201847,4577.82,0.000039,10205.00
1.150,3441.36,-77.52,0.017845,5.00,28.817015,4606.48,0.000038,10300.00
1.200,3948.32,-77.39,0.013226,5.00,51.837219,4785.25,0.000070,10935.00
1.250,3793.18,-77.43,0.014495,10.00,46.973122,4739.89,0.000064,10765.00
1.300,3642.44,-77.50,0.014676,15.00,33.133923,4668.80,0.000060,10625.00
1.350,3695.39,-76.77,0.020650,10.00,63.574215,4680.89,0.000043,10675.00
1.400,3851.10,-76.17,0.021994,10.00,29.036282,4727.14,0.000049,10770.00
1.450,3862.87,-76.05,0.017494,5.00,79.612503,4705.69,0.000071,10685.00
1.500,3946.68,-76.21,0.016724,5.00,42.925793,4736.40,0.000075,10835.00
1.550,3608.81,-75.96,0.019175,5.00,38.178608,4631.78,0.000065,10635.00
1.600,3122.56,-75.79,0.023033,5.00,53.504112,4382.09,0.000046,9855.00
1.650,3436.43,-75.99,0.018133,15.00,96.227905,4517.00,0.000080,10165.00
1.700,3279.18,-75.84,0.020285,0.00,81.147339,4483.74,0.000066,10030.00
1.750,2453.18,-73.77,0.038622,180.00,178.694855,3711.70,0.000044,6325.00
1.800,3343.70,-68.91,0.062090,375.00,200.733688,3895.06,0.000074,8255.00
1.850,6378.17,-63.17,0.055677,90.00,237.649475,4167.53,0.000459,10470.00
1.900,7779.01,-63.53,0.042910,10.00,211.036926,3631.24,0.000677,11355.00
1.950,5324.29,-67.96,0.032293,10.00,223.034180,4530.70,0.000323,10280.00
2.000,2374.74,-68.93,0.084547,415.00,378.463684,3180.74,0.000052,4380.00
2.050,2327.78,-68.49,0.099474,435.00,275.179230,2949.14,0.000046,3420.00
2.100,2329.02,-69.81,0.089051,440.00,391.659180,2992.12,0.000038,3305.00
2.150,2817.48,-70.51,0.060044,150.00,308.020813,3705.63,0.000052,7860.00
2.200,5944.22,-65.81,0.041189,150.00,261.197937,4424.44,0.000349,10595.00
2.250,4314.30,-64.06,0.089590,450.00,389.809296,4214.67,0.000145,9520.00
2.300,2502.36,-67.76,0.104371,450.00,289.072601,3260.01,0.000044,5960.00
2.350,2171.12,-71.78,0.076512,250.00,469.261261,3275.52,0.000023,4200.00
2.400,2483.65,-72.43,0.073583,245.00,308.263672,3642.82,0.000018,6625.00
2.450,3089.61,-69.94,0.065695,245.00,228.387360,3805.43,0.000046,8090.00
2.500,4408.71,-68.00,0.046032,5.00,254.512375,4411.43,0.000145,9840.00
2.550,4003.59,-69.75,0.049873,235.00,196.663025,4533.72,0.000080,10035.00
2.600,2160.77,-73.18,0.075167,235.00,224.865723,3593.22,0.000015,4735.00
2.650,2179.64,-72.96,0.079374,240.00,240.208878,3593.78,0.000015,5615.00
2.700,2197.43,-73.31,0.075239,240.00,192.669479,3707.95,0.000015,6290.00
2.750,2233.18,-73.48,0.053843,115.00,268.761230,3736.45,0.000027,5885.00
2.800,2411.31,-72.30,0.057808,5.00,260.282898,3398.15,0.000032,4095.00
2.850,2578.95,-72.34,0.053753,5.00,123.607582,3396.29,0.000036,4340.00
2.900,5683.80,-62.47,0.053588,5.00,360.625580,3407.02,0.000530,9025.00
2.950,5412.87,-58.92,0.099306,0.00,344.282043,3406.21,0.000486,8740.00
3.000,3912.12,-62.61,0.104708,595.00,469.029572,3435.23,0.000167,7870.00
3.050,2137.41,-70.28,0.105927,590.00,399.302368,2635.50,0.000022,3355.00
3.100,2270.56,-71.51,0.071738,5.00,380.105377,2913.65,0.000029,3700.00
3.150,2743.73,-71.95,0.049151,5.00,276.858307,3463.63,0.000044,5130.00
3.200,3708.47,-71.14,0.036889,0.00,193.790970,3632.11,0.000078,6910.00
3.250,3424.33,-68.84,0.047876,5.00,233.832031,3301.16,0.000121,6395.00
3.300,2527.61,-68.11,0.112276,770.00,544.782166,2912.13,0.000033,5050.00
3.350,2547.92,-67.82,0.135930,770.00,291.729553,3159.53,0.000027,4945.00
3.400,3445.00,-67.91,0.066484,765.00,494.809845,4046.66,0.000087,7980.00
3.450,3190.69,-70.89,0.038965,5.00,264.885742,4012.88,0.000100,7700.00
3.500,2617.20,-69.61,0.062088,745.00,241.863312,3487.11,0.000074,5180.00
3.550,3482.51,-66.06,0.064408,740.00,188.754242,4123.61,0.000178,8885.00
3.600,5213.43,-63.15,0.053087,5.00,233.279861,4748.82,0.000489,11705.00
3.650,5778.37,-60.64,0.058363,5.00,214.402939,4566.88,0.000779,11680.00
3.700,5768.76,-60.80,0.057360,225.00,135.666809,4542.53,0.000771,11615.00
3.750,6064.02,-62.44,0.044561,160.00,179.236908,4612.18,0.000759,11820.00
3.800,6245.09,-62.80,0.042546,240.00,142.028107,4479.02,0.000730,11720.00
3.850,5435.45,-64.35,0.037582,240.00,133.915756,4677.13,0.000643,11640.00
3.900,4679.85,-59.31,0.102110,45.00,489.314209,4702.68,0.000498,11405.00
3.950,3636.28,-59.17,0.163333,45.00,551.093079,4321.99,0.000237,9845.00
4.000,2191.88,-63.83,0.183497,45.00,578.427185,3127.71,0.000060,4180.00
4.050,1600.68,-67.58,0.192032,45.00,799.960022,2066.43,0.000022,2315.00
4.100,2165.73,-65.24,0.210700,990.00,826.580872,2724.52,0.000029,3915.00
4.150,2141.66,-64.90,0.203233,990.00,522.763855,2704.08,0.000035,3940.00
4.200,2027.54,-67.39,0.129720,40.00,694.986877,2597.98,0.000038,3975.00
4.250,2332.57,-68.36,0.090895,40.00,451.446655,2965.28,0.000047,5015.00
4.300,2325.74,-68.89,0.086287,40.00,204.674927,2996.37,0.000044,5020.00
4.350,2220.58,-69.15,0.084395,40.00,218.949127,3016.65,0.000044,4890.00
4.400,2336.16,-69.13,0.077904,40.00,205.958206,3065.74,0.000050,5230.00
4.450,2560.73,-69.07,0.072953,40.00,188.959213,3166.82,0.000052,5770.00
4.500,2681.68,-69.29,0.071480,40.00,133.507385,3227.90,0.000049,5965.00
4.550,2614.61,-69.34,0.068467,40.00,119.462189,3123.68,0.000054,5690.00
4.600,2405.38,-69.23,0.067286,40.00,196.589630,3037.79,0.000063,5355.00
4.650,2210.76,-68.71,0.073035,40.00,240.645157,2931.38,0.000066,4890.00
4.700,2181.93,-68.80,0.078138,50.00,271.921082,2877.20,0.000057,4580.00
4.750,2414.92,-68.23,0.076945,50.00,231.885757,3045.66,0.000065,5305.00
4.800,2532.28,-68.51,0.078449,50.00,192.943283,3181.35,0.000055,5725.00
4.850,2541.07,-69.04,0.077784,50.00,196.312744,3127.53,0.000047,5685.00
4.900,2306.28,-69.32,0.074916,50.00,196.760391,2884.72,0.000049,4940.00
4.950,2270.38,-69.45,0.075232,50.00,176.525696,2895.00,0.000047,4915.00
5.000,2698.31,-68.54,0.077206,50.00,191.909042,3219.46,0.000055,6070.00
5.050,2917.58,-68.68,0.084734,50.00,192.348022,3402.45,0.000041,6730.00
5.100,2691.16,-68.89,0.081736,50.00,132.442200,3216.13,0.000047,5935.00
5.150,2380.14,-69.29,0.074770,50.00,190.302216,2907.10,0.000052,4930.00
5.200,2383.61,-69.10,0.074874,50.00,174.324921,2943.56,0.000053,4970.00
5.250,2691.77,-68.70,0.077920,50.00,182.224670,3256.42,0.000053,6110.00
5.300,2461.10,-68.95,0.081630,50.00,187.080139,3237.97,0.000047,5765.00
5.350,2220.09,-69.18,0.075718,50.00,225.809677,3022.67,0.000055,5005.00
5.400,2189.45,-68.76,0.072700,50.00,235.154419,2948.08,0.000069,4785.00
5.450,2271.66,-68.73,0.068655,90.00,229.129059,2942.09,0.000075,4925.00
5.500,2303.68,-69.22,0.069460,285.00,275.095001,2981.71,0.000060,5000.00
5.550,2255.76,-69.37,0.076276,195.00,245.392776,3038.13,0.000048,5035.00
5.600,2400.64,-68.82,0.073812,200.00,229.764862,3155.38,0.000062,5585.00
5.650,2651.21,-68.30,0.071892,95.00,222.576126,3236.90,0.000073,6155.00
5.700,2714.35,-68.39,0.072410,95.00,165.373489,3171.00,0.000062,6095.00
5.750,2660.82,-68.54,0.069533,95.00,137.730820,3054.01,0.000062,5780.00
5.800,2440.63,-68.83,0.068465,95.00,166.757477,2900.76,0.000057,5320.00
5.850,2279.77,-69.32,0.068326,285.00,191.894333,2835.92,0.000045,4985.00
5.900,2164.31,-69.90,0.071532,285.00,189.577774,2813.71,0.000035,4795.00
5.950,2074.52,-69.67,0.074088,195.00,245.405823,2771.93,0.000037,4615.00
6.000,1984.82,-69.36,0.076305,55.00,300.534241,2680.13,0.000037,4190.00
6.050,2128.68,-69.58,0.078264,55.00,257.752563,2749.65,0.000031,4525.00
6.100,2295.78,-69.60,0.080748,55.00,185.565872,2942.98,0.000029,5165.00
6.150,2341.25,-69.84,0.083178,55.00,170.089081,2874.72,0.000026,5055.00
6.200,2237.10,-69.88,0.081270,55.00,193.366684,2745.50,0.000027,4710.00
6.250,2210.41,-69.79,0.076862,55.00,193.085541,2689.35,0.000031,4660.00
6.300,2384.33,-69.53,0.079204,55.00,176.456940,2837.90,0.000032,5090.00
6.350,2642.13,-69.49,0.081631,55.00,178.421890,2996.80,0.000027,5680.00
6.400,2441.33,-69.55,0.079929,55.00,150.730286,2843.09,0.000028,5105.00
6.450,2272.96,-69.75,0.077404,55.00,199.061951,2736.70,0.000028,4800.00
6.500,2444.82,-69.60,0.075100,55.00,165.631653,2862.31,0.000034,5305.00
6.550,2707.22,-69.53,0.078503,55.00,191.664566,3000.88,0.000032,5810.00
6.600,2564.69,-69.29,0.081158,55.00,129.123001,2893.58,0.000032,5425.00
6.650,2224.91,-69.48,0.077965,55.00,225.625763,2780.25,0.000031,4815.00
6.700,2075.50,-69.55,0.076070,55.00,259.110931,2769.37,0.000036,4685.00
6.750,2093.45,-69.46,0.072028,40.00,227.459976,2723.49,0.000043,4540.00
6.800,2304.41,-69.35,0.064636,40.00,206.357864,2781.40,0.000052,4920.00
6.850,2459.03,-69.83,0.060484,40.00,184.214584,2866.70,0.000047,5300.00
6.900,2648.59,-70.21,0.055560,40.00,131.246933,2984.44,0.000047,5675.00
6.950,2634.98,-69.98,0.056193,40.00,111.680046,2950.65,0.000053,5570.00
7.000,2390.54,-69.59,0.065949,40.00,179.671768,2883.79,0.000046,5115.00
7.050,2232.77,-69.36,0.073994,40.00,205.576279,2811.34,0.000037,4880.00
7.100,2385.59,-69.06,0.070875,40.00,198.069397,2868.23,0.000039,5205.00
7.150,2593.93,-69.38,0.067640,40.00,195.261627,3002.37,0.000036,5755.00
7.200,2740.14,-69.77,0.063609,40.00,111.293068,3040.91,0.000038,5935.00
7.250,2558.89,-69.52,0.064374,40.00,136.056976,2879.68,0.000045,5430.00
7.300,2254.04,-69.14,0.069944,40.00,210.432465,2826.20,0.000048,5005.00
7.350,2095.14,-69.09,0.074172,40.00,231.719315,2752.10,0.000045,4560.00
7.400,2199.70,-69.25,0.074190,50.00,261.959381,2783.39,0.000040,4730.00
7.450,2421.40,-68.82,0.070363,50.00,197.985977,2940.14,0.000046,5330.00
7.500,2525.15,-69.17,0.072702,50.00,182.241760,3047.74,0.000039,5690.00
7.550,2419.80,-69.23,0.078436,50.00,157.166275,2917.25,0.000034,5235.00
7.600,2247.52,-69.45,0.075788,50.00,203.450394,2721.68,0.000034,4785.00
7.650,2370.42,-69.30,0.075403,50.00,161.128403,2861.07,0.000033,5160.00
7.700,2772.08,-69.15,0.073582,50.00,192.237518,3205.43,0.000033,6365.00
7.750,2804.09,-69.53,0.077136,50.00,139.309387,3258.70,0.000026,6470.00
7.800,2438.67,-69.43,0.078052,50.00,147.400818,2885.47,0.000031,5275.00
7.850,2204.25,-69.73,0.076971,50.00,177.012482,2670.81,0.000033,4485.00
7.900,2388.93,-69.33,0.073466,50.00,160.139862,2886.66,0.000042,5105.00
7.950,2638.84,-69.14,0.076026,50.00,183.236206,3167.10,0.000040,6025.00
8.000,2330.59,-69.04,0.080539,50.00,198.266861,3067.46,0.000039,5530.00
8.050,2132.36,-69.07,0.075908,50.00,210.539352,2837.11,0.000044,4715.00
8.100,2136.64,-69.05,0.073636,50.00,234.669876,2810.19,0.000048,4620.00
8.150,2198.31,-69.10,0.071004,280.00,248.954773,2818.87,0.000050,4830.00
8.200,2104.49,-69.90,0.071263,285.00,266.075134,2824.05,0.000039,4665.00
8.250,2110.64,-70.39,0.069002,195.00,223.421478,2889.39,0.000035,4825.00
8.300,2391.48,-69.40,0.065637,200.00,216.873993,3064.83,0.000049,5610.00
8.350,2585.80,-69.29,0.064816,95.00,206.290604,3125.73,0.000050,5965.00
8.400,2699.67,-69.09,0.063095,95.00,144.980972,3130.90,0.000058,6050.00
8.450,2641.27,-68.86,0.062220,95.00,115.936066,3032.55,0.000068,5760.00
8.500,2456.32,-68.95,0.064222,285.00,173.376099,2893.71,0.000063,5285.00
8.550,2354.51,-69.23,0.069079,285.00,190.818695,2876.33,0.000052,5145.00
8.600,2180.02,-69.91,0.071238,285.00,213.329971,2849.23,0.000039,4915.00
8.650,2134.62,-69.69,0.068915,195.00,257.191772,2866.47,0.000045,4875.00
8.700,2041.00,-69.29,0.074676,50.00,268.751801,2763.07,0.000045,4525.00
8.750,2174.47,-69.24,0.074551,45.00,228.059113,2732.76,0.000041,4675.00
8.800,2395.63,-68.91,0.073060,45.00,185.166336,2887.06,0.000043,5190.00
8.850,2474.35,-69.00,0.076043,45.00,184.047012,2973.21,0.000040,5405.00
8.900,2547.92,-69.28,0.076290,45.00,145.382706,2970.50,0.000038,5495.00
8.950,2303.25,-70.03,0.069100,45.00,167.002762,2720.84,0.000037,4795.00
9.000,2221.96,-69.95,0.070043,45.00,175.491776,2785.61,0.000036,4830.00
9.050,2527.70,-69.12,0.072731,45.00,158.002106,3039.73,0.000039,5720.00
9.100,2725.03,-69.28,0.075650,45.00,187.876831,3166.83,0.000031,6235.00
9.150,2559.55,-69.14,0.079040,45.00,128.317429,2966.83,0.000033,5635.00
9.200,2331.96,-69.32,0.077273,45.00,166.678772,2710.86,0.000040,4810.00
9.250,3199.15,-63.10,0.135750,45.00,650.654724,4310.13,0.000112,9460.00
9.300,3910.92,-59.45,0.301297,60.00,1261.141602,4926.92,0.000068,11010.00
9.350,3781.25,-61.36,0.353563,55.00,1194.243652,4940.01,0.000024,10905.00
9.400,2758.71,-65.39,0.243272,55.00,1034.675171,4092.78,0.000015,7805.00
9.450,5520.39,-60.50,0.148946,50.00,1111.953979,5053.22,0.000138,11930.00
9.500,6097.22,-60.53,0.144131,40.00,539.737366,5067.82,0.000139,12145.00
9.550,3755.71,-63.88,0.143209,40.00,325.137543,4358.30,0.000064,9760.00
9.600,4265.83,-59.21,0.177662,40.00,474.958984,4449.75,0.000176,10520.00
9.650,4964.35,-57.19,0.192495,40.00,418.807678,4705.21,0.000262,11210.00
9.700,4310.66,-59.82,0.176870,40.00,529.252808,4508.10,0.000146,10440.00
9.750,4327.94,-61.50,0.170826,40.00,437.049500,4518.62,0.000093,10545.00
9.800,5708.62,-58.92,0.175309,40.00,271.130005,4910.58,0.000175,11855.00
9.850,4957.39,-59.30,0.174278,40.00,489.212463,4749.46,0.000165,11250.00
9.900,3691.46,-60.15,0.171572,40.00,510.241669,4071.82,0.000144,8900.00
9.950,4148.49,-55.44,0.214699,40.00,845.267944,4066.02,0.000370,9460.00
10.000,4585.05,-55.00,0.204723,55.00,642.427673,4241.11,0.000433,10370.00
10.050,5033.18,-58.11,0.163863,50.00,829.411804,4625.81,0.000246,11365.00
10.100,5528.10,-59.66,0.146599,50.00,371.105957,4960.41,0.000190,12005.00
10.150,6542.06,-59.88,0.136144,50.00,310.966949,5070.58,0.000201,12320.00
10.200,5218.00,-62.92,0.120892,50.00,240.342758,4996.67,0.000104,11665.00
10.250,4260.77,-63.29,0.123258,50.00,220.058746,4622.84,0.000094,10830.00
10.300,5565.88,-58.08,0.159594,50.00,469.565186,4800.04,0.000262,11590.00
10.350,5013.70,-57.65,0.187499,50.00,475.491760,4555.84,0.000233,10955.00
10.400,4160.32,-58.96,0.190256,50.00,593.299805,4163.94,0.000164,9255.00
10.450,3989.10,-56.88,0.280588,50.00,1196.397583,4463.72,0.000153,10160.00
10.500,4095.53,-57.16,0.363588,60.00,1221.381714,4623.19,0.000083,10575.00
10.550,4055.34,-58.92,0.318097,55.00,1190.853760,4406.44,0.000062,9760.00
10.600,4629.95,-57.79,0.203864,50.00,1227.672729,4442.96,0.000205,10715.00
10.650,5033.12,-57.01,0.157442,40.00,819.237122,4665.89,0.000418,11260.00
10.700,4415.39,-58.67,0.144941,35.00,611.910461,4576.12,0.000307,10735.00
10.750,3923.60,-59.44,0.178984,35.00,658.974243,4630.34,0.000182,10530.00
10.800,3911.98,-58.82,0.311890,85.00,1274.533813,4940.92,0.000079,10985.00
10.850,3771.28,-61.23,0.348616,55.00,1232.172607,4942.09,0.000028,10845.00
10.900,2310.81,-65.03,0.277073,55.00,1047.886108,3853.10,0.000016,6250.00
10.950,3303.45,-58.93,0.292680,85.00,1386.731689,4462.19,0.000090,9880.00
11.000,3551.92,-57.98,0.365969,60.00,1138.545776,4568.10,0.000072,10185.00
11.050,3237.68,-60.47,0.324222,55.00,1257.824341,4205.32,0.000042,8925.00
11.100,4580.77,-58.79,0.200901,50.00,1208.806885,4630.17,0.000164,10910.00
11.150,5571.11,-57.35,0.159615,30.00,782.969177,4805.50,0.000371,11685.00
11.200,4566.37,-59.16,0.157976,30.00,575.586548,4600.50,0.000221,10730.00
11.250,3766.05,-58.15,0.181431,35.00,658.014343,4002.78,0.000245,8775.00
11.300,4131.03,-54.64,0.232364,220.00,818.581665,4011.87,0.000424,9320.00
11.350,4327.68,-56.24,0.173271,60.00,701.664246,4163.70,0.000437,9955.00
11.400,5080.90,-60.17,0.102167,60.00,697.942566,4868.79,0.000358,12075.00
11.450,6287.32,-59.21,0.101619,55.00,383.720062,5036.82,0.000458,12275.00
11.500,6223.45,-59.77,0.104188,55.00,260.758453,4993.03,0.000370,12085.00
11.550,4089.69,-63.86,0.093023,55.00,304.615234,4527.23,0.000147,10400.00
11.600,5082.56,-59.63,0.111623,55.00,354.819611,4608.74,0.000344,11215.00
11.650,5542.30,-57.03,0.150837,335.00,496.074768,4647.97,0.000422,11665.00
11.700,4869.92,-57.95,0.156420,340.00,537.286011,4346.42,0.000315,10780.00
11.750,4711.55,-58.42,0.151124,395.00,620.490540,4238.76,0.000295,10390.00
11.800,5558.68,-57.21,0.155140,400.00,563.876404,4581.07,0.000378,11610.00
11.850,5214.42,-57.65,0.142989,400.00,357.045990,4415.11,0.000390,11265.00
11.900,4059.90,-58.92,0.150226,390.00,571.969421,4036.29,0.000279,8925.00
11.950,3690.49,-56.99,0.277823,90.00,1245.087646,4317.51,0.000159,9660.00
12.000,3818.00,-57.09,0.369421,55.00,1296.026855,4518.28,0.000083,10305.00
12.050,4569.72,-57.69,0.306695,55.00,1119.502319,4714.59,0.000086,11025.00
12.100,5324.26,-58.84,0.161702,50.00,1150.049927,4927.56,0.000212,11640.00
12.150,6275.71,-59.37,0.120922,45.00,691.147095,4999.92,0.000300,12115.00
12.200,5335.89,-62.91,0.107688,40.00,326.465088,4972.09,0.000124,11690.00
12.250,4573.53,-63.29,0.111785,40.00,179.441833,4685.93,0.000117,11095.00
12.300,5455.66,-57.72,0.148135,40.00,454.750732,4848.79,0.000366,11700.00
12.350,4821.95,-57.51,0.174801,40.00,451.956055,4680.76,0.000292,11060.00
12.400,4193.68,-59.62,0.167656,40.00,489.405792,4375.81,0.000175,9855.00
12.450,5387.96,-58.36,0.155370,40.00,568.975464,4792.42,0.000263,11620.00
12.500,5706.61,-58.44,0.154903,40.00,312.311584,4823.25,0.000253,11730.00
12.550,4446.68,-59.91,0.153758,40.00,509.310577,4449.04,0.000185,10170.00
12.600,4091.55,-56.26,0.198725,40.00,785.412720,4082.78,0.000358,9335.00
12.650,4254.69,-54.47,0.224261,220.00,697.435974,4079.35,0.000468,9645.00
12.700,4039.15,-57.89,0.156064,55.00,791.714661,4144.23,0.000334,9645.00
12.750,4836.67,-60.45,0.111337,50.00,543.990601,4805.91,0.000280,11360.00
12.800,6434.94,-59.02,0.105148,50.00,365.030792,5033.84,0.000457,12325.00
12.850,5903.08,-60.75,0.097160,50.00,241.538055,5036.73,0.000315,12075.00
12.900,4019.34,-62.37,0.105335,50.00,304.564148,4243.55,0.000186,9520.00
12.950,5138.73,-57.12,0.161769,50.00,601.583984,4553.15,0.000366,11125.00
13.000,5225.01,-56.61,0.178109,50.00,523.428528,4527.98,0.000359,11160.00
13.050,4778.96,-58.35,0.148557,380.00,615.090698,4246.94,0.000301,10300.00
13.100,4157.38,-57.18,0.223828,145.00,1046.056030,4448.42,0.000214,10335.00
13.150,4154.17,-56.74,0.344678,60.00,1210.517212,4701.91,0.000106,10810.00
13.200,3994.41,-58.40,0.342809,55.00,1233.367920,4460.39,0.000061,10075.00
13.250,4181.66,-58.72,0.238015,50.00,1095.342773,4297.62,0.000115,9975.00
13.300,5040.97,-56.54,0.167853,50.00,899.379639,4583.18,0.000415,11250.00
13.350,4529.75,-57.89,0.160773,40.00,591.504822,4477.79,0.000308,10660.00
13.400,3215.00,-61.74,0.151210,35.00,558.688477,3956.70,0.000130,7990.00
13.450,3569.28,-59.70,0.272344,80.00,1195.645508,4746.78,0.000083,10660.00
13.500,3826.07,-60.18,0.356282,60.00,1251.943726,4972.70,0.000038,10965.00
13.550,2733.71,-64.96,0.309224,55.00,1164.768677,4356.53,0.000012,8815.00
13.600,3120.04,-61.49,0.264113,50.00,1327.360718,4543.06,0.000055,10000.00
13.650,3723.75,-57.86,0.355996,60.00,1194.314087,4724.24,0.000080,10635.00
13.700,3375.34,-59.21,0.351152,55.00,1311.527222,4301.44,0.000052,9065.00
13.750,3640.75,-60.55,0.245084,50.00,1159.817505,4288.09,0.000068,9515.00
13.800,5602.95,-58.41,0.163679,1165.00,1066.282349,4907.68,0.000255,11730.00
13.850,5151.21,-59.16,0.155308,30.00,431.128845,4795.26,0.000219,11365.00
13.900,3737.83,-60.23,0.162317,35.00,591.076904,4034.52,0.000161,8725.00
13.950,4064.30,-55.34,0.222238,35.00,865.962952,3961.42,0.000386,9035.00
14.000,4186.49,-55.16,0.210387,55.00,649.235718,4057.79,0.000446,9510.00
14.050,3767.77,-59.35,0.156273,50.00,849.502197,4148.42,0.000221,9035.00
14.100,4780.83,-59.78,0.154099,50.00,497.120087,4825.60,0.000170,11390.00
14.150,6273.98,-59.43,0.150499,50.00,346.823273,5084.73,0.000183,12190.00
14.200,5093.40,-62.29,0.134269,50.00,277.098083,5008.19,0.000103,11650.00
14.250,4631.83,-60.38,0.128198,50.00,394.166382,4582.59,0.000221,10890.00
14.300,5310.96,-56.45,0.164150,50.00,578.263489,4558.11,0.000424,11230.00
14.350,4964.62,-56.56,0.173941,50.00,530.384827,4338.05,0.000388,10790.00
14.400,4617.74,-58.58,0.169878,50.00,603.707397,4149.20,0.000226,10125.00
14.450,5357.37,-57.56,0.187998,50.00,402.464111,4523.70,0.000229,11440.00
14.500,5497.19,-57.57,0.194481,50.00,269.371948,4615.18,0.000212,11615.00
14.550,4417.38,-59.09,0.183751,50.00,523.389221,4288.31,0.000165,10620.00
14.600,3719.00,-57.94,0.243010,45.00,1125.240601,4333.22,0.000153,9870.00
14.650,3834.04,-57.25,0.352110,60.00,1215.773560,4621.43,0.000089,10570.00
14.700,3475.00,-60.79,0.330207,55.00,1188.937134,4492.54,0.000033,9895.00
14.750,3692.40,-62.85,0.194839,50.00,1072.550903,4504.77,0.000050,10295.00
14.800,5852.38,-59.11,0.130624,45.00,873.662292,4967.48,0.000302,11940.00
14.850,5538.02,-60.58,0.105839,40.00,412.799744,4956.08,0.000284,11770.00
14.900,3590.09,-64.31,0.098411,40.00,305.042175,4171.69,0.000119,9260.00
14.950,5084.19,-58.27,0.134215,40.00,443.971283,4702.88,0.000376,11275.00
15.000,5009.38,-57.38,0.158654,40.00,385.101318,4719.10,0.000369,11255.00
15.050,4020.15,-60.00,0.154168,40.00,520.600647,4327.60,0.000195,9640.00
15.100,5000.90,-58.75,0.147289,40.00,522.980835,4635.99,0.000283,11205.00
15.150,5755.06,-57.47,0.156360,40.00,398.281067,4798.38,0.000352,11915.00
15.200,4608.88,-59.04,0.155492,40.00,520.711975,4565.80,0.000234,10740.00
15.250,3872.11,-57.98,0.172563,40.00,632.792419,4048.92,0.000282,8885.00
15.300,4274.84,-54.45,0.225745,220.00,837.642700,4081.62,0.000466,9680.00
15.350,4373.53,-56.09,0.183707,55.00,674.409607,4193.66,0.000408,10060.00
15.400,4728.24,-60.04,0.138494,50.00,685.332153,4813.94,0.000211,11735.00
15.450,5887.07,-59.19,0.147704,50.00,418.237793,5057.94,0.000211,12170.00
15.500,5994.07,-60.01,0.146566,50.00,268.126068,5052.44,0.000166,12045.00
15.550,4209.74,-64.25,0.136719,50.00,286.936432,4592.96,0.000056,10580.00
15.600,5300.46,-59.98,0.146702,50.00,353.584778,4657.91,0.000173,11545.00
15.650,5527.87,-57.17,0.184517,50.00,533.805908,4704.49,0.000274,11685.00
15.700,4685.83,-57.98,0.191158,50.00,538.667908,4385.75,0.000215,10600.00
15.750,3815.57,-58.19,0.215447,50.00,821.180908,4164.26,0.000179,9055.00
15.800,3844.99,-57.09,0.325794,85.00,1259.034790,4523.12,0.000115,10390.00
15.850,3858.89,-57.83,0.364343,55.00,1259.884766,4422.86,0.000068,10035.00
15.900,3758.24,-59.16,0.297929,50.00,1141.045288,4044.83,0.000068,8655.00
15.950,4668.43,-56.89,0.198410,50.00,1034.674927,4449.06,0.000282,10870.00
16.000,4854.65,-56.84,0.165739,50.00,605.302856,4575.07,0.000386,11095.00
16.050,3790.89,-59.90,0.146280,35.00,577.144348,4122.38,0.000212,9350.00
16.100,3477.23,-59.72,0.224328,35.00,988.813477,4485.17,0.000116,10090.00
16.150,3795.66,-58.99,0.343105,60.00,1246.069946,4871.27,0.000061,10855.00
16.200,3344.88,-62.62,0.332299,55.00,1237.211914,4664.11,0.000020,10210.00
16.250,2608.93,-63.00,0.258899,50.00,1094.321289,4101.24,0.000042,7680.00
16.300,3621.46,-57.74,0.327517,85.00,1320.709106,4663.87,0.000124,10460.00
16.350,3786.30,-57.91,0.360700,55.00,1276.084839,4609.76,0.000085,10200.00
16.400,3816.77,-59.91,0.281174,55.00,1174.845337,4385.99,0.000061,9595.00
16.450,5131.30,-58.05,0.172397,50.00,1139.291382,4777.65,0.000243,11405.00
16.500,5364.62,-58.06,0.158336,30.00,620.120789,4803.07,0.000279,11595.00
16.550,4192.02,-59.67,0.157662,30.00,566.442566,4385.84,0.000196,9905.00
16.600,4081.79,-56.16,0.198803,35.00,778.385803,4054.78,0.000370,9310.00
16.650,4211.11,-54.54,0.230031,60.00,704.942017,4009.50,0.000449,9505.00
16.700,4012.14,-57.83,0.168012,55.00,832.816895,4088.09,0.000296,9530.00
16.750,4808.73,-60.31,0.130697,55.00,549.895081,4819.95,0.000229,11390.00
16.800,6296.88,-58.55,0.117599,55.00,323.269806,4954.75,0.000436,12205.00
16.850,5802.81,-60.05,0.106835,55.00,235.447769,4867.82,0.000332,11925.00
16.900,4328.08,-62.38,0.107802,55.00,300.053925,4203.08,0.000169,9735.00
16.950,5284.66,-57.25,0.161207,55.00,601.753784,4530.93,0.000362,11140.00
17.000,5164.09,-56.55,0.194910,55.00,562.845154,4521.09,0.000315,11120.00
17.050,4569.29,-58.19,0.185258,55.00,685.252625,4190.66,0.000218,9825.00
17.100,5139.20,-57.43,0.183983,55.00,656.720764,4417.81,0.000267,11255.00
17.150,5756.96,-56.91,0.188311,55.00,497.475281,4665.36,0.000292,11765.00
17.200,5002.09,-58.32,0.181966,55.00,339.488251,4439.92,0.000208,11130.00
17.250,3757.56,-58.32,0.210836,55.00,772.560486,4176.30,0.000180,9015.00
17.300,3823.32,-56.34,0.325320,85.00,1227.313721,4491.48,0.000145,10230.00
17.350,4019.50,-57.37,0.361303,55.00,1259.794067,4584.32,0.000081,10460.00
17.400,4882.14,-57.93,0.254923,55.00,1037.248047,4834.30,0.000119,11370.00
17.450,5682.10,-58.83,0.126403,50.00,1082.207642,5012.25,0.000340,12000.00
17.500,5983.11,-59.29,0.111082,45.00,435.978577,5019.74,0.000362,12130.00
17.550,4030.31,-63.45,0.100767,40.00,342.766693,4460.27,0.000139,10330.00
17.600,4699.15,-60.11,0.122245,40.00,364.119385,4591.96,0.000260,11030.00
17.650,5071.58,-57.41,0.159635,40.00,434.364532,4739.41,0.000358,11335.00
17.700,4252.37,-59.14,0.161621,40.00,483.611847,4480.20,0.000229,10405.00
17.750,4302.38,-59.82,0.150442,40.00,545.902405,4402.80,0.000203,10040.00
17.800,5706.89,-57.84,0.151425,610.00,518.191162,4789.16,0.000321,11810.00
17.850,5102.02,-58.41,0.151809,40.00,441.483429,4697.28,0.000286,11265.00
17.900,3867.93,-59.45,0.151961,40.00,573.511963,4141.15,0.000237,9015.00
17.950,4132.25,-55.12,0.211413,220.00,850.890381,4010.11,0.000444,9250.00
18.000,4285.15,-55.09,0.210251,50.00,573.830872,4103.44,0.000432,9740.00
18.050,4471.09,-59.01,0.152946,50.00,811.881775,4579.34,0.000241,10865.00
18.100,5637.72,-59.47,0.152555,50.00,496.338776,5070.55,0.000190,12245.00
18.150,6166.95,-58.90,0.154822,50.00,279.443909,5039.29,0.000217,12145.00
18.200,4847.75,-62.25,0.147864,50.00,271.577362,4914.91,0.000090,11335.00
18.250,4628.89,-61.86,0.146348,50.00,282.153595,4514.65,0.000104,10825.00
18.300,5586.48,-57.44,0.176936,50.00,517.111938,4716.72,0.000276,11705.00
18.350,4992.41,-57.45,0.197703,50.00,509.299438,4530.94,0.000236,11140.00
18.400,4070.21,-58.43,0.201948,50.00,661.756775,4161.30,0.000179,9245.00
18.450,3781.26,-57.12,0.289262,45.00,1230.337646,4416.64,0.000142,10000.00
18.500,3915.24,-57.43,0.364859,60.00,1163.432251,4549.60,0.000077,10445.00
18.550,3701.92,-59.07,0.330998,50.00,1228.648438,4092.85,0.000055,8760.00
18.600,4317.61,-57.61,0.225366,50.00,1178.593994,4275.15,0.000180,10200.00
18.650,4993.42,-56.35,0.165571,50.00,849.980835,4560.57,0.000449,11140.00
18.700,4247.35,-58.68,0.148040,35.00,629.354126,4270.03,0.000284,10085.00
18.750,3397.34,-60.34,0.176859,35.00,722.871826,4219.84,0.000145,9530.00
18.800,3733.01,-58.66,0.314786,85.00,1286.811768,4794.95,0.000080,10780.00
18.850,3705.50,-60.66,0.350849,60.00,1250.054688,4848.49,0.000032,10720.00
18.900,2255.55,-65.08,0.280352,55.00,1035.269409,3797.33,0.000015,6090.00
18.950,3436.69,-58.92,0.295908,85.00,1384.009399,4602.16,0.000084,10320.00
19.000,3825.76,-57.18,0.368741,60.00,1133.433228,4684.68,0.000086,10490.00
19.050,4494.97,-57.27,0.325579,55.00,1277.579224,4763.65,0.000096,10995.00
19.100,4938.59,-57.57,0.208954,50.00,1176.818359,4779.81,0.000213,11235.00
19.150,5551.33,-57.48,0.154681,595.00,856.778381,4831.36,0.000369,11720.00
19.200,4543.46,-59.21,0.151489,30.00,505.971924,4549.13,0.000239,10600.00
19.250,3918.08,-57.66,0.178786,35.00,633.646179,4059.52,0.000293,9065.00
19.300,4230.61,-54.27,0.235181,220.00,803.199036,4027.68,0.000464,9540.00
19.350,4488.44,-55.26,0.193359,60.00,711.364563,4134.93,0.000462,9880.00
19.400,5004.28,-58.12,0.141605,55.00,695.916077,4446.43,0.000321,10405.00
19.450,6123.94,-57.95,0.138498,55.00,476.146759,4729.24,0.000344,11610.00
19.500,6347.09,-57.96,0.130206,55.00,274.319946,4642.66,0.000374,11620.00
19.550,5491.76,-59.85,0.120935,55.00,266.940765,4273.37,0.000263,10480.00
19.600,5579.00,-58.17,0.139225,55.00,352.318146,4404.16,0.000323,10885.00
19.650,5725.73,-56.04,0.167765,55.00,609.713440,4546.69,0.000440,11355.00
19.700,5190.89,-56.50,0.188797,55.00,588.576965,4396.22,0.000323,10685.00
19.750,5174.59,-57.01,0.173085,55.00,666.356628,4250.53,0.000325,10515.00
19.800,5708.04,-56.15,0.178528,55.00,551.320984,4470.00,0.000364,11270.00
19.850,5446.94,-56.55,0.186070,55.00,444.082001,4404.05,0.000301,11050.00
19.900,5061.23,-57.46,0.172009,55.00,641.386841,4134.70,0.000292,10280.00
19.950,4642.04,-57.91,0.163726,55.00,491.563843,4068.73,0.000305,9825.00
20.000,4163.53,-60.65,0.110230,425.00,568.877991,4005.92,0.000308,8920.00
20.050,3623.91,-65.47,0.057879,555.00,466.463409,3785.60,0.000260,7340.00
20.100,3448.43,-71.07,0.027437,640.00,235.648270,3802.94,0.000187,7635.00
20.150,3918.95,-77.34,0.005648,0.00,142.844696,4308.10,0.000351,10040.00
20.200,3097.27,-73.93,0.025341,390.00,140.434021,4360.57,0.000103,8730.00
20.250,3630.69,-63.88,0.102684,395.00,512.824036,4277.64,0.000152,9290.00
20.300,3957.24,-60.63,0.145475,615.00,478.246124,4053.71,0.000189,9135.00
20.350,4149.98,-61.54,0.125888,610.00,515.540710,3787.63,0.000191,8920.00
20.400,4335.58,-62.81,0.094880,420.00,489.836456,4006.45,0.000224,9495.00
20.450,4627.97,-63.90,0.090309,420.00,397.762299,4297.77,0.000167,9860.00
20.500,4576.14,-66.18,0.073640,420.00,258.000671,4477.89,0.000119,10590.00
20.550,4654.18,-67.88,0.067214,210.00,267.912842,4584.30,0.000085,11125.00
20.600,4616.25,-63.72,0.107665,415.00,444.990723,4385.86,0.000126,11125.00
20.650,4966.05,-62.27,0.134310,410.00,443.810822,4299.35,0.000126,11250.00
20.700,5155.06,-63.44,0.109476,405.00,462.588593,4385.33,0.000135,11320.00
20.750,5056.96,-63.02,0.085557,405.00,404.760803,4427.49,0.000228,11400.00
20.800,5017.44,-63.22,0.076026,405.00,195.898239,4395.22,0.000264,11195.00
20.850,4888.35,-66.31,0.032322,390.00,348.203033,4055.41,0.000500,10455.00
20.900,5081.47,-60.67,0.074988,3450.00,319.928741,3943.51,0.000553,10365.00
20.950,5352.79,-60.57,0.068485,105.00,129.004578,4069.80,0.000649,10555.00
21.000,6585.56,-65.28,0.025095,105.00,310.499115,4232.42,0.000958,12020.00
21.050,6283.11,-68.86,0.014118,3560.00,101.309326,4100.21,0.000987,11320.00
21.100,5660.92,-67.58,0.021357,2815.00,75.748383,4130.68,0.000671,11105.00
21.150,5069.42,-69.02,0.022487,2420.00,64.820305,3993.54,0.000437,10715.00
21.200,4800.43,-72.26,0.014328,195.00,90.215996,4299.36,0.000393,11055.00
21.250,6011.64,-63.21,0.050939,195.00,252.647430,4485.18,0.000484,11850.00
21.300,6072.13,-59.75,0.098623,425.00,373.450043,4423.88,0.000406,11770.00
21.350,6280.66,-61.26,0.103129,425.00,312.536377,4531.81,0.000257,11970.00
21.400,5504.78,-63.13,0.076449,425.00,338.668793,4535.02,0.000273,11525.00
21.450,5171.92,-62.11,0.095694,420.00,348.900146,4396.25,0.000243,11155.00
21.500,4192.32,-61.92,0.114147,425.00,405.490051,4095.75,0.000197,9660.00
21.550,3781.15,-61.86,0.118204,965.00,523.928833,3905.45,0.000197,8490.00
21.600,3356.11,-63.17,0.121166,960.00,502.323242,3428.65,0.000141,6230.00
21.650,3422.00,-64.74,0.115952,860.00,494.259216,3319.03,0.000092,6745.00
21.700,3927.28,-63.94,0.101830,640.00,441.393494,3784.99,0.000138,9150.00
21.750,4606.37,-64.03,0.079723,410.00,393.732208,4123.33,0.000204,9905.00
21.800,5140.15,-65.83,0.054307,200.00,320.967346,4013.12,0.000237,10560.00
21.850,4561.59,-67.47,0.060169,200.00,196.045380,3531.15,0.000120,8820.00
21.900,4970.43,-63.96,0.087837,415.00,374.608826,3903.37,0.000163,10235.00
21.950,4965.95,-62.75,0.122042,410.00,385.178711,4002.08,0.000121,10315.00
22.000,4426.71,-64.68,0.110941,410.00,399.337830,3822.95,0.000084,9305.00
22.050,3753.01,-68.12,0.063895,405.00,421.082794,3686.18,0.000100,8660.00
22.100,3757.35,-66.73,0.079462,395.00,285.736206,3765.54,0.000107,8720.00
22.150,3963.96,-68.47,0.053733,395.00,186.002167,3963.65,0.000119,9265.00
22.200,5392.02,-64.83,0.035556,1830.00,296.347168,4499.11,0.000645,11220.00
22.250,5473.38,-63.06,0.044469,1835.00,90.402855,4447.51,0.000694,11190.00
22.300,5904.11,-67.34,0.019073,1835.00,176.418076,4298.91,0.000883,11090.00
22.350,6320.76,-70.33,0.011454,1840.00,83.978416,3840.51,0.000898,11100.00
22.400,6373.74,-69.34,0.013588,1820.00,35.716042,3798.73,0.000815,11060.00
22.450,6140.60,-71.87,0.008706,1820.00,43.280968,3987.24,0.000928,11035.00
22.500,8105.50,-67.93,0.012510,8720.00,57.458786,4149.27,0.001802,12765.00
22.550,7678.66,-58.16,0.066800,430.00,351.471039,4298.71,0.001383,12605.00
22.600,6018.30,-56.79,0.136413,415.00,566.610657,4518.46,0.000571,11715.00
22.650,4356.86,-61.79,0.133257,420.00,398.421875,4130.59,0.000153,9915.00
22.700,5002.94,-65.33,0.103009,420.00,443.819702,4467.34,0.000092,11780.00
22.750,5094.08,-64.97,0.096897,420.00,381.358612,4529.63,0.000116,11700.00
22.800,5016.00,-66.29,0.066281,410.00,312.917633,4648.91,0.000187,11515.00
22.850,7168.98,-59.99,0.055329,200.00,385.800568,4018.80,0.001444,12120.00
22.900,6424.36,-56.45,0.100512,475.00,406.273132,4123.74,0.001315,11580.00
22.950,4485.75,-58.90,0.124305,650.00,508.110992,4096.81,0.000419,9695.00
23.000,3352.76,-64.57,0.129036,645.00,558.816284,3878.97,0.000075,9015.00
23.050,3748.49,-66.77,0.104018,635.00,412.836273,4154.11,0.000059,9500.00
23.100,4247.37,-67.17,0.087148,410.00,489.914825,4319.94,0.000066,9560.00
23.150,5732.69,-62.29,0.079049,410.00,324.700836,4244.87,0.000276,10845.00
23.200,7241.84,-58.45,0.076601,410.00,385.534393,4053.30,0.000926,12075.00
23.250,6610.95,-58.34,0.095657,425.00,366.387360,4413.51,0.000652,12075.00
23.300,4817.12,-61.43,0.125562,425.00,489.065979,4372.01,0.000176,11080.00
23.350,4771.22,-63.56,0.118844,445.00,492.790161,4408.56,0.000114,11355.00
23.400,4815.23,-64.29,0.114555,450.00,532.219788,4302.50,0.000099,11075.00
23.450,5040.69,-64.24,0.109178,455.00,449.221649,4303.88,0.000096,11115.00
23.500,5205.00,-64.12,0.087523,455.00,354.945862,4557.55,0.000157,11270.00
23.550,5216.01,-65.42,0.074638,440.00,402.545074,4731.41,0.000139,11410.00
23.600,5329.00,-64.81,0.089627,435.00,301.233185,4679.96,0.000122,11055.00
23.650,5041.75,-65.20,0.076773,435.00,325.256683,4591.06,0.000143,10280.00
23.700,5351.73,-65.01,0.067518,210.00,318.629456,4578.58,0.000189,11185.00
23.750,5757.42,-61.15,0.081472,210.00,262.915314,4196.40,0.000397,11110.00
23.800,6559.19,-62.14,0.050265,200.00,272.897644,4113.79,0.000740,11865.00
23.850,6208.27,-67.24,0.020407,445.00,241.650208,4472.61,0.000991,12040.00
23.900,4630.73,-62.04,0.090845,445.00,470.547424,4315.80,0.000322,10085.00
23.950,4248.81,-60.94,0.135895,630.00,430.281708,3994.69,0.000217,9565.00
24.000,3980.07,-64.48,0.118389,620.00,525.504456,3647.41,0.000095,8890.00
24.050,4495.94,-65.41,0.081932,615.00,403.172668,4114.36,0.000128,9935.00
24.100,5396.57,-64.20,0.082678,410.00,374.132751,4666.82,0.000173,11790.00
24.150,5623.99,-64.03,0.101420,410.00,244.773483,4729.31,0.000125,11955.00
24.200,5382.57,-65.89,0.067781,405.00,332.923462,4660.86,0.000151,11445.00
24.250,4445.96,-64.55,0.087545,200.00,396.869934,4014.40,0.000172,9530.00
24.300,4562.84,-62.65,0.120241,610.00,345.271729,4083.02,0.000159,9690.00
24.350,4942.12,-63.83,0.106673,610.00,392.630646,4408.35,0.000121,11080.00
24.400,4537.61,-64.72,0.099884,610.00,389.168274,4382.46,0.000108,10470.00
24.450,4346.14,-65.78,0.084582,595.00,377.345490,4401.73,0.000099,10120.00
24.500,3765.48,-69.12,0.058451,390.00,336.161896,4355.89,0.000073,9625.00
24.550,3475.80,-70.21,0.056600,170.00,284.856323,4113.95,0.000050,9200.00
24.600,4210.26,-63.93,0.100501,425.00,447.270233,4149.15,0.000125,9820.00
24.650,4707.08,-62.09,0.127424,430.00,435.218567,4284.16,0.000141,10700.00
24.700,5270.27,-64.12,0.106485,435.00,397.529663,4469.58,0.000110,11530.00
24.750,5133.50,-64.96,0.074184,420.00,433.106842,4553.67,0.000183,11605.00
24.800,5411.59,-63.60,0.102119,410.00,408.171478,4550.40,0.000137,11680.00
24.850,6544.02,-59.98,0.100413,410.00,317.759979,4393.96,0.000353,11890.00
24.900,7669.01,-57.41,0.086030,410.00,443.941620,4421.41,0.001024,12675.00
24.950,5815.26,-57.96,0.110022,640.00,464.899811,4801.23,0.000597,12070.00
25.000,3497.03,-62.89,0.117626,1410.00,415.332001,3773.57,0.000145,7855.00
25.050,2934.94,-67.51,0.090125,1415.00,377.763580,3438.07,0.000060,5690.00
25.100,2919.21,-67.56,0.084498,1205.00,379.982819,3396.50,0.000063,5365.00
25.150,3262.43,-64.57,0.105610,1190.00,331.390778,3355.54,0.000102,5380.00
25.200,4131.34,-63.13,0.078786,1190.00,369.646545,3859.65,0.000279,9405.00
25.250,4333.63,-58.31,0.143766,115.00,777.890320,4470.93,0.000332,10690.00
25.300,3972.81,-57.28,0.307022,60.00,1310.540771,4704.55,0.000110,10760.00
25.350,3820.43,-60.94,0.356256,55.00,1235.390503,4926.89,0.000026,10870.00
25.400,2703.96,-65.70,0.244119,55.00,1041.799438,4128.91,0.000014,8045.00
25.450,5620.03,-60.24,0.149806,50.00,1130.009766,5043.77,0.000153,11855.00
25.500,6148.28,-60.04,0.146641,40.00,539.965271,5036.36,0.000160,12090.00
25.550,3746.35,-64.25,0.148692,40.00,346.093109,4518.05,0.000050,10120.00
25.600,4102.65,-59.69,0.181441,40.00,476.775146,4400.13,0.000151,10330.00
25.650,4839.75,-56.90,0.210002,40.00,541.374207,4511.34,0.000251,10905.00
25.700,4653.91,-59.30,0.172976,40.00,506.592834,4276.48,0.000169,10330.00
25.750,5130.26,-58.65,0.148249,40.00,521.080200,4089.52,0.000252,10140.00
25.800,6478.31,-55.54,0.164700,40.00,408.306335,4088.28,0.000500,11415.00
25.850,6383.16,-57.46,0.150457,40.00,275.521851,4241.59,0.000329,11515.00
25.900,4480.87,-60.05,0.145963,40.00,450.418549,4355.01,0.000181,10225.00
25.950,4158.86,-55.26,0.221666,40.00,873.729980,4025.70,0.000373,9415.00
26.000,4124.93,-55.57,0.211052,55.00,617.018738,3985.67,0.000369,9165.00
26.050,3641.61,-61.83,0.146075,50.00,872.018188,3912.82,0.000116,8340.00
26.100,4919.85,-61.22,0.135276,50.00,376.698395,4899.53,0.000158,11550.00
26.150,5238.17,-58.82,0.159630,50.00,376.065399,4990.27,0.000246,11725.00
26.200,4177.46,-60.96,0.147640,50.00,327.873413,4542.72,0.000155,10570.00
26.250,3780.10,-61.50,0.146918,50.00,320.824951,4275.86,0.000170,9845.00
26.300,5149.14,-58.19,0.159743,50.00,381.434204,4873.13,0.000348,11595.00
26.350,4702.50,-59.32,0.156561,50.00,377.286102,4729.43,0.000252,11135.00
26.400,3031.88,-63.51,0.151325,50.00,431.646545,4005.45,0.000077,7955.00
26.450,3690.11,-59.96,0.268424,50.00,1217.567017,4794.36,0.000075,10760.00
26.500,3868.73,-59.79,0.364870,60.00,1198.922119,4935.44,0.000039,10975.00
26.550,2896.46,-64.44,0.313497,55.00,1158.608032,4317.18,0.000012,8770.00
26.600,4452.91,-59.83,0.180834,50.00,1229.975464,4723.61,0.000123,10995.00
26.650,4989.49,-56.89,0.151013,40.00,800.795532,4765.98,0.000440,11250.00
26.700,4214.27,-60.23,0.132427,35.00,524.259399,4564.05,0.000221,10490.00
26.750,3064.94,-61.39,0.181463,35.00,689.000305,4019.98,0.000106,8675.00
26.800,3542.67,-57.92,0.323066,85.00,1266.091431,4515.20,0.000094,10080.00
26.850,3604.43,-60.59,0.351751,55.00,1275.359863,4735.89,0.000032,10515.00
26.900,2290.90,-65.38,0.279574,55.00,1068.511353,3912.12,0.000015,6575.00
26.950,3277.41,-59.21,0.289213,85.00,1373.718262,4532.27,0.000090,10065.00
27.000,3371.45,-58.16,0.367784,60.00,1151.426514,4469.39,0.000069,9950.00
27.050,2815.04,-61.73,0.325210,55.00,1273.221069,3804.69,0.000029,6580.00
27.100,4267.22,-60.16,0.192395,50.00,1165.693726,4636.47,0.000117,10900.00
27.150,5765.43,-58.56,0.129386,30.00,852.674561,5028.67,0.000381,11975.00
27.200,4421.92,-61.68,0.129902,30.00,397.584442,4778.10,0.000156,11020.00
27.250,3399.32,-58.94,0.173342,35.00,634.829956,3732.83,0.000214,7490.00
27.300,4110.61,-54.64,0.231570,220.00,719.460449,3982.18,0.000421,9255.00
27.350,4380.91,-56.99,0.154734,60.00,732.827881,4068.89,0.000433,9845.00
27.400,3675.82,-63.20,0.081352,60.00,653.142822,3950.78,0.000261,8365.00
27.450,5016.48,-58.64,0.120870,55.00,464.009399,4711.70,0.000466,11310.00
27.500,5035.20,-58.35,0.137492,55.00,357.139008,4767.21,0.000393,11415.00
27.550,3432.73,-62.65,0.123618,55.00,423.238831,4110.79,0.000145,8805.00
27.600,4381.54,-60.03,0.126977,55.00,369.081116,4600.67,0.000290,10920.00
27.650,5406.43,-57.70,0.122224,55.00,384.545105,4823.39,0.000561,11620.00
27.700,5843.82,-58.44,0.096124,55.00,359.079132,4828.20,0.000648,11810.00
27.750,6793.53,-57.65,0.090881,55.00,342.120026,4574.50,0.000863,12110.00
27.800,6406.03,-58.19,0.095633,55.00,273.145233,4745.16,0.000695,12005.00
27.850,5735.62,-60.38,0.083925,55.00,243.070099,4801.58,0.000475,11810.00
27.900,3491.06,-63.19,0.100195,55.00,380.353424,4102.99,0.000177,8595.00
27.950,3725.25,-57.55,0.270221,90.00,1234.919189,4475.50,0.000146,10015.00
28.000,3569.88,-57.37,0.373833,55.00,1269.640869,4470.45,0.000082,10015.00
28.050,4344.52,-57.89,0.313512,55.00,1160.754028,4689.91,0.000083,11010.00
28.100,4571.75,-57.94,0.185364,50.00,1160.444580,4585.22,0.000233,11010.00
28.150,5297.02,-58.22,0.138945,45.00,747.497986,4789.43,0.000341,11590.00
28.200,4915.97,-62.28,0.111005,40.00,455.392761,4876.65,0.000152,11380.00
28.250,3936.34,-62.65,0.126387,40.00,337.161438,4422.31,0.000131,10265.00
28.300,4887.53,-57.97,0.166299,40.00,470.500671,4681.51,0.000310,11175.00
28.350,4474.72,-58.60,0.168071,40.00,528.254639,4434.94,0.000247,10675.00
28.400,3258.12,-62.10,0.160291,40.00,477.130463,3612.92,0.000103,6400.00
28.450,4871.54,-58.34,0.145838,40.00,455.948578,4576.00,0.000307,11170.00
28.500,6041.69,-57.24,0.132600,40.00,460.227112,4484.72,0.000449,11600.00
28.550,5581.32,-57.06,0.143572,40.00,354.569977,4058.95,0.000438,10375.00
28.600,4259.25,-56.04,0.194554,40.00,731.300232,4064.24,0.000370,9470.00
28.650,4277.66,-54.93,0.226207,220.00,679.219421,4047.27,0.000381,9640.00
28.700,3984.97,-58.94,0.164046,55.00,800.604797,3988.37,0.000216,9020.00
28.750,4039.91,-61.52,0.134797,50.00,552.676331,4362.50,0.000158,10120.00
28.800,5933.52,-57.83,0.131937,50.00,439.297821,4803.97,0.000441,11730.00
28.850,6237.34,-57.88,0.108247,50.00,390.954590,4575.39,0.000599,11640.00
28.900,4872.54,-60.28,0.102545,50.00,330.329163,4463.17,0.000389,10785.00
28.950,5278.17,-58.23,0.133975,50.00,418.425446,4781.99,0.000435,11670.00
29.000,5514.17,-58.96,0.120594,50.00,234.257843,4873.17,0.000397,11790.00
29.050,4547.21,-61.54,0.089178,50.00,392.467560,4447.46,0.000298,10365.00
29.100,3816.47,-57.73,0.219130,145.00,1028.104614,4386.06,0.000208,9915.00
29.150,3752.32,-57.61,0.345144,60.00,1235.761597,4666.90,0.000090,10515.00
29.200,3215.60,-61.27,0.343931,55.00,1266.917236,4353.81,0.000028,9385.00
29.250,3408.25,-62.10,0.230173,50.00,1132.001831,4311.98,0.000045,9515.00
29.300,5196.51,-58.75,0.169709,50.00,899.055298,4970.40,0.000219,11630.00
29.350,4652.37,-59.74,0.167558,40.00,581.745483,4849.82,0.000174,11125.00
29.400,2914.86,-62.46,0.177820,35.00,644.032166,3853.21,0.000107,7200.00
29.450,3697.40,-57.43,0.275478,85.00,1218.868164,4483.30,0.000186,9955.00
29.500,4303.43,-57.12,0.351841,60.00,1277.261841,4708.95,0.000109,10535.00
29.550,3404.38,-62.06,0.309883,55.00,1147.121338,4407.03,0.000028,9240.00
29.600,3004.80,-59.88,0.272049,50.00,1351.902588,4183.21,0.000080,8940.00
29.650,3516.76,-57.59,0.357226,60.00,1180.968872,4481.21,0.000085,10040.00
29.700,4355.14,-59.05,0.344928,55.00,1321.544556,4886.12,0.000049,11140.00
29.750,4964.31,-58.45,0.236422,50.00,1117.320557,4858.62,0.000126,11435.00
29.800,5103.47,-57.71,0.157046,50.00,983.219666,4733.50,0.000345,11345.00
29.850,4908.72,-59.51,0.132104,30.00,561.423401,4697.72,0.000267,11155.00
29.900,3365.33,-61.39,0.148217,35.00,460.570526,3721.99,0.000142,7345.00
29.950,4074.63,-55.15,0.231098,405.00,890.770935,3994.96,0.000377,9135.00
30.000,4909.51,-53.64,0.218536,55.00,614.956421,4469.67,0.000604,11075.00
30.050,6062.39,-55.58,0.154444,50.00,919.722473,4869.05,0.000583,12160.00
30.100,5611.83,-56.88,0.167855,50.00,537.959351,4624.49,0.000369,11225.00
30.150,4999.62,-57.18,0.185287,50.00,420.240692,4649.73,0.000297,11105.00
30.200,4260.88,-59.40,0.163440,50.00,478.496246,4327.97,0.000190,9920.00
30.250,4040.26,-60.64,0.139624,50.00,433.201843,4184.14,0.000181,9725.00
30.300,5019.59,-57.88,0.139312,50.00,423.387848,4661.59,0.000399,11255.00
30.350,4380.96,-58.78,0.146761,50.00,439.514587,4535.97,0.000294,10755.00
30.400,3269.69,-61.76,0.143266,50.00,438.965942,3770.06,0.000140,7440.00
30.450,5333.92,-58.82,0.147382,50.00,476.981659,4749.56,0.000238,11590.00
30.500,5706.33,-58.24,0.153405,50.00,290.459656,4786.81,0.000256,11700.00
30.550,3899.28,-61.21,0.153539,50.00,351.063843,4094.53,0.000148,9025.00
30.600,3419.12,-59.13,0.231783,45.00,1046.446533,4328.14,0.000166,9475.00
30.650,3874.57,-58.29,0.349038,60.00,1172.292603,4862.59,0.000089,10860.00
30.700,3771.74,-61.02,0.331884,55.00,1206.504272,4658.46,0.000037,10125.00
30.750,4662.29,-60.03,0.195458,50.00,1105.997803,4434.37,0.000094,10285.00
30.800,6316.86,-55.53,0.167067,45.00,978.643188,4405.78,0.000478,11445.00
30.850,6385.47,-55.54,0.165243,40.00,453.930817,4362.97,0.000495,11455.00
30.900,5037.11,-59.59,0.147767,40.00,446.692841,4542.26,0.000194,10715.00
30.950,4498.59,-58.34,0.178116,40.00,495.644501,4605.00,0.000232,10975.00
31.000,4350.41,-57.14,0.189048,40.00,444.956940,4406.30,0.000298,10555.00
31.050,3830.56,-59.60,0.166794,40.00,533.417236,3950.74,0.000187,8815.00
31.100,4966.59,-60.20,0.140876,40.00,418.193146,4622.90,0.000183,11225.00
31.150,6776.74,-59.31,0.137683,40.00,327.115631,4845.50,0.000219,12210.00
31.200,6590.74,-57.07,0.149991,40.00,308.228912,4316.07,0.000376,11725.00
31.250,5008.17,-55.11,0.189775,40.00,668.146667,4201.01,0.000461,10280.00
31.300,4128.77,-54.53,0.240490,40.00,809.952637,3975.45,0.000394,9250.00
31.350,4105.92,-56.82,0.186437,50.00,746.374695,4012.95,0.000316,9420.00
31.400,3360.41,-63.42,0.142661,50.00,731.871277,3931.09,0.000076,8090.00
31.450,5320.41,-59.45,0.148722,50.00,376.210663,4861.21,0.000204,11585.00
31.500,5387.55,-58.63,0.158224,50.00,349.372131,4816.83,0.000240,11530.00
31.550,3868.67,-61.69,0.146231,50.00,413.721100,4295.92,0.000129,9705.00
31.600,4480.28,-59.46,0.147555,50.00,397.819519,4589.75,0.000251,10855.00
31.650,5464.62,-57.42,0.148615,50.00,353.180206,4763.71,0.000390,11650.00
31.700,4939.11,-60.47,0.134893,50.00,364.537598,4619.96,0.000173,11120.00
31.750,3378.01,-61.91,0.172733,50.00,620.448669,4324.26,0.000118,9335.00
31.800,3895.70,-58.51,0.314285,60.00,1226.987183,4851.55,0.000102,10875.00
31.850,3768.29,-60.67,0.363112,55.00,1253.100708,4885.77,0.000036,10800.00
31.900,2902.62,-63.63,0.270619,50.00,1131.828247,4052.29,0.000022,8150.00
31.950,4399.18,-57.91,0.182437,50.00,1184.220215,4589.67,0.000275,10825.00
32.000,4551.70,-57.51,0.157998,40.00,642.322815,4607.96,0.000408,10910.00
32.050,3432.18,-62.01,0.132966,35.00,568.726440,4110.39,0.000150,8830.00
32.100,3166.12,-59.77,0.229039,35.00,999.073425,4224.69,0.000115,9140.00
32.150,3578.05,-58.10,0.346858,60.00,1244.276367,4608.32,0.000078,10345.00
32.200,3380.74,-62.12,0.332866,55.00,1266.188477,4625.44,0.000022,10040.00
32.250,2986.19,-61.08,0.263260,50.00,1122.005981,4067.22,0.000055,8470.00
32.300,3552.48,-57.31,0.329492,85.00,1349.139404,4409.67,0.000108,9955.00
32.350,3489.39,-58.96,0.364494,55.00,1328.943604,4415.00,0.000050,9785.00
32.400,3149.16,-61.57,0.277683,55.00,1106.575806,3968.82,0.000037,7970.00
32.450,4739.77,-58.04,0.162096,50.00,1141.750610,4654.70,0.000280,11110.00
32.500,5492.73,-58.87,0.123875,30.00,628.652283,4909.91,0.000355,11685.00
32.550,3714.56,-60.83,0.131054,30.00,429.743225,4058.77,0.000199,8875.00
32.600,3788.72,-56.06,0.204390,35.00,765.717773,3867.71,0.000376,8290.00
32.650,4205.41,-54.61,0.220954,220.00,634.534790,4032.43,0.000475,9405.00
32.700,4201.76,-59.10,0.122714,60.00,826.789429,4066.80,0.000361,9560.00
32.750,4138.16,-62.05,0.095275,60.00,498.490967,4449.70,0.000257,10345.00
32.800,5442.10,-58.34,0.132942,55.00,446.553619,4889.24,0.000391,11650.00
32.850,4888.27,-59.35,0.134511,55.00,403.954559,4755.88,0.000281,11180.00
32.900,3229.83,-62.85,0.129010,55.00,453.670319,3899.44,0.000150,7600.00
32.950,5121.75,-57.92,0.129277,55.00,421.601776,4634.79,0.000522,11185.00
33.000,6265.98,-56.23,0.116064,55.00,410.327881,4533.18,0.000948,11615.00
33.050,6540.88,-57.60,0.091939,55.00,352.114075,4278.76,0.000850,11545.00
33.100,5600.85,-58.90,0.089889,55.00,321.280518,4481.82,0.000642,11315.00
33.150,5803.47,-57.98,0.103884,55.00,267.303284,4680.60,0.000653,11710.00
33.200,5053.06,-61.12,0.081653,55.00,275.740021,4599.58,0.000401,11140.00
33.250,3307.18,-61.93,0.141572,50.00,662.955566,4262.16,0.000153,9115.00
33.300,3726.09,-57.94,0.310664,85.00,1214.447876,4673.91,0.000104,10455.00
33.350,4520.77,-56.43,0.358471,55.00,1213.931641,4588.86,0.000096,10570.00
33.400,5506.57,-55.93,0.255146,55.00,1062.506836,4455.66,0.000193,11130.00
33.450,5332.52,-57.23,0.154527,50.00,1074.588501,4592.01,0.000363,11310.00
33.500,5596.73,-59.53,0.134356,45.00,553.399719,4951.10,0.000235,11890.00
33.550,4186.98,-62.37,0.117285,40.00,389.613373,4352.31,0.000137,10225.00
33.600,4786.52,-57.61,0.147982,40.00,467.362274,4345.38,0.000358,10610.00
33.650,4942.51,-56.87,0.171522,40.00,416.434479,4570.30,0.000350,11015.00
33.700,4296.85,-60.39,0.136027,40.00,444.887360,4471.14,0.000205,10350.00
33.750,4931.63,-58.59,0.132999,40.00,471.285126,4106.50,0.000359,9810.00
33.800,5395.38,-56.38,0.156355,40.00,368.710938,4511.97,0.000477,11170.00
33.850,5138.71,-60.03,0.131282,40.00,396.562927,4892.48,0.000226,11615.00
33.900,3411.28,-62.88,0.126501,40.00,306.731873,3894.05,0.000122,7935.00
33.950,4043.81,-55.73,0.214298,40.00,897.520813,3956.71,0.000365,9035.00
34.000,4254.29,-55.39,0.212176,50.00,540.161316,3990.09,0.000395,9445.00
34.050,3645.23,-60.85,0.135865,50.00,825.920532,3868.70,0.000179,8345.00
34.100,5139.40,-60.73,0.104757,50.00,445.868164,4861.34,0.000287,11610.00
34.150,6077.62,-58.19,0.120670,50.00,361.775116,4915.20,0.000453,12020.00
34.200,4982.25,-60.76,0.108953,50.00,282.123047,4798.01,0.000263,11410.00
34.250,4263.36,-60.76,0.121212,50.00,388.383942,4505.41,0.000225,10690.00
34.300,4809.70,-57.38,0.165417,50.00,491.582855,4659.40,0.000343,11160.00
34.350,4580.88,-58.86,0.131710,50.00,409.742096,4530.36,0.000354,10860.00
34.400,3228.25,-63.20,0.107857,145.00,497.024261,3926.93,0.000160,8350.00
34.450,3451.74,-58.23,0.270781,85.00,1230.270996,4360.47,0.000126,9735.00
34.500,3579.53,-58.33,0.362549,60.00,1272.569458,4565.05,0.000063,10240.00
34.550,2891.19,-63.80,0.309773,55.00,1203.477539,4242.36,0.000015,8595.00
34.600,4253.86,-60.21,0.181384,50.00,1186.876343,4713.82,0.000133,10915.00
34.650,4529.59,-57.24,0.190998,40.00,748.073181,4643.17,0.000300,10990.00
34.700,3683.89,-59.84,0.168995,35.00,560.381287,4214.22,0.000183,9585.00
34.750,2949.44,-62.02,0.172190,35.00,785.499390,4030.59,0.000101,8205.00
34.800,3636.52,-57.62,0.311807,85.00,1246.178101,4536.86,0.000112,10185.00
34.850,3669.17,-58.77,0.350106,55.00,1218.089111,4487.30,0.000057,10045.00
34.900,2734.74,-62.84,0.279986,55.00,1057.690918,3918.05,0.000029,7420.00
34.950,3378.96,-58.91,0.295888,85.00,1355.239990,4537.65,0.000087,10130.00
35.000,3670.41,-58.96,0.369514,60.00,1164.290283,4773.99,0.000051,10585.00
35.050,3181.04,-61.50,0.317568,55.00,1253.858032,4207.90,0.000030,8745.00
35.100,4531.72,-57.10,0.202363,50.00,1192.250610,4508.47,0.000258,10920.00
35.150,4922.42,-56.50,0.167149,30.00,821.553955,4633.50,0.000438,11150.00
35.200,3987.63,-60.86,0.140017,30.00,489.571259,4436.65,0.000177,10295.00
35.250,3385.28,-59.47,0.157600,35.00,557.058960,3718.61,0.000226,7395.00
35.300,3928.25,-54.66,0.243792,220.00,834.461853,3903.59,0.000393,8795.00
35.350,4082.40,-55.88,0.196583,55.00,724.604980,4026.28,0.000394,9255.00
35.400,4077.71,-59.46,0.147793,50.00,812.209778,4020.29,0.000214,8940.00
35.450,5021.10,-57.45,0.168744,50.00,442.878693,4530.69,0.000290,11060.00
35.500,5078.54,-57.89,0.168545,50.00,353.569672,4756.16,0.000259,11305.00
35.550,3435.64,-61.79,0.146890,50.00,483.309875,4007.34,0.000150,8350.00
35.600,4396.49,-59.66,0.137612,50.00,412.642365,4522.91,0.000344,10840.00
35.650,5476.45,-57.97,0.132224,50.00,391.096771,4862.33,0.000574,11685.00
35.700,4243.82,-60.18,0.129369,50.00,398.562408,4507.16,0.000316,10685.00
35.750,4016.05,-60.19,0.145137,50.00,437.243958,4295.40,0.000193,10360.00
35.800,5564.96,-57.67,0.154227,50.00,366.360321,4734.84,0.000307,11650.00
35.850,5609.32,-59.99,0.140993,50.00,306.727112,4865.67,0.000181,11735.00
35.900,2902.88,-64.68,0.145238,50.00,374.643005,4017.26,0.000057,7755.00
35.950,3525.40,-59.72,0.272546,85.00,1231.153076,4686.99,0.000074,10555.00
36.000,3758.59,-59.15,0.359946,60.00,1165.486572,4815.45,0.000047,10710.00
36.050,3090.99,-63.28,0.290690,55.00,1098.610596,4271.29,0.000020,8780.00
36.100,4601.54,-60.46,0.160568,50.00,1130.024292,4777.28,0.000140,11170.00
36.150,5679.41,-58.61,0.131587,45.00,639.971191,5002.43,0.000351,11935.00
36.200,4558.38,-61.30,0.107179,40.00,422.500854,4672.70,0.000241,10990.00
36.250,4400.17,-59.69,0.118104,40.00,337.602325,4149.33,0.000312,9800.00
36.300,4969.96,-57.02,0.165506,40.00,549.978394,4624.67,0.000375,11130.00
36.350,4500.96,-59.08,0.162605,40.00,472.723663,4600.54,0.000228,10850.00
36.400,3663.76,-62.64,0.126626,40.00,461.534332,4124.95,0.000173,9315.00
36.450,5863.91,-59.74,0.114445,40.00,409.687622,4986.06,0.000408,11995.00
36.500,6736.64,-58.19,0.117069,40.00,284.053101,4951.64,0.000577,12335.00
36.550,7059.18,-56.58,0.121697,40.00,347.653107,4757.80,0.000736,12360.00
36.600,5090.18,-54.49,0.187212,40.00,783.524658,4454.41,0.000612,10915.00
36.650,4122.28,-54.77,0.233548,220.00,665.257385,3960.48,0.000404,9180.00
36.700,3771.75,-58.81,0.162105,55.00,826.921936,3860.68,0.000246,8535.00
36.750,3970.28,-62.30,0.135627,50.00,600.232361,4397.83,0.000120,10190.00
36.800,5380.71,-57.80,0.158586,50.00,398.894501,4756.74,0.000317,11590.00
36.850,4730.77,-58.45,0.159303,50.00,312.151367,4529.39,0.000259,10870.00
36.900,3388.13,-62.98,0.151221,50.00,379.156647,3913.32,0.000086,7935.00
36.950,5486.16,-59.60,0.148075,50.00,299.047363,4922.79,0.000215,11780.00
37.000,6096.39,-59.51,0.136962,50.00,249.703110,4951.41,0.000236,12090.00
37.050,4097.75,-62.72,0.129669,50.00,278.995331,4370.71,0.000106,10040.00
37.100,3451.26,-60.57,0.219458,50.00,1004.452087,4530.15,0.000087,10170.00
37.150,3794.33,-58.56,0.350380,60.00,1141.551392,4818.68,0.000064,10725.00
37.200,3148.83,-60.54,0.356063,55.00,1293.657959,4341.14,0.000035,9080.00
37.250,3423.63,-62.53,0.241205,50.00,1110.015503,4435.61,0.000053,9815.00
37.300,5186.02,-58.62,0.159529,50.00,893.704285,5035.21,0.000348,11695.00
37.350,4256.66,-59.27,0.167657,40.00,605.125244,4707.49,0.000274,10900.00
37.400,2886.99,-62.73,0.153639,35.00,598.722229,3841.04,0.000098,7320.00
37.450,3577.63,-59.17,0.275289,90.00,1210.075439,4680.94,0.000092,10510.00
37.500,3708.68,-58.87,0.356053,60.00,1220.103149,4738.01,0.000059,10525.00
37.550,2891.48,-62.77,0.310233,55.00,1170.565918,4178.59,0.000023,8515.00
37.600,3135.26,-60.07,0.263715,50.00,1290.818848,4322.27,0.000081,9365.00
37.650,3492.12,-57.48,0.357394,60.00,1190.962524,4452.33,0.000092,9945.00
37.700,3091.76,-60.29,0.348832,55.00,1310.842163,4101.98,0.000037,8525.00
37.750,3621.26,-61.82,0.221910,50.00,1136.275635,4321.73,0.000049,9810.00
37.800,5010.59,-57.79,0.155425,50.00,1039.209229,4746.69,0.000310,11305.00
37.850,4495.67,-59.19,0.156646,30.00,522.590515,4678.61,0.000215,10915.00
37.900,3235.48,-62.29,0.132317,35.00,541.331299,3892.91,0.002034,7610.00
37.950,4036.16,-55.60,0.218985,35.00,899.004333,4036.78,0.005397,9150.00
38.000,4137.49,-55.23,0.223187,60.00,607.762878,4061.47,0.004176,9535.00
38.050,3547.07,-61.00,0.143730,55.00,891.924561,3867.26,0.000335,8125.00
38.100,5121.45,-60.10,0.120680,55.00,402.291168,4760.91,0.000372,11360.00
38.150,5519.62,-57.13,0.135789,55.00,356.307343,4739.32,0.000718,11585.00
38.200,4401.78,-59.45,0.136919,55.00,417.602081,4395.06,0.000373,10440.00
38.250,4056.47,-61.11,0.135346,55.00,371.920532,4330.39,0.000182,10320.00
38.300,5690.23,-57.87,0.135669,55.00,381.005829,4810.06,0.000420,11820.00
38.350,5645.56,-59.21,0.122477,55.00,310.060944,4824.85,0.000323,11820.00
38.400,4395.37,-63.15,0.115722,55.00,295.474548,4282.57,0.000109,10195.00
38.450,6158.51,-59.83,0.125725,55.00,201.289047,4752.76,0.000233,11970.00
38.500,6630.13,-58.44,0.133254,55.00,230.405319,4545.34,0.000304,11820.00
38.550,5526.44,-59.54,0.139374,55.00,288.797211,4336.69,0.000250,10235.00
38.600,3378.83,-59.83,0.240074,50.00,1123.823364,4436.54,0.000129,9540.00
38.650,3471.07,-58.25,0.360499,60.00,1073.727661,4650.10,0.000091,10460.00
38.700,4214.40,-58.95,0.342610,55.00,1256.682251,4873.78,0.000063,11105.00
38.750,5202.54,-58.95,0.201493,50.00,1119.744629,5010.84,0.000130,11715.00
38.800,5269.89,-58.30,0.148823,50.00,938.622620,4903.76,0.000306,11665.00
38.850,4716.96,-59.86,0.135953,45.00,412.126526,4785.95,0.000235,11220.00
38.900,3235.61,-63.76,0.120838,40.00,450.412292,4040.27,0.000104,8315.00
38.950,4625.34,-58.79,0.157258,40.00,496.028351,4723.52,0.000271,11155.00
39.000,4860.24,-58.04,0.159895,40.00,452.038361,4644.31,0.000316,11135.00
39.050,3633.58,-61.12,0.139507,40.00,527.061890,3790.87,0.000173,8015.00
39.100,4280.73,-58.61,0.145429,40.00,512.842346,4111.85,0.000302,10030.00
39.150,5347.77,-57.74,0.130533,40.00,396.014008,4689.60,0.000433,11620.00
39.200,4846.78,-61.84,0.096331,40.00,446.022766,4801.60,0.000256,11340.00
39.250,3671.32,-59.86,0.131132,40.00,528.569214,3897.50,0.000346,8215.00
39.300,4127.80,-55.01,0.226381,220.00,801.600586,4020.05,0.000486,9395.00
39.350,4136.62,-56.89,0.187831,50.00,646.544678,4048.16,0.000369,9570.00
39.400,3217.61,-63.28,0.144430,50.00,725.995667,3899.97,0.000083,7675.00
39.450,5084.87,-59.13,0.172885,50.00,525.421021,4869.72,0.000190,11570.00
39.500,5171.96,-58.58,0.180114,50.00,287.015656,4861.80,0.000203,11590.00
39.550,3713.40,-63.46,0.153703,50.00,460.535736,4443.23,0.000064,10035.00
39.600,4673.83,-60.35,0.155473,50.00,372.016144,4738.42,0.000169,11125.00
39.650,4994.06,-57.67,0.183284,50.00,431.305206,4719.40,0.000276,11250.00
39.700,4284.32,-59.75,0.166817,50.00,366.666443,4308.74,0.000177,10110.00
39.750,3780.71,-59.45,0.182200,50.00,760.423340,4119.76,0.000161,8910.00
39.800,3727.49,-57.27,0.320509,60.00,1217.709106,4532.11,0.000109,10290.00
39.850,3570.99,-60.13,0.367114,55.00,1300.289673,4687.20,0.000033,10470.00
39.900,2901.90,-64.08,0.278665,50.00,1115.831299,4119.72,0.000017,8180.00
39.950,4552.65,-58.52,0.175881,50.00,1158.169434,4673.26,0.000217,11080.00
40.000,4793.14,-58.13,0.145301,40.00,570.809509,4702.36,0.000344,11190.00
40.050,4245.13,-61.07,0.124758,35.00,533.004639,4308.62,0.000187,9735.00
40.100,4486.57,-56.78,0.223099,35.00,999.677429,4389.91,0.000240,9895.00
40.150,3997.94,-56.38,0.345295,60.00,1218.381470,4559.04,0.000118,10185.00
40.200,3125.82,-59.75,0.340348,55.00,1279.957397,4078.02,0.000046,8255.00
40.250,2971.78,-58.91,0.280818,50.00,1151.877808,3738.35,0.000098,7555.00
40.300,3429.96,-56.66,0.337910,85.00,1338.319946,4319.63,0.000131,9660.00
40.350,3669.02,-58.03,0.365477,55.00,1327.546509,4501.60,0.000068,10200.00
40.400,4470.13,-58.48,0.282120,55.00,1170.458130,4753.36,0.000087,11100.00
40.450,4920.38,-58.54,0.160093,50.00,1111.776245,4779.28,0.000256,11290.00
40.500,5486.61,-59.06,0.119186,30.00,649.999695,4897.10,0.000364,11690.00
40.550,3658.64,-62.62,0.120447,35.00,412.222534,4290.50,0.000145,9350.00
40.600,3863.29,-56.81,0.189549,35.00,751.613037,3928.11,0.000358,8625.00
40.650,4222.38,-54.75,0.227939,430.00,661.332703,4042.62,0.000447,9550.00
40.700,3947.95,-58.05,0.174056,60.00,787.321411,3999.51,0.000267,9020.00
40.750,4007.94,-60.17,0.152384,55.00,565.646790,4165.21,0.000174,9510.00
40.800,5549.18,-58.06,0.160528,55.00,449.286011,4777.51,0.000257,11605.00
40.850,5433.51,-59.19,0.127380,55.00,408.276672,4751.22,0.000285,11480.00
40.900,4293.68,-61.04,0.131722,55.00,390.835327,4216.77,0.000164,9620.00
40.950,5460.33,-58.06,0.144115,55.00,395.322876,4686.09,0.000322,11500.00
41.000,5608.48,-58.54,0.145388,55.00,336.271759,4843.29,0.000278,11695.00
41.050,4162.22,-60.97,0.145944,55.00,404.204834,4340.12,0.000142,9885.00
41.100,5282.51,-57.80,0.141330,55.00,517.778564,4545.77,0.000357,11085.00
41.150,6799.66,-55.43,0.156447,55.00,459.298126,4815.93,0.000577,12315.00
41.200,7183.06,-55.82,0.136683,55.00,453.789398,4743.24,0.000672,12510.00
41.250,5536.43,-55.90,0.177854,55.00,673.828979,4832.00,0.000436,11455.00
41.300,3974.71,-56.66,0.329975,60.00,1330.625366,4603.51,0.000119,10485.00
41.350,3595.49,-58.96,0.368924,60.00,1273.781372,4438.09,0.000048,10140.00
41.400,3366.28,-61.56,0.277074,55.00,1084.145386,4117.48,0.000041,9265.00
41.450,4846.16,-58.66,0.199973,45.00,1168.454834,4715.46,0.000154,11245.00
41.500,5281.02,-57.95,0.178995,40.00,639.762207,4787.25,0.000220,11465.00
41.550,4112.46,-60.98,0.172340,40.00,464.985931,4450.85,0.000103,10240.00
41.600,4791.00,-60.25,0.181829,40.00,330.299561,4758.92,0.000113,11135.00
41.650,5605.60,-58.93,0.184545,40.00,253.886047,4996.04,0.000161,11920.00
41.700,4506.10,-61.43,0.177641,40.00,327.718628,4706.58,0.000082,10895.00
41.750,4065.31,-60.08,0.196799,40.00,420.441650,4290.33,0.000120,9950.00
41.800,5304.11,-58.25,0.188995,40.00,269.879395,4842.75,0.000205,11630.00
41.850,5529.64,-60.93,0.173573,40.00,428.540070,5047.74,0.000099,11930.00
41.900,3262.70,-62.37,0.180560,40.00,329.738464,3924.68,0.000071,7745.00
41.950,4014.41,-55.54,0.243938,40.00,828.602905,3984.73,0.000298,9080.00
42.000,4347.83,-55.12,0.247008,40.00,510.896057,4057.65,0.000311,9820.00
42.050,4093.25,-59.67,0.208454,40.00,780.813049,4035.55,0.000114,9610.00
42.100,4418.75,-59.27,0.205144,40.00,510.046051,4350.55,0.000138,10555.00
42.150,5238.16,-58.01,0.192903,40.00,452.448761,4766.72,0.000203,11485.00
42.200,4449.21,-61.81,0.179174,40.00,479.584747,4780.65,0.000074,11035.00
42.250,3958.50,-60.83,0.197673,40.00,506.532410,4389.43,0.000084,9965.00
42.300,4707.78,-57.17,0.229527,40.00,583.072266,4663.67,0.000184,11075.00
42.350,4252.33,-58.66,0.223134,40.00,629.892273,4505.59,0.000135,10640.00
42.400,2855.77,-61.37,0.218909,40.00,676.566101,3686.61,0.000072,6745.00
42.450,3424.89,-58.24,0.296673,40.00,1178.813721,4425.49,0.000101,9930.00
42.500,3563.86,-58.03,0.365578,60.00,1269.818481,4557.48,0.000067,10280.00
42.550,2722.26,-61.63,0.309069,55.00,1236.619019,3760.57,0.000033,6540.00
42.600,4003.62,-59.90,0.208097,50.00,1131.180054,4596.60,0.000111,10785.00
42.650,5360.75,-57.66,0.163948,45.00,734.344604,4903.97,0.000306,11655.00
42.700,5329.31,-57.43,0.149496,50.00,653.989685,4339.74,0.000360,10590.00
42.750,4194.88,-58.79,0.197009,50.00,673.709290,4337.72,0.000169,9660.00
42.800,3720.09,-58.71,0.332021,90.00,1287.332886,4797.68,0.000071,10720.00
42.850,3777.68,-60.33,0.361864,60.00,1268.082520,4831.49,0.000032,10710.00
42.900,2824.62,-63.32,0.305995,50.00,1077.969849,4148.00,0.000020,8240.00
42.950,3553.96,-57.90,0.300278,50.00,1345.896729,4525.97,0.000116,10150.00
43.000,3680.43,-58.11,0.350426,60.00,1126.187866,4601.46,0.000074,10390.00
43.050,3127.85,-63.19,0.304407,55.00,1265.013550,4294.48,0.000019,8805.00
43.100,4330.06,-59.67,0.205182,50.00,1112.875000,4532.92,0.000111,10625.00
43.150,5108.40,-57.83,0.174843,50.00,580.992371,4711.28,0.000253,11300.00
43.200,4311.88,-60.80,0.154328,50.00,571.193726,4452.50,0.000132,10460.00
43.250,3538.75,-58.92,0.190563,50.00,527.499695,3760.09,0.000189,7830.00
43.300,4086.52,-54.62,0.253914,50.00,739.839600,3966.65,0.000380,9115.00
43.350,4085.86,-56.76,0.218362,50.00,730.130188,3987.96,0.000256,9215.00
43.400,3272.92,-63.06,0.183328,50.00,737.267700,3826.53,0.000055,7175.00
43.450,5059.05,-59.40,0.179637,50.00,532.227173,4858.38,0.000154,11545.00
43.500,5301.85,-58.20,0.175319,50.00,441.881470,4856.00,0.000224,11540.00
43.550,5838.67,-58.16,0.163621,50.00,397.766510,4640.91,0.000235,11395.00
43.600,6011.62,-58.50,0.159081,50.00,299.822540,4801.31,0.000225,11850.00
43.650,5189.92,-58.20,0.182117,50.00,514.315125,4855.38,0.000203,11615.00
43.700,3930.63,-60.41,0.189092,50.00,422.969452,4291.69,0.000108,9850.00
43.750,3620.32,-61.18,0.182363,50.00,470.609955,3950.56,0.000096,8695.00
43.800,5110.22,-58.30,0.187969,50.00,462.956909,4666.15,0.000193,11375.00
43.850,4707.39,-59.36,0.183854,50.00,487.370148,4644.04,0.000145,11080.00
43.900,2847.55,-63.80,0.176622,50.00,605.304749,3971.67,0.000054,7665.00
43.950,3590.28,-59.62,0.283398,50.00,1298.316650,4747.73,0.000078,10605.00
44.000,3693.53,-58.62,0.373330,60.00,1180.898438,4736.95,0.000056,10585.00
44.050,4586.77,-58.69,0.321530,55.00,1217.175537,4942.83,0.000060,11250.00
44.100,5112.88,-59.15,0.200924,50.00,1143.755127,4905.87,0.000128,11555.00
44.150,5162.40,-58.45,0.182674,30.00,780.385254,4815.31,0.000191,11545.00
44.200,4000.36,-61.69,0.188411,30.00,472.313599,4593.78,0.000074,10645.00
44.250,3793.94,-63.15,0.182264,30.00,395.236328,4558.04,0.000051,10420.00
44.300,5422.78,-58.80,0.190655,30.00,392.261383,4940.13,0.000150,11675.00
44.350,4870.99,-59.46,0.206907,30.00,435.502472,4700.75,0.000110,11125.00
44.400,3806.16,-61.74,0.211622,30.00,421.432892,4156.98,0.000063,9705.00
44.450,4998.77,-59.14,0.212917,30.00,459.633331,4728.38,0.000120,11265.00
44.500,5297.11,-59.46,0.196603,30.00,407.182739,4894.12,0.000122,11630.00
44.550,3819.93,-62.74,0.180554,30.00,469.524780,4454.47,0.000057,10190.00
44.600,3914.96,-56.64,0.231979,30.00,767.938538,3966.94,0.000232,9180.00
44.650,4141.39,-54.88,0.264136,30.00,544.940857,3991.36,0.000305,9470.00
44.700,3775.46,-58.60,0.218981,30.00,770.142334,3902.75,0.000148,8590.00
44.750,3564.09,-61.25,0.198018,30.00,553.325500,4104.57,0.000095,9105.00
44.800,5327.85,-58.45,0.200044,30.00,503.962189,4853.77,0.000182,11640.00
44.850,5088.40,-59.96,0.190393,30.00,257.424133,4830.48,0.000124,11405.00
44.900,5255.44,-59.22,0.182985,30.00,422.887482,4867.80,0.000163,12150.00
44.950,5239.51,-55.71,0.212704,30.00,530.159119,4750.58,0.000355,11755.00
45.000,4336.73,-57.22,0.225194,30.00,508.738647,4503.04,0.000211,10735.00
45.050,2804.66,-61.90,0.218192,30.00,599.380981,3572.12,0.000068,5900.00
45.100,2945.68,-59.61,0.257624,30.00,1010.640381,4025.65,0.000097,8145.00
45.150,3452.68,-57.96,0.348169,60.00,1256.259766,4546.89,0.000081,10215.00
45.200,2974.83,-60.97,0.353445,55.00,1273.541992,4217.21,0.000032,8785.00
45.250,3194.56,-62.42,0.241291,50.00,1059.385376,4313.36,0.000042,9510.00
45.300,5549.02,-58.76,0.146731,45.00,985.457703,5068.39,0.000282,11920.00
45.350,5145.23,-59.89,0.134658,55.00,607.765991,4963.64,0.000236,11615.00
45.400,5659.59,-58.14,0.162374,55.00,522.593567,4807.43,0.000262,11455.00
45.450,4932.06,-55.62,0.277345,60.00,1177.853760,4905.16,0.000229,11205.00
45.500,3877.92,-57.26,0.344527,60.00,955.390198,4574.10,0.000095,10305.00
45.550,3122.31,-61.42,0.294822,55.00,1132.217285,3999.03,0.000036,8290.00
45.600,3555.48,-59.05,0.251221,60.00,1326.086914,4348.53,0.000105,9850.00
45.650,3919.34,-57.36,0.341223,60.00,1070.179321,4586.22,0.000093,10530.00
45.700,3817.71,-59.12,0.312285,60.00,1208.444824,4309.47,0.000063,9365.00
45.750,3879.65,-59.66,0.236707,50.00,1119.490967,4234.02,0.000092,9515.00
45.800,5225.19,-57.71,0.192421,50.00,726.821777,4787.45,0.000219,11465.00
45.850,6229.86,-57.35,0.169840,55.00,565.699707,4853.62,0.000307,11900.00
45.900,6174.35,-55.90,0.178361,55.00,418.235260,4812.66,0.000419,11870.00
45.950,4360.07,-54.40,0.248041,55.00,877.860840,4160.26,0.000382,9960.00
46.000,3949.45,-55.59,0.247126,55.00,541.637573,3871.66,0.000285,8665.00
46.050,3330.65,-61.08,0.196831,55.00,851.452576,3634.62,0.000104,6750.00
46.100,4385.56,-60.01,0.186593,55.00,481.456940,4527.95,0.000166,10890.00
46.150,5317.60,-57.86,0.187296,55.00,418.478424,4856.58,0.000301,11680.00
46.200,4354.04,-60.91,0.171980,55.00,382.285156,4651.47,0.000135,10865.00
46.250,3914.91,-61.78,0.174163,55.00,343.198242,4394.64,0.000080,10190.00
46.300,5094.74,-58.14,0.187401,55.00,362.761383,4845.35,0.000195,11515.00
46.350,5183.03,-59.90,0.169946,55.00,374.181763,4897.82,0.000138,11610.00
46.400,3715.21,-61.82,0.177916,55.00,389.445129,4230.84,0.000103,9575.00
46.450,5125.56,-58.67,0.182794,55.00,233.697968,4817.56,0.000239,11480.00
46.500,6277.89,-59.92,0.165665,55.00,384.200989,4987.26,0.000181,12120.00
46.550,3935.41,-62.35,0.166631,55.00,322.873596,4417.97,0.000088,10085.00
46.600,3233.59,-59.10,0.254698,55.00,1085.414062,4195.91,0.000111,9330.00
46.650,3370.88,-57.40,0.369963,60.00,1104.371216,4376.67,0.000082,9845.00
46.700,3026.71,-60.19,0.344046,55.00,1324.366699,3999.83,0.000040,8060.00
46.750,3263.88,-61.16,0.235159,50.00,1200.249390,3988.65,0.000064,8660.00
46.800,4981.88,-58.07,0.190201,45.00,1014.353394,4780.15,0.000218,11380.00
46.850,4705.01,-59.33,0.171213,40.00,459.218658,4724.49,0.000174,11130.00
46.900,3568.15,-63.99,0.157563,40.00,472.149567,4189.64,0.000052,9045.00
46.950,5156.18,-59.08,0.183463,40.00,487.230835,4737.85,0.000146,11520.00
47.000,5039.28,-58.18,0.207381,40.00,353.171967,4667.38,0.000161,11275.00
47.050,3790.38,-62.25,0.179282,40.00,488.296356,4274.68,0.000069,9505.00
47.100,4563.46,-59.83,0.187178,40.00,477.277802,4668.51,0.000120,10975.00
47.150,5597.51,-58.52,0.184428,40.00,260.888641,4964.09,0.000170,11810.00
47.200,4681.48,-61.94,0.168528,40.00,427.325195,4879.56,0.000077,11215.00
47.250,3763.73,-58.60,0.200949,40.00,569.338013,4087.09,0.000173,8820.00
47.300,4170.84,-54.76,0.254686,40.00,681.849976,4032.78,0.000337,9430.00
47.350,4224.68,-56.70,0.214098,40.00,620.369629,4027.21,0.000258,9585.00
47.400,3788.73,-61.24,0.182928,40.00,666.360596,4090.97,0.000088,9135.00
47.450,5004.24,-58.67,0.197920,40.00,426.252716,4811.04,0.000158,11585.00
47.500,5164.59,-58.71,0.188257,40.00,407.713928,4857.92,0.000169,11620.00
47.550,4002.54,-62.17,0.177776,40.00,397.162231,4350.85,0.000071,9715.00
47.600,4340.98,-59.57,0.201013,40.00,479.556335,4568.98,0.000120,10785.00
47.650,4841.95,-57.69,0.212388,40.00,458.963745,4769.57,0.000187,11325.00
47.700,3850.69,-59.78,0.203034,40.00,560.657593,4282.54,0.000119,9915.00
47.750,2892.94,-60.87,0.223210,40.00,807.727356,3834.21,0.000084,6950.00
47.800,3467.89,-57.95,0.332596,80.00,1309.004639,4498.23,0.000090,10175.00
47.850,3367.85,-59.38,0.361264,55.00,1261.388184,4443.77,0.000046,9865.00
47.900,2765.56,-63.25,0.259174,55.00,1094.178223,3870.50,0.000028,6870.00
47.950,5150.38,-59.48,0.171004,45.00,1044.050415,4987.86,0.000170,11645.00
48.000,5462.00,-58.91,0.141321,45.00,467.068787,4989.96,0.000287,11775.00
48.050,3576.24,-62.89,0.141249,50.00,594.481995,4321.50,0.000094,9500.00
48.100,3259.90,-59.98,0.241453,50.00,948.924316,4347.53,0.000092,9550.00
48.150,4171.02,-56.48,0.357265,60.00,1146.757690,4710.66,0.000108,10590.00
48.200,5570.76,-56.42,0.349223,55.00,1406.147705,4901.80,0.000096,11530.00
48.250,5010.49,-56.29,0.284753,50.00,1093.562988,4881.09,0.000162,11270.00
48.300,3650.78,-56.80,0.323294,55.00,1339.532959,4442.23,0.000130,10070.00
48.350,3434.46,-58.80,0.345348,60.00,1096.380005,4320.47,0.000059,9570.00
48.400,3335.30,-61.91,0.273604,55.00,1153.962402,4022.58,0.000037,8650.00
48.450,5289.03,-58.66,0.169223,50.00,1032.314453,4735.31,0.000227,11430.00
48.500,5410.63,-58.59,0.158788,50.00,417.099121,4850.06,0.000255,11635.00
48.550,3754.23,-62.21,0.160317,50.00,365.524719,4276.21,0.000089,9295.00
48.600,3772.59,-57.19,0.214200,50.00,791.611755,3897.36,0.000237,8415.00
48.650,4270.21,-55.08,0.238473,50.00,488.848602,4028.50,0.000347,9575.00
48.700,4258.00,-59.33,0.164142,50.00,787.487488,4057.08,0.000183,9635.00
48.750,4295.98,-61.19,0.160208,50.00,467.038788,4496.57,0.000118,10295.00
48.800,5234.18,-58.14,0.181950,50.00,319.416718,4874.53,0.000224,11545.00
48.850,4896.79,-60.24,0.166100,50.00,390.740570,4925.59,0.000139,11390.00
48.900,3096.36,-63.39,0.172112,50.00,435.796387,4066.14,0.000061,8280.00
48.950,4710.59,-58.87,0.187525,50.00,471.638489,4743.07,0.000177,11195.00
49.000,5242.04,-58.01,0.182340,50.00,438.762848,4665.90,0.000217,11365.00
49.050,3927.30,-60.29,0.179230,50.00,476.867798,4018.54,0.000125,9025.00
49.100,4513.13,-59.33,0.179767,50.00,522.684875,4423.98,0.000157,10665.00
49.150,5421.27,-58.27,0.181984,50.00,412.566650,4754.18,0.000201,11475.00
49.200,4832.68,-61.83,0.153930,50.00,444.889496,4779.68,0.000095,11130.00
49.250,3254.29,-61.10,0.190558,50.00,740.254333,4309.21,0.000105,9350.00
49.300,3390.11,-57.72,0.336815,65.00,1320.895752,4474.65,0.000095,10055.00
49.350,3575.99,-58.33,0.370571,55.00,1253.522339,4503.07,0.000060,10190.00
49.400,4700.82,-58.06,0.278184,55.00,1151.062744,4867.05,0.000095,11205.00
49.450,5797.47,-57.84,0.169094,30.00,1071.322876,5017.56,0.000253,11920.00
49.500,4989.04,-57.52,0.196210,30.00,730.694031,4808.28,0.000228,11300.00
49.550,3415.57,-60.09,0.223330,30.00,557.606140,3929.53,0.000097,8220.00
49.600,3877.30,-58.79,0.224718,30.00,703.714966,4194.04,0.000133,9515.00
49.650,4663.59,-57.62,0.231333,30.00,586.919373,4646.12,0.000162,11100.00
49.700,4004.14,-60.54,0.206439,30.00,487.398621,4508.15,0.000089,10335.00
49.750,3997.13,-61.14,0.197658,30.00,590.614197,4496.56,0.000082,10720.00
49.800,5154.99,-57.86,0.217508,30.00,431.203552,4786.25,0.000170,11555.00
49.850,4753.91,-59.42,0.208458,30.00,477.574036,4788.35,0.000118,11120.00
49.900,3278.59,-61.74,0.201453,30.00,489.893555,4011.44,0.000070,8345.00
49.950,4039.71,-55.63,0.249983,30.00,759.739319,3986.94,0.000279,8990.00
50.000,4295.37,-55.24,0.245083,30.00,471.877167,4030.48,0.000315,9585.00
50.050,3710.11,-59.59,0.199204,30.00,715.275635,3925.83,0.000127,8800.00
50.100,4496.63,-59.62,0.206632,30.00,501.369568,4527.03,0.000121,10985.00
50.150,5382.99,-58.41,0.213991,30.00,354.012421,4876.77,0.000153,11735.00
50.200,4142.81,-61.47,0.193759,30.00,463.395325,4652.34,0.000077,10715.00
50.250,3393.96,-61.26,0.210455,30.00,610.332397,4261.78,0.000077,9405.00
50.300,4427.17,-57.79,0.236937,30.00,531.614197,4699.04,0.000161,11075.00
50.350,3969.09,-58.57,0.227297,30.00,638.113342,4448.08,0.000139,10410.00
50.400,2597.31,-62.14,0.226331,30.00,674.018494,3524.82,0.000058,5900.00
50.450,3246.07,-58.80,0.297498,30.00,1161.853882,4385.82,0.000091,9775.00
50.500,3452.24,-58.66,0.363474,60.00,1296.713501,4607.26,0.000061,10345.00
50.550,2638.21,-62.87,0.324213,55.00,1160.227173,4017.04,0.000027,7325.00
50.600,4504.16,-60.54,0.191737,50.00,1160.831543,4935.85,0.000139,11280.00
50.650,5702.30,-58.21,0.136540,30.00,681.368408,5060.37,0.000511,11985.00
50.700,4454.56,-61.04,0.135572,55.00,614.842712,4743.21,0.000221,10985.00
50.750,3098.12,-62.19,0.186830,55.00,592.654846,4241.39,0.000088,8995.00
50.800,3768.21,-57.85,0.321798,85.00,1270.982788,4726.23,0.000104,10670.00
50.850,3643.58,-59.13,0.348780,60.00,1123.866821,4620.30,0.000056,10330.00
50.900,2934.87,-61.92,0.262605,55.00,1045.497925,3896.98,0.000040,7725.00
50.950,3644.13,-58.44,0.293252,90.00,1422.932495,4504.86,0.000093,10125.00
51.000,3938.25,-58.98,0.347626,60.00,1067.964478,4833.77,0.000054,10790.00
51.050,5209.73,-59.15,0.277317,50.00,1245.419800,5015.92,0.000069,11660.00
51.100,5191.68,-58.57,0.202569,50.00,990.606445,4660.57,0.000162,11390.00
51.150,5356.15,-58.34,0.182853,55.00,730.777832,4681.42,0.000198,11570.00
51.200,4426.63,-61.47,0.161735,55.00,501.344635,4539.69,0.000098,10760.00
51.250,3690.27,-58.69,0.193402,55.00,584.794556,3865.74,0.000179,8320.00
51.300,4148.01,-54.64,0.254349,55.00,734.327209,3955.94,0.000349,9140.00
51.350,4109.05,-56.73,0.217032,55.00,626.334106,3967.12,0.000250,9255.00
51.400,3415.92,-62.18,0.174433,55.00,650.237854,3902.86,0.000080,8070.00
51.450,5605.41,-59.75,0.171220,55.00,455.475525,4979.86,0.000148,11795.00
51.500,5631.89,-58.56,0.189230,55.00,367.112793,4849.52,0.000175,11660.00
51.550,5006.05,-60.25,0.177394,55.00,363.870636,4452.18,0.000116,10270.00
51.600,5473.46,-58.39,0.182219,55.00,308.861450,4558.31,0.000183,11120.00
51.650,5273.32,-57.28,0.201336,55.00,449.323853,4663.65,0.000221,11335.00
51.700,4280.51,-60.59,0.180892,55.00,392.170258,4471.20,0.000104,10515.00
51.750,3871.73,-61.53,0.173872,55.00,489.996887,4346.20,0.000090,9980.00
51.800,5363.37,-58.61,0.180566,55.00,295.046875,4920.48,0.000181,11710.00
51.850,5374.19,-60.44,0.164503,55.00,351.304016,4973.35,0.000121,11785.00
51.900,4532.22,-58.80,0.176582,55.00,481.653900,4727.36,0.000197,11340.00
51.950,3912.33,-56.32,0.294577,60.00,1249.586914,4576.29,0.000172,10585.00
52.000,3584.12,-57.77,0.375726,60.00,1044.278442,4522.89,0.000079,10210.00
52.050,4828.64,-58.92,0.306719,55.00,1163.396973,4997.81,0.000070,11415.00
52.100,5400.47,-59.39,0.198310,50.00,1225.627441,4985.93,0.000133,11685.00
52.150,5164.50,-57.36,0.179530,40.00,844.241272,4770.33,0.000277,11340.00
52.200,4188.84,-59.59,0.177411,40.00,370.681030,4425.40,0.000155,9945.00
52.250,3953.16,-62.03,0.171949,40.00,410.661285,4389.80,0.000080,10300.00
52.300,5416.49,-58.82,0.192554,40.00,392.217712,4958.58,0.000159,11780.00
52.350,4925.27,-60.04,0.192826,40.00,292.944885,4888.96,0.000109,11505.00
52.400,3354.55,-63.67,0.185850,40.00,469.251007,4151.72,0.000056,8715.00
52.450,5179.06,-59.66,0.199300,40.00,367.356018,4944.45,0.000150,11630.00
52.500,5702.80,-59.61,0.182392,40.00,333.506989,5021.29,0.000170,11955.00
52.550,4416.26,-61.54,0.170964,40.00,371.398224,4518.97,0.000099,10440.00
52.600,4600.36,-58.84,0.174477,40.00,315.758301,4421.87,0.000189,10380.00
52.650,4017.43,-58.87,0.152196,40.00,570.050110,4139.06,0.000261,9155.00
52.700,3192.45,-63.09,0.107282,635.00,587.638062,3482.14,0.000174,6840.00
52.750,3640.44,-63.91,0.084247,370.00,462.371826,3813.45,0.000218,8170.00
52.800,3958.87,-62.79,0.089508,370.00,285.622589,4036.27,0.000245,8675.00
52.850,3398.22,-66.70,0.076171,195.00,392.084045,3880.59,0.000096,7840.00
52.900,2893.96,-67.31,0.090319,205.00,383.871796,3614.05,0.000066,6580.00
52.950,3908.98,-61.10,0.121451,210.00,524.858765,4089.96,0.000221,9070.00
53.000,4152.02,-59.67,0.131627,650.00,433.959900,4022.54,0.000281,9245.00
53.050,3456.83,-63.24,0.117319,635.00,542.197205,3608.43,0.000138,7470.00
53.100,3022.15,-65.14,0.107270,1395.00,435.375549,3404.76,0.000115,6075.00
53.150,3616.59,-63.75,0.081126,1405.00,373.847382,3902.26,0.000258,8385.00
53.200,4188.89,-65.84,0.043970,845.00,308.799103,4300.98,0.000384,10120.00
53.250,4319.17,-67.10,0.034561,835.00,186.583160,4188.97,0.000358,9945.00
53.300,4242.87,-64.35,0.058369,835.00,219.919922,3790.83,0.000303,8915.00
53.350,3883.73,-65.32,0.061965,1310.00,237.722076,3663.20,0.000209,8030.00
53.400,2578.47,-69.08,0.063493,1250.00,294.389252,3174.82,0.000083,4705.00
53.450,2724.93,-65.66,0.102310,1230.00,448.985352,3532.23,0.000103,4960.00
53.500,2924.83,-64.99,0.109497,605.00,269.672882,3691.03,0.000109,6710.00
53.550,2722.44,-69.25,0.062322,155.00,414.666138,3636.44,0.000084,6140.00
53.600,2803.02,-65.07,0.103230,640.00,431.631683,3495.00,0.000109,6450.00
53.650,2989.67,-64.09,0.129905,885.00,417.735138,3479.80,0.000091,6410.00
53.700,3414.08,-66.81,0.108151,890.00,437.989594,3730.93,0.000054,7685.00
53.750,3532.25,-67.12,0.074037,890.00,377.803101,4101.96,0.000136,9420.00
53.800,4488.84,-63.75,0.083237,600.00,435.992249,4487.52,0.000270,10695.00
53.850,4912.87,-63.67,0.083757,605.00,209.827942,4555.35,0.000236,11015.00
53.900,4900.09,-65.28,0.050970,395.00,319.105103,4536.62,0.000298,10995.00
53.950,4436.68,-60.94,0.102054,395.00,433.267242,4238.34,0.000309,9950.00
54.000,4333.63,-60.70,0.116751,580.00,363.126373,4123.99,0.000259,9835.00
54.050,4347.57,-63.55,0.087824,575.00,336.951569,4276.70,0.000190,10055.00
54.100,4209.55,-66.68,0.062943,390.00,404.688721,4467.77,0.000131,10760.00
54.150,4829.53,-64.26,0.094131,390.00,322.782623,4562.85,0.000112,11555.00
54.200,5219.88,-64.38,0.090149,390.00,168.372284,4374.12,0.000116,11080.00
54.250,4853.06,-63.98,0.083457,395.00,298.883301,4166.57,0.000171,10030.00
54.300,4841.11,-62.50,0.094819,395.00,263.386505,4279.34,0.000214,9975.00
54.350,4717.62,-64.51,0.063741,390.00,304.871887,4261.94,0.000252,10065.00
54.400,5198.74,-62.77,0.052217,385.00,328.685059,3874.67,0.000545,10150.00
54.450,4866.47,-60.47,0.109228,395.00,434.583649,3797.76,0.000273,9480.00
54.500,5210.13,-59.85,0.118497,395.00,298.976685,3885.48,0.000280,9950.00
54.550,5588.57,-59.30,0.086441,395.00,433.834595,3833.09,0.000595,9805.00
54.600,4586.75,-56.92,0.195519,80.00,1033.153076,4393.55,0.000299,9925.00
54.650,3836.05,-56.67,0.344505,60.00,1311.894531,4477.49,0.000116,9930.00
54.700,3913.28,-58.14,0.349879,55.00,1249.439575,4472.10,0.000068,10185.00
54.750,4814.52,-58.66,0.233577,50.00,1102.816528,4781.80,0.000145,11175.00
54.800,5843.97,-58.58,0.152606,30.00,939.835693,4971.74,0.000321,11980.00
54.850,4941.36,-58.98,0.181640,30.00,544.731140,4797.70,0.000210,11320.00
54.900,3894.69,-59.56,0.211485,30.00,505.032257,4183.54,0.000111,9230.00
54.950,4410.74,-57.57,0.219335,30.00,545.201294,4398.76,0.000190,10520.00
55.000,4441.47,-57.85,0.216813,30.00,563.047729,4498.27,0.000184,10830.00
55.050,3316.09,-62.22,0.197863,30.00,474.618134,4070.21,0.000063,8500.00
55.100,4398.51,-60.75,0.190769,30.00,432.890625,4724.27,0.000096,11115.00
55.150,5259.76,-58.10,0.201985,30.00,387.463989,4769.65,0.000181,11555.00
55.200,5546.05,-57.19,0.197048,30.00,398.146240,4461.63,0.000234,10985.00
55.250,5774.85,-54.84,0.207373,30.00,502.840393,4589.16,0.000409,11350.00
55.300,4563.86,-54.20,0.259622,30.00,733.339355,4199.76,0.000366,10160.00
55.350,4172.34,-56.95,0.226176,30.00,513.371277,4017.58,0.000211,9485.00
55.400,3616.57,-63.03,0.181602,30.00,661.776428,4189.83,0.000053,9450.00
55.450,5218.63,-60.46,0.190948,30.00,446.360260,5039.97,0.000096,11670.00
55.500,5356.67,-59.94,0.209960,30.00,390.638550,5049.74,0.000091,11735.00
55.550,4527.07,-61.37,0.194251,30.00,316.415649,4574.89,0.000068,10425.00
55.600,5711.61,-57.04,0.192883,30.00,518.206848,4532.12,0.000246,11160.00
55.650,5063.54,-56.38,0.218090,30.00,523.613403,4551.12,0.000256,10995.00
55.700,3754.48,-59.81,0.212966,30.00,488.135315,4140.78,0.000109,9565.00
55.750,3012.79,-60.47,0.226117,30.00,789.114563,3870.43,0.000089,7570.00
55.800,3463.92,-58.02,0.320266,30.00,1223.562866,4498.21,0.000092,10135.00
55.850,3313.21,-59.65,0.362978,60.00,1294.706665,4459.30,0.000042,9910.00
55.900,2569.54,-63.50,0.286324,55.00,1011.141968,3821.28,0.000022,6450.00
55.950,4825.08,-59.26,0.168001,45.00,1148.802002,4884.11,0.000182,11395.00
56.000,5239.56,-58.99,0.137707,60.00,567.317688,5005.92,0.000287,11670.00
56.050,3795.85,-61.87,0.144915,55.00,591.497925,4255.80,0.000117,9405.00
56.100,3663.77,-59.02,0.230459,55.00,894.262085,4417.99,0.000123,9890.00
56.150,4035.99,-58.34,0.334639,65.00,982.330872,4869.69,0.000071,10970.00
56.200,3609.10,-62.48,0.317769,55.00,1198.938232,4783.13,0.000021,10570.00
56.250,2851.42,-62.12,0.233250,60.00,1077.315308,4157.86,0.000055,8295.00
56.300,3524.27,-57.91,0.321790,60.00,1234.811401,4583.65,0.000100,10355.00
56.350,3435.59,-58.81,0.338348,60.00,1157.931152,4383.63,0.000066,9730.00
56.400,3193.82,-60.99,0.253197,50.00,1127.652710,3845.49,0.000059,7675.00
56.450,5504.77,-56.92,0.181754,50.00,748.552734,4563.63,0.000296,11245.00
56.500,6061.24,-56.69,0.166976,55.00,601.186768,4554.76,0.000361,11640.00
56.550,4541.44,-61.05,0.156127,55.00,378.429535,4507.22,0.000119,10460.00
56.600,3984.90,-57.02,0.211389,55.00,773.953491,3985.67,0.000257,9030.00
56.650,4188.23,-55.16,0.257503,55.00,551.296814,3974.76,0.000306,9345.00
56.700,4024.39,-58.83,0.207323,55.00,822.416138,3921.69,0.000146,8945.00
56.750,4093.31,-61.34,0.195028,55.00,501.009918,4198.36,0.000076,9910.00
56.800,5249.52,-58.54,0.203259,55.00,550.649170,4712.07,0.000155,11515.00
56.850,4707.72,-59.62,0.190809,55.00,446.756744,4658.34,0.000133,11105.00
56.900,3450.99,-63.25,0.171542,55.00,469.565155,4035.60,0.000059,8585.00
56.950,4882.61,-58.28,0.194241,55.00,491.540405,4540.28,0.000186,11130.00
57.000,5068.12,-57.64,0.196270,55.00,317.889404,4571.21,0.000213,11205.00
57.050,4195.72,-60.18,0.179170,55.00,470.721436,4080.15,0.000126,9140.00
57.100,4596.46,-58.72,0.193262,55.00,393.086578,4432.35,0.000173,10685.00
57.150,5758.00,-58.77,0.179341,55.00,327.580658,4950.92,0.000183,11935.00
57.200,5089.31,-62.43,0.162340,55.00,396.420380,4906.50,0.000073,11540.00
57.250,3055.19,-61.95,0.196250,55.00,674.756409,4027.96,0.000070,8075.00
57.300,3434.28,-57.93,0.336430,60.00,1347.995605,4352.01,0.000081,9735.00
57.350,3376.92,-59.16,0.370438,60.00,1239.005859,4263.76,0.000045,9270.00
57.400,2932.05,-62.21,0.276222,55.00,1114.096924,3745.90,0.000033,6965.00
57.450,4992.86,-58.60,0.191329,45.00,1176.472778,4795.80,0.000172,11405.00
57.500,5181.90,-57.41,0.185307,40.00,707.005554,4712.17,0.000258,11375.00
57.550,4032.28,-60.50,0.177088,40.00,436.240631,4297.40,0.000116,9765.00
57.600,4483.89,-59.76,0.183147,40.00,422.107208,4601.75,0.000141,10900.00
57.650,5332.23,-58.14,0.195716,40.00,342.572906,4857.90,0.000199,11630.00
57.700,4174.77,-60.77,0.183982,40.00,403.181305,4526.74,0.000104,10505.00
57.750,3518.46,-61.00,0.194854,40.00,400.693909,4052.56,0.000098,9080.00
57.800,4785.22,-57.87,0.194059,40.00,383.081451,4673.33,0.000221,11200.00
57.850,5189.19,-59.42,0.171769,40.00,435.339111,4802.66,0.000159,11390.00
57.900,5649.48,-57.12,0.177911,40.00,365.030334,4429.05,0.000290,10945.00
57.950,4571.23,-54.27,0.234507,40.00,781.444580,4125.76,0.000439,9905.00
58.000,4037.82,-55.68,0.243044,40.00,524.970032,3914.46,0.000284,8965.00
58.050,3156.83,-61.23,0.204420,40.00,804.530823,3540.97,0.000082,6020.00
58.100,4079.25,-60.31,0.199114,40.00,598.242676,4450.18,0.000100,10610.00
58.150,5357.37,-58.79,0.184984,40.00,419.215057,4957.11,0.000167,11725.00
58.200,4657.23,-62.38,0.166474,40.00,432.843628,4918.90,0.000072,11270.00
58.250,3935.74,-62.13,0.178082,40.00,384.985138,4545.95,0.000074,10325.00
58.300,4988.83,-57.70,0.206238,40.00,496.839172,4797.01,0.000197,11335.00
58.350,4659.46,-58.73,0.210629,40.00,556.712585,4575.76,0.000144,10875.00
58.400,3362.03,-61.78,0.209565,40.00,590.960815,3943.68,0.000070,8410.00
58.450,3498.34,-58.55,0.295687,40.00,1157.664673,4415.87,0.000098,9900.00
58.500,3621.05,-58.41,0.367281,60.00,1238.619263,4563.17,0.000060,10285.00
58.550,3007.96,-62.76,0.297502,55.00,1199.456909,4101.03,0.000024,8195.00
58.600,4691.45,-60.93,0.185198,50.00,1094.005249,4841.96,0.000093,11255.00
58.650,5570.70,-58.42,0.151881,45.00,657.668701,4933.46,0.000286,11725.00
58.700,4340.66,-60.95,0.136777,50.00,578.571716,4620.69,0.000167,10700.00
58.750,3017.46,-62.31,0.188904,50.00,656.512634,4149.35,0.000071,8595.00
58.800,3759.97,-58.05,0.328546,90.00,1273.942017,4689.37,0.000082,10570.00
58.850,3774.08,-58.59,0.364358,60.00,1253.241821,4591.46,0.000053,10335.00
58.900,2959.35,-61.93,0.309202,50.00,1094.815186,3919.06,0.000029,7590.00
58.950,3669.58,-58.35,0.294690,50.00,1288.539917,4510.65,0.000096,10200.00
59.000,4031.43,-58.16,0.349910,60.00,1150.060059,4733.70,0.000067,10625.00
59.050,3402.24,-61.78,0.314932,55.00,1296.811646,4385.76,0.000027,9315.00
59.100,4302.48,-59.53,0.213417,50.00,1085.782349,4523.97,0.000113,10640.00
59.150,5162.46,-57.44,0.176924,50.00,667.954407,4603.98,0.000299,11230.00
59.200,4324.37,-59.56,0.173307,50.00,545.873230,4391.11,0.000175,10330.00
59.250,3602.14,-58.97,0.190486,50.00,602.950806,3924.80,0.000175,8200.00
59.300,4113.41,-54.91,0.244392,50.00,764.011230,3976.89,0.000354,9245.00
59.350,4115.42,-56.68,0.207894,50.00,655.433228,3977.92,0.000279,9410.00
59.400,3728.51,-61.13,0.169053,50.00,634.332886,3998.64,0.000114,9040.00
59.450,5833.16,-58.62,0.159728,50.00,442.542816,4889.12,0.000216,11965.00
59.500,5708.05,-58.20,0.179809,50.00,431.621246,4763.67,0.000214,11775.00
59.550,4434.20,-60.46,0.186672,50.00,365.836517,4300.68,0.000117,10425.00
59.600,4830.20,-59.83,0.180611,50.00,397.202911,4583.14,0.000139,11020.00
59.650,5355.87,-58.12,0.189410,50.00,435.479950,4738.63,0.000210,11525.00
59.700,4232.12,-60.08,0.190616,50.00,489.354340,4383.22,0.000126,10320.00
59.750,3821.95,-60.63,0.184654,50.00,458.456116,4141.47,0.000114,9525.00
59.800,5401.89,-58.30,0.182807,50.00,487.883270,4759.07,0.000200,11575.00
59.850,5062.70,-59.55,0.177445,50.00,383.155457,4743.39,0.000150,11235.00
59.900,3207.45,-61.54,0.181361,50.00,609.021301,4023.93,0.000097,8480.00
59.950,3294.13,-58.14,0.295360,50.00,1312.930542,4334.12,0.000111,9600.00
60.000,3527.83,-57.78,0.376172,60.00,1219.900879,4493.37,0.000071,10130.00
60.050,4167.76,-57.44,0.326646,55.00,1255.543945,4606.11,0.000095,10790.00
60.100,4567.04,-57.61,0.213496,50.00,1197.356934,4605.74,0.000219,11020.00
60.150,5082.23,-57.04,0.184253,30.00,827.013123,4739.53,0.000330,11380.00
60.200,5447.37,-57.43,0.185409,30.00,503.206482,4686.02,0.000247,11300.00
60.250,6049.04,-57.72,0.184437,30.00,366.867096,4863.43,0.000215,11930.00
60.300,5576.42,-58.48,0.196064,30.00,415.381042,5031.98,0.000164,11955.00
60.350,4540.93,-59.90,0.208995,30.00,399.132019,4785.60,0.000102,11165.00
60.400,3480.03,-62.43,0.195986,30.00,383.862244,4242.44,0.000058,9195.00
60.450,5075.82,-58.70,0.202769,30.00,528.189209,4790.27,0.000145,11465.00
60.500,5157.77,-58.32,0.206159,30.00,340.825623,4782.66,0.000158,11450.00
60.550,3961.13,-61.91,0.194075,30.00,502.095062,4566.06,0.000069,10335.00
60.600,3996.74,-56.94,0.224303,30.00,673.402283,4048.16,0.000237,9150.00
60.650,4321.80,-54.80,0.253512,30.00,535.851685,4067.87,0.000343,9675.00
60.700,4049.72,-58.46,0.210442,30.00,689.795166,4078.10,0.000159,9140.00
60.750,4148.47,-61.59,0.196608,30.00,534.182251,4641.86,0.000096,10745.00
60.800,5779.76,-58.24,0.194744,30.00,450.767914,4970.94,0.000242,12025.00
60.850,5242.68,-59.00,0.194467,30.00,303.457092,4724.62,0.000200,11590.00
60.900,4008.39,-61.28,0.192121,30.00,380.244995,4069.81,0.000086,9360.00
60.950,4979.94,-57.63,0.214340,30.00,494.149139,4567.38,0.000194,11165.00
61.000,5114.10,-57.77,0.216496,30.00,494.978729,4735.70,0.000178,11370.00
61.050,4026.01,-60.25,0.212859,30.00,556.867249,4447.31,0.000094,9925.00
61.100,3506.65,-59.02,0.255891,30.00,963.662659,4442.92,0.000105,9815.00
61.150,3635.38,-57.99,0.344516,60.00,1239.252441,4654.07,0.000079,10460.00
61.200,3146.99,-60.73,0.348143,55.00,1265.186768,4348.80,0.000033,9365.00
61.250,3459.54,-61.23,0.243404,50.00,1015.509766,4393.41,0.000057,9660.00
61.300,5137.71,-57.99,0.157159,45.00,987.627258,4932.25,0.000320,11610.00
61.350,4961.42,-59.69,0.134055,60.00,604.615601,4897.17,0.000259,11390.00
61.400,3039.68,-63.45,0.155864,55.00,518.409912,3967.28,0.000098,7950.00
61.450,3629.46,-58.38,0.275821,85.00,1139.105957,4566.88,0.000142,10300.00
61.500,3917.43,-58.37,0.345006,60.00,942.767151,4771.09,0.000083,10680.00
61.550,3112.67,-63.08,0.289970,55.00,1134.592773,4262.69,0.000025,8810.00
61.600,3245.21,-60.05,0.244867,45.00,1344.531494,4335.12,0.000085,9335.00
61.650,3700.38,-57.04,0.343228,60.00,1047.485229,4439.06,0.000103,9920.00
61.700,4329.57,-58.08,0.309631,60.00,1216.450439,4653.17,0.000083,10830.00
61.750,5153.96,-58.84,0.223279,50.00,1070.253540,4828.71,0.000121,11525.00
61.800,5469.74,-58.35,0.185229,50.00,670.445557,4759.36,0.000201,11650.00
61.850,5103.64,-59.75,0.162726,55.00,529.503906,4716.13,0.000164,11275.00
61.900,3757.59,-60.35,0.169976,55.00,486.368317,3908.90,0.000136,8435.00
61.950,4231.89,-54.90,0.237718,55.00,790.163452,3941.63,0.000352,8880.00
62.000,4384.93,-55.06,0.232209,55.00,482.003021,4025.11,0.000341,9490.00
62.050,3838.83,-59.51,0.192886,55.00,736.983276,3971.61,0.000129,8680.00
62.100,4166.28,-58.78,0.199280,55.00,526.632751,4376.44,0.000169,10355.00
62.150,4909.80,-57.14,0.196630,55.00,514.254517,4669.09,0.000270,11200.00
62.200,4334.66,-59.36,0.180779,55.00,463.978485,4399.42,0.000154,10415.00
62.250,4271.63,-60.16,0.178264,55.00,376.213409,4322.64,0.000124,10130.00
62.300,5008.87,-57.65,0.200752,55.00,454.600647,4620.13,0.000215,11215.00
62.350,4473.81,-58.35,0.199193,55.00,415.782196,4363.53,0.000181,10575.00
62.400,3611.50,-60.48,0.186323,55.00,496.766235,3828.17,0.000112,8305.00
62.450,4854.56,-57.77,0.199491,55.00,507.095551,4512.95,0.000201,10905.00
62.500,5040.66,-57.95,0.187666,55.00,385.452026,4670.49,0.000207,11200.00
62.550,4275.60,-60.71,0.165946,55.00,474.008698,4347.18,0.000116,10070.00
62.600,3923.91,-58.55,0.232005,60.00,956.335510,4565.82,0.000134,10310.00
62.650,3894.70,-57.95,0.346852,60.00,1017.803162,4746.17,0.000075,10625.00
62.700,3299.59,-60.32,0.337791,55.00,1189.603027,4263.41,0.000038,8970.00
62.750,3334.61,-60.59,0.226035,50.00,1159.298706,3973.91,0.000080,8105.00
62.800,4833.54,-57.49,0.193841,45.00,1052.793945,4642.82,0.000233,11175.00
62.850,5197.28,-57.89,0.170941,40.00,613.132141,4691.50,0.000254,11235.00
62.900,6169.43,-58.36,0.164569,40.00,407.049622,5002.56,0.000225,12085.00
62.950,5806.83,-57.93,0.183562,40.00,449.011871,4976.73,0.000214,11920.00
63.000,5131.48,-58.32,0.192484,40.00,371.715149,4773.11,0.000179,11310.00
63.050,3853.33,-60.56,0.172695,40.00,445.812134,4102.09,0.000125,8710.00
63.100,4651.50,-58.39,0.179095,40.00,404.605896,4325.32,0.000217,10265.00
63.150,5321.97,-56.91,0.184457,40.00,448.052460,4578.56,0.000304,11210.00
63.200,4550.80,-59.95,0.175343,40.00,434.914795,4464.56,0.000139,10425.00
63.250,3643.60,-59.06,0.182896,40.00,626.413818,3874.77,0.000181,7835.00
63.300,4246.88,-54.52,0.236958,40.00,871.960815,4061.98,0.000406,9530.00
63.350,4487.49,-55.78,0.202537,55.00,685.764404,4164.70,0.000360,9940.00
63.400,5197.75,-57.68,0.165726,50.00,730.121338,4287.30,0.000270,10515.00
63.450,5690.70,-57.12,0.163324,50.00,468.215118,4502.46,0.000314,11325.00
63.500,5573.69,-58.76,0.167482,50.00,357.589722,4847.75,0.000185,11685.00
63.550,3912.42,-63.15,0.138765,50.00,405.002167,4492.85,0.000084,10195.00
63.600,4705.01,-59.61,0.158757,50.00,401.786804,4664.24,0.000199,10975.00
63.650,5139.24,-57.16,0.190698,50.00,477.301422,4732.78,0.000277,11380.00
63.700,4299.49,-59.17,0.189022,50.00,559.455750,4386.16,0.000159,10305.00
63.750,3395.45,-59.81,0.211520,50.00,743.735229,4056.65,0.000115,8310.00
63.800,3617.74,-57.69,0.322697,50.00,1265.102295,4536.48,0.000096,10290.00
63.850,3507.60,-59.28,0.367457,55.00,1271.055664,4540.91,0.000045,10135.00
63.900,3015.28,-62.43,0.277072,50.00,1147.630737,4089.74,0.000032,8425.00
63.950,4690.45,-58.88,0.165733,45.00,1084.583618,4816.49,0.000220,11205.00
64.000,5050.52,-58.67,0.137423,40.00,681.912903,4889.68,0.000335,11420.00
64.050,3420.00,-62.51,0.140795,35.00,459.061615,4174.68,0.000108,8775.00
64.100,3212.55,-60.66,0.224010,35.00,926.273376,4381.79,0.000087,9710.00
64.150,3730.80,-58.50,0.343105,60.00,1258.844849,4729.38,0.000066,10640.00
64.200,3325.34,-61.63,0.333467,55.00,1221.326172,4468.98,0.000024,9755.00
64.250,2570.56,-62.37,0.263722,50.00,1124.846436,3935.95,0.000042,6900.00
64.300,3447.13,-57.65,0.331565,85.00,1359.930054,4469.50,0.000103,9885.00
64.350,3393.07,-58.12,0.365687,55.00,1299.640503,4305.59,0.000065,9110.00
64.400,3133.86,-60.66,0.286077,55.00,1184.384399,3858.26,0.000049,7605.00
64.450,4826.95,-58.03,0.179973,50.00,1156.842896,4647.69,0.000231,11165.00
64.500,5108.40,-57.65,0.163872,30.00,711.544434,4631.36,0.000308,11215.00
64.550,3779.28,-60.63,0.151703,30.00,480.005188,3992.55,0.000163,8535.00
64.600,3894.66,-57.05,0.186179,35.00,739.310059,3953.12,0.000340,8640.00
64.650,4234.73,-54.65,0.230653,220.00,666.982056,4033.47,0.000447,9520.00
64.700,4312.57,-57.83,0.156146,60.00,772.561646,4045.26,0.000338,9740.00
64.750,4615.45,-59.91,0.120603,60.00,567.549072,4287.30,0.000290,10615.00
64.800,5681.63,-57.39,0.139354,55.00,497.060547,4625.99,0.000437,11630.00
64.850,5373.11,-57.65,0.147070,55.00,499.126465,4486.11,0.000359,11080.00
64.900,6001.03,-57.77,0.129498,55.00,430.612762,4490.27,0.000439,11245.00
64.950,6514.56,-56.73,0.123786,55.00,377.532227,4580.43,0.000636,11770.00
65.000,5666.11,-57.61,0.132696,335.00,492.216919,4584.96,0.000436,11480.00
65.050,4351.18,-61.49,0.113299,330.00,328.225250,4168.24,0.000204,9450.00
65.100,4941.06,-59.10,0.120671,55.00,519.623962,4475.84,0.000354,11075.00
65.150,5503.09,-57.33,0.138654,365.00,403.063782,4651.30,0.000441,11590.00
65.200,4719.76,-60.52,0.111865,55.00,382.270538,4554.39,0.000276,10870.00
65.250,3122.32,-62.06,0.155283,190.00,782.749512,4156.82,0.000124,8580.00
65.300,3635.65,-57.63,0.320795,85.00,1228.379883,4541.27,0.000108,10305.00
65.350,3863.47,-57.93,0.367052,55.00,1247.494019,4511.37,0.000068,10275.00
65.400,4700.03,-58.21,0.259268,55.00,1049.031738,4780.01,0.000108,11180.00
65.450,5223.58,-58.85,0.151456,50.00,1081.097656,4911.10,0.000253,11625.00
65.500,5275.05,-58.22,0.156483,45.00,581.188965,4754.69,0.000277,11410.00
65.550,4145.62,-61.31,0.156365,40.00,508.363983,4344.64,0.000116,9535.00
65.600,4914.19,-60.29,0.159743,40.00,488.948242,4710.87,0.000151,11155.00
65.650,5708.59,-58.29,0.169153,40.00,497.956085,4832.62,0.000237,11695.00
65.700,4593.92,-60.61,0.158991,40.00,289.216034,4624.85,0.000138,10945.00
65.750,4189.95,-61.54,0.144544,40.00,380.458954,4454.19,0.000120,10560.00
65.800,5648.97,-58.12,0.155373,40.00,449.008240,4740.16,0.000257,11655.00
65.850,5379.07,-59.56,0.143330,40.00,290.379028,4721.46,0.000202,11515.00
65.900,4338.15,-59.42,0.140176,40.00,462.815704,4036.36,0.000244,9500.00
65.950,4400.94,-54.55,0.222550,40.00,879.311890,4063.85,0.000459,9680.00
66.000,4337.98,-54.80,0.220880,50.00,623.233643,4017.10,0.000430,9520.00
66.050,3714.87,-59.71,0.149506,50.00,824.096680,3782.66,0.000204,8125.00
66.100,4777.80,-60.63,0.116299,50.00,496.737061,4779.56,0.000252,11285.00
66.150,5846.01,-58.60,0.130286,50.00,405.384918,4932.30,0.000350,11985.00
66.200,4730.81,-60.56,0.118036,50.00,325.448395,4552.85,0.000240,10945.00
66.250,4232.31,-61.02,0.122447,50.00,322.581940,4211.83,0.000198,9915.00
66.300,5220.43,-57.15,0.153608,50.00,486.827942,4583.32,0.000385,11210.00
66.350,4652.17,-57.81,0.150624,50.00,413.100311,4417.82,0.000356,10575.00
66.400,3474.26,-60.70,0.140750,145.00,589.489136,3920.02,0.000210,8090.00
66.450,3642.16,-58.14,0.274871,85.00,1248.896362,4548.18,0.000130,10305.00
66.500,3847.88,-58.39,0.362403,60.00,1273.137207,4763.49,0.000065,10655.00
66.550,3250.15,-62.20,0.313072,55.00,1233.516724,4373.28,0.000027,9460.00
66.600,4412.52,-60.24,0.180131,50.00,1106.718018,4759.86,0.000147,11070.00
66.650,5429.22,-58.53,0.144108,40.00,532.975342,5029.80,0.000368,11805.00
66.700,4196.35,-61.46,0.138986,35.00,498.038330,4755.54,0.000169,10845.00
66.750,3019.49,-62.37,0.176843,35.00,575.880493,4210.95,0.000086,8870.00
66.800,3770.86,-58.26,0.314179,85.00,1248.209595,4741.14,0.000091,10635.00
66.850,3842.23,-59.79,0.350510,55.00,1232.636230,4755.75,0.000041,10515.00
66.900,2406.93,-64.89,0.279193,55.00,1046.417603,3928.14,0.000016,7125.00
66.950,3382.52,-60.14,0.291534,85.00,1343.862793,4681.88,0.000067,10435.00
67.000,3521.72,-58.68,0.367266,60.00,1123.071899,4636.94,0.000060,10305.00
67.050,2997.84,-60.63,0.320295,55.00,1239.809937,3903.52,0.000042,7895.00
67.100,4096.67,-58.81,0.201398,50.00,1192.224609,4288.18,0.000161,9890.00
67.150,4949.27,-57.29,0.165925,30.00,833.975647,4561.09,0.000353,11100.00
67.200,4080.60,-59.96,0.148981,30.00,524.643250,4289.78,0.000203,9825.00
67.250,3697.48,-59.24,0.154147,35.00,575.572510,3900.47,0.000240,8300.00
67.300,4216.12,-54.49,0.235374,220.00,837.381958,4025.25,0.000434,9365.00
67.350,4114.92,-55.96,0.204427,55.00,767.862427,3993.15,0.000356,9125.00
67.400,3501.62,-60.67,0.176988,50.00,795.456421,3831.46,0.000124,8085.00
67.450,4942.36,-58.59,0.179978,50.00,546.516907,4713.37,0.000193,11215.00
67.500,5495.01,-58.12,0.179798,50.00,468.880859,4776.47,0.000214,11520.00
67.550,4292.35,-60.88,0.174815,50.00,472.191101,4337.11,0.000109,9580.00
67.600,5104.20,-60.17,0.152528,50.00,532.178467,4789.43,0.000167,11370.00
67.650,5771.42,-58.08,0.143840,50.00,353.732361,4868.60,0.000351,11735.00
67.700,4589.92,-59.86,0.136657,50.00,376.406494,4514.03,0.000225,10665.00
67.750,3972.69,-60.57,0.161311,50.00,502.658417,4158.63,0.000138,9410.00
67.800,5098.05,-57.50,0.184414,50.00,481.097992,4582.73,0.000256,11170.00
67.850,4624.57,-58.52,0.175342,50.00,404.811676,4450.70,0.000213,10705.00
67.900,2932.44,-62.96,0.164504,50.00,508.767456,3779.52,0.000078,7570.00
67.950,3475.26,-59.02,0.279150,45.00,1242.314331,4545.29,0.000092,10265.00
68.000,3680.24,-57.53,0.366707,60.00,1178.781128,4426.77,0.000079,9850.00
68.050,3354.97,-59.83,0.304204,55.00,1155.694214,3796.13,0.000054,7740.00
68.100,4168.54,-58.48,0.196739,50.00,1152.262817,4195.45,0.000176,9735.00
68.150,5011.62,-57.08,0.168221,45.00,772.345093,4542.44,0.000345,11120.00
68.200,4326.15,-59.39,0.147601,40.00,595.384277,4280.97,0.000233,9975.00
68.250,3961.45,-61.49,0.128357,40.00,416.809784,4289.31,0.000158,10090.00
68.300,5663.74,-58.23,0.141655,40.00,498.765564,4842.66,0.000310,11690.00
68.350,5275.55,-58.81,0.151248,40.00,311.257050,4740.07,0.000243,11540.00
68.400,3714.20,-61.54,0.137880,40.00,473.914276,4060.10,0.000149,8930.00
68.450,4732.01,-58.22,0.148573,40.00,451.232025,4450.82,0.000310,10920.00
68.500,5024.92,-58.36,0.152819,40.00,466.668427,4670.77,0.000282,11240.00
68.550,3504.97,-61.98,0.141580,40.00,436.077087,4112.75,0.000183,8740.00
68.600,3913.26,-56.85,0.181319,40.00,758.396362,3978.03,0.000496,8695.00
68.650,4283.67,-54.43,0.225627,50.00,694.187744,4055.97,0.000629,9585.00
68.700,3916.86,-57.87,0.172520,55.00,780.140564,3920.78,0.000356,8515.00
68.750,3627.24,-60.11,0.178361,50.00,676.960571,3954.55,0.000137,8440.00
68.800,5042.84,-58.13,0.186947,50.00,486.811554,4708.36,0.000210,11280.00
68.850,4789.10,-59.75,0.171549,50.00,502.011749,4749.47,0.000154,11160.00
68.900,3462.93,-64.25,0.155885,50.00,410.923401,4240.34,0.000065,9030.00
68.950,5420.29,-59.77,0.171745,50.00,487.789062,4948.17,0.000185,11675.00
69.000,5195.25,-58.52,0.181813,50.00,380.148193,4802.76,0.000247,11400.00
69.050,3769.70,-61.04,0.169412,50.00,541.122620,4128.62,0.000129,8730.00
69.100,3374.09,-59.57,0.233860,45.00,1034.557373,4319.87,0.000101,9290.00
69.150,3681.18,-58.25,0.352170,60.00,1178.413818,4684.75,0.000066,10510.00
69.200,3234.31,-60.79,0.356754,55.00,1311.029053,4362.31,0.000030,9325.00
69.250,3474.42,-61.77,0.243530,50.00,1122.254761,4348.76,0.000047,9760.00
69.300,5465.25,-58.75,0.148049,50.00,832.886047,4956.60,0.000267,11795.00
69.350,5090.21,-60.18,0.135181,40.00,546.145325,4945.19,0.000203,11625.00
69.400,3227.61,-62.52,0.142782,35.00,513.890076,3903.97,0.000107,7985.00
69.450,3649.62,-58.13,0.277315,85.00,1187.416992,4514.48,0.000114,10225.00
69.500,3844.26,-58.78,0.354166,60.00,1208.215698,4804.01,0.000055,10735.00
69.550,2770.22,-63.83,0.308976,55.00,1173.595703,4201.66,0.000016,8165.00
69.600,3087.79,-60.15,0.271674,50.00,1331.914795,4308.24,0.000078,8925.00
69.650,3634.66,-57.89,0.351855,60.00,1160.221802,4636.40,0.000085,10345.00
69.700,3228.52,-60.80,0.345248,55.00,1286.436157,4330.40,0.000033,9080.00
69.750,3634.59,-60.14,0.235706,50.00,1154.020264,4118.52,0.000080,8555.00
69.800,5079.25,-57.09,0.163890,50.00,1026.342285,4608.26,0.000362,11195.00
69.850,4939.59,-59.24,0.143408,30.00,545.582092,4689.99,0.000244,11135.00
69.900,3256.59,-61.51,0.138655,35.00,542.546509,3779.15,0.000159,7460.00
69.950,3909.49,-55.30,0.227981,35.00,892.388489,3918.17,0.000363,8690.00
70.000,4173.57,-55.23,0.222586,60.00,670.385193,4003.67,0.000373,9355.00
70.050,3580.79,-59.54,0.171804,55.00,874.198181,3800.68,0.000183,8020.00
70.100,4468.84,-58.78,0.159576,55.00,540.083313,4378.30,0.000241,10535.00
70.150,5566.98,-57.47,0.157285,55.00,472.988129,4653.08,0.000330,11585.00
70.200,4816.30,-60.50,0.124008,55.00,405.990814,4544.07,0.000214,10985.00
70.250,4735.68,-61.48,0.119096,55.00,376.621521,4636.60,0.000175,11200.00
70.300,5504.98,-58.20,0.150074,55.00,429.209290,4838.38,0.000284,11685.00
70.350,4959.27,-59.21,0.152379,55.00,301.626282,4713.90,0.000213,11185.00
70.400,3394.21,-62.49,0.145567,55.00,413.538605,3946.70,0.000103,8235.00
70.450,4826.48,-58.26,0.171476,55.00,450.081299,4533.11,0.000239,11065.00
70.500,4911.62,-57.35,0.173713,55.00,382.178436,4449.99,0.000299,10955.00
70.550,3628.57,-59.78,0.172206,55.00,539.484436,3758.75,0.000168,8035.00
70.600,3322.18,-59.03,0.241495,50.00,1062.774658,4127.45,0.000121,8835.00
70.650,3683.21,-57.52,0.350185,60.00,1027.598511,4535.55,0.000088,10265.00
70.700,4482.94,-56.88,0.338035,55.00,1211.220703,4613.95,0.000096,10800.00
70.750,5423.09,-56.04,0.207864,50.00,1106.358521,4406.28,0.000298,11100.00
70.800,5427.10,-56.28,0.153709,50.00,947.767395,4479.25,0.000485,11240.00
70.850,4907.75,-57.79,0.154975,45.00,456.186584,4578.80,0.000314,11075.00
70.900,5793.43,-57.71,0.129597,40.00,510.679749,4633.21,0.000434,11370.00
70.950,5768.48,-57.09,0.144500,40.00,414.099335,4644.26,0.000425,11575.00
71.000,5372.79,-58.08,0.146756,40.00,283.088776,4659.60,0.000323,11465.00
71.050,4025.40,-61.93,0.124688,40.00,397.871429,4239.46,0.000150,9480.00
71.100,4725.71,-59.53,0.134605,40.00,347.405304,4451.76,0.000252,10670.00
71.150,5684.20,-58.36,0.122520,40.00,304.801666,4805.85,0.000394,11685.00
71.200,4724.22,-61.85,0.103621,40.00,339.653076,4762.30,0.000200,11145.00
71.250,3692.04,-59.10,0.146931,40.00,608.052917,3854.59,0.000267,8345.00
71.300,4302.20,-54.67,0.227802,395.00,787.204956,4008.18,0.000401,9410.00
71.350,4250.74,-56.65,0.188215,55.00,645.291748,4028.65,0.000318,9410.00
71.400,3536.21,-61.97,0.153708,50.00,730.020874,3935.90,0.000099,8260.00
71.450,4986.15,-58.08,0.180507,50.00,493.745758,4626.26,0.000217,11135.00
71.500,5111.74,-58.10,0.182519,50.00,296.123932,4717.88,0.000209,11410.00
71.550,3808.81,-62.61,0.163850,50.00,457.084930,4253.90,0.000070,9635.00
71.600,4638.31,-59.26,0.177201,50.00,417.423553,4428.06,0.000161,10770.00
71.650,5131.04,-57.22,0.190036,50.00,442.146332,4625.51,0.000259,11220.00
71.700,4383.48,-59.88,0.181411,50.00,509.249725,4363.24,0.000134,10240.00
71.750,3105.45,-61.19,0.207949,50.00,714.868713,3933.09,0.000084,7500.00
71.800,3591.17,-58.45,0.324533,50.00,1252.339355,4624.43,0.000077,10475.00
71.850,3464.62,-60.14,0.368460,55.00,1305.965698,4616.37,0.000035,10305.00
71.900,2603.30,-64.60,0.282002,50.00,1133.967285,3843.47,0.000016,6640.00
71.950,5425.50,-59.45,0.155095,50.00,1038.800659,4897.27,0.000194,11665.00
72.000,5662.32,-58.42,0.119494,40.00,538.615479,4804.53,0.000418,11715.00
72.050,3821.65,-62.43,0.127847,35.00,403.551239,4270.91,0.000123,9410.00
72.100,3346.62,-60.18,0.218774,35.00,988.373901,4436.56,0.000102,9900.00
72.150,3817.19,-56.79,0.341555,60.00,1210.847168,4568.47,0.000108,10330.00
72.200,4331.32,-56.45,0.338403,55.00,1240.620605,4220.70,0.000104,9410.00
72.250,4541.59,-56.30,0.270615,50.00,1091.759521,4226.60,0.000180,9560.00
72.300,3706.00,-56.43,0.331933,85.00,1361.069214,4399.66,0.000135,9800.00
72.350,3665.29,-58.34,0.367373,55.00,1301.419556,4520.13,0.000060,10205.00
72.400,4704.77,-58.57,0.283152,55.00,1159.967407,4852.08,0.000082,11220.00
72.450,5301.74,-58.41,0.176296,50.00,1162.614746,4833.87,0.000220,11595.00
72.500,5479.68,-58.48,0.152136,370.00,618.907471,4782.14,0.000281,11670.00
72.550,3867.85,-61.79,0.126645,35.00,497.161804,4189.19,0.000156,9410.00
72.600,3981.23,-56.50,0.193474,35.00,773.284851,3900.80,0.000335,8700.00
72.650,4227.58,-54.34,0.240669,220.00,675.230469,3994.42,0.000419,9270.00
72.700,4100.73,-57.61,0.177155,60.00,836.866455,4022.92,0.000278,9240.00
72.750,4005.67,-60.11,0.154427,55.00,585.619568,4211.61,0.000178,9590.00
72.800,5073.82,-57.48,0.172619,55.00,516.817871,4584.07,0.000289,11190.00
72.850,4747.48,-58.46,0.157131,55.00,451.436798,4470.01,0.000269,10900.00
72.900,3676.67,-61.55,0.150681,55.00,491.456848,4002.90,0.000125,8910.00
72.950,4730.59,-57.77,0.176002,55.00,512.760986,4519.89,0.000267,10840.00
73.000,4942.11,-57.96,0.164009,55.00,389.299957,4601.41,0.000288,11120.00
73.050,4189.23,-61.10,0.143410,55.00,499.449005,4301.87,0.000150,10020.00
73.100,6227.79,-57.39,0.126908,55.00,472.015808,4860.98,0.000505,12230.00
73.150,7155.76,-56.28,0.143967,55.00,401.872711,4843.76,0.000529,12640.00
73.200,6563.30,-57.65,0.126086,55.00,317.816254,4861.38,0.000452,12285.00
73.250,4644.90,-60.02,0.144800,55.00,460.179138,4717.27,0.000196,11030.00
73.300,3008.48,-62.22,0.183569,50.00,580.656921,3597.89,0.000081,6835.00
73.350,3511.93,-61.20,0.182617,45.00,584.456238,3827.23,0.000104,7930.00
73.400,3728.25,-61.96,0.180253,45.00,688.583252,4021.25,0.000081,8610.00
73.450,3482.26,-63.31,0.179571,40.00,535.126709,3999.46,0.000052,7405.00
73.500,3376.64,-64.17,0.172358,40.00,457.453125,4118.78,0.000043,7640.00
73.550,2974.67,-65.07,0.159114,40.00,381.525818,3987.09,0.000042,7250.00
73.600,3140.85,-63.18,0.173816,40.00,497.946381,3896.52,0.000064,7745.00
73.650,3623.27,-61.81,0.176391,40.00,328.373962,4075.39,0.000086,8915.00
73.700,4122.87,-61.37,0.147982,40.00,478.325348,4185.40,0.000115,9340.00
73.750,5509.88,-58.62,0.144979,40.00,377.436462,4226.28,0.000236,10585.00
73.800,4839.72,-60.72,0.143223,40.00,222.035767,4178.66,0.000130,9850.00
73.850,3579.54,-64.40,0.142718,40.00,248.294327,3651.10,0.000054,7880.00
73.900,4240.95,-58.70,0.167328,40.00,464.359497,3918.53,0.000225,9200.00
73.950,4116.05,-54.99,0.232599,40.00,830.380005,3984.58,0.000368,9245.00
74.000,4256.70,-55.45,0.218391,50.00,716.972534,4033.05,0.000348,9640.00
74.050,3647.66,-61.13,0.159034,50.00,863.771057,3926.46,0.000119,8440.00
74.100,4765.08,-60.27,0.157705,50.00,529.987061,4756.05,0.000149,11220.00
74.150,5563.41,-58.26,0.174027,50.00,330.283813,4850.63,0.000216,11775.00
74.200,4681.20,-60.70,0.140926,50.00,428.096649,4535.28,0.000160,10870.00
74.250,4162.43,-61.07,0.139020,50.00,327.927765,4172.53,0.000153,9945.00
74.300,5049.13,-57.01,0.179006,50.00,498.074402,4514.39,0.000307,11045.00
74.350,4712.18,-58.30,0.182958,50.00,456.287659,4482.01,0.000210,10695.00
74.400,3451.53,-61.20,0.182716,50.00,573.808533,4002.05,0.000107,8540.00
74.450,3660.82,-58.31,0.275541,50.00,1239.755615,4563.59,0.000119,10330.00
74.500,3751.09,-58.76,0.364832,60.00,1221.427856,4741.96,0.000056,10595.00
74.550,3067.43,-62.49,0.315075,55.00,1152.257812,4225.94,0.000022,8630.00
74.600,4573.96,-60.55,0.176881,50.00,1199.303467,4734.72,0.000109,11120.00
74.650,5482.14,-57.74,0.125111,40.00,760.693054,4762.86,0.000486,11630.00
74.700,4399.34,-59.90,0.131928,35.00,479.288818,4480.10,0.000242,10440.00
74.750,4021.15,-59.86,0.176361,35.00,610.922791,4532.79,0.000156,10000.00
74.800,4679.12,-56.26,0.311064,85.00,1246.357056,4851.67,0.000149,10870.00
74.850,4186.34,-57.43,0.349410,55.00,1214.947754,4603.89,0.000081,10370.00
74.900,2956.37,-60.91,0.292555,55.00,1110.020020,3749.25,0.000046,7075.00
74.950,3503.76,-57.97,0.296702,85.00,1347.490845,4378.70,0.000106,9765.00
75.000,3734.95,-58.22,0.364604,60.00,1158.388428,4607.70,0.000061,10450.00
75.050,3002.55,-62.48,0.315499,55.00,1202.809204,4087.68,0.000022,8385.00
75.100,4388.53,-59.98,0.184432,50.00,1159.599365,4726.28,0.000134,11100.00
75.150,5121.12,-57.64,0.152945,30.00,811.661072,4859.07,0.000377,11640.00
75.200,4325.54,-60.64,0.135561,30.00,445.317017,4642.28,0.000193,10745.00
75.250,5209.38,-56.30,0.159456,35.00,557.242798,4606.12,0.000450,11295.00
75.300,4605.85,-53.55,0.240012,220.00,829.021545,4261.27,0.000512,10360.00
75.350,3949.62,-56.31,0.196995,60.00,768.584473,3935.90,0.000357,9010.00
75.400,3437.04,-61.33,0.135898,60.00,744.587463,3769.97,0.000195,8450.00
75.450,5257.63,-58.55,0.134768,365.00,574.964355,4788.12,0.000389,11600.00
75.500,5666.79,-58.27,0.126911,55.00,353.749725,4826.82,0.000447,11755.00
75.550,5129.69,-60.71,0.102064,55.00,419.954559,4579.46,0.000301,10820.00
75.600,6373.71,-57.42,0.122682,55.00,354.343964,4473.09,0.000533,11515.00
75.650,6305.18,-57.31,0.128459,335.00,385.020935,4619.86,0.000502,11800.00
75.700,5852.41,-59.08,0.109478,335.00,345.812286,4614.64,0.000395,11435.00
75.750,6076.54,-58.47,0.099674,55.00,414.742401,4758.49,0.000598,11705.00
75.800,6035.84,-57.82,0.119349,55.00,326.846619,4912.63,0.000535,11990.00
75.850,5647.72,-60.47,0.090200,55.00,318.116760,4938.57,0.000415,11900.00
75.900,3132.95,-64.27,0.100048,55.00,367.673187,3978.58,0.000140,7800.00
75.950,3464.05,-58.32,0.261157,85.00,1194.521851,4399.22,0.000132,9850.00
76.000,3647.97,-57.38,0.366351,55.00,1260.816406,4465.38,0.000084,10065.00
76.050,4467.59,-57.75,0.310793,55.00,1096.116821,4726.82,0.000089,11015.00
76.100,4840.49,-57.93,0.187435,50.00,1186.326538,4726.24,0.000220,11210.00
76.150,5544.30,-56.91,0.162772,45.00,786.907227,4697.60,0.000352,11530.00
76.200,6386.34,-57.63,0.140090,40.00,496.122406,4783.11,0.000374,11805.00
76.250,7392.91,-57.73,0.132599,40.00,374.142059,4748.93,0.000402,12655.00
76.300,6910.03,-57.20,0.137357,40.00,278.151459,4823.12,0.000435,12435.00
76.350,5201.58,-59.06,0.148527,40.00,407.671417,4739.45,0.000229,11260.00
76.400,3460.91,-62.18,0.157330,40.00,382.464325,4002.31,0.000093,8480.00
76.450,4710.38,-58.46,0.163853,40.00,505.949677,4663.65,0.000244,11180.00
76.500,4893.28,-58.48,0.156743,40.00,446.624268,4744.48,0.000263,11270.00
76.550,3663.43,-62.86,0.128312,40.00,430.857025,4206.15,0.000113,9410.00
76.600,4000.21,-57.35,0.178824,40.00,729.377319,3964.29,0.000327,8945.00
76.650,4256.78,-54.97,0.225017,220.00,705.211670,4056.32,0.000414,9620.00
76.700,3971.16,-58.72,0.169635,325.00,805.245911,4062.09,0.000221,9240.00
76.750,4155.86,-61.38,0.127324,50.00,563.424072,4470.94,0.000171,10335.00
76.800,5499.15,-58.50,0.143516,50.00,528.671509,4941.97,0.000307,11690.00
76.850,5061.93,-59.85,0.133379,50.00,282.151855,4904.90,0.000239,11525.00
76.900,3311.29,-63.68,0.122597,50.00,385.331909,4105.50,0.000106,8605.00
76.950,4955.93,-58.57,0.153134,50.00,482.633575,4825.09,0.000292,11360.00
77.000,5079.64,-57.64,0.157876,50.00,396.925171,4764.35,0.000352,11310.00
77.050,4274.38,-60.09,0.130985,50.00,585.051208,4345.87,0.000243,9985.00
77.100,3755.69,-59.09,0.215195,145.00,995.275696,4526.46,0.000146,10185.00
77.150,3826.11,-58.05,0.343448,60.00,1252.147949,4764.06,0.000077,10720.00
77.200,3419.71,-60.85,0.342440,55.00,1265.034302,4537.93,0.000031,9855.00
77.250,3775.07,-62.05,0.217611,50.00,1095.496216,4556.13,0.000048,10305.00
77.300,5780.06,-58.58,0.135639,50.00,818.384766,4947.06,0.000323,11930.00
77.350,4952.08,-59.00,0.142283,40.00,487.585693,4751.18,0.000265,11200.00
77.400,3016.57,-62.86,0.149742,35.00,508.515869,3871.92,0.000125,7630.00
77.450,3434.95,-58.99,0.274062,35.00,1165.815918,4568.44,0.000131,10240.00
77.500,4158.34,-56.51,0.356917,60.00,1215.520996,4683.65,0.000137,10420.00
77.550,5650.16,-56.25,0.313381,55.00,1175.117554,4827.37,0.000138,11200.00
77.600,4927.97,-56.33,0.270622,50.00,1276.140869,4941.32,0.000186,11120.00
77.650,3871.78,-56.99,0.353267,60.00,1227.310913,4622.36,0.000099,10360.00
77.700,3411.71,-59.39,0.347989,55.00,1284.032227,4194.35,0.000047,8650.00
77.750,3856.21,-60.08,0.230543,50.00,1093.200806,4256.87,0.000082,9080.00
77.800,5399.85,-57.37,0.153587,30.00,995.972046,4745.00,0.000380,11565.00
77.850,5035.49,-59.32,0.136983,30.00,527.569275,4862.18,0.000269,11525.00
77.900,4396.43,-59.66,0.135938,35.00,430.762665,4486.26,0.000245,10385.00
77.950,4288.92,-54.80,0.222385,35.00,898.984375,4100.86,0.000437,9680.00
78.000,4129.25,-55.31,0.218227,55.00,590.208740,3988.29,0.000385,9235.00
78.050,3476.92,-60.25,0.159176,50.00,924.432190,3820.91,0.000170,7755.00
78.100,4523.16,-60.22,0.160502,50.00,533.629944,4707.65,0.000156,11100.00
78.150,5399.80,-58.21,0.178950,50.00,402.560486,4886.72,0.000215,11655.00
78.200,4483.13,-60.76,0.169291,50.00,379.195862,4529.17,0.000113,10585.00
78.250,4373.27,-60.78,0.140461,50.00,388.844177,4214.35,0.000167,9890.00
78.300,5707.42,-57.48,0.146460,50.00,472.886047,4649.40,0.000380,11550.00
78.350,5434.19,-58.70,0.146088,50.00,276.670959,4654.07,0.000261,11280.00
78.400,4125.83,-61.60,0.143960,50.00,531.810974,4220.00,0.000125,9350.00
78.450,5405.19,-58.39,0.182745,50.00,505.268616,4728.30,0.000201,11305.00
78.500,5561.22,-58.45,0.178456,50.00,312.318054,4845.51,0.000203,11625.00
78.550,4246.05,-60.15,0.155360,50.00,500.907776,4254.92,0.000166,10110.00
78.600,4010.09,-56.83,0.238672,45.00,1049.651611,4277.74,0.000208,9935.00
78.650,3843.04,-56.29,0.352621,60.00,1178.289551,4420.95,0.000116,9950.00
78.700,3381.37,-59.43,0.339864,55.00,1215.733643,4073.58,0.000049,8485.00
78.750,3656.40,-60.32,0.225563,50.00,1098.883545,4016.57,0.000081,8620.00
78.800,5175.21,-57.56,0.179802,45.00,892.308289,4700.69,0.000254,11385.00
78.850,4699.23,-58.45,0.159278,40.00,592.271973,4499.02,0.000261,10870.00
78.900,3617.27,-61.63,0.131465,40.00,521.228027,3886.92,0.000160,8340.00
78.950,5241.94,-58.37,0.141372,40.00,505.577362,4663.06,0.000308,11415.00
79.000,5402.70,-57.58,0.161081,40.00,431.182617,4555.54,0.000310,11340.00
79.050,4383.24,-60.65,0.145732,40.00,409.356293,4075.53,0.000159,9680.00
79.100,5005.10,-59.06,0.140033,40.00,436.407166,4433.57,0.000255,10740.00
79.150,5737.13,-57.63,0.148880,40.00,400.826660,4635.34,0.000344,11440.00
79.200,4841.50,-60.12,0.145276,40.00,406.976532,4487.27,0.000174,10615.00
79.250,3882.98,-58.24,0.169825,40.00,582.159668,3886.73,0.000252,8330.00
79.300,4324.76,-54.33,0.229595,220.00,850.655762,3999.92,0.000453,9320.00
79.350,4370.57,-56.00,0.195491,55.00,677.806519,4027.52,0.000366,9515.00
79.400,3576.47,-61.62,0.149200,50.00,709.345215,3924.22,0.000120,8270.00
79.450,5312.17,-58.83,0.163123,50.00,522.514587,4700.68,0.000198,11550.00
79.500,5495.28,-57.82,0.170503,50.00,315.795013,4542.19,0.000247,11355.00
79.550,4344.13,-60.52,0.166083,50.00,406.228973,3922.50,0.000129,8755.00
79.600,4615.39,-58.39,0.186007,50.00,498.868378,4231.24,0.000215,10310.00
79.650,4995.39,-56.80,0.198116,50.00,490.305817,4546.44,0.000304,11115.00
79.700,4180.81,-59.05,0.183315,50.00,557.669250,4292.17,0.000177,9970.00
79.750,3454.32,-59.91,0.195924,50.00,781.885986,4232.32,0.000141,9175.00
79.800,3953.96,-57.56,0.316991,85.00,1250.135010,4745.22,0.000109,10715.00
79.850,3820.02,-59.22,0.363977,55.00,1275.907471,4709.41,0.000046,10520.00
79.900,3045.59,-62.36,0.287893,50.00,1102.153931,4040.80,0.000033,8145.00
79.950,4925.81,-58.58,0.170762,50.00,997.860107,4830.81,0.000264,11465.00
80.000,5290.35,-58.23,0.149024,50.00,488.461182,4915.70,0.000374,11680.00
80.050,5382.73,-58.40,0.146985,35.00,498.115723,4881.96,0.000316,11660.00
80.100,3885.76,-58.45,0.231585,35.00,965.695557,4599.57,0.000153,10555.00
80.150,3661.72,-58.17,0.344180,60.00,1248.031250,4645.41,0.000073,10495.00
80.200,3285.20,-61.30,0.333874,55.00,1244.025757,4402.55,0.000028,9605.00
80.250,2804.04,-61.54,0.262667,50.00,1097.544189,4042.56,0.000052,7610.00
80.300,3768.60,-56.71,0.325373,65.00,1304.892212,4538.68,0.000135,10235.00
80.350,3846.59,-57.46,0.363831,55.00,1248.939697,4489.76,0.000076,10060.00
80.400,4061.95,-59.49,0.284700,55.00,1170.667358,4337.84,0.000061,10215.00
80.450,5312.69,-57.89,0.169396,50.00,1110.740601,4622.68,0.000261,11225.00
80.500,5794.14,-58.84,0.124212,30.00,696.436279,4846.95,0.000339,11820.00
80.550,3883.58,-63.34,0.113944,30.00,389.387390,4404.96,0.000118,9995.00
80.600,4039.94,-56.95,0.182378,35.00,784.438843,3878.69,0.000359,8575.00
80.650,4234.64,-54.40,0.242942,60.00,718.870605,3918.55,0.000439,9015.00
80.700,4004.03,-57.56,0.187385,60.00,863.373291,3807.24,0.000262,8355.00
80.750,4273.60,-59.80,0.151983,55.00,606.420227,4116.37,0.000179,9750.00
80.800,5789.07,-57.25,0.150635,55.00,404.592010,4651.83,0.000356,11620.00
80.850,5309.32,-58.44,0.149289,55.00,358.394989,4642.65,0.000261,11200.00
80.900,4029.62,-62.38,0.127827,55.00,470.873077,4217.86,0.000122,9610.00
80.950,5146.30,-57.69,0.156068,55.00,519.071899,4553.20,0.000326,11120.00
81.000,5015.87,-57.01,0.181493,55.00,480.914215,4498.89,0.000309,11060.00
81.050,4051.22,-60.14,0.162243,55.00,452.452881,4156.18,0.000157,9030.00
81.100,4801.92,-59.06,0.154653,55.00,502.286041,4496.61,0.000213,10970.00
81.150,5443.57,-57.14,0.170210,55.00,306.716827,4668.88,0.000302,11585.00
81.200,4677.93,-60.40,0.150259,55.00,458.912567,4545.48,0.000151,10860.00
81.250,3303.48,-61.22,0.185248,55.00,667.014709,4079.64,0.000097,8370.00
81.300,3866.55,-57.17,0.322218,50.00,1170.797485,4556.74,0.000110,10025.00
81.350,4201.89,-57.60,0.362467,55.00,1224.620239,4686.87,0.000072,10600.00
81.400,5052.66,-58.03,0.259177,55.00,1057.885864,4904.06,0.000112,11555.00
81.450,5289.65,-58.49,0.148584,50.00,1103.744873,4947.16,0.000289,11710.00
81.500,5353.97,-58.34,0.142297,45.00,524.253540,4910.62,0.000317,11750.00
81.550,3715.70,-60.74,0.138896,40.00,444.388763,4139.09,0.000184,9190.00
81.600,4349.44,-58.79,0.146829,40.00,458.982697,4322.48,0.000274,10525.00
81.650,5094.48,-56.75,0.164159,40.00,441.436249,4448.10,0.000381,11065.00
81.700,4507.61,-58.97,0.148998,40.00,407.165039,4157.03,0.000258,9945.00
81.750,4512.15,-59.85,0.137760,40.00,454.967285,4089.96,0.000231,9830.00
81.800,5756.13,-57.82,0.135998,40.00,303.493805,4572.07,0.000391,11460.00
81.850,5600.19,-60.12,0.104498,40.00,389.354797,4812.36,0.000318,11660.00
81.900,3835.75,-60.92,0.113651,40.00,365.717560,3939.32,0.000256,8455.00
81.950,4214.29,-54.94,0.211848,225.00,856.809875,3951.45,0.000459,8965.00
82.000,4273.52,-55.04,0.216425,50.00,621.482300,3969.71,0.000410,9300.00
82.050,3887.82,-59.38,0.171760,50.00,813.031006,3853.79,0.000174,8310.00
82.100,4926.67,-59.63,0.168428,50.00,532.009521,4612.54,0.000158,11180.00
82.150,5831.82,-58.31,0.171261,50.00,318.910309,4920.17,0.000220,11950.00
82.200,4486.88,-61.58,0.165506,50.00,349.251801,4789.77,0.000093,11095.00
82.250,4183.23,-63.27,0.158670,50.00,290.334167,4629.03,0.000071,10850.00
82.300,5362.62,-57.69,0.175904,50.00,470.755066,4741.44,0.000305,11525.00
82.350,4837.87,-57.78,0.191984,50.00,408.330414,4576.81,0.000250,11080.00
82.400,3727.35,-60.81,0.184133,50.00,578.000305,4330.55,0.000107,9970.00
82.450,3606.16,-58.90,0.282407,45.00,1250.604004,4653.84,0.000092,10555.00
82.500,3776.47,-59.21,0.369385,60.00,1204.836914,4835.90,0.000046,10790.00
82.550,3178.19,-62.31,0.325390,50.00,1174.945068,4344.67,0.000022,9135.00
82.600,4817.45,-59.88,0.192884,50.00,1172.327148,4854.53,0.000112,11390.00
82.650,5860.72,-58.46,0.124355,40.00,734.824402,4927.82,0.000391,11940.00
82.700,4626.40,-61.65,0.124458,35.00,500.757324,4731.69,0.000151,11025.00
82.750,2984.88,-62.56,0.171429,35.00,662.387207,4175.52,0.000090,8655.00
82.800,3696.94,-58.66,0.316214,85.00,1272.975708,4801.17,0.000085,10705.00
82.850,3683.57,-60.40,0.351519,55.00,1246.463257,4793.90,0.000036,10575.00
82.900,2292.45,-64.70,0.282100,55.00,1042.564331,3753.33,0.000017,5950.00
82.950,3373.39,-60.03,0.296148,85.00,1371.288208,4678.96,0.000063,10495.00
83.000,3842.96,-59.81,0.365950,60.00,1135.577637,4928.82,0.000040,10970.00
83.050,5067.53,-59.86,0.313381,55.00,1244.397217,5120.09,0.000043,11660.00
83.100,4974.27,-58.70,0.184267,50.00,1167.111938,4720.58,0.000176,11220.00
83.150,4798.11,-56.64,0.177281,35.00,883.532654,4391.11,0.000364,10770.00
83.200,4056.77,-58.43,0.164022,30.00,496.614441,3980.43,0.000267,9070.00
83.250,3712.31,-57.76,0.175828,35.00,599.528137,3717.16,0.000295,7720.00
83.300,4119.00,-54.37,0.245432,220.00,772.936584,3909.02,0.000411,9075.00
83.350,4877.28,-54.47,0.197444,60.00,745.390808,4183.48,0.000553,10245.00
83.400,5977.94,-56.22,0.142055,55.00,746.177612,4517.03,0.000538,11545.00
83.450,5357.15,-57.52,0.154037,55.00,534.812622,4654.45,0.000334,11515.00
83.500,4752.48,-57.22,0.184264,55.00,503.814667,4417.84,0.000287,10885.00
83.550,3603.13,-59.01,0.187623,55.00,542.428223,3530.04,0.000187,7475.00
83.600,4019.24,-57.88,0.183662,55.00,555.173584,3843.46,0.000256,9000.00
83.650,4730.24,-56.63,0.169387,55.00,591.001404,4297.34,0.000408,10805.00
83.700,4074.83,-58.98,0.168781,55.00,568.999695,4045.38,0.000210,9555.00
83.750,4287.34,-60.22,0.138886,55.00,468.560516,4094.88,0.000209,9785.00
83.800,5475.16,-57.57,0.153553,55.00,421.146057,4555.47,0.000341,11415.00
83.850,5089.32,-58.52,0.148715,55.00,317.423859,4553.32,0.000273,11080.00
83.900,3639.12,-61.04,0.139743,55.00,533.138062,3879.40,0.000159,8185.00
83.950,3636.14,-57.50,0.284348,60.00,1315.780151,4247.95,0.000122,9535.00
84.000,3613.51,-57.24,0.374858,60.00,1152.211792,4286.46,0.000077,9630.00
84.050,3220.11,-59.68,0.313728,55.00,1179.578003,3735.23,0.000056,7190.00
84.100,3688.21,-58.17,0.241793,50.00,1290.749146,4028.26,0.000140,8980.00
84.150,4390.23,-57.00,0.220847,40.00,890.137329,4418.44,0.000223,10715.00
84.200,3696.68,-59.50,0.206388,40.00,578.124878,4001.38,0.000129,8975.00
84.250,3668.83,-60.29,0.193593,40.00,497.310303,3982.19,0.000111,8960.00
84.300,5113.75,-57.39,0.199978,40.00,550.779785,4692.55,0.000216,11515.00
84.350,4528.99,-58.15,0.219742,40.00,450.471985,4477.62,0.000155,10810.00
84.400,3626.70,-60.72,0.206590,40.00,418.918091,3952.03,0.000095,8750.00
84.450,5252.47,-57.84,0.188539,40.00,470.240387,4677.66,0.000236,11320.00
84.500,6030.85,-57.67,0.179869,40.00,351.094971,4712.12,0.000245,11690.00
84.550,4247.94,-61.89,0.173761,40.00,281.471527,4372.13,0.000074,9910.00
84.600,3947.74,-57.40,0.211979,40.00,698.053650,3953.90,0.000218,8790.00
84.650,4308.85,-54.87,0.247568,40.00,502.880493,4046.45,0.000337,9635.00
84.700,3782.36,-58.19,0.208991,40.00,694.818359,3897.38,0.000181,8480.00
84.750,3656.52,-60.54,0.189956,40.00,508.884186,4010.39,0.000114,8980.00
84.800,5251.34,-58.08,0.187120,40.00,412.031677,4814.49,0.000212,11610.00
84.850,5032.56,-59.01,0.180228,40.00,318.745331,4754.52,0.000169,11385.00
84.900,3861.48,-61.97,0.175129,40.00,299.526703,4177.27,0.000076,9490.00
84.950,5072.31,-58.07,0.184063,40.00,334.044373,4644.67,0.000211,11375.00
85.000,4620.51,-56.59,0.206402,40.00,394.446655,4481.16,0.000286,10965.00
85.050,3504.90,-59.00,0.205856,40.00,443.107452,3818.86,0.000157,8475.00
85.100,3382.49,-58.48,0.257246,40.00,1040.763550,4006.11,0.000121,8600.00
85.150,3757.82,-57.59,0.356485,60.00,1265.578247,4573.26,0.000078,10455.00
85.200,3673.19,-59.89,0.336174,55.00,1272.373657,4420.74,0.000040,9730.00
85.250,3711.77,-59.98,0.230478,50.00,1072.243164,3971.62,0.000084,8570.00
85.300,4519.29,-56.53,0.210595,45.00,938.051147,4354.69,0.000277,10570.00
85.350,4186.48,-57.22,0.201284,45.00,652.508362,4202.13,0.000254,9795.00
85.400,3151.67,-60.29,0.198556,50.00,700.675537,3611.75,0.000119,7035.00
85.450,3324.84,-57.61,0.293418,90.00,1164.778198,4132.92,0.000128,9035.00
85.500,3411.61,-57.22,0.358788,60.00,1078.070557,4207.92,0.000094,9375.00
85.550,2803.40,-60.33,0.335044,55.00,1312.644653,3495.27,0.000042,6010.00
85.600,3050.71,-59.09,0.285264,50.00,1277.754272,4028.73,0.000088,7955.00
85.650,3662.21,-57.40,0.345177,60.00,1397.723511,4513.65,0.000092,10210.00
85.700,3419.14,-58.99,0.333677,55.00,1267.262451,4163.71,0.000057,8890.00
85.750,3605.53,-59.33,0.243609,50.00,1061.627930,4020.03,0.000095,8635.00
85.800,5577.78,-56.51,0.159031,50.00,893.480957,4528.73,0.000420,11265.00
85.850,5456.79,-57.29,0.153581,50.00,393.432770,4436.41,0.000338,10990.00
85.900,4004.84,-59.61,0.161721,50.00,402.373688,4100.40,0.000184,9040.00
85.950,4194.80,-55.30,0.223782,50.00,755.573486,4056.70,0.000377,9415.00
86.000,4246.51,-55.54,0.221786,50.00,449.040894,4021.09,0.000349,9620.00
86.050,3597.80,-60.52,0.186763,50.00,769.028564,3783.55,0.000108,7855.00
86.100,4836.06,-59.09,0.170849,50.00,402.021851,4482.98,0.000168,10930.00
86.150,5893.05,-57.64,0.165622,50.00,405.631256,4713.20,0.000260,11790.00
86.200,4779.44,-60.20,0.157663,50.00,255.685898,4543.25,0.000143,10880.00
86.250,3407.80,-61.14,0.185241,50.00,548.929321,4139.86,0.000100,8925.00
86.300,4349.67,-57.10,0.211806,50.00,502.322174,4542.22,0.000240,10840.00
86.350,4240.09,-57.89,0.192421,50.00,535.296082,4398.31,0.000226,10520.00
86.400,3659.19,-60.47,0.179794,50.00,519.863159,3773.58,0.000124,7940.00
86.450,4966.12,-57.89,0.179837,50.00,444.571838,4545.33,0.000230,11135.00
86.500,5442.08,-58.89,0.165509,50.00,378.680328,4907.81,0.000197,11725.00
86.550,3688.65,-63.99,0.156464,50.00,363.877411,4585.47,0.000055,10175.00
86.600,3048.60,-60.59,0.241344,50.00,1043.483643,4340.36,0.000086,9315.00
86.650,3487.93,-57.97,0.356372,65.00,1180.474609,4548.69,0.000079,10235.00
86.700,3875.29,-58.26,0.348705,55.00,1248.286377,4514.71,0.000065,10335.00
86.750,4431.46,-58.05,0.250295,50.00,1157.893799,4573.30,0.000127,10785.00
86.800,4929.44,-57.76,0.200066,30.00,939.946228,4705.25,0.000203,11250.00
86.850,4224.58,-58.91,0.213252,30.00,616.872864,4478.46,0.000136,10550.00
86.900,2911.63,-62.45,0.201333,30.00,484.917664,3650.92,0.000062,6435.00
86.950,4291.71,-58.37,0.212648,30.00,550.260132,4513.67,0.000168,10740.00
87.000,4403.13,-57.78,0.229693,30.00,531.672729,4508.02,0.000167,10785.00
87.050,3212.08,-61.01,0.224090,30.00,590.481018,3768.33,0.000073,7310.00
87.100,4068.66,-59.25,0.212335,30.00,627.786194,4363.75,0.000128,10325.00
87.150,5003.72,-57.27,0.219335,30.00,535.916809,4660.70,0.000192,11250.00
87.200,4131.72,-58.88,0.209872,30.00,493.716949,4430.88,0.000146,10380.00
87.250,4203.14,-57.23,0.213487,30.00,581.568665,4318.02,0.000230,10075.00
87.300,4185.74,-54.78,0.257869,30.00,655.155029,4048.39,0.000340,9425.00
87.350,4047.14,-56.88,0.216557,30.00,560.938843,4006.15,0.000243,9080.00
87.400,3158.00,-63.09,0.180017,30.00,644.107056,3863.80,0.000057,7260.00
87.450,5461.45,-59.89,0.180564,30.00,305.522980,4946.83,0.000130,11750.00
87.500,5691.98,-59.48,0.180471,30.00,208.895615,4936.56,0.000142,11885.00
87.550,3781.70,-63.60,0.176140,30.00,233.631195,4385.87,0.000046,9835.00
87.600,4642.48,-60.02,0.188658,30.00,376.787811,4708.33,0.000116,11110.00
87.650,4845.68,-56.95,0.220563,30.00,542.646790,4632.54,0.000218,11155.00
87.700,3958.96,-58.65,0.221700,30.00,506.163177,4135.10,0.000138,9580.00
87.750,3209.97,-59.90,0.223443,30.00,742.598633,4003.62,0.000105,8550.00
87.800,3554.67,-57.63,0.317607,30.00,1203.806030,4476.43,0.000105,10090.00
87.850,3382.84,-59.21,0.359861,60.00,1255.104980,4444.63,0.000048,9850.00
87.900,2571.01,-63.70,0.282886,55.00,1026.413940,3897.28,0.000030,6545.00
87.950,4472.14,-58.54,0.190568,45.00,1181.570190,4820.04,0.000265,11140.00
88.000,4583.11,-58.09,0.175134,60.00,628.673035,4794.67,0.000366,11145.00
88.050,3274.94,-62.36,0.161047,55.00,680.720947,4080.01,0.000121,8565.00
88.100,3223.23,-59.54,0.239620,55.00,923.293091,4169.09,0.000109,9065.00
88.150,3695.15,-57.29,0.338292,65.00,984.926697,4476.24,0.000099,10305.00
88.200,3290.75,-60.01,0.321120,55.00,1194.765747,4098.81,0.000048,8740.00
88.250,2983.81,-61.19,0.235499,60.00,1085.018311,4016.57,0.000067,8220.00
88.300,3685.11,-57.60,0.318775,85.00,1241.808105,4530.61,0.000104,10310.00
88.350,3511.63,-58.41,0.336672,60.00,1173.289307,4290.95,0.000071,9530.00
88.400,3074.85,-60.54,0.263317,50.00,1128.630005,3572.01,0.000065,6890.00
88.450,4473.21,-57.75,0.203193,50.00,745.159851,4431.47,0.000214,10705.00
88.500,5015.68,-57.77,0.176921,55.00,647.557861,4670.20,0.000257,11215.00
88.550,3816.99,-60.26,0.172189,55.00,443.701050,4108.98,0.000142,9295.00
88.600,3957.12,-56.61,0.213357,55.00,690.419739,3949.58,0.000288,8780.00
88.650,4335.76,-54.95,0.239008,55.00,490.090179,4058.76,0.000364,9745.00
88.700,4101.39,-58.69,0.184400,55.00,719.990906,4026.04,0.000181,9315.00
88.750,4060.09,-60.41,0.174798,55.00,404.706390,4084.10,0.000121,9695.00
88.800,5246.96,-57.81,0.184801,55.00,330.073639,4668.54,0.000222,11515.00
88.850,4792.80,-59.42,0.177926,55.00,328.990326,4715.03,0.000154,11205.00
88.900,3333.71,-62.60,0.173423,55.00,368.710083,3960.21,0.000070,8115.00
88.950,4598.05,-57.73,0.200150,55.00,519.234924,4473.46,0.000208,10830.00
89.000,4672.28,-57.02,0.210417,55.00,463.219696,4376.19,0.000236,10615.00
89.050,3771.85,-60.11,0.198888,55.00,464.440308,3906.35,0.000115,9040.00
89.100,4331.31,-59.14,0.200307,55.00,459.547974,4377.38,0.000144,10530.00
89.150,5069.78,-57.53,0.209452,55.00,510.551788,4678.67,0.000199,11370.00
89.200,4235.11,-60.09,0.193058,55.00,444.243622,4440.31,0.000109,10530.00
89.250,2928.72,-61.16,0.211428,55.00,796.391968,3936.40,0.000086,7315.00
89.300,3320.09,-57.88,0.339553,60.00,1324.745972,4337.59,0.000086,9680.00
89.350,3176.33,-58.81,0.366734,60.00,1270.827148,4123.57,0.000053,8690.00
89.400,2695.97,-61.69,0.274470,55.00,1119.475830,3501.80,0.000043,5535.00
89.450,4339.58,-57.81,0.213865,45.00,1215.765381,4476.72,0.000191,10770.00
89.500,4610.52,-57.44,0.207290,40.00,704.800842,4528.61,0.000223,10985.00
89.550,3776.08,-59.90,0.205687,40.00,497.964966,4104.69,0.000114,9220.00
89.600,4259.63,-59.11,0.214448,40.00,573.736755,4472.95,0.000125,10660.00
89.650,4961.64,-57.22,0.215406,40.00,484.059814,4682.37,0.000213,11260.00
89.700,3991.31,-58.72,0.211470,40.00,585.441406,4132.89,0.000151,9500.00
89.750,3645.76,-59.68,0.207211,40.00,542.958008,3907.08,0.000124,8975.00
89.800,4979.36,-57.47,0.195162,40.00,486.741455,4696.06,0.000234,11270.00
89.850,4627.05,-58.20,0.188690,40.00,439.322540,4548.64,0.000201,10795.00
89.900,3908.23,-58.76,0.192195,40.00,358.603729,3969.08,0.000170,9045.00
89.950,4236.42,-55.24,0.233547,40.00,737.401917,4011.58,0.000327,9380.00
90.000,4361.77,-55.51,0.227555,40.00,380.090027,4030.18,0.000309,9675.00
90.050,3706.58,-60.47,0.180856,40.00,722.392334,3893.59,0.000115,8265.00
90.100,4654.28,-59.53,0.177575,40.00,364.960236,4628.14,0.000148,11100.00
90.150,5644.37,-58.52,0.177977,40.00,288.554626,4959.18,0.000190,11855.00
90.200,4291.38,-61.64,0.172676,40.00,338.924988,4731.44,0.000086,10850.00
90.250,3559.10,-61.74,0.197047,40.00,501.469818,4387.39,0.000074,9590.00
90.300,4974.46,-57.65,0.214083,40.00,415.320465,4841.14,0.000190,11360.00
90.350,4926.19,-58.37,0.188756,40.00,496.851135,4638.49,0.000180,11075.00
90.400,4519.75,-57.75,0.192628,40.00,524.004333,4034.77,0.000213,9390.00
90.450,3972.04,-56.62,0.295642,40.00,1190.648315,4418.71,0.000148,9945.00
90.500,3849.71,-58.57,0.370833,60.00,1240.420288,4789.95,0.000053,10625.00
90.550,3296.81,-61.92,0.301803,55.00,1212.265747,4274.60,0.000028,8955.00
90.600,4117.97,-58.24,0.217126,50.00,1198.315063,4343.32,0.000159,10040.00
90.650,4521.87,-56.47,0.207096,45.00,757.025818,4451.90,0.000283,10705.00
90.700,3826.16,-58.92,0.179059,50.00,732.038147,4088.28,0.000190,9365.00
90.750,3272.70,-59.17,0.218371,50.00,728.794739,3824.21,0.000138,7590.00
90.800,3591.17,-56.93,0.333377,90.00,1252.997559,4325.42,0.000116,9685.00
90.850,4321.70,-56.86,0.355865,60.00,1236.616211,4675.17,0.000089,10560.00
90.900,5255.14,-56.54,0.302586,50.00,1096.203125,4900.30,0.000122,11510.00
90.950,4022.54,-56.41,0.295065,50.00,1309.468628,4589.95,0.000164,10450.00
91.000,3550.33,-57.62,0.349853,60.00,1144.256592,4328.20,0.000085,9710.00
91.050,3110.50,-60.45,0.323146,55.00,1260.317749,3695.43,0.000044,7260.00
91.100,4057.54,-58.60,0.231658,50.00,1115.836548,4197.64,0.000133,9910.00
91.150,5129.74,-56.94,0.170083,50.00,736.997009,4635.15,0.000355,11285.00
91.200,5286.68,-57.74,0.158995,50.00,530.166870,4441.57,0.000291,10685.00
91.250,4608.22,-56.77,0.179237,50.00,469.934509,4166.31,0.000337,9620.00
91.300,4197.57,-54.90,0.236956,50.00,694.843262,4000.62,0.000382,9335.00
91.350,4268.87,-57.03,0.193650,50.00,535.770264,4010.19,0.000285,9570.00
91.400,3533.96,-63.31,0.152502,50.00,621.948914,3908.59,0.000074,8145.00
91.450,5337.41,-59.71,0.162624,50.00,366.337433,4944.39,0.000184,11720.00
91.500,5365.31,-59.01,0.171504,50.00,285.180267,4978.13,0.000203,11810.00
91.550,4137.93,-62.23,0.160661,50.00,349.030396,4551.04,0.000087,10255.00
91.600,4892.72,-58.85,0.170351,50.00,407.135254,4697.22,0.000221,11130.00
91.650,5253.27,-56.44,0.202016,50.00,561.439758,4687.91,0.000317,11380.00
91.700,4282.05,-58.28,0.206587,50.00,566.520020,4209.76,0.000188,10260.00
91.750,4030.15,-59.44,0.203730,50.00,622.319824,3979.08,0.000129,9315.00
91.800,5301.84,-57.84,0.192082,50.00,457.579285,4650.77,0.000206,11420.00
91.850,5042.61,-59.28,0.176595,50.00,435.805267,4713.48,0.000158,11265.00
91.900,3222.59,-62.94,0.170417,50.00,519.514954,4245.17,0.000071,8725.00
91.950,3464.52,-58.76,0.282443,50.00,1272.991333,4561.22,0.000101,10195.00
92.000,3647.57,-57.67,0.368601,60.00,1184.064697,4576.11,0.000076,10235.00
92.050,4344.94,-57.34,0.323820,55.00,1199.799927,4673.93,0.000093,10865.00
92.100,4733.99,-57.38,0.218857,50.00,1139.350098,4615.74,0.000193,11000.00
92.150,4909.12,-57.14,0.201271,30.00,836.430542,4619.66,0.000239,11130.00
92.200,4046.77,-59.31,0.213356,30.00,495.533844,4323.58,0.000122,9790.00
92.250,3508.14,-60.84,0.201896,30.00,450.491364,4133.49,0.000091,8925.00
92.300,4586.46,-57.61,0.213599,30.00,508.415131,4656.65,0.000197,11095.00
92.350,4298.32,-57.95,0.224774,30.00,500.723663,4414.97,0.000161,10425.00
92.400,3409.21,-60.22,0.213506,30.00,473.319977,3815.52,0.000101,8180.00
92.450,4730.20,-57.53,0.209251,30.00,581.047791,4495.54,0.000199,10865.00
92.500,4952.96,-56.77,0.219716,30.00,448.733307,4498.33,0.000222,10975.00
92.550,4032.43,-58.62,0.214368,30.00,530.820984,4178.58,0.000147,9350.00
92.600,4047.72,-56.10,0.236284,30.00,571.586060,4058.06,0.000271,9185.00
92.650,4251.78,-54.59,0.258518,30.00,527.325623,4052.79,0.000352,9555.00
92.700,3919.53,-58.44,0.203906,30.00,720.028442,4051.31,0.000168,9315.00
92.750,3866.68,-62.21,0.179727,30.00,503.333557,4442.65,0.000069,10245.00
92.800,6095.37,-59.26,0.180255,30.00,295.721985,4986.57,0.000142,12060.00
92.850,5554.85,-60.37,0.179047,30.00,163.110153,4972.30,0.000100,11815.00
92.900,3362.61,-64.02,0.177964,30.00,245.286514,4171.22,0.000041,8800.00
92.950,4380.32,-58.12,0.208976,30.00,527.813232,4640.77,0.000175,10915.00
93.000,4633.63,-56.06,0.220774,30.00,386.692108,4480.64,0.000280,10705.00
93.050,5266.92,-56.21,0.199277,30.00,540.935791,4321.42,0.000289,10600.00
93.100,4268.03,-56.89,0.247791,30.00,931.929932,4471.61,0.000190,10355.00
93.150,4099.76,-56.40,0.341092,60.00,1187.937256,4517.66,0.000121,10310.00
93.200,4456.83,-57.40,0.343709,55.00,1253.062256,4265.48,0.000077,9650.00
93.250,3922.95,-59.45,0.241843,50.00,1049.286377,4285.42,0.000087,9630.00
93.300,4661.01,-57.18,0.188189,45.00,1041.031616,4659.22,0.000294,11090.00
93.350,4359.88,-57.77,0.184482,60.00,695.871887,4457.93,0.000266,10420.00
93.400,3366.51,-60.79,0.180546,55.00,634.477417,3969.15,0.000120,8625.00
93.450,3676.01,-57.59,0.283549,85.00,1155.620850,4466.73,0.000125,9960.00
93.500,3818.87,-57.69,0.348933,60.00,951.346375,4633.92,0.000078,10425.00
93.550,3123.33,-61.89,0.293865,55.00,1141.309570,4249.35,0.000032,8935.00
93.600,3085.56,-60.18,0.247348,60.00,1318.922607,4292.68,0.000085,9255.00
93.650,3528.38,-57.41,0.344565,60.00,1067.489136,4433.05,0.000095,9920.00
93.700,4144.01,-57.65,0.314082,60.00,1215.858032,4632.42,0.000102,10715.00
93.750,4998.40,-58.22,0.220472,50.00,1036.590698,4869.88,0.000156,11465.00
93.800,4954.94,-57.41,0.200130,50.00,754.009399,4606.94,0.000238,11135.00
93.850,4325.83,-58.20,0.192559,55.00,616.231873,4238.24,0.000209,10220.00
93.900,3128.22,-59.95,0.205046,55.00,575.556152,3358.02,0.000125,5995.00
93.950,3914.39,-55.35,0.249884,55.00,814.219788,3837.39,0.000300,8450.00
94.000,4422.46,-54.81,0.236115,55.00,517.925659,4105.92,0.000367,9945.00
94.050,5188.28,-57.11,0.178366,55.00,763.609009,4731.94,0.000283,11595.00
94.100,4886.77,-58.74,0.178768,55.00,429.601166,4677.16,0.000175,11345.00
94.150,5120.93,-57.49,0.205102,55.00,496.298126,4513.98,0.000194,11200.00
94.200,4376.79,-59.12,0.208009,55.00,472.385925,4157.48,0.000129,10135.00
94.250,3779.07,-59.60,0.197169,55.00,499.731384,3881.32,0.000133,8865.00
94.300,4488.67,-56.74,0.207872,55.00,542.585266,4320.96,0.000268,10685.00
94.350,4101.03,-57.65,0.207795,55.00,476.279816,4203.66,0.000211,10020.00
94.400,3302.42,-61.22,0.185971,55.00,484.949646,3706.81,0.000096,7215.00
94.450,4899.73,-58.10,0.186992,55.00,504.517365,4588.65,0.000218,11155.00
94.500,5214.71,-57.73,0.189584,55.00,351.590973,4775.95,0.000231,11420.00
94.550,4188.89,-61.91,0.166380,55.00,430.415344,4568.49,0.000084,10710.00
94.600,4188.65,-61.29,0.167236,55.00,513.602905,4223.36,0.000111,10150.00
94.650,4901.60,-60.59,0.147210,55.00,588.491211,4329.56,0.000175,11005.00
94.700,4903.59,-62.62,0.117267,465.00,614.310791,4264.11,0.000134,10900.00
94.750,3855.09,-62.63,0.112809,465.00,539.070190,3731.41,0.000145,8655.00
94.800,3386.28,-62.91,0.134593,905.00,487.442505,3457.20,0.000109,7200.00
94.850,3302.93,-63.92,0.123780,650.00,533.690430,3394.09,0.000101,6645.00
94.900,3396.02,-65.34,0.096635,650.00,452.484283,3666.61,0.000102,7710.00
94.950,4066.68,-63.96,0.097620,430.00,518.895935,4191.14,0.000140,9745.00
95.000,4378.31,-62.25,0.126969,435.00,359.425049,4342.01,0.000136,10510.00
95.050,4615.83,-61.67,0.123539,435.00,353.272675,4360.56,0.000165,10330.00
95.100,6078.92,-59.06,0.092863,435.00,395.566589,4505.77,0.000553,11465.00
95.150,7386.06,-58.06,0.068553,430.00,387.415405,4156.04,0.001220,12105.00
95.200,7037.00,-62.42,0.034024,3120.00,258.988708,4010.81,0.001263,11765.00
95.250,3914.07,-60.79,0.093622,220.00,509.960876,3655.15,0.000367,8080.00
95.300,3649.67,-57.22,0.196915,220.00,693.917236,3314.58,0.000273,6800.00
95.350,3509.20,-59.12,0.158522,220.00,521.596436,3217.21,0.000243,6320.00
95.400,4377.29,-59.43,0.107994,720.00,625.166626,3903.36,0.000419,9315.00
95.450,4868.17,-59.42,0.090563,915.00,357.685394,4056.14,0.000576,9900.00
95.500,4579.51,-61.24,0.077954,845.00,294.152710,3905.52,0.000459,9495.00
95.550,4226.54,-65.69,0.042701,2775.00,273.558350,3659.97,0.000375,8210.00
95.600,4427.91,-62.86,0.061076,1095.00,287.522217,4061.54,0.000433,10385.00
95.650,3985.67,-59.63,0.123456,1090.00,448.384430,3931.04,0.000315,9630.00
95.700,3711.01,-60.11,0.130729,850.00,411.603729,3686.61,0.000262,8700.00
95.750,3212.80,-61.11,0.154025,150.00,801.791260,3512.19,0.000158,6240.00
95.800,2505.99,-61.45,0.307019,85.00,1323.356934,3535.35,0.000040,5940.00
95.850,2844.98,-61.48,0.357374,55.00,1252.655273,3868.61,0.000025,7515.00
95.900,3127.44,-61.19,0.268684,55.00,1026.583984,3687.07,0.000047,7285.00
95.950,3527.47,-57.38,0.305239,45.00,1326.216797,4223.76,0.000122,9250.00
96.000,3581.41,-57.65,0.381341,60.00,1144.286865,4405.04,0.000069,9755.00
96.050,2987.59,-61.39,0.336571,55.00,1300.633789,3985.50,0.000028,8120.00
96.100,3018.16,-59.63,0.293705,50.00,1382.612305,4085.92,0.000070,8500.00
96.150,3308.70,-57.64,0.364501,60.00,1213.243530,4316.86,0.000083,9545.00
96.200,2965.91,-59.88,0.365014,55.00,1444.382446,3900.34,0.000041,7450.00
96.250,2666.41,-61.05,0.299675,50.00,1126.834473,3744.25,0.000046,6435.00
96.300,3549.56,-57.64,0.331351,55.00,1363.846558,4517.82,0.000095,10145.00
96.350,3482.84,-58.25,0.352142,60.00,1078.495117,4354.87,0.000068,9585.00
96.400,3071.13,-60.75,0.286034,55.00,1186.065308,3830.44,0.000051,7410.00
96.450,5130.77,-57.75,0.169987,50.00,1035.339355,4582.04,0.000283,11120.00
96.500,6020.40,-57.14,0.151208,50.00,469.118530,4510.25,0.000391,11440.00
96.550,4572.54,-59.69,0.158845,50.00,351.509460,4250.40,0.000169,9715.00
96.600,3985.75,-56.70,0.207752,50.00,715.285583,4015.35,0.000287,8930.00
96.650,4192.59,-54.75,0.242024,50.00,552.665588,4004.08,0.000382,9365.00
96.700,3829.22,-58.36,0.197095,50.00,790.843994,3897.73,0.000188,8545.00
96.750,4008.78,-60.05,0.179032,50.00,479.589752,4117.40,0.000129,9670.00
96.800,5609.34,-57.35,0.169574,50.00,459.317230,4706.19,0.000282,11630.00
96.850,5326.74,-58.62,0.161357,50.00,277.876251,4660.46,0.000208,11345.00
96.900,3275.16,-62.34,0.172037,50.00,470.038635,4000.57,0.000081,8100.00
96.950,4183.73,-57.91,0.205054,50.00,514.509338,4503.27,0.000205,10630.00
97.000,4329.86,-56.75,0.210284,50.00,611.547852,4366.25,0.000263,10535.00
97.050,3740.78,-58.99,0.199868,50.00,593.513000,3882.85,0.000159,8755.00
97.100,3667.43,-58.23,0.248879,50.00,1103.092896,4250.88,0.000138,9500.00
97.150,3903.95,-57.70,0.350323,55.00,1197.286743,4657.73,0.000081,10490.00
97.200,3506.77,-61.45,0.335179,55.00,1279.307617,4539.00,0.000027,9815.00
97.250,3304.90,-60.81,0.258414,50.00,1117.384399,4379.32,0.000061,9350.00
97.300,4378.78,-55.76,0.329441,85.00,1302.371582,4711.64,0.000154,10550.00
97.350,4527.21,-55.88,0.365436,55.00,1294.586426,4603.92,0.000114,10460.00
97.400,4725.91,-56.57,0.293783,55.00,1148.979980,4526.19,0.000141,10655.00
97.450,5021.07,-56.73,0.211783,30.00,1070.250977,4501.73,0.000256,10845.00
97.500,4819.77,-56.84,0.218835,30.00,731.941956,4490.93,0.000230,10740.00
97.550,3829.09,-59.34,0.213456,30.00,545.205322,4095.29,0.000120,9130.00
97.600,4184.70,-58.71,0.208759,30.00,611.122925,4448.55,0.000151,10395.00
97.650,4549.14,-57.35,0.231507,30.00,521.807434,4611.13,0.000189,11010.00
97.700,3593.44,-59.51,0.219208,30.00,576.897278,4068.80,0.000113,9105.00
97.750,3332.50,-60.35,0.217003,30.00,555.140747,3925.57,0.000093,8280.00
97.800,4775.73,-57.79,0.219368,30.00,569.517395,4677.49,0.000172,11160.00
97.850,4330.28,-58.48,0.215342,30.00,423.041321,4521.94,0.000158,10705.00
97.900,3556.33,-59.32,0.210756,30.00,543.967346,4125.98,0.000136,8565.00
97.950,4047.55,-55.36,0.247791,30.00,737.104919,4019.29,0.000312,9115.00
98.000,4218.85,-55.47,0.235354,30.00,439.942444,4026.98,0.000313,9505.00
98.050,3477.11,-61.29,0.187159,30.00,711.328369,3905.41,0.000087,7975.00
98.100,4864.79,-60.85,0.179042,30.00,343.507965,4828.17,0.000091,11370.00
98.150,5965.01,-58.85,0.181513,30.00,237.724380,4937.23,0.000154,12010.00
98.200,4714.06,-61.66,0.176103,30.00,207.781006,4744.66,0.000075,11130.00
98.250,4134.95,-62.54,0.178282,30.00,221.945572,4513.35,0.000059,10580.00
98.300,4946.66,-57.72,0.211948,30.00,554.062927,4715.08,0.000188,11250.00
98.350,4299.52,-57.81,0.229550,30.00,508.811859,4358.67,0.000172,10460.00
98.400,3496.34,-59.86,0.228216,30.00,599.927368,3935.66,0.000096,8695.00
98.450,3535.75,-57.54,0.295886,30.00,1170.395996,4341.35,0.000123,9615.00
98.500,3716.52,-57.63,0.362425,60.00,1273.735596,4556.50,0.000078,10245.00
98.550,3064.29,-61.76,0.322071,55.00,1139.911377,4212.50,0.000029,8580.00
98.600,4230.05,-59.84,0.203754,50.00,1147.881714,4756.76,0.000120,10990.00
98.650,4895.09,-57.43,0.185548,680.00,774.605896,4839.46,0.000288,11360.00
98.700,4038.58,-59.89,0.176892,55.00,658.104187,4441.83,0.000155,10180.00
98.750,3265.55,-60.28,0.201006,55.00,708.860840,4068.84,0.000114,8820.00
98.800,3720.05,-57.23,0.318003,85.00,1224.576050,4480.57,0.000111,10190.00
98.850,3652.19,-58.25,0.341671,60.00,1156.526978,4366.41,0.000070,9735.00
98.900,2943.95,-61.25,0.260605,55.00,1042.635376,3827.98,0.000052,7830.00
98.950,3659.83,-58.01,0.282723,60.00,1423.306274,4490.83,0.000114,9985.00
99.000,3652.93,-57.49,0.343971,60.00,1068.460815,4436.29,0.000089,9895.00
99.050,3276.84,-59.32,0.296104,50.00,1191.287598,3828.22,0.000069,7960.00
99.100,3980.13,-57.84,0.232774,50.00,1048.503906,4193.98,0.000162,9655.00
99.150,4834.94,-57.08,0.197783,55.00,841.641907,4653.14,0.000258,11190.00
99.200,4567.66,-59.19,0.171103,55.00,519.153992,4592.66,0.000219,10985.00
99.250,4245.52,-57.49,0.189219,55.00,509.968964,4223.75,0.000418,10040.00
99.300,4312.93,-54.85,0.240176,55.00,657.082886,4022.90,0.000574,9585.00
99.350,4261.43,-56.84,0.204275,55.00,554.809875,4014.06,0.000397,9540.00
99.400,3772.50,-61.29,0.172829,55.00,589.148926,3963.21,0.000094,8535.00
99.450,5146.34,-58.14,0.183576,55.00,390.428741,4570.03,0.000200,11330.00
99.500,5144.52,-58.23,0.183100,55.00,291.237396,4695.80,0.000203,11415.00
99.550,3567.81,-62.52,0.170837,55.00,402.117981,4182.93,0.000072,9110.00
99.600,4134.03,-59.36,0.198172,55.00,553.598450,4501.91,0.000138,10680.00
99.650,4520.52,-56.81,0.226947,55.00,519.389221,4523.53,0.000222,10865.00
99.700,3863.19,-58.31,0.215241,55.00,650.235535,4070.42,0.000170,9325.00
99.750,3690.98,-59.45,0.212146,55.00,533.308167,3992.08,0.000124,8985.00
99.800,4829.23,-57.52,0.221253,55.00,629.095154,4586.43,0.000168,11135.00
99.850,4569.03,-59.01,0.210167,55.00,537.554749,4578.79,0.000123,10960.00
99.900,2944.75,-62.38,0.191058,55.00,614.366272,3815.88,0.000069,7060.00
99.950,3364.34,-58.26,0.294500,60.00,1286.243408,4334.87,0.000100,9770.00
100.000,3473.52,-57.35,0.373365,60.00,1005.170532,4300.12,0.000079,9640.00
100.050,3097.77,-60.02,0.309151,55.00,1225.146606,3751.87,0.000051,7495.00
100.100,4064.11,-58.53,0.223161,50.00,1287.530884,4302.99,0.000135,10040.00
100.150,5014.33,-56.80,0.213041,40.00,871.558777,4631.39,0.000232,11170.00
100.200,4422.01,-58.34,0.209492,40.00,545.994690,4438.53,0.000163,10350.00
100.250,4147.53,-59.68,0.208895,40.00,661.051636,4360.55,0.000105,9995.00
100.300,5190.79,-57.51,0.217995,40.00,508.337524,4737.77,0.000164,11370.00
100.350,4623.53,-57.53,0.211874,40.00,554.895325,4394.29,0.000191,10555.00
100.400,3648.64,-60.02,0.204017,40.00,463.075287,3840.86,0.000119,8680.00
100.450,4725.55,-58.24,0.195129,40.00,515.184753,4621.89,0.000202,11155.00
100.500,5026.47,-57.58,0.193749,40.00,406.844513,4656.77,0.000232,11240.00
100.550,4146.33,-58.47,0.194729,40.00,423.754547,4006.40,0.000185,9470.00
100.600,4017.95,-56.40,0.217634,40.00,637.400208,3968.90,0.000286,9075.00
100.650,4320.94,-54.87,0.242500,40.00,516.253662,4051.89,0.000349,9735.00
100.700,4037.74,-58.46,0.196363,40.00,714.840759,3997.01,0.000175,9130.00
100.750,4136.61,-60.03,0.183892,40.00,459.898132,4338.39,0.000122,9930.00
100.800,5358.39,-58.03,0.184089,40.00,380.675690,4882.95,0.000213,11670.00
100.850,4812.51,-60.01,0.180790,40.00,346.514984,4851.71,0.000126,11285.00
100.900,3050.49,-64.15,0.183396,40.00,397.342773,3982.74,0.000040,7875.00
100.950,4585.17,-58.84,0.205121,40.00,526.494202,4815.27,0.000147,11175.00
101.000,4813.69,-57.25,0.219150,40.00,502.793060,4704.19,0.000203,11075.00
101.050,4299.62,-58.76,0.193474,40.00,474.584381,4216.95,0.000159,9485.00
101.100,4150.40,-56.69,0.248013,40.00,988.482361,4298.99,0.000191,9825.00
101.150,3945.99,-56.94,0.353343,60.00,1224.735229,4632.33,0.000093,10555.00
101.200,3584.39,-60.80,0.334024,55.00,1236.406372,4574.75,0.000031,10325.00
101.250,3768.87,-60.41,0.232887,50.00,1073.382324,4403.67,0.000077,10150.00
101.300,4624.56,-56.61,0.216649,45.00,937.903564,4549.21,0.000263,10985.00
101.350,4213.84,-57.56,0.196236,45.00,642.966370,4289.07,0.000243,10150.00
101.400,3224.98,-60.34,0.187998,50.00,680.473389,3737.37,0.000128,7100.00
101.450,3535.26,-57.65,0.292853,90.00,1163.467041,4288.93,0.000122,9630.00
101.500,4095.46,-56.61,0.355739,60.00,1062.438110,4584.76,0.000103,10520.00
101.550,5427.36,-56.17,0.328497,55.00,1291.412476,4852.83,0.000117,11410.00
101.600,4335.65,-56.28,0.282468,50.00,1259.714844,4725.46,0.000185,10790.00
101.650,3540.01,-57.21,0.342984,60.00,1371.149414,4370.26,0.000104,9825.00
101.700,3264.55,-59.46,0.335158,55.00,1257.839111,3921.91,0.000052,8120.00
101.750,3603.10,-60.13,0.252247,50.00,1094.614502,3914.02,0.000074,8500.00
101.800,5208.16,-57.47,0.169764,50.00,889.273010,4642.92,0.000303,11385.00
101.850,5522.77,-57.00,0.157087,50.00,535.670959,4558.06,0.000372,11125.00
101.900,5123.02,-57.50,0.162752,50.00,364.178528,4356.42,0.000300,10460.00
101.950,4155.67,-55.60,0.222014,50.00,767.320068,3997.71,0.000341,9340.00
102.000,4280.45,-55.70,0.219584,50.00,404.437836,3984.05,0.000338,9645.00
102.050,3847.46,-60.78,0.163935,50.00,736.181274,3824.38,0.000129,8430.00
102.100,4962.35,-60.83,0.155962,50.00,379.893829,4748.52,0.000119,11390.00
102.150,5637.92,-58.13,0.167801,50.00,347.511780,4919.57,0.000238,11865.00
102.200,4506.85,-59.34,0.178596,50.00,382.793823,4715.08,0.000166,11015.00
102.250,4193.71,-60.96,0.170956,50.00,369.575928,4623.35,0.000114,10915.00
102.300,5197.49,-57.65,0.180928,50.00,496.161865,4819.13,0.000249,11560.00
102.350,4674.37,-57.40,0.216909,50.00,613.237183,4478.03,0.000198,10875.00
102.400,3936.27,-59.25,0.217568,50.00,528.811768,3906.59,0.000128,9040.00
102.450,4741.87,-57.68,0.203466,50.00,709.254028,4352.45,0.000222,10880.00
102.500,5247.63,-58.25,0.190790,50.00,490.522186,4661.97,0.000197,11450.00
102.550,3844.07,-61.93,0.168367,50.00,480.098145,4350.60,0.000090,9765.00
102.600,3341.33,-60.44,0.231098,50.00,1064.375854,4498.17,0.000089,9890.00
102.650,3639.33,-57.62,0.356524,65.00,1162.130371,4603.19,0.000083,10315.00
102.700,4035.05,-57.52,0.351375,55.00,1260.980347,4543.39,0.000079,10335.00
102.750,4746.24,-57.46,0.248998,50.00,1149.725586,4565.51,0.000146,10755.00
102.800,5160.25,-57.33,0.194570,30.00,927.140442,4634.46,0.000244,11170.00
102.850,4654.69,-57.93,0.208784,30.00,582.014526,4507.13,0.000185,10765.00
102.900,3455.52,-61.09,0.201440,30.00,459.095490,4007.39,0.000088,8710.00
102.950,4290.34,-58.58,0.205540,30.00,538.452576,4557.05,0.000168,10895.00
103.000,4323.03,-58.08,0.223407,30.00,444.322540,4530.43,0.000166,10860.00
103.050,3282.62,-60.71,0.207619,30.00,451.874603,3792.35,0.000091,7520.00
103.100,4874.16,-57.29,0.200084,30.00,526.398499,4258.68,0.000215,10320.00
103.150,5273.36,-56.15,0.205897,30.00,412.709442,4475.47,0.000279,11095.00
103.200,4128.74,-59.29,0.201480,30.00,460.704437,4438.46,0.000132,10420.00
103.250,4006.73,-57.65,0.213013,30.00,511.134827,4168.66,0.000197,9390.00
103.300,4229.92,-54.69,0.257645,30.00,635.484192,4054.38,0.000334,9640.00
103.350,4205.84,-57.00,0.212756,30.00,565.910461,4061.13,0.000236,9680.00
103.400,3407.56,-63.01,0.178578,30.00,599.240417,3976.74,0.000055,8205.00
103.450,5743.53,-59.67,0.178986,30.00,277.895691,4930.56,0.000129,11855.00
103.500,5944.34,-59.59,0.180743,30.00,162.755402,4989.65,0.000129,12010.00
103.550,3860.54,-63.72,0.176178,30.00,217.775299,4452.60,0.000044,10035.00
103.600,4151.58,-59.76,0.195781,30.00,460.606110,4546.67,0.000124,10520.00
103.650,4726.21,-56.33,0.218142,30.00,418.471741,4588.55,0.000265,10910.00
103.700,4920.99,-57.00,0.197782,30.00,476.074097,4476.69,0.000243,11035.00
103.750,4356.49,-57.97,0.212184,30.00,680.524292,4543.75,0.000180,10685.00
103.800,4663.98,-55.42,0.316206,30.00,1168.280029,4672.09,0.000184,10670.00
103.850,4992.79,-55.77,0.357319,60.00,1251.639526,4562.82,0.000117,10635.00
103.900,4666.53,-57.73,0.284381,55.00,1017.497742,4472.64,0.000096,10260.00
103.950,4703.58,-56.66,0.201536,45.00,1224.174561,4594.07,0.000292,10855.00
104.000,4617.17,-56.70,0.186018,60.00,635.071716,4502.79,0.000345,10660.00
104.050,3937.19,-59.71,0.162448,55.00,730.751648,4116.30,0.000177,9480.00
104.100,4078.31,-57.64,0.232143,55.00,866.581299,4462.61,0.000174,10000.00
104.150,4602.79,-55.40,0.341571,65.00,1034.103882,4715.50,0.000159,10520.00
104.200,4570.72,-58.06,0.324172,55.00,1196.347656,4706.12,0.000073,10435.00
104.250,3900.77,-59.57,0.234883,60.00,1085.607666,4454.04,0.000099,9765.00
104.300,3822.57,-57.39,0.320753,90.00,1228.007080,4587.42,0.000108,10165.00
104.350,4097.90,-56.62,0.338412,60.00,1169.091431,4472.95,0.000107,10300.00
104.400,4458.44,-55.95,0.273779,50.00,1057.751465,4427.32,0.000188,10440.00
104.450,4243.20,-55.58,0.306556,85.00,1194.248413,4539.33,0.000191,10260.00
104.500,4871.14,-56.70,0.350403,60.00,1061.452881,4831.45,0.000097,10885.00
104.550,4651.84,-59.16,0.295970,55.00,1276.427490,4522.05,0.000060,10220.00
104.600,4306.77,-55.78,0.250479,50.00,1195.418945,4082.56,0.000238,9565.00
104.650,4420.92,-54.10,0.257599,55.00,884.409912,4039.85,0.000378,9690.00
104.700,4099.13,-56.55,0.208295,55.00,791.467590,3931.22,0.000286,9020.00
104.750,4000.32,-58.04,0.199789,55.00,646.101257,3962.83,0.000207,9130.00
104.800,4744.46,-56.80,0.200385,55.00,515.077759,4483.99,0.000276,10955.00
104.850,4825.57,-58.41,0.178494,55.00,455.102753,4535.78,0.000200,10965.00
104.900,4389.44,-60.25,0.171318,55.00,410.064148,4103.42,0.000126,9515.00
104.950,5107.86,-56.70,0.202602,55.00,519.279785,4418.42,0.000262,10920.00
105.000,4628.05,-56.45,0.221735,55.00,540.425415,4330.14,0.000250,10655.00
105.050,3598.34,-58.94,0.213890,55.00,576.564880,3648.76,0.000142,8000.00
105.100,5135.21,-56.30,0.196339,55.00,534.679077,4332.08,0.000311,10645.00
105.150,6411.41,-55.01,0.190396,55.00,526.788635,4383.45,0.000449,11395.00
105.200,5979.17,-56.06,0.183608,55.00,382.713470,4310.65,0.000353,10945.00
105.250,4382.97,-59.21,0.180046,55.00,487.709259,4243.57,0.000160,9540.00
105.300,2604.09,-63.16,0.193409,60.00,838.780396,3361.08,0.000057,6380.00
105.350,2401.80,-64.73,0.217165,45.00,813.630798,3170.29,0.000028,6095.00
105.400,2818.48,-64.26,0.207107,40.00,739.242798,3294.86,0.000034,6450.00
105.450,3107.54,-62.62,0.199021,40.00,609.438110,3425.41,0.000059,6985.00
105.500,3497.53,-61.22,0.198561,40.00,429.413300,3784.21,0.000083,8200.00
105.550,4767.59,-59.05,0.182555,40.00,442.820801,4553.46,0.000161,10690.00
105.600,6079.74,-58.77,0.169787,40.00,390.108429,4804.45,0.000175,11805.00
105.650,4873.02,-59.78,0.180174,40.00,385.035950,4513.81,0.000126,10720.00
105.700,3938.94,-62.20,0.174393,40.00,272.221771,4119.51,0.000071,9160.00
105.750,3463.22,-66.64,0.156026,40.00,347.932434,4137.59,0.000022,8840.00
105.800,3339.07,-68.62,0.151719,40.00,189.923233,3984.47,0.000011,8350.00
105.850,3216.45,-69.46,0.150871,40.00,67.404175,4106.28,0.000008,8535.00
105.900,2957.02,-64.39,0.160785,40.00,353.245026,3625.15,0.000046,6715.00
105.950,3442.43,-57.37,0.234820,40.00,835.283997,3488.68,0.000192,6895.00
106.000,3545.21,-57.56,0.230187,40.00,392.835114,3365.95,0.000188,6825.00
106.050,3422.68,-62.61,0.167691,40.00,773.002319,3469.18,0.000074,6940.00
106.100,3631.86,-62.53,0.177970,40.00,470.369324,4076.60,0.000071,8505.00
106.150,3730.63,-62.71,0.179330,40.00,203.088104,4183.96,0.000065,8650.00
106.200,5515.40,-60.70,0.165400,40.00,454.019257,4241.26,0.000114,10040.00
106.250,6276.21,-56.80,0.184367,40.00,393.094788,3928.08,0.000300,10265.00
106.300,4815.06,-57.93,0.191391,40.00,468.177826,4037.34,0.000207,9685.00
106.350,2861.38,-64.06,0.179971,40.00,426.897339,3398.96,0.000044,6515.00
106.400,2828.88,-64.65,0.188223,40.00,484.399750,3329.83,0.000034,6350.00
106.450,2931.20,-65.04,0.181328,40.00,353.324127,3577.72,0.000034,6415.00
106.500,2563.78,-68.47,0.163263,40.00,435.414520,3623.70,0.000015,6105.00
106.550,2628.89,-68.56,0.165249,40.00,255.000656,3647.77,0.000013,6475.00
106.600,2985.64,-64.50,0.182452,40.00,452.626068,3760.90,0.000039,7035.00
106.650,3071.86,-63.64,0.180572,45.00,579.204956,3676.62,0.000051,7235.00
106.700,3556.22,-63.54,0.155169,50.00,769.281616,4033.52,0.000060,9100.00
106.750,4579.24,-62.22,0.162911,50.00,527.693665,4436.83,0.000073,11285.00
106.800,4784.39,-63.17,0.160111,50.00,264.801178,4528.08,0.000060,11345.00
106.850,4449.43,-64.15,0.144400,50.00,358.515991,4128.00,0.000052,9150.00
106.900,3645.33,-63.28,0.156479,50.00,370.676697,3617.35,0.000065,8085.00
106.950,3349.09,-62.04,0.183263,50.00,466.702301,3645.23,0.000075,7600.00
107.000,3306.40,-63.37,0.178143,50.00,404.184937,3728.28,0.000057,7530.00
107.050,3552.33,-64.29,0.153925,50.00,446.692566,3976.90,0.000079,8900.00
107.100,4677.04,-61.57,0.151487,50.00,429.035736,4397.06,0.000157,10785.00
107.150,5867.90,-58.45,0.160299,50.00,264.026154,4461.74,0.000306,11475.00
107.200,7271.86,-58.88,0.141990,50.00,369.681366,4702.65,0.000221,12520.00
107.250,4319.20,-58.39,0.162146,50.00,511.745239,4273.27,0.000246,9960.00
107.300,3424.16,-56.95,0.236924,50.00,740.048584,3316.02,0.000223,6505.00
107.350,3210.45,-59.89,0.211780,50.00,634.764099,3085.23,0.000118,5950.00
107.400,2881.05,-65.63,0.180927,50.00,747.375854,3248.69,0.000027,5935.00
107.450,3185.29,-66.31,0.171510,50.00,441.591522,3877.86,0.000024,7185.00
107.500,3525.43,-64.97,0.156282,50.00,431.211792,4094.85,0.000042,9065.00
107.550,4767.24,-61.98,0.143611,50.00,370.377411,4100.07,0.000098,9645.00
107.600,5145.12,-59.62,0.160229,50.00,355.723755,3917.43,0.000161,9665.00
107.650,4141.17,-61.93,0.161274,50.00,257.508545,3888.29,0.000085,8635.00
107.700,3050.45,-68.49,0.137521,50.00,385.605865,3918.22,0.000018,7230.00
107.750,2558.76,-71.97,0.129903,50.00,210.784042,3693.23,0.000006,6705.00
107.800,2931.11,-70.55,0.131456,50.00,83.562874,3690.87,0.000008,7185.00
107.850,2707.46,-71.58,0.131226,50.00,64.224113,3574.47,0.000006,6695.00
107.900,3166.24,-65.67,0.140661,50.00,305.217621,3874.85,0.000042,7125.00
107.950,3014.15,-61.52,0.179977,50.00,727.515015,3699.63,0.000105,6610.00
108.000,2864.14,-62.16,0.201597,35.00,726.836487,3483.92,0.000071,6150.00
108.050,3146.76,-64.57,0.201164,30.00,779.754456,3701.22,0.000035,7165.00
108.100,3473.34,-65.24,0.200879,30.00,557.697571,3931.60,0.000027,8905.00
108.150,3641.80,-64.07,0.194374,30.00,335.663330,4022.17,0.000037,8995.00
108.200,5153.40,-60.80,0.181050,30.00,431.492645,4643.12,0.000094,10845.00
108.250,6168.87,-58.92,0.177453,30.00,360.698212,4657.95,0.000158,11615.00
108.300,4495.14,-59.52,0.196007,30.00,461.176666,4390.91,0.000127,9950.00
108.350,3230.47,-63.43,0.201284,30.00,440.669830,3876.71,0.000044,7140.00
108.400,3685.77,-65.51,0.197149,30.00,429.851166,4279.08,0.000023,9775.00
108.450,3968.58,-65.11,0.192231,30.00,300.866516,4512.41,0.000028,10335.00
108.500,3935.20,-65.64,0.178121,30.00,367.913361,4564.83,0.000025,10185.00
108.550,3371.14,-64.87,0.174366,30.00,371.188843,3962.58,0.000033,8665.00
108.600,3533.94,-57.97,0.229719,30.00,783.351318,3559.90,0.000171,7245.00
108.650,3469.73,-57.06,0.259095,30.00,550.741882,3299.79,0.000186,6435.00
108.700,3083.08,-61.59,0.212519,30.00,782.733887,3047.46,0.000072,5470.00
108.750,2923.40,-63.87,0.198177,30.00,635.585815,3262.07,0.000042,5855.00
108.800,3609.23,-61.59,0.192833,30.00,479.808472,3809.03,0.000078,8740.00
108.850,5816.50,-58.77,0.178901,30.00,422.768433,4652.76,0.000163,11350.00
108.900,7056.23,-58.08,0.175585,30.00,332.396698,4445.06,0.000200,12035.00
108.950,5486.45,-58.75,0.186164,30.00,413.409790,4600.43,0.000151,11215.00
109.000,3666.67,-63.30,0.195759,30.00,381.536316,4390.84,0.000043,9645.00
109.050,3505.38,-66.31,0.196264,30.00,479.132385,4372.82,0.000019,9650.00
109.100,3645.89,-65.48,0.197941,30.00,361.421570,4217.02,0.000024,9455.00
109.150,3370.89,-66.45,0.185251,30.00,402.563812,4111.85,0.000021,9035.00
109.200,3352.67,-68.86,0.170268,30.00,380.585693,4292.33,0.000011,8970.00
109.250,3615.70,-65.15,0.176182,30.00,323.688873,4201.58,0.000030,8970.00
109.300,3583.06,-62.60,0.184389,30.00,616.181396,4113.92,0.000063,8980.00
109.350,3571.82,-63.78,0.163592,55.00,714.123596,4090.54,0.000053,9100.00
109.400,4307.60,-63.53,0.172728,55.00,717.442139,4374.78,0.000052,10895.00
109.450,4392.09,-64.07,0.176094,55.00,263.162781,4357.53,0.000042,10915.00
109.500,3973.70,-65.19,0.157494,55.00,427.650696,4036.83,0.000036,9180.00
109.550,3436.62,-63.85,0.164621,55.00,368.910492,3634.18,0.000051,7665.00
109.600,3098.05,-62.42,0.190014,55.00,476.316071,3484.82,0.000065,6870.00
109.650,2855.88,-63.71,0.183734,55.00,420.072235,3382.48,0.000046,5965.00
109.700,2928.31,-66.18,0.156523,55.00,431.163574,3651.22,0.000027,6945.00
109.750,4337.22,-62.14,0.153122,55.00,333.572571,4056.19,0.000085,8930.00
109.800,6457.08,-57.80,0.158362,55.00,278.967712,4422.28,0.000266,11560.00
109.850,7782.46,-58.08,0.158134,55.00,288.798584,4334.84,0.000249,12715.00
109.900,6253.72,-56.82,0.163921,55.00,385.210144,4663.64,0.000341,11835.00
109.950,3836.96,-56.02,0.236735,55.00,859.645081,3717.40,0.000277,8095.00
110.000,3230.71,-58.28,0.241722,55.00,525.216614,3108.65,0.000152,5945.00
110.050,3038.26,-62.59,0.202691,55.00,785.736877,3241.35,0.000058,6015.00
110.100,2892.44,-63.70,0.196736,55.00,553.856506,3392.77,0.000046,6625.00
110.150,3017.23,-63.82,0.185621,55.00,603.599915,3521.26,0.000046,7085.00
110.200,3219.44,-64.46,0.165602,55.00,420.215912,3807.66,0.000045,8140.00
110.250,4443.81,-61.44,0.156031,55.00,412.540344,4006.18,0.000104,9035.00
110.300,5056.85,-59.97,0.162017,55.00,279.800110,3893.39,0.000151,9415.00
110.350,4467.19,-62.95,0.149921,55.00,271.959900,4039.86,0.000070,9250.00
110.400,3784.23,-66.72,0.146003,55.00,220.878281,4413.52,0.000024,9925.00
110.450,4449.69,-66.29,0.144929,55.00,151.415070,4389.96,0.000025,9525.00
110.500,5692.54,-66.28,0.143373,55.00,134.178833,4654.62,0.000024,11045.00
110.550,5176.52,-66.35,0.144033,55.00,85.472641,4712.16,0.000023,10485.00
110.600,2655.16,-68.50,0.143277,55.00,367.092316,3803.14,0.000016,7800.00
110.650,1366.91,-72.05,0.150640,60.00,678.459412,2327.10,0.000006,2230.00
110.700,1411.07,-73.02,0.160268,45.00,615.041565,2332.73,0.000004,2285.00
110.750,1696.57,-73.41,0.160152,40.00,496.692383,2619.35,0.000003,2430.00
110.800,1733.21,-73.61,0.156405,40.00,215.593643,2902.21,0.000003,2800.00
110.850,1940.82,-73.05,0.153842,40.00,199.641586,3153.65,0.000003,4335.00
110.900,3403.82,-66.74,0.154298,40.00,161.775864,4066.75,0.000020,8420.00
110.950,4189.54,-61.20,0.166859,40.00,290.523376,4175.40,0.000093,10050.00
111.000,4377.99,-60.81,0.166617,40.00,177.141083,4128.18,0.000104,10165.00
111.050,4032.82,-64.15,0.155703,40.00,254.012375,4103.73,0.000042,9755.00
111.100,2953.10,-69.42,0.151205,40.00,165.232819,3829.91,0.000009,7695.00
111.150,1425.11,-75.93,0.149692,40.00,90.793640,2878.34,0.000001,3365.00
111.200,2051.87,-74.06,0.149562,40.00,31.875948,3472.16,0.000002,5240.00
111.250,3375.70,-61.12,0.172454,40.00,534.814636,3526.62,0.000133,7030.00
111.300,3566.84,-57.13,0.231734,40.00,645.589600,3345.92,0.000257,6760.00
111.350,3299.21,-60.61,0.190897,40.00,500.598236,3052.29,0.000134,5780.00
111.400,3535.06,-62.59,0.163170,40.00,578.876343,3987.07,0.000074,8320.00
111.450,5653.96,-57.62,0.177742,40.00,362.658112,4370.63,0.000243,10455.00
111.500,6456.56,-57.67,0.173000,40.00,307.786133,4135.20,0.000235,10735.00
111.550,5297.29,-61.14,0.159412,40.00,329.887939,4188.51,0.000081,10025.00
111.600,4188.60,-61.66,0.169153,40.00,350.064667,3831.00,0.000068,8940.00
111.650,4205.26,-61.08,0.190663,40.00,408.849060,3869.74,0.000078,8775.00
111.700,3824.49,-63.50,0.196693,40.00,350.077972,3814.44,0.000041,8180.00
111.750,3529.79,-65.08,0.188400,40.00,405.356171,3643.04,0.000029,7180.00
111.800,3677.13,-65.31,0.172317,40.00,361.618805,3981.74,0.000029,8730.00
111.850,3859.44,-64.84,0.157139,40.00,357.440002,4403.72,0.000036,10110.00
111.900,5153.13,-59.56,0.165013,40.00,326.040527,4752.69,0.000157,11485.00
111.950,4492.19,-58.77,0.184896,40.00,527.125549,4574.96,0.000178,10555.00
112.000,3126.41,-62.58,0.175712,45.00,624.268250,3743.94,0.000077,7265.00
112.050,2995.58,-64.88,0.161442,50.00,685.485046,3557.76,0.000045,6865.00
112.100,3271.98,-64.92,0.176967,50.00,398.540314,3692.78,0.000037,7300.00
112.150,3059.60,-66.60,0.157677,50.00,329.928009,3570.28,0.000027,6865.00
112.200,3082.29,-66.90,0.144863,50.00,403.790070,3632.62,0.000028,7170.00
112.250,3186.08,-63.00,0.172932,50.00,458.414825,3517.03,0.000067,7150.00
112.300,3144.60,-63.10,0.179058,50.00,376.006592,3405.84,0.000062,6665.00
112.350,3009.97,-65.41,0.150918,50.00,419.201996,3460.28,0.000041,7020.00
112.400,3479.92,-64.77,0.145108,50.00,360.832306,3975.91,0.000052,8585.00
112.450,3450.39,-64.69,0.146580,50.00,134.703644,4002.50,0.000053,8425.00
112.500,2138.40,-71.82,0.139020,50.00,333.028687,3477.36,0.000006,5795.00
112.550,2480.42,-68.39,0.148258,50.00,187.911621,3550.23,0.000017,6010.00
112.600,3352.55,-58.47,0.206102,50.00,839.204102,3481.52,0.000176,6985.00
112.650,3461.30,-57.31,0.242036,50.00,523.481750,3272.52,0.000185,6560.00
112.700,3353.31,-61.35,0.187878,50.00,747.739380,3242.37,0.000090,6125.00
112.750,3372.37,-64.18,0.175291,50.00,631.565125,3829.27,0.000046,6990.00
112.800,3554.80,-66.12,0.176711,50.00,535.693054,4121.55,0.000023,8790.00
112.850,3276.27,-67.48,0.159585,50.00,336.403564,4148.49,0.000018,8795.00
112.900,2587.91,-69.95,0.139678,50.00,386.448486,3816.49,0.000011,6650.00
112.950,2976.81,-66.92,0.152443,50.00,347.095703,3896.55,0.000025,7760.00
113.000,3275.53,-66.53,0.153241,50.00,139.087097,4092.09,0.000027,8665.00
113.050,2910.48,-69.81,0.133922,50.00,354.819122,3989.86,0.000012,7990.00
113.100,3627.02,-67.96,0.132557,50.00,144.286026,4187.43,0.000018,8685.00
113.150,3239.41,-68.63,0.134554,50.00,136.852310,4153.28,0.000015,8505.00
113.200,2012.69,-72.32,0.140424,50.00,240.462799,3484.93,0.000006,6225.00
113.250,2315.08,-67.99,0.162211,50.00,469.093170,3581.35,0.000020,6525.00
113.300,2473.40,-64.93,0.184474,50.00,822.520203,3677.14,0.000039,6505.00
113.350,2493.84,-64.79,0.203845,35.00,791.648315,3596.58,0.000032,6145.00
113.400,2677.91,-65.85,0.200807,30.00,812.473816,3563.75,0.000023,6075.00
113.450,2950.01,-67.15,0.200201,30.00,432.600739,3756.59,0.000013,6480.00
113.500,2872.43,-67.59,0.193421,30.00,433.341370,3813.95,0.000013,6715.00
113.550,2952.77,-68.19,0.184733,30.00,401.436462,4104.20,0.000012,8830.00
113.600,2861.33,-66.36,0.194944,30.00,523.792419,3933.86,0.000022,7005.00
113.650,2800.34,-65.91,0.202612,30.00,419.572357,3612.59,0.000024,6380.00
113.700,2866.35,-65.93,0.198687,30.00,505.697052,3333.96,0.000022,5905.00
113.750,2769.16,-66.21,0.197592,30.00,515.269775,3118.78,0.000020,5445.00
113.800,3280.90,-63.23,0.191460,30.00,448.000580,3638.55,0.000043,7060.00
113.850,5715.83,-58.52,0.182671,30.00,413.987274,4793.40,0.000164,11780.00
113.900,6631.27,-56.50,0.181550,30.00,382.417114,4766.80,0.000305,12360.00
113.950,4414.77,-54.92,0.243322,30.00,844.072327,4146.94,0.000333,9595.00
114.000,3311.56,-57.81,0.250992,30.00,497.511841,3266.14,0.000158,6105.00
114.050,2924.17,-63.79,0.203278,30.00,847.636292,2988.35,0.000038,5465.00
114.100,3102.19,-65.57,0.199784,30.00,457.000702,3332.63,0.000022,6365.00
114.150,3097.04,-64.95,0.198865,30.00,495.214813,3314.17,0.000029,6185.00
114.200,2986.55,-65.18,0.189791,30.00,395.998993,3306.75,0.000030,5950.00
114.250,2909.25,-66.59,0.174490,30.00,406.409698,3492.29,0.000022,6245.00
114.300,3455.88,-63.54,0.186373,30.00,345.885559,3874.55,0.000049,8750.00
114.350,3351.73,-64.41,0.179068,30.00,255.730652,4027.51,0.000039,9020.00
114.400,3330.78,-66.53,0.171511,30.00,323.715637,4378.89,0.000023,9435.00
114.450,4794.07,-61.68,0.179729,30.00,283.428619,4688.64,0.000077,11135.00
114.500,6361.81,-59.13,0.175795,30.00,247.028168,4735.59,0.000151,11900.00
114.550,6244.14,-61.88,0.165800,30.00,268.886749,4894.16,0.000068,11845.00
114.600,3497.04,-62.62,0.179810,30.00,521.973816,4307.30,0.000059,9495.00
114.650,2925.16,-61.84,0.193145,30.00,685.418274,3578.29,0.000081,6165.00
114.700,3275.88,-62.55,0.183512,55.00,863.022583,3705.68,0.000074,6990.00
114.750,4012.97,-61.78,0.182488,55.00,614.161865,3840.09,0.000078,8150.00
114.800,5551.19,-59.30,0.169096,55.00,499.779327,3983.18,0.000171,10265.00
114.850,5953.99,-60.44,0.153549,55.00,322.001678,4156.27,0.000135,11055.00
114.900,3845.44,-65.18,0.147039,55.00,312.920288,4149.51,0.000038,8685.00
114.950,2885.32,-63.79,0.170528,55.00,412.097198,3580.49,0.000059,6270.00
115.000,2568.45,-63.84,0.187788,55.00,442.060608,3433.74,0.000053,4290.00
115.050,2431.89,-66.07,0.178072,55.00,417.200806,3544.19,0.000031,4210.00
115.100,3742.57,-64.57,0.155746,55.00,442.426361,4270.95,0.000046,8890.00
115.150,6114.61,-60.70,0.149768,55.00,341.643890,4297.74,0.000134,10850.00
115.200,5865.28,-61.98,0.145721,55.00,169.039673,4290.33,0.000091,10695.00
115.250,4030.14,-58.88,0.174747,55.00,572.968750,4062.45,0.000203,9205.00
115.300,3748.14,-56.17,0.243319,55.00,701.159912,3606.96,0.000261,7540.00
115.350,3349.24,-58.95,0.224534,55.00,641.078613,3326.71,0.000135,6270.00
115.400,2934.24,-64.25,0.192543,55.00,708.985962,3414.28,0.000036,6180.00
115.450,2668.35,-65.49,0.201967,55.00,514.228333,3522.54,0.000024,6005.00
115.500,2667.18,-65.28,0.185107,55.00,526.200806,3476.96,0.000031,6170.00
115.550,2832.76,-65.72,0.162585,55.00,510.955109,3618.48,0.000034,6795.00
115.600,3101.90,-65.19,0.159278,55.00,361.433289,3904.86,0.000040,7545.00
115.650,3209.87,-64.45,0.162994,55.00,300.478394,4003.84,0.000044,7455.00
115.700,3435.12,-64.89,0.154745,55.00,318.225586,4021.51,0.000040,8355.00
115.750,5841.81,-62.46,0.151257,55.00,307.384949,4290.54,0.000076,10445.00
115.800,6559.07,-62.70,0.149175,55.00,176.266220,4102.73,0.000071,10795.00
115.850,5296.55,-66.99,0.144366,55.00,188.662125,4305.95,0.000019,10150.00
115.900,4100.07,-68.11,0.142793,55.00,106.157913,4679.55,0.000014,10780.00
115.950,5817.15,-60.82,0.145581,60.00,566.532471,5120.59,0.000132,12015.00
116.000,5550.85,-60.07,0.157959,45.00,580.451294,5107.55,0.000149,11955.00
116.050,3836.13,-64.66,0.161545,40.00,651.537903,4539.29,0.000038,10320.00
116.100,5244.14,-61.97,0.163254,40.00,355.905792,4903.89,0.000074,11645.00
116.150,5961.05,-59.48,0.168935,40.00,273.297516,4994.76,0.000145,12055.00
116.200,4709.51,-62.01,0.158964,40.00,259.003113,4701.74,0.000080,11125.00
116.250,3775.08,-60.40,0.180839,40.00,479.463074,3763.29,0.000127,8235.00
116.300,4687.49,-57.21,0.199220,40.00,328.359833,4396.16,0.000247,10920.00
116.350,4606.93,-59.59,0.188606,40.00,474.473083,4507.95,0.000134,10920.00
116.400,3585.20,-63.75,0.187315,40.00,433.900055,3848.46,0.000043,8665.00
116.450,4803.29,-58.61,0.191248,40.00,500.349335,4460.06,0.000165,10955.00
116.500,5164.87,-57.95,0.188516,40.00,506.685638,4595.87,0.000200,11170.00
116.550,4751.80,-59.21,0.183122,40.00,430.001648,4505.87,0.000147,10785.00
116.600,4362.26,-56.21,0.217103,40.00,655.740051,4130.84,0.000277,9965.00
116.650,4242.16,-54.98,0.251314,40.00,559.992371,3985.22,0.000315,9515.00
116.700,3861.24,-58.82,0.205950,40.00,768.232605,3850.25,0.000151,8635.00
116.750,4183.26,-61.57,0.188707,40.00,632.459045,4209.87,0.000079,9880.00
116.800,5808.87,-59.37,0.196252,40.00,417.654022,4737.05,0.000138,11730.00
116.850,5196.43,-60.19,0.195194,40.00,241.365768,4635.23,0.000111,11245.00
116.900,3761.10,-62.66,0.190191,40.00,530.940674,4019.01,0.000060,9225.00
116.950,5347.29,-58.97,0.181290,40.00,487.975220,4669.83,0.000169,11595.00
117.000,5467.63,-58.91,0.186794,40.00,377.931610,4797.10,0.000163,11640.00
117.050,3838.84,-63.32,0.183822,40.00,430.281281,4372.21,0.000050,9780.00
117.100,5258.02,-62.34,0.184756,40.00,451.183899,4909.99,0.000054,11630.00
117.150,6206.55,-60.28,0.187397,40.00,313.912781,5021.47,0.000094,12130.00
117.200,4665.34,-62.42,0.179020,40.00,336.354492,4848.07,0.000061,11250.00
117.250,4026.92,-63.03,0.167027,40.00,404.194153,4571.20,0.000068,10650.00
117.300,4988.05,-58.13,0.179243,40.00,611.191467,4779.14,0.000254,11455.00
117.350,4639.10,-59.32,0.168276,50.00,664.554810,4659.73,0.000202,11070.00
117.400,3714.72,-65.58,0.136568,50.00,612.306580,4389.96,0.000044,9830.00
117.450,5943.04,-60.03,0.147820,50.00,388.554749,4773.93,0.000178,11885.00
117.500,5774.36,-58.78,0.162579,50.00,273.230133,4676.38,0.000220,11685.00
117.550,4634.28,-62.76,0.154223,50.00,406.055817,4500.90,0.000072,10685.00
117.600,4913.75,-60.27,0.166519,50.00,383.241302,4503.04,0.000140,11090.00
117.650,5416.02,-58.32,0.183773,50.00,438.039581,4620.84,0.000212,11425.00
117.700,4778.94,-62.21,0.157690,50.00,401.076355,4653.85,0.000093,10990.00
117.750,4480.38,-63.55,0.142158,50.00,420.948456,4608.68,0.000069,10890.00
117.800,6089.85,-57.41,0.164658,50.00,372.135864,4542.89,0.000288,11505.00
117.850,7058.10,-56.72,0.159908,50.00,360.586243,4183.67,0.000381,11665.00
117.900,6741.18,-56.55,0.154314,50.00,356.886078,4497.11,0.000415,11950.00
117.950,4982.65,-54.25,0.217006,50.00,817.111328,4393.43,0.000477,10665.00
118.000,4338.19,-55.66,0.221221,50.00,472.454956,4057.96,0.000335,9795.00
118.050,3848.91,-61.54,0.178387,50.00,823.370605,3866.62,0.000089,8265.00
118.100,5290.79,-61.53,0.177367,50.00,345.950745,4725.67,0.000081,11550.00
118.150,5843.49,-58.99,0.179499,50.00,486.007599,4785.73,0.000165,11830.00
118.200,4344.86,-60.39,0.168930,50.00,453.056122,4310.62,0.000135,10155.00
118.250,4300.92,-61.35,0.151717,50.00,415.504974,4254.05,0.000121,10270.00
118.300,5620.47,-58.64,0.163785,50.00,426.125763,4759.17,0.000214,11815.00
118.350,5232.00,-59.64,0.164010,50.00,304.072052,4770.43,0.000164,11620.00
118.400,4600.79,-63.89,0.139428,50.00,376.423706,4739.67,0.000067,11020.00
118.450,6833.31,-60.63,0.134056,50.00,302.744690,4864.45,0.000176,12255.00
118.500,6737.47,-59.46,0.137594,50.00,127.986031,4766.19,0.000233,12210.00
118.550,4817.36,-63.91,0.133195,50.00,223.316360,4737.00,0.000064,11055.00
118.600,4492.45,-62.21,0.154528,50.00,586.533875,4923.59,0.000101,11200.00
118.650,4725.64,-58.68,0.189383,35.00,744.348694,4946.11,0.000205,11320.00
118.700,4817.28,-58.41,0.193898,35.00,690.980225,4892.18,0.000208,11440.00
118.750,5475.68,-58.55,0.194242,30.00,671.884521,4892.68,0.000178,11780.00
118.800,5833.17,-59.15,0.195758,30.00,291.086792,4861.51,0.000136,11855.00
118.850,6038.64,-62.01,0.171946,30.00,424.005920,5043.45,0.000068,12030.00
118.900,3950.19,-62.80,0.176784,30.00,349.368378,4243.32,0.000063,9625.00
118.950,5011.21,-58.57,0.201263,30.00,409.849945,4585.95,0.000167,11180.00
119.000,5444.40,-59.48,0.192694,30.00,342.413330,4818.11,0.000128,11665.00
119.050,3917.41,-62.42,0.185321,30.00,358.568329,4225.91,0.000061,9730.00
119.100,5230.18,-58.99,0.195501,30.00,322.270691,4556.02,0.000142,11075.00
119.150,7051.86,-57.29,0.184057,30.00,388.224792,4697.85,0.000242,12235.00
119.200,6775.64,-59.96,0.168865,30.00,343.306793,4885.96,0.000121,12300.00
119.250,3462.00,-59.56,0.199863,30.00,636.511230,3820.18,0.000147,7665.00
119.300,3962.55,-55.24,0.258202,30.00,694.158325,3889.36,0.000311,8655.00
119.350,4065.73,-57.21,0.216005,30.00,637.451111,3919.43,0.000226,8990.00
119.400,3406.39,-63.53,0.174469,30.00,636.247192,3940.46,0.000053,8165.00
119.450,5588.20,-59.30,0.183365,30.00,420.035004,4870.90,0.000153,11755.00
119.500,6299.74,-57.14,0.191224,30.00,257.821808,4574.41,0.000255,11750.00
119.550,7018.73,-57.76,0.179622,30.00,396.184601,4382.52,0.000224,11900.00
119.600,6269.99,-58.68,0.180228,30.00,323.748230,4688.24,0.000179,11785.00
119.650,6324.39,-58.74,0.182106,30.00,232.954941,4777.42,0.000174,11980.00
119.700,5557.41,-60.46,0.173232,30.00,311.533447,4736.50,0.000109,11295.00
119.750,3770.35,-60.49,0.199593,30.00,531.591431,4123.27,0.000102,9425.00
119.800,4744.64,-57.83,0.211214,30.00,352.107819,4614.19,0.000188,11125.00
119.850,5122.38,-60.66,0.176654,30.00,521.621887,4906.93,0.000104,11595.00
119.900,3195.96,-65.85,0.170066,30.00,297.554169,4282.08,0.000027,9340.00
119.950,4276.66,-59.23,0.194124,30.00,605.915222,4655.71,0.000146,10950.00
120.000,4441.28,-58.33,0.180946,55.00,701.676208,4663.32,0.000224,10975.00
120.050,3479.62,-63.04,0.155001,55.00,712.293518,4236.41,0.000079,9635.00
120.100,4985.28,-60.74,0.164463,55.00,484.008881,4750.54,0.000129,11420.00
120.150,6557.23,-57.20,0.172470,55.00,268.622284,4699.74,0.000312,12155.00
120.200,7527.27,-57.64,0.162009,55.00,403.024841,4401.50,0.000288,12590.00
120.250,6696.00,-58.10,0.160649,55.00,285.656647,4584.40,0.000249,11990.00
120.300,6236.58,-58.52,0.163628,55.00,264.368103,4659.24,0.000221,11920.00
120.350,6333.55,-58.42,0.160529,55.00,274.320892,4482.93,0.000221,11650.00
120.400,5003.97,-58.63,0.169592,55.00,414.168518,4391.03,0.000192,10520.00
120.450,5035.75,-59.05,0.167993,55.00,252.488235,4817.34,0.000183,11445.00
120.500,6547.03,-61.34,0.148460,55.00,404.050262,5145.28,0.000109,12335.00
120.550,4065.42,-64.96,0.148475,55.00,232.995529,4768.86,0.000049,10740.00
120.600,3885.09,-57.08,0.205122,55.00,773.307922,3986.15,0.000310,8785.00
120.650,4279.89,-54.81,0.242468,55.00,517.537598,4073.63,0.000416,9650.00
120.700,4078.82,-58.75,0.203093,55.00,759.633850,4069.31,0.000160,9390.00
120.750,4002.36,-62.44,0.184266,55.00,492.042450,4445.59,0.000063,10470.00
120.800,5797.01,-59.43,0.173912,55.00,527.501526,5044.54,0.000159,11980.00
120.850,5909.38,-60.73,0.159011,55.00,355.176544,5002.33,0.000120,11970.00
120.900,5037.47,-63.30,0.146661,55.00,315.952393,4455.98,0.000059,10765.00
120.950,6364.49,-59.88,0.153528,55.00,231.106537,4818.84,0.000152,12050.00
121.000,6366.29,-59.72,0.157052,55.00,180.801010,4876.61,0.000157,12100.00
121.050,5151.21,-63.12,0.147773,55.00,249.304413,4464.89,0.000072,10685.00
121.100,6093.00,-61.81,0.148357,55.00,171.927795,4938.07,0.000117,11980.00
121.150,7242.06,-61.01,0.150380,55.00,140.494751,5016.13,0.000150,12575.00
121.200,6574.66,-65.16,0.144270,55.00,188.097443,5228.70,0.000042,12415.00
121.250,5197.05,-66.49,0.143130,55.00,194.869781,5194.85,0.000031,11685.00
121.300,6116.62,-61.30,0.151087,60.00,676.960571,5197.15,0.000143,12095.00
121.350,5437.43,-62.57,0.158479,45.00,554.921021,5224.12,0.000085,11925.00
121.400,3641.11,-67.42,0.156799,40.00,582.807861,4644.04,0.000023,10370.00
121.450,6505.05,-62.17,0.157778,40.00,280.983002,5139.58,0.000099,12250.00
121.500,6952.53,-62.04,0.156579,40.00,171.658112,5130.86,0.000099,12500.00
121.550,4080.65,-64.79,0.161291,40.00,327.483948,4724.74,0.000041,10800.00
121.600,4382.28,-60.01,0.193752,40.00,476.969208,4625.35,0.000126,10960.00
121.650,5018.64,-57.70,0.198918,40.00,482.021576,4718.48,0.000228,11300.00
121.700,4115.95,-60.40,0.185650,40.00,514.690735,4330.10,0.000121,10190.00
121.750,3687.58,-61.61,0.180120,40.00,399.197754,4159.01,0.000086,9725.00
121.800,5590.44,-58.58,0.170231,40.00,365.827484,4860.93,0.000197,11730.00
121.850,5355.25,-60.03,0.161348,40.00,283.878693,4869.84,0.000136,11655.00
121.900,3292.83,-62.74,0.164214,40.00,305.598297,3832.61,0.000073,7600.00
121.950,4191.05,-56.02,0.219142,40.00,746.522461,4005.18,0.000303,9305.00
122.000,4464.34,-55.98,0.212701,40.00,303.318634,4061.63,0.000310,9900.00
122.050,3934.19,-62.38,0.159435,40.00,723.807678,3980.51,0.000095,8840.00
122.100,5965.30,-62.35,0.156581,40.00,270.363342,5031.79,0.000098,12010.00
122.150,7336.72,-60.25,0.160418,40.00,176.608963,4773.71,0.000178,12420.00
122.200,6626.84,-58.54,0.165318,40.00,276.814423,4180.39,0.000265,11080.00
122.250,5495.42,-57.52,0.180428,40.00,433.714417,4354.38,0.000254,10405.00
122.300,5118.18,-58.05,0.191748,40.00,428.567230,4823.48,0.000216,11460.00
122.350,5026.02,-61.03,0.172683,40.00,429.986206,5045.20,0.000107,11675.00
122.400,3789.59,-63.26,0.172147,40.00,452.126190,4440.12,0.000060,10160.00
122.450,5693.96,-59.65,0.171503,40.00,280.258942,4914.84,0.000152,11810.00
122.500,6541.00,-60.54,0.158511,40.00,296.461151,5046.61,0.000126,12270.00
122.550,4499.76,-64.73,0.154547,40.00,247.641220,4905.70,0.000039,11125.00
122.600,4374.06,-60.37,0.178771,40.00,497.521912,4671.03,0.000123,10945.00
122.650,4966.20,-58.39,0.186022,45.00,572.589417,4771.31,0.000201,11265.00
122.700,4336.68,-61.03,0.164444,50.00,757.201233,4430.86,0.000121,10340.00
122.750,4494.51,-62.14,0.148091,50.00,505.742249,4543.83,0.000105,10580.00
122.800,6046.43,-58.78,0.161714,50.00,358.041138,4933.60,0.000217,11965.00
122.850,5921.72,-61.07,0.154025,50.00,288.759674,5107.08,0.000117,12095.00
122.900,3966.93,-64.03,0.153871,50.00,282.742401,4590.49,0.000053,10275.00
122.950,5248.64,-58.62,0.171611,50.00,369.119446,4692.18,0.000205,11365.00
123.000,5734.99,-57.51,0.162991,50.00,343.030426,4456.95,0.000297,11405.00
123.050,5282.14,-60.59,0.139589,50.00,399.626556,4155.90,0.000152,10400.00
123.100,5887.99,-59.94,0.138566,50.00,232.407730,4708.78,0.000190,11675.00
123.150,7020.61,-60.11,0.136889,50.00,161.381638,4929.66,0.000191,12390.00
123.200,5604.52,-61.40,0.137111,50.00,242.562698,4928.99,0.000127,11785.00
123.250,4258.30,-57.70,0.182392,50.00,637.357849,4203.60,0.000255,9660.00
123.300,4293.59,-54.92,0.243319,50.00,678.571716,4021.98,0.000350,9535.00
123.350,4403.28,-57.02,0.198908,50.00,670.320679,4001.40,0.000259,9615.00
123.400,3890.02,-62.11,0.167641,50.00,681.023682,3950.18,0.000082,8775.00
123.450,5432.05,-59.73,0.159986,50.00,445.110077,4882.94,0.000167,11665.00
123.500,6293.10,-60.40,0.142065,50.00,355.520416,5068.70,0.000158,12210.00
123.550,4477.40,-65.14,0.135946,50.00,287.554962,4825.70,0.000045,11015.00
123.600,4926.05,-60.20,0.160698,50.00,421.249298,4690.69,0.000156,11155.00
123.650,5468.24,-57.82,0.169229,50.00,300.973175,4775.60,0.000281,11600.00
123.700,4421.43,-60.81,0.152340,50.00,414.982666,4512.60,0.000140,10650.00
123.750,4431.20,-62.77,0.140629,50.00,292.175751,4403.47,0.000080,10685.00
123.800,6366.01,-58.67,0.145691,50.00,289.344360,4609.03,0.000230,11985.00
123.850,6004.85,-59.76,0.141935,50.00,180.304413,4647.42,0.000177,11725.00
123.900,3841.81,-64.35,0.135430,50.00,285.572906,4327.56,0.000057,9760.00
123.950,4736.60,-59.94,0.161239,50.00,698.421936,4943.66,0.000174,11365.00
124.000,4525.76,-58.48,0.198272,35.00,684.673279,4873.91,0.000188,11195.00
124.050,5019.29,-58.16,0.198248,30.00,727.048523,4879.36,0.000182,11570.00
124.100,5410.74,-58.68,0.194347,30.00,506.376801,4718.04,0.000147,11425.00
124.150,5850.45,-58.34,0.189865,30.00,298.334747,4663.41,0.000163,11575.00
124.200,5276.92,-61.96,0.168990,30.00,395.471313,4752.74,0.000066,11290.00
124.250,4409.85,-60.69,0.182531,30.00,393.004150,4320.61,0.000095,10130.00
124.300,5215.82,-57.02,0.205516,30.00,385.183228,4475.67,0.000231,11130.00
124.350,5073.74,-58.43,0.188363,30.00,385.515991,4485.58,0.000180,11090.00
124.400,4173.88,-60.98,0.182383,30.00,489.257965,4363.73,0.000090,9805.00
124.450,5232.21,-58.61,0.197270,30.00,397.933105,4649.11,0.000148,11295.00
124.500,5554.63,-59.07,0.184997,30.00,301.275116,4796.34,0.000140,11680.00
124.550,4075.96,-63.19,0.168945,30.00,399.273926,4436.28,0.000052,9975.00
124.600,3915.36,-57.37,0.215555,30.00,698.055176,3993.10,0.000226,8830.00
124.650,4266.45,-54.84,0.257129,30.00,534.202637,4013.78,0.000336,9620.00
124.700,4279.79,-57.72,0.210828,30.00,692.908997,3958.77,0.000195,9580.00
124.750,4656.38,-60.72,0.178439,30.00,550.272888,4297.21,0.000103,10555.00
124.800,6009.62,-58.13,0.185579,30.00,327.007385,4689.97,0.000195,11900.00
124.850,5459.70,-58.26,0.193929,30.00,267.142975,4585.01,0.000176,11520.00
124.900,4466.89,-60.50,0.186148,30.00,389.610352,4307.84,0.000097,10030.00
124.950,5372.16,-58.27,0.204056,30.00,488.456604,4648.33,0.000159,11550.00
125.000,6136.52,-57.24,0.198065,30.00,327.815216,4727.93,0.000214,11725.00
125.050,6595.95,-56.85,0.187265,30.00,510.262238,4753.89,0.000258,11955.00
125.100,5016.55,-57.39,0.208490,30.00,542.446472,4635.20,0.000202,11100.00
125.150,4839.47,-57.64,0.215607,30.00,494.830963,4555.99,0.000181,11060.00
125.200,4405.13,-59.66,0.188027,30.00,450.413391,4288.15,0.000126,10130.00
125.250,2956.74,-62.16,0.203952,30.00,787.860474,3593.29,0.000064,6970.00
125.300,2273.48,-61.12,0.317337,85.00,1318.881470,3368.73,0.000042,5340.00
125.350,2492.02,-60.63,0.356968,55.00,1308.978149,3359.69,0.000035,5445.00
125.400,2777.58,-60.99,0.308655,55.00,1120.790405,3451.97,0.000041,6190.00
125.450,2385.95,-60.30,0.320980,105.00,1413.818970,3256.24,0.000054,5205.00
125.500,2420.21,-60.30,0.372479,60.00,1231.157471,3322.53,0.000037,5415.00
125.550,3084.52,-60.89,0.317520,55.00,1271.544312,3851.62,0.000034,7645.00
125.600,2731.39,-61.29,0.271976,50.00,1359.798950,3861.40,0.000050,7390.00
125.650,2579.67,-60.19,0.358658,60.00,1208.544800,3753.79,0.000040,7075.00
125.700,3182.03,-60.04,0.341529,55.00,1327.411499,3951.88,0.000040,8340.00
125.750,3075.32,-59.34,0.278018,50.00,1094.484863,3768.06,0.000084,7785.00
125.800,2603.09,-59.63,0.339256,85.00,1348.143921,3665.78,0.000057,6530.00
125.850,3010.41,-60.96,0.353878,60.00,1279.250610,3998.33,0.000028,8010.00
125.900,3674.29,-59.58,0.281115,55.00,1180.559692,4074.71,0.000061,8720.00
125.950,3802.59,-55.39,0.246253,50.00,1342.827393,3682.35,0.000304,7945.00
126.000,3976.98,-55.38,0.225696,525.00,804.980408,3515.86,0.000355,7805.00
126.050,4267.00,-58.37,0.144540,1045.00,810.708984,3731.94,0.000302,8730.00
126.100,3322.06,-59.10,0.238152,85.00,1229.904175,4037.49,0.000113,8365.00
126.150,3151.87,-58.60,0.350222,60.00,1221.710327,4044.61,0.000063,8175.00
126.200,4649.84,-56.78,0.326661,55.00,1226.486206,4248.75,0.000105,9760.00
126.250,4885.83,-56.01,0.253061,50.00,1100.460083,4211.45,0.000225,9795.00
126.300,3638.43,-56.90,0.326181,110.00,1232.060303,4089.99,0.000119,8580.00
126.350,3409.09,-58.62,0.350166,55.00,1248.386841,4088.65,0.000057,8430.00
126.400,4410.43,-58.77,0.271559,55.00,1106.372192,4428.59,0.000080,10045.00
126.450,6284.56,-57.31,0.155662,50.00,1099.572510,4476.75,0.000333,11250.00
126.500,6623.84,-57.97,0.120357,110.00,547.312988,4278.46,0.000434,11420.00
126.550,5323.75,-58.95,0.133659,110.00,408.184601,4456.66,0.000281,10715.00
126.600,3785.51,-57.84,0.244805,105.00,1135.165161,4465.94,0.000164,9825.00
126.650,3393.38,-57.79,0.362763,60.00,1337.912720,4518.48,0.000085,10005.00
126.700,3183.73,-59.49,0.349262,55.00,1282.499146,4182.93,0.000050,8700.00
126.750,3529.29,-59.39,0.261993,50.00,1256.209473,4115.34,0.000080,9150.00
126.800,4897.89,-57.33,0.223424,45.00,1087.295654,4711.18,0.000184,11180.00
126.850,4559.22,-57.97,0.217931,40.00,556.866821,4473.97,0.000161,10510.00
126.900,3211.56,-60.49,0.220085,40.00,653.513672,3748.47,0.000090,7360.00
126.950,4430.74,-58.31,0.212977,40.00,619.707642,4696.58,0.000173,11020.00
127.000,4946.40,-58.48,0.199745,40.00,470.977783,4888.59,0.000175,11440.00
127.050,3530.68,-62.43,0.187687,40.00,424.351074,4229.99,0.000063,9150.00
127.100,4846.26,-60.62,0.180057,40.00,305.999847,4725.17,0.000097,11180.00
127.150,6060.93,-58.91,0.176828,40.00,249.000290,4910.14,0.000157,11980.00
127.200,4835.95,-59.96,0.177534,40.00,238.246597,4675.23,0.000123,11015.00
127.250,3960.38,-57.77,0.205839,40.00,541.446533,4086.08,0.000207,9520.00
127.300,4211.31,-54.87,0.247742,40.00,643.289062,4029.52,0.000341,9410.00
127.350,4169.21,-56.99,0.211905,40.00,600.701477,4042.86,0.000234,9410.00
127.400,3154.84,-63.12,0.184701,40.00,635.258240,3815.99,0.000052,7175.00
127.450,5069.13,-59.50,0.188363,40.00,352.603882,4933.26,0.000134,11625.00
127.500,5302.89,-59.26,0.189770,40.00,388.538513,4997.57,0.000141,11730.00
127.550,3530.70,-63.08,0.186842,40.00,388.843567,4334.97,0.000052,9700.00
127.600,4712.12,-59.17,0.196093,40.00,512.601807,4682.60,0.000150,11135.00
127.650,5074.14,-56.75,0.217968,40.00,432.114838,4702.45,0.000249,11305.00
127.700,3691.28,-58.96,0.228508,40.00,655.841248,4127.30,0.000132,9355.00
127.750,2796.51,-60.04,0.242214,40.00,873.415894,3664.80,0.000098,6230.00
127.800,3571.19,-57.18,0.333590,40.00,1305.615845,4519.97,0.000115,10300.00
127.850,3711.93,-59.21,0.357409,55.00,1311.792969,4660.10,0.000047,10430.00
127.900,2866.48,-63.85,0.255501,55.00,1066.369629,3969.37,0.000023,7435.00
127.950,4162.05,-58.13,0.199940,45.00,1152.137207,4477.08,0.000200,10570.00
128.000,4093.66,-56.79,0.215768,45.00,693.350281,4265.87,0.000270,10140.00
128.050,3262.58,-59.73,0.200292,50.00,742.177429,3637.69,0.000137,6925.00
128.100,3152.23,-58.99,0.250761,50.00,1003.834656,3973.80,0.000117,7840.00
128.150,3700.81,-56.84,0.351331,60.00,1130.352417,4363.35,0.000105,9930.00
128.200,3736.35,-58.32,0.347750,55.00,1365.462036,4234.90,0.000062,9610.00
128.250,3396.34,-59.28,0.284175,50.00,1059.807251,4229.90,0.000074,9040.00
128.300,3730.08,-57.21,0.325737,55.00,1336.192871,4581.34,0.000109,10350.00
128.350,3465.22,-58.60,0.349554,60.00,1076.842041,4385.73,0.000060,9730.00
128.400,2834.65,-62.34,0.279291,55.00,1172.780273,3795.54,0.000033,6520.00
128.450,4727.80,-58.55,0.180754,50.00,1070.720703,4670.21,0.000214,11170.00
128.500,4701.87,-57.75,0.185013,50.00,487.562134,4551.39,0.000256,11010.00
128.550,3489.40,-61.25,0.170332,50.00,527.350708,3913.00,0.000112,8240.00
128.600,3780.12,-56.98,0.208714,50.00,734.003845,3829.39,0.000250,8155.00
128.650,4114.71,-54.70,0.250025,50.00,583.560608,3892.58,0.000351,8965.00
128.700,3770.63,-58.13,0.207256,50.00,789.512573,3733.73,0.000194,8000.00
128.750,3715.61,-61.27,0.173768,50.00,545.929382,4066.30,0.000107,9410.00
128.800,5579.03,-58.45,0.172888,50.00,589.017517,4916.57,0.000205,11825.00
128.850,5016.19,-59.30,0.185304,50.00,290.586823,4787.65,0.000144,11470.00
128.900,3910.09,-63.18,0.158873,50.00,450.500153,4379.54,0.000065,10170.00
128.950,5325.17,-58.62,0.170802,50.00,393.500977,4810.65,0.000203,11640.00
129.000,5044.89,-57.76,0.189323,50.00,404.750977,4684.15,0.000220,11345.00
129.050,3554.99,-60.89,0.186862,50.00,445.411804,4036.34,0.000104,8865.00
129.100,4675.57,-59.20,0.170744,50.00,483.185028,4496.29,0.000179,11030.00
129.150,6056.69,-56.61,0.170271,50.00,424.846832,4447.27,0.000346,11585.00
129.200,6264.18,-57.57,0.160988,50.00,342.209869,4327.91,0.000292,11265.00
129.250,4062.47,-59.85,0.183699,50.00,721.259583,4588.56,0.000139,10135.00
129.300,3408.22,-58.01,0.326356,65.00,1312.275757,4424.31,0.000090,10010.00
129.350,3501.65,-58.12,0.368062,55.00,1219.723633,4345.13,0.000066,9815.00
129.400,4466.91,-58.23,0.278215,55.00,1130.233765,4702.84,0.000093,11030.00
129.450,5220.75,-58.04,0.175377,30.00,1081.658936,4786.49,0.000230,11620.00
129.500,5235.50,-57.22,0.198593,30.00,704.100952,4716.83,0.000241,11655.00
129.550,4250.22,-59.18,0.212814,30.00,446.257233,4346.84,0.000133,10660.00
129.600,4417.30,-58.88,0.201206,30.00,503.370819,4394.46,0.000151,10730.00
129.650,4982.50,-57.08,0.216509,30.00,532.109680,4488.70,0.000226,11030.00
129.700,4199.83,-59.06,0.212898,30.00,501.472748,4172.08,0.000132,10110.00
129.750,3818.54,-60.49,0.201363,30.00,528.499268,4153.16,0.000097,9545.00
129.800,5120.09,-57.77,0.212262,30.00,506.130585,4690.59,0.000178,11380.00
129.850,5574.51,-57.55,0.201874,30.00,381.342163,4772.58,0.000202,11455.00
129.900,6131.84,-55.85,0.197803,30.00,504.445984,4853.37,0.000338,11735.00
129.950,4486.08,-54.29,0.252035,30.00,802.316345,4231.81,0.000388,10115.00
130.000,3995.40,-55.51,0.249768,30.00,540.298950,3893.29,0.000288,8655.00
130.050,3233.44,-60.53,0.212342,30.00,770.588501,3646.32,0.000097,6685.00
130.100,4144.24,-59.86,0.199244,30.00,511.148743,4501.35,0.000117,10675.00
130.150,5239.23,-58.14,0.210102,30.00,458.541229,4856.39,0.000161,11630.00
130.200,4151.31,-60.17,0.222338,30.00,452.701202,4500.87,0.000084,10375.00
130.250,4102.53,-60.77,0.208306,30.00,385.873047,4482.75,0.000079,10295.00
130.300,5305.85,-58.32,0.214650,30.00,385.894623,4881.85,0.000144,11625.00
130.350,4682.19,-59.50,0.214089,30.00,461.253113,4722.70,0.000103,11135.00
130.400,2887.66,-62.62,0.200417,30.00,537.791382,3759.81,0.000056,6905.00
130.450,3562.78,-58.26,0.282410,30.00,1127.249023,4368.94,0.000103,9855.00
130.500,3745.66,-58.18,0.358362,60.00,1239.865356,4503.15,0.000063,10160.00
130.550,2896.50,-61.94,0.325810,55.00,1138.440308,3913.40,0.000026,7585.00
130.600,3842.99,-59.04,0.224717,50.00,1248.565186,4292.20,0.000132,9935.00
130.650,4560.45,-56.98,0.192315,30.00,783.883057,4550.32,0.000319,10975.00
130.700,3648.36,-59.59,0.181564,55.00,773.702393,4192.20,0.000175,9580.00
130.750,2987.86,-61.19,0.200874,55.00,687.017456,4071.15,0.000098,8165.00
130.800,3929.40,-57.93,0.311149,65.00,1241.298218,4763.45,0.000098,10825.00
130.850,3930.82,-58.90,0.339325,60.00,1127.502319,4621.43,0.000056,10500.00
130.900,4643.11,-57.47,0.261901,55.00,1051.291992,4203.78,0.000132,9480.00
130.950,4387.61,-55.43,0.283386,60.00,1407.913818,4366.23,0.000223,9920.00
131.000,3701.01,-57.46,0.342094,60.00,1097.958984,4468.82,0.000089,10150.00
131.050,2977.74,-61.35,0.286870,50.00,1209.673828,3826.81,0.000044,7245.00
131.100,4116.90,-60.01,0.201720,50.00,993.910583,4455.38,0.000108,10560.00
131.150,5064.93,-58.21,0.192455,55.00,821.048401,4735.59,0.000190,11360.00
131.200,4153.10,-60.66,0.182707,55.00,466.994629,4383.83,0.000109,10325.00
131.250,3600.42,-58.99,0.196068,55.00,587.653381,3799.22,0.000161,8135.00
131.300,4155.23,-54.84,0.255554,55.00,715.158203,3923.94,0.000320,9210.00
131.350,4150.61,-56.72,0.215942,55.00,604.512512,3958.94,0.000249,9310.00
131.400,5008.53,-59.02,0.171157,55.00,675.906555,4363.94,0.000168,10670.00
131.450,5977.82,-56.20,0.187800,55.00,445.217987,4530.62,0.000315,11385.00
131.500,5154.92,-57.34,0.196307,55.00,361.253113,4703.03,0.000219,11270.00
131.550,3514.58,-62.85,0.170239,55.00,467.976105,4223.44,0.000066,9240.00
131.600,4286.67,-60.23,0.178269,55.00,385.156982,4576.93,0.000127,10840.00
131.650,4726.69,-57.49,0.207876,55.00,492.252197,4702.98,0.000211,11155.00
131.700,3886.41,-59.04,0.205760,55.00,485.127380,4227.82,0.000146,9730.00
131.750,3821.67,-60.26,0.187621,55.00,468.173584,4207.21,0.000164,9555.00
131.800,5576.45,-58.11,0.174437,55.00,449.088074,4832.74,0.000304,11705.00
131.850,5153.61,-58.95,0.176926,55.00,293.377136,4695.56,0.000235,11455.00
131.900,3407.65,-61.86,0.177662,55.00,441.574005,4097.21,0.000085,8500.00
131.950,3397.68,-59.00,0.291605,60.00,1285.687500,4461.77,0.000082,10045.00
132.000,3477.54,-58.54,0.373303,60.00,1005.207581,4523.62,0.000055,10150.00
132.050,2767.65,-62.03,0.304758,55.00,1233.958984,3742.55,0.000030,6415.00
132.100,4059.66,-59.58,0.207962,50.00,1247.516724,4461.88,0.000114,10580.00
132.150,5132.27,-57.79,0.177076,40.00,800.305542,4801.68,0.000245,11545.00
132.200,4030.70,-60.35,0.170164,40.00,402.699493,4355.78,0.000133,10210.00
132.250,3943.45,-60.36,0.179718,40.00,406.947998,4384.56,0.000122,10310.00
132.300,4879.43,-57.60,0.195918,40.00,375.091461,4775.54,0.000224,11395.00
132.350,4507.36,-59.07,0.183973,40.00,398.347198,4599.01,0.000162,10970.00
132.400,3373.89,-63.04,0.172186,40.00,335.699554,3941.38,0.000080,8150.00
132.450,5358.06,-59.30,0.172795,40.00,287.719788,4808.72,0.000205,11615.00
132.500,5588.51,-58.87,0.173556,40.00,212.696899,4881.31,0.000220,11785.00
132.550,3880.95,-62.50,0.168595,40.00,235.908768,4340.93,0.000078,9865.00
132.600,3910.48,-57.40,0.206473,40.00,686.401794,3953.36,0.000233,8770.00
132.650,4365.42,-55.14,0.233766,40.00,442.596924,4046.06,0.000340,9715.00
132.700,4144.50,-59.24,0.181911,40.00,697.616089,4013.31,0.000156,9400.00
132.750,4086.57,-62.33,0.169708,40.00,437.502075,4452.76,0.000070,10460.00
132.800,5819.46,-59.00,0.174205,40.00,280.974060,5002.89,0.000174,12000.00
132.850,5345.18,-60.38,0.168809,40.00,262.687347,4953.28,0.000121,11720.00
132.900,3518.19,-64.67,0.164843,40.00,257.515564,4225.55,0.000050,9135.00
132.950,5873.22,-60.10,0.168161,40.00,228.204239,4979.84,0.000160,11980.00
133.000,6141.36,-59.83,0.168383,40.00,151.232742,5016.01,0.000169,12100.00
133.050,3886.93,-60.78,0.179226,40.00,421.374969,4136.25,0.000124,9290.00
133.100,4046.22,-56.34,0.260224,40.00,981.659058,4209.09,0.000212,9365.00
133.150,4496.60,-55.14,0.355181,60.00,1260.509277,4470.94,0.000154,10055.00
133.200,4195.29,-58.90,0.333474,55.00,1251.458252,4403.80,0.000052,9625.00
133.250,3548.05,-62.02,0.218772,50.00,1036.594238,4324.93,0.000051,9610.00
133.300,4662.60,-57.95,0.184403,45.00,874.615723,4697.77,0.000228,11155.00
133.350,4123.93,-57.83,0.182795,45.00,569.398865,4287.17,0.000257,9945.00
133.400,2924.42,-59.77,0.209646,50.00,692.079468,3345.15,0.000132,6190.00
133.450,3178.43,-57.33,0.306675,90.00,1219.262695,3971.34,0.000127,8080.00
133.500,3427.87,-57.36,0.361173,60.00,1116.226929,4234.90,0.000085,9380.00
133.550,2868.42,-60.41,0.334718,55.00,1320.484985,3569.57,0.000042,6050.00
133.600,3160.06,-59.03,0.283008,50.00,1255.997192,4009.83,0.000089,8180.00
133.650,3843.34,-57.38,0.336992,60.00,1379.044312,4530.05,0.000092,10365.00
133.700,3675.69,-59.43,0.327090,55.00,1264.020996,4268.88,0.000049,9340.00
133.750,3823.38,-59.46,0.240868,50.00,1050.973145,4204.03,0.000124,9525.00
133.800,5424.50,-57.44,0.155814,50.00,838.837463,4825.76,0.000476,11660.00
133.850,5309.14,-59.02,0.143861,50.00,444.346283,4814.53,0.000332,11620.00
133.900,3365.20,-60.23,0.176764,50.00,521.477295,3871.18,0.000141,7880.00
133.950,3758.35,-55.45,0.251620,50.00,828.433960,3845.76,0.000293,8260.00
134.000,4010.83,-55.45,0.240985,50.00,612.392334,3926.66,0.000309,8995.00
134.050,3505.62,-60.69,0.175154,50.00,789.225952,3760.70,0.000125,7495.00
134.100,4513.91,-60.51,0.169774,50.00,515.004639,4609.15,0.000125,11055.00
134.150,5578.51,-58.87,0.171216,50.00,220.876221,4945.32,0.000191,11880.00
134.200,4980.84,-62.37,0.149325,50.00,424.479523,4910.71,0.000082,11490.00
134.250,3860.40,-62.60,0.160276,50.00,300.199127,4413.84,0.000080,10285.00
134.300,5025.53,-58.36,0.199284,50.00,548.376831,4810.99,0.000173,11445.00
134.350,4538.11,-59.00,0.204731,50.00,447.485260,4578.12,0.000133,10870.00
134.400,3451.17,-61.43,0.188959,50.00,610.971863,3870.24,0.000081,8330.00
134.450,5258.38,-58.71,0.168968,50.00,532.265259,4688.27,0.000200,11390.00
134.500,5719.93,-57.94,0.165906,50.00,349.548004,4616.48,0.000246,11605.00
134.550,4450.54,-59.97,0.161193,50.00,344.363647,4175.11,0.000151,9420.00
134.600,3229.09,-59.29,0.236426,50.00,1056.605225,4165.27,0.000116,8955.00
134.650,3430.62,-57.24,0.358087,65.00,1170.743530,4348.75,0.000094,9765.00
134.700,3721.95,-58.05,0.350360,55.00,1247.197021,4448.24,0.000069,10225.00
134.750,4254.21,-58.09,0.249121,50.00,1179.881226,4594.38,0.000133,10785.00
134.800,4552.88,-57.34,0.195100,30.00,970.288513,4547.15,0.000256,10995.00
134.850,4102.01,-58.57,0.196959,30.00,605.055725,4328.78,0.000178,10330.00
134.900,3125.29,-62.60,0.184427,30.00,451.283478,3747.05,0.000065,7015.00
134.950,4408.54,-58.28,0.199233,30.00,519.243225,4524.97,0.000183,10920.00
135.000,4244.61,-57.40,0.226368,30.00,460.150116,4384.09,0.000198,10585.00
135.050,3130.92,-60.12,0.215659,30.00,549.665100,3613.90,0.000110,6720.00
135.100,3179.86,-58.82,0.260466,30.00,1049.889282,4069.90,0.000113,8540.00
135.150,3578.38,-57.66,0.346723,65.00,1232.108398,4579.24,0.000086,10360.00
135.200,3227.69,-61.06,0.332645,55.00,1249.361450,4401.78,0.000032,9495.00
135.250,3269.73,-59.32,0.272580,50.00,1092.661621,3818.90,0.000084,7595.00
135.300,4170.02,-54.83,0.260168,30.00,1113.113037,3986.10,0.000325,9230.00
135.350,4289.26,-56.87,0.205172,30.00,643.696899,4035.72,0.000259,9600.00
135.400,3404.14,-62.35,0.178647,30.00,596.415588,3909.29,0.000070,7920.00
135.450,4670.59,-58.33,0.209481,30.00,440.056213,4644.12,0.000163,11140.00
135.500,5165.25,-58.50,0.199397,30.00,347.940643,4826.52,0.000158,11540.00
135.550,3724.11,-61.72,0.190864,30.00,390.924866,4235.84,0.000071,9490.00
135.600,3175.52,-59.15,0.259433,30.00,954.612366,4103.63,0.000103,8615.00
135.650,3468.79,-57.64,0.354747,60.00,1199.936890,4461.46,0.000084,10070.00
135.700,3034.60,-60.45,0.342904,55.00,1286.748657,4069.30,0.000037,8170.00
135.750,3165.29,-61.20,0.248416,50.00,1073.229614,3927.23,0.000053,7815.00
135.800,4758.15,-57.85,0.189938,30.00,1024.669312,4677.99,0.000210,11200.00
135.850,4397.67,-59.22,0.183802,30.00,556.965210,4635.40,0.000164,10945.00
135.900,3364.97,-62.06,0.193000,30.00,520.758911,4095.54,0.000076,8380.00
135.950,3637.62,-59.48,0.204614,30.00,503.231750,3971.02,0.000146,8365.00
136.000,5432.93,-57.11,0.139738,30.00,643.050781,4328.94,0.000454,10420.00
136.050,7364.61,-57.11,0.087254,25.00,662.069824,4412.69,0.001065,12445.00
136.100,5343.66,-59.06,0.122524,575.00,547.466370,4729.05,0.000357,11570.00
136.150,3115.19,-65.45,0.108295,850.00,329.748535,3510.10,0.000086,6145.00
136.200,3176.74,-70.20,0.041632,565.00,472.111328,3562.94,0.000111,6345.00
136.250,3924.25,-63.49,0.089409,545.00,432.619598,3637.99,0.000178,8555.00
136.300,4051.97,-61.69,0.126064,540.00,330.202484,3750.38,0.000161,8730.00
136.350,5053.10,-61.65,0.086220,270.00,450.120728,3788.14,0.000296,9570.00
136.400,6077.38,-60.16,0.070982,255.00,419.436432,3909.77,0.000604,10470.00
136.450,4861.18,-61.56,0.111271,495.00,473.138794,4221.19,0.000180,10000.00
136.500,3418.45,-66.64,0.111132,495.00,302.152191,3924.86,0.000048,8590.00
136.550,3466.60,-68.43,0.085525,250.00,433.678162,3764.58,0.000048,7570.00
136.600,4132.30,-64.42,0.095135,250.00,368.433014,3765.40,0.000119,9200.00
136.650,4764.08,-62.70,0.107421,250.00,334.318115,4011.05,0.000149,10325.00
136.700,4723.08,-64.86,0.077200,240.00,331.445404,4140.60,0.000154,10330.00
136.750,4756.45,-64.76,0.075928,250.00,334.601837,4203.98,0.000152,9990.00
136.800,4859.00,-65.27,0.070903,245.00,141.902145,4357.82,0.000155,10345.00
136.850,6088.50,-68.34,0.026672,245.00,309.495239,4797.59,0.000395,11675.00
136.900,4947.38,-67.39,0.029390,455.00,163.579529,4587.10,0.000449,10925.00
136.950,3249.38,-63.89,0.099949,535.00,494.036255,3587.86,0.000143,6760.00
137.000,3160.98,-62.58,0.137177,530.00,394.847809,3390.43,0.000122,6335.00
137.050,3214.53,-64.39,0.111278,495.00,534.085205,3350.63,0.000110,6520.00
137.100,4106.62,-64.87,0.081462,1680.00,460.707977,3758.34,0.000149,8920.00
137.150,4819.98,-63.62,0.078230,470.00,291.395508,4164.40,0.000220,9885.00
137.200,5103.03,-64.37,0.057026,455.00,262.891754,4325.19,0.000309,10190.00
137.250,4384.29,-61.64,0.125312,115.00,701.274048,4718.79,0.000183,10460.00
137.300,4611.04,-56.76,0.313078,85.00,1343.421997,4861.98,0.000135,10865.00
137.350,4475.36,-57.43,0.358228,55.00,1195.107910,4720.74,0.000076,10505.00
137.400,4064.02,-59.58,0.269396,55.00,1060.709961,4331.37,0.000069,9670.00
137.450,4896.23,-58.06,0.198888,45.00,1131.223389,4629.79,0.000196,10985.00
137.500,5172.25,-58.00,0.178786,40.00,660.565674,4686.06,0.000231,11235.00
137.550,4099.47,-60.72,0.176025,40.00,391.926666,4193.87,0.000111,9590.00
137.600,4663.96,-60.05,0.178173,40.00,330.336853,4590.09,0.000127,11005.00
137.650,5676.16,-58.95,0.181104,40.00,294.534424,4946.56,0.000164,11925.00
137.700,4472.55,-61.72,0.176803,40.00,251.616364,4663.82,0.000077,10945.00
137.750,4104.43,-63.05,0.173365,40.00,236.198059,4436.85,0.000052,10490.00
137.800,5971.31,-59.45,0.174152,40.00,232.355362,4932.52,0.000135,11980.00
137.850,5444.23,-60.63,0.172145,40.00,174.683731,4909.36,0.000098,11690.00
137.900,3395.68,-62.48,0.174989,40.00,291.380920,3920.09,0.000068,7945.00
137.950,4179.60,-55.95,0.225560,40.00,747.572021,4027.43,0.000286,9320.00
138.000,4399.35,-55.91,0.220419,40.00,315.493103,4052.01,0.000293,9820.00
138.050,3649.42,-61.99,0.175493,40.00,711.168640,3897.05,0.000075,8165.00
138.100,4239.21,-60.55,0.186155,40.00,452.019897,4566.93,0.000101,10825.00
138.150,4959.02,-58.28,0.201061,40.00,326.889954,4792.58,0.000171,11295.00
138.200,4604.35,-59.76,0.177702,40.00,454.233612,4423.44,0.000128,10505.00
138.250,5170.02,-57.07,0.190966,40.00,422.212463,3954.87,0.000247,9795.00
138.300,4982.03,-55.64,0.218876,40.00,564.060791,4350.57,0.000301,10700.00
138.350,4079.78,-58.40,0.221614,40.00,515.460571,4339.78,0.000148,10225.00
138.400,3103.19,-60.94,0.218594,40.00,639.543152,3657.88,0.000081,6325.00
138.450,3364.96,-57.79,0.298160,40.00,1157.636597,4219.73,0.000114,9360.00
138.500,3629.41,-58.26,0.362314,60.00,1282.373657,4583.28,0.000062,10370.00
138.550,3093.53,-63.10,0.294877,55.00,1192.907837,4264.49,0.000028,8775.00
138.600,4226.02,-59.28,0.198240,50.00,1129.748779,4688.57,0.000190,10920.00
138.650,4695.50,-56.03,0.200967,45.00,774.922302,4604.29,0.000467,10945.00
138.700,4813.97,-55.74,0.188473,50.00,723.228455,4166.53,0.000488,9960.00
138.750,4455.11,-56.50,0.215177,50.00,763.831970,4224.39,0.000261,9840.00
138.800,3560.79,-57.38,0.328629,90.00,1263.132446,4400.23,0.000104,9945.00
138.850,3578.62,-58.18,0.355186,60.00,1232.561401,4248.87,0.000065,9645.00
138.900,2996.46,-60.89,0.306815,50.00,1083.901123,3747.82,0.000041,7005.00
138.950,3467.02,-57.72,0.301723,50.00,1321.241943,4290.94,0.000112,9430.00
139.000,3690.73,-57.93,0.349842,60.00,1143.212402,4473.67,0.000074,10110.00
139.050,3201.97,-61.16,0.311710,55.00,1248.622681,3963.02,0.000034,8150.00
139.100,4270.41,-58.68,0.218809,50.00,1101.004517,4317.08,0.000135,10355.00
139.150,5337.28,-57.53,0.161882,50.00,619.915833,4652.28,0.000310,11520.00
139.200,4726.51,-59.54,0.147577,50.00,533.973022,4325.87,0.000197,10460.00
139.250,4431.70,-56.57,0.187618,50.00,564.609070,3813.15,0.000321,8830.00
139.300,4283.87,-54.26,0.248186,50.00,731.263062,3942.61,0.000397,9320.00
139.350,3965.43,-56.64,0.219217,50.00,660.578125,3883.34,0.000255,8845.00
139.400,3320.34,-61.36,0.191887,50.00,685.187500,3516.53,0.000094,6210.00
139.450,4802.00,-58.32,0.186930,50.00,527.286133,4563.33,0.000216,11180.00
139.500,5418.44,-58.70,0.166955,50.00,425.756378,4874.29,0.000215,11760.00
139.550,4048.11,-63.72,0.150114,50.00,374.294159,4537.91,0.000059,10410.00
139.600,4574.59,-59.87,0.169961,50.00,436.945496,4682.73,0.000160,11105.00
139.650,4979.55,-57.78,0.202856,50.00,480.729523,4796.59,0.000211,11365.00
139.700,3947.31,-60.83,0.185613,50.00,489.019196,4421.31,0.000106,10180.00
139.750,3823.87,-61.30,0.164835,50.00,526.835632,4243.60,0.000110,9800.00
139.800,5294.63,-57.52,0.176471,50.00,422.832458,4700.41,0.000269,11610.00
139.850,5120.88,-59.50,0.164127,50.00,326.298401,4743.09,0.000174,11465.00
139.900,2879.76,-64.56,0.159478,50.00,475.448700,4048.85,0.000051,7755.00
139.950,3291.99,-58.78,0.279427,50.00,1277.403809,4377.29,0.000097,9770.00
140.000,3388.00,-57.59,0.367299,60.00,1160.027710,4340.35,0.000079,9705.00
140.050,3883.71,-57.58,0.325152,55.00,1200.582031,4436.79,0.000091,10330.00
140.100,4102.59,-57.58,0.228024,50.00,1192.286987,4352.74,0.000184,10360.00
140.150,4575.66,-57.39,0.202964,30.00,840.894348,4515.16,0.000228,10950.00
140.200,3522.68,-60.03,0.207130,30.00,552.156433,4119.32,0.000112,9075.00
140.250,3493.75,-61.44,0.195535,30.00,473.945648,4183.15,0.000078,9240.00
140.300,5006.14,-57.99,0.208864,30.00,493.353699,4845.87,0.000174,11560.00
140.350,4392.66,-59.01,0.215433,30.00,429.607910,4636.08,0.000128,10920.00
140.400,2896.30,-61.98,0.210043,30.00,551.100586,3516.36,0.000068,5955.00
140.450,4145.83,-57.61,0.224672,30.00,543.480774,4258.08,0.000187,10360.00
140.500,4486.67,-57.58,0.212568,30.00,503.934540,4500.53,0.000197,10855.00
140.550,3332.16,-62.46,0.185569,30.00,523.495667,4099.72,0.000066,8600.00
140.600,3800.27,-57.41,0.220530,30.00,673.457153,3896.77,0.000213,8455.00
140.650,4153.47,-55.00,0.263093,30.00,566.643433,4012.38,0.000300,9295.00
140.700,3813.04,-58.59,0.230153,30.00,845.497864,3931.77,0.000129,8470.00
140.750,3493.59,-61.34,0.251262,30.00,748.550598,4025.14,0.000047,8570.00
140.800,4739.35,-58.28,0.253500,30.00,735.245728,4750.54,0.000104,11235.00
140.850,4456.17,-59.43,0.207979,30.00,737.367676,4700.54,0.000112,10990.00
140.900,3778.81,-61.93,0.182109,30.00,545.593750,4085.60,0.000069,8855.00
140.950,5183.99,-57.84,0.195295,30.00,405.393829,4595.87,0.000190,11330.00
141.000,5296.18,-57.97,0.193348,30.00,257.921509,4763.15,0.000189,11630.00
141.050,4396.97,-60.31,0.180762,30.00,403.319122,4479.59,0.000111,10360.00
141.100,3604.22,-58.75,0.241572,30.00,920.292114,4406.59,0.000124,9890.00
141.150,3714.74,-58.13,0.342746,60.00,1209.930054,4706.55,0.000076,10600.00
141.200,3151.24,-61.59,0.347787,55.00,1232.879150,4412.88,0.000025,9540.00
141.250,3241.48,-60.38,0.252807,50.00,1110.526978,4028.74,0.000067,8755.00
141.300,4290.11,-56.88,0.197887,45.00,1036.660034,4514.19,0.000297,10820.00
141.350,3887.56,-58.46,0.182458,55.00,744.340088,4339.84,0.000226,10210.00
141.400,2759.03,-61.75,0.186235,55.00,649.479370,3513.10,0.000096,5835.00
141.450,3545.59,-58.58,0.275845,85.00,1229.869019,4472.01,0.000109,10165.00
141.500,3886.18,-58.74,0.340356,60.00,929.001892,4726.75,0.000061,10690.00
141.550,2994.29,-63.42,0.287988,55.00,1133.019165,4245.87,0.000020,8565.00
141.600,3417.81,-59.73,0.244006,60.00,1303.752441,4382.69,0.000092,9775.00
141.650,3839.09,-57.95,0.338818,60.00,1050.894531,4693.66,0.000079,10635.00
141.700,3354.92,-61.13,0.308526,60.00,1182.227295,4433.74,0.000035,9630.00
141.750,3841.40,-60.21,0.226652,50.00,1087.457397,4225.53,0.000086,9330.00
141.800,6065.27,-56.26,0.187835,50.00,700.965454,4769.20,0.000356,11820.00
141.850,6748.88,-56.74,0.169513,55.00,536.242798,4816.75,0.000352,12180.00
141.900,4668.48,-58.79,0.165811,55.00,420.946075,4532.04,0.000222,10675.00
141.950,4032.13,-55.53,0.231844,55.00,814.295044,3982.50,0.000358,9120.00
142.000,3998.57,-55.47,0.239200,55.00,468.244934,3926.61,0.000324,9025.00
142.050,3319.41,-60.79,0.190157,55.00,790.477661,3652.67,0.000117,6935.00
142.100,4387.09,-60.54,0.177884,55.00,424.055786,4610.62,0.000143,10975.00
142.150,4953.52,-58.33,0.195062,55.00,430.452148,4811.85,0.000230,11420.00
142.200,4020.00,-61.15,0.179772,55.00,376.407990,4521.19,0.000111,10520.00
142.250,3875.52,-62.46,0.169866,55.00,400.791443,4481.86,0.000104,10330.00
142.300,4973.34,-57.69,0.199397,55.00,583.992432,4867.08,0.000291,11435.00
142.350,4301.82,-58.30,0.220594,55.00,439.958435,4518.83,0.000204,10675.00
142.400,3271.14,-62.67,0.189288,55.00,549.020630,3850.07,0.000062,7650.00
142.450,5377.50,-58.71,0.173289,55.00,461.857361,4776.46,0.000194,11625.00
142.500,5583.65,-58.34,0.172121,55.00,328.462982,4759.00,0.000214,11670.00
142.550,3864.02,-62.27,0.167152,55.00,294.713989,4189.68,0.000078,9150.00
142.600,3359.99,-60.35,0.238641,55.00,1012.919800,4424.94,0.000079,9920.00
142.650,3606.30,-58.21,0.362888,60.00,1065.076172,4638.71,0.000064,10465.00
142.700,3114.05,-60.62,0.338611,55.00,1275.567993,4130.97,0.000036,8420.00
142.750,3287.73,-61.27,0.231714,50.00,1171.764160,4021.09,0.000062,8215.00
142.800,5026.89,-57.85,0.181169,45.00,959.417969,4781.66,0.000241,11465.00
142.850,4646.66,-58.96,0.168837,40.00,488.123322,4623.79,0.000200,11030.00
142.900,3213.21,-62.80,0.168106,40.00,379.242432,3731.89,0.000073,6965.00
142.950,5202.64,-59.00,0.175600,40.00,336.246552,4784.87,0.000178,11590.00
143.000,5546.35,-58.88,0.175671,40.00,250.727936,4891.44,0.000176,11795.00
143.050,3752.50,-63.10,0.169667,40.00,291.608246,4236.88,0.000058,9520.00
143.100,4918.85,-60.95,0.170063,40.00,231.457947,4736.37,0.000102,11360.00
143.150,6038.02,-59.08,0.170453,40.00,215.510757,4928.72,0.000166,12035.00
143.200,4731.64,-62.06,0.167193,40.00,212.846130,4763.03,0.000075,11140.00
143.250,3623.52,-59.69,0.187729,40.00,493.954742,3900.56,0.000145,8155.00
143.300,4323.67,-55.04,0.238408,40.00,653.645874,4068.69,0.000348,9685.00
143.350,4373.66,-57.13,0.200389,40.00,528.236328,4075.23,0.000248,9820.00
143.400,3434.17,-63.46,0.170594,40.00,616.933899,3969.26,0.000068,8130.00
143.450,5528.75,-59.96,0.173444,40.00,297.251190,5013.70,0.000175,11880.00
143.500,5747.53,-59.66,0.170729,40.00,234.733841,5033.30,0.000190,11990.00
143.550,3689.13,-63.34,0.167344,40.00,280.843933,4335.77,0.000063,9735.00
143.600,4120.87,-59.30,0.190056,40.00,432.877533,4411.89,0.000155,10550.00
143.650,4552.20,-57.17,0.203978,40.00,354.898895,4588.33,0.000247,11045.00
143.700,3866.82,-60.43,0.182767,40.00,459.692719,4336.13,0.000118,9970.00
143.750,2988.64,-60.55,0.218329,40.00,725.057434,3773.23,0.000092,7290.00
143.800,3460.94,-57.61,0.336580,80.00,1273.066284,4360.92,0.000096,9845.00
143.850,3393.89,-59.37,0.360513,55.00,1250.913208,4401.16,0.000046,9750.00
143.900,2798.76,-63.68,0.255719,55.00,1098.700684,3922.98,0.000026,7120.00
143.950,4456.41,-58.19,0.194755,45.00,1078.890991,4658.30,0.000209,10980.00
144.000,4552.54,-56.96,0.185316,45.00,584.284912,4548.22,0.000333,10825.00
144.050,3442.40,-60.23,0.172420,50.00,711.700684,3871.35,0.000155,7895.00
144.100,3301.13,-58.71,0.245848,50.00,923.158447,3987.88,0.000124,8025.00
144.150,3698.96,-57.07,0.345514,60.00,1102.173462,4385.96,0.000096,9905.00
144.200,3733.41,-59.02,0.344779,55.00,1366.622803,4349.47,0.000048,9480.00
144.250,4308.41,-57.10,0.286215,50.00,1056.113037,4552.23,0.000125,10100.00
144.300,3827.62,-56.67,0.323665,55.00,1322.622314,4534.76,0.000127,10215.00
144.350,3476.26,-59.03,0.344436,60.00,1092.334351,4358.21,0.000055,9750.00
144.400,3034.76,-62.32,0.273766,55.00,1144.916626,3850.85,0.000031,7075.00
144.450,4802.03,-58.37,0.171858,50.00,1029.381958,4587.26,0.000224,11125.00
144.500,5118.48,-58.35,0.148584,50.00,403.757233,4706.04,0.000289,11365.00
144.550,3587.60,-62.32,0.151627,50.00,425.730682,4097.43,0.000093,8780.00
144.600,3754.07,-57.31,0.202666,50.00,716.854370,3822.40,0.000240,8135.00
144.650,4104.63,-55.04,0.243953,50.00,611.532715,3903.20,0.000335,9015.00
144.700,3730.93,-58.58,0.204227,50.00,732.364319,3755.69,0.000173,8030.00
144.750,3434.08,-60.68,0.187298,50.00,579.384521,3854.19,0.000117,8380.00
144.800,5118.72,-58.24,0.178887,50.00,446.827454,4771.10,0.000222,11480.00
144.850,5319.79,-60.06,0.156643,50.00,388.880585,4882.25,0.000153,11635.00
144.900,4538.49,-62.47,0.150905,50.00,278.226959,4523.92,0.000079,10425.00
144.950,6668.05,-57.14,0.164618,50.00,367.040710,4497.36,0.000315,11735.00
145.000,6459.92,-56.80,0.165554,50.00,235.986511,4511.38,0.000346,11680.00
145.050,4266.82,-61.74,0.155390,50.00,381.991821,4280.87,0.000097,9775.00
145.100,5067.94,-60.78,0.153264,50.00,243.374664,4747.60,0.000120,11430.00
145.150,6352.60,-59.51,0.148213,50.00,257.487915,4988.48,0.000181,12225.00
145.200,4939.29,-62.77,0.145247,50.00,237.200043,4957.62,0.000081,11535.00
145.250,2877.01,-61.28,0.203858,50.00,834.495483,4034.81,0.000099,8080.00
145.300,3377.04,-57.40,0.341193,65.00,1307.788574,4410.07,0.000104,9940.00
145.350,3557.21,-57.93,0.369626,55.00,1264.044434,4413.04,0.000067,9945.00
145.400,4532.91,-58.00,0.276485,55.00,1162.493652,4738.62,0.000097,11085.00
145.450,4958.92,-57.40,0.181145,30.00,1074.119873,4655.70,0.000273,11110.00
145.500,5119.14,-56.49,0.192738,30.00,616.540222,4606.35,0.000312,11085.00
145.550,5815.78,-56.42,0.195159,30.00,475.046448,4788.73,0.000284,11645.00
145.600,5224.97,-56.31,0.207255,30.00,476.487885,4730.51,0.000278,11345.00
145.650,4544.54,-57.19,0.218299,30.00,461.974518,4549.41,0.000209,10960.00
145.700,4315.73,-58.77,0.203498,30.00,439.282043,4418.46,0.000151,10275.00
145.750,4980.96,-58.37,0.193079,30.00,491.102539,4716.72,0.000173,11095.00
145.800,5127.86,-58.13,0.198657,30.00,373.217804,4877.21,0.000177,11560.00
145.850,4807.75,-60.59,0.186843,30.00,342.895294,4873.38,0.000097,11325.00
145.900,3346.07,-61.44,0.188567,30.00,405.325348,3978.89,0.000086,8140.00
145.950,3962.82,-55.29,0.256960,30.00,835.529114,3997.73,0.000291,9090.00
146.000,4085.00,-55.20,0.251921,30.00,481.796112,3992.66,0.000301,9310.00
146.050,3415.14,-60.76,0.193483,30.00,760.214844,3814.55,0.000104,7550.00
146.100,4678.40,-60.24,0.186380,30.00,455.320343,4749.63,0.000119,11090.00
146.150,5408.74,-58.12,0.202833,30.00,340.488647,4947.19,0.000189,11650.00
146.200,4537.65,-61.32,0.184500,30.00,349.057098,4797.57,0.000084,10995.00
146.250,4025.38,-62.40,0.181627,30.00,260.976471,4518.68,0.000069,10320.00
146.300,5277.59,-58.50,0.198379,30.00,357.602936,4935.42,0.000174,11630.00
146.350,4726.56,-59.41,0.193675,30.00,333.494751,4750.22,0.000137,11135.00
146.400,3098.56,-62.01,0.202843,30.00,525.245361,3852.35,0.000068,7320.00
146.450,3505.35,-58.76,0.284456,30.00,1101.259033,4551.56,0.000095,10335.00
146.500,3771.15,-59.09,0.357724,60.00,1255.330322,4821.89,0.000050,10710.00
146.550,2782.57,-62.94,0.323729,55.00,1130.906006,4124.59,0.000020,7980.00
146.600,3917.17,-59.22,0.210282,50.00,1212.515747,4479.17,0.000143,10355.00
146.650,4708.63,-57.45,0.177273,30.00,773.129089,4745.45,0.000329,11175.00
146.700,3847.64,-60.70,0.174105,55.00,737.752258,4506.24,0.000127,10280.00
146.750,3248.29,-60.88,0.205428,55.00,670.050842,4245.59,0.000093,9270.00
146.800,4364.12,-56.98,0.316968,85.00,1263.258423,4874.38,0.000119,10870.00
146.850,4743.35,-57.65,0.338302,60.00,1160.075806,4854.40,0.000073,10885.00
146.900,3806.33,-59.64,0.255234,55.00,994.391357,4416.41,0.000077,9780.00
146.950,4349.78,-56.36,0.283519,60.00,1385.502319,4698.47,0.000178,10530.00
147.000,4703.50,-56.42,0.342220,60.00,1022.862671,4819.51,0.000114,10805.00
147.050,5006.39,-56.94,0.287786,50.00,1238.478149,4740.15,0.000126,11125.00
147.100,5189.92,-57.62,0.208155,50.00,949.691833,4672.12,0.000195,11230.00
147.150,5948.38,-58.19,0.171154,55.00,786.351868,4781.47,0.000227,11695.00
147.200,4913.62,-59.86,0.161376,55.00,420.620270,4525.29,0.000157,10685.00
147.250,3708.04,-58.14,0.203864,55.00,719.622192,3993.31,0.000197,8785.00
147.300,4154.03,-54.09,0.324836,55.00,1139.589355,4165.61,0.000262,9670.00
147.350,4184.70,-55.47,0.359539,55.00,1205.636353,4179.36,0.000136,9650.00
147.400,3974.50,-58.58,0.298678,55.00,1143.819214,4126.60,0.000076,9355.00
147.450,5303.13,-57.13,0.192604,55.00,885.691040,4524.93,0.000241,11070.00
147.500,6015.89,-56.50,0.154907,55.00,642.114258,4318.52,0.000414,11285.00
147.550,4828.47,-57.86,0.168762,55.00,474.136536,4152.80,0.000253,9810.00
147.600,4014.93,-56.54,0.251947,55.00,967.316040,4282.65,0.000204,9550.00
147.650,4285.07,-55.04,0.357174,55.00,1026.916504,4578.99,0.000161,10305.00
147.700,4024.36,-57.11,0.360414,55.00,1295.772461,4369.48,0.000083,9780.00
147.750,4088.38,-58.48,0.248117,55.00,1038.725952,4245.43,0.000113,9650.00
147.800,5634.07,-57.37,0.148152,55.00,858.224609,4666.01,0.000397,11495.00
147.850,5400.55,-58.22,0.157569,55.00,484.313293,4555.95,0.000257,11140.00
147.900,3790.55,-58.91,0.187370,55.00,519.786560,3894.95,0.000169,8465.00
147.950,3102.27,-58.43,0.296577,60.00,1293.779785,3798.25,0.000100,7995.00
148.000,3054.25,-59.23,0.385096,65.00,1306.721313,3940.28,0.000046,8265.00
148.050,2863.20,-61.40,0.363027,45.00,1413.099243,3720.76,0.000024,7640.00
148.100,2770.05,-62.51,0.284064,40.00,1004.554626,3501.81,0.000028,7125.00
148.150,3375.60,-60.78,0.228871,35.00,1087.460205,3713.42,0.000073,7995.00
148.200,4411.64,-58.86,0.213596,30.00,807.960876,4058.41,0.000135,9175.00
148.250,3993.42,-60.00,0.202738,30.00,415.202148,3960.33,0.000109,8860.00
148.300,2695.75,-62.99,0.206051,30.00,659.422241,3369.25,0.000051,6270.00
148.350,2359.11,-63.96,0.207764,30.00,612.845947,3230.65,0.000041,5485.00
148.400,4093.01,-59.99,0.198016,30.00,600.596375,4128.37,0.000120,9160.00
148.450,4622.58,-59.54,0.189899,30.00,458.520355,4217.11,0.000137,9575.00
148.500,3427.29,-63.22,0.179207,30.00,424.323944,3866.48,0.000051,8355.00
148.550,2373.60,-66.83,0.174772,30.00,300.224915,3185.22,0.000019,5155.00
148.600,3980.91,-62.81,0.168906,30.00,283.557129,4012.53,0.000063,8965.00
148.650,5128.58,-59.90,0.171908,30.00,239.238724,4164.63,0.000139,9720.00
148.700,4514.08,-61.63,0.169571,30.00,214.242584,4158.38,0.000082,9465.00
148.750,3693.81,-62.20,0.171026,30.00,260.350098,3842.13,0.000072,8430.00
148.800,3386.15,-60.08,0.190666,30.00,433.000427,3634.56,0.000127,7915.00
148.850,3582.08,-56.64,0.248411,30.00,790.273010,3576.08,0.000219,8050.00
148.900,3797.58,-57.22,0.227224,30.00,469.278351,3617.13,0.000211,8315.00
148.950,3302.74,-62.36,0.172823,30.00,763.086853,3555.23,0.000077,7705.00
149.000,2349.38,-67.32,0.166438,30.00,325.745483,3224.74,0.000019,5070.00
149.050,4202.90,-62.36,0.169238,30.00,301.688507,4142.02,0.000068,9175.00
149.100,5099.40,-59.96,0.171978,30.00,255.541183,4238.05,0.000131,9775.00
149.150,4302.20,-62.43,0.165827,30.00,296.259277,4213.44,0.000068,9370.00
149.200,2760.64,-66.76,0.162413,30.00,245.705734,3621.00,0.000022,7080.00
149.250,3726.69,-62.83,0.168352,30.00,249.595718,3902.63,0.000061,8675.00
149.300,4582.84,-58.97,0.189302,30.00,430.251221,4015.25,0.000156,9255.00
149.350,4203.94,-59.08,0.207895,30.00,482.161224,3966.80,0.000135,9025.00
149.400,2992.89,-62.14,0.206694,30.00,571.035706,3542.24,0.000064,7335.00
149.450,2248.98,-64.16,0.202390,30.00,580.611328,3083.45,0.000041,4290.00
149.500,2729.78,-60.19,0.282661,30.00,1172.984131,3626.67,0.000067,7760.00
149.550,3302.17,-58.86,0.366593,50.00,1269.830322,4015.65,0.000051,8575.00
149.600,3095.48,-61.91,0.358287,45.00,1486.251953,3937.72,0.000019,8210.00
149.650,2178.21,-66.95,0.265147,40.00,857.550354,3324.74,0.000008,5370.00
149.700,2974.43,-63.59,0.184834,35.00,986.146179,3700.32,0.000044,7970.00
149.750,3734.75,-58.69,0.207711,30.00,763.853760,3906.74,0.000155,8735.00
149.800,3551.60,-58.72,0.200111,35.00,627.004639,3749.10,0.000175,8340.00
149.850,2891.54,-61.79,0.182421,35.00,690.348022,3364.46,0.000090,6480.00
149.900,2352.46,-64.17,0.177928,35.00,604.292480,3045.13,0.000051,4790.00
149.950,2859.81,-59.74,0.301452,70.00,1194.062744,3676.92,0.000066,7765.00
150.000,3313.03,-58.26,0.369179,45.00,1083.098633,3866.46,0.000064,8300.00
150.050,3287.01,-59.98,0.352781,45.00,1603.016357,3729.28,0.000038,7990.00
150.100,2877.22,-62.50,0.309443,40.00,961.263611,3542.10,0.000023,7430.00
150.150,2924.56,-60.85,0.256489,35.00,1203.106934,3740.35,0.000063,7870.00
150.200,3228.12,-58.40,0.350882,60.00,1326.603760,3982.06,0.000069,8470.00
150.250,3083.59,-60.09,0.354396,45.00,1224.948242,3860.27,0.000039,8145.00
150.300,2350.79,-63.73,0.323443,40.00,1209.523804,3347.76,0.000015,5565.00
150.350,2460.59,-64.98,0.221415,40.00,934.594849,3322.43,0.000024,5680.00
150.400,4208.28,-59.84,0.164058,40.00,823.526245,4027.41,0.000177,9100.00
150.450,4277.91,-59.05,0.182251,40.00,419.458008,4012.07,0.000186,9145.00
150.500,3241.55,-61.98,0.172207,35.00,523.864441,3639.46,0.000089,7900.00
150.550,2519.19,-65.38,0.157094,35.00,457.055389,3201.47,0.000043,5330.00
150.600,3214.90,-58.73,0.206314,35.00,732.838928,3486.37,0.000184,7245.00
150.650,3581.80,-55.88,0.259571,35.00,676.116089,3534.10,0.000261,7930.00
150.700,3442.89,-58.46,0.212299,35.00,792.092834,3450.83,0.000175,7640.00
150.750,2762.00,-63.27,0.180525,35.00,655.617371,3223.81,0.000059,5965.00
150.800,2855.70,-64.67,0.158357,35.00,400.846130,3459.03,0.000046,7285.00
150.850,4879.23,-60.34,0.157121,35.00,437.417694,4159.11,0.000145,9610.00
150.900,4540.21,-59.52,0.183792,35.00,437.330170,4115.46,0.000146,9340.00
150.950,3686.64,-62.72,0.166916,35.00,294.729065,3931.57,0.000070,8755.00
151.000,2940.47,-66.24,0.148596,35.00,449.253967,3667.61,0.000030,7515.00
151.050,4277.14,-61.27,0.160174,35.00,327.749786,4046.73,0.000112,9160.00
151.100,4663.40,-58.62,0.190359,35.00,506.649445,4104.50,0.000177,9395.00
151.150,3832.71,-60.61,0.188620,35.00,378.301331,3940.69,0.000108,8900.00
151.200,2795.89,-63.62,0.175853,35.00,499.817108,3415.88,0.000057,6815.00
151.250,3378.90,-62.76,0.161260,35.00,455.423492,3683.79,0.000082,8240.00
151.300,4850.63,-59.14,0.165159,35.00,388.239502,3964.62,0.000202,9325.00
151.350,5140.24,-57.89,0.166438,35.00,379.474487,3796.30,0.000274,9300.00
151.400,5244.68,-59.03,0.154267,35.00,332.391998,3823.61,0.000211,9390.00
151.450,4026.25,-62.98,0.145627,35.00,364.158051,4057.04,0.000080,8695.00
151.500,2842.44,-61.18,0.259986,35.00,1182.214233,3842.88,0.000058,8205.00
151.550,3143.25,-58.76,0.377123,50.00,1150.505981,3930.90,0.000054,8400.00
151.600,3034.48,-60.11,0.368926,45.00,1481.879517,3769.44,0.000037,8095.00
151.650,3835.41,-59.35,0.301335,40.00,993.435608,4054.67,0.000062,8975.00
151.700,4166.04,-60.79,0.177634,35.00,1032.094971,4069.92,0.000108,9105.00
151.750,4647.71,-58.84,0.166373,25.00,677.617065,4065.24,0.000227,9295.00
151.800,4462.09,-58.90,0.196449,25.00,540.468201,4053.68,0.000166,9255.00
151.850,3643.84,-60.79,0.210268,25.00,439.169434,3846.18,0.000089,8675.00
151.900,3143.37,-62.71,0.197023,25.00,487.006805,3622.58,0.000057,8000.00
151.950,4006.18,-60.10,0.194124,25.00,475.204346,3868.97,0.000111,8740.00
152.000,4264.95,-58.48,0.216156,25.00,505.059692,3879.14,0.000153,8905.00
152.050,3594.96,-60.63,0.215306,25.00,569.752197,3709.17,0.000084,8270.00
152.100,2811.14,-63.90,0.194795,25.00,488.287323,3411.64,0.000041,6815.00
152.150,3496.01,-61.52,0.197621,25.00,543.940918,3777.54,0.000081,8405.00
152.200,4509.29,-58.67,0.212450,25.00,444.349457,4060.72,0.000148,9190.00
152.250,4392.88,-59.51,0.197059,25.00,358.109253,4042.29,0.000128,9100.00
152.300,5331.33,-58.50,0.186521,25.00,475.648987,4107.23,0.000179,9745.00
152.350,5027.67,-57.08,0.195313,25.00,430.573730,4120.39,0.000252,9700.00
152.400,3471.00,-56.41,0.263848,25.00,876.098633,3575.44,0.000210,7830.00
152.450,3451.35,-56.89,0.256646,25.00,566.429138,3492.06,0.000195,7770.00
152.500,3048.64,-61.28,0.210272,25.00,849.890686,3385.70,0.000079,7190.00
152.550,2431.28,-65.09,0.195862,25.00,456.026459,3207.21,0.000031,5390.00
152.600,3561.09,-62.23,0.185727,25.00,470.125610,3880.84,0.000067,8585.00
152.650,4530.33,-59.37,0.202948,25.00,392.915710,4080.85,0.000124,9260.00
152.700,3954.76,-60.79,0.205033,25.00,333.345795,4002.89,0.000083,8960.00
152.750,3060.13,-63.41,0.201873,25.00,390.884521,3655.11,0.000041,7355.00
152.800,3372.28,-62.99,0.192983,25.00,340.490601,3816.94,0.000049,8185.00
152.850,4551.90,-59.92,0.207722,25.00,411.627289,4150.72,0.000096,9375.00
152.900,4536.73,-59.96,0.211114,25.00,403.824280,4170.88,0.000091,9455.00
152.950,3157.00,-63.43,0.195056,25.00,421.656158,3737.08,0.000043,8000.00
153.000,2275.43,-66.26,0.178636,25.00,473.967682,3170.70,0.000026,5050.00
153.050,2843.04,-60.91,0.253133,25.00,1002.345276,3651.58,0.000069,7760.00
153.100,3357.75,-58.62,0.351519,50.00,1157.711914,3969.22,0.000065,8440.00
153.150,3140.59,-61.07,0.362157,45.00,1409.203857,3906.69,0.000027,8205.00
153.200,2249.40,-65.02,0.317839,40.00,878.656555,3306.13,0.000011,5720.00
153.250,2783.90,-63.25,0.211068,35.00,1170.693237,3468.36,0.000043,7055.00
153.300,3982.11,-58.93,0.195029,25.00,820.689941,3930.36,0.000174,8820.00
153.350,3923.72,-59.31,0.179466,45.00,724.852356,3949.36,0.000185,8860.00
153.400,2836.49,-62.70,0.172624,40.00,693.014404,3518.61,0.000080,7285.00
153.450,2221.66,-65.41,0.170877,40.00,498.070496,3223.91,0.000038,5020.00
153.500,3018.16,-61.10,0.265522,45.00,1140.350220,3933.25,0.000053,8305.00
153.550,3534.11,-59.12,0.353467,65.00,1052.036377,4130.70,0.000051,8750.00
153.600,3267.29,-61.56,0.340502,45.00,1405.554688,3933.10,0.000025,8340.00
153.650,3808.29,-60.72,0.271221,40.00,903.865234,3698.51,0.000043,7600.00
153.700,4016.85,-57.53,0.216083,35.00,1299.309814,3686.92,0.000194,7915.00
153.750,3318.65,-57.76,0.341397,65.00,1286.085815,3845.88,0.000083,8260.00
153.800,3074.93,-60.12,0.349828,45.00,1152.386841,3894.83,0.000040,8310.00
153.850,2506.14,-63.40,0.302237,40.00,1219.505127,3401.07,0.000020,6540.00
153.900,2349.99,-65.26,0.214869,35.00,1020.828735,3202.97,0.000023,5510.00
153.950,3985.34,-60.68,0.183118,40.00,600.894836,3996.28,0.000105,8970.00
154.000,4407.97,-59.35,0.199253,40.00,533.044434,4062.92,0.000131,9205.00
154.050,3570.04,-62.14,0.184573,40.00,468.073608,3832.81,0.000069,8400.00
154.100,2670.95,-65.50,0.167827,40.00,470.578278,3394.28,0.000034,6645.00
154.150,3144.75,-59.57,0.211728,40.00,704.041138,3396.86,0.000132,7060.00
154.200,3555.57,-56.15,0.270497,40.00,697.816406,3494.19,0.000222,7845.00
154.250,3563.21,-58.11,0.219967,40.00,743.345215,3539.98,0.000177,7940.00
154.300,3022.95,-63.67,0.167401,40.00,670.155090,3475.39,0.000056,7140.00
154.350,4814.71,-60.44,0.166923,40.00,383.189667,3798.68,0.000130,8895.00
154.400,5010.86,-57.49,0.188449,40.00,435.837769,3855.95,0.000252,9215.00
154.450,4346.32,-58.59,0.202187,40.00,449.115845,4019.94,0.000161,9155.00
154.500,3283.42,-63.27,0.172178,40.00,447.091858,3847.74,0.000056,8265.00
154.550,2426.25,-67.36,0.160287,40.00,401.670135,3368.43,0.000021,5485.00
154.600,3715.63,-62.70,0.170761,40.00,347.381805,3971.88,0.000076,8755.00
154.650,4385.96,-59.36,0.197647,40.00,479.354095,4119.73,0.000149,9255.00
154.700,3809.32,-60.29,0.195389,40.00,451.292633,3931.00,0.000112,8760.00
154.750,3205.74,-62.96,0.186116,40.00,523.887146,3628.77,0.000053,7535.00
154.800,3278.24,-63.72,0.171891,40.00,377.997589,3707.90,0.000048,7970.00
154.850,4996.95,-60.49,0.164320,40.00,371.415680,4140.53,0.000120,9650.00
154.900,4840.62,-59.69,0.173477,40.00,293.597198,4116.62,0.000142,9675.00
154.950,3673.14,-62.16,0.172640,40.00,295.974426,3875.08,0.000076,8835.00
155.000,2833.40,-65.12,0.164576,40.00,349.520508,3560.56,0.000035,6950.00
155.050,2839.85,-61.78,0.253922,45.00,1083.847656,3806.16,0.000048,8090.00
155.100,3234.16,-59.47,0.378501,45.00,1212.378418,4056.18,0.000040,8525.00
155.150,2940.93,-61.69,0.368586,45.00,1480.908325,3867.54,0.000020,8015.00
155.200,2128.00,-65.45,0.286033,40.00,890.477112,3181.55,0.000012,4640.00
155.250,2834.98,-63.83,0.198485,35.00,1063.552490,3553.73,0.000053,7325.00
155.300,4516.45,-59.53,0.172963,35.00,665.713013,4119.33,0.000215,9260.00
155.350,4415.76,-60.08,0.158969,30.00,410.311859,4107.06,0.000211,9255.00
155.400,3061.11,-63.87,0.157362,30.00,352.689392,3621.09,0.000060,7550.00
155.450,2993.02,-64.32,0.163957,30.00,317.178284,3534.57,0.000045,7525.00
155.500,4023.54,-60.27,0.186768,30.00,450.857605,3997.57,0.000116,9100.00
155.550,4362.72,-58.97,0.191160,30.00,309.546906,4064.27,0.000161,9185.00
155.600,3723.37,-61.55,0.172775,30.00,460.490875,3899.40,0.000089,8660.00
155.650,2692.83,-65.32,0.165282,30.00,301.428223,3429.97,0.000034,6460.00
155.700,3429.27,-63.66,0.164257,30.00,241.628479,3812.21,0.000050,8425.00
155.750,4992.44,-59.95,0.167067,30.00,276.222076,4139.23,0.000135,9660.00
155.800,4574.49,-60.53,0.165956,30.00,216.267471,4131.28,0.000118,9430.00
155.850,3241.89,-64.61,0.160256,30.00,249.753906,3789.33,0.000040,8095.00
155.900,2573.99,-64.89,0.166583,30.00,278.626465,3263.24,0.000041,5685.00
155.950,3439.38,-57.69,0.227502,30.00,822.303101,3500.10,0.000192,7740.00
156.000,3742.13,-56.94,0.234931,30.00,402.421112,3552.26,0.000217,8210.00
156.050,3490.21,-61.25,0.174664,30.00,771.974121,3552.53,0.000099,7910.00
156.100,2547.21,-66.45,0.161479,30.00,399.521271,3302.66,0.000024,5720.00
156.150,3773.37,-63.30,0.163443,30.00,257.427826,3990.50,0.000054,8760.00
156.200,5047.46,-59.95,0.168507,30.00,274.858215,4187.47,0.000139,9670.00
156.250,4641.55,-61.40,0.161457,30.00,285.566406,4196.09,0.000099,9480.00
156.300,3074.38,-65.90,0.156805,30.00,258.515594,3786.29,0.000028,7900.00
156.350,2862.98,-66.95,0.157449,30.00,201.232513,3621.44,0.000021,7420.00
156.400,4992.45,-61.30,0.161321,30.00,233.340683,4166.92,0.000097,9665.00
156.450,5312.63,-60.87,0.159863,30.00,156.059464,4188.09,0.000114,9835.00
156.500,3866.64,-64.03,0.156731,30.00,216.267456,4040.01,0.000046,8935.00
156.550,3120.04,-62.21,0.181685,30.00,492.200378,3511.09,0.000074,7215.00
156.600,3384.21,-58.08,0.261863,30.00,954.894592,3668.63,0.000133,7680.00
156.650,3917.67,-56.32,0.358853,60.00,1346.402100,3895.90,0.000110,8385.00
156.700,3806.34,-58.87,0.368298,45.00,1495.023193,3888.69,0.000043,8330.00
156.750,2507.11,-65.31,0.293603,40.00,971.455627,3483.74,0.000011,6210.00
156.800,2837.06,-65.10,0.188716,35.00,998.714539,3687.30,0.000030,7615.00
156.850,4042.78,-59.90,0.184116,35.00,697.460938,4079.14,0.000145,9070.00
156.900,3961.45,-58.83,0.179648,35.00,551.046204,3954.47,0.000206,8850.00
156.950,2960.96,-61.26,0.178783,40.00,679.373657,3405.44,0.000107,6575.00
157.000,2440.00,-62.34,0.200502,35.00,576.223206,2992.76,0.000068,4930.00
157.050,2639.73,-59.72,0.282413,70.00,1083.343750,3404.75,0.000083,6800.00
157.100,3077.14,-58.37,0.369949,65.00,1253.486694,3820.65,0.000066,8140.00
157.150,2866.78,-60.15,0.359572,45.00,1546.134888,3603.81,0.000037,7395.00
157.200,2249.32,-63.26,0.337363,40.00,1057.926514,3037.51,0.000018,4580.00
157.250,2385.10,-62.50,0.259771,35.00,1147.360962,3200.78,0.000041,5370.00
157.300,3173.25,-59.02,0.324441,60.00,1338.142334,3875.94,0.000068,8335.00
157.350,3456.39,-59.11,0.350338,45.00,1201.817383,3925.90,0.000049,8445.00
157.400,2900.04,-62.60,0.325031,40.00,1240.076294,3593.48,0.000020,7185.00
157.450,2907.80,-62.18,0.253412,40.00,923.583313,3445.13,0.000040,6915.00
157.500,3887.03,-60.26,0.165941,40.00,845.561340,3864.95,0.000160,8730.00
157.550,5010.05,-59.35,0.138882,40.00,437.503418,4115.12,0.000266,9665.00
157.600,4209.43,-61.51,0.139786,35.00,318.970490,4051.60,0.000130,9115.00
157.650,2910.59,-63.72,0.155006,35.00,355.503906,3517.12,0.000064,7225.00
157.700,2811.71,-59.84,0.218576,35.00,724.192566,3308.54,0.000114,6470.00
157.750,3368.90,-56.18,0.271715,35.00,808.304077,3475.14,0.000206,7650.00
157.800,3478.54,-57.68,0.224771,35.00,772.566223,3506.25,0.000182,7860.00
157.850,2825.60,-62.79,0.171056,35.00,719.663574,3292.07,0.000074,6270.00
157.900,2578.16,-66.28,0.151151,35.00,429.279358,3310.94,0.000032,5935.00
157.950,4046.50,-61.01,0.180105,35.00,462.589294,3979.14,0.000097,8990.00
158.000,4833.43,-59.93,0.168310,35.00,253.649063,4155.39,0.000138,9535.00
158.050,4286.43,-63.69,0.144494,35.00,452.496124,4202.98,0.000059,9325.00
158.100,2656.76,-67.76,0.144426,35.00,186.267746,3556.59,0.000019,6535.00
158.150,3427.28,-62.95,0.164353,35.00,429.382782,3874.41,0.000068,8470.00
158.200,4328.70,-59.31,0.208606,35.00,556.354492,4107.22,0.000121,9195.00
158.250,4069.03,-60.44,0.202686,35.00,408.783722,3994.21,0.000089,9005.00
158.300,2909.42,-63.32,0.185001,35.00,633.782104,3453.19,0.000051,6890.00
158.350,2834.64,-63.91,0.168703,35.00,460.961578,3376.87,0.000053,6790.00
158.400,4623.55,-60.12,0.159066,35.00,415.735535,4013.22,0.000155,9200.00
158.450,4977.95,-59.56,0.159004,35.00,299.487610,4003.85,0.000177,9485.00
158.500,4021.63,-61.41,0.155961,35.00,346.619293,3698.96,0.000108,8335.00
158.550,3106.81,-63.98,0.154859,35.00,297.780182,3559.27,0.000055,6810.00
158.600,2663.26,-61.57,0.236530,35.00,1017.441040,3609.22,0.000062,7470.00
158.650,3070.73,-58.58,0.367506,50.00,1254.387695,3868.72,0.000059,8235.00
158.700,2989.43,-60.08,0.373426,45.00,1443.351440,3792.93,0.000036,8030.00
158.750,3645.09,-59.20,0.324821,40.00,1058.880127,3998.88,0.000057,8735.00
158.800,3734.88,-59.74,0.219622,35.00,1116.454712,3957.92,0.000102,8740.00
158.850,4003.99,-59.25,0.187814,25.00,839.002563,3954.70,0.000159,8975.00
158.900,3922.34,-58.97,0.192306,25.00,583.320129,3934.94,0.000170,8920.00
158.950,2915.68,-62.61,0.190376,25.00,488.663696,3510.96,0.000064,7170.00
159.000,2286.88,-66.29,0.175637,25.00,396.204834,3143.24,0.000025,4610.00
159.050,3543.39,-61.25,0.185675,25.00,456.329041,3836.58,0.000089,8565.00
159.100,3970.40,-58.66,0.218346,25.00,482.365173,3946.00,0.000143,8960.00
159.150,3311.02,-60.41,0.214698,25.00,479.986938,3676.55,0.000093,8150.00
159.200,2529.05,-62.97,0.204109,25.00,533.352356,3156.38,0.000054,5265.00
159.250,2945.59,-62.39,0.194589,25.00,501.193085,3446.80,0.000065,7165.00
159.300,4121.50,-59.30,0.200099,25.00,442.214325,3962.18,0.000134,9005.00
159.350,4239.72,-59.98,0.193680,25.00,389.214203,4084.58,0.000112,9155.00
159.400,2979.19,-64.26,0.184948,25.00,386.261841,3728.89,0.000038,7750.00
159.450,2463.91,-65.09,0.185260,25.00,310.118347,3307.54,0.000035,5680.00
159.500,3267.09,-57.80,0.245132,25.00,770.707886,3478.59,0.000173,7460.00
159.550,3608.14,-56.34,0.261985,25.00,489.973206,3533.17,0.000221,7965.00
159.600,3535.52,-60.17,0.190264,25.00,831.365906,3566.94,0.000116,7940.00
159.650,2562.49,-65.99,0.169317,25.00,445.595215,3343.01,0.000027,5490.00
159.700,3217.63,-62.26,0.191719,25.00,453.815155,3719.79,0.000069,8100.00
159.750,4264.01,-58.94,0.206723,25.00,354.178772,4052.47,0.000152,9120.00
159.800,4453.33,-60.26,0.185253,25.00,448.755432,4136.83,0.000115,9280.00
159.850,3255.21,-63.87,0.177900,25.00,315.363159,3771.07,0.000043,7880.00
159.900,2677.22,-63.99,0.188042,25.00,380.007721,3329.95,0.000042,6275.00
159.950,3688.61,-59.55,0.212346,25.00,544.922058,3843.15,0.000119,8605.00
160.000,4253.82,-59.03,0.211348,25.00,505.528534,4040.45,0.000133,9120.00
160.050,3302.12,-62.36,0.203426,25.00,507.441437,3757.97,0.000058,8140.00
160.100,2183.22,-65.76,0.200539,25.00,542.478943,3005.29,0.000026,4125.00
160.150,2441.56,-62.11,0.241168,25.00,916.961670,3427.20,0.000052,6655.00
160.200,3087.60,-58.83,0.343562,65.00,1237.204346,3924.34,0.000064,8335.00
160.250,3000.85,-60.37,0.361570,45.00,1358.582031,3897.50,0.000035,8225.00
160.300,2210.81,-65.18,0.336887,40.00,1028.194824,3467.86,0.000010,5985.00
160.350,2987.13,-62.43,0.227882,35.00,1089.502808,3733.37,0.000049,8010.00
160.400,3862.13,-58.49,0.194639,35.00,962.212585,3889.11,0.000194,8795.00
160.450,4440.50,-57.39,0.165775,50.00,692.247009,3915.43,0.000326,8980.00
160.500,5186.34,-57.51,0.153442,40.00,722.193054,3950.62,0.000335,9625.00
160.550,5028.97,-58.17,0.167504,40.00,459.945770,4140.00,0.000231,9805.00
160.600,3064.84,-60.07,0.249146,40.00,969.962524,3830.63,0.000085,8135.00
160.650,3094.09,-59.23,0.351839,65.00,1218.949585,3941.50,0.000054,8350.00
160.700,3190.98,-61.42,0.343802,45.00,1383.288574,4018.81,0.000025,8440.00
160.750,2418.36,-65.98,0.289777,40.00,924.848511,3558.75,0.000009,6600.00
160.800,2514.15,-63.03,0.203748,35.00,1256.147461,3256.71,0.000054,5935.00
160.850,3004.07,-58.80,0.329047,65.00,1335.364136,3740.77,0.000072,7995.00
160.900,3313.58,-59.27,0.364935,45.00,1007.572327,3992.51,0.000046,8465.00
160.950,4054.14,-59.45,0.308085,45.00,1384.126465,3959.54,0.000051,8795.00
161.000,4903.58,-58.56,0.225024,35.00,962.421387,4005.77,0.000119,9280.00
161.050,4224.51,-59.60,0.189913,35.00,664.420776,4013.93,0.000133,8940.00
161.100,4442.60,-59.59,0.196338,40.00,536.543335,4158.96,0.000125,9290.00
161.150,3769.59,-61.80,0.174436,40.00,422.857880,3987.13,0.000087,8790.00
161.200,2619.58,-65.16,0.168041,40.00,440.181519,3309.48,0.000039,5795.00
161.250,2889.35,-61.41,0.193553,40.00,553.655701,3298.78,0.000093,6365.00
161.300,3584.50,-56.41,0.263899,40.00,823.437561,3528.18,0.000209,7930.00
161.350,3702.76,-57.24,0.239533,40.00,552.806152,3573.58,0.000192,8150.00
161.400,3192.63,-62.35,0.177384,40.00,773.424194,3534.70,0.000073,7585.00
161.450,2833.96,-65.07,0.168956,40.00,396.613953,3462.89,0.000035,6910.00
161.500,4367.45,-61.19,0.178076,40.00,285.414978,4064.10,0.000093,9125.00
161.550,5332.91,-60.34,0.168345,40.00,325.721924,4245.88,0.000127,9860.00
161.600,4702.69,-63.40,0.157766,40.00,304.855255,4339.64,0.000056,9700.00
161.650,3386.04,-66.57,0.155641,40.00,179.342896,4028.69,0.000022,8535.00
161.700,3668.49,-64.05,0.160307,40.00,217.524094,3982.86,0.000050,8720.00
161.750,4366.01,-59.26,0.196064,40.00,550.403748,4077.48,0.000146,9170.00
161.800,3932.76,-59.50,0.205346,40.00,415.004944,3935.81,0.000126,8845.00
161.850,2809.68,-63.10,0.192205,40.00,613.792480,3384.59,0.000053,6475.00
161.900,2531.56,-64.93,0.179533,40.00,499.153778,3167.44,0.000034,5210.00
161.950,4266.56,-60.69,0.177614,40.00,374.566925,4004.06,0.000107,9035.00
162.000,4590.80,-59.45,0.181338,40.00,398.370422,4128.15,0.000148,9315.00
162.050,3630.53,-62.53,0.169005,40.00,364.599060,3978.11,0.000071,8685.00
162.100,2494.26,-68.12,0.152917,40.00,344.467194,3563.77,0.000017,6490.00
162.150,2757.43,-63.67,0.213152,40.00,900.314331,3843.96,0.000040,8060.00
162.200,3327.03,-59.77,0.355911,60.00,1330.542847,4148.02,0.000044,8720.00
162.250,3073.04,-61.11,0.378606,45.00,1416.915894,4011.30,0.000024,8345.00
162.300,2201.80,-65.19,0.309511,40.00,1005.065125,3318.65,0.000011,5210.00
162.350,2258.17,-65.62,0.220506,35.00,1050.541626,3223.29,0.000018,4985.00
162.400,4167.89,-60.37,0.186050,35.00,712.395569,4080.87,0.000103,9115.00
162.450,4525.30,-59.59,0.170115,30.00,471.772980,4131.16,0.000151,9395.00
162.500,3313.28,-62.88,0.163760,30.00,343.626984,3736.83,0.000071,8120.00
162.550,2366.28,-66.37,0.166991,30.00,284.647095,3130.35,0.000028,4710.00
162.600,3874.59,-62.34,0.169032,30.00,265.268066,3947.69,0.000073,8755.00
162.650,5028.69,-59.79,0.176071,30.00,266.457092,4165.22,0.000137,9675.00
162.700,4398.37,-61.70,0.171911,30.00,203.257767,4140.49,0.000081,9295.00
162.750,2805.89,-65.96,0.168854,30.00,233.596664,3532.84,0.000026,6885.00
162.800,2997.94,-65.77,0.167653,30.00,192.485092,3633.29,0.000026,7725.00
162.850,4917.49,-60.74,0.171182,30.00,260.192841,4163.58,0.000107,9640.00
162.900,4998.81,-60.49,0.170651,30.00,172.795029,4217.94,0.000114,9720.00
162.950,3570.11,-64.26,0.165161,30.00,225.493744,3966.54,0.000040,8575.00
163.000,2434.50,-66.72,0.165424,30.00,196.196762,3265.67,0.000023,5405.00
163.050,3326.51,-58.66,0.214262,30.00,769.218201,3506.81,0.000165,7545.00
163.100,3712.90,-56.35,0.249139,30.00,494.334778,3584.43,0.000233,8135.00
163.150,3599.94,-59.76,0.189610,30.00,740.497986,3596.21,0.000136,8035.00
163.200,2581.03,-66.01,0.166435,30.00,509.017944,3325.98,0.000027,5660.00
163.250,2902.83,-64.56,0.171274,30.00,310.204041,3629.99,0.000042,7765.00
163.300,4088.61,-59.59,0.202135,30.00,515.826416,4058.42,0.000127,9060.00
163.350,4223.03,-60.02,0.188992,30.00,313.901581,4123.22,0.000119,9200.00
163.400,3414.97,-63.77,0.164673,30.00,490.986359,3774.85,0.000048,8085.00
163.450,4197.94,-59.79,0.180903,30.00,422.262512,3418.00,0.000128,7815.00
163.500,4322.84,-57.53,0.201818,30.00,441.382660,3597.27,0.000205,8405.00
163.550,4010.44,-58.27,0.218621,30.00,595.289429,3953.03,0.000156,8895.00
163.600,3336.27,-61.21,0.210808,30.00,569.417603,3766.16,0.000078,8265.00
163.650,2858.18,-63.63,0.203106,30.00,526.620728,3397.61,0.000043,6515.00
163.700,2560.67,-62.04,0.235149,30.00,809.538635,3343.90,0.000056,6210.00
163.750,3101.72,-58.88,0.343155,60.00,1273.167114,3843.56,0.000065,8250.00
163.800,3295.68,-60.36,0.370029,45.00,1402.308472,4033.35,0.000031,8530.00
163.850,2555.35,-65.29,0.316413,40.00,1120.723022,3659.61,0.000009,7185.00
163.900,2662.89,-65.69,0.200554,40.00,941.773132,3622.94,0.000027,7245.00
163.950,3772.71,-59.72,0.191458,35.00,828.955566,3978.98,0.000175,8820.00
164.000,3949.87,-58.01,0.201442,30.00,646.686218,3889.60,0.000246,8745.00
164.050,3928.74,-58.04,0.184049,35.00,737.350342,3572.96,0.000226,7950.00
164.100,4279.75,-57.67,0.182549,35.00,570.046326,3590.82,0.000253,8140.00
164.150,3285.98,-59.45,0.236253,35.00,893.346436,3731.63,0.000104,7935.00
164.200,3036.04,-58.95,0.358366,65.00,1267.403442,3847.03,0.000054,8225.00
164.250,3194.05,-59.37,0.356050,45.00,1321.633301,3769.64,0.000046,8105.00
164.300,2801.39,-62.31,0.338522,40.00,1190.178833,3458.92,0.000021,7250.00
164.350,2356.60,-63.43,0.260696,40.00,1027.488403,3203.42,0.000028,5400.00
164.400,2957.96,-59.16,0.309871,40.00,1347.203003,3723.80,0.000074,7910.00
164.450,3236.88,-59.14,0.362482,45.00,1264.131958,3917.84,0.000049,8340.00
164.500,2837.32,-62.55,0.335107,45.00,1341.662109,3648.77,0.000019,7370.00
164.550,2626.23,-63.65,0.277289,40.00,934.766907,3318.17,0.000023,6410.00
164.600,3562.48,-60.39,0.201971,40.00,1017.342590,3688.06,0.000105,8330.00
164.650,4547.08,-58.91,0.167452,40.00,491.767548,3969.59,0.000208,9200.00
164.700,4263.26,-61.11,0.139609,35.00,544.098572,4024.04,0.000149,9155.00
164.750,3523.95,-62.44,0.148260,35.00,306.257172,3471.93,0.000093,7110.00
164.800,3785.78,-58.51,0.182759,35.00,517.062622,3410.04,0.000207,7380.00
164.850,3593.53,-56.05,0.254162,35.00,843.819641,3496.94,0.000245,7810.00
164.900,3532.72,-56.87,0.242345,35.00,604.607910,3528.22,0.000217,7935.00
164.950,3020.87,-61.31,0.190513,35.00,832.246521,3345.04,0.000096,6745.00
165.000,2585.96,-64.40,0.184491,35.00,425.828186,3079.79,0.000043,4565.00
165.050,3736.17,-61.06,0.183723,35.00,537.506775,3767.62,0.000099,8615.00
165.100,4703.49,-59.24,0.173274,35.00,429.967285,4072.74,0.000177,9395.00
165.150,4491.96,-62.19,0.147608,35.00,405.381622,4207.94,0.000093,9470.00
165.200,3003.78,-67.10,0.143382,35.00,236.241577,3774.66,0.000022,7710.00
165.250,3398.25,-63.58,0.153869,35.00,291.843964,3835.91,0.000062,8330.00
165.300,4256.60,-59.35,0.193246,35.00,556.779724,4066.77,0.000140,9140.00
165.350,4177.75,-60.06,0.199973,35.00,420.228149,4078.02,0.000106,9145.00
165.400,2969.52,-63.84,0.174794,35.00,545.830566,3647.21,0.000050,7640.00
165.450,2385.96,-66.29,0.156398,35.00,464.128815,3173.47,0.000031,5100.00
165.500,3952.75,-60.50,0.168402,35.00,402.955048,3869.35,0.000125,8805.00
165.550,4640.17,-58.90,0.175252,35.00,337.061951,3994.79,0.000182,9320.00
165.600,4070.51,-62.50,0.154752,35.00,396.297455,4034.49,0.000080,9065.00
165.650,2649.83,-68.33,0.142632,35.00,325.890381,3728.09,0.000017,7250.00
165.700,2464.56,-64.06,0.192760,35.00,769.837891,3613.08,0.000045,7350.00
165.750,2984.06,-59.15,0.342896,55.00,1362.154419,3875.65,0.000060,8245.00
165.800,2925.20,-59.68,0.379375,45.00,1312.912598,3772.23,0.000039,7970.00
165.850,3436.37,-59.74,0.342488,40.00,1195.093018,3930.83,0.000045,8550.00
165.900,3670.36,-59.18,0.246546,40.00,1089.274414,3940.63,0.000099,8745.00
165.950,3692.08,-59.41,0.194710,25.00,925.522705,3814.92,0.000144,8590.00
166.000,4099.44,-59.15,0.195092,25.00,568.731812,3978.24,0.000147,9010.00
166.050,3033.19,-61.75,0.204353,25.00,533.102417,3640.35,0.000070,7765.00
166.100,2181.76,-65.36,0.195636,25.00,505.906708,3069.99,0.000029,4640.00
166.150,3346.82,-62.58,0.184580,25.00,398.068939,3788.51,0.000058,8335.00
166.200,4370.82,-59.28,0.206369,25.00,491.214600,4113.19,0.000121,9220.00
166.250,3847.54,-60.43,0.212117,25.00,435.278320,4018.49,0.000085,8940.00
166.300,2643.94,-64.20,0.192975,25.00,455.414368,3401.28,0.000038,6625.00
166.350,2351.44,-64.29,0.202569,25.00,502.653107,3041.79,0.000037,4545.00
166.400,3618.79,-59.22,0.212844,25.00,487.686584,3730.06,0.000132,8470.00
166.450,3949.95,-58.75,0.206452,25.00,500.451569,3913.11,0.000154,8885.00
166.500,3138.47,-62.86,0.183031,25.00,462.528992,3760.13,0.000058,8030.00
166.550,2249.06,-67.32,0.171128,25.00,379.307190,3264.82,0.000018,4955.00
166.600,3152.89,-59.43,0.216274,25.00,693.698181,3438.78,0.000129,7130.00
166.650,3510.39,-56.48,0.272200,25.00,682.296326,3512.91,0.000188,7920.00
166.700,3457.12,-58.93,0.223954,25.00,761.103210,3513.15,0.000125,7815.00
166.750,2713.41,-63.64,0.211513,25.00,692.715942,3271.70,0.000036,5510.00
166.800,2765.11,-64.41,0.218260,25.00,506.207581,3429.99,0.000028,6725.00
166.850,4227.22,-60.01,0.219244,25.00,628.376648,4053.94,0.000092,9130.00
166.900,4306.81,-59.70,0.202454,25.00,542.680420,4121.51,0.000114,9225.00
166.950,3242.82,-63.54,0.178154,25.00,491.259644,3835.98,0.000047,8140.00
167.000,2936.05,-65.06,0.169392,25.00,315.264252,3376.76,0.000033,6445.00
167.050,4031.07,-60.38,0.183682,25.00,384.407654,3765.86,0.000112,8670.00
167.100,4541.55,-58.85,0.194695,25.00,331.285583,3994.73,0.000154,9185.00
167.150,4078.00,-61.35,0.177423,25.00,370.906311,4044.18,0.000087,9005.00
167.200,3694.05,-62.78,0.171142,25.00,331.772949,3826.13,0.000058,8385.00
167.250,2968.20,-61.71,0.202477,25.00,639.078308,3651.19,0.000074,7605.00
167.300,3149.46,-59.49,0.318207,65.00,1192.967407,3973.13,0.000062,8395.00
167.350,3275.99,-60.44,0.361416,45.00,1258.356079,4124.24,0.000033,8655.00
167.400,2367.19,-64.91,0.348361,40.00,1223.673828,3627.90,0.000009,7065.00
167.450,2311.09,-64.64,0.252324,40.00,1017.877930,3211.95,0.000021,5810.00
167.500,3379.40,-59.71,0.200862,35.00,1045.150146,3727.02,0.000142,8310.00
167.550,3982.45,-58.53,0.184549,25.00,718.051941,3995.34,0.000221,8965.00
167.600,3144.66,-61.24,0.173448,40.00,741.020020,3700.58,0.000118,8035.00
167.650,2331.08,-64.76,0.170978,40.00,605.997986,3088.67,0.000045,4875.00
167.700,2586.61,-62.96,0.202397,40.00,815.299683,3543.10,0.000056,7235.00
167.750,3364.28,-59.20,0.329944,65.00,1302.851929,4064.17,0.000060,8620.00
167.800,3493.78,-60.48,0.345132,45.00,1161.668945,4127.95,0.000034,8765.00
167.850,2524.48,-65.57,0.310091,40.00,1128.660156,3728.63,0.000009,7390.00
167.900,2163.21,-66.20,0.202232,35.00,1046.624878,3330.00,0.000020,5320.00
167.950,3104.61,-59.83,0.279249,85.00,1215.473511,3898.54,0.000074,8245.00
168.000,3432.58,-59.08,0.361631,50.00,1005.859314,4112.30,0.000050,8715.00
168.050,2981.67,-62.95,0.318496,45.00,1416.447144,3949.09,0.000019,8150.00
168.100,2363.47,-64.94,0.253069,40.00,964.785828,3283.94,0.000018,5315.00
168.150,3564.18,-60.95,0.196635,35.00,754.292053,3761.88,0.000095,8280.00
168.200,5215.37,-57.49,0.185315,40.00,633.916382,4056.73,0.000266,9655.00
168.250,5787.18,-57.38,0.169356,40.00,471.618103,4108.43,0.000302,10170.00
168.300,4964.60,-60.51,0.157835,40.00,365.930328,4199.27,0.000134,9725.00
168.350,3069.36,-62.24,0.167789,40.00,416.576141,3568.17,0.000091,7180.00
168.400,3429.78,-56.72,0.247679,40.00,888.291504,3570.21,0.000224,7850.00
168.450,3388.80,-56.69,0.257478,40.00,514.742432,3493.42,0.000203,7720.00
168.500,2960.83,-61.08,0.199278,40.00,860.397217,3335.82,0.000092,6775.00
168.550,2337.08,-65.48,0.177425,40.00,459.560272,3118.36,0.000033,4750.00
168.600,3715.89,-62.69,0.170516,40.00,348.641907,3951.75,0.000066,8745.00
168.650,4351.77,-59.32,0.192457,40.00,436.783173,4080.37,0.000142,9195.00
168.700,3773.62,-61.07,0.188323,40.00,376.351227,3992.80,0.000091,8870.00
168.750,2649.28,-65.98,0.167047,40.00,455.617798,3512.63,0.000027,6785.00
168.800,2861.88,-65.74,0.166307,40.00,325.326447,3596.02,0.000030,7460.00
168.850,4265.56,-60.10,0.188327,40.00,533.578552,4125.73,0.000122,9180.00
168.900,4281.30,-59.50,0.211087,40.00,477.840546,4097.40,0.000112,9190.00
168.950,3291.32,-63.02,0.188236,40.00,446.672211,3686.23,0.000048,7935.00
169.000,2569.75,-66.88,0.163178,40.00,466.312775,3308.89,0.000021,6000.00
169.050,4542.64,-61.97,0.160099,40.00,278.097473,4058.81,0.000085,9275.00
169.100,5149.80,-59.36,0.166670,40.00,264.892883,4042.44,0.000173,9655.00
169.150,4235.83,-61.56,0.167439,40.00,252.582199,3981.40,0.000092,9045.00
169.200,2951.36,-65.40,0.160242,40.00,265.821045,3485.23,0.000033,6605.00
169.250,2541.69,-64.34,0.191766,40.00,638.161560,3539.71,0.000038,6990.00
169.300,3181.01,-59.81,0.335114,65.00,1371.609375,4044.81,0.000048,8510.00
169.350,3212.02,-60.22,0.382899,45.00,1234.050415,4050.38,0.000029,8475.00
169.400,2505.23,-63.91,0.327827,40.00,1241.577026,3533.56,0.000013,6645.00
169.450,2107.81,-65.99,0.230547,40.00,998.118103,3102.27,0.000016,4210.00
169.500,3925.63,-61.26,0.179075,35.00,832.629028,3956.57,0.000096,8800.00
169.550,4606.87,-59.53,0.170781,30.00,536.653503,4101.83,0.000168,9260.00
169.600,3704.17,-61.89,0.157627,30.00,358.535278,3903.13,0.000097,8555.00
169.650,2561.68,-65.88,0.159529,30.00,337.176697,3244.45,0.000029,5275.00
169.700,3398.79,-63.65,0.164125,30.00,236.333130,3742.98,0.000049,8280.00
169.750,4964.06,-59.90,0.170653,30.00,283.567657,4127.55,0.000130,9635.00
169.800,4746.66,-60.78,0.166659,30.00,228.184021,4148.36,0.000107,9535.00
169.850,3136.94,-64.95,0.163403,30.00,276.115692,3688.16,0.000036,7805.00
169.900,2502.47,-67.04,0.162948,30.00,196.343536,3305.73,0.000020,5600.00
169.950,4600.37,-61.32,0.165242,30.00,261.323181,4125.19,0.000098,9395.00
170.000,5105.20,-60.07,0.167589,30.00,198.800354,4181.21,0.000136,9740.00
170.050,3931.31,-63.33,0.161365,30.00,223.287781,4071.26,0.000054,8990.00
170.100,2471.00,-67.19,0.161428,30.00,199.882080,3333.05,0.000019,5675.00
170.150,3143.48,-59.95,0.196911,30.00,640.299866,3447.22,0.000135,7115.00
170.200,3667.05,-56.41,0.249785,30.00,646.788147,3557.04,0.000229,8050.00
170.250,3704.29,-58.46,0.201663,30.00,627.369690,3595.40,0.000177,8170.00
170.300,2878.40,-64.66,0.165012,30.00,624.972595,3447.89,0.000040,6630.00
170.350,2574.50,-66.65,0.163945,30.00,252.921265,3477.35,0.000023,6615.00
170.400,4622.64,-61.14,0.168893,30.00,300.629303,4178.20,0.000102,9445.00
170.450,4939.08,-60.49,0.166217,30.00,237.414505,4192.18,0.000126,9675.00
170.500,3680.35,-64.12,0.158839,30.00,296.109680,4022.73,0.000047,8770.00
170.550,2571.97,-66.12,0.162593,30.00,258.300232,3418.78,0.000030,6170.00
170.600,3391.58,-61.04,0.187581,30.00,447.903442,3750.20,0.000101,8400.00
170.650,3944.52,-58.51,0.202938,30.00,390.686951,3908.60,0.000179,8900.00
170.700,3615.34,-60.53,0.183890,30.00,453.187897,3870.08,0.000117,8570.00
170.750,2613.74,-65.25,0.166712,30.00,419.172943,3389.86,0.000037,6470.00
170.800,2452.49,-62.95,0.205157,30.00,669.917480,3235.14,0.000056,5735.00
170.850,2944.10,-59.17,0.327902,60.00,1256.481934,3741.82,0.000067,7925.00
170.900,3108.37,-59.45,0.380580,45.00,1249.996826,3902.96,0.000041,8240.00
170.950,2551.70,-63.36,0.341912,40.00,1317.880493,3583.70,0.000015,7005.00
171.000,2110.49,-67.40,0.224128,40.00,925.751160,3257.58,0.000011,4855.00
171.050,3492.30,-61.42,0.186115,35.00,910.552368,3913.85,0.000088,8595.00
171.100,4039.68,-58.39,0.192873,30.00,681.228882,3980.15,0.000200,8985.00
171.150,3541.72,-59.80,0.171929,35.00,643.444946,3774.02,0.000173,8295.00
171.200,2564.13,-63.62,0.167789,35.00,571.249695,3207.43,0.000062,5495.00
171.250,2600.24,-62.03,0.205717,35.00,650.887695,3295.86,0.000071,5715.00
171.300,3069.76,-58.54,0.337646,70.00,1265.555908,3737.50,0.000072,7990.00
171.350,3212.56,-59.11,0.358363,45.00,1116.601440,3827.68,0.000050,8150.00
171.400,2822.38,-62.38,0.346484,40.00,1407.608032,3564.42,0.000019,7025.00
171.450,3983.67,-59.03,0.279546,40.00,954.174194,3948.60,0.000070,8760.00
171.500,3452.14,-57.97,0.282622,35.00,1303.509888,3888.28,0.000115,8345.00
171.550,3233.28,-58.69,0.358000,50.00,1283.220459,3937.16,0.000060,8395.00
171.600,2999.81,-61.22,0.340898,45.00,1311.027832,3753.40,0.000029,7895.00
171.650,2297.48,-65.19,0.291302,40.00,1015.458679,3205.39,0.000012,5015.00
171.700,3237.80,-62.74,0.184782,40.00,953.743103,3647.60,0.000055,8085.00
171.750,4359.78,-59.05,0.159128,40.00,562.168152,3975.28,0.000208,9100.00
171.800,4330.13,-60.28,0.143042,40.00,393.067383,4039.93,0.000176,9145.00
171.850,3018.62,-64.32,0.146771,35.00,401.796814,3611.86,0.000057,7385.00
171.900,2573.70,-64.38,0.159070,35.00,343.012909,3222.15,0.000054,5445.00
171.950,3344.36,-57.44,0.232616,35.00,885.436157,3447.55,0.000197,7420.00
172.000,3546.28,-56.50,0.252719,35.00,585.348389,3497.67,0.000218,7910.00
172.050,3166.98,-60.37,0.207534,35.00,839.787903,3407.91,0.000104,7285.00
172.100,2505.89,-63.89,0.186825,35.00,535.330444,3098.44,0.000050,4925.00
172.150,3110.60,-61.75,0.184719,35.00,534.260681,3573.48,0.000085,7890.00
172.200,4584.37,-59.24,0.174368,35.00,404.219666,4097.07,0.000171,9310.00
172.250,4626.29,-60.95,0.152182,35.00,371.218475,4163.69,0.000128,9490.00
172.300,3216.74,-65.49,0.145311,35.00,276.064026,3856.90,0.000039,8070.00
172.350,4033.13,-63.68,0.146714,35.00,207.264572,3934.69,0.000060,8605.00
172.400,5631.30,-58.09,0.162793,35.00,378.909943,3860.58,0.000263,9670.00
172.450,5454.41,-57.72,0.164020,35.00,250.029907,3866.52,0.000292,9605.00
172.500,4059.46,-62.02,0.151133,35.00,373.163361,3848.88,0.000097,8560.00
172.550,2580.38,-66.69,0.149946,35.00,298.867645,3249.36,0.000030,5710.00
172.600,4102.30,-62.39,0.147123,35.00,244.584427,3982.38,0.000107,8965.00
172.650,5429.46,-60.11,0.146321,35.00,261.258789,4167.38,0.000197,9880.00
172.700,4929.51,-62.59,0.141452,35.00,232.726257,4276.00,0.000097,9770.00
172.750,3044.92,-66.81,0.139265,35.00,202.317535,3899.66,0.000043,8040.00
172.800,2331.73,-63.59,0.193231,35.00,747.450378,3419.67,0.000083,6465.00
172.850,2817.77,-59.26,0.331896,60.00,1365.251465,3771.20,0.000092,7995.00
172.900,3043.57,-58.89,0.385483,45.00,1219.014038,3861.48,0.000053,8175.00
172.950,3297.37,-59.67,0.352317,40.00,1391.290527,3856.66,0.000042,8390.00
173.000,4165.39,-59.52,0.255331,40.00,1016.534973,4103.34,0.000074,9140.00
173.050,4071.18,-60.12,0.165509,35.00,901.226440,3956.91,0.000157,8840.00
173.100,4296.25,-57.99,0.186796,25.00,611.467468,3925.00,0.000239,8895.00
173.150,4276.85,-58.78,0.188472,25.00,433.661896,3948.79,0.000181,8870.00
173.200,5132.73,-57.74,0.190718,25.00,471.927948,4087.02,0.000216,9610.00
173.250,4591.24,-57.85,0.194391,25.00,451.720001,4042.86,0.000207,9335.00
173.300,3873.78,-58.76,0.213541,25.00,499.591705,3880.23,0.000145,8735.00
173.350,3810.69,-59.48,0.211034,25.00,501.187042,3852.50,0.000123,8720.00
173.400,3455.32,-61.26,0.195645,25.00,438.868164,3747.89,0.000082,8020.00
173.450,4414.06,-60.06,0.184060,25.00,451.601990,4048.29,0.000115,9240.00
173.500,4172.56,-59.64,0.195062,25.00,422.541840,4045.61,0.000125,9090.00
173.550,4429.62,-59.58,0.192605,25.00,313.179901,4144.99,0.000129,9250.00
173.600,3883.90,-62.73,0.176657,25.00,360.602539,4126.43,0.000057,9040.00
173.650,2572.47,-66.46,0.169705,25.00,288.614929,3533.23,0.000023,6585.00
173.700,3077.16,-59.86,0.214567,25.00,687.206848,3529.86,0.000113,7385.00
173.750,3445.63,-55.89,0.285866,25.00,797.436584,3537.25,0.000205,7840.00
173.800,3459.36,-57.38,0.243241,25.00,732.633606,3515.24,0.000180,7840.00
173.850,2817.98,-62.62,0.191362,25.00,718.985657,3381.49,0.000063,6765.00
173.900,2450.15,-66.62,0.171967,25.00,434.419586,3356.85,0.000021,6120.00
173.950,4186.87,-60.73,0.187152,25.00,414.915680,4011.54,0.000097,8985.00
174.000,4492.09,-59.42,0.201403,25.00,331.397339,4090.66,0.000126,9185.00
174.050,3736.20,-63.04,0.179949,25.00,420.601318,4059.39,0.000051,8865.00
174.100,2580.16,-67.16,0.167190,25.00,335.956970,3484.77,0.000017,6320.00
174.150,3613.98,-62.58,0.181677,25.00,362.111115,3921.91,0.000062,8545.00
174.200,4603.72,-59.11,0.196538,25.00,354.759308,4170.64,0.000142,9305.00
174.250,4259.52,-60.57,0.185903,25.00,346.219635,4168.41,0.000101,9250.00
174.300,2835.34,-64.12,0.187727,25.00,448.376862,3482.36,0.000040,6965.00
174.350,2516.80,-63.90,0.202791,25.00,508.717865,3339.32,0.000041,6370.00
174.400,3020.53,-60.10,0.295791,65.00,1166.515991,3926.12,0.000060,8270.00
174.450,3366.21,-60.11,0.360047,45.00,1202.833130,4157.59,0.000037,8740.00
174.500,2718.22,-63.69,0.358020,45.00,1385.844971,3840.04,0.000012,7825.00
174.550,2010.03,-66.40,0.278976,40.00,904.706665,3261.76,0.000010,4535.00
174.600,3384.41,-61.19,0.183426,35.00,1116.411499,3842.35,0.000101,8415.00
174.650,4205.43,-58.61,0.178314,25.00,685.823181,4074.78,0.000218,9135.00
174.700,3793.16,-60.88,0.165268,45.00,662.012573,4064.70,0.000131,8965.00
174.750,2614.35,-65.07,0.164864,40.00,628.915955,3551.80,0.000041,6875.00
174.800,2538.80,-63.58,0.193218,40.00,638.596802,3506.81,0.000050,6825.00
174.850,3477.87,-58.91,0.316337,60.00,1293.672607,4117.59,0.000072,8695.00
174.900,4080.46,-58.41,0.357527,65.00,1047.865356,4207.34,0.000057,9020.00
174.950,3627.14,-61.50,0.326743,40.00,1330.958862,3914.16,0.000023,8130.00
175.000,3189.79,-62.42,0.226578,40.00,983.871765,3799.91,0.000041,8225.00
175.050,3112.80,-59.69,0.254392,70.00,1314.087280,3892.29,0.000094,8280.00
175.100,3107.92,-59.57,0.371335,65.00,1179.000000,4041.94,0.000046,8450.00
175.150,3354.94,-61.36,0.332052,45.00,1416.877319,4106.88,0.000029,8700.00
175.200,4060.13,-59.33,0.277893,40.00,1045.729858,4123.06,0.000076,9135.00
175.250,3963.54,-60.23,0.204905,35.00,891.566650,4041.51,0.000105,9050.00
175.300,4781.73,-60.35,0.171319,40.00,684.940430,4160.59,0.000124,9565.00
175.350,4710.16,-60.89,0.162383,40.00,316.113617,4160.15,0.000116,9530.00
175.400,3299.36,-63.96,0.158073,40.00,346.318573,3717.40,0.000054,7975.00
175.450,2713.93,-63.98,0.171121,40.00,402.898682,3284.96,0.000052,6205.00
175.500,3314.97,-57.76,0.238495,40.00,812.084595,3428.23,0.000173,7475.00
175.550,3575.71,-56.33,0.263088,40.00,554.381714,3498.78,0.000209,7940.00
175.600,3296.35,-59.89,0.209359,40.00,833.566345,3463.27,0.000107,7470.00
175.650,2458.47,-64.51,0.190961,40.00,571.010437,3089.36,0.000037,5065.00
175.700,3201.58,-63.14,0.179680,40.00,428.109467,3684.52,0.000057,8030.00
175.750,5178.11,-59.09,0.167325,40.00,482.637207,3970.79,0.000173,9610.00
175.800,5220.34,-58.69,0.170429,40.00,289.265045,3752.94,0.000194,9390.00
175.850,4214.34,-60.84,0.165865,40.00,345.069244,3783.90,0.000110,8500.00
175.900,2876.88,-63.90,0.184458,40.00,446.250488,3510.54,0.000041,7040.00
175.950,3577.53,-60.27,0.204492,40.00,499.087250,3820.05,0.000101,8560.00
176.000,3927.35,-58.94,0.205609,40.00,526.020874,3909.93,0.000148,8840.00
176.050,3310.00,-61.62,0.190206,40.00,541.024841,3673.37,0.000083,8060.00
176.100,2401.63,-64.52,0.189782,40.00,491.027771,3083.78,0.000038,5105.00
176.150,3303.91,-62.04,0.184208,40.00,430.767578,3736.54,0.000083,8240.00
176.200,4987.33,-59.64,0.170440,40.00,421.979248,4200.59,0.000166,9680.00
176.250,4720.64,-61.55,0.164120,40.00,296.438934,4222.79,0.000098,9580.00
176.300,3027.74,-65.33,0.159133,40.00,307.417786,3669.19,0.000035,7595.00
176.350,2532.14,-63.62,0.191894,40.00,596.609863,3379.10,0.000053,6310.00
176.400,2907.10,-59.75,0.318908,45.00,1280.239746,3831.71,0.000061,8075.00
176.450,3029.71,-59.42,0.393652,45.00,1131.339722,3958.30,0.000041,8315.00
176.500,2651.33,-61.94,0.356969,45.00,1437.423584,3593.65,0.000023,7145.00
176.550,2526.57,-63.68,0.267757,40.00,959.678650,3361.40,0.000025,6285.00
176.600,3506.40,-61.03,0.210067,35.00,950.413391,3792.37,0.000079,8350.00
176.650,4269.68,-58.67,0.200427,30.00,688.807007,4031.05,0.000160,9130.00
176.700,3592.74,-59.93,0.188006,30.00,558.357666,3849.53,0.000136,8510.00
176.750,2644.08,-62.86,0.192334,30.00,551.482178,3386.60,0.000063,6505.00
176.800,2718.08,-63.13,0.187942,30.00,407.626923,3474.94,0.000064,7060.00
176.850,4253.30,-59.69,0.185524,30.00,406.053253,4084.88,0.000156,9160.00
176.900,4449.87,-59.59,0.183558,30.00,277.321808,4147.00,0.000155,9290.00
176.950,3407.11,-62.65,0.176435,30.00,334.990723,3865.26,0.000064,8245.00
177.000,2943.16,-64.55,0.175604,30.00,250.141006,3658.58,0.000039,7475.00
177.050,4223.19,-61.61,0.171444,30.00,282.502716,4095.46,0.000090,9100.00
177.100,5096.18,-59.67,0.171207,30.00,236.144180,4201.28,0.000148,9670.00
177.150,4199.21,-62.11,0.170609,30.00,250.192017,4188.77,0.000073,9185.00
177.200,2405.74,-66.13,0.176489,30.00,299.942200,3367.63,0.000025,5990.00
177.250,2766.42,-61.33,0.207030,30.00,556.203430,3351.54,0.000087,6495.00
177.300,3443.09,-56.36,0.267171,30.00,821.675659,3531.87,0.000211,7740.00
177.350,3537.34,-56.99,0.239214,30.00,632.932678,3575.49,0.000205,7935.00
177.400,3049.56,-61.29,0.197374,30.00,736.651917,3517.31,0.000087,7430.00
177.450,2525.09,-65.41,0.177439,30.00,452.692291,3383.21,0.000033,6515.00
177.500,4083.81,-61.20,0.178366,30.00,410.641846,4028.65,0.000094,9065.00
177.550,4675.02,-59.05,0.186326,30.00,324.475525,4095.71,0.000159,9440.00
177.600,3975.73,-61.60,0.178061,30.00,367.166199,3977.99,0.000083,8945.00
177.650,3335.37,-63.60,0.178334,30.00,306.334167,3707.53,0.000048,8095.00
177.700,3721.55,-61.78,0.192129,30.00,369.081512,3841.93,0.000073,8555.00
177.750,4454.43,-59.66,0.196563,30.00,400.742584,4105.51,0.000125,9255.00
177.800,4282.50,-60.82,0.182982,30.00,434.826111,4177.69,0.000101,9285.00
177.850,2885.11,-64.81,0.180334,30.00,368.275513,3691.72,0.000034,7490.00
177.900,2503.70,-64.18,0.200946,30.00,540.801880,3436.00,0.000041,6815.00
177.950,3009.62,-60.07,0.298696,30.00,1081.402954,3876.66,0.000065,8135.00
178.000,3360.81,-59.48,0.368527,50.00,1264.201660,4111.90,0.000045,8705.00
178.050,2891.78,-62.64,0.353984,45.00,1439.299927,3855.11,0.000016,7950.00
178.100,2113.83,-66.72,0.256058,40.00,853.120300,3223.47,0.000010,4880.00
178.150,3119.42,-62.34,0.191927,35.00,983.202332,3759.24,0.000066,8080.00
178.200,3852.71,-58.39,0.204818,30.00,752.657654,3955.83,0.000179,8815.00
178.250,3536.16,-59.33,0.191414,35.00,645.752258,3766.10,0.000155,8350.00
178.300,2725.45,-62.58,0.189118,35.00,663.824951,3269.52,0.000066,5975.00
178.350,2422.47,-63.01,0.208661,35.00,559.946411,3109.03,0.000051,4945.00
178.400,2841.52,-59.23,0.326012,70.00,1301.469238,3670.05,0.000066,7770.00
178.450,3157.28,-58.68,0.368537,45.00,1106.469727,3895.79,0.000056,8335.00
178.500,2792.59,-61.41,0.350931,40.00,1580.873535,3608.38,0.000026,7330.00
178.550,2328.61,-64.00,0.300305,40.00,942.644104,3244.00,0.000017,5200.00
178.600,2679.50,-61.52,0.257774,35.00,1221.864258,3623.78,0.000054,7485.00
178.650,3305.62,-59.04,0.347970,65.00,1317.673218,4013.46,0.000057,8590.00
178.700,3407.64,-60.50,0.344886,45.00,1217.693970,3990.18,0.000033,8560.00
178.750,2784.83,-63.13,0.312749,40.00,1115.778931,3600.63,0.000019,7370.00
178.800,2791.27,-62.66,0.229427,40.00,1005.765198,3522.25,0.000044,6985.00
178.850,4213.39,-59.62,0.178323,40.00,762.520569,4020.47,0.000159,9095.00
178.900,4477.36,-59.58,0.159900,40.00,469.923950,4102.34,0.000189,9310.00
178.950,3300.09,-63.08,0.150350,35.00,457.342834,3763.22,0.000079,8060.00
179.000,2493.77,-65.55,0.151716,35.00,319.061615,3231.54,0.000042,5370.00
179.050,3207.12,-58.40,0.217980,35.00,834.124207,3460.21,0.000175,7290.00
179.100,3533.84,-56.12,0.267103,35.00,645.235474,3538.94,0.000226,7930.00
179.150,3465.34,-59.15,0.197541,35.00,777.487671,3528.86,0.000160,7820.00
179.200,2928.46,-63.88,0.156055,35.00,625.642456,3444.15,0.000060,7085.00
179.250,3451.04,-62.45,0.173967,35.00,390.903931,3744.46,0.000071,8360.00
179.300,4680.01,-59.61,0.171277,35.00,336.136597,4046.37,0.000155,9300.00
179.350,5065.67,-60.60,0.150462,35.00,377.770630,4155.21,0.000137,9695.00
179.400,3722.24,-65.45,0.143886,35.00,267.507050,4064.10,0.000035,8795.00
179.450,2679.28,-67.44,0.145774,35.00,175.686661,3468.96,0.000021,6270.00
179.500,3982.15,-61.21,0.164981,35.00,412.037750,3985.50,0.000111,8940.00
179.550,4383.20,-59.02,0.187597,35.00,452.749817,4140.47,0.000165,9295.00
179.600,3619.88,-61.17,0.183193,35.00,357.782440,3950.93,0.000095,8720.00
179.650,2556.37,-64.63,0.177194,35.00,502.414948,3300.00,0.000041,5805.00
179.700,3091.35,-63.31,0.182010,35.00,494.933868,3661.38,0.000053,7980.00
179.750,4643.14,-60.08,0.179608,35.00,493.037598,4165.25,0.000125,9430.00
179.800,4532.38,-61.21,0.159631,35.00,397.064667,4228.06,0.000111,9480.00
179.850,3298.72,-65.87,0.142184,35.00,370.292358,4002.97,0.000036,8490.00
179.900,2237.92,-67.91,0.151041,35.00,374.540863,3523.55,0.000022,6060.00
179.950,2983.79,-61.03,0.278436,65.00,1246.389038,3963.74,0.000053,8360.00
180.000,3266.55,-59.50,0.373523,50.00,1120.882324,4050.94,0.000042,8595.00
180.050,3315.79,-60.87,0.356104,45.00,1457.277954,3972.53,0.000029,8475.00
180.100,4140.21,-59.73,0.283364,40.00,973.172791,4136.38,0.000060,9135.00
180.150,4150.31,-60.81,0.171322,35.00,985.091736,4057.32,0.000115,9050.00
180.200,4721.87,-59.39,0.158355,25.00,579.833923,4172.53,0.000191,9490.00
180.250,4174.91,-60.76,0.166194,25.00,386.318329,4130.85,0.000123,9170.00
180.300,2662.76,-64.92,0.184831,25.00,358.993591,3461.77,0.000033,6500.00
180.350,2543.95,-65.85,0.188128,25.00,278.661133,3361.44,0.000024,5935.00
180.400,4529.86,-60.63,0.186353,25.00,313.735657,4153.60,0.000098,9425.00
180.450,4740.63,-59.98,0.186910,25.00,313.680725,4181.15,0.000117,9595.00
180.500,3428.90,-63.46,0.173789,25.00,319.586121,3841.68,0.000052,8320.00
180.550,2352.41,-66.86,0.167857,25.00,235.296036,3165.00,0.000023,5120.00
180.600,3615.26,-63.06,0.184665,25.00,370.820007,3921.76,0.000049,8685.00
180.650,4759.55,-60.23,0.189154,25.00,302.999298,4151.39,0.000101,9495.00
180.700,4629.45,-60.35,0.175000,25.00,335.524231,4011.30,0.000113,9175.00
180.750,5266.78,-58.21,0.186535,25.00,377.447601,3870.00,0.000189,9355.00
180.800,4850.40,-56.92,0.201997,25.00,418.962646,3928.69,0.000240,9180.00
180.850,3784.66,-56.07,0.254697,25.00,808.420532,3590.66,0.000232,8190.00
180.900,3755.29,-57.18,0.238819,25.00,482.862793,3569.06,0.000191,8245.00
180.950,3695.55,-61.05,0.176049,25.00,702.577698,3697.13,0.000105,8430.00
181.000,2975.62,-65.29,0.167314,25.00,387.138855,3671.35,0.000034,7940.00
181.050,3944.06,-61.65,0.191693,25.00,410.153625,4088.43,0.000075,8995.00
181.100,4475.92,-58.96,0.205938,25.00,399.128754,4091.34,0.000140,9200.00
181.150,3972.69,-60.67,0.178458,25.00,412.298248,3959.42,0.000108,8765.00
181.200,4131.35,-60.84,0.171400,25.00,445.785492,3683.75,0.000108,8180.00
181.250,4561.63,-57.71,0.199024,25.00,377.821381,3580.65,0.000212,8365.00
181.300,4558.13,-58.00,0.196959,25.00,403.525513,3844.34,0.000191,9010.00
181.350,4524.13,-60.15,0.181133,25.00,366.184875,4150.25,0.000119,9330.00
181.400,3285.20,-64.06,0.166965,25.00,362.183472,3892.61,0.000048,8320.00
181.450,2372.35,-65.07,0.185907,25.00,492.367401,3364.22,0.000035,5575.00
181.500,2834.47,-60.80,0.276205,20.00,1048.554199,3792.62,0.000059,8020.00
181.550,3327.39,-59.32,0.357858,50.00,1200.708740,4116.69,0.000049,8670.00
181.600,3373.67,-61.03,0.358345,45.00,1422.545288,4108.22,0.000026,8600.00
181.650,4634.41,-58.83,0.301761,40.00,902.299500,4281.00,0.000059,9650.00
181.700,4822.95,-58.28,0.194962,35.00,1095.826904,4239.65,0.000174,9760.00
181.750,4110.90,-58.98,0.188810,25.00,781.492554,4100.25,0.000175,9090.00
181.800,3673.29,-60.21,0.174837,45.00,674.392578,3931.73,0.000151,8720.00
181.850,2875.81,-63.74,0.171966,40.00,703.412109,3535.21,0.000057,7295.00
181.900,2430.14,-64.78,0.186384,40.00,407.251617,3251.55,0.000039,5220.00
181.950,2943.40,-60.10,0.292616,45.00,1209.414185,3783.03,0.000061,8130.00
182.000,3337.86,-58.84,0.356966,50.00,1026.128052,4008.78,0.000055,8560.00
182.050,2943.72,-62.16,0.334144,45.00,1447.756226,3827.42,0.000023,8030.00
182.100,2005.44,-66.96,0.256644,40.00,873.329590,3267.23,0.000009,4825.00
182.150,2764.57,-61.78,0.220959,35.00,1327.458130,3653.63,0.000066,7500.00
182.200,3329.96,-58.40,0.351522,65.00,1237.390869,3984.58,0.000069,8505.00
182.250,3356.57,-59.73,0.341072,45.00,1234.499390,3956.46,0.000046,8440.00
182.300,2772.79,-62.98,0.286303,40.00,1073.779297,3574.54,0.000026,7250.00
182.350,2655.30,-64.76,0.197755,35.00,1004.085327,3458.86,0.000032,6875.00
182.400,4270.15,-59.85,0.181066,40.00,601.156555,4021.09,0.000144,9060.00
182.450,4523.98,-59.38,0.173504,40.00,398.637512,4069.14,0.000176,9250.00
182.500,3664.86,-62.32,0.159554,40.00,398.358063,3964.12,0.000089,8795.00
182.550,4235.08,-60.88,0.162114,40.00,327.370300,4210.14,0.000119,9575.00
182.600,3529.39,-58.23,0.210965,40.00,752.032471,3651.71,0.000183,8180.00
182.650,3564.62,-56.42,0.268720,40.00,639.418091,3520.00,0.000195,7905.00
182.700,3693.37,-58.24,0.213226,40.00,737.747864,3562.38,0.000167,7980.00
182.750,4405.63,-58.55,0.180645,40.00,666.745300,3614.38,0.000186,8415.00
182.800,4210.85,-59.42,0.176081,40.00,294.644897,3688.94,0.000151,8455.00
182.850,4116.77,-59.48,0.189177,40.00,477.375336,4023.35,0.000139,9000.00
182.900,4119.89,-59.53,0.201617,40.00,468.035309,4103.89,0.000122,9105.00
182.950,3049.65,-63.34,0.181880,40.00,417.815857,3734.92,0.000050,7895.00
183.000,2257.83,-66.41,0.170572,40.00,449.259460,3176.07,0.000025,5095.00
183.050,3521.37,-61.24,0.185907,40.00,425.053497,3811.92,0.000096,8455.00
183.100,4162.25,-58.73,0.212743,40.00,526.762390,3994.18,0.000147,9060.00
183.150,3629.32,-60.86,0.209604,40.00,585.907043,3881.77,0.000078,8545.00
183.200,2623.49,-64.64,0.194521,40.00,575.379333,3344.37,0.000032,6180.00
183.250,2940.55,-63.79,0.182566,40.00,485.217712,3574.63,0.000042,7510.00
183.300,4580.58,-60.16,0.177211,40.00,435.493042,4131.68,0.000120,9305.00
183.350,4821.74,-60.70,0.168527,40.00,267.018280,4183.75,0.000107,9595.00
183.400,3547.50,-64.45,0.156451,40.00,293.569031,3900.94,0.000041,8440.00
183.450,2605.24,-65.64,0.166929,40.00,343.760468,3494.96,0.000030,6335.00
183.500,2915.47,-60.90,0.273229,85.00,1157.776855,3850.30,0.000054,8140.00
183.550,3236.48,-59.47,0.381419,45.00,1112.403687,4036.58,0.000040,8470.00
183.600,2869.87,-62.10,0.361257,45.00,1471.536865,3810.98,0.000019,7850.00
183.650,2061.80,-65.52,0.276168,40.00,900.682007,3128.17,0.000013,4305.00
183.700,3056.45,-63.17,0.193359,35.00,1029.406372,3643.42,0.000046,7935.00
183.750,4562.57,-59.55,0.169462,30.00,618.199097,4094.75,0.000161,9310.00
183.800,4256.79,-60.40,0.161056,30.00,376.383911,4066.65,0.000141,9170.00
183.850,2857.68,-64.17,0.163304,30.00,373.651672,3511.25,0.000049,6995.00
183.900,2538.49,-66.07,0.159275,30.00,249.852066,3204.87,0.000029,5305.00
183.950,4466.12,-60.91,0.163911,30.00,318.825043,4040.78,0.000115,9175.00
184.000,4954.84,-59.70,0.171778,30.00,256.431885,4126.36,0.000151,9615.00
184.050,3776.49,-62.40,0.175929,30.00,322.159485,3940.92,0.000065,8675.00
184.100,2524.67,-66.37,0.166367,30.00,266.713654,3270.69,0.000024,5780.00
184.150,3632.59,-63.32,0.165535,30.00,241.491470,3913.33,0.000060,8685.00
184.200,5050.79,-60.00,0.163710,30.00,276.325806,4172.06,0.000153,9675.00
184.250,4622.56,-61.46,0.162010,30.00,218.364761,4221.01,0.000096,9540.00
184.300,2857.13,-65.70,0.163239,30.00,250.272339,3673.80,0.000029,7410.00
184.350,2673.43,-63.42,0.177408,30.00,395.874542,3379.19,0.000055,6135.00
184.400,3542.44,-56.63,0.249702,30.00,862.682007,3593.81,0.000209,7915.00
184.450,3761.02,-56.23,0.253918,30.00,491.716003,3577.85,0.000224,8145.00
184.500,3532.63,-59.82,0.196079,30.00,771.518494,3542.88,0.000124,7930.00
184.550,2859.07,-64.25,0.174976,30.00,475.024170,3536.25,0.000044,6905.00
184.600,3593.31,-62.49,0.170802,30.00,362.809448,3929.29,0.000074,8725.00
184.650,4336.69,-58.78,0.195540,30.00,478.142700,4041.85,0.000161,9190.00
184.700,3957.05,-60.10,0.196001,30.00,466.673798,3922.71,0.000109,8935.00
184.750,2943.50,-63.93,0.174600,30.00,413.386932,3551.25,0.000047,6900.00
184.800,3114.08,-63.55,0.172010,30.00,395.213593,3603.07,0.000055,7150.00
184.850,4460.08,-59.68,0.191226,30.00,396.940216,4049.68,0.000128,9165.00
184.900,4588.49,-59.71,0.185516,30.00,350.385925,4103.17,0.000135,9380.00
184.950,3358.17,-62.96,0.177072,30.00,360.873688,3765.64,0.000061,8000.00
185.000,2353.89,-65.93,0.171376,30.00,409.298859,3225.98,0.000030,5480.00
185.050,2821.97,-60.35,0.262077,30.00,1045.728271,3637.12,0.000075,7605.00
185.100,3242.65,-58.12,0.369171,60.00,1247.804443,3894.77,0.000068,8275.00
185.150,3154.88,-60.71,0.367888,45.00,1530.429077,3856.57,0.000028,8030.00
185.200,2390.13,-65.70,0.280807,40.00,931.512451,3460.28,0.000011,6290.00
185.250,2895.75,-64.34,0.184437,35.00,1011.486267,3698.60,0.000038,7785.00
185.300,3900.68,-59.12,0.194939,35.00,748.044006,3999.83,0.000154,8940.00
185.350,3742.12,-58.75,0.193061,35.00,610.687683,3865.74,0.000177,8670.00
185.400,2947.03,-61.36,0.187200,40.00,734.235657,3449.50,0.000095,6950.00
185.450,2437.37,-63.43,0.193014,35.00,505.189697,3145.41,0.000054,4775.00
185.500,2734.52,-60.05,0.289693,70.00,1142.693726,3610.27,0.000067,7525.00
185.550,3129.77,-58.69,0.370884,65.00,1167.181274,3901.43,0.000055,8320.00
185.600,2851.81,-60.96,0.349645,45.00,1599.017090,3659.44,0.000031,7585.00
185.650,2249.21,-64.33,0.314536,40.00,954.258301,3166.74,0.000014,4855.00
185.700,2519.82,-62.49,0.248457,35.00,1149.008179,3490.43,0.000043,6900.00
185.750,3228.13,-58.77,0.335226,60.00,1297.375610,3930.80,0.000067,8425.00
185.800,3344.10,-59.59,0.352454,45.00,1194.328857,3879.82,0.000044,8390.00
185.850,2569.20,-63.61,0.319275,40.00,1179.987549,3442.32,0.000016,6555.00
185.900,2499.45,-64.32,0.230260,40.00,907.127502,3257.16,0.000027,5670.00
185.950,4060.55,-59.78,0.171889,40.00,787.732178,3855.57,0.000162,8830.00
186.000,4543.19,-58.78,0.172336,40.00,384.743835,3976.06,0.000200,9185.00
186.050,3685.25,-61.64,0.158692,35.00,437.542236,3864.48,0.000104,8515.00
186.100,2539.58,-65.50,0.150812,35.00,339.240387,3297.73,0.000043,5570.00
186.150,3203.99,-59.47,0.192688,35.00,626.974915,3432.66,0.000158,7210.00
186.200,3622.03,-56.04,0.255950,35.00,663.409302,3522.13,0.000246,7940.00
186.250,3633.53,-57.93,0.211566,35.00,636.743225,3512.47,0.000192,7935.00
186.300,3237.44,-62.17,0.164799,35.00,613.769043,3339.40,0.000091,6725.00
186.350,3221.84,-63.19,0.157138,35.00,324.199890,3411.18,0.000075,7255.00
186.400,4309.25,-60.19,0.196337,35.00,523.597839,4007.56,0.000104,9035.00
186.450,4742.86,-60.05,0.193671,35.00,315.149170,4156.51,0.000108,9490.00
186.500,3691.98,-63.86,0.161970,35.00,481.301422,4049.56,0.000050,8825.00
186.550,2608.03,-66.77,0.150384,35.00,273.899658,3401.31,0.000026,5850.00
186.600,3666.91,-61.47,0.168759,35.00,456.606995,3767.59,0.000098,8515.00
186.650,4398.12,-58.57,0.187201,35.00,393.362213,3966.79,0.000185,9145.00
186.700,3915.61,-60.13,0.186767,35.00,524.652954,3921.59,0.000121,8865.00
186.750,3113.95,-63.17,0.182920,35.00,467.745697,3640.13,0.000056,7785.00
186.800,3066.91,-63.75,0.172443,35.00,454.749969,3616.39,0.000053,7730.00
186.850,4558.04,-60.02,0.170112,35.00,471.444183,4192.60,0.000148,9430.00
186.900,4820.43,-60.17,0.163533,35.00,404.713440,4264.40,0.000146,9675.00
186.950,3394.23,-64.23,0.154132,35.00,317.735168,4012.55,0.000052,8515.00
187.000,2220.23,-68.22,0.143733,35.00,248.514465,3436.67,0.000020,5455.00
187.050,2847.44,-62.09,0.236875,35.00,1081.886353,3897.22,0.000049,8190.00
187.100,3281.90,-59.46,0.368321,50.00,1197.945679,4094.66,0.000041,8700.00
187.150,3186.97,-60.90,0.361457,45.00,1425.886963,3963.83,0.000026,8355.00
187.200,4030.21,-59.85,0.301700,40.00,977.876648,4166.89,0.000047,9110.00
187.250,4208.06,-60.57,0.189501,35.00,1006.659851,4106.39,0.000096,9170.00
187.300,4658.32,-59.79,0.155306,25.00,636.033569,4104.73,0.000179,9445.00
187.350,4426.43,-60.21,0.165721,25.00,440.970551,4125.27,0.000143,9340.00
187.400,2971.47,-63.98,0.172263,25.00,320.516724,3621.37,0.000049,7430.00
187.450,2309.35,-66.61,0.173319,25.00,281.779907,3178.08,0.000025,4685.00
187.500,4163.29,-61.68,0.182182,25.00,331.029663,4034.25,0.000077,9015.00
187.550,4802.41,-59.81,0.183546,25.00,333.782501,4165.33,0.000127,9540.00
187.600,3852.19,-62.37,0.178383,25.00,314.841919,4057.29,0.000065,8955.00
187.650,2422.77,-66.54,0.185535,25.00,320.424225,3340.10,0.000019,5425.00
187.700,3184.51,-64.22,0.179809,25.00,325.103790,3781.23,0.000038,8250.00
187.750,4519.05,-59.98,0.179559,25.00,420.374786,4181.24,0.000129,9415.00
187.800,3918.80,-60.54,0.193969,25.00,392.275208,4143.96,0.000102,9045.00
187.850,2671.83,-64.72,0.184168,25.00,385.519684,3626.83,0.000036,7230.00
187.900,2527.23,-64.41,0.182553,25.00,315.430969,3371.80,0.000043,5935.00
187.950,3442.22,-57.33,0.250266,25.00,856.646790,3586.66,0.000186,7845.00
188.000,3782.56,-56.26,0.252024,25.00,450.849304,3619.92,0.000234,8255.00
188.050,3754.32,-59.25,0.190563,25.00,761.499390,3607.83,0.000155,8235.00
188.100,3469.41,-61.77,0.203775,25.00,545.210938,3550.76,0.000069,7690.00
188.150,3751.07,-61.47,0.213730,25.00,402.077332,3812.26,0.000065,8435.00
188.200,4670.67,-59.30,0.206555,25.00,376.981506,4093.55,0.000122,9400.00
188.250,4227.52,-60.72,0.197079,25.00,366.790222,4048.67,0.000088,9130.00
188.300,3011.07,-64.95,0.177318,25.00,450.253662,3678.42,0.000032,7705.00
188.350,2839.22,-63.91,0.181017,25.00,411.453705,3519.02,0.000047,7310.00
188.400,3752.58,-59.30,0.214881,25.00,513.301208,3866.67,0.000124,8750.00
188.450,4099.54,-59.07,0.206746,25.00,530.822571,3983.10,0.000136,9030.00
188.500,3105.95,-62.32,0.196930,25.00,527.691772,3619.58,0.000062,7780.00
188.550,2471.28,-64.62,0.200284,25.00,522.558777,3233.44,0.000033,5970.00
188.600,2764.32,-60.98,0.258880,20.00,940.711304,3631.54,0.000065,7545.00
188.650,3288.69,-58.78,0.343216,65.00,1222.431396,4019.24,0.000065,8510.00
188.700,3277.23,-61.12,0.357589,45.00,1408.124512,4086.19,0.000026,8600.00
188.750,4605.57,-59.24,0.327696,40.00,900.649414,4219.97,0.000046,9495.00
188.800,5129.61,-57.17,0.214048,35.00,1108.888306,3931.44,0.000205,9410.00
188.850,4158.42,-57.75,0.183265,25.00,914.380615,3922.30,0.000262,8825.00
188.900,3739.36,-58.95,0.180503,50.00,707.782104,3939.92,0.000199,8760.00
188.950,2860.41,-63.09,0.176107,40.00,783.558716,3515.54,0.000067,7330.00
189.000,2261.32,-65.13,0.185976,40.00,584.713745,3052.28,0.000036,4015.00
189.050,2671.74,-60.92,0.265498,40.00,1068.958984,3587.38,0.000061,7505.00
189.100,3240.82,-59.12,0.356081,65.00,1150.671997,4009.81,0.000052,8435.00
189.150,3183.79,-61.89,0.344906,45.00,1418.889771,4029.87,0.000021,8390.00
189.200,2539.11,-65.75,0.285405,40.00,881.395325,3635.06,0.000009,7055.00
189.250,2945.34,-62.69,0.196164,35.00,1282.648438,3821.24,0.000060,7900.00
189.300,3149.38,-59.38,0.336901,65.00,1352.814575,4034.39,0.000058,8430.00
189.350,3147.91,-59.94,0.364538,45.00,1003.765869,4008.95,0.000039,8405.00
189.400,3880.55,-60.16,0.303910,40.00,1318.241821,4081.50,0.000047,8955.00
189.450,4538.75,-60.03,0.220437,35.00,1000.209595,4164.85,0.000089,9320.00
189.500,4406.78,-60.70,0.175279,35.00,484.057739,4128.47,0.000122,9220.00
189.550,5050.55,-59.93,0.163871,40.00,445.838898,4214.98,0.000168,9715.00
189.600,4221.76,-62.59,0.149109,40.00,359.923431,4099.67,0.000087,9180.00
189.650,2805.32,-65.66,0.152578,40.00,298.158417,3470.35,0.000036,6710.00
189.700,3002.55,-60.14,0.202665,40.00,740.932678,3439.76,0.000123,6925.00
189.750,3433.52,-56.37,0.274369,40.00,766.950928,3509.96,0.000201,7820.00
189.800,3591.45,-57.88,0.219983,40.00,720.065857,3551.97,0.000179,8035.00
189.850,3461.69,-61.76,0.165379,40.00,701.506042,3630.49,0.000098,8010.00
189.900,3408.24,-61.77,0.175330,40.00,387.524445,3697.88,0.000092,8115.00
189.950,4369.20,-60.41,0.173703,40.00,329.577026,4107.78,0.000120,9175.00
190.000,5079.84,-60.14,0.175693,40.00,362.551514,4186.54,0.000120,9680.00
190.050,4152.50,-62.28,0.165251,40.00,285.789795,4143.02,0.000070,9070.00
190.100,3476.42,-64.03,0.162810,40.00,314.569214,3976.35,0.000046,8130.00
190.150,3431.45,-61.20,0.183070,40.00,421.314789,3841.67,0.000096,8220.00
190.200,4115.34,-58.51,0.204656,40.00,463.497894,4040.67,0.000169,9015.00
190.250,3969.18,-60.10,0.194938,40.00,535.875854,4010.07,0.000111,8960.00
190.300,3092.41,-63.40,0.183052,40.00,452.383209,3564.35,0.000048,7175.00
190.350,2925.36,-63.43,0.189889,40.00,447.041748,3421.23,0.000048,6785.00
190.400,4245.75,-59.85,0.195254,40.00,494.863434,4009.15,0.000125,9040.00
190.450,4375.92,-59.38,0.197917,40.00,378.376556,4064.77,0.000139,9200.00
190.500,3351.32,-62.11,0.178434,40.00,398.460571,3720.13,0.000077,8045.00
190.550,3934.33,-61.47,0.164382,40.00,458.704041,3771.68,0.000097,8305.00
190.600,5142.61,-58.09,0.169507,40.00,400.779999,3842.56,0.000239,9340.00
190.650,5495.80,-58.65,0.117321,40.00,498.527557,3702.25,0.000411,9410.00
190.700,5604.77,-63.16,0.053724,20.00,520.554443,3494.60,0.000460,9205.00
190.750,4590.13,-69.61,0.029848,20.00,216.128387,3709.45,0.000190,8815.00
190.800,3830.79,-72.71,0.019992,20.00,95.156044,3636.61,0.000156,8465.00
190.850,3396.30,-74.58,0.017726,25.00,71.754143,3446.00,0.000100,7850.00
190.900,2368.23,-77.15,0.022468,20.00,78.294128,3163.65,0.000018,5235.00
190.950,1892.71,-78.94,0.019845,15.00,62.110771,3210.26,0.000007,4520.00
191.000,1698.51,-79.11,0.021251,15.00,30.413406,3181.41,0.000006,3980.00
191.050,2183.58,-77.46,0.023658,15.00,41.002808,3059.24,0.000013,5205.00
191.100,2999.06,-74.99,0.026769,15.00,45.755161,3210.87,0.000033,6125.00
191.150,3253.09,-73.57,0.036661,20.00,87.480492,3257.25,0.000032,6345.00
191.200,3301.33,-73.86,0.035016,20.00,55.091797,3252.53,0.000031,6445.00
191.250,2940.22,-75.58,0.023540,20.00,83.472107,3271.23,0.000032,6285.00
191.300,2669.26,-77.41,0.011444,20.00,87.480911,3354.07,0.000059,6830.00
191.350,2245.86,-78.99,0.011277,35.00,47.053280,3523.36,0.000023,6365.00
191.400,1428.28,-79.01,0.019243,20.00,72.973495,3040.53,0.000008,2570.00
191.450,1972.84,-74.59,0.043350,15.00,208.600494,3218.33,0.000027,6235.00
191.500,2655.26,-66.46,0.105017,405.00,479.020752,3494.43,0.000081,6930.00
191.550,2954.07,-63.30,0.134144,410.00,423.708374,3386.15,0.000115,6930.00
191.600,3423.77,-62.29,0.118519,460.00,553.209839,3376.60,0.000165,7100.00
191.650,3513.74,-63.48,0.096616,20.00,425.059967,3417.07,0.000173,7215.00
191.700,3194.81,-66.35,0.072951,175.00,432.177917,3336.29,0.000128,6930.00
191.750,3599.39,-65.43,0.091171,180.00,344.846436,3308.69,0.000106,7265.00
191.800,3871.37,-66.78,0.092317,180.00,268.738251,3309.81,0.000065,6975.00
191.850,3917.71,-67.09,0.094133,180.00,259.467194,3332.81,0.000061,7115.00
191.900,3943.57,-64.74,0.105544,180.00,334.535309,3366.75,0.000097,7675.00
191.950,3792.11,-63.76,0.113512,360.00,417.280243,3475.05,0.000114,7835.00
192.000,3691.40,-65.44,0.106284,350.00,494.611786,3698.21,0.000072,8330.00
192.050,3153.16,-68.32,0.087231,860.00,315.588470,3672.48,0.000044,8050.00
192.100,2534.49,-69.94,0.078671,170.00,355.757019,3307.91,0.000039,6730.00
192.150,3056.18,-66.13,0.116008,865.00,428.877991,3458.07,0.000055,7430.00
192.200,3594.21,-66.46,0.121714,860.00,419.429718,3617.06,0.000039,8235.00
192.250,3534.54,-68.07,0.108902,855.00,276.945160,3683.57,0.000029,7985.00
192.300,2965.90,-69.94,0.073458,680.00,358.489227,3468.00,0.000039,7350.00
192.350,2552.93,-69.20,0.073906,170.00,348.985687,3196.07,0.000055,6485.00
192.400,2889.37,-65.99,0.118502,1055.00,450.675476,3329.31,0.000060,7115.00
192.450,3342.62,-66.41,0.119660,525.00,410.895172,3407.87,0.000050,7370.00
192.500,3330.61,-67.11,0.114165,520.00,474.959686,3310.62,0.000039,7300.00
192.550,3041.99,-66.35,0.113037,515.00,494.492767,3065.15,0.000057,5790.00
192.600,3298.92,-66.92,0.113120,505.00,498.271942,3297.01,0.000051,7225.00
192.650,3492.16,-66.89,0.110697,500.00,318.567291,3416.00,0.000051,7405.00
192.700,3647.28,-65.79,0.101171,495.00,432.374786,3499.30,0.000085,7545.00
192.750,4247.04,-65.51,0.095639,325.00,426.134399,3790.06,0.000091,8875.00
192.800,4281.78,-66.14,0.106315,325.00,339.461365,3815.69,0.000062,8770.00
192.850,3611.38,-66.29,0.110104,325.00,287.807648,3480.79,0.000057,7655.00
192.900,3584.03,-67.43,0.075690,320.00,354.705109,3446.13,0.000080,7950.00
192.950,3750.29,-69.28,0.040897,150.00,331.290222,3544.79,0.000136,8085.00
193.000,3436.53,-65.41,0.081035,345.00,377.400116,3493.35,0.000131,7635.00
193.050,3323.59,-64.29,0.114620,340.00,373.007935,3495.67,0.000099,7550.00
193.100,3783.88,-65.52,0.113741,505.00,418.178406,3652.17,0.000069,8060.00
193.150,3808.37,-66.09,0.101990,505.00,320.993256,3706.09,0.000074,8075.00
193.200,3659.10,-67.13,0.078605,325.00,397.799988,3686.30,0.000085,7960.00
193.250,3374.45,-68.72,0.080782,325.00,274.188965,3695.55,0.000050,7710.00
193.300,3348.88,-66.28,0.109548,340.00,427.580139,3606.59,0.000061,7420.00
193.350,3544.90,-64.89,0.115181,505.00,397.691833,3571.29,0.000089,7425.00
193.400,3494.09,-66.14,0.089510,505.00,358.616638,3547.73,0.000100,7435.00
193.450,3371.20,-66.44,0.074486,165.00,401.794250,3343.90,0.000118,7200.00
193.500,3500.07,-64.86,0.114495,330.00,389.042328,3314.41,0.000085,7285.00
193.550,3539.57,-64.35,0.105049,330.00,299.952637,3210.45,0.000116,7015.00
193.600,3642.99,-66.33,0.060818,20.00,383.753662,3245.98,0.000179,6865.00
193.650,3425.48,-70.29,0.033187,15.00,257.770599,3232.69,0.000150,6610.00
193.700,3361.36,-65.36,0.085753,445.00,404.529694,3405.16,0.000116,7100.00
193.750,3085.82,-64.45,0.127743,510.00,403.848724,3433.33,0.000077,7040.00
193.800,3042.13,-67.16,0.125733,510.00,484.414612,3470.49,0.000036,7140.00
193.850,2893.83,-68.30,0.122464,495.00,449.401855,3259.50,0.000028,5600.00
193.900,2788.31,-69.45,0.125597,485.00,571.186646,3118.70,0.000018,5160.00
193.950,2632.86,-70.00,0.123047,480.00,514.530518,3037.91,0.000015,5095.00
194.000,2303.09,-70.07,0.105383,470.00,494.024261,2888.26,0.000019,4810.00
194.050,2125.08,-72.10,0.064611,460.00,397.611298,2942.09,0.000027,4775.00
194.100,2414.67,-74.87,0.032327,15.00,283.691223,3399.10,0.000033,7010.00
194.150,2498.48,-78.04,0.018688,15.00,131.332077,3667.09,0.000015,7615.00
194.200,1012.41,-79.66,0.026860,20.00,80.096947,2790.94,0.000001,570.00
194.250,514.95,-79.74,0.031434,20.00,46.533779,2240.33,0.000000,90.00
194.300,526.36,-79.73,0.030634,20.00,14.111581,2251.26,0.000000,95.00
194.350,589.65,-79.72,0.026112,20.00,39.050053,2340.70,0.000000,130.00
194.400,648.17,-79.68,0.022153,20.00,50.727077,2398.79,0.000000,160.00
194.450,621.57,-79.63,0.023161,20.00,30.655807,2318.72,0.000000,190.00
194.500,597.98,-79.58,0.021608,20.00,54.359669,2235.80,0.000001,245.00
194.550,565.32,-79.48,0.025173,20.00,43.070923,2088.15,0.000001,280.00
194.600,539.55,-79.36,0.027985,20.00,38.064930,1936.44,0.000001,310.00
194.650,585.87,-79.23,0.022465,15.00,62.401512,1916.05,0.000001,465.00
194.700,561.73,-79.10,0.024616,20.00,57.244362,1824.87,0.000001,480.00
194.750,556.26,-79.03,0.025222,20.00,61.553078,1770.52,0.000001,495.00
194.800,542.02,-78.97,0.027270,20.00,79.248268,1704.07,0.000001,480.00
194.850,489.11,-78.90,0.034681,20.00,97.684708,1590.07,0.000001,450.00
194.900,444.37,-78.79,0.046010,20.00,112.681862,1468.74,0.000000,410.00
194.950,447.21,-78.64,0.049814,15.00,80.896927,1419.10,0.000000,480.00
195.000,450.12,-78.53,0.051534,15.00,84.786690,1404.98,0.000001,490.00
195.050,413.82,-78.44,0.075236,20.00,230.674850,1341.80,0.000000,445.00
195.100,393.47,-78.32,0.091539,20.00,156.937820,1288.95,0.000000,400.00
195.150,411.66,-78.25,0.081717,20.00,158.448059,1283.60,0.000000,435.00
195.200,417.02,-78.16,0.093154,20.00,183.920441,1281.67,0.000000,455.00
195.250,387.44,-78.13,0.128369,20.00,253.442276,1251.14,0.000000,415.00
195.300,345.20,-78.01,0.169034,20.00,299.964478,1142.33,0.000000,380.00
195.350,325.47,-77.93,0.199004,20.00,225.792862,1097.38,0.000000,370.00
195.400,331.33,-77.90,0.213999,20.00,210.491730,1127.34,0.000000,390.00
195.450,326.25,-77.89,0.224217,20.00,176.192093,1126.32,0.000000,405.00
195.500,313.59,-77.89,0.234814,20.00,180.423355,1100.87,0.000000,355.00
195.550,320.69,-77.77,0.231736,20.00,210.071777,1106.43,0.000000,345.00
195.600,334.61,-77.65,0.227587,20.00,324.835999,1152.05,0.000000,350.00
195.650,336.56,-77.84,0.180639,20.00,400.406250,1157.25,0.000000,350.00
195.700,332.83,-78.00,0.152715,20.00,268.345764,1143.92,0.000000,340.00
195.750,298.67,-78.10,0.181796,20.00,306.739410,1111.27,0.000000,300.00
195.800,283.98,-78.18,0.206359,20.00,237.765106,1096.20,0.000000,275.00
195.850,305.30,-78.29,0.194543,20.00,242.147751,1155.41,0.000000,305.00
195.900,292.75,-78.41,0.178434,20.00,192.841415,1163.57,0.000000,290.00
195.950,294.22,-78.46,0.165699,20.00,204.002914,1191.34,0.000000,270.00
196.000,290.32,-78.53,0.142580,20.00,267.676666,1188.99,0.000000,260.00
196.050,269.01,-78.64,0.135886,20.00,231.065659,1135.89,0.000000,240.00
196.100,261.19,-78.70,0.116126,20.00,269.908264,1123.54,0.000000,240.00
196.150,294.56,-78.79,0.098900,20.00,185.231155,1242.37,0.000000,245.00
196.200,280.31,-78.86,0.122245,20.00,261.278351,1225.06,0.000000,240.00
196.250,222.08,-78.84,0.154388,20.00,286.275543,1062.30,0.000000,190.00
196.300,222.04,-78.90,0.163531,20.00,138.076645,1096.09,0.000000,170.00
196.350,227.63,-78.99,0.163236,20.00,245.206726,1149.39,0.000000,170.00
196.400,236.44,-78.98,0.138784,20.00,346.917419,1151.37,0.000000,175.00
196.450,219.09,-78.98,0.132193,20.00,286.874573,1110.01,0.000000,175.00
196.500,234.24,-79.00,0.093098,15.00,357.320679,1160.20,0.000000,180.00
196.550,232.43,-79.04,0.087618,15.00,169.185272,1165.17,0.000000,180.00
196.600,224.76,-79.11,0.093716,20.00,264.606903,1171.26,0.000000,170.00
196.650,235.54,-79.13,0.088561,20.00,193.737244,1209.37,0.000000,170.00
196.700,236.25,-79.12,0.089641,20.00,240.816223,1243.98,0.000000,170.00
196.750,216.43,-79.14,0.105243,20.00,196.477203,1202.46,0.000000,165.00
196.800,216.16,-79.17,0.104848,20.00,242.060425,1186.36,0.000000,170.00
196.850,197.98,-79.17,0.111975,20.00,229.771881,1139.84,0.000000,160.00
196.900,251.97,-79.21,0.080601,15.00,245.074722,1329.73,0.000000,175.00
196.950,230.23,-79.22,0.087829,15.00,146.212875,1281.91,0.000000,165.00
197.000,218.75,-79.23,0.099326,20.00,173.568436,1250.82,0.000000,150.00
197.050,219.34,-79.27,0.103557,20.00,251.037689,1271.01,0.000000,150.00
197.100,232.22,-79.24,0.086939,20.00,198.351074,1289.37,0.000000,165.00
197.150,297.29,-79.26,0.052505,20.00,303.063568,1484.51,0.000000,185.00
197.200,277.39,-79.27,0.057704,20.00,141.401321,1451.23,0.000000,175.00
197.250,258.05,-79.30,0.084608,20.00,243.912704,1429.92,0.000000,165.00
197.300,270.50,-79.31,0.075703,20.00,171.735153,1470.75,0.000000,170.00
197.350,280.71,-79.29,0.065434,15.00,161.916901,1489.44,0.000000,170.00
197.400,295.26,-79.31,0.063825,15.00,104.044937,1520.45,0.000000,175.00
197.450,238.06,-79.32,0.091942,20.00,249.019623,1352.19,0.000000,155.00
197.500,259.42,-79.34,0.086907,20.00,124.342888,1432.69,0.000000,165.00
197.550,272.52,-79.34,0.063882,20.00,221.249878,1472.66,0.000000,155.00
197.600,298.27,-79.36,0.049942,20.00,177.832565,1538.62,0.000000,165.00
197.650,299.19,-79.36,0.054323,20.00,111.307167,1538.51,0.000000,170.00
197.700,278.44,-79.37,0.054063,20.00,148.293869,1483.03,0.000000,160.00
197.750,266.90,-79.39,0.059582,20.00,114.742264,1462.18,0.000000,150.00
197.800,251.04,-79.39,0.056701,25.00,132.505493,1397.25,0.000000,150.00
197.850,289.76,-79.41,0.045922,25.00,124.857079,1527.82,0.000000,155.00
197.900,302.15,-79.41,0.045598,20.00,157.613098,1575.67,0.000000,155.00
197.950,305.85,-79.43,0.043425,20.00,147.677505,1588.23,0.000000,155.00
198.000,254.88,-79.44,0.050296,20.00,123.589188,1432.24,0.000000,150.00
198.050,291.54,-79.50,0.042704,20.00,89.367523,1563.44,0.000000,150.00
198.100,375.07,-79.50,0.027574,20.00,116.311470,1761.40,0.000000,170.00
198.150,296.41,-79.51,0.032750,20.00,70.593941,1555.04,0.000000,140.00
198.200,241.03,-79.50,0.038630,20.00,61.194073,1374.01,0.000000,115.00
198.250,340.03,-79.53,0.024841,20.00,108.665672,1679.28,0.000000,160.00
198.300,343.93,-79.55,0.020868,15.00,79.801109,1675.20,0.000000,155.00
198.350,304.10,-79.54,0.023071,15.00,60.819740,1532.44,0.000000,145.00
198.400,366.53,-79.49,0.031715,20.00,84.329689,1520.49,0.000000,170.00
198.450,633.92,-79.17,0.032626,20.00,49.299248,1795.06,0.000001,930.00
198.500,937.74,-78.42,0.032735,20.00,46.218739,2009.02,0.000001,1850.00
198.550,1203.84,-77.71,0.032113,20.00,70.543259,2220.19,0.000003,2470.00
198.600,1577.03,-77.21,0.024692,20.00,73.634499,2420.04,0.000007,3465.00
198.650,1832.66,-76.64,0.019393,20.00,77.239906,2500.14,0.000015,3900.00
198.700,1918.19,-76.07,0.021627,20.00,50.609283,2555.87,0.000017,4115.00
198.750,2001.23,-75.60,0.021923,215.00,55.027447,2551.72,0.000022,4115.00
198.800,2002.46,-75.17,0.022819,15.00,60.774086,2500.36,0.000025,4015.00
198.850,2083.18,-74.94,0.025934,20.00,82.348801,2580.63,0.000024,4120.00
198.900,2127.46,-74.62,0.029359,20.00,66.181900,2564.14,0.000022,4190.00
198.950,2159.12,-74.15,0.028603,20.00,65.559090,2493.24,0.000026,4165.00
199.000,2206.58,-73.88,0.026338,20.00,77.934517,2467.87,0.000033,4160.00
199.050,2184.80,-73.67,0.027484,230.00,85.855515,2478.90,0.000034,4115.00
199.100,2190.88,-73.38,0.029308,230.00,84.755608,2555.00,0.000034,4115.00
199.150,2211.98,-73.26,0.030432,235.00,83.383087,2536.75,0.000037,4165.00
199.200,2244.65,-73.25,0.031971,1425.00,82.928215,2529.24,0.000036,4185.00
199.250,2143.79,-73.27,0.032769,75.00,101.350487,2554.44,0.000034,4125.00
199.300,2075.72,-73.16,0.038647,75.00,156.921265,2518.20,0.000021,4025.00
199.350,2037.06,-73.19,0.046452,1320.00,133.442459,2438.47,0.000014,3885.00
199.400,1980.13,-73.43,0.039390,1320.00,140.404495,2401.59,0.000017,3860.00
199.450,2089.48,-73.69,0.033070,795.00,128.880051,2526.05,0.000022,4145.00
199.500,2171.63,-73.92,0.030197,70.00,105.494568,2646.10,0.000029,4395.00
199.550,2313.50,-74.11,0.028752,205.00,88.440903,2825.39,0.000031,4790.00
199.600,2366.40,-74.24,0.026231,65.00,84.305656,2874.05,0.000034,5025.00
199.650,2212.70,-74.64,0.024365,65.00,74.763596,2776.18,0.000034,4550.00
199.700,1953.57,-74.69,0.027657,65.00,90.305206,2564.98,0.000027,3985.00
199.750,1991.80,-74.30,0.030215,60.00,91.426422,2642.97,0.000033,3980.00
199.800,2201.14,-74.02,0.028120,60.00,84.503860,2946.16,0.000048,4395.00
199.850,2463.40,-74.04,0.022999,55.00,86.116447,3235.00,0.000064,5140.00
199.900,2512.11,-74.71,0.018377,55.00,67.258728,3127.64,0.000054,5235.00
199.950,2442.82,-74.99,0.017087,55.00,55.165596,3052.82,0.000051,5130.00
200.000,2135.88,-75.14,0.019484,420.00,66.024155,2808.30,0.000035,4360.00
200.050,2300.88,-75.20,0.017724,135.00,63.570953,2909.11,0.000039,4695.00
200.100,1853.91,-74.42,0.041822,410.00,203.835434,2559.20,0.000012,3640.00
200.150,1482.62,-73.30,0.101588,415.00,428.261292,2047.19,0.000004,3265.00
200.200,1527.07,-72.39,0.110134,440.00,404.516693,1905.44,0.000004,3165.00
200.250,1758.64,-72.41,0.085728,505.00,465.065033,2068.27,0.000007,3275.00
200.300,2828.90,-71.56,0.046410,255.00,304.544861,3151.61,0.000032,6615.00
200.350,4209.54,-71.99,0.016537,255.00,218.282166,3650.44,0.000183,8260.00
200.400,2910.60,-72.56,0.038003,255.00,179.632263,3174.09,0.000030,6295.00
200.450,2523.12,-72.34,0.082910,505.00,320.631439,2659.25,0.000006,4775.00
200.500,2513.60,-72.30,0.095694,505.00,196.459839,2460.00,0.000003,4490.00
200.550,2398.87,-72.81,0.073234,250.00,318.578979,2362.93,0.000006,4255.00
200.600,2096.83,-73.95,0.059623,245.00,294.729492,2335.61,0.000006,4010.00
200.650,1966.04,-73.45,0.062974,240.00,251.269363,2353.61,0.000008,3730.00
200.700,2225.15,-72.89,0.051681,235.00,199.954102,2770.55,0.000021,4100.00
200.750,2651.91,-73.43,0.032769,220.00,201.415863,3390.22,0.000044,6045.00
200.800,1935.37,-74.34,0.051129,445.00,182.393402,2717.96,0.000012,3695.00
200.850,1393.94,-74.70,0.064449,440.00,231.226562,1921.85,0.000004,2325.00
200.900,1344.19,-74.48,0.062474,200.00,279.465302,1712.62,0.000004,2195.00
200.950,1484.56,-74.38,0.048451,190.00,244.841629,1911.38,0.000009,2545.00
201.000,2250.01,-73.63,0.034991,755.00,161.918854,2885.58,0.000030,5085.00
201.050,2412.00,-72.97,0.029293,760.00,143.617096,2980.88,0.000050,5355.00
201.100,1616.43,-73.10,0.061791,775.00,252.328018,2052.24,0.000011,2860.00
201.150,1543.64,-73.55,0.068195,755.00,201.913055,1873.44,0.000006,2720.00
201.200,1633.15,-74.74,0.038456,755.00,253.494949,2049.41,0.000009,2905.00
201.250,1784.66,-74.85,0.030882,195.00,156.872452,2073.25,0.000012,3265.00
201.300,1733.78,-75.69,0.026703,190.00,104.666336,2123.95,0.000010,3170.00
201.350,1548.42,-76.57,0.025959,180.00,119.542374,2130.51,0.000008,2715.00
201.400,1511.96,-76.73,0.024508,175.00,86.912338,2241.82,0.000010,2570.00
201.450,1516.04,-76.66,0.023202,175.00,95.923615,2261.51,0.000012,2760.00
201.500,1356.34,-76.39,0.028142,160.00,90.742210,1986.72,0.000008,2285.00
201.550,1374.21,-75.95,0.031687,600.00,137.604050,1885.42,0.000007,2445.00
201.600,1425.90,-76.26,0.025031,595.00,84.376190,1936.75,0.000010,2640.00
201.650,1780.56,-77.17,0.010531,70.00,104.109444,2315.28,0.000031,3575.00
201.700,2026.87,-77.60,0.007636,205.00,35.765686,2544.02,0.000045,4075.00
201.750,2043.82,-77.79,0.007384,210.00,24.283510,2595.06,0.000043,4145.00
201.800,2076.01,-77.99,0.007751,70.00,23.168287,2652.00,0.000039,4230.00
201.850,2167.70,-77.98,0.007677,70.00,18.159134,2697.88,0.000044,4415.00
201.900,2145.97,-78.02,0.008146,210.00,22.100266,2724.74,0.000041,4425.00
201.950,2182.68,-78.06,0.007942,210.00,22.084545,2785.66,0.000039,4500.00
202.000,2150.29,-78.15,0.007985,205.00,18.859066,2768.33,0.000031,4545.00
202.050,2160.41,-78.05,0.006705,210.00,22.915970,2729.00,0.000049,4400.00
202.100,2275.48,-78.05,0.006578,210.00,17.842466,2836.70,0.000062,4595.00
202.150,2071.17,-77.93,0.008251,210.00,20.575401,2744.94,0.000040,4250.00
202.200,1884.25,-77.78,0.009711,210.00,23.151230,2631.48,0.000027,3835.00
202.250,1846.83,-77.83,0.009959,70.00,27.671133,2568.74,0.000020,3795.00
202.300,1785.32,-77.94,0.010215,205.00,28.957718,2532.20,0.000019,3740.00
202.350,1804.59,-78.06,0.010383,205.00,31.371332,2621.58,0.000021,3815.00
202.400,1873.68,-77.95,0.010252,205.00,26.366697,2689.60,0.000025,3930.00
202.450,2084.05,-77.81,0.008961,205.00,29.488045,2816.77,0.000038,4285.00
202.500,2154.51,-77.87,0.008489,205.00,25.802095,2819.79,0.000044,4415.00
202.550,2095.59,-77.90,0.008355,205.00,24.551571,2716.98,0.000038,4280.00
202.600,1997.77,-77.81,0.008523,205.00,22.432676,2596.90,0.000030,4015.00
202.650,2137.90,-77.70,0.009071,205.00,20.229818,2730.62,0.000026,4495.00
202.700,2401.43,-77.55,0.009343,205.00,25.180916,3008.00,0.000028,5780.00
202.750,2431.99,-77.60,0.008326,205.00,25.855745,3005.59,0.000041,5860.00
202.800,2167.90,-77.52,0.009344,205.00,27.819981,2792.29,0.000035,4870.00
202.850,1953.71,-76.84,0.014619,70.00,58.445412,2508.67,0.000020,4435.00
202.900,1914.60,-76.52,0.020062,495.00,66.836128,2474.33,0.000015,4390.00
202.950,1930.19,-76.47,0.019102,495.00,50.261257,2580.62,0.000018,4270.00
203.000,2030.41,-76.56,0.017003,95.00,74.286964,2811.77,0.000022,4375.00
203.050,1999.15,-76.24,0.022477,205.00,83.436974,2857.67,0.000016,4405.00
203.100,1721.76,-75.74,0.036109,210.00,127.859573,2690.88,0.000009,3960.00
203.150,1701.63,-75.83,0.034034,115.00,105.827454,2653.06,0.000012,3915.00
203.200,1988.49,-75.88,0.023131,60.00,120.186722,2792.63,0.000024,4240.00
203.250,2323.64,-75.51,0.018272,65.00,81.356598,3043.79,0.000042,4965.00
203.300,2316.52,-75.37,0.021273,210.00,84.782974,2991.88,0.000030,4960.00
203.350,2239.44,-75.13,0.025460,215.00,89.851425,2836.46,0.000019,4640.00
203.400,2170.62,-74.82,0.028849,220.00,95.662704,2779.29,0.000017,4435.00
203.450,2302.25,-74.58,0.026579,225.00,80.142502,2767.15,0.000018,4535.00
203.500,2371.47,-74.48,0.024370,225.00,55.837723,2708.68,0.000023,4500.00
203.550,2359.93,-74.34,0.027522,225.00,66.961090,2734.11,0.000019,4575.00
203.600,2393.71,-74.24,0.028562,220.00,86.160316,2756.12,0.000019,4770.00
203.650,2316.89,-74.32,0.030266,215.00,86.114944,2700.88,0.000018,4580.00
203.700,2203.49,-74.53,0.030505,210.00,87.915443,2650.62,0.000019,4425.00
203.750,2313.97,-74.61,0.027323,210.00,86.403267,2731.09,0.000025,4640.00
203.800,2259.40,-74.81,0.024404,205.00,97.218079,2741.30,0.000030,4575.00
203.850,2185.48,-75.04,0.024377,200.00,77.535233,2792.70,0.000026,4495.00
203.900,2325.94,-75.00,0.022425,200.00,69.723106,2978.34,0.000034,4965.00
203.950,2419.86,-74.81,0.021789,65.00,62.876480,3076.20,0.000036,5260.00
204.000,2359.76,-74.13,0.023877,65.00,70.474167,2970.34,0.000037,4880.00
204.050,2351.38,-72.71,0.031278,60.00,101.747017,2987.59,0.000035,4855.00
204.100,2328.65,-72.90,0.032120,120.00,89.597099,2964.62,0.000037,4785.00
204.150,2360.50,-73.21,0.027381,120.00,97.929283,2878.01,0.000047,4785.00
204.200,2112.39,-73.06,0.033846,55.00,110.781372,2713.52,0.000036,4200.00
204.250,1866.23,-73.25,0.042962,120.00,148.511215,2611.01,0.000021,3700.00
204.300,1935.18,-73.16,0.045806,115.00,116.690773,2700.87,0.000018,3885.00
204.350,2065.60,-73.61,0.036533,115.00,136.411697,2774.11,0.000022,4175.00
204.400,2016.25,-73.87,0.031967,115.00,105.402603,2741.65,0.000028,4105.00
204.450,2136.00,-73.42,0.034056,105.00,97.721733,2877.49,0.000041,4345.00
204.500,2406.38,-72.98,0.035795,105.00,112.680717,3099.35,0.000044,5045.00
204.550,2245.90,-74.40,0.031055,210.00,101.713509,2931.33,0.000029,4560.00
204.600,1825.13,-74.97,0.041393,205.00,137.981918,2728.71,0.000009,3880.00
204.650,1696.65,-74.90,0.046037,205.00,104.846657,2597.35,0.000007,3670.00
204.700,2617.70,-73.20,0.033886,205.00,132.406281,3096.47,0.000022,5920.00
204.750,2835.16,-72.16,0.040050,200.00,132.424225,3200.48,0.000022,6135.00
204.800,2118.26,-71.77,0.069995,465.00,309.617340,2506.83,0.000011,4090.00
204.850,2104.54,-70.88,0.110269,470.00,399.100891,2128.79,0.000007,3905.00
204.900,2406.45,-70.92,0.097683,490.00,384.970337,2086.56,0.000009,4070.00
204.950,2702.66,-71.53,0.073394,530.00,407.835785,2148.55,0.000013,4210.00
205.000,2601.54,-71.74,0.059602,275.00,292.133392,2217.18,0.000016,4165.00
205.050,2662.36,-71.39,0.045163,275.00,228.914978,2815.28,0.000028,5160.00
205.100,3652.70,-69.99,0.033447,275.00,151.587921,3551.94,0.000065,8430.00
205.150,2988.88,-70.03,0.044198,275.00,149.973953,3262.07,0.000042,6835.00
205.200,2305.28,-70.26,0.064110,530.00,255.882492,2597.14,0.000021,4480.00
205.250,2240.96,-69.75,0.099063,505.00,371.539642,2259.50,0.000011,4020.00
205.300,2518.35,-69.33,0.080716,730.00,284.788788,2449.72,0.000021,4410.00
205.350,3298.38,-69.27,0.040594,730.00,311.258118,3048.79,0.000063,6600.00
205.400,2868.16,-70.51,0.039438,535.00,193.460648,2858.89,0.000045,6110.00
205.450,2415.08,-70.93,0.075397,535.00,295.548248,2131.20,0.000013,3970.00
205.500,2420.49,-71.24,0.080418,535.00,272.432617,1906.34,0.000010,3895.00
205.550,2427.68,-72.07,0.066036,1960.00,236.762924,1985.38,0.000011,3915.00
205.600,2315.72,-72.43,0.049794,270.00,262.099243,2211.87,0.000015,3905.00
205.650,2834.90,-71.76,0.032672,265.00,172.755920,2883.79,0.000043,6150.00
205.700,2951.52,-71.59,0.026076,55.00,128.855499,2973.48,0.000072,6410.00
205.750,2095.50,-71.87,0.054197,555.00,238.083679,2360.99,0.000019,3810.00
205.800,2089.57,-71.48,0.080202,555.00,261.874298,2097.41,0.000012,3630.00
205.850,2107.29,-71.71,0.081791,575.00,263.546509,2039.90,0.000011,3620.00
205.900,2032.35,-72.07,0.063758,580.00,252.825012,2035.98,0.000015,3550.00
205.950,2067.04,-72.91,0.036788,215.00,250.204056,2345.10,0.000028,3765.00
206.000,2156.04,-73.61,0.026489,230.00,131.958298,2618.50,0.000038,4090.00
206.050,2068.81,-73.21,0.033546,60.00,132.290329,2669.52,0.000029,4070.00
206.100,1880.53,-72.51,0.050562,75.00,160.107422,2529.48,0.000019,3685.00
206.150,1897.82,-72.67,0.046324,745.00,184.010666,2385.97,0.000019,3705.00
206.200,1940.22,-73.16,0.037433,745.00,146.812790,2447.75,0.000022,3800.00
206.250,2029.85,-73.50,0.029363,65.00,122.624031,2575.81,0.000030,4015.00
206.300,2075.04,-73.27,0.033263,65.00,134.123901,2539.28,0.000028,3965.00
206.350,2011.08,-72.37,0.052002,760.00,194.505981,2127.66,0.000018,3225.00
206.400,2013.26,-71.94,0.064418,1020.00,221.482941,1949.91,0.000013,3010.00
206.450,2107.46,-71.70,0.063045,1020.00,197.132355,1973.54,0.000018,3160.00
206.500,2156.45,-71.94,0.048904,1170.00,203.491989,2081.76,0.000031,3255.00
206.550,1969.90,-72.24,0.047994,630.00,193.553101,2086.70,0.000025,3260.00
206.600,1975.86,-72.69,0.037727,150.00,149.304840,2269.43,0.000026,3500.00
206.650,2157.34,-73.15,0.031024,85.00,137.484283,2548.22,0.000029,4055.00
206.700,2089.81,-73.07,0.030346,80.00,109.269302,2482.93,0.000041,3830.00
206.750,1951.94,-72.19,0.049798,655.00,195.089172,2269.43,0.000026,3305.00
206.800,1989.90,-71.92,0.050668,660.00,118.542480,2343.14,0.000028,3635.00
206.850,2099.40,-72.43,0.036628,55.00,183.498840,2428.53,0.000037,3930.00
206.900,2177.26,-72.24,0.035389,1510.00,155.572418,2462.48,0.000040,4090.00
206.950,2121.52,-71.94,0.061280,1510.00,245.374893,2311.95,0.000021,3660.00
207.000,2071.67,-71.64,0.077330,1515.00,235.373596,2085.32,0.000017,3245.00
207.050,2082.56,-71.26,0.078459,1540.00,246.189224,2013.63,0.000018,3335.00
207.100,2060.19,-71.25,0.070069,1555.00,260.537659,2040.70,0.000018,3380.00
207.150,2103.33,-71.65,0.062442,1550.00,195.891388,2085.08,0.000017,3530.00
207.200,2246.93,-72.71,0.033998,1550.00,237.866364,2259.78,0.000033,4105.00
207.250,2118.21,-73.59,0.026206,1555.00,128.509659,2334.69,0.000036,3945.00
207.300,2072.78,-74.09,0.024711,85.00,83.279617,2457.63,0.000032,4070.00
207.350,2138.83,-74.66,0.020732,55.00,78.019341,2541.33,0.000031,4265.00
207.400,2028.61,-74.99,0.021632,55.00,74.744873,2524.53,0.000027,4180.00
207.450,1929.30,-74.85,0.023550,55.00,55.859997,2425.90,0.000025,3950.00
207.500,2058.91,-75.01,0.018322,60.00,82.480537,2500.34,0.000044,4075.00
207.550,2191.83,-75.25,0.015193,65.00,58.529556,2618.16,0.000060,4305.00
207.600,3012.52,-74.92,0.013706,65.00,53.106461,3576.26,0.000123,6515.00
207.650,3442.15,-73.96,0.016782,65.00,45.244576,4107.37,0.000136,9780.00
207.700,2970.35,-73.16,0.019241,65.00,53.646557,3550.93,0.000131,6240.00
207.750,2411.85,-71.30,0.034276,135.00,133.612671,2760.92,0.000062,4425.00
207.800,2228.74,-70.27,0.048894,1030.00,146.973618,2454.74,0.000041,4100.00
207.850,2459.45,-69.32,0.051111,1030.00,163.112625,2716.72,0.000101,4435.00
207.900,2978.51,-64.93,0.074182,450.00,263.536591,3294.13,0.000190,5725.00
207.950,3120.00,-63.38,0.087607,1275.00,244.753204,3116.81,0.000200,6125.00
208.000,3110.69,-64.97,0.073544,980.00,262.818665,2824.30,0.000123,5855.00
208.050,2866.42,-67.38,0.055717,100.00,242.168686,2731.18,0.000094,5320.00
208.100,2701.13,-69.17,0.043160,105.00,183.382507,2618.14,0.000077,4900.00
208.150,2690.85,-70.21,0.036156,80.00,144.290131,2764.00,0.000088,5000.00
208.200,3305.97,-68.53,0.033183,80.00,122.137581,3192.43,0.000225,6210.00
208.250,3331.07,-67.16,0.041523,125.00,129.741577,3141.95,0.000236,6180.00
208.300,3009.23,-68.25,0.042941,70.00,120.787537,2770.52,0.000139,5585.00
208.350,2718.73,-69.49,0.040584,70.00,133.317719,2589.93,0.000071,5135.00
208.400,2638.63,-69.55,0.042181,60.00,141.241211,2644.25,0.000070,4850.00
208.450,2687.98,-69.63,0.040402,60.00,120.938866,2753.51,0.000071,4940.00
208.500,2739.18,-69.90,0.037442,55.00,123.918747,2741.50,0.000067,5180.00
208.550,2675.05,-70.92,0.031905,115.00,108.073570,2737.78,0.000062,5145.00
208.600,2623.45,-71.21,0.029853,80.00,106.033340,2699.50,0.000054,5005.00
208.650,2349.02,-71.07,0.036548,260.00,116.697983,2575.03,0.000036,4570.00
208.700,2400.59,-71.26,0.032341,55.00,103.831032,2571.25,0.000040,4690.00
208.750,2615.35,-71.82,0.025483,55.00,100.588249,2646.04,0.000065,5015.00
208.800,2350.86,-72.55,0.025938,160.00,88.159378,2586.44,0.000062,4515.00
208.850,2242.34,-72.51,0.028902,160.00,83.429634,2584.08,0.000060,4355.00
208.900,2534.88,-71.79,0.027738,85.00,90.261734,2658.42,0.000071,4865.00
208.950,2287.80,-71.66,0.033017,80.00,105.710815,2512.11,0.000050,4420.00
209.000,2076.03,-71.89,0.038679,80.00,113.357574,2335.72,0.000034,4030.00
209.050,2109.66,-72.10,0.037573,85.00,121.081024,2282.30,0.000031,4025.00
209.100,2102.39,-72.24,0.039882,85.00,135.225677,2312.24,0.000024,3935.00
209.150,2231.01,-72.27,0.038990,290.00,117.029465,2465.17,0.000026,4155.00
209.200,2495.46,-71.94,0.033345,295.00,98.226494,2725.56,0.000037,4635.00
209.250,2455.36,-71.59,0.033985,85.00,136.978241,2728.30,0.000044,4595.00
209.300,2281.05,-71.47,0.041551,85.00,129.261551,2602.41,0.000034,4365.00
209.350,2340.00,-71.98,0.033675,90.00,117.625854,2566.28,0.000043,4415.00
209.400,2422.68,-72.42,0.028169,90.00,107.873390,2557.50,0.000056,4425.00
209.450,2501.60,-71.24,0.034158,90.00,113.497231,2682.57,0.000061,4595.00
209.500,2756.61,-69.82,0.036854,95.00,104.534592,2780.69,0.000071,5265.00
209.550,2895.07,-70.14,0.032298,85.00,113.620621,2747.23,0.000065,5725.00
209.600,2813.23,-71.14,0.027901,185.00,92.345352,2729.19,0.000069,5430.00
209.650,2747.56,-71.75,0.027053,90.00,94.787468,2829.26,0.000062,5240.00
209.700,2630.17,-72.26,0.027890,90.00,79.758110,2795.88,0.000050,4930.00
209.750,2632.81,-71.79,0.029622,90.00,84.583374,2870.17,0.000056,5050.00
209.800,2634.77,-71.32,0.031910,90.00,93.320396,2867.99,0.000062,5140.00
209.850,2545.92,-71.19,0.033765,90.00,92.798279,2754.81,0.000058,4850.00
209.900,2459.08,-71.28,0.035159,95.00,101.635986,2545.40,0.000045,4560.00
209.950,2472.17,-71.23,0.034508,95.00,99.825157,2475.63,0.000046,4485.00
210.000,2601.49,-70.44,0.038588,95.00,123.334679,2673.29,0.000088,4685.00
210.050,2834.70,-68.65,0.046220,95.00,138.019547,2989.01,0.000133,5200.00
210.100,2907.97,-68.24,0.046428,95.00,125.664062,2974.38,0.000142,5615.00
210.150,2719.82,-68.67,0.047628,95.00,159.229355,2720.18,0.000109,4980.00
210.200,2446.43,-67.90,0.067745,230.00,212.011505,2582.81,0.000084,4430.00
210.250,2353.15,-68.08,0.069277,95.00,198.344406,2493.86,0.000071,4380.00
210.300,2440.42,-69.00,0.054650,95.00,209.879776,2429.97,0.000052,4520.00
210.350,2387.58,-69.16,0.054268,190.00,184.019577,2448.75,0.000045,4470.00
210.400,2581.41,-67.86,0.060450,95.00,187.491776,2603.87,0.000056,4715.00
210.450,2784.87,-67.36,0.058668,95.00,176.608765,2692.64,0.000065,5230.00
210.500,2690.68,-67.61,0.058202,100.00,190.405563,2668.22,0.000059,5120.00
210.550,2618.54,-68.48,0.052813,100.00,158.483307,2616.80,0.000067,4945.00
210.600,3021.68,-67.13,0.052643,100.00,180.057495,3022.56,0.000143,5765.00
210.650,3193.51,-64.93,0.069843,760.00,232.606033,3135.01,0.000170,5975.00
210.700,3056.94,-65.43,0.070491,240.00,212.217316,2936.43,0.000142,5850.00
210.750,3155.12,-64.86,0.075361,100.00,249.104050,2883.37,0.000145,5920.00
210.800,2932.33,-65.33,0.078467,295.00,242.620010,2767.39,0.000123,5490.00
210.850,2922.04,-65.53,0.077239,330.00,246.508942,2736.46,0.000114,5310.00
210.900,2915.07,-66.03,0.071807,330.00,233.485703,2677.02,0.000093,5255.00
210.950,2990.47,-66.25,0.063540,705.00,235.283142,2760.59,0.000128,5580.00
211.000,2862.41,-65.60,0.076965,110.00,244.173416,2759.61,0.000115,5325.00
211.050,2717.53,-65.95,0.080141,270.00,246.348572,2699.30,0.000093,5250.00
211.100,2606.15,-66.06,0.083345,215.00,265.781403,2660.57,0.000089,4970.00
211.150,2341.73,-66.57,0.097054,570.00,326.523102,2492.69,0.000059,4290.00
211.200,2157.62,-67.19,0.105784,570.00,335.745697,2358.47,0.000041,4015.00
211.250,2568.12,-66.10,0.097504,780.00,338.198090,2568.08,0.000051,5125.00
211.300,2822.71,-65.97,0.090625,795.00,320.543854,2566.45,0.000054,5770.00
211.350,2421.04,-67.33,0.092468,870.00,322.802063,2342.49,0.000031,4600.00
211.400,2161.80,-68.37,0.095739,875.00,305.350769,2195.07,0.000028,4025.00
211.450,2433.92,-67.09,0.091864,885.00,313.449951,2485.17,0.000049,4485.00
211.500,2479.64,-66.91,0.090094,900.00,297.974701,2584.34,0.000056,4495.00
211.550,2367.21,-67.31,0.107307,900.00,359.246033,2416.75,0.000035,4115.00
211.600,2347.62,-67.12,0.106870,895.00,279.607452,2381.12,0.000034,4055.00
211.650,2395.80,-67.28,0.089110,900.00,382.616241,2431.26,0.000058,4200.00
211.700,2522.20,-67.15,0.077838,1050.00,277.595001,2626.71,0.000081,4425.00
211.750,2577.63,-67.28,0.066318,665.00,253.026093,2649.48,0.000097,4710.00
211.800,2761.59,-67.80,0.054078,120.00,207.643524,2720.12,0.000084,5255.00
211.850,2660.18,-69.19,0.043882,115.00,172.903503,2624.11,0.000066,5045.00
211.900,2533.22,-70.34,0.037675,1115.00,140.194962,2507.37,0.000058,4720.00
211.950,2507.11,-71.04,0.031756,90.00,118.612587,2509.06,0.000067,4585.00
212.000,2932.21,-69.84,0.030996,105.00,104.185486,2915.42,0.000121,5635.00
212.050,2773.54,-68.99,0.041337,640.00,132.862854,2878.30,0.000109,5340.00
212.100,2524.22,-69.14,0.047683,1050.00,127.569588,2721.34,0.000085,4770.00
212.150,2684.16,-69.52,0.039277,730.00,137.757629,2814.89,0.000096,4970.00
212.200,2652.44,-70.75,0.031210,65.00,129.132614,2655.32,0.000084,4935.00
212.250,2441.21,-70.79,0.037574,120.00,119.101402,2520.00,0.000060,4610.00
212.300,2616.97,-70.22,0.037224,115.00,109.971687,2732.29,0.000107,4880.00
212.350,3029.89,-69.07,0.035323,550.00,125.999901,3160.24,0.000197,5650.00
212.400,2989.53,-69.26,0.034199,600.00,107.220108,3102.85,0.000195,5455.00
212.450,2527.16,-69.89,0.041858,1100.00,135.215164,2591.35,0.000088,4650.00
212.500,2403.20,-70.32,0.042833,1080.00,116.535484,2511.56,0.000058,4485.00
212.550,2525.79,-69.95,0.041954,1075.00,144.015137,2755.25,0.000078,4775.00
212.600,2475.91,-69.94,0.043391,120.00,123.180252,2726.08,0.000076,4730.00
212.650,2425.62,-70.68,0.039943,1065.00,135.142471,2590.22,0.000061,4565.00
212.700,3107.10,-70.15,0.034440,110.00,111.122009,3482.31,0.000065,6430.00
212.750,4799.70,-68.58,0.033529,110.00,136.318314,4719.03,0.000103,12515.00
212.800,4064.92,-67.41,0.043826,1010.00,146.899338,4362.85,0.000091,10055.00
212.850,3079.08,-68.54,0.041559,140.00,124.120483,3384.24,0.000066,5920.00
212.900,3006.26,-69.88,0.031243,115.00,133.411575,3174.73,0.000062,5640.00
212.950,3601.66,-69.45,0.030028,650.00,109.127579,3714.14,0.000146,8715.00
213.000,3714.72,-65.28,0.057825,1145.00,229.459259,3707.11,0.000162,8695.00
213.050,3365.88,-65.08,0.062022,85.00,141.145905,3400.40,0.000166,6910.00
213.100,3143.87,-66.97,0.046571,80.00,211.514023,3045.01,0.000188,6165.00
213.150,3154.13,-67.79,0.040659,1190.00,139.036087,3075.04,0.000194,6280.00
213.200,3130.74,-68.46,0.036538,1135.00,133.459030,2987.56,0.000186,6100.00
213.250,3492.40,-64.29,0.068129,1280.00,265.763214,3160.23,0.000241,6620.00
213.300,3367.42,-63.65,0.079517,1275.00,193.495667,3170.41,0.000225,6455.00
213.350,3168.45,-63.31,0.091998,110.00,308.166992,3023.81,0.000176,5890.00
213.400,3034.80,-63.60,0.098682,110.00,246.636505,2967.66,0.000122,5700.00
213.450,3086.85,-65.76,0.063714,560.00,321.121643,2836.60,0.000096,5745.00
213.500,3224.21,-67.09,0.045205,1075.00,223.121506,2841.23,0.000102,5855.00
213.550,3316.62,-67.80,0.037051,175.00,143.458115,3106.45,0.000157,6280.00
213.600,3542.75,-67.53,0.034158,175.00,112.729828,3325.67,0.000202,7120.00
213.650,3210.73,-67.33,0.042930,135.00,145.790665,3041.76,0.000153,6095.00
213.700,3080.06,-65.83,0.062976,1115.00,205.307770,3016.68,0.000114,5965.00
213.750,2974.83,-66.58,0.057180,120.00,165.513168,2968.99,0.000104,5840.00
213.800,3004.59,-68.62,0.038981,70.00,190.649780,2784.56,0.000094,5615.00
213.850,2880.73,-69.85,0.032603,1120.00,131.523682,2702.47,0.000081,5390.00
213.900,2741.85,-69.42,0.039639,455.00,133.370560,2690.20,0.000069,5210.00
213.950,2557.26,-69.92,0.041231,120.00,120.888565,2572.11,0.000057,4785.00
214.000,2552.25,-70.93,0.033360,65.00,126.821869,2520.49,0.000057,4620.00
214.050,2609.02,-71.28,0.029534,135.00,115.579712,2570.46,0.000056,4590.00
214.100,2540.82,-70.86,0.034924,645.00,119.925102,2512.03,0.000049,4565.00
214.150,2538.70,-70.29,0.046614,655.00,162.125366,2441.07,0.000036,4565.00
214.200,2442.62,-70.30,0.049011,665.00,152.056458,2381.51,0.000030,4380.00
214.250,2213.11,-71.40,0.045144,685.00,194.353180,2198.90,0.000023,4015.00
214.300,2240.23,-71.73,0.040062,520.00,139.774734,2196.04,0.000026,4100.00
214.350,2387.73,-71.69,0.034147,720.00,145.781937,2311.87,0.000040,4275.00
214.400,2450.25,-71.11,0.035505,880.00,121.984894,2455.30,0.000056,4385.00
214.450,2411.31,-70.38,0.044794,885.00,162.096863,2492.61,0.000051,4480.00
214.500,2375.99,-70.39,0.045561,485.00,123.315254,2422.53,0.000049,4385.00
214.550,2503.11,-70.63,0.038985,70.00,160.977707,2355.22,0.000049,4410.00
214.600,2552.36,-70.79,0.038406,1915.00,139.254150,2363.69,0.000046,4375.00
214.650,2536.45,-70.49,0.041765,145.00,128.104538,2405.46,0.000047,4380.00
214.700,2551.66,-70.17,0.042454,770.00,132.136200,2403.06,0.000054,4465.00
214.750,2657.26,-70.24,0.038986,1930.00,127.656082,2434.25,0.000058,4740.00
214.800,2601.82,-70.76,0.038797,1925.00,124.492958,2418.03,0.000046,4560.00
214.850,2460.79,-70.65,0.043872,1920.00,140.531158,2331.44,0.000036,4220.00
214.900,2472.60,-70.54,0.043173,935.00,129.978775,2337.66,0.000041,4195.00
214.950,2724.23,-68.99,0.046397,870.00,163.591232,2506.22,0.000067,4705.00
215.000,2698.62,-68.78,0.050661,790.00,151.403336,2489.79,0.000063,4715.00
215.050,2712.15,-68.43,0.053168,790.00,164.064102,2482.02,0.000062,4700.00
215.100,2582.35,-68.63,0.055028,785.00,164.260880,2410.51,0.000052,4445.00
215.150,2498.38,-69.03,0.053840,1005.00,178.671432,2352.96,0.000049,4390.00
215.200,2419.45,-69.82,0.048491,1005.00,155.623444,2389.58,0.000046,4375.00
215.250,2464.66,-70.79,0.035828,145.00,158.766159,2470.68,0.000057,4455.00
215.300,2498.12,-70.42,0.037555,150.00,126.676651,2535.79,0.000054,4505.00
215.350,2518.24,-69.83,0.043464,960.00,122.325195,2567.41,0.000049,4555.00
215.400,2511.04,-70.15,0.040363,80.00,130.494247,2619.68,0.000054,4580.00
215.450,2469.63,-70.28,0.038517,75.00,132.105804,2569.88,0.000056,4470.00
215.500,2584.85,-69.41,0.044858,1015.00,142.281830,2530.21,0.000053,4545.00
215.550,2588.27,-69.20,0.047810,1155.00,136.919815,2511.04,0.000048,4570.00
215.600,2445.55,-69.97,0.044628,1155.00,141.235397,2439.09,0.000042,4360.00
215.650,2457.81,-70.59,0.038466,75.00,137.583359,2418.59,0.000048,4340.00
215.700,2563.95,-71.10,0.032030,75.00,116.474831,2469.40,0.000057,4460.00
215.750,2563.46,-70.42,0.037196,75.00,128.747940,2507.07,0.000056,4545.00
215.800,2584.96,-69.92,0.040888,75.00,113.311523,2470.31,0.000057,4565.00
215.850,2585.83,-70.89,0.033318,150.00,122.295029,2419.16,0.000054,4585.00
215.900,2601.87,-70.94,0.032465,75.00,109.100136,2498.58,0.000057,4670.00
215.950,2775.69,-70.07,0.034985,75.00,104.059906,2545.54,0.000064,4910.00
216.000,2801.83,-69.61,0.040055,1475.00,136.212967,2533.07,0.000060,4905.00
216.050,2625.10,-69.99,0.041859,1030.00,122.891754,2541.77,0.000055,4570.00
216.100,2445.05,-70.62,0.041137,1420.00,127.195892,2484.02,0.000047,4415.00
216.150,2453.25,-70.73,0.040298,1415.00,125.800247,2491.40,0.000043,4500.00
216.200,2558.65,-70.65,0.044581,1405.00,162.199036,2446.99,0.000040,4700.00
216.250,2597.99,-70.56,0.046817,1405.00,144.596375,2472.73,0.000039,4715.00
216.300,2559.05,-70.71,0.039627,790.00,138.776840,2501.91,0.000049,4710.00
216.350,2364.05,-71.27,0.035342,80.00,140.122650,2401.59,0.000047,4280.00
216.400,2330.19,-71.58,0.034432,385.00,104.431709,2391.35,0.000044,4250.00
216.450,2472.24,-71.01,0.038150,1030.00,140.770920,2439.38,0.000038,4575.00
216.500,2530.25,-70.76,0.043289,1030.00,114.622734,2461.96,0.000033,4655.00
216.550,2630.08,-70.57,0.041578,1025.00,134.016068,2568.69,0.000053,4675.00
216.600,3160.59,-67.28,0.047754,1030.00,178.158447,2983.70,0.000126,5540.00
216.650,3281.55,-66.19,0.052492,1035.00,151.247864,3044.76,0.000142,6045.00
216.700,3033.90,-67.01,0.055260,1015.00,187.417892,2824.42,0.000092,5535.00
216.750,2773.01,-67.73,0.057696,1015.00,177.633392,2653.81,0.000059,4785.00
216.800,2750.04,-67.91,0.053788,285.00,187.659958,2668.61,0.000055,4720.00
216.850,2763.56,-67.83,0.052088,370.00,180.559723,2678.74,0.000055,4840.00
216.900,2740.51,-67.75,0.053972,370.00,174.820221,2625.11,0.000054,4955.00
216.950,2772.83,-68.32,0.047923,345.00,164.419144,2687.97,0.000060,5170.00
217.000,2677.82,-69.11,0.042796,330.00,148.804077,2716.11,0.000070,4950.00
217.050,2759.10,-69.25,0.039535,335.00,125.484566,2793.46,0.000084,5170.00
217.100,2951.17,-69.40,0.034247,485.00,127.905380,2829.87,0.000101,5680.00
217.150,2910.33,-69.88,0.032688,935.00,109.677429,2853.38,0.000089,5580.00
217.200,2844.37,-70.32,0.031890,970.00,102.758705,2801.10,0.000080,5185.00
217.250,2939.90,-69.86,0.032160,1200.00,100.072174,2807.18,0.000150,5430.00
217.300,3246.83,-67.97,0.039068,1050.00,133.179108,2893.57,0.000216,5915.00
217.350,3148.09,-68.20,0.039887,1050.00,107.397598,2824.73,0.000185,5760.00
217.400,3148.19,-68.10,0.039249,1110.00,139.933319,2992.98,0.000181,5830.00
217.450,2978.75,-68.14,0.043150,1055.00,130.830994,2912.10,0.000156,5335.00
217.500,3139.71,-66.82,0.049678,960.00,154.634430,3020.93,0.000145,5885.00
217.550,3214.59,-66.43,0.051437,960.00,150.427658,3022.73,0.000113,5960.00
217.600,3023.53,-67.79,0.044752,530.00,163.201736,2882.53,0.000099,5490.00
217.650,2998.52,-68.28,0.041561,535.00,145.875671,2814.48,0.000099,5425.00
217.700,3043.36,-67.30,0.048679,1370.00,158.819366,2936.28,0.000097,5545.00
217.750,3047.59,-66.66,0.053983,1290.00,158.713699,2895.51,0.000097,5590.00
217.800,3036.25,-66.76,0.053997,1380.00,177.008987,2829.98,0.000099,5565.00
217.850,2942.02,-67.63,0.049551,1380.00,163.494827,2751.13,0.000088,5305.00
217.900,2875.82,-68.41,0.046118,1375.00,156.437943,2678.77,0.000079,5105.00
217.950,2846.38,-67.42,0.055693,1380.00,182.591690,2736.21,0.000080,5055.00
218.000,2836.38,-67.10,0.059410,1225.00,166.680756,2752.45,0.000078,5085.00
218.050,2834.97,-68.56,0.045035,845.00,178.937790,2678.18,0.000072,5080.00
218.100,2734.06,-69.43,0.039792,845.00,168.930511,2679.82,0.000070,4950.00
218.150,2690.24,-69.40,0.041950,600.00,129.467789,2685.79,0.000079,4915.00
218.200,2897.00,-69.38,0.036733,595.00,130.902939,2748.96,0.000142,5265.00
218.250,3040.72,-69.25,0.033400,185.00,113.682945,2820.15,0.000191,5430.00
218.300,2971.17,-70.11,0.030304,520.00,102.031204,2704.89,0.000149,5335.00
218.350,2859.31,-70.19,0.031619,1195.00,102.077812,2614.32,0.000086,5120.00
218.400,2801.12,-70.40,0.030833,1265.00,88.339920,2592.75,0.000078,5030.00
218.450,2910.07,-70.86,0.026530,1265.00,97.018425,2603.64,0.000084,5225.00
218.500,2754.14,-70.80,0.029385,970.00,96.784943,2630.77,0.000073,5055.00
218.550,2788.50,-69.81,0.035917,950.00,117.539879,2731.90,0.000069,5115.00
218.600,2819.12,-69.39,0.039399,780.00,117.209351,2705.34,0.000066,5155.00
218.650,2840.42,-69.35,0.038236,780.00,119.397263,2735.78,0.000080,5215.00
218.700,2894.88,-69.51,0.035411,1150.00,119.010788,2780.51,0.000090,5285.00
218.750,2888.67,-69.33,0.037208,1135.00,116.086784,2741.74,0.000087,5225.00
218.800,3013.41,-68.56,0.039635,1130.00,117.570244,2848.42,0.000091,5605.00
218.850,3055.30,-68.45,0.038718,1140.00,125.673431,2834.79,0.000086,5670.00
218.900,2905.13,-68.93,0.039505,1035.00,126.386353,2673.10,0.000081,5290.00
218.950,2994.31,-68.73,0.040557,1300.00,122.090302,2763.11,0.000097,5495.00
219.000,2961.68,-68.38,0.044101,1295.00,133.528900,2715.59,0.000097,5405.00
219.050,2918.83,-68.75,0.041184,950.00,136.258591,2708.66,0.000086,5340.00
219.100,2966.53,-69.38,0.035047,970.00,130.267380,2757.41,0.000089,5515.00
219.150,2977.20,-69.49,0.033882,1015.00,119.389374,2768.69,0.000087,5340.00
219.200,2874.14,-68.67,0.048616,1005.00,174.554413,2710.20,0.000060,5075.00
219.250,2873.35,-68.32,0.056983,1005.00,171.390869,2684.66,0.000051,5265.00
219.300,2963.25,-68.34,0.052863,1005.00,172.629929,2713.56,0.000058,5320.00
219.350,3023.24,-68.41,0.043690,785.00,186.495773,2769.99,0.000081,5500.00
219.400,3021.63,-67.66,0.046205,190.00,149.541260,2808.33,0.000090,5415.00
219.450,3100.77,-67.36,0.049515,2070.00,157.354645,2808.97,0.000092,5585.00
219.500,3094.43,-67.20,0.052961,2055.00,169.316452,2787.88,0.000090,5585.00
219.550,3041.99,-67.54,0.049827,2055.00,156.351898,2783.04,0.000093,5480.00
219.600,3115.88,-68.12,0.040492,1025.00,156.169540,2840.84,0.000112,5750.00
219.650,3089.84,-68.52,0.041508,2535.00,140.617737,2774.46,0.000094,5600.00
219.700,2929.01,-68.10,0.047470,930.00,162.333893,2709.36,0.000083,5250.00
219.750,2983.10,-66.92,0.057587,1395.00,180.328995,2786.02,0.000097,5440.00
219.800,3001.72,-67.57,0.051982,1400.00,170.310791,2713.13,0.000102,5495.00
219.850,2990.36,-68.37,0.046780,1425.00,171.565643,2635.14,0.000100,5220.00
219.900,2956.12,-68.60,0.046241,1530.00,162.724014,2637.22,0.000087,5115.00
219.950,3163.07,-66.54,0.055485,1175.00,191.904556,2848.00,0.000096,5840.00
220.000,3268.71,-65.28,0.065098,1175.00,186.674713,2909.86,0.000105,6025.00
220.050,3222.71,-66.03,0.057318,1175.00,194.911194,2848.46,0.000107,5965.00
220.100,3051.12,-66.89,0.059248,1010.00,211.727600,2691.18,0.000081,5415.00
220.150,2963.31,-66.79,0.065381,1010.00,203.480606,2582.44,0.000070,5025.00
220.200,2878.39,-65.90,0.078590,1010.00,258.948303,2511.23,0.000063,4750.00
220.250,2916.08,-65.39,0.080870,1515.00,233.406235,2611.37,0.000066,4900.00
220.300,3057.61,-65.94,0.064073,990.00,250.928802,2766.99,0.000084,5495.00
220.350,3162.63,-66.73,0.052324,1085.00,208.736099,2767.71,0.000100,5635.00
220.400,3053.42,-67.43,0.048666,1085.00,156.937439,2677.59,0.000091,5400.00
220.450,2844.72,-67.77,0.050514,1375.00,169.868301,2657.46,0.000087,5050.00
220.500,2871.89,-67.72,0.050762,1370.00,155.902267,2720.82,0.000094,5130.00
220.550,2857.92,-67.55,0.053517,1330.00,189.060532,2700.97,0.000084,5150.00
220.600,2669.15,-67.07,0.080172,1535.00,292.346649,2536.04,0.000047,4630.00
220.650,2636.27,-67.00,0.080441,1535.00,208.953369,2501.96,0.000049,4600.00
220.700,2678.38,-67.04,0.068179,1535.00,274.327332,2609.63,0.000062,4735.00
220.750,2630.55,-66.58,0.082668,1620.00,298.870819,2544.84,0.000048,4570.00
220.800,2596.37,-66.09,0.104764,1625.00,322.196014,2466.88,0.000038,4450.00
220.850,2597.78,-66.54,0.096389,1625.00,273.153564,2446.33,0.000040,4530.00
220.900,2518.39,-67.46,0.083862,1620.00,300.814362,2353.03,0.000037,4355.00
220.950,2431.29,-67.77,0.094837,1750.00,303.697357,2281.45,0.000026,4075.00
221.000,2493.56,-68.17,0.094955,1630.00,313.507050,2309.67,0.000025,4150.00
221.050,2571.02,-67.97,0.093231,1635.00,322.111908,2385.68,0.000027,4270.00
221.100,2567.85,-68.43,0.085040,1540.00,236.996887,2391.56,0.000023,4305.00
221.150,2489.04,-69.09,0.072059,1540.00,244.984406,2328.86,0.000023,4155.00
221.200,2487.67,-70.19,0.055931,1535.00,240.847534,2278.80,0.000025,4225.00
221.250,2499.32,-71.27,0.041129,1635.00,168.285248,2261.48,0.000035,4210.00
221.300,2591.45,-71.44,0.031808,1635.00,134.729477,2361.43,0.000061,4375.00
221.350,2752.06,-71.28,0.028310,1400.00,99.912369,2567.03,0.000083,4745.00
221.400,2824.09,-71.30,0.025657,1405.00,88.635216,2665.24,0.000096,5045.00
221.450,2799.88,-71.80,0.022835,1185.00,76.809357,2586.23,0.000081,4945.00
221.500,2770.38,-72.29,0.021494,1180.00,70.768913,2617.44,0.000074,4775.00
221.550,2898.71,-71.65,0.022220,1175.00,68.702911,2772.98,0.000081,5100.00
221.600,2941.45,-70.54,0.027987,1385.00,94.974258,2785.56,0.000087,5185.00
221.650,3094.85,-69.52,0.032559,1135.00,93.366959,2830.43,0.000101,5565.00
221.700,3144.94,-68.95,0.034316,185.00,109.415581,2825.83,0.000110,5655.00
221.750,3171.88,-68.41,0.037299,1100.00,115.618935,2838.38,0.000118,5695.00
221.800,3237.44,-68.02,0.039189,1245.00,121.093216,2847.85,0.000126,5800.00
221.850,3181.79,-68.49,0.036866,1245.00,115.339142,2832.29,0.000115,5840.00
221.900,3176.13,-68.95,0.033763,1230.00,114.814262,2857.85,0.000108,5930.00
221.950,3095.33,-69.22,0.033531,1230.00,104.140327,2820.31,0.000091,5690.00
222.000,2973.51,-69.02,0.038460,740.00,139.262100,2875.42,0.000070,5580.00
222.050,2811.55,-68.34,0.054789,875.00,204.661118,2830.72,0.000048,5220.00
222.100,2657.96,-69.49,0.055310,890.00,153.413376,2646.10,0.000037,4740.00
222.150,2593.46,-69.91,0.049179,925.00,213.704803,2515.89,0.000040,4545.00
222.200,2586.59,-70.38,0.053837,930.00,170.685501,2511.37,0.000027,4480.00
222.250,2569.04,-71.05,0.055369,935.00,177.154510,2411.12,0.000019,4390.00
222.300,2354.67,-71.71,0.060809,945.00,219.316833,2233.70,0.000015,3985.00
222.350,2272.00,-71.73,0.068655,955.00,220.438843,2170.98,0.000012,3710.00
222.400,2452.48,-70.71,0.064452,955.00,221.516388,2319.27,0.000016,4100.00
222.450,2528.67,-70.74,0.061516,945.00,211.607498,2289.20,0.000017,4210.00
222.500,2407.89,-71.43,0.068137,945.00,182.697205,2208.87,0.000012,4025.00
222.550,2329.65,-71.48,0.073708,930.00,276.405823,2229.98,0.000010,3920.00
222.600,2476.17,-71.13,0.062674,930.00,189.188019,2370.36,0.000016,4185.00
222.650,2610.12,-71.31,0.047444,920.00,203.085709,2411.59,0.000027,4430.00
222.700,2498.44,-71.28,0.057372,915.00,207.062363,2413.05,0.000019,4235.00
222.750,2571.35,-70.22,0.064344,915.00,166.659470,2494.79,0.000021,4295.00
222.800,2771.08,-68.26,0.069572,915.00,204.097412,2577.93,0.000036,4565.00
222.850,2825.21,-68.47,0.066030,900.00,173.476212,2611.84,0.000038,4820.00
222.900,2773.71,-69.53,0.056557,900.00,191.486282,2595.99,0.000037,4880.00
222.950,2718.18,-70.53,0.047951,885.00,190.780746,2560.89,0.000034,4750.00
223.000,2619.22,-70.28,0.056896,875.00,204.435150,2554.67,0.000028,4605.00
223.050,2675.63,-69.37,0.055008,875.00,169.137222,2620.29,0.000040,4765.00
223.100,2768.19,-69.96,0.041603,875.00,174.038406,2637.89,0.000054,5035.00
223.150,2870.05,-71.17,0.027136,875.00,145.964478,2636.47,0.000075,5155.00
223.200,2931.45,-72.20,0.020425,875.00,90.850464,2671.70,0.000087,5215.00
223.250,2886.55,-71.77,0.023260,1225.00,80.591103,2649.65,0.000075,4925.00
223.300,2796.54,-71.48,0.025991,1220.00,70.441719,2641.13,0.000062,4845.00
223.350,2784.91,-72.56,0.020127,1165.00,79.391579,2624.39,0.000069,4920.00
223.400,2752.67,-73.53,0.016231,720.00,61.881699,2570.91,0.000076,4895.00
223.450,2785.85,-72.59,0.020353,1045.00,69.218651,2675.97,0.000083,4860.00
223.500,2926.36,-69.78,0.033819,1320.00,117.079605,2766.32,0.000093,5090.00
223.550,3061.60,-68.67,0.038199,1170.00,105.261009,2783.81,0.000104,5605.00
223.600,3021.53,-69.15,0.036746,980.00,119.105209,2767.58,0.000085,5690.00
223.650,2946.64,-70.25,0.030441,715.00,107.961624,2746.37,0.000074,5520.00
223.700,2952.51,-71.05,0.024862,990.00,102.685577,2746.30,0.000086,5430.00
223.750,2904.03,-70.58,0.028031,1010.00,90.282494,2799.87,0.000089,5280.00
223.800,2754.00,-70.02,0.036033,795.00,116.008774,2729.89,0.000075,4950.00
223.850,2635.29,-69.48,0.044318,1630.00,133.937897,2604.08,0.000071,4715.00
223.900,2635.79,-70.20,0.039946,1630.00,125.060188,2537.26,0.000076,4570.00
223.950,2725.13,-71.20,0.029934,1390.00,129.799164,2543.08,0.000082,4740.00
224.000,2720.46,-71.80,0.026540,780.00,103.256958,2557.88,0.000081,4760.00
224.050,2818.91,-70.14,0.035180,785.00,118.828857,2689.09,0.000080,4830.00
224.100,2751.27,-68.94,0.047717,1760.00,152.212799,2614.01,0.000069,4630.00
224.150,2673.45,-69.72,0.043715,1780.00,132.370590,2530.15,0.000058,4625.00
224.200,2835.74,-70.46,0.031215,1085.00,150.714035,2652.83,0.000076,5100.00
224.250,2771.69,-70.33,0.033970,930.00,111.315033,2624.53,0.000077,4855.00
224.300,2891.29,-69.04,0.040882,990.00,133.777145,2732.96,0.000092,5005.00
224.350,2983.11,-67.86,0.049051,1275.00,149.677963,2740.61,0.000095,5080.00
224.400,2963.66,-68.29,0.045182,1280.00,139.965729,2731.49,0.000088,5360.00
224.450,2923.51,-69.18,0.038235,1390.00,151.848694,2688.81,0.000080,5290.00
224.500,2783.88,-69.83,0.037168,1390.00,113.053062,2587.01,0.000067,4900.00
224.550,2856.89,-70.11,0.033002,1390.00,114.793762,2613.81,0.000078,4975.00
224.600,2905.76,-69.57,0.035172,1330.00,116.011482,2699.57,0.000083,5120.00
224.650,2948.60,-69.65,0.033107,1185.00,102.750885,2757.56,0.000095,5350.00
224.700,2869.57,-70.10,0.032249,890.00,110.538635,2722.54,0.000085,5245.00
224.750,2838.23,-70.30,0.031847,990.00,98.903366,2695.00,0.000083,5175.00
224.800,2911.20,-69.81,0.033183,970.00,105.408951,2755.44,0.000084,5360.00
224.850,3007.86,-69.38,0.034529,920.00,109.170189,2751.70,0.000094,5340.00
224.900,3049.66,-68.70,0.039076,940.00,123.161545,2764.26,0.000099,5375.00
224.950,3072.70,-68.68,0.038218,1255.00,115.134117,2785.53,0.000102,5580.00
225.000,2925.00,-69.30,0.037151,820.00,129.735001,2671.62,0.000085,5215.00
225.050,2905.22,-70.18,0.031639,820.00,107.837814,2634.16,0.000084,5205.00
225.100,2861.66,-70.81,0.027957,920.00,100.691566,2626.81,0.000088,5085.00
225.150,2886.65,-70.15,0.032439,925.00,99.349014,2681.64,0.000084,5175.00
225.200,3082.41,-69.42,0.032777,875.00,100.801285,2743.77,0.000095,5600.00
225.250,3012.18,-69.97,0.030912,1175.00,97.254372,2645.43,0.000082,5355.00
225.300,2911.81,-71.34,0.024667,985.00,98.493828,2586.72,0.000073,5195.00
225.350,2869.44,-72.45,0.019522,1425.00,75.902679,2547.44,0.000086,4985.00
225.400,2927.82,-72.22,0.019989,1555.00,66.813637,2668.62,0.000111,5020.00
225.450,2960.92,-71.76,0.021694,1540.00,63.990097,2707.28,0.000108,5130.00
225.500,2907.09,-72.28,0.019523,1085.00,63.704727,2674.47,0.000083,5200.00
225.550,2828.39,-72.99,0.017122,725.00,60.764404,2581.51,0.000102,4950.00
225.600,2963.20,-72.18,0.020776,1565.00,73.626747,2573.69,0.000124,4975.00
225.650,2938.83,-71.45,0.024218,1565.00,64.886971,2604.73,0.000120,4990.00
225.700,3039.41,-70.88,0.025696,1290.00,84.257568,2665.38,0.000103,5330.00
225.750,3049.11,-70.15,0.029400,920.00,86.552025,2724.25,0.000087,5400.00
225.800,3135.27,-70.17,0.027397,1240.00,88.015091,2762.06,0.000092,5610.00
225.850,3160.59,-70.21,0.026536,1230.00,93.380096,2766.11,0.000099,5685.00
225.900,3054.05,-69.94,0.030762,1215.00,94.257568,2720.56,0.000090,5420.00
225.950,3093.63,-69.86,0.030568,1250.00,92.910629,2778.00,0.000098,5630.00
226.000,3222.43,-70.37,0.024633,1645.00,95.668854,2862.66,0.000131,5950.00
226.050,3256.85,-70.83,0.021993,940.00,76.834892,2837.03,0.000130,5995.00
226.100,3245.86,-70.90,0.021315,940.00,72.612007,2850.18,0.000119,5950.00
226.150,3241.74,-70.32,0.024477,205.00,74.184242,2856.09,0.000113,5945.00
226.200,3145.02,-70.83,0.022924,195.00,68.098717,2776.80,0.000106,5755.00
226.250,3100.38,-71.70,0.019744,195.00,72.980652,2761.15,0.000111,5615.00
226.300,3050.23,-71.76,0.019865,190.00,61.691219,2784.17,0.000111,5495.00
226.350,2997.27,-72.56,0.017152,1720.00,59.710136,2712.88,0.000100,5400.00
226.400,2838.09,-73.35,0.015337,205.00,55.310650,2635.47,0.000075,5165.00
226.450,2842.33,-73.37,0.015732,210.00,52.941032,2659.86,0.000085,5055.00
226.500,3096.16,-71.83,0.019208,350.00,59.657780,2824.57,0.000109,5555.00
226.550,3213.04,-71.40,0.019757,160.00,54.852818,2847.70,0.000120,5735.00
226.600,3156.45,-72.41,0.016354,165.00,61.850567,2777.14,0.000118,5750.00
226.650,3036.65,-73.02,0.014743,170.00,49.898064,2654.78,0.000100,5460.00
226.700,2991.09,-72.24,0.018587,1005.00,61.387558,2645.66,0.000094,5180.00
226.750,3010.09,-71.80,0.021288,1005.00,61.460232,2678.17,0.000086,5265.00
226.800,2928.48,-71.64,0.022390,185.00,73.567703,2655.45,0.000074,5135.00
226.850,2840.26,-71.09,0.027393,1180.00,88.983292,2597.82,0.000071,4905.00
226.900,2794.39,-68.62,0.047311,900.00,176.239075,2560.69,0.000073,4665.00
226.950,2843.52,-67.79,0.055553,1180.00,129.630844,2609.22,0.000076,4845.00
227.000,2949.93,-68.82,0.042352,800.00,180.368744,2666.14,0.000083,5200.00
227.050,3006.12,-69.94,0.032206,920.00,129.883453,2633.82,0.000085,5380.00
227.100,2923.46,-70.54,0.028913,730.00,107.562508,2650.64,0.000085,5245.00
227.150,3037.18,-69.01,0.036692,860.00,124.709213,2734.72,0.000096,5505.00
227.200,3045.84,-69.00,0.037695,1375.00,101.817451,2727.58,0.000088,5640.00
227.250,3020.01,-70.16,0.029613,940.00,117.257050,2677.40,0.000080,5530.00
227.300,3005.64,-71.49,0.022627,940.00,96.831398,2574.71,0.000089,5265.00
227.350,2901.74,-71.77,0.022495,1035.00,72.577171,2539.00,0.000086,4940.00
227.400,2820.54,-71.29,0.026098,900.00,77.917053,2600.66,0.000081,4865.00
227.450,2828.61,-72.07,0.021684,1260.00,73.571678,2642.35,0.000078,5015.00
227.500,2832.89,-73.11,0.016585,1150.00,72.817848,2609.15,0.000079,4980.00
227.550,2797.44,-73.22,0.016426,930.00,57.805660,2668.15,0.000091,4980.00
227.600,2967.50,-70.98,0.024973,350.00,86.026421,2819.37,0.000103,5330.00
227.650,2996.40,-68.83,0.037489,1005.00,118.518959,2842.92,0.000096,5595.00
227.700,2952.37,-68.51,0.041618,1005.00,115.742165,2758.00,0.000092,5490.00
227.750,2891.80,-69.17,0.038384,1005.00,123.145905,2683.59,0.000084,5280.00
227.800,2914.58,-70.33,0.030534,1005.00,110.151924,2654.52,0.000083,5295.00
227.850,3026.58,-70.31,0.027441,1450.00,101.572983,2740.83,0.000095,5530.00
227.900,3021.74,-69.81,0.030562,1055.00,93.397575,2789.17,0.000081,5655.00
227.950,2868.56,-69.23,0.039300,850.00,125.314911,2694.05,0.000066,5290.00
228.000,2775.71,-69.51,0.038905,850.00,105.491890,2650.71,0.000069,5100.00
228.050,2902.08,-70.53,0.028359,965.00,124.551071,2682.63,0.000081,5425.00
228.100,2905.60,-71.61,0.022806,800.00,89.287132,2646.87,0.000088,5250.00
228.150,2875.20,-70.78,0.028525,1655.00,90.818108,2728.57,0.000088,4995.00
228.200,3004.74,-68.67,0.039828,1265.00,124.903282,2835.92,0.000095,5255.00
228.250,3053.46,-68.68,0.037971,1015.00,102.280579,2873.48,0.000102,5555.00
228.300,3065.86,-69.85,0.030177,1015.00,121.410606,2850.31,0.000103,5700.00
228.350,2950.30,-70.11,0.031382,840.00,104.042732,2702.00,0.000088,5150.00
228.400,2975.55,-69.41,0.036725,855.00,112.310341,2654.15,0.000094,5015.00
228.450,3037.91,-67.87,0.047255,1210.00,146.520676,2741.28,0.000094,5140.00
228.500,3077.26,-67.44,0.047585,945.00,139.068848,2837.07,0.000097,5540.00
228.550,3101.08,-68.46,0.038725,945.00,151.934677,2825.66,0.000098,5715.00
228.600,2867.45,-69.33,0.039261,1560.00,131.963623,2639.29,0.000073,5095.00
228.650,2686.51,-69.77,0.042719,1245.00,128.453217,2468.60,0.000058,4685.00
228.700,2768.64,-69.53,0.042082,915.00,126.124329,2601.10,0.000067,4835.00
228.750,2884.13,-69.15,0.041242,915.00,134.361511,2683.09,0.000078,5025.00
228.800,2916.05,-69.15,0.038684,920.00,131.550415,2696.37,0.000081,5205.00
228.850,2904.93,-69.25,0.037594,1375.00,125.655800,2685.80,0.000087,5155.00
228.900,2814.29,-69.55,0.037255,1375.00,120.541870,2656.28,0.000082,4995.00
228.950,2892.19,-69.27,0.037161,1635.00,115.227821,2734.68,0.000084,5245.00
229.000,3008.12,-68.50,0.040899,1225.00,135.509033,2737.40,0.000086,5345.00
229.050,2981.73,-68.06,0.044909,1475.00,125.025322,2718.12,0.000084,5245.00
229.100,2908.05,-68.51,0.043889,1040.00,139.159332,2655.43,0.000074,5150.00
229.150,2816.86,-69.52,0.038159,1040.00,128.180679,2587.85,0.000067,4930.00
229.200,2877.69,-70.30,0.030508,915.00,123.586296,2657.56,0.000076,5110.00
229.250,2811.08,-70.09,0.034166,920.00,111.258621,2634.50,0.000075,4990.00
229.300,2767.81,-69.68,0.037997,1190.00,114.228554,2625.35,0.000072,4980.00
229.350,2750.78,-70.09,0.034848,1320.00,110.647293,2611.74,0.000073,4925.00
229.400,2782.41,-70.95,0.029400,1320.00,102.604240,2584.08,0.000069,4970.00
229.450,2766.59,-71.91,0.024331,645.00,91.735344,2490.44,0.000068,4840.00
229.500,2660.06,-72.24,0.024385,965.00,84.588676,2421.49,0.000057,4610.00
229.550,2692.42,-71.83,0.026655,960.00,78.817368,2505.30,0.000056,4740.00
229.600,2786.77,-71.89,0.024328,950.00,87.036942,2585.21,0.000065,4955.00
229.650,2692.34,-72.30,0.023713,950.00,77.349930,2553.38,0.000058,4855.00
229.700,2497.74,-72.93,0.022403,615.00,73.821999,2483.62,0.000055,4570.00
229.750,2574.40,-72.66,0.022376,745.00,76.116783,2573.90,0.000064,4655.00
229.800,2779.21,-71.65,0.024182,830.00,75.757950,2708.77,0.000076,5020.00
229.850,3059.32,-70.38,0.026497,1275.00,80.174332,2892.78,0.000110,5645.00
229.900,3112.30,-69.81,0.031104,1275.00,93.316681,2832.80,0.000105,5610.00
229.950,3048.22,-69.46,0.034298,2000.00,106.564537,2744.95,0.000093,5475.00
230.000,3078.88,-68.77,0.038360,1200.00,116.471779,2734.50,0.000083,5415.00
230.050,3116.91,-69.02,0.036192,1255.00,113.375320,2757.44,0.000088,5500.00
230.100,3114.42,-69.46,0.032452,1135.00,116.001144,2795.16,0.000094,5615.00
230.150,3116.73,-69.70,0.029963,1425.00,101.594070,2749.24,0.000092,5515.00
230.200,3140.20,-69.84,0.028812,655.00,95.810066,2766.27,0.000087,5530.00
230.250,3213.55,-69.58,0.028647,1240.00,89.550987,2872.31,0.000103,5745.00
230.300,3142.13,-70.41,0.024802,1240.00,84.736130,2835.17,0.000105,5655.00
230.350,3069.34,-71.32,0.021812,850.00,80.194801,2765.16,0.000101,5420.00
230.400,2990.62,-71.31,0.022483,850.00,67.807800,2792.35,0.000089,5390.00
230.450,2935.86,-71.97,0.020302,975.00,70.789948,2726.20,0.000080,5305.00
230.500,2863.12,-72.78,0.017792,1395.00,59.464851,2593.33,0.000073,4945.00
230.550,2793.24,-72.95,0.017904,1020.00,62.251217,2591.51,0.000075,4930.00
230.600,2927.29,-71.73,0.022565,920.00,68.085663,2666.52,0.000079,5085.00
230.650,2965.25,-71.49,0.022508,920.00,66.816093,2679.43,0.000080,5255.00
230.700,2953.15,-72.44,0.018593,990.00,69.418442,2626.36,0.000077,5225.00
230.750,2874.25,-72.66,0.018305,855.00,63.307789,2615.45,0.000083,5010.00
230.800,2799.54,-71.68,0.024258,1125.00,73.553421,2643.49,0.000079,4850.00
230.850,2870.50,-71.19,0.025990,815.00,74.827522,2694.23,0.000090,5030.00
230.900,2881.13,-70.89,0.027498,1105.00,88.693810,2668.63,0.000089,4990.00
230.950,2809.94,-70.14,0.033928,1325.00,107.798134,2630.78,0.000075,4860.00
231.000,2777.53,-68.29,0.053454,1325.00,187.444122,2558.02,0.000063,4700.00
231.050,2864.94,-67.59,0.056318,2475.00,148.822006,2602.14,0.000076,4835.00
231.100,3042.37,-68.40,0.042410,1305.00,175.656189,2646.38,0.000094,5245.00
231.150,2934.50,-69.74,0.033851,1305.00,142.027939,2603.23,0.000084,5195.00
231.200,2906.32,-69.75,0.034897,770.00,118.731949,2605.22,0.000079,5065.00
231.250,2964.23,-68.26,0.045554,815.00,142.421509,2660.13,0.000079,5265.00
231.300,2958.19,-68.50,0.043278,815.00,124.043030,2631.41,0.000081,5340.00
231.350,3063.75,-69.77,0.031561,1280.00,141.112350,2630.17,0.000088,5475.00
231.400,2998.89,-70.99,0.024997,860.00,106.366364,2631.31,0.000084,5375.00
231.450,2954.07,-70.97,0.025892,980.00,87.260666,2629.99,0.000086,5100.00
231.500,2911.80,-70.75,0.028709,1170.00,82.183838,2630.77,0.000084,5010.00
231.550,2744.14,-71.82,0.024719,1325.00,87.784180,2569.34,0.000075,4760.00
231.600,2732.62,-72.75,0.019483,1220.00,78.796120,2545.79,0.000075,4810.00
231.650,2747.83,-72.37,0.021342,945.00,75.782463,2615.65,0.000077,4810.00
231.700,2890.09,-69.60,0.035200,1315.00,126.129128,2737.00,0.000074,5075.00
231.750,2982.16,-68.12,0.044144,1600.00,121.475929,2795.34,0.000076,5430.00
231.800,2947.25,-68.35,0.043550,940.00,129.624588,2708.84,0.000079,5450.00
231.850,2913.92,-69.31,0.037216,880.00,124.415771,2685.84,0.000074,5400.00
231.900,2928.60,-70.17,0.030627,1410.00,126.712334,2661.94,0.000078,5280.00
231.950,2922.17,-69.48,0.035844,1555.00,116.311714,2743.14,0.000075,5280.00
232.000,2931.92,-68.90,0.039111,1555.00,117.521988,2754.59,0.000079,5360.00
232.050,2855.77,-68.39,0.045561,865.00,136.247650,2720.95,0.000076,5245.00
232.100,2811.81,-68.84,0.042804,865.00,128.134888,2686.99,0.000079,5045.00
232.150,2853.97,-70.12,0.033391,1130.00,131.778427,2623.15,0.000079,5095.00
232.200,2876.70,-71.07,0.027434,935.00,101.638725,2607.03,0.000078,5120.00
232.250,2911.44,-70.28,0.031477,970.00,104.324097,2706.74,0.000086,5095.00
232.300,2858.13,-68.81,0.042573,820.00,132.478210,2710.46,0.000086,4990.00
232.350,2903.59,-69.03,0.039269,950.00,122.508400,2714.60,0.000089,5090.00
232.400,2949.84,-69.99,0.032070,2165.00,125.511742,2710.69,0.000086,5350.00
232.450,2759.71,-69.91,0.037509,815.00,120.674034,2590.76,0.000068,4830.00
232.500,2821.17,-69.00,0.044217,1305.00,133.719849,2637.34,0.000067,4845.00
232.550,2932.55,-67.44,0.055690,970.00,172.368225,2683.88,0.000072,5090.00
232.600,2980.61,-67.19,0.055283,1155.00,158.978012,2703.63,0.000079,5320.00
232.650,3014.22,-68.36,0.043721,1155.00,170.246445,2720.06,0.000087,5425.00
232.700,2847.77,-69.08,0.042515,680.00,151.670853,2565.12,0.000074,4910.00
232.750,2858.45,-69.34,0.040080,685.00,126.931374,2567.40,0.000072,5005.00
232.800,2829.67,-69.20,0.041332,980.00,140.137573,2584.05,0.000067,4985.00
232.850,2867.03,-68.99,0.042906,975.00,127.009911,2647.02,0.000071,5015.00
232.900,2891.82,-69.15,0.041303,2225.00,142.527191,2668.94,0.000073,5010.00
232.950,2867.08,-69.35,0.041392,1105.00,117.980812,2609.66,0.000064,4940.00
233.000,2908.95,-69.16,0.038877,1310.00,142.426682,2683.11,0.000079,5275.00
233.050,2900.16,-68.50,0.044503,1310.00,139.505142,2694.87,0.000081,5255.00
233.100,3068.29,-67.81,0.046950,2340.00,157.232025,2706.50,0.000092,5450.00
233.150,3065.67,-67.42,0.053719,2345.00,158.464874,2702.61,0.000083,5480.00
233.200,3000.36,-67.68,0.051717,2345.00,159.300156,2670.20,0.000084,5300.00
233.250,2881.02,-68.77,0.043879,1150.00,167.692627,2636.81,0.000111,5035.00
233.300,4657.91,-63.54,0.046056,1145.00,173.074783,4488.53,0.000904,11105.00
233.350,4618.80,-58.41,0.117791,45.00,524.154541,4668.52,0.000690,11300.00
233.400,3686.70,-59.89,0.150783,40.00,416.034393,4292.16,0.000301,9690.00
233.450,2838.37,-66.49,0.113843,40.00,440.027161,3710.26,0.000051,6790.00
233.500,2264.32,-73.86,0.071816,40.00,327.396606,3514.82,0.000011,4470.00
233.550,3661.36,-68.01,0.059150,45.00,179.512741,4136.36,0.000102,10065.00
233.600,3599.20,-68.90,0.047984,40.00,95.211212,4133.84,0.000120,9900.00
233.650,3675.71,-72.95,0.033580,45.00,128.232422,4513.54,0.000065,10380.00
233.700,4009.14,-73.72,0.026984,45.00,61.892006,4749.43,0.000078,10950.00
233.750,4294.54,-73.60,0.023151,45.00,48.423630,4833.08,0.000110,11085.00
233.800,4298.71,-73.85,0.020094,40.00,51.084251,4805.17,0.000135,11060.00
233.850,4193.93,-73.99,0.018891,45.00,42.450001,4763.56,0.000146,11040.00
233.900,4376.58,-74.16,0.015452,45.00,43.864910,4774.26,0.000201,11060.00
233.950,4382.76,-74.08,0.014684,45.00,37.854271,4741.85,0.000230,11005.00
234.000,4405.46,-74.27,0.013619,45.00,33.382099,4749.56,0.000250,11060.00
234.050,4287.18,-74.20,0.013809,40.00,39.040707,4747.39,0.000246,11070.00
234.100,3662.15,-73.89,0.019525,240.00,70.664131,4533.98,0.000145,10550.00
234.150,3686.01,-73.96,0.021049,240.00,47.443111,4556.43,0.000122,10515.00
234.200,3975.84,-74.12,0.017024,235.00,64.338684,4662.78,0.000172,10855.00
234.250,4230.29,-74.23,0.014294,235.00,48.736435,4715.59,0.000229,11025.00
234.300,4430.88,-74.28,0.012218,235.00,43.083469,4745.39,0.000301,11130.00
234.350,4355.89,-74.30,0.013441,245.00,38.845848,4750.82,0.000254,11125.00
234.400,4269.09,-74.36,0.015111,240.00,40.849606,4725.10,0.000194,11035.00
234.450,4380.94,-74.40,0.013485,240.00,38.680977,4737.33,0.000233,11055.00
234.500,4400.75,-74.35,0.014862,245.00,44.847454,4777.37,0.000197,11100.00
234.550,4275.42,-74.34,0.017926,240.00,50.273376,4743.60,0.000140,11025.00
234.600,4132.92,-74.20,0.021245,245.00,51.183208,4727.77,0.000459,10960.00
234.650,4043.85,-74.82,0.016560,245.00,48.228504,4696.60,0.001480,10915.00

=== STATISTIKEN ===

Feature,Minimum,Maximum,Durchschnitt
Spektral Centroid (Hz),197.98,8105.50,3800.92
Power (dB),-79.78,-53.55,-62.61
Energy,0.00,0.39,0.17
Peak Frequenz (Hz),0.00,8720.00,184.36
Spectral Flux,0.00,1603.02,544.47
Bandbreite (Hz),1062.30,5228.70,3895.35
Spectral Flatness,0.00,0.01,0.00
Spectral Rolloff (Hz),90.00,12765.00,8534.75
