Zeit (s),Spektral Centroid (Hz),Power (dB),Energy,Peak Frequenz (Hz),Spectral Flux,Bandbreite (Hz),Spectral Flatness,Spectral Rolloff (Hz)
0.000,3773.26,-61.66,0.131291,100.00,0.000000,4876.91,0.000340,9935.00
0.050,3294.88,-60.27,0.252414,100.00,993.165955,4804.34,0.000142,9150.00
0.100,2045.79,-67.54,0.234556,100.00,946.163086,4065.57,0.000024,5730.00
0.150,2655.62,-66.93,0.203311,100.00,833.668335,4553.45,0.000035,8080.00
0.200,4583.13,-61.75,0.184190,100.00,465.892212,5465.56,0.000163,11650.00
0.250,4143.03,-64.83,0.155212,100.00,383.122864,5355.41,0.000100,11155.00
0.300,2538.95,-69.35,0.134004,100.00,384.945282,3940.24,0.000038,6540.00
0.350,4144.64,-58.73,0.139615,100.00,383.033813,4390.64,0.000666,8780.00
0.400,4374.31,-57.43,0.136151,100.00,167.935181,4367.22,0.000982,9080.00
0.450,3666.25,-64.20,0.114758,100.00,351.256439,4090.11,0.000202,7895.00
0.500,4445.62,-65.64,0.104459,100.00,166.742905,5134.89,0.000158,10930.00
0.550,6254.44,-61.95,0.099886,100.00,144.789078,5509.10,0.000455,12735.00
0.600,4854.45,-63.32,0.092216,100.00,133.588943,5063.82,0.000375,11055.00
0.650,3686.92,-65.68,0.088385,100.00,123.245491,4161.60,0.000219,8430.00
0.700,6136.26,-62.67,0.082442,100.00,127.577576,5517.26,0.000570,12730.00
0.750,6282.74,-62.14,0.079641,195.00,85.945969,5422.65,0.000713,12645.00
0.800,4040.99,-65.07,0.080775,195.00,120.960762,4288.06,0.000323,8935.00
0.850,4206.16,-62.56,0.093860,195.00,375.595581,4781.59,0.000521,9740.00
0.900,4023.27,-60.07,0.180971,70.00,830.268982,5053.31,0.000285,10280.00
0.950,2834.59,-65.12,0.213214,65.00,764.821167,4647.29,0.000051,8430.00
1.000,2524.92,-66.71,0.173790,45.00,892.135681,3968.21,0.000051,6455.00
1.050,4223.31,-58.23,0.151389,45.00,698.246704,4465.17,0.000665,9250.00
1.100,4254.01,-58.45,0.123906,40.00,396.568848,4382.69,0.000922,9175.00
1.150,3388.48,-66.21,0.086391,195.00,512.068604,3938.84,0.000201,7530.00
1.200,5150.67,-63.78,0.085689,195.00,230.375549,5292.60,0.000401,11670.00
1.250,5824.59,-61.26,0.093135,195.00,308.887268,5431.49,0.000674,12445.00
1.300,4610.83,-64.38,0.093609,885.00,230.260925,4870.80,0.000283,10315.00
1.350,3936.77,-64.92,0.093192,885.00,210.472565,4424.03,0.000251,8790.00
1.400,3919.30,-59.98,0.163737,885.00,800.563904,4936.25,0.000346,10075.00
1.450,3112.94,-62.16,0.224365,65.00,795.336426,4723.62,0.000108,8800.00
1.500,1587.52,-72.20,0.193653,50.00,951.525269,3492.97,0.000009,2325.00
1.550,4397.74,-63.81,0.157344,45.00,789.045410,5394.92,0.000138,11340.00
1.600,5165.92,-61.90,0.124535,40.00,373.030762,5566.22,0.000367,12185.00
1.650,3870.07,-68.19,0.084979,585.00,465.829376,5099.93,0.000141,10490.00
1.700,3636.40,-63.80,0.084498,585.00,370.272156,4246.32,0.000443,8130.00
1.750,3995.64,-57.23,0.152457,100.00,658.846558,4336.30,0.000853,8690.00
1.800,3902.71,-59.17,0.175346,100.00,533.809326,4270.19,0.000370,8485.00
1.850,2760.48,-67.71,0.169911,100.00,413.217773,3743.34,0.000034,6455.00
1.900,4961.81,-63.35,0.169378,100.00,167.988876,5398.05,0.000106,11670.00
1.950,5334.14,-62.02,0.163530,100.00,167.066238,5435.82,0.000168,11990.00
2.000,3368.54,-65.02,0.153386,100.00,180.563644,4283.07,0.000094,8295.00
2.050,4005.44,-63.83,0.139490,100.00,208.369888,4772.43,0.000163,9545.00
2.100,6007.40,-61.45,0.127539,100.00,185.845322,5488.55,0.000357,12435.00
2.150,4901.37,-62.84,0.116727,100.00,140.974503,5116.65,0.000279,10995.00
2.200,3462.87,-65.44,0.112127,100.00,160.121506,4063.69,0.000154,8105.00
2.250,3640.07,-60.75,0.168874,100.00,724.266296,4825.23,0.000284,9415.00
2.300,3220.83,-61.03,0.239971,85.00,948.271545,4790.74,0.000131,9030.00
2.350,1780.25,-69.24,0.226960,85.00,941.376770,3742.65,0.000015,4480.00
2.400,3269.54,-62.02,0.194315,45.00,839.508057,4269.82,0.000148,7800.00
2.450,4135.72,-57.41,0.179801,85.00,477.383972,4438.00,0.000589,9095.00
2.500,3880.50,-60.79,0.141809,85.00,435.242218,4298.99,0.000368,8695.00
2.550,3161.85,-67.40,0.119227,85.00,399.286346,4254.51,0.000084,7750.00
2.600,5776.10,-62.00,0.113367,85.00,129.054718,5484.24,0.000380,12335.00
2.650,5594.56,-62.30,0.107807,85.00,83.967400,5455.56,0.000385,12175.00
2.700,3450.55,-66.36,0.105753,85.00,133.622314,4130.35,0.000128,8085.00
2.750,3531.93,-61.94,0.132198,90.00,519.265625,4628.10,0.000324,8790.00
2.800,3371.02,-59.64,0.237622,70.00,1000.022766,4793.80,0.000194,9175.00
2.850,2372.03,-65.42,0.267077,65.00,992.735657,4324.02,0.000032,6860.00
2.900,2226.42,-68.90,0.219736,65.00,870.633179,4241.26,0.000018,6605.00
2.950,4473.97,-62.03,0.196722,65.00,528.052856,5441.56,0.000135,11490.00
3.000,4472.41,-63.76,0.172086,65.00,355.242401,5474.88,0.000107,11580.00
3.050,2327.33,-70.86,0.167204,65.00,397.452759,4052.31,0.000016,6620.00
3.100,3975.53,-59.71,0.170902,65.00,363.548340,4379.93,0.000346,8700.00
3.150,4304.84,-57.11,0.171397,65.00,224.580292,4383.20,0.000687,9090.00
3.200,3837.33,-62.42,0.147774,65.00,331.462982,4191.16,0.000201,8285.00
3.250,3684.61,-66.68,0.134587,65.00,199.222260,4781.20,0.000071,9415.00
3.300,5987.68,-62.11,0.126989,65.00,127.315590,5528.82,0.000267,12580.00
3.350,5150.71,-62.81,0.116104,65.00,130.495010,5259.89,0.000265,11580.00
3.400,3491.43,-65.99,0.108973,65.00,132.612015,4029.29,0.000128,8065.00
3.450,5598.33,-62.91,0.102927,65.00,130.049561,5440.43,0.000342,12165.00
3.500,6512.62,-61.89,0.096164,65.00,109.646683,5484.87,0.000530,12840.00
3.550,4381.39,-64.26,0.089286,65.00,131.597473,4574.42,0.000328,9600.00
3.600,4118.22,-63.34,0.092999,65.00,286.456360,4639.93,0.000413,9415.00
3.650,4147.59,-59.90,0.175858,65.00,757.852966,5078.13,0.000316,10455.00
3.700,3098.37,-63.44,0.227074,65.00,784.856323,4791.32,0.000073,9085.00
3.750,2036.43,-68.85,0.185589,50.00,933.139465,3693.07,0.000023,5410.00
3.800,4054.62,-58.93,0.160125,45.00,712.588562,4459.00,0.000467,8805.00
3.850,4271.05,-57.90,0.136760,40.00,395.265564,4408.52,0.000846,9090.00
3.900,3665.65,-64.65,0.091569,590.00,512.885071,4073.50,0.000280,8015.00
3.950,5129.48,-65.03,0.082758,590.00,266.727142,5234.76,0.000308,11440.00
4.000,6553.35,-61.55,0.085318,590.00,94.194962,5438.07,0.000744,12960.00
4.050,5285.02,-63.83,0.084141,590.00,85.295792,5159.31,0.000404,11435.00
4.100,3993.95,-65.89,0.082300,590.00,125.849525,4308.32,0.000243,8810.00
4.150,4140.96,-60.45,0.143423,590.00,696.799316,5004.32,0.000394,10515.00
4.200,3474.75,-61.26,0.222049,65.00,840.086670,4922.13,0.000135,9765.00
4.250,1800.70,-71.14,0.202254,50.00,906.186829,3850.08,0.000011,4985.00
4.300,4047.29,-65.23,0.161863,45.00,874.726379,5327.23,0.000082,11025.00
4.350,5326.76,-61.97,0.132923,40.00,386.875275,5646.43,0.000290,12430.00
4.400,4600.25,-66.96,0.088043,585.00,432.136353,5477.60,0.000169,11670.00
4.450,3631.05,-65.78,0.070420,230.00,366.441925,4360.67,0.000368,8275.00
4.500,3978.30,-57.40,0.138966,65.00,663.257385,4418.24,0.001008,8825.00
4.550,3917.96,-58.17,0.174796,60.00,571.475098,4343.81,0.000505,8755.00
4.600,3086.03,-66.66,0.169942,60.00,548.033508,3877.42,0.000043,7070.00
4.650,4780.20,-64.27,0.173821,60.00,122.853851,5414.21,0.000081,11555.00
4.700,5643.15,-62.10,0.176735,60.00,102.973946,5561.29,0.000141,12340.00
4.750,3640.69,-64.38,0.173349,60.00,149.835800,4610.55,0.000085,8970.00
4.800,3294.12,-64.56,0.167381,60.00,288.270813,4325.88,0.000097,8245.00
4.850,5469.34,-61.59,0.155097,60.00,251.471725,5416.94,0.000243,11940.00
4.900,5199.58,-62.48,0.138428,60.00,195.213089,5269.58,0.000229,11575.00
4.950,3507.30,-65.72,0.129601,60.00,152.042389,4055.22,0.000101,8150.00
5.000,3765.34,-61.41,0.153082,60.00,612.507751,4849.10,0.000281,9405.00
5.050,3518.16,-60.37,0.251701,65.00,1000.945435,4936.62,0.000141,9560.00
5.100,2193.64,-67.52,0.259832,65.00,862.501465,4203.42,0.000018,6630.00
5.150,2916.72,-63.62,0.203537,65.00,815.723999,4116.03,0.000085,7020.00
5.200,3969.21,-57.51,0.183493,70.00,691.088074,4376.27,0.000553,8770.00
5.250,3930.35,-59.72,0.155588,70.00,464.549744,4296.75,0.000407,8705.00
5.300,2965.24,-67.81,0.143477,65.00,518.782654,3932.54,0.000047,6945.00
5.350,5637.31,-62.76,0.138845,65.00,190.651672,5472.18,0.000199,12310.00
5.400,5964.35,-61.93,0.130947,65.00,122.595695,5510.07,0.000279,12615.00
5.450,3728.44,-65.59,0.122645,65.00,170.415466,4421.89,0.000120,8715.00
5.500,3293.85,-63.08,0.125524,65.00,559.383362,4454.66,0.000279,8175.00
5.550,3363.80,-59.69,0.232475,100.00,1050.105591,4780.27,0.000211,9150.00
5.600,2629.61,-63.95,0.251192,100.00,853.814758,4499.88,0.000056,7730.00
5.650,1618.50,-70.70,0.210197,100.00,892.003174,3594.34,0.000012,2700.00
5.700,4090.17,-62.50,0.195153,100.00,650.196106,5318.36,0.000120,11055.00
5.750,4359.85,-62.83,0.168365,100.00,369.730377,5437.73,0.000150,11460.00
5.800,2384.80,-70.65,0.145050,100.00,455.084686,4249.13,0.000025,7195.00
5.850,3719.57,-61.25,0.141557,100.00,379.301849,4340.08,0.000333,8370.00
5.900,4330.99,-57.07,0.146258,100.00,347.659973,4407.95,0.000955,9125.00
5.950,3921.37,-60.94,0.126918,100.00,292.621674,4241.38,0.000421,8445.00
6.000,2949.65,-67.52,0.112240,100.00,281.153320,4159.88,0.000091,7300.00
6.050,5361.77,-62.29,0.108181,100.00,175.697800,5471.31,0.000391,12035.00
6.100,5049.54,-62.17,0.100197,100.00,211.827225,5315.15,0.000482,11630.00
6.150,3209.38,-65.68,0.099378,100.00,229.291901,3938.37,0.000187,7705.00
6.200,4430.26,-63.25,0.097006,100.00,192.056320,5070.55,0.000409,10780.00
6.250,5618.21,-61.84,0.097550,195.00,236.921432,5484.61,0.000583,12270.00
6.300,4155.13,-63.55,0.093489,195.00,207.916626,4679.27,0.000379,9565.00
6.350,3667.83,-64.23,0.093127,195.00,223.514526,4306.34,0.000317,8395.00
6.400,4074.50,-60.15,0.152721,75.00,735.126465,5000.79,0.000390,10210.00
6.450,3225.62,-62.17,0.216847,65.00,796.085449,4802.67,0.000119,9095.00
6.500,1595.85,-69.98,0.193431,50.00,868.612976,3312.66,0.000018,3095.00
6.550,3740.30,-59.83,0.161281,45.00,845.200195,4377.89,0.000373,8560.00
6.600,4168.77,-57.39,0.143407,40.00,443.241394,4402.22,0.000907,9145.00
6.650,3678.71,-62.83,0.098715,195.00,526.252563,4136.67,0.000432,8070.00
6.700,3892.78,-66.06,0.089149,195.00,348.347107,4764.04,0.000226,9405.00
6.750,5488.56,-61.33,0.094088,195.00,303.342102,5347.36,0.000726,12115.00
6.800,4809.15,-62.94,0.100345,885.00,284.355743,5115.43,0.000405,11145.00
6.850,3506.24,-66.43,0.092654,885.00,217.181244,3985.08,0.000169,7980.00
6.900,3823.22,-60.97,0.133403,885.00,617.706421,4791.15,0.000406,9475.00
6.950,3389.71,-60.43,0.217115,70.00,867.701050,4796.41,0.000184,9190.00
7.000,2018.68,-68.43,0.212005,55.00,878.552063,3954.58,0.000022,5500.00
7.050,3300.66,-66.40,0.169800,45.00,889.074463,4921.60,0.000055,9470.00
7.100,5054.17,-61.49,0.138527,45.00,469.487915,5532.09,0.000301,12110.00
7.150,4337.14,-64.89,0.099145,40.00,448.201721,5317.64,0.000246,11305.00
7.200,2935.61,-68.40,0.077219,585.00,405.008209,3988.03,0.000156,6995.00
7.250,3879.68,-58.35,0.127313,100.00,615.062073,4309.23,0.000944,8440.00
7.300,3965.89,-57.61,0.173836,100.00,574.576782,4303.30,0.000605,8585.00
7.350,3236.14,-64.75,0.170726,100.00,531.830505,3940.20,0.000081,7235.00
7.400,4063.36,-65.07,0.169414,100.00,178.524292,5064.67,0.000075,10540.00
7.450,5504.88,-61.78,0.164829,100.00,181.037262,5480.73,0.000190,12170.00
7.500,4015.64,-63.59,0.156854,100.00,178.623306,4840.33,0.000131,9895.00
7.550,3215.08,-65.37,0.144610,100.00,191.066238,4107.12,0.000100,7915.00
7.600,5397.74,-61.72,0.131351,100.00,210.025162,5375.12,0.000308,11795.00
7.650,5520.27,-62.01,0.120250,100.00,137.633606,5339.59,0.000328,11895.00
7.700,3628.85,-65.47,0.113909,100.00,134.586319,4133.07,0.000141,8360.00
7.750,3612.05,-62.14,0.140354,100.00,528.468750,4678.81,0.000273,9050.00
7.800,3437.16,-60.02,0.225654,85.00,938.237915,4852.34,0.000195,9390.00
7.850,2400.01,-65.65,0.239178,85.00,964.469116,4328.27,0.000037,7200.00
7.900,2406.49,-65.84,0.202323,45.00,910.219971,3864.40,0.000048,5915.00
7.950,3978.48,-58.00,0.186288,45.00,623.546021,4425.76,0.000442,8805.00
8.000,4032.16,-58.73,0.157729,85.00,371.638672,4373.84,0.000499,8900.00
8.050,3015.42,-66.81,0.123677,85.00,481.548523,3862.58,0.000084,7030.00
8.100,5142.86,-63.47,0.115649,85.00,180.914352,5349.11,0.000248,11640.00
8.150,5952.18,-61.60,0.109836,85.00,89.479286,5486.35,0.000447,12445.00
8.200,4019.56,-64.84,0.106361,85.00,122.541092,4695.20,0.000201,9520.00
8.250,3350.14,-64.35,0.113444,90.00,284.770447,4297.72,0.000211,8015.00
8.300,3445.58,-59.68,0.202810,70.00,919.362793,4705.07,0.000254,9015.00
8.350,2698.47,-61.35,0.275299,65.00,1023.072510,4165.86,0.000089,6645.00
8.400,1822.18,-68.02,0.242462,65.00,994.926575,2882.20,0.000019,2860.00
8.450,3620.84,-61.98,0.205947,65.00,689.239624,4806.21,0.000127,9590.00
8.500,4409.27,-61.48,0.181481,65.00,364.267639,5260.92,0.000180,11250.00
8.550,3113.83,-67.88,0.168178,65.00,433.328766,4590.06,0.000037,8965.00
8.600,3583.63,-62.68,0.169355,65.00,324.766174,4249.42,0.000152,8285.00
8.650,4205.93,-57.09,0.176549,65.00,337.096161,4323.55,0.000667,8915.00
8.700,3820.50,-59.32,0.163868,65.00,317.226288,4016.98,0.000424,8065.00
8.750,2715.01,-66.08,0.150372,65.00,324.766602,3234.47,0.000080,5240.00
8.800,4640.08,-61.50,0.135471,65.00,288.605042,4965.14,0.000314,10900.00
8.850,5268.43,-61.20,0.122543,65.00,210.545364,5203.39,0.000387,11670.00
8.900,3700.90,-64.91,0.110610,65.00,188.168259,4204.15,0.000177,8605.00
8.950,4453.48,-63.62,0.105595,65.00,142.817184,4870.83,0.000284,10220.00
9.000,5858.44,-60.93,0.100416,65.00,157.186157,5343.00,0.000636,12320.00
9.050,4205.61,-61.93,0.101852,65.00,219.311203,4498.47,0.000503,9490.00
9.100,3332.89,-64.21,0.097982,65.00,199.454712,3719.66,0.000295,7290.00
9.150,4060.53,-59.83,0.143274,65.00,717.076477,4853.78,0.000471,9940.00
9.200,3519.21,-60.73,0.222181,65.00,849.693237,4885.13,0.000158,9625.00
9.250,1902.09,-69.09,0.202740,50.00,883.439697,3730.99,0.000020,4615.00
9.300,3634.10,-61.18,0.163826,45.00,851.026245,4355.58,0.000262,8185.00
9.350,4229.81,-57.39,0.147215,40.00,475.787598,4396.51,0.000892,9025.00
9.400,3737.01,-61.20,0.109348,590.00,492.907990,4065.32,0.000565,8010.00
9.450,3259.25,-66.21,0.090755,590.00,411.675323,4012.57,0.000211,7175.00
9.500,5746.13,-61.27,0.092140,590.00,182.180206,5326.95,0.000703,12185.00
9.550,5610.14,-62.23,0.091135,590.00,108.421196,5314.84,0.000547,12095.00
9.600,3863.30,-66.40,0.082984,590.00,160.206085,4136.54,0.000202,8470.00
9.650,4129.91,-61.73,0.112366,590.00,499.800934,4869.28,0.000457,10140.00
9.700,3716.04,-59.79,0.205552,65.00,877.763245,4933.21,0.000240,10080.00
9.750,2406.02,-65.37,0.218562,65.00,821.266235,4120.71,0.000047,6465.00
9.800,2592.26,-67.24,0.175036,45.00,944.353455,4244.27,0.000043,6795.00
9.850,4789.24,-61.68,0.147342,45.00,554.807617,5445.62,0.000249,11725.00
9.900,4595.07,-63.88,0.110614,40.00,399.800781,5419.71,0.000249,11600.00
9.950,2910.10,-70.30,0.071195,585.00,440.875488,4179.77,0.000100,7520.00
10.000,3908.76,-59.16,0.111959,230.00,529.441711,4395.03,0.000941,8760.00
10.050,3945.51,-57.04,0.171447,60.00,621.623535,4365.42,0.000729,8790.00
10.100,3455.07,-62.73,0.171987,60.00,610.371704,4052.66,0.000147,7660.00
10.150,3460.60,-65.66,0.173139,60.00,231.711609,4651.22,0.000059,8865.00
10.200,5352.54,-61.64,0.178095,60.00,168.601273,5475.71,0.000159,12110.00
10.250,4312.04,-63.01,0.178079,60.00,155.847885,5091.76,0.000114,10650.00
10.300,2854.78,-65.85,0.171048,60.00,262.626831,3829.96,0.000060,7215.00
10.350,4700.81,-62.02,0.161462,60.00,304.176666,5195.95,0.000187,11095.00
10.400,5336.65,-61.22,0.145075,60.00,227.785812,5310.81,0.000279,11770.00
10.450,3484.28,-64.38,0.134648,60.00,188.143677,4164.13,0.000143,8265.00
10.500,3529.79,-62.78,0.133064,60.00,351.423431,4485.99,0.000252,8555.00
10.550,3610.71,-59.83,0.220187,65.00,1036.558228,4899.82,0.000218,9505.00
10.600,2744.89,-63.90,0.270116,65.00,779.915161,4553.39,0.000048,8175.00
10.650,2072.61,-67.75,0.220773,65.00,896.537903,3617.84,0.000022,5275.00
10.700,3872.77,-58.47,0.186007,45.00,746.591064,4378.72,0.000395,8655.00
10.750,4069.94,-58.00,0.163239,70.00,475.745941,4341.27,0.000576,8850.00
10.800,3199.99,-65.01,0.145326,65.00,567.190918,3854.16,0.000100,7150.00
10.850,4553.06,-63.66,0.141385,65.00,280.607391,5036.08,0.000153,10935.00
10.900,5914.51,-60.84,0.134431,65.00,141.839691,5370.88,0.000356,12400.00
10.950,4628.24,-63.20,0.125708,65.00,151.963348,4852.31,0.000218,10315.00
11.000,3466.97,-64.35,0.114421,65.00,306.307739,4134.18,0.000215,7990.00
11.050,3431.72,-59.69,0.195201,100.00,1102.613647,4719.53,0.000294,8945.00
11.100,2916.86,-60.90,0.265777,100.00,801.590759,4574.82,0.000115,8130.00
11.150,1651.28,-68.81,0.229202,100.00,970.922241,3293.93,0.000017,3315.00
11.200,3116.45,-63.54,0.212219,100.00,802.413147,4720.15,0.000077,8805.00
11.250,4033.83,-61.21,0.195726,100.00,464.508759,5218.89,0.000169,10900.00
11.300,3029.47,-65.92,0.168199,100.00,444.903107,4625.71,0.000066,8685.00
11.350,2976.60,-64.92,0.152678,100.00,378.301025,4033.20,0.000104,6985.00
11.400,4062.23,-57.59,0.162217,100.00,434.577789,4353.68,0.000702,8745.00
11.450,4022.83,-58.75,0.151441,100.00,278.678650,4265.22,0.000567,8635.00
11.500,2663.36,-66.87,0.134003,100.00,343.701660,3560.61,0.000070,6205.00
11.550,4048.34,-62.79,0.130656,100.00,289.895996,5068.46,0.000245,10665.00
11.600,4767.14,-61.01,0.131262,100.00,289.500427,5310.52,0.000381,11395.00
11.650,3500.71,-64.30,0.122482,440.00,227.166382,4370.99,0.000178,8570.00
11.700,3647.13,-64.34,0.115434,440.00,225.858017,4481.86,0.000205,8775.00
11.750,5418.38,-61.74,0.111038,445.00,213.291229,5481.71,0.000442,12180.00
11.800,4637.44,-62.32,0.108055,195.00,155.457703,5056.17,0.000397,10810.00
11.850,3329.10,-65.35,0.103925,195.00,212.297501,3932.24,0.000186,7780.00
11.900,4001.75,-60.91,0.129541,195.00,600.978577,4871.87,0.000442,9875.00
11.950,3586.99,-60.37,0.210454,70.00,847.170898,4920.60,0.000202,9715.00
12.000,1965.12,-67.66,0.215683,55.00,826.140686,3892.27,0.000028,5120.00
12.050,3039.51,-62.84,0.178335,45.00,899.623413,4161.13,0.000139,7400.00
12.100,4129.98,-57.44,0.160908,45.00,564.547485,4417.59,0.000715,9140.00
12.150,3877.57,-60.08,0.125882,195.00,458.803986,4262.71,0.000565,8545.00
12.200,2723.36,-67.46,0.109562,195.00,462.968964,3786.98,0.000094,6410.00
12.250,4789.55,-62.06,0.110149,195.00,262.219177,5243.05,0.000405,11315.00
12.300,4901.12,-61.76,0.113399,885.00,299.216278,5260.36,0.000419,11545.00
12.350,3598.88,-65.83,0.106503,885.00,247.139084,4217.70,0.000155,8345.00
12.400,3671.02,-62.92,0.121663,885.00,419.398987,4584.34,0.000280,8795.00
12.450,3609.16,-59.83,0.199071,70.00,881.677429,4848.81,0.000254,9515.00
12.500,2530.79,-64.44,0.226200,60.00,806.319763,4356.23,0.000060,7500.00
12.550,1931.98,-69.81,0.187261,45.00,951.834412,3837.49,0.000020,4610.00
12.600,4464.76,-61.95,0.160777,45.00,656.838501,5402.55,0.000209,11400.00
12.650,4426.71,-62.54,0.130826,40.00,395.406342,5383.36,0.000274,11415.00
12.700,2540.54,-70.41,0.099271,350.00,470.062805,4143.99,0.000056,7160.00
12.750,3585.89,-60.52,0.114318,445.00,507.044189,4243.82,0.000669,7985.00
12.800,3900.46,-56.94,0.170959,100.00,646.137390,4312.44,0.000788,8480.00
12.850,3484.62,-61.35,0.178843,100.00,580.523987,4110.70,0.000207,7745.00
12.900,2664.96,-67.04,0.182692,100.00,369.402252,4059.58,0.000042,6580.00
12.950,4751.47,-62.06,0.181845,100.00,239.435562,5362.48,0.000155,11485.00
13.000,4368.15,-62.47,0.173727,100.00,247.574646,5140.63,0.000149,10810.00
13.050,2881.56,-65.99,0.156991,100.00,248.476166,3808.50,0.000068,7220.00
13.100,4567.47,-62.57,0.135331,100.00,338.804962,5122.18,0.000229,10835.00
13.150,5715.73,-61.38,0.123426,100.00,214.971008,5429.38,0.000370,12185.00
13.200,3902.88,-63.96,0.116233,100.00,184.546082,4565.85,0.000221,9205.00
13.250,3395.00,-63.82,0.119842,100.00,308.980896,4322.94,0.000237,8270.00
13.300,3509.26,-59.93,0.202040,100.00,863.069458,4839.18,0.000256,9370.00
13.350,2722.17,-62.45,0.251732,85.00,953.867737,4501.79,0.000086,8120.00
13.400,1438.41,-69.40,0.226303,85.00,956.502014,3002.62,0.000015,2080.00
13.450,3523.22,-59.58,0.201391,45.00,777.683594,4293.14,0.000264,8185.00
13.500,3965.80,-57.56,0.179854,85.00,469.680634,4370.93,0.000556,8795.00
13.550,3285.51,-63.27,0.141176,85.00,497.982483,4044.47,0.000188,7610.00
13.600,3617.78,-65.28,0.126997,85.00,349.705872,4765.43,0.000134,9310.00
13.650,5478.03,-61.26,0.119907,85.00,224.693222,5461.56,0.000428,12115.00
13.700,4493.92,-63.17,0.114932,85.00,135.959396,5130.07,0.000278,10910.00
13.750,3045.22,-66.13,0.112826,85.00,222.505829,3906.16,0.000130,7445.00
13.800,3501.02,-60.52,0.165752,90.00,754.476196,4695.37,0.000316,8970.00
13.850,3106.45,-60.52,0.264543,65.00,1009.238647,4672.47,0.000127,8700.00
13.900,1615.81,-68.67,0.266696,65.00,1037.844727,3524.85,0.000014,2350.00
13.950,2812.46,-65.44,0.228824,65.00,782.892822,4645.05,0.000044,8360.00
14.000,4331.98,-61.60,0.204571,65.00,436.882660,5402.59,0.000144,11370.00
14.050,3431.66,-65.64,0.182732,65.00,447.832825,5019.32,0.000061,10000.00
14.100,2496.59,-67.26,0.178804,65.00,365.512726,3836.22,0.000040,6145.00
14.150,4064.42,-57.96,0.183182,65.00,393.117310,4396.33,0.000485,8775.00
14.200,4179.42,-57.84,0.175222,65.00,209.678436,4369.20,0.000539,8905.00
14.250,3085.48,-65.41,0.157759,65.00,380.469360,3888.68,0.000079,6960.00
14.300,4234.53,-64.60,0.141071,65.00,196.525421,5139.58,0.000113,10865.00
14.350,5805.35,-61.81,0.122812,65.00,210.780838,5487.40,0.000310,12335.00
14.400,4234.57,-63.90,0.115596,65.00,189.075180,4807.58,0.000205,10000.00
14.450,3609.41,-65.16,0.118540,65.00,188.042664,4314.33,0.000143,8525.00
14.500,5854.90,-62.17,0.116413,65.00,161.805649,5568.54,0.000332,12485.00
14.550,5595.34,-61.94,0.104645,65.00,156.011353,5360.00,0.000447,11935.00
14.600,3664.12,-65.42,0.097311,65.00,187.907501,4095.43,0.000199,8275.00
14.650,4170.19,-61.79,0.116598,65.00,483.722870,4844.78,0.000413,9995.00
14.700,3901.25,-60.07,0.206126,65.00,785.338623,5017.81,0.000222,10205.00
14.750,2442.50,-66.02,0.221637,65.00,794.000305,4367.55,0.000040,7370.00
14.800,2793.13,-64.86,0.175465,45.00,933.569641,4043.98,0.000075,6820.00
14.850,4109.24,-58.00,0.158049,45.00,617.974670,4395.23,0.000607,8840.00
14.900,4034.46,-59.28,0.130918,395.00,437.955627,4299.63,0.000630,8730.00
14.950,3066.46,-67.25,0.101654,390.00,515.146973,3824.95,0.000113,6980.00
15.000,5501.07,-63.10,0.094811,390.00,194.721863,5369.02,0.000380,11950.00
15.050,6150.80,-61.70,0.088022,590.00,196.012817,5437.64,0.000639,12590.00
15.100,4402.96,-65.27,0.084186,590.00,150.653992,4668.90,0.000278,9760.00
15.150,3995.49,-63.81,0.095497,590.00,284.562836,4643.48,0.000349,9245.00
15.200,3999.74,-59.72,0.174942,65.00,825.402039,5040.10,0.000332,10445.00
15.250,3094.87,-63.05,0.224122,65.00,795.140625,4789.65,0.000085,9010.00
15.300,1631.31,-71.88,0.187843,50.00,956.169556,3596.98,0.000011,3300.00
15.350,4664.80,-63.28,0.153967,45.00,732.631226,5486.71,0.000149,11660.00
15.400,5242.59,-62.63,0.118503,40.00,348.044250,5614.89,0.000294,12335.00
15.450,3602.88,-69.60,0.075629,585.00,446.558197,4978.72,0.000111,9970.00
15.500,3686.59,-61.90,0.089684,585.00,403.755188,4343.21,0.000719,8290.00
15.550,3913.20,-56.78,0.165299,60.00,736.848083,4382.16,0.000880,8750.00
15.600,3783.28,-59.96,0.181842,60.00,633.914429,4277.85,0.000291,8400.00
15.650,2825.49,-67.83,0.178929,60.00,429.106903,3995.89,0.000031,6805.00
15.700,5345.76,-62.77,0.179198,60.00,170.494217,5523.68,0.000119,12150.00
15.750,5411.32,-62.28,0.174801,60.00,142.098190,5470.23,0.000143,12110.00
15.800,3372.00,-65.62,0.165701,60.00,136.710861,4189.59,0.000064,8130.00
15.850,4583.31,-63.45,0.152228,60.00,166.417923,5034.80,0.000141,10700.00
15.900,6313.84,-61.65,0.137759,60.00,182.981689,5436.81,0.000271,12580.00
15.950,4779.52,-63.39,0.123533,60.00,184.870560,4961.03,0.000208,10690.00
16.000,3730.61,-64.74,0.115541,60.00,160.035782,4295.48,0.000185,8525.00
16.050,3891.16,-60.29,0.175665,60.00,877.668213,4985.83,0.000303,9930.00
16.100,3313.97,-61.54,0.266683,65.00,831.961121,4883.00,0.000093,9250.00
16.150,1729.22,-70.06,0.242368,65.00,937.319031,3646.06,0.000010,4420.00
16.200,3598.11,-60.66,0.191024,65.00,764.372314,4362.28,0.000195,8275.00
16.250,4173.48,-57.43,0.165547,70.00,556.060303,4414.32,0.000608,9130.00
16.300,3786.91,-62.06,0.138388,70.00,518.526062,4221.18,0.000235,8430.00
16.350,3658.04,-66.75,0.132767,65.00,401.747589,4672.20,0.000072,9025.00
16.400,6190.39,-61.84,0.121296,65.00,182.654358,5481.02,0.000322,12790.00
16.450,5664.12,-62.80,0.109844,65.00,116.916466,5387.83,0.000300,12225.00
16.500,3483.22,-66.50,0.107182,65.00,192.824753,4043.08,0.000118,8000.00
16.550,3380.52,-61.27,0.154049,65.00,824.747437,4646.50,0.000298,8710.00
16.600,3100.81,-60.04,0.260615,100.00,891.337769,4683.62,0.000152,8685.00
16.650,1964.90,-66.99,0.246535,100.00,934.052002,3957.80,0.000027,5295.00
16.700,2245.43,-67.11,0.217230,100.00,850.711304,4221.99,0.000032,6520.00
16.750,3936.11,-61.55,0.203826,100.00,582.470947,5260.86,0.000149,10870.00
16.800,3584.76,-64.32,0.180890,100.00,443.500610,5123.82,0.000089,10280.00
16.850,2071.61,-69.53,0.160030,100.00,412.797150,3605.51,0.000027,5045.00
16.900,3859.64,-58.95,0.160348,100.00,429.927094,4324.54,0.000502,8445.00
16.950,4151.78,-57.32,0.157759,100.00,272.213318,4334.04,0.000799,8780.00
17.000,3276.73,-63.75,0.141910,100.00,371.824402,3980.14,0.000168,7305.00
17.050,3311.66,-65.39,0.133834,100.00,264.311096,4675.26,0.000121,8860.00
17.100,4775.71,-61.27,0.132587,100.00,338.293640,5375.27,0.000365,11495.00
17.150,4001.71,-62.95,0.127956,440.00,249.299011,4887.13,0.000243,10035.00
17.200,3017.10,-65.63,0.126711,440.00,262.085175,3885.02,0.000117,7410.00
17.250,4786.65,-62.44,0.121401,390.00,231.423599,5351.44,0.000297,11420.00
17.300,5067.46,-61.79,0.117905,195.00,194.943878,5368.07,0.000379,11665.00
17.350,3426.19,-64.83,0.115299,195.00,217.019653,4162.01,0.000176,8130.00
17.400,3738.21,-62.59,0.119941,195.00,397.990509,4634.49,0.000336,8935.00
17.450,3808.07,-59.87,0.191755,70.00,829.356506,4986.50,0.000288,10060.00
17.500,2593.33,-64.57,0.227439,65.00,789.035767,4471.34,0.000059,7775.00
17.550,2076.03,-67.08,0.193041,45.00,903.665100,3636.25,0.000036,5320.00
17.600,3933.45,-58.45,0.171787,45.00,742.547668,4412.48,0.000437,8885.00
17.650,3997.82,-58.46,0.155185,195.00,438.553223,4352.62,0.000536,8870.00
17.700,2910.66,-65.77,0.137736,195.00,563.005310,3810.15,0.000090,6770.00
17.750,4201.13,-64.00,0.141527,195.00,289.736267,5106.80,0.000141,10680.00
17.800,5358.64,-61.41,0.126895,195.00,249.366089,5428.43,0.000348,12100.00
17.850,4252.71,-64.44,0.111979,195.00,234.938492,4859.25,0.000194,10020.00
17.900,3510.16,-65.23,0.111847,195.00,275.601685,4285.69,0.000142,8320.00
17.950,3783.71,-60.43,0.168077,195.00,793.802673,4852.14,0.000249,9730.00
18.000,3094.92,-62.21,0.224668,65.00,804.981445,4697.96,0.000093,8765.00
18.050,1481.66,-71.83,0.197278,50.00,950.049805,3391.04,0.000010,1355.00
18.100,3846.25,-63.77,0.166865,45.00,812.782043,5201.13,0.000128,10655.00
18.150,4402.29,-61.50,0.149952,40.00,456.805328,5382.48,0.000293,11380.00
18.200,2956.79,-67.44,0.130800,585.00,541.354553,4606.60,0.000082,8645.00
18.250,3094.62,-64.04,0.124031,585.00,414.048981,4031.97,0.000211,7020.00
18.300,3824.69,-57.25,0.165911,100.00,702.925354,4298.37,0.000761,8395.00
18.350,3726.21,-58.93,0.184942,100.00,556.556824,4231.29,0.000378,8250.00
18.400,2461.53,-67.33,0.179023,100.00,458.359772,3529.67,0.000039,5825.00
18.450,4211.23,-63.26,0.184079,100.00,333.870453,5182.50,0.000113,10880.00
18.500,4753.01,-61.78,0.180572,100.00,241.241577,5327.27,0.000171,11450.00
18.550,3189.69,-64.81,0.161406,100.00,274.609863,4222.36,0.000092,8040.00
18.600,3717.27,-63.92,0.140737,100.00,353.228333,4627.01,0.000160,9025.00
18.650,5540.65,-61.25,0.131930,100.00,222.958984,5443.59,0.000358,12120.00
18.700,4604.87,-62.62,0.120542,100.00,164.861099,5065.72,0.000293,10735.00
18.750,3270.68,-65.40,0.115347,100.00,189.762421,3979.51,0.000153,7820.00
18.800,3491.30,-60.80,0.173654,100.00,729.540955,4747.16,0.000279,9085.00
18.850,3084.91,-60.71,0.247950,85.00,950.710571,4698.94,0.000145,8660.00
18.900,1630.51,-68.25,0.239633,85.00,978.155884,3454.86,0.000021,2265.00
18.950,2887.64,-62.43,0.210824,45.00,869.668762,4023.50,0.000104,6835.00
19.000,3864.19,-57.80,0.193376,85.00,536.868835,4313.40,0.000422,8705.00
19.050,3600.30,-60.78,0.156456,85.00,488.183868,4161.45,0.000286,8215.00
19.100,2597.96,-67.37,0.135617,85.00,447.551575,3838.66,0.000068,6295.00
19.150,4915.92,-61.86,0.131111,85.00,260.230682,5334.31,0.000304,11500.00
19.200,4860.63,-62.02,0.128964,85.00,168.558716,5321.13,0.000296,11505.00
19.250,3004.38,-66.16,0.129800,85.00,198.062317,3954.73,0.000095,7490.00
19.300,3212.90,-62.20,0.149319,90.00,542.358765,4438.31,0.000248,8035.00
19.350,3233.31,-59.66,0.241858,70.00,1031.532104,4700.69,0.000196,8820.00
19.400,2200.00,-65.04,0.278344,65.00,1039.348755,4139.36,0.000036,6080.00
19.450,1746.19,-68.81,0.243329,65.00,929.013672,3676.96,0.000018,3120.00
19.500,3900.09,-61.95,0.220111,65.00,602.373169,5243.57,0.000119,10920.00
19.550,3953.72,-63.30,0.195872,65.00,435.564423,5292.01,0.000100,10985.00
19.600,1942.75,-70.53,0.189591,65.00,433.320099,3665.73,0.000015,4690.00
19.650,3733.21,-60.10,0.190456,65.00,363.855408,4315.78,0.000242,8355.00
19.700,4186.77,-57.16,0.191585,65.00,234.141785,4376.81,0.000534,8920.00
19.750,3632.05,-62.09,0.170087,65.00,331.684357,4150.04,0.000172,7990.00
19.800,3154.00,-66.83,0.148905,65.00,253.891312,4458.50,0.000062,8120.00
19.850,5594.28,-62.08,0.130675,65.00,236.143539,5492.77,0.000285,12255.00
19.900,5078.09,-62.64,0.119182,65.00,213.636871,5268.15,0.000284,11555.00
19.950,3378.68,-66.03,0.115604,65.00,174.590363,3970.98,0.000114,7865.00
20.000,5124.57,-62.88,0.114525,65.00,206.388397,5366.60,0.000284,11685.00
20.050,5998.56,-61.75,0.111994,65.00,154.399323,5514.87,0.000415,12495.00
20.100,4066.15,-64.10,0.105599,65.00,207.972290,4540.52,0.000255,9280.00
20.150,3909.69,-63.42,0.105503,390.00,268.373779,4560.00,0.000325,9045.00
20.200,4119.51,-59.80,0.179566,65.00,751.506592,5076.03,0.000323,10370.00
20.250,3079.11,-62.93,0.231708,65.00,782.175354,4781.20,0.000085,8935.00
20.300,1840.78,-69.03,0.191235,50.00,949.201782,3492.24,0.000022,4640.00
20.350,3950.94,-59.07,0.163399,45.00,744.263062,4427.67,0.000452,8725.00
20.400,4177.99,-57.79,0.145871,40.00,410.531464,4393.87,0.000792,8960.00
20.450,3468.54,-64.14,0.110376,585.00,535.762512,4031.63,0.000234,7770.00
20.500,4578.63,-65.14,0.095376,590.00,294.626221,5102.81,0.000232,10935.00
20.550,6275.92,-61.44,0.085936,590.00,193.322083,5444.72,0.000747,12765.00
20.600,5109.24,-63.67,0.087499,590.00,118.708885,5148.38,0.000388,11330.00
20.650,3725.04,-66.04,0.092496,590.00,193.807648,4190.90,0.000178,8455.00
20.700,4049.67,-60.50,0.142568,235.00,692.190613,4961.47,0.000401,10300.00
20.750,3478.60,-60.96,0.220460,65.00,843.695251,4916.77,0.000153,9740.00
20.800,1794.25,-70.28,0.205047,50.00,894.378296,3804.91,0.000014,4565.00
20.850,3815.26,-65.35,0.164052,45.00,882.336853,5231.76,0.000080,10705.00
20.900,5292.90,-61.88,0.132608,40.00,403.084595,5657.71,0.000304,12405.00
20.950,4458.65,-66.35,0.088649,45.00,433.814575,5445.78,0.000203,11490.00
21.000,3384.62,-66.30,0.073125,585.00,373.051025,4245.82,0.000289,7785.00
21.050,3882.22,-57.58,0.142255,65.00,688.104797,4376.04,0.000891,8715.00
21.100,3821.68,-58.01,0.185156,60.00,629.105957,4316.67,0.000469,8535.00
21.150,2977.04,-66.20,0.179579,60.00,586.390808,3845.30,0.000048,6900.00
21.200,4551.24,-64.29,0.179141,60.00,222.250717,5322.31,0.000085,11310.00
21.250,5714.34,-61.92,0.177020,60.00,155.370560,5543.92,0.000164,12360.00
21.300,3931.85,-64.27,0.169232,60.00,132.790985,4732.93,0.000094,9405.00
21.350,3603.53,-64.89,0.158160,60.00,164.932434,4409.04,0.000090,8605.00
21.400,5883.69,-61.74,0.144578,60.00,205.228424,5412.29,0.000243,12300.00
21.450,5428.58,-62.40,0.130652,60.00,175.265442,5280.83,0.000247,11775.00
21.500,3566.41,-65.68,0.124840,60.00,178.868256,4047.48,0.000111,8210.00
21.550,3725.82,-61.64,0.147685,60.00,587.749390,4774.77,0.000298,9300.00
21.600,3492.44,-60.28,0.251771,65.00,1027.651001,4890.80,0.000151,9495.00
21.650,2151.02,-66.99,0.267843,65.00,866.106079,4128.98,0.000022,6305.00
21.700,2676.81,-64.01,0.212004,65.00,845.139526,3996.87,0.000075,6475.00
21.750,3849.58,-57.70,0.191416,70.00,720.506836,4365.60,0.000501,8645.00
21.800,3812.08,-59.66,0.167650,70.00,511.057465,4269.51,0.000366,8505.00
21.850,2682.47,-67.66,0.153405,65.00,526.842407,3745.86,0.000045,6380.00
21.900,5175.06,-62.79,0.143084,65.00,223.394379,5405.08,0.000193,11815.00
21.950,5694.22,-61.82,0.131963,65.00,154.089752,5473.21,0.000291,12365.00
22.000,3605.84,-65.35,0.125583,65.00,211.366531,4379.63,0.000125,8505.00
22.050,3362.00,-63.15,0.125632,65.00,505.619995,4429.92,0.000249,8165.00
22.100,3479.47,-59.71,0.224536,100.00,1049.999390,4816.36,0.000209,9330.00
22.150,2570.07,-63.52,0.253996,100.00,853.043335,4430.45,0.000063,7450.00
22.200,1369.84,-70.38,0.219901,100.00,907.684570,3188.06,0.000014,1245.00
22.250,3698.45,-62.37,0.203193,100.00,711.160828,5134.47,0.000126,10320.00
22.300,4167.88,-62.46,0.175233,100.00,411.314850,5353.85,0.000159,11155.00
22.350,2282.16,-69.43,0.147001,100.00,472.637573,4091.44,0.000036,6475.00
22.400,3542.26,-61.53,0.143307,100.00,395.696533,4238.74,0.000297,8020.00
22.450,4233.58,-57.02,0.149396,100.00,319.408081,4361.41,0.000918,8925.00
22.500,3761.29,-60.52,0.134620,100.00,304.047638,4183.63,0.000435,8245.00
22.550,2442.85,-67.32,0.128539,100.00,306.706879,3758.36,0.000083,5860.00
22.600,4694.89,-62.09,0.126134,100.00,256.833313,5320.45,0.000332,11350.00
22.650,4730.77,-61.95,0.117083,100.00,243.189529,5244.54,0.000393,11300.00
22.700,3102.61,-65.42,0.112933,100.00,229.405914,3929.25,0.000161,7545.00
22.750,4222.46,-63.19,0.105799,195.00,194.849365,4966.86,0.000341,10270.00
22.800,5572.83,-61.56,0.102013,490.00,209.489853,5465.92,0.000554,12220.00
22.850,3982.17,-63.25,0.108271,490.00,217.030319,4651.56,0.000317,9345.00
22.900,3448.03,-64.27,0.106095,490.00,222.421646,4183.66,0.000253,8120.00
22.950,3967.60,-60.13,0.155431,195.00,729.727844,4933.26,0.000377,10075.00
23.000,3222.69,-61.92,0.217944,65.00,804.703796,4770.59,0.000123,9035.00
23.050,1629.90,-69.81,0.195414,50.00,858.450500,3350.68,0.000018,3280.00
23.100,3773.75,-60.12,0.162752,45.00,845.009644,4401.22,0.000341,8645.00
23.150,4280.33,-57.43,0.145808,40.00,428.536926,4436.04,0.000864,9280.00
23.200,3739.70,-62.42,0.105601,195.00,514.004456,4174.94,0.000415,8200.00
23.250,3681.61,-66.16,0.100062,195.00,367.143860,4670.62,0.000162,8995.00
23.300,5907.52,-61.41,0.089941,195.00,197.580780,5438.61,0.000687,12505.00
23.350,5259.22,-62.76,0.079766,195.00,186.625320,5290.36,0.000626,11785.00
23.400,3628.81,-66.34,0.075985,195.00,190.433945,4069.93,0.000261,8175.00
23.450,3881.32,-60.99,0.124245,195.00,584.193054,4832.72,0.000442,9595.00
23.500,3412.79,-60.17,0.213475,70.00,879.513733,4816.75,0.000201,9220.00
23.550,2009.90,-67.68,0.220083,55.00,886.611694,3903.92,0.000027,5205.00
23.600,2893.98,-66.48,0.189104,45.00,901.577881,4609.09,0.000048,8405.00
23.650,4579.63,-61.36,0.168418,45.00,521.564758,5384.13,0.000230,11520.00
23.700,3952.27,-64.36,0.133600,875.00,472.687805,5143.56,0.000167,10695.00
23.750,2692.68,-68.83,0.107353,875.00,455.920258,3839.89,0.000073,6510.00
23.800,3879.31,-58.49,0.142074,875.00,587.019165,4307.71,0.000726,8445.00
23.850,3962.08,-57.55,0.182037,100.00,573.744751,4299.09,0.000556,8600.00
23.900,3218.56,-64.45,0.175719,100.00,530.702209,3939.48,0.000085,7205.00
23.950,3794.58,-65.18,0.173741,100.00,199.892654,4932.03,0.000070,10000.00
24.000,5267.78,-61.67,0.170887,100.00,198.331314,5445.75,0.000186,11945.00
24.050,4002.89,-63.43,0.161539,100.00,183.731964,4850.60,0.000132,9960.00
24.100,3180.32,-65.47,0.146270,100.00,213.823883,4060.30,0.000096,7830.00
24.150,5380.70,-61.49,0.133587,100.00,210.470520,5415.58,0.000324,11805.00
24.200,5605.59,-61.62,0.122579,100.00,130.900116,5415.83,0.000355,12110.00
24.250,3593.07,-65.15,0.116436,100.00,137.793762,4170.71,0.000151,8345.00
24.300,3533.09,-62.33,0.139513,100.00,502.505920,4605.99,0.000255,8765.00
24.350,3400.59,-59.97,0.225429,85.00,930.725586,4819.60,0.000197,9235.00
24.400,2413.44,-65.30,0.242397,85.00,952.921875,4323.16,0.000040,7235.00
24.450,2310.71,-66.25,0.205544,45.00,917.002136,3795.41,0.000039,5675.00
24.500,3922.44,-58.17,0.190341,45.00,632.696350,4419.98,0.000400,8780.00
24.550,4005.84,-58.65,0.162586,85.00,382.039032,4372.39,0.000478,8890.00
24.600,2907.97,-66.48,0.131250,85.00,484.405701,3788.91,0.000083,6780.00
24.650,4690.01,-63.49,0.128618,85.00,210.218643,5269.57,0.000207,11280.00
24.700,5593.10,-61.47,0.125920,85.00,122.865891,5494.73,0.000369,12250.00
24.750,3800.57,-64.61,0.126857,85.00,156.084625,4677.20,0.000155,9255.00
24.800,3136.77,-64.43,0.133077,90.00,272.360901,4178.17,0.000155,7700.00
24.850,3397.05,-59.80,0.201924,70.00,924.604919,4720.45,0.000259,8955.00
24.900,2859.53,-62.25,0.271732,65.00,1027.677002,4599.35,0.000075,8205.00
24.950,1391.53,-71.74,0.240077,65.00,979.307922,3300.50,0.000007,1235.00
25.000,3818.28,-63.35,0.205526,65.00,676.295044,5215.79,0.000090,10775.00
25.050,4656.97,-62.09,0.183144,65.00,343.042297,5530.67,0.000154,11720.00
25.100,3139.52,-68.82,0.170130,65.00,424.151550,4883.30,0.000029,9295.00
25.150,3483.97,-63.28,0.171682,65.00,316.266541,4263.71,0.000119,7980.00
25.200,4245.78,-57.12,0.180387,65.00,336.715210,4388.99,0.000584,9005.00
25.250,4175.65,-59.40,0.159569,65.00,224.707886,4317.45,0.000390,8835.00
25.300,2967.17,-67.92,0.139486,65.00,291.538696,3917.35,0.000047,6860.00
25.350,5523.62,-63.07,0.129768,65.00,127.799431,5514.03,0.000209,12210.00
25.400,5891.14,-61.98,0.120005,65.00,119.978081,5490.77,0.000326,12440.00
25.450,3824.06,-65.12,0.110490,65.00,159.647659,4369.85,0.000168,8815.00
25.500,4537.36,-63.97,0.105760,65.00,120.149933,4954.00,0.000246,10445.00
25.550,6666.99,-62.07,0.099092,65.00,137.987808,5553.14,0.000472,13080.00
25.600,5200.19,-62.80,0.093657,65.00,125.049118,5102.95,0.000439,11195.00
25.650,3817.53,-65.29,0.089469,65.00,126.057236,4166.71,0.000244,8435.00
25.700,4285.33,-60.59,0.138994,65.00,678.638733,5027.73,0.000412,10475.00
25.750,3615.17,-61.11,0.222650,65.00,845.529663,4982.41,0.000141,9970.00
25.800,1909.68,-69.46,0.205395,50.00,876.127197,3880.41,0.000016,5310.00
25.850,3598.96,-61.58,0.165703,45.00,866.595520,4374.60,0.000211,8155.00
25.900,4294.75,-57.46,0.149411,40.00,475.582947,4436.30,0.000788,9165.00
25.950,4018.01,-61.21,0.107457,585.00,468.798370,4265.80,0.000540,8660.00
26.000,3742.21,-67.40,0.083667,590.00,418.085449,4483.61,0.000164,8730.00
26.050,6337.49,-62.08,0.085162,590.00,122.693901,5434.35,0.000648,12790.00
26.100,5922.61,-62.45,0.089037,590.00,125.220650,5408.45,0.000528,12365.00
26.150,3862.78,-66.46,0.091921,590.00,120.532417,4216.24,0.000161,8585.00
26.200,4136.30,-61.96,0.114914,590.00,486.458893,4869.69,0.000412,10100.00
26.250,3804.32,-59.93,0.206050,65.00,895.917419,4998.31,0.000232,10215.00
26.300,2570.34,-66.15,0.220742,65.00,808.635925,4490.03,0.000037,7950.00
26.350,2914.51,-68.83,0.169563,45.00,967.133484,4760.68,0.000029,8585.00
26.400,5591.44,-62.25,0.133621,45.00,575.178284,5658.18,0.000262,12660.00
26.450,5808.60,-64.05,0.085611,40.00,390.196198,5680.42,0.000387,12795.00
26.500,4356.55,-70.75,0.029134,585.00,423.728577,4832.96,0.000480,10110.00
26.550,4133.57,-59.34,0.090004,65.00,510.286194,4447.70,0.001351,9055.00
26.600,4090.30,-57.02,0.161716,60.00,615.816895,4402.75,0.000804,8995.00
26.650,3875.81,-62.69,0.163864,60.00,613.449829,4229.30,0.000152,8495.00
26.700,4281.63,-66.52,0.163729,60.00,233.382370,5060.52,0.000047,10565.00
26.750,6492.23,-62.23,0.165443,60.00,89.540154,5569.27,0.000143,13080.00
26.800,5324.09,-63.08,0.161263,60.00,86.310448,5329.71,0.000125,11775.00
26.850,3442.97,-66.10,0.152605,60.00,148.719757,4058.27,0.000065,8070.00
26.900,5659.14,-62.24,0.139788,60.00,179.192032,5340.32,0.000226,11945.00
26.950,6617.75,-61.77,0.125160,60.00,144.756317,5391.41,0.000316,12750.00
27.000,4398.16,-64.70,0.112931,60.00,151.526199,4527.24,0.000173,9625.00
27.050,3947.56,-63.49,0.112887,60.00,315.273010,4603.88,0.000263,9150.00
27.100,3792.42,-60.18,0.210082,65.00,1041.376831,4959.27,0.000202,9920.00
27.150,2941.49,-63.92,0.268677,65.00,766.746643,4706.42,0.000044,8655.00
27.200,2100.65,-68.48,0.219833,65.00,915.207947,3713.71,0.000018,5530.00
27.250,3894.57,-58.79,0.183251,45.00,745.782410,4379.99,0.000380,8705.00
27.300,4128.95,-58.02,0.159229,70.00,478.769257,4358.77,0.000614,8995.00
27.350,3388.99,-65.07,0.145795,65.00,581.838196,4013.70,0.000099,7705.00
27.400,4657.40,-64.76,0.151705,65.00,313.805237,5222.67,0.000098,11285.00
27.450,6058.07,-61.53,0.150824,65.00,164.705811,5511.50,0.000235,12780.00
27.500,4571.04,-63.93,0.142297,65.00,158.401978,5061.32,0.000139,10800.00
27.550,3209.57,-65.60,0.123367,65.00,327.968475,4073.70,0.000128,7760.00
27.600,3532.81,-60.20,0.185302,100.00,1100.171021,4773.05,0.000277,9270.00
27.650,3000.78,-61.22,0.260212,100.00,782.273438,4653.78,0.000109,8550.00
27.700,1597.64,-68.96,0.224236,100.00,978.863464,3315.74,0.000018,3175.00
27.750,3313.58,-63.65,0.201364,100.00,790.174988,4829.88,0.000081,9185.00
27.800,4722.79,-61.44,0.173589,100.00,396.077484,5477.48,0.000188,11705.00
27.850,3634.62,-66.32,0.146158,100.00,413.440796,5057.37,0.000072,10145.00
27.900,3242.83,-65.47,0.132975,100.00,349.813873,4168.70,0.000112,7685.00
27.950,4243.84,-57.66,0.145377,100.00,378.153229,4381.79,0.000794,8905.00
28.000,4269.38,-58.50,0.132872,100.00,193.769730,4325.07,0.000746,8925.00
28.050,2955.96,-66.28,0.115119,100.00,309.812103,3722.90,0.000113,6745.00
28.100,4602.02,-63.03,0.107000,100.00,160.576599,5118.92,0.000328,11060.00
28.150,5554.97,-61.25,0.101763,100.00,181.080658,5367.84,0.000581,12105.00
28.200,3868.18,-64.09,0.097330,100.00,171.033188,4504.89,0.000301,9040.00
28.250,3860.50,-64.45,0.092297,100.00,124.539642,4498.97,0.000311,8965.00
28.300,5856.99,-61.80,0.087608,195.00,167.652313,5513.84,0.000684,12500.00
28.350,5133.05,-62.22,0.084428,195.00,152.211349,5184.56,0.000648,11360.00
28.400,3476.67,-65.35,0.085560,195.00,150.200439,3939.99,0.000269,7905.00
28.450,4001.95,-61.01,0.117189,195.00,562.303040,4801.23,0.000512,9710.00
28.500,3574.08,-60.35,0.204077,70.00,842.903625,4864.24,0.000213,9590.00
28.550,2098.36,-67.37,0.208447,55.00,808.383972,3977.96,0.000032,5680.00
28.600,3113.22,-63.16,0.167098,45.00,892.462219,4178.63,0.000142,7490.00
28.650,4226.28,-57.48,0.150328,45.00,559.924683,4425.36,0.000769,9225.00
28.700,4050.42,-59.87,0.114471,195.00,454.499512,4296.66,0.000690,8800.00
28.750,2904.84,-67.38,0.094511,195.00,457.283936,3802.88,0.000132,6620.00
28.800,4743.00,-61.93,0.107237,195.00,361.401611,5175.24,0.000467,11130.00
28.850,4778.16,-61.48,0.134945,885.00,418.632904,5208.47,0.000336,11345.00
28.900,3631.33,-65.52,0.112755,885.00,350.203979,4247.54,0.000151,8400.00
28.950,3767.15,-63.08,0.109023,885.00,419.803528,4589.03,0.000333,8905.00
29.000,3708.51,-59.78,0.186693,70.00,875.673889,4892.06,0.000293,9745.00
29.050,2758.85,-64.22,0.216010,60.00,790.646790,4545.63,0.000067,8225.00
29.100,1973.24,-70.05,0.177003,45.00,936.752625,3874.94,0.000020,4865.00
29.150,4767.59,-62.09,0.146285,45.00,651.549866,5477.66,0.000227,11750.00
29.200,4917.49,-62.49,0.109896,40.00,378.564880,5510.58,0.000372,11995.00
29.250,3137.53,-70.23,0.071368,195.00,450.742859,4541.50,0.000105,8725.00
29.300,3848.79,-60.80,0.092382,585.00,455.349915,4341.46,0.000889,8435.00
29.350,3988.39,-56.95,0.168085,100.00,675.064758,4346.01,0.000779,8715.00
29.400,3506.36,-61.12,0.190498,100.00,561.598694,4122.92,0.000185,7785.00
29.450,2683.60,-67.23,0.185493,100.00,367.795746,4006.90,0.000036,6540.00
29.500,4889.03,-62.12,0.184641,100.00,197.462006,5353.22,0.000137,11565.00
29.550,4483.97,-62.33,0.180944,100.00,204.980728,5157.13,0.000136,11015.00
29.600,2904.50,-65.90,0.166182,100.00,216.807388,3813.72,0.000062,7250.00
29.650,4454.15,-62.64,0.147940,100.00,251.149521,5063.72,0.000201,10660.00
29.700,5750.56,-61.36,0.133739,100.00,189.166824,5424.67,0.000338,12205.00
29.750,4049.77,-63.89,0.125118,100.00,134.204315,4634.63,0.000193,9485.00
29.800,3445.79,-63.97,0.123308,100.00,275.776123,4313.34,0.000207,8285.00
29.850,3617.24,-59.92,0.195112,100.00,823.993164,4896.42,0.000269,9535.00
29.900,2973.97,-62.27,0.244872,85.00,937.500244,4709.26,0.000090,8620.00
29.950,1597.76,-69.98,0.215365,85.00,922.687195,3340.48,0.000013,3530.00
30.000,3702.19,-59.82,0.190584,45.00,759.111755,4383.38,0.000265,8465.00
30.050,4127.83,-57.56,0.173024,85.00,395.346100,4416.86,0.000588,9075.00
30.100,3567.07,-63.15,0.132443,85.00,476.805450,4152.63,0.000219,8110.00
30.150,4016.16,-65.65,0.117705,85.00,307.906311,4908.78,0.000136,10080.00
30.200,6004.19,-61.40,0.111758,85.00,113.825935,5488.44,0.000464,12445.00
30.250,4971.01,-63.04,0.107791,85.00,105.917976,5268.65,0.000318,11480.00
30.300,3231.85,-66.48,0.107163,85.00,136.312500,3979.40,0.000125,7785.00
30.350,3332.67,-62.78,0.152870,90.00,695.924377,4970.67,0.000213,9950.00
30.400,2805.23,-61.89,0.257683,65.00,1035.616699,4591.69,0.000098,8380.00
30.450,1821.79,-67.17,0.265297,65.00,995.308350,3097.17,0.000022,2775.00
30.500,2556.06,-65.65,0.217708,65.00,804.448853,4095.48,0.000045,5000.00
30.550,4200.00,-62.71,0.191301,65.00,489.617554,5397.01,0.000112,11550.00
30.600,3622.49,-66.43,0.169903,65.00,414.163025,5157.92,0.000052,10735.00
30.650,2513.65,-69.24,0.168622,65.00,353.587860,4020.15,0.000025,6135.00
30.700,4004.01,-60.26,0.170888,65.00,290.414001,4641.79,0.000293,9605.00
30.750,3794.23,-59.38,0.169142,65.00,304.634125,4317.66,0.000393,8490.00
30.800,2574.19,-65.86,0.162412,65.00,354.423004,3118.46,0.000075,4545.00
30.850,3401.86,-64.48,0.145835,65.00,319.479187,4409.74,0.000130,8830.00
30.900,4923.79,-62.64,0.130286,65.00,307.598175,5452.14,0.000239,12120.00
30.950,4006.77,-66.99,0.117250,65.00,205.902069,5160.77,0.000094,10900.00
31.000,2944.73,-70.62,0.112084,65.00,157.526276,4537.76,0.000042,8785.00
31.050,5469.52,-63.97,0.106000,65.00,133.145401,5799.13,0.000266,12940.00
31.100,4408.02,-63.60,0.107304,65.00,247.324722,5198.01,0.000312,11425.00
31.150,2174.93,-70.98,0.110529,65.00,203.957504,3082.02,0.000042,2750.00
31.200,3257.77,-64.67,0.119059,65.00,508.543579,4740.44,0.000203,9315.00
31.250,3365.42,-62.59,0.206707,65.00,826.863098,5127.53,0.000116,10610.00
31.300,2115.28,-68.24,0.226414,65.00,781.013428,4271.18,0.000021,4840.00
31.350,2364.98,-67.48,0.177078,45.00,994.203308,3985.34,0.000040,5195.00
31.400,3904.06,-59.68,0.159386,45.00,585.443237,4588.27,0.000389,9245.00
31.450,3658.85,-60.65,0.132131,40.00,448.239563,4287.10,0.000448,8020.00
31.500,2444.42,-68.67,0.098789,590.00,520.550842,3073.02,0.000088,4550.00
31.550,4934.10,-64.48,0.089673,590.00,250.703583,5418.92,0.000331,12155.00
31.600,6449.22,-63.90,0.080480,590.00,153.026245,5873.96,0.000457,13640.00
31.650,4670.23,-70.10,0.066917,590.00,133.437454,5558.16,0.000126,12180.00
31.700,1028.20,-76.13,0.067182,590.00,263.440430,1976.44,0.000006,1810.00
31.750,711.37,-74.14,0.161122,65.00,828.056091,1436.71,0.000001,1520.00
31.800,683.67,-74.70,0.223033,65.00,810.553467,1201.14,0.000000,1710.00
31.850,773.70,-75.77,0.182718,50.00,969.447571,1032.17,0.000000,1785.00
31.900,743.46,-76.71,0.141053,45.00,753.859131,1009.81,0.000000,1805.00
31.950,623.45,-77.40,0.100540,40.00,347.362518,989.97,0.000000,1770.00
32.000,671.29,-77.96,0.043448,45.00,436.094238,1012.22,0.000000,1655.00
32.050,492.93,-77.60,0.044430,65.00,308.605103,814.61,0.000000,1030.00
32.100,440.23,-76.58,0.125406,60.00,614.296448,808.63,0.000000,880.00
32.150,731.03,-76.08,0.161821,60.00,555.604553,967.72,0.000000,1785.00
32.200,925.83,-76.65,0.164660,60.00,334.452393,1024.61,0.000000,1915.00
32.250,674.04,-77.45,0.164099,60.00,107.757881,982.12,0.000000,1795.00
32.300,487.95,-78.02,0.162909,60.00,64.276436,905.60,0.000000,1510.00
32.350,437.91,-77.93,0.154590,60.00,77.170486,859.17,0.000000,920.00
32.400,523.48,-77.69,0.140759,60.00,119.483841,891.92,0.000000,1160.00
32.450,732.94,-77.11,0.126855,60.00,110.358971,1028.46,0.000000,1795.00
32.500,1047.97,-76.64,0.115178,60.00,122.467773,1093.59,0.000000,2020.00
32.550,1221.96,-75.79,0.104944,60.00,154.049316,2247.28,0.000004,2065.00
32.600,963.73,-73.83,0.165679,60.00,845.979797,2534.03,0.000009,1530.00
32.650,684.83,-74.43,0.261433,65.00,841.100342,2074.71,0.000002,590.00
32.700,573.81,-75.51,0.241109,65.00,930.187561,1546.99,0.000000,590.00
32.750,843.38,-74.80,0.184699,65.00,735.675354,1800.87,0.000000,1595.00
32.800,1123.26,-73.91,0.145804,70.00,521.102600,1951.33,0.000000,2400.00
32.850,1505.75,-73.30,0.125117,70.00,424.705261,2177.35,0.000002,3130.00
32.900,2099.37,-72.52,0.126860,65.00,374.531281,2907.39,0.000008,5000.00
32.950,2848.46,-71.08,0.126461,65.00,189.509689,3652.07,0.000018,6500.00
33.000,3101.26,-70.13,0.131819,65.00,211.143936,3840.78,0.000023,7195.00
33.050,2887.43,-69.21,0.131033,65.00,206.947693,3813.04,0.000035,6940.00
33.100,3287.66,-61.45,0.153171,65.00,867.944397,4586.61,0.000301,8395.00
33.150,3176.84,-59.64,0.256374,100.00,903.640686,4685.14,0.000174,8715.00
33.200,2187.62,-65.57,0.239839,100.00,932.687134,4002.92,0.000039,5700.00
33.250,2422.58,-66.55,0.204815,100.00,849.221680,4172.86,0.000038,6540.00
33.300,4437.65,-61.42,0.184285,100.00,508.630463,5338.17,0.000174,11315.00
33.350,4110.72,-63.57,0.156478,100.00,374.052979,5217.69,0.000137,10905.00
33.400,2467.31,-69.27,0.134970,100.00,394.282745,3765.26,0.000038,5885.00
33.450,4061.00,-59.10,0.139528,100.00,376.614014,4367.26,0.000628,8710.00
33.500,4320.59,-57.23,0.141077,100.00,208.013763,4364.51,0.001010,9020.00
33.550,3644.67,-63.25,0.120183,100.00,352.582367,4057.42,0.000251,7820.00
33.600,3912.25,-65.46,0.108948,100.00,183.560410,4801.70,0.000167,9900.00
33.650,5788.81,-61.40,0.105620,100.00,176.626099,5436.42,0.000508,12350.00
33.700,4742.86,-62.83,0.098050,100.00,142.549683,5049.19,0.000395,10975.00
33.750,3451.06,-65.71,0.094154,100.00,166.127441,3971.96,0.000194,7885.00
33.800,5579.20,-62.51,0.087208,195.00,146.349716,5372.03,0.000506,12145.00
33.850,5872.27,-61.64,0.085533,195.00,114.082321,5342.52,0.000674,12290.00
33.900,3876.75,-64.63,0.084254,195.00,154.383163,4214.10,0.000333,8680.00
33.950,3998.06,-62.69,0.094189,195.00,344.691620,4595.94,0.000487,9230.00
34.000,3948.75,-59.78,0.177331,70.00,810.417969,4971.31,0.000319,10145.00
34.050,2851.34,-63.97,0.215535,65.00,769.455505,4573.98,0.000071,8280.00
34.100,2251.48,-67.47,0.177913,45.00,878.159973,3723.15,0.000041,5600.00
34.150,4127.05,-58.50,0.155241,45.00,729.454712,4433.54,0.000603,9120.00
34.200,4222.39,-58.18,0.130032,40.00,381.395782,4364.28,0.000912,9135.00
34.250,3338.67,-65.42,0.090699,195.00,518.002808,3880.04,0.000237,7385.00
34.300,4581.87,-63.88,0.089849,195.00,264.435822,5042.93,0.000377,10875.00
34.350,5332.00,-60.92,0.104769,885.00,366.011047,5277.24,0.000617,11865.00
34.400,4346.40,-64.00,0.109233,885.00,275.686859,4766.40,0.000244,10030.00
34.450,3676.42,-65.21,0.108684,885.00,216.501740,4221.16,0.000184,8345.00
34.500,3835.93,-60.06,0.168131,885.00,765.027710,4874.64,0.000336,9730.00
34.550,3128.57,-61.53,0.230392,65.00,822.960938,4694.37,0.000124,8685.00
34.600,1616.64,-70.84,0.204818,50.00,944.269836,3354.35,0.000012,2290.00
34.650,3921.72,-63.78,0.169902,45.00,820.547607,5143.60,0.000108,10675.00
34.700,4771.50,-61.32,0.139210,40.00,396.738678,5419.64,0.000318,11710.00
34.750,3556.76,-66.74,0.100524,875.00,479.756195,4830.55,0.000149,9815.00
34.800,3341.31,-64.45,0.091473,585.00,386.262970,4089.09,0.000337,7350.00
34.850,3941.74,-57.37,0.149921,100.00,669.397400,4311.52,0.000872,8495.00
34.900,3804.56,-58.88,0.180221,100.00,536.240601,4225.71,0.000394,8325.00
34.950,2607.07,-67.09,0.175361,100.00,451.744446,3549.84,0.000039,6085.00
35.000,4400.46,-63.39,0.173353,100.00,196.461594,5179.11,0.000112,11045.00
35.050,4958.19,-61.68,0.167446,100.00,187.469803,5323.19,0.000193,11555.00
35.100,3291.89,-64.60,0.156750,100.00,198.874222,4253.48,0.000105,8170.00
35.150,3569.41,-63.95,0.143964,100.00,244.046051,4475.96,0.000152,8720.00
35.200,5443.90,-61.07,0.133593,100.00,203.987839,5362.87,0.000359,11845.00
35.250,4585.63,-62.36,0.125414,100.00,179.687561,5015.06,0.000289,10680.00
35.300,3142.00,-65.31,0.125078,100.00,183.381287,3849.77,0.000133,7495.00
35.350,3432.58,-60.78,0.173896,100.00,682.913330,4654.90,0.000273,8775.00
35.400,3142.15,-60.57,0.245590,85.00,947.749634,4688.43,0.000147,8710.00
35.450,1796.23,-68.17,0.238464,85.00,933.789001,3635.21,0.000019,3735.00
35.500,2967.43,-62.59,0.205638,45.00,859.062317,4102.02,0.000113,6950.00
35.550,3979.15,-57.44,0.192390,85.00,530.465454,4401.10,0.000499,8840.00
35.600,3658.69,-60.17,0.160549,85.00,464.419373,4225.31,0.000344,8315.00
35.650,2602.75,-67.37,0.136679,85.00,469.972015,3771.32,0.000066,6185.00
35.700,5156.09,-62.02,0.126946,85.00,243.715027,5332.63,0.000302,11650.00
35.750,5290.64,-61.95,0.118956,85.00,190.138138,5358.38,0.000345,11800.00
35.800,3260.11,-65.98,0.120444,85.00,181.721970,4075.68,0.000115,7855.00
35.850,3353.91,-62.33,0.140183,90.00,466.821899,4500.63,0.000263,8295.00
35.900,3294.02,-59.69,0.236661,70.00,1021.393555,4729.85,0.000200,8895.00
35.950,2318.53,-64.84,0.277950,65.00,1025.636230,4215.43,0.000036,6450.00
36.000,1810.40,-69.35,0.235036,65.00,911.325500,3716.11,0.000015,3750.00
36.050,4017.49,-62.03,0.211336,65.00,631.965210,5240.42,0.000124,10985.00
36.100,4113.31,-63.09,0.193966,65.00,416.636627,5283.28,0.000106,11075.00
36.150,2137.56,-70.49,0.188781,65.00,410.039795,3800.30,0.000015,5495.00
36.200,3786.57,-60.18,0.187532,65.00,336.543427,4319.78,0.000246,8365.00
36.250,4255.18,-57.01,0.184013,65.00,251.100296,4383.70,0.000608,8960.00
36.300,3793.06,-61.74,0.161043,65.00,300.132019,4175.37,0.000206,8165.00
36.350,3196.15,-66.88,0.146104,65.00,221.455383,4385.88,0.000061,7960.00
36.400,5497.37,-61.91,0.135501,65.00,159.994781,5435.30,0.000262,12150.00
36.450,4995.64,-62.47,0.121982,65.00,155.880966,5220.04,0.000274,11490.00
36.500,3366.42,-65.85,0.113285,65.00,171.964294,3948.62,0.000128,7830.00
36.550,5096.90,-62.84,0.108381,65.00,152.255661,5290.58,0.000335,11520.00
36.600,6138.66,-61.72,0.101190,65.00,126.583817,5450.45,0.000520,12495.00
36.650,4255.61,-63.94,0.094897,65.00,139.352142,4554.60,0.000312,9520.00
36.700,3879.32,-63.53,0.096054,65.00,252.298203,4465.49,0.000380,8835.00
36.750,4078.34,-59.73,0.170846,65.00,750.895813,5022.76,0.000363,10305.00
36.800,3110.97,-62.58,0.229510,65.00,791.984680,4749.92,0.000095,8890.00
36.850,1822.13,-69.23,0.191706,50.00,929.551636,3446.69,0.000020,4400.00
36.900,3911.44,-59.41,0.162298,45.00,745.700745,4438.69,0.000400,8710.00
36.950,4219.24,-57.82,0.140444,40.00,396.161041,4424.94,0.000811,9085.00
37.000,3601.00,-63.76,0.096663,590.00,514.942993,4074.99,0.000325,7975.00
37.050,4479.31,-65.24,0.085993,590.00,303.042175,4987.81,0.000275,10710.00
37.100,6152.83,-61.45,0.088381,590.00,119.927795,5402.49,0.000717,12590.00
37.150,5011.03,-63.44,0.089488,590.00,116.285355,5113.58,0.000408,11255.00
37.200,3611.92,-66.02,0.092136,590.00,161.041061,4109.95,0.000189,8200.00
37.250,4030.32,-60.40,0.144299,590.00,673.311218,4945.04,0.000402,10250.00
37.300,3497.30,-60.60,0.224658,65.00,862.498718,4914.58,0.000161,9720.00
37.350,1891.66,-69.47,0.208386,50.00,894.173523,3827.83,0.000016,4685.00
37.400,3836.53,-65.37,0.161326,45.00,907.199463,5180.06,0.000082,10620.00
37.450,5544.33,-61.68,0.123971,40.00,437.898743,5634.96,0.000354,12595.00
37.500,5091.12,-65.90,0.070374,45.00,437.845947,5500.20,0.000346,12105.00
37.550,3857.10,-66.75,0.038225,520.00,378.238983,4350.83,0.000968,8515.00
37.600,4073.78,-57.59,0.121582,65.00,640.940247,4432.38,0.001313,8945.00
37.650,4037.40,-57.74,0.168300,60.00,573.805176,4382.27,0.000645,8870.00
37.700,3369.98,-65.82,0.165449,60.00,584.116028,3977.86,0.000062,7505.00
37.750,4880.00,-64.40,0.166742,60.00,151.379059,5334.23,0.000078,11540.00
37.800,6045.18,-61.81,0.166103,60.00,95.194313,5499.59,0.000158,12695.00
37.850,4180.21,-64.14,0.160497,60.00,127.008667,4774.96,0.000095,9860.00
37.900,3706.03,-64.92,0.149809,60.00,135.837570,4355.51,0.000098,8625.00
37.950,6016.40,-61.45,0.135688,60.00,170.830399,5357.78,0.000297,12340.00
38.000,5644.84,-62.04,0.121506,60.00,136.736115,5238.40,0.000317,11940.00
38.050,3712.75,-65.56,0.112723,60.00,155.904419,4018.23,0.000137,8285.00
38.100,3860.27,-61.44,0.133481,60.00,565.712952,4829.04,0.000353,9490.00
38.150,3598.95,-60.07,0.241900,65.00,1040.604736,4930.89,0.000159,9675.00
38.200,2358.65,-66.17,0.260995,65.00,852.533081,4199.28,0.000026,6810.00
38.250,2841.71,-64.35,0.204546,65.00,835.896545,4021.75,0.000065,6800.00
38.300,4088.91,-57.77,0.175100,70.00,678.870056,4382.29,0.000525,8865.00
38.350,4091.21,-59.34,0.139550,70.00,412.583588,4304.38,0.000526,8845.00
38.400,3051.83,-67.24,0.127673,65.00,533.906250,3799.93,0.000070,6850.00
38.450,5322.13,-62.43,0.126746,65.00,233.354599,5303.04,0.000268,11845.00
38.500,5764.78,-61.20,0.118808,65.00,114.722221,5377.90,0.000427,12345.00
38.550,3939.87,-65.01,0.106786,65.00,184.803055,4435.25,0.000191,8985.00
38.600,3350.79,-63.18,0.114848,65.00,453.198914,4356.07,0.000308,8075.00
38.650,3409.95,-59.44,0.225153,100.00,1053.192017,4753.89,0.000233,9165.00
38.700,2654.53,-62.93,0.255335,100.00,837.657471,4439.30,0.000071,7585.00
38.750,1488.84,-70.26,0.213917,100.00,917.264160,3183.09,0.000013,2320.00
38.800,3814.10,-62.30,0.195977,100.00,675.764282,5091.87,0.000129,10340.00
38.850,4250.37,-61.99,0.168834,100.00,351.149933,5288.51,0.000191,11130.00
38.900,2525.94,-68.88,0.143296,100.00,440.585754,4175.60,0.000043,7000.00
38.950,3590.49,-61.79,0.139945,100.00,356.229126,4253.47,0.000283,8040.00
39.000,4261.44,-56.98,0.149829,100.00,336.197815,4386.11,0.000899,8905.00
39.050,3944.83,-60.31,0.132263,100.00,284.763062,4229.25,0.000463,8420.00
39.100,2844.58,-67.49,0.114147,100.00,297.685669,3892.84,0.000089,6595.00
39.150,5245.78,-62.13,0.109179,100.00,216.731659,5381.97,0.000403,11760.00
39.200,5304.37,-61.82,0.099809,100.00,149.744843,5328.23,0.000513,11760.00
39.250,3388.77,-65.44,0.093451,100.00,195.223190,3992.65,0.000222,7910.00
39.300,4512.21,-63.34,0.089253,100.00,154.776489,4966.96,0.000444,10620.00
39.350,5856.41,-61.62,0.092790,195.00,202.770889,5429.46,0.000647,12360.00
39.400,4246.12,-63.22,0.097579,195.00,217.683685,4679.62,0.000388,9665.00
39.450,3492.51,-64.42,0.100777,195.00,198.997925,4103.36,0.000271,8070.00
39.500,3975.05,-60.08,0.154679,785.00,722.442322,4920.09,0.000396,10060.00
39.550,3294.45,-61.63,0.218226,65.00,810.459412,4781.70,0.000135,9135.00
39.600,1670.57,-69.74,0.196367,50.00,857.548523,3303.49,0.000018,2950.00
39.650,3696.86,-60.46,0.162708,45.00,860.131714,4358.48,0.000299,8430.00
39.700,4203.36,-57.53,0.147897,40.00,437.006805,4410.37,0.000798,9180.00
39.750,3674.38,-62.28,0.108523,195.00,506.812225,4112.64,0.000397,8030.00
39.800,3445.65,-66.33,0.098418,195.00,363.914642,4413.60,0.000168,8305.00
39.850,5283.57,-61.31,0.100984,195.00,303.894287,5265.66,0.000608,11785.00
39.900,4859.64,-62.57,0.100580,885.00,303.982971,5096.71,0.000436,11220.00
39.950,3558.52,-66.39,0.092617,885.00,223.539124,3915.89,0.000171,7950.00
40.000,3806.64,-61.30,0.128170,885.00,576.767090,4717.09,0.000406,9235.00
40.050,3416.19,-60.20,0.214560,70.00,876.466736,4772.42,0.000204,9155.00
40.100,2119.43,-67.17,0.215816,55.00,851.316345,3968.79,0.000031,5555.00
40.150,2892.93,-66.77,0.173681,45.00,903.885803,4561.62,0.000049,8375.00
40.200,4804.19,-61.45,0.143818,45.00,499.639313,5405.83,0.000294,11690.00
40.250,4256.60,-64.13,0.106403,40.00,443.901093,5199.17,0.000269,11060.00
40.300,2747.07,-69.08,0.082274,585.00,423.502655,3810.46,0.000113,6485.00
40.350,3863.63,-58.54,0.125755,585.00,585.511108,4302.88,0.000902,8405.00
40.400,3954.31,-57.28,0.175464,100.00,586.773804,4302.24,0.000653,8545.00
40.450,3263.66,-63.81,0.171950,100.00,540.185303,3947.02,0.000110,7225.00
40.500,3647.16,-65.06,0.170795,100.00,212.849594,4785.69,0.000077,9460.00
40.550,5210.08,-61.37,0.167195,100.00,185.145264,5387.67,0.000210,11795.00
40.600,3999.26,-63.04,0.159165,100.00,187.332062,4810.64,0.000148,9880.00
40.650,3030.69,-65.40,0.146464,100.00,204.094986,3906.43,0.000094,7470.00
40.700,5075.48,-61.49,0.134320,100.00,231.412796,5265.97,0.000312,11410.00
40.750,5257.97,-61.48,0.124591,100.00,169.508743,5263.29,0.000360,11610.00
40.800,3482.79,-64.98,0.116896,100.00,144.976105,4071.75,0.000159,8135.00
40.850,3454.09,-62.21,0.135618,100.00,486.053497,4511.28,0.000301,8555.00
40.900,3401.78,-59.63,0.219960,85.00,923.711548,4790.21,0.000245,9140.00
40.950,2471.76,-64.57,0.240666,85.00,959.578613,4307.95,0.000053,7075.00
41.000,2195.26,-66.48,0.205181,45.00,908.460999,3682.01,0.000037,5275.00
41.050,3974.37,-58.17,0.186798,45.00,646.997498,4449.23,0.000408,8815.00
41.100,4055.71,-58.39,0.160917,85.00,372.892365,4391.69,0.000521,8955.00
41.150,3002.96,-65.98,0.126089,85.00,482.853577,3800.45,0.000106,6860.00
41.200,4646.17,-63.51,0.117899,85.00,205.885132,5166.27,0.000236,11085.00
41.250,5665.84,-61.29,0.111985,85.00,104.153069,5415.12,0.000471,12190.00
41.300,3990.15,-64.33,0.108223,85.00,134.050049,4698.56,0.000227,9585.00
41.350,3246.66,-64.49,0.112797,90.00,243.774933,4170.93,0.000230,7770.00
41.400,3477.69,-59.71,0.194212,70.00,883.670715,4745.69,0.000307,9140.00
41.450,2866.58,-61.84,0.271013,65.00,999.340820,4561.95,0.000089,8110.00
41.500,1398.13,-71.18,0.241623,65.00,992.080933,3139.72,0.000007,1770.00
41.550,3622.51,-63.67,0.205691,65.00,680.665466,5038.17,0.000077,10140.00
41.600,4495.19,-62.14,0.182292,65.00,344.051270,5387.56,0.000143,11480.00
41.650,2996.02,-68.11,0.169171,65.00,431.574493,4653.26,0.000034,8940.00
41.700,3307.00,-63.51,0.169518,65.00,321.731995,4180.28,0.000123,7535.00
41.750,4217.94,-57.00,0.176292,65.00,349.214813,4402.28,0.000681,8935.00
41.800,4114.63,-58.98,0.159446,65.00,238.369019,4321.20,0.000473,8760.00
41.850,2778.73,-67.57,0.141181,65.00,313.577606,3736.42,0.000054,6455.00
41.900,5009.06,-62.99,0.132036,65.00,160.581451,5380.21,0.000198,11665.00
41.950,5523.60,-61.82,0.122888,65.00,131.381210,5438.13,0.000313,12185.00
42.000,3622.73,-64.83,0.114606,65.00,185.786346,4313.22,0.000167,8570.00
42.050,4143.87,-64.00,0.109028,65.00,125.361992,4775.57,0.000230,9725.00
42.100,6132.65,-61.83,0.102755,65.00,156.511765,5533.55,0.000460,12720.00
42.150,4937.08,-62.61,0.095829,65.00,150.954269,5042.65,0.000436,11020.00
42.200,3576.53,-65.22,0.092725,65.00,167.975143,4053.31,0.000243,8130.00
42.250,4160.79,-60.51,0.137363,65.00,670.190613,4988.92,0.000444,10335.00
42.300,3541.93,-60.70,0.222439,65.00,843.696533,4939.47,0.000167,9765.00
42.350,1871.39,-68.76,0.210167,50.00,863.802917,3760.00,0.000021,4570.00
42.400,3369.83,-62.06,0.169602,45.00,878.684448,4244.57,0.000168,7770.00
42.450,4184.97,-57.70,0.152463,40.00,494.207275,4388.17,0.000683,8975.00
42.500,3933.08,-61.06,0.110340,40.00,471.007538,4233.90,0.000511,8550.00
42.550,3306.23,-67.34,0.088580,590.00,432.589172,4225.86,0.000145,7765.00
42.600,5918.61,-61.90,0.087590,590.00,146.798019,5421.94,0.000603,12380.00
42.650,5654.97,-62.17,0.089978,590.00,80.095139,5372.21,0.000529,12175.00
42.700,3719.11,-66.23,0.088532,590.00,108.627434,4140.49,0.000184,8365.00
42.750,3968.83,-61.93,0.111414,235.00,454.313599,4770.57,0.000454,9680.00
42.800,3727.85,-59.67,0.203213,65.00,887.854919,4947.19,0.000261,10090.00
42.850,2510.34,-65.48,0.223558,65.00,809.189453,4399.14,0.000046,7570.00
42.900,2297.65,-69.00,0.181345,45.00,955.523193,4195.50,0.000026,6485.00
42.950,4718.75,-62.24,0.152185,45.00,588.351379,5446.91,0.000213,11690.00
43.000,4715.47,-63.66,0.113375,40.00,387.499634,5445.73,0.000258,11715.00
43.050,2958.79,-70.59,0.075413,585.00,440.121918,4245.40,0.000083,7840.00
43.100,3882.54,-59.57,0.105605,585.00,493.394867,4376.86,0.000969,8690.00
43.150,3983.84,-56.93,0.168023,60.00,632.255188,4382.10,0.000792,8840.00
43.200,3669.66,-62.30,0.170124,60.00,613.882568,4183.27,0.000167,8160.00
43.250,3546.97,-66.45,0.169564,60.00,257.867126,4693.73,0.000047,8915.00
43.300,5681.53,-61.87,0.171071,60.00,112.018867,5505.15,0.000156,12360.00
43.350,4770.15,-62.76,0.167682,60.00,100.778748,5194.24,0.000133,11240.00
43.400,2952.43,-65.94,0.162739,60.00,289.318726,3787.53,0.000063,7280.00
43.450,4595.13,-61.95,0.161288,60.00,330.359100,5086.94,0.000191,10895.00
43.500,5773.94,-61.34,0.141897,60.00,252.543381,5340.80,0.000274,12165.00
43.550,3993.48,-64.42,0.125589,60.00,199.590500,4401.31,0.000159,9100.00
43.600,3695.82,-63.20,0.119721,60.00,311.579803,4482.93,0.000282,8695.00
43.650,3705.22,-59.71,0.207814,65.00,1034.170654,4909.37,0.000251,9660.00
43.700,2903.97,-63.09,0.269551,65.00,768.721741,4608.25,0.000059,8390.00
43.750,2033.54,-68.41,0.222163,65.00,925.908386,3549.41,0.000018,5110.00
43.800,3886.18,-59.21,0.181362,45.00,732.417175,4305.44,0.000317,8600.00
43.850,4179.78,-58.28,0.150696,70.00,443.909485,4293.45,0.000584,9015.00
43.900,3502.27,-64.60,0.126449,65.00,552.839844,3950.76,0.000130,7800.00
43.950,4580.27,-64.54,0.123453,65.00,295.725861,5022.44,0.000159,10975.00
44.000,6086.96,-61.11,0.115882,65.00,139.376373,5373.40,0.000437,12620.00
44.050,4853.77,-63.49,0.104648,65.00,142.176865,5002.90,0.000293,11045.00
44.100,3422.45,-65.77,0.098060,65.00,199.496078,4049.79,0.000183,7875.00
44.150,3265.18,-62.02,0.181468,100.00,1029.090820,4951.24,0.000174,9730.00
44.200,2801.40,-62.65,0.261656,100.00,783.079224,4762.03,0.000075,8800.00
44.250,1785.85,-68.23,0.226782,100.00,985.343628,3455.43,0.000020,3880.00
44.300,3014.70,-65.34,0.202436,100.00,801.908813,4792.16,0.000056,9050.00
44.350,4357.25,-63.13,0.180519,100.00,373.236176,5572.63,0.000122,11800.00
44.400,3067.94,-67.20,0.153311,100.00,414.908569,4799.50,0.000060,9290.00
44.450,2533.26,-68.00,0.136037,100.00,365.838074,3893.07,0.000058,5205.00
44.500,4024.48,-59.89,0.137526,100.00,313.100983,4591.61,0.000504,9385.00
44.550,3943.57,-60.48,0.129428,100.00,198.294006,4451.84,0.000483,8870.00
44.600,2521.21,-68.35,0.117268,100.00,283.875702,3414.80,0.000068,5215.00
44.650,4189.22,-64.79,0.110420,100.00,154.237549,5231.69,0.000213,11305.00
44.700,5276.72,-63.34,0.104944,100.00,176.558777,5711.52,0.000340,12745.00
44.750,3435.78,-68.31,0.098936,100.00,136.859863,4860.71,0.000104,10060.00
44.800,3190.89,-69.53,0.091858,100.00,159.540527,4695.42,0.000090,8815.00
44.850,5592.37,-63.78,0.087879,195.00,119.768318,5819.39,0.000421,13065.00
44.900,4945.09,-65.40,0.085130,195.00,101.833031,5632.22,0.000295,12410.00
44.950,2098.71,-73.21,0.083210,195.00,135.898224,3549.35,0.000036,2855.00
45.000,3604.34,-64.52,0.113414,195.00,537.028503,5137.85,0.000232,10780.00
45.050,3330.05,-62.92,0.201311,70.00,850.882385,5118.03,0.000115,10425.00
45.100,1921.58,-69.39,0.208388,55.00,783.270325,3942.24,0.000019,2765.00
45.150,2774.51,-65.50,0.164939,45.00,922.060913,4173.56,0.000073,6015.00
45.200,4012.38,-59.31,0.145998,45.00,542.607788,4612.17,0.000483,9505.00
45.250,3722.16,-61.62,0.112154,195.00,431.994141,4356.11,0.000441,8355.00
45.300,2504.43,-69.48,0.088819,195.00,451.993683,3459.18,0.000091,5165.00
45.350,4915.86,-64.12,0.088428,195.00,228.367599,5545.66,0.000393,12325.00
45.400,5075.83,-63.74,0.099363,885.00,290.809570,5618.83,0.000345,12515.00
45.450,3039.45,-71.06,0.095473,885.00,212.304779,4502.35,0.000053,8510.00
45.500,3293.25,-67.28,0.102865,885.00,343.435242,4892.89,0.000130,9890.00
45.550,3508.80,-62.71,0.187039,75.00,890.718201,5237.97,0.000137,10880.00
45.600,2395.27,-66.21,0.227732,60.00,781.089844,4498.00,0.000038,7405.00
45.650,1531.01,-72.75,0.186122,45.00,974.434021,3408.55,0.000009,1600.00
45.700,4443.35,-64.78,0.152562,45.00,670.843994,5642.35,0.000112,12090.00
45.750,4558.52,-64.58,0.117719,40.00,375.666168,5626.78,0.000202,12155.00
45.800,2437.15,-72.19,0.084306,585.00,462.826416,4126.87,0.000048,4525.00
45.850,3333.16,-63.32,0.098765,585.00,411.571655,4395.28,0.000417,7755.00
45.900,3627.66,-59.09,0.160537,100.00,627.831604,4477.70,0.000489,8515.00
45.950,3163.41,-63.04,0.174466,100.00,517.637939,4109.63,0.000137,6600.00
46.000,2387.62,-68.63,0.173319,100.00,283.206451,3768.47,0.000031,5020.00
46.050,4620.54,-63.84,0.170464,100.00,180.825760,5590.07,0.000112,12130.00
46.100,4363.80,-64.79,0.162909,100.00,181.402252,5511.33,0.000097,11815.00
46.150,1776.79,-73.02,0.151213,100.00,183.756882,3504.74,0.000012,2125.00
46.200,3876.01,-66.30,0.139036,100.00,233.865005,5324.42,0.000091,11240.00
46.250,5238.95,-64.00,0.126754,100.00,173.722855,5820.74,0.000191,12810.00
46.300,3485.96,-68.93,0.117276,100.00,139.736969,5064.23,0.000060,10425.00
46.350,2328.62,-69.68,0.118583,100.00,267.823669,4200.48,0.000055,5080.00
46.400,3068.73,-62.87,0.193221,100.00,834.851379,4996.42,0.000137,9925.00
46.450,2524.59,-64.62,0.247961,85.00,961.114807,4645.97,0.000053,8245.00
46.500,1152.29,-72.94,0.216896,85.00,941.859192,2882.37,0.000006,1420.00
46.550,3309.09,-61.72,0.189564,45.00,756.551697,4430.30,0.000159,7910.00
46.600,3776.57,-59.28,0.174583,85.00,369.775391,4507.82,0.000364,8820.00
46.650,3006.13,-64.97,0.134881,85.00,471.328003,3977.99,0.000131,6335.00
46.700,3212.31,-67.28,0.120012,85.00,318.700897,4630.24,0.000086,8555.00
46.750,5529.62,-63.77,0.112627,85.00,115.437515,5855.95,0.000241,13045.00
46.800,4644.80,-66.31,0.108917,85.00,116.438652,5661.69,0.000137,12235.00
46.850,1736.15,-73.96,0.107654,85.00,135.959869,3553.58,0.000018,2090.00
46.900,3066.02,-64.01,0.153602,90.00,694.682190,4934.04,0.000154,9740.00
46.950,2841.42,-62.93,0.255376,65.00,1011.148499,4879.28,0.000075,9330.00
47.000,1571.71,-70.46,0.259178,65.00,991.135742,3716.42,0.000009,1780.00
47.050,2543.05,-68.66,0.213369,65.00,783.318176,4692.33,0.000021,8205.00
47.100,4535.30,-64.33,0.190338,65.00,433.062347,5784.99,0.000076,12255.00
47.150,3744.07,-67.59,0.170222,65.00,388.015076,5454.87,0.000040,11345.00
47.200,1996.84,-71.14,0.168521,65.00,354.436798,3734.68,0.000015,4090.00
47.250,3950.63,-60.62,0.169701,65.00,297.840424,4656.92,0.000254,9465.00
47.300,4056.66,-59.87,0.162551,65.00,156.643173,4574.88,0.000345,9315.00
47.350,2822.63,-67.29,0.143699,65.00,267.419495,3804.49,0.000057,5865.00
47.400,3960.37,-66.42,0.133083,65.00,144.806183,5251.79,0.000084,11120.00
47.450,5766.59,-64.03,0.124345,65.00,113.528160,5962.28,0.000182,13240.00
47.500,4377.94,-68.20,0.113277,65.00,133.060593,5642.56,0.000073,12105.00
47.550,2600.49,-73.10,0.107724,65.00,127.188156,4617.32,0.000022,7810.00
47.600,5709.05,-65.50,0.105125,65.00,161.050812,6000.57,0.000173,13255.00
47.650,5711.99,-65.97,0.097154,65.00,112.661667,5998.42,0.000180,13250.00
47.700,2426.64,-74.22,0.093222,65.00,99.071976,4449.57,0.000020,7140.00
47.750,3559.81,-66.22,0.113085,65.00,460.528290,5284.75,0.000140,11045.00
47.800,3555.19,-63.18,0.201227,65.00,800.370544,5373.05,0.000104,11100.00
47.850,2180.53,-68.57,0.224695,65.00,773.023071,4465.89,0.000020,6655.00
47.900,2283.04,-68.02,0.174060,45.00,991.121033,3980.59,0.000036,5155.00
47.950,3918.86,-59.84,0.158445,45.00,606.369812,4617.79,0.000384,9350.00
48.000,3866.80,-60.78,0.127161,40.00,409.866028,4477.37,0.000455,8895.00
48.050,2573.63,-69.21,0.090472,590.00,482.999176,3527.80,0.000082,5455.00
48.100,5127.61,-65.41,0.088784,590.00,199.597275,5710.35,0.000247,12715.00
48.150,6214.79,-64.32,0.089214,590.00,99.706474,6001.50,0.000326,13555.00
48.200,4044.87,-70.12,0.085884,590.00,98.745934,5467.61,0.000076,11655.00
48.250,3167.33,-69.59,0.086969,590.00,225.457611,4967.11,0.000091,9935.00
48.300,3677.60,-63.26,0.168151,65.00,800.939453,5379.06,0.000141,11185.00
48.350,2707.70,-65.59,0.229300,65.00,793.285400,4850.64,0.000042,9185.00
48.400,1146.47,-74.76,0.195241,50.00,948.884338,3090.24,0.000004,1045.00
48.450,4199.71,-66.29,0.162813,45.00,764.113403,5662.83,0.000065,11810.00
48.500,5043.89,-64.97,0.131900,40.00,355.815308,5900.72,0.000137,12790.00
48.550,3164.76,-71.38,0.091075,585.00,445.620880,5025.15,0.000051,10105.00
48.600,3263.85,-65.18,0.090347,585.00,346.171143,4451.44,0.000288,7790.00
48.650,3612.70,-59.20,0.152938,60.00,649.294861,4537.28,0.000527,8725.00
48.700,3344.19,-61.88,0.175273,60.00,575.154907,4313.45,0.000188,7550.00
48.750,2197.85,-69.75,0.176822,60.00,406.984222,3507.76,0.000019,4880.00
48.800,4510.77,-64.61,0.180747,60.00,111.427872,5641.96,0.000075,12090.00
48.850,4763.90,-64.60,0.180961,60.00,143.948883,5785.76,0.000076,12415.00
48.900,2066.17,-71.31,0.174023,60.00,217.173889,4013.26,0.000015,3175.00
48.950,2909.62,-67.33,0.177738,60.00,448.633057,4745.19,0.000043,8775.00
49.000,4831.50,-63.71,0.166572,60.00,289.270325,5758.04,0.000118,12425.00
49.050,3954.06,-67.23,0.143396,60.00,253.766510,5381.26,0.000062,11395.00
49.100,2169.55,-71.34,0.129074,60.00,209.523605,3987.89,0.000027,3735.00
49.150,3288.31,-63.36,0.175722,60.00,824.884521,5137.84,0.000135,10420.00
49.200,2870.63,-63.73,0.265602,65.00,874.334595,4911.11,0.000053,9430.00
49.250,1443.07,-71.28,0.247834,65.00,930.189453,3336.34,0.000007,1770.00
49.300,3089.42,-63.03,0.195248,65.00,776.681152,4346.98,0.000115,7050.00
49.350,3850.21,-59.12,0.166487,70.00,567.293945,4535.91,0.000447,9005.00
49.400,3348.61,-63.37,0.138586,70.00,487.021667,4152.23,0.000199,7130.00
49.450,2845.66,-68.06,0.135895,65.00,426.784027,4105.98,0.000058,6340.00
49.500,5333.18,-63.60,0.131602,65.00,174.728561,5704.38,0.000190,12755.00
49.550,5101.25,-64.59,0.120023,65.00,131.506119,5629.61,0.000173,12450.00
49.600,2492.46,-71.34,0.104626,65.00,190.628250,3926.19,0.000034,5725.00
49.650,2944.40,-64.80,0.140847,65.00,757.568176,4819.60,0.000140,9180.00
49.700,2898.17,-62.64,0.251605,100.00,885.902832,4916.17,0.000082,9525.00
49.750,1807.49,-68.02,0.246689,100.00,912.196838,3920.92,0.000021,2525.00
49.800,1898.50,-69.11,0.212218,100.00,865.276428,3919.38,0.000021,2655.00
49.850,4115.53,-63.57,0.192198,100.00,519.153320,5539.51,0.000099,11665.00
49.900,3766.82,-65.23,0.162644,100.00,383.996613,5339.45,0.000089,11160.00
49.950,1647.94,-72.61,0.138445,100.00,423.625061,3271.08,0.000016,2310.00
50.000,3812.20,-61.57,0.134521,100.00,297.764771,4595.72,0.000331,9185.00
50.050,4089.95,-59.44,0.139876,100.00,273.106659,4584.90,0.000544,9500.00
50.100,3042.11,-65.39,0.131186,100.00,275.030731,3958.29,0.000124,6330.00
50.150,3074.82,-67.21,0.124629,100.00,180.367096,4547.48,0.000085,8190.00
50.200,5085.17,-63.62,0.119624,100.00,223.648682,5747.08,0.000230,12660.00
50.250,4328.80,-66.21,0.106343,100.00,188.788971,5494.76,0.000148,11815.00
50.300,1920.93,-73.67,0.098684,100.00,182.082535,3653.93,0.000023,2315.00
50.350,5059.46,-65.34,0.096248,100.00,179.867599,5781.14,0.000223,12730.00
50.400,5470.61,-64.59,0.100345,585.00,159.269608,5887.82,0.000250,13100.00
50.450,2819.90,-71.39,0.095758,195.00,182.860352,4583.85,0.000047,8475.00
50.500,3135.47,-67.33,0.105338,195.00,345.133850,4879.93,0.000124,9610.00
50.550,3529.41,-62.80,0.181586,75.00,830.043945,5256.49,0.000144,10935.00
50.600,2484.09,-66.46,0.219318,60.00,776.333496,4587.18,0.000038,7970.00
50.650,1665.59,-70.47,0.179468,45.00,912.134460,3348.35,0.000018,2750.00
50.700,3782.47,-60.44,0.155179,45.00,721.053528,4562.28,0.000349,9120.00
50.750,3894.06,-60.03,0.130341,40.00,381.535400,4490.92,0.000552,9090.00
50.800,2751.35,-67.54,0.093402,195.00,528.303345,3642.32,0.000130,5645.00
50.850,4021.42,-65.75,0.101296,195.00,337.436523,5164.04,0.000195,11090.00
50.900,5213.09,-63.26,0.107497,195.00,315.765289,5718.45,0.000332,12745.00
50.950,4006.20,-67.56,0.102412,885.00,287.652832,5251.88,0.000118,11305.00
51.000,2505.39,-71.34,0.095967,885.00,197.664108,4168.69,0.000050,5410.00
51.050,3575.36,-63.49,0.154380,885.00,757.894226,5223.91,0.000165,10930.00
51.100,2853.93,-64.32,0.227954,65.00,824.421692,4866.86,0.000063,9335.00
51.150,1286.03,-73.31,0.202853,50.00,925.116516,3135.12,0.000006,1545.00
51.200,3645.03,-66.58,0.165913,45.00,840.283875,5321.84,0.000062,11095.00
51.250,4818.21,-63.87,0.133487,40.00,392.397339,5765.14,0.000194,12480.00
51.300,3392.55,-68.70,0.091458,875.00,458.224823,5017.84,0.000114,10285.00
51.350,2923.62,-67.19,0.082495,585.00,378.820648,4178.69,0.000206,6245.00
51.400,3662.24,-59.45,0.141768,100.00,632.919556,4550.98,0.000572,8820.00
51.450,3476.04,-60.65,0.176263,100.00,531.304443,4369.95,0.000261,7970.00
51.500,2153.46,-69.19,0.174454,100.00,424.628448,3215.65,0.000024,4570.00
51.550,3998.66,-64.93,0.173272,100.00,176.147903,5281.72,0.000075,11275.00
51.600,4763.89,-63.85,0.166681,100.00,171.586838,5654.60,0.000108,12300.00
51.650,2750.78,-69.56,0.156317,100.00,159.600601,4543.02,0.000029,8265.00
51.700,2871.47,-69.04,0.142087,100.00,214.609680,4662.61,0.000043,8415.00
51.750,5163.60,-63.97,0.129377,100.00,183.502426,5809.06,0.000188,12765.00
51.800,4508.68,-66.27,0.119617,100.00,144.625259,5584.82,0.000119,12075.00
51.850,1786.95,-73.52,0.114068,100.00,138.869751,3498.93,0.000018,2330.00
51.900,3025.47,-64.15,0.162070,100.00,690.011047,4926.84,0.000134,9640.00
51.950,2832.15,-63.11,0.240207,85.00,972.496155,4878.03,0.000081,9290.00
52.000,1617.19,-70.47,0.232750,85.00,952.607788,3706.42,0.000011,1940.00
52.050,2691.26,-64.81,0.193510,45.00,884.893799,4158.25,0.000068,5895.00
52.100,3778.32,-59.26,0.181931,85.00,483.884949,4553.67,0.000336,9020.00
52.150,3442.04,-62.16,0.147339,85.00,408.610504,4288.25,0.000238,7685.00
52.200,2370.67,-69.38,0.122855,85.00,414.304993,3604.50,0.000050,5155.00
52.250,5120.14,-64.22,0.115309,85.00,134.107239,5743.35,0.000222,12720.00
52.300,5445.01,-64.45,0.108460,85.00,91.947678,5874.91,0.000236,13035.00
52.350,2550.99,-72.10,0.106269,85.00,122.448639,4420.89,0.000032,7005.00
52.400,2811.41,-66.44,0.125622,90.00,448.612152,4684.26,0.000119,8580.00
52.450,2998.02,-62.33,0.227828,70.00,987.569275,4933.70,0.000112,9690.00
52.500,2135.69,-66.68,0.270610,65.00,1002.168518,4299.99,0.000024,5380.00
52.550,1509.09,-72.11,0.226869,65.00,893.882568,3587.78,0.000008,1565.00
52.600,4070.65,-64.78,0.198326,65.00,566.320801,5591.97,0.000066,11705.00
52.650,4305.68,-65.41,0.174022,65.00,345.486115,5656.53,0.000071,11950.00
52.700,1793.44,-73.38,0.169565,65.00,410.101562,3753.28,0.000008,2105.00
52.750,3543.91,-62.99,0.169387,65.00,270.970978,4507.73,0.000149,8600.00
52.800,4081.60,-59.43,0.167777,65.00,222.536041,4571.18,0.000394,9530.00
52.850,3397.77,-64.02,0.149380,65.00,239.571365,4171.24,0.000135,7335.00
52.900,2787.26,-68.41,0.136768,65.00,195.870499,4235.77,0.000047,6375.00
52.950,5210.56,-64.02,0.129525,65.00,162.439499,5798.41,0.000167,12765.00
53.000,4861.39,-65.69,0.119941,65.00,144.404205,5739.56,0.000129,12420.00
53.050,1920.00,-74.44,0.111554,65.00,156.369110,3776.52,0.000014,2125.00
53.100,4801.64,-66.72,0.107360,65.00,141.848938,5740.32,0.000131,12400.00
53.150,5845.65,-64.70,0.100653,65.00,116.910759,5958.12,0.000254,13255.00
53.200,3694.88,-70.22,0.093330,65.00,163.652847,5272.33,0.000067,11080.00
53.250,2906.91,-69.43,0.097988,65.00,276.728882,4796.14,0.000077,8885.00
53.300,3636.21,-63.18,0.172198,65.00,765.338989,5360.51,0.000141,11105.00
53.350,2687.41,-65.45,0.236196,65.00,802.528748,4834.48,0.000042,9120.00
53.400,1272.39,-72.85,0.193154,50.00,960.557861,3082.89,0.000008,1400.00
53.450,3697.47,-61.31,0.159019,45.00,780.959961,4586.72,0.000256,8960.00
53.500,3982.66,-59.47,0.139989,40.00,393.994843,4547.53,0.000541,9280.00
53.550,3116.38,-65.88,0.099208,590.00,491.268097,3962.09,0.000180,6430.00
53.600,4018.70,-67.10,0.088434,590.00,312.445801,5144.45,0.000169,11055.00
53.650,6206.65,-63.89,0.091475,590.00,155.892761,6004.48,0.000368,13585.00
53.700,5002.51,-66.99,0.097896,525.00,149.054062,5826.77,0.000141,12720.00
53.750,2187.03,-73.87,0.088482,590.00,125.012680,4081.77,0.000027,3935.00
53.800,3816.48,-64.35,0.129473,590.00,651.615845,5411.95,0.000182,11325.00
53.850,3194.93,-63.81,0.219060,65.00,862.960754,5157.22,0.000075,10385.00
53.900,1551.69,-72.06,0.209594,50.00,864.028809,3730.72,0.000009,1400.00
53.950,3257.59,-68.53,0.167322,45.00,909.607422,5208.84,0.000033,10625.00
54.000,5205.44,-64.62,0.139033,40.00,434.287567,5944.54,0.000129,12915.00
54.050,4129.16,-68.27,0.100937,40.00,430.748627,5557.10,0.000093,11770.00
54.100,2651.76,-70.08,0.074341,230.00,388.394104,4140.13,0.000107,5690.00
54.150,3649.87,-60.11,0.125733,65.00,587.933411,4606.70,0.000598,8875.00
54.200,3570.06,-59.93,0.170613,60.00,577.416443,4495.80,0.000342,8395.00
54.250,2536.33,-67.89,0.171894,60.00,538.452637,3671.06,0.000036,5475.00
54.300,3821.23,-66.09,0.175567,60.00,141.269485,5263.62,0.000053,11075.00
54.350,5138.35,-64.03,0.177617,60.00,118.167274,5891.43,0.000089,12785.00
54.400,3257.24,-68.28,0.174535,60.00,121.281242,5100.93,0.000032,10275.00
54.450,2080.95,-71.14,0.168087,60.00,279.365173,4056.56,0.000018,2940.00
54.500,4665.72,-64.33,0.158061,60.00,241.546997,5724.23,0.000116,12335.00
54.550,4749.08,-65.47,0.141283,60.00,206.981140,5736.59,0.000102,12395.00
54.600,1880.03,-73.19,0.132861,60.00,171.692734,3662.98,0.000014,2615.00
54.650,3096.03,-65.09,0.149794,60.00,526.771790,4972.96,0.000119,9735.00
54.700,3119.56,-62.66,0.245656,65.00,1040.540771,5070.82,0.000085,10115.00
54.750,1986.09,-67.75,0.266932,65.00,835.317871,4082.64,0.000018,4050.00
54.800,2309.65,-66.51,0.212197,65.00,841.812134,3907.57,0.000038,5160.00
54.850,3677.58,-59.49,0.186688,70.00,703.099548,4536.02,0.000324,8760.00
54.900,3621.25,-61.01,0.159424,70.00,433.227783,4385.44,0.000288,8230.00
54.950,2428.39,-68.67,0.141989,65.00,532.729492,3393.90,0.000042,5320.00
55.000,4647.82,-63.67,0.134468,65.00,250.913895,5364.47,0.000182,11675.00
55.050,5408.53,-62.55,0.129109,65.00,150.616119,5605.74,0.000263,12600.00
55.100,3525.93,-66.29,0.127128,65.00,177.499359,4494.53,0.000099,8580.00
55.150,3070.48,-64.01,0.121804,65.00,485.156830,4250.07,0.000224,7395.00
55.200,3405.88,-59.41,0.220164,100.00,1084.545410,4712.42,0.000240,8915.00
55.250,2853.82,-62.46,0.251008,100.00,829.171143,4522.17,0.000080,7945.00
55.300,1812.93,-69.77,0.207710,100.00,923.089539,3374.46,0.000014,3955.00
55.350,4177.61,-62.23,0.188718,100.00,677.565979,5175.64,0.000127,10870.00
55.400,4764.93,-61.62,0.160239,100.00,322.264221,5397.22,0.000208,11705.00
55.450,3339.49,-67.80,0.126529,100.00,425.651978,4547.13,0.000064,8725.00
55.500,4063.11,-62.23,0.116755,100.00,333.232910,4345.26,0.000359,8615.00
55.550,4542.95,-57.11,0.128193,100.00,306.203308,4405.21,0.001224,9355.00
55.600,4505.74,-60.13,0.104166,100.00,253.511475,4296.27,0.000765,9190.00
55.650,3715.72,-67.73,0.085499,100.00,271.590302,4124.31,0.000134,8030.00
55.700,6420.82,-62.36,0.079032,100.00,127.133209,5329.33,0.000653,12720.00
55.750,6439.09,-61.88,0.071721,100.00,90.174973,5286.96,0.000894,12645.00
55.800,4210.68,-65.33,0.065928,100.00,132.796844,4225.91,0.000417,8945.00
55.850,5528.46,-63.51,0.058687,100.00,96.803963,5036.86,0.000902,11480.00
55.900,7470.17,-61.83,0.053508,100.00,110.536827,5246.34,0.001658,13375.00
55.950,5640.73,-63.22,0.049474,100.00,116.433762,4889.60,0.001363,11285.00
56.000,4378.75,-64.81,0.050901,100.00,151.552414,4262.83,0.000848,9055.00
56.050,4430.59,-60.27,0.127938,75.00,705.073975,5049.30,0.000505,10635.00
56.100,3613.81,-61.51,0.208144,65.00,810.576294,4957.35,0.000140,9760.00
56.150,1957.91,-69.77,0.188847,50.00,852.728027,3756.68,0.000017,5185.00
56.200,4003.81,-60.74,0.150727,45.00,866.708313,4452.18,0.000319,9035.00
56.250,4502.40,-57.41,0.129229,40.00,424.204102,4444.25,0.001091,9590.00
56.300,4419.93,-61.99,0.067055,45.00,480.428864,4271.83,0.001122,9150.00
56.350,5257.08,-66.90,0.024781,100.00,364.561188,4766.59,0.001969,10875.00
56.400,7576.70,-61.83,0.028101,100.00,99.767433,5090.71,0.005968,13425.00
56.450,7064.27,-62.74,0.025670,100.00,63.958340,5134.40,0.005503,13100.00
56.500,4947.05,-66.70,0.023958,95.00,92.975563,4146.05,0.002006,9420.00
56.550,4497.30,-61.63,0.090612,95.00,534.052124,4968.92,0.000645,10495.00
56.600,3878.16,-60.27,0.196266,70.00,865.055481,5037.13,0.000209,10215.00
56.650,2624.55,-67.20,0.200305,55.00,827.859131,4539.88,0.000031,8105.00
56.700,3690.43,-67.53,0.154689,45.00,906.785645,5150.49,0.000046,10265.00
56.750,5988.61,-61.72,0.122852,45.00,499.808380,5643.54,0.000337,12910.00
56.800,5988.32,-64.30,0.074892,40.00,385.139221,5629.28,0.000447,12800.00
56.850,4144.15,-69.89,0.022488,45.00,396.960022,4517.27,0.000980,9170.00
56.900,4071.63,-59.07,0.099626,100.00,589.404663,4331.52,0.001147,8725.00
56.950,4098.19,-57.51,0.163666,100.00,573.114380,4309.40,0.000653,8780.00
57.000,3846.20,-63.91,0.161022,100.00,543.782227,4128.58,0.000103,8265.00
57.050,4678.19,-65.89,0.156712,100.00,161.455414,5179.41,0.000062,11100.00
57.100,6659.94,-62.04,0.147118,100.00,112.754128,5464.09,0.000194,13010.00
57.150,5275.33,-63.35,0.134115,100.00,127.603958,5181.53,0.000169,11505.00
57.200,3937.91,-65.91,0.122173,100.00,115.410347,4257.64,0.000104,8685.00
57.250,6750.59,-62.14,0.110092,100.00,139.914917,5348.73,0.000342,12945.00
57.300,6963.54,-61.95,0.099786,100.00,96.066437,5301.28,0.000444,13075.00
57.350,4489.80,-65.16,0.091464,100.00,135.107437,4388.14,0.000228,9480.00
57.400,3991.05,-62.61,0.113312,100.00,469.468414,4759.56,0.000337,9520.00
57.450,3737.83,-59.84,0.208925,85.00,916.780640,5007.03,0.000221,10020.00
57.500,2863.74,-64.60,0.234864,85.00,950.087158,4707.57,0.000047,8555.00
57.550,2442.97,-67.34,0.197088,45.00,916.288269,3957.04,0.000031,6300.00
57.600,4148.20,-58.38,0.179626,45.00,668.308472,4477.21,0.000438,9085.00
57.650,4299.46,-58.29,0.153756,85.00,356.504150,4433.16,0.000603,9275.00
57.700,3714.79,-65.97,0.113724,85.00,493.815216,4105.54,0.000122,8205.00
57.750,6047.81,-64.23,0.101260,85.00,209.296448,5343.64,0.000238,12335.00
57.800,7112.36,-61.68,0.093401,85.00,94.410507,5343.11,0.000559,13245.00
57.850,5333.66,-64.55,0.084872,85.00,108.101089,5026.40,0.000310,11310.00
57.900,4122.11,-65.06,0.081376,90.00,190.999924,4459.92,0.000323,9020.00
57.950,3924.25,-60.09,0.173972,70.00,855.674438,4944.22,0.000307,10295.00
58.000,3234.81,-62.04,0.265267,65.00,949.329834,4831.71,0.000078,9180.00
58.050,1715.20,-72.15,0.237430,65.00,985.665466,3796.84,0.000005,4830.00
58.100,4440.52,-64.04,0.195605,65.00,659.608093,5466.56,0.000071,11415.00
58.150,5347.66,-62.01,0.170446,65.00,310.926941,5662.63,0.000164,12330.00
58.200,4133.60,-68.33,0.155227,65.00,411.181183,5378.11,0.000035,11080.00
58.250,3801.51,-64.08,0.154802,65.00,316.498657,4389.04,0.000116,8460.00
58.300,4449.15,-57.23,0.162209,65.00,354.557739,4433.05,0.000711,9295.00
58.350,4501.65,-59.05,0.141625,65.00,199.151871,4366.10,0.000545,9240.00
58.400,3765.62,-67.77,0.116033,65.00,327.325256,4090.54,0.000063,8025.00
58.450,6675.13,-63.64,0.105188,65.00,119.533554,5448.26,0.000237,13040.00
58.500,7187.85,-62.16,0.095380,65.00,90.649025,5351.63,0.000437,13265.00
58.550,4651.00,-64.92,0.085226,65.00,131.734741,4594.67,0.000268,9850.00
58.600,5248.10,-64.37,0.077204,65.00,76.916405,4919.15,0.000366,11035.00
58.650,8002.15,-62.44,0.069686,65.00,123.290123,5190.72,0.000767,13660.00
58.700,6348.33,-62.76,0.064149,65.00,101.494797,5094.61,0.000839,12190.00
58.750,4459.09,-65.61,0.059823,65.00,110.722794,4177.89,0.000472,9075.00
58.800,4692.87,-60.74,0.116164,65.00,645.941101,5112.69,0.000552,10840.00
58.850,3942.57,-60.66,0.211853,65.00,834.099976,5118.47,0.000175,10390.00
58.900,2302.31,-68.86,0.200262,50.00,855.737427,4290.59,0.000020,6990.00
58.950,3747.04,-62.25,0.155492,45.00,888.280701,4430.16,0.000202,8415.00
59.000,4460.90,-57.43,0.137107,40.00,497.507874,4464.19,0.000968,9350.00
59.050,4432.21,-60.71,0.084654,40.00,452.166138,4335.87,0.001013,9170.00
59.100,4819.30,-67.86,0.030064,65.00,434.433350,4495.00,0.001015,9770.00
59.150,7865.38,-62.45,0.029266,65.00,111.389519,5065.34,0.004719,13575.00
59.200,7715.38,-62.45,0.027633,65.00,52.103725,5094.35,0.005244,13500.00
59.250,5306.09,-66.44,0.025009,65.00,93.105354,4334.72,0.002053,9950.00
59.300,4724.80,-62.44,0.071250,120.00,429.568176,4961.94,0.000885,10710.00
59.350,4082.00,-59.93,0.185439,65.00,879.578125,5097.88,0.000277,10630.00
59.400,2933.67,-65.56,0.212004,65.00,795.852234,4747.72,0.000044,8800.00
59.450,2960.54,-69.96,0.164882,45.00,960.521362,4839.70,0.000020,8730.00
59.500,5853.43,-62.43,0.131320,45.00,598.780823,5687.72,0.000236,12825.00
59.550,6137.92,-63.73,0.086235,40.00,369.211334,5715.10,0.000384,13060.00
59.600,4947.22,-71.32,0.027205,45.00,427.613281,5115.35,0.000465,11010.00
59.650,4104.28,-59.98,0.082604,65.00,482.063873,4410.60,0.001237,8945.00
59.700,4047.99,-57.05,0.159825,60.00,629.557312,4358.90,0.000768,8895.00
59.750,3880.56,-62.25,0.164076,60.00,610.355896,4211.46,0.000163,8490.00
59.800,4057.27,-67.09,0.163418,60.00,270.039459,4890.43,0.000039,9985.00
59.850,6501.94,-62.49,0.165507,60.00,92.550728,5542.86,0.000130,13030.00
59.900,5553.90,-62.99,0.161808,60.00,76.328041,5368.62,0.000123,12010.00
59.950,3591.57,-66.19,0.152431,60.00,118.248756,4121.82,0.000060,8275.00
60.000,6023.11,-62.63,0.137361,60.00,142.238983,5365.37,0.000199,12310.00
60.050,7031.78,-61.90,0.122983,60.00,123.772926,5351.58,0.000300,13050.00
60.100,4691.68,-64.54,0.110837,60.00,149.955322,4646.31,0.000185,9990.00
60.150,4089.15,-63.62,0.108410,60.00,265.728729,4626.60,0.000282,9265.00
60.200,3920.35,-60.07,0.200245,65.00,1011.671753,5021.21,0.000232,10100.00
60.250,3112.28,-63.36,0.267867,65.00,764.764954,4787.02,0.000052,8940.00
60.300,2042.33,-69.20,0.223034,65.00,927.102661,3707.88,0.000013,5535.00
60.350,3998.27,-59.23,0.180416,45.00,738.992737,4427.95,0.000337,8785.00
60.400,4308.40,-57.95,0.150304,70.00,448.141052,4403.36,0.000681,9195.00
60.450,3839.64,-64.33,0.123340,65.00,547.443909,4159.43,0.000160,8425.00
60.500,5299.11,-65.14,0.119244,65.00,303.711731,5252.87,0.000138,11620.00
60.550,6951.63,-61.60,0.111102,65.00,107.353729,5401.33,0.000423,13245.00
60.600,5709.47,-63.66,0.099561,65.00,110.452545,5218.17,0.000293,11950.00
60.650,3861.27,-65.91,0.093026,65.00,172.694214,4225.29,0.000190,8470.00
60.700,3642.52,-60.38,0.175498,100.00,1005.473328,4839.88,0.000294,9645.00
60.750,3256.62,-60.91,0.255599,100.00,750.260559,4826.51,0.000120,9170.00
60.800,2106.92,-68.69,0.218463,100.00,986.286621,3934.96,0.000017,5630.00
60.850,3824.99,-64.53,0.192498,100.00,787.723450,5063.13,0.000069,10120.00
60.900,5253.21,-61.48,0.168519,100.00,371.569153,5570.52,0.000199,12190.00
60.950,4561.33,-65.75,0.134656,100.00,398.608032,5403.04,0.000096,11405.00
61.000,3777.70,-66.27,0.113494,100.00,351.785339,4386.68,0.000116,8500.00
61.050,4537.38,-57.77,0.125145,100.00,379.934448,4442.21,0.001052,9430.00
61.100,4634.67,-58.10,0.115017,100.00,135.454117,4383.27,0.001125,9445.00
61.150,4095.93,-66.03,0.087939,100.00,337.074951,4046.71,0.000192,8345.00
61.200,6041.75,-63.77,0.078378,100.00,119.960197,5226.18,0.000418,12310.00
61.250,7237.67,-61.56,0.071900,100.00,95.381050,5267.36,0.000896,13250.00
61.300,5153.98,-63.98,0.065648,100.00,118.411240,4819.93,0.000591,10765.00
61.350,4730.51,-64.91,0.060294,100.00,78.432571,4549.27,0.000582,9795.00
61.400,7513.35,-62.22,0.053543,100.00,127.084396,5260.85,0.001461,13465.00
61.450,6705.30,-62.28,0.049838,100.00,90.679459,5151.22,0.001668,12640.00
61.500,4447.88,-65.50,0.048572,100.00,113.049126,4064.58,0.000711,8990.00
61.550,4553.39,-61.40,0.090982,105.00,518.401733,4925.63,0.000738,10485.00
61.600,3992.64,-60.24,0.190637,70.00,849.136658,5049.71,0.000246,10285.00
61.650,2552.50,-66.76,0.203862,55.00,796.239685,4406.34,0.000037,7540.00
61.700,3276.03,-64.03,0.160355,45.00,899.692505,4276.18,0.000117,7760.00
61.750,4436.45,-57.61,0.140123,45.00,587.413025,4466.37,0.000872,9540.00
61.800,4501.66,-59.51,0.092596,40.00,410.418793,4367.24,0.001147,9395.00
61.850,4184.70,-67.60,0.031540,100.00,466.140472,4063.66,0.000962,8460.00
61.900,7174.28,-62.79,0.026829,100.00,138.868683,5113.47,0.004913,13135.00
61.950,7474.09,-61.87,0.028725,100.00,65.080307,5141.86,0.005539,13290.00
62.000,5361.00,-65.50,0.025681,100.00,106.416084,4585.03,0.002584,10435.00
62.050,4621.79,-63.57,0.054433,95.00,300.831177,4762.78,0.001066,10100.00
62.100,4095.75,-59.93,0.167622,75.00,860.293213,5044.16,0.000326,10430.00
62.150,3155.12,-63.83,0.211027,60.00,770.316589,4807.85,0.000072,9100.00
62.200,2244.86,-71.05,0.169158,45.00,953.904419,4184.63,0.000015,6520.00
62.250,5590.27,-62.61,0.133868,45.00,684.008179,5624.33,0.000221,12535.00
62.300,6081.32,-62.53,0.094817,40.00,334.010010,5646.62,0.000450,12875.00
62.350,4958.06,-70.15,0.035681,45.00,431.244995,5250.26,0.000388,11435.00
62.400,4083.59,-61.55,0.065249,100.00,436.123474,4372.76,0.001405,8755.00
62.450,4120.74,-56.98,0.151174,100.00,649.350403,4369.09,0.000937,8815.00
62.500,4061.07,-60.58,0.164378,100.00,537.250854,4292.57,0.000280,8755.00
62.550,3533.09,-67.86,0.158347,100.00,299.770050,4357.71,0.000038,8265.00
62.600,6312.61,-62.66,0.151213,100.00,108.931694,5483.14,0.000164,12795.00
62.650,6096.26,-62.42,0.138686,100.00,107.259377,5408.45,0.000203,12490.00
62.700,3834.53,-65.95,0.126822,100.00,139.695251,4210.96,0.000092,8590.00
62.750,5706.17,-63.10,0.114061,100.00,118.886421,5216.58,0.000246,11745.00
62.800,7356.31,-61.68,0.103605,100.00,119.926422,5285.65,0.000438,13270.00
62.850,5244.93,-63.74,0.094241,100.00,133.120911,4905.75,0.000320,10900.00
62.900,3986.86,-64.47,0.093960,100.00,240.710007,4407.40,0.000288,8995.00
62.950,3889.40,-60.13,0.176822,100.00,812.037903,4994.67,0.000298,10120.00
63.000,3286.98,-61.97,0.237573,85.00,936.932068,4886.63,0.000099,9295.00
63.050,1801.63,-70.25,0.210730,85.00,931.891541,3682.52,0.000011,4975.00
63.100,3856.48,-60.39,0.183209,45.00,792.751892,4421.03,0.000219,8750.00
63.150,4308.70,-57.56,0.167393,85.00,402.836395,4432.18,0.000566,9325.00
63.200,4046.78,-62.58,0.124074,85.00,476.453552,4269.85,0.000243,8820.00
63.250,4780.22,-66.33,0.104295,85.00,332.991028,5016.29,0.000123,10900.00
63.300,7029.95,-61.71,0.096225,85.00,114.702492,5349.54,0.000497,13180.00
63.350,6267.81,-63.10,0.087639,85.00,86.949226,5320.10,0.000416,12495.00
63.400,4140.79,-66.66,0.080140,85.00,111.273598,4167.74,0.000188,8660.00
63.450,4043.52,-61.18,0.129063,90.00,649.092346,4892.54,0.000401,10275.00
63.500,3537.83,-60.41,0.248158,65.00,982.064880,4917.36,0.000140,9850.00
63.550,2288.41,-68.21,0.256188,65.00,963.193726,4342.54,0.000016,6950.00
63.600,3497.18,-66.86,0.205469,65.00,776.162537,5135.41,0.000031,10090.00
63.650,5284.45,-61.73,0.181344,65.00,421.483490,5663.43,0.000155,12310.00
63.700,4873.16,-65.08,0.157385,65.00,372.868561,5618.82,0.000083,11945.00
63.750,3079.05,-68.98,0.154775,65.00,359.248962,4253.09,0.000029,7765.00
63.800,4309.20,-58.54,0.160155,65.00,387.195129,4406.28,0.000529,9080.00
63.850,4494.56,-57.55,0.152672,65.00,143.986481,4380.34,0.000758,9280.00
63.900,4157.37,-64.52,0.122183,65.00,362.867950,4191.16,0.000154,8650.00
63.950,5625.01,-65.52,0.108325,65.00,152.142288,5358.44,0.000143,12070.00
64.000,7368.64,-62.09,0.099266,65.00,104.524704,5357.96,0.000438,13420.00
64.050,5614.34,-63.55,0.087987,65.00,118.439117,5116.54,0.000365,11705.00
64.100,4376.52,-65.66,0.080324,65.00,90.765282,4336.72,0.000249,9100.00
64.150,7481.33,-62.60,0.071809,65.00,123.186966,5339.15,0.000685,13525.00
64.200,7350.00,-62.05,0.065668,65.00,79.811882,5208.13,0.000981,13185.00
64.250,4718.97,-65.28,0.060962,65.00,116.908775,4303.35,0.000486,9495.00
64.300,4683.95,-62.31,0.082779,65.00,419.013947,4907.66,0.000701,10495.00
64.350,4244.07,-59.97,0.187334,65.00,776.619202,5136.67,0.000275,10660.00
64.400,2995.50,-65.28,0.215897,65.00,780.614136,4781.38,0.000049,8980.00
64.450,2891.60,-66.36,0.166837,45.00,938.020630,4140.16,0.000051,7150.00
64.500,4338.37,-58.37,0.144476,45.00,638.769653,4420.50,0.000615,9180.00
64.550,4435.33,-58.90,0.108610,40.00,389.989197,4348.28,0.000932,9230.00
64.600,4223.19,-66.71,0.042252,65.00,509.250916,4054.71,0.000637,8550.00
64.650,7407.93,-63.97,0.027533,65.00,185.400635,5099.31,0.003288,13260.00
64.700,7991.30,-61.82,0.029628,65.00,63.863697,5037.81,0.005140,13625.00
64.750,6112.60,-64.93,0.024919,65.00,92.176651,4821.54,0.003135,11595.00
64.800,4919.91,-64.53,0.040629,65.00,208.289917,4699.92,0.001430,10270.00
64.850,4365.24,-59.86,0.149425,65.00,794.877075,5157.93,0.000423,10855.00
64.900,3481.83,-62.42,0.216844,65.00,797.437683,4997.18,0.000103,9970.00
64.950,1890.37,-72.73,0.181317,50.00,958.841858,3964.22,0.000008,5705.00
65.000,5313.03,-63.96,0.141996,45.00,785.804932,5629.63,0.000132,12350.00
65.050,6132.17,-62.45,0.104910,40.00,340.045990,5694.34,0.000371,13040.00
65.100,5730.96,-69.20,0.045824,45.00,439.857178,5596.36,0.000308,12480.00
65.150,4168.05,-63.24,0.048715,65.00,355.123810,4444.82,0.001552,9020.00
65.200,4083.96,-57.03,0.141835,60.00,680.394470,4410.00,0.001077,8980.00
65.250,4024.21,-59.36,0.166750,60.00,572.977356,4336.48,0.000398,8855.00
65.300,3347.68,-68.01,0.162930,60.00,464.344116,4092.29,0.000032,7625.00
65.350,6062.58,-63.45,0.164824,60.00,96.450935,5578.57,0.000112,12815.00
65.400,6309.02,-62.35,0.163305,60.00,54.278378,5523.55,0.000153,12920.00
65.450,3887.19,-65.34,0.156170,60.00,126.687393,4451.75,0.000074,8910.00
65.500,4861.98,-64.00,0.142539,60.00,111.898575,4998.31,0.000130,10785.00
65.550,7157.85,-62.02,0.127913,60.00,149.773651,5330.26,0.000270,13110.00
65.600,5568.39,-63.27,0.114048,60.00,144.287537,5121.95,0.000242,11640.00
65.650,4097.39,-65.20,0.105331,60.00,133.595856,4316.80,0.000176,8940.00
65.700,4106.65,-60.41,0.158623,60.00,793.365295,5089.85,0.000316,10305.00
65.750,3574.69,-60.96,0.259179,65.00,884.638916,5031.28,0.000104,9820.00
65.800,2008.62,-69.54,0.244622,65.00,923.172302,4020.39,0.000011,5970.00
65.850,3601.14,-61.56,0.189558,65.00,772.410645,4373.16,0.000151,8255.00
65.900,4276.50,-57.42,0.163173,70.00,589.403748,4430.37,0.000640,9180.00
65.950,4117.45,-61.21,0.128723,70.00,462.027039,4306.19,0.000341,8895.00
66.000,3923.87,-67.45,0.120715,65.00,439.220123,4610.62,0.000070,9085.00
66.050,6757.83,-62.09,0.114400,65.00,140.625900,5425.25,0.000326,13150.00
66.100,6514.60,-62.54,0.103330,65.00,93.978577,5405.61,0.000355,12975.00
66.150,4183.77,-66.46,0.093824,65.00,119.496758,4255.52,0.000146,8865.00
66.200,3694.56,-61.78,0.132339,65.00,714.493835,4748.70,0.000333,9260.00
66.250,3489.71,-59.82,0.244137,100.00,887.112854,4889.16,0.000174,9715.00
66.300,2590.20,-65.96,0.235633,100.00,901.537781,4524.34,0.000035,7815.00
66.350,2658.44,-68.57,0.198414,100.00,837.553955,4608.80,0.000022,8110.00
66.400,5075.54,-61.85,0.177776,100.00,518.821289,5621.70,0.000158,12145.00
66.450,5022.50,-63.53,0.146231,100.00,354.983795,5625.69,0.000146,12145.00
66.500,3065.40,-70.37,0.117347,100.00,397.587646,4375.34,0.000034,8130.00
66.550,4342.76,-59.67,0.119945,100.00,376.253632,4423.05,0.000672,9070.00
66.600,4561.58,-57.21,0.125111,100.00,205.221161,4390.07,0.001220,9345.00
66.650,4295.89,-62.81,0.096772,100.00,334.535583,4218.48,0.000413,8810.00
66.700,4796.67,-66.38,0.083379,100.00,183.840012,5005.38,0.000203,10945.00
66.750,6991.41,-61.99,0.079396,100.00,144.054123,5374.94,0.000718,13195.00
66.800,5842.70,-62.79,0.071773,100.00,104.208191,5200.74,0.000706,12105.00
66.850,4043.90,-65.98,0.065268,100.00,139.763504,4050.74,0.000359,8600.00
66.900,6439.47,-62.81,0.059708,100.00,125.620865,5338.42,0.001043,12765.00
66.950,7044.26,-61.98,0.058628,100.00,105.365509,5294.12,0.001345,13115.00
67.000,4634.64,-64.56,0.056512,100.00,147.813293,4450.46,0.000741,9600.00
67.050,4382.06,-63.17,0.070684,95.00,299.956879,4658.07,0.000727,9645.00
67.100,4192.65,-59.89,0.165557,75.00,816.042786,5060.08,0.000349,10465.00
67.150,3136.23,-63.61,0.214018,65.00,780.146301,4762.69,0.000078,8910.00
67.200,2203.25,-68.50,0.175595,50.00,891.393494,3702.21,0.000027,5630.00
67.250,4189.01,-59.03,0.148039,45.00,773.222900,4389.96,0.000494,9185.00
67.300,4349.54,-58.27,0.119482,40.00,373.179779,4330.37,0.000929,9270.00
67.350,3879.35,-64.86,0.059627,790.00,511.903259,4027.24,0.000556,8210.00
67.400,5568.63,-64.75,0.046207,195.00,255.738785,5145.47,0.001010,11780.00
67.450,6817.03,-61.51,0.049970,790.00,119.968773,5279.47,0.002034,13045.00
67.500,5588.24,-63.94,0.044397,790.00,113.869423,5009.23,0.001354,11650.00
67.550,4360.42,-65.70,0.042993,195.00,161.174942,4296.95,0.000962,9015.00
67.600,4152.80,-60.35,0.132073,95.00,733.394531,4971.03,0.000477,10305.00
67.650,3401.42,-61.34,0.214146,65.00,818.361450,4853.64,0.000145,9315.00
67.700,1853.48,-70.70,0.190856,50.00,919.246826,3756.99,0.000014,4440.00
67.750,4326.65,-64.58,0.149012,45.00,840.033569,5342.00,0.000107,11225.00
67.800,5493.76,-61.50,0.117599,40.00,378.716400,5592.17,0.000388,12495.00
67.850,4429.94,-66.35,0.072293,45.00,434.534424,5256.75,0.000293,11255.00
67.900,3542.50,-65.44,0.059022,585.00,373.134369,4171.29,0.000603,7820.00
67.950,3996.38,-57.53,0.134777,100.00,665.940735,4335.71,0.001051,8680.00
68.000,3956.20,-58.43,0.171613,100.00,543.547058,4275.30,0.000493,8565.00
68.050,2988.27,-66.69,0.166053,100.00,469.405609,3734.74,0.000048,6705.00
68.100,4741.64,-63.81,0.161377,100.00,160.158630,5263.25,0.000116,11340.00
68.150,5495.48,-61.57,0.153295,100.00,150.753403,5414.22,0.000236,12115.00
68.200,3680.24,-64.24,0.143040,100.00,183.848068,4474.92,0.000137,8860.00
68.250,3741.09,-64.41,0.130313,100.00,183.323990,4456.37,0.000160,8795.00
68.300,5941.25,-61.30,0.118129,100.00,198.508331,5393.78,0.000416,12330.00
68.350,5200.14,-62.20,0.108438,100.00,181.044098,5177.53,0.000388,11360.00
68.400,3536.19,-65.56,0.101497,100.00,144.380493,3963.38,0.000178,8100.00
68.450,3698.36,-60.93,0.147397,100.00,670.907715,4792.55,0.000357,9320.00
68.500,3380.32,-60.14,0.230745,85.00,951.173950,4848.37,0.000185,9200.00
68.550,2106.57,-67.42,0.228216,85.00,955.603271,4019.38,0.000026,5750.00
68.600,3003.47,-63.40,0.192849,45.00,871.807007,4112.32,0.000092,7220.00
68.650,4115.19,-57.70,0.179038,85.00,535.308228,4398.01,0.000491,9005.00
68.700,4002.73,-60.02,0.143419,85.00,416.027863,4294.33,0.000399,8795.00
68.750,3028.96,-67.55,0.114791,85.00,443.692627,3890.69,0.000083,6970.00
68.800,5626.48,-62.31,0.107939,85.00,159.040451,5359.85,0.000382,12035.00
68.850,5923.53,-61.78,0.099624,85.00,123.395470,5400.99,0.000510,12345.00
68.900,3761.84,-65.62,0.093958,85.00,156.682159,4293.24,0.000209,8550.00
68.950,3594.81,-62.78,0.109625,90.00,406.350372,4501.90,0.000378,8655.00
69.000,3398.28,-59.27,0.222315,70.00,983.631042,4655.57,0.000247,8895.00
69.050,2475.76,-62.62,0.276801,65.00,994.893250,3884.76,0.000068,5495.00
69.100,2011.49,-67.36,0.233008,65.00,939.968323,3150.42,0.000025,2900.00
69.150,3969.63,-61.35,0.198316,65.00,635.480347,4969.20,0.000145,10405.00
69.200,4343.73,-62.13,0.169915,65.00,371.202179,5189.94,0.000157,11095.00
69.250,2741.68,-69.08,0.161742,65.00,431.967621,4116.18,0.000025,7795.00
69.300,3889.44,-60.70,0.163375,65.00,337.217072,4306.75,0.000272,8475.00
69.350,4219.02,-56.81,0.169532,65.00,327.036591,4290.62,0.000742,8810.00
69.400,3517.97,-60.51,0.161036,65.00,420.301361,3813.00,0.000316,7275.00
69.450,2842.63,-65.57,0.144263,65.00,337.215240,3520.20,0.000105,5655.00
69.500,4950.31,-60.81,0.123840,65.00,372.554291,5085.56,0.000440,11290.00
69.550,5009.64,-61.54,0.109642,65.00,230.205017,5110.07,0.000455,11320.00
69.600,3519.16,-65.44,0.100753,65.00,180.374237,3936.53,0.000180,8080.00
69.650,5073.42,-62.67,0.093497,65.00,137.356232,5157.24,0.000464,11315.00
69.700,5631.05,-60.49,0.091110,65.00,202.851974,5258.65,0.000912,12020.00
69.750,3794.03,-62.65,0.098777,65.00,268.656799,4166.99,0.000471,8595.00
69.800,3465.57,-63.18,0.095499,65.00,293.943176,3964.25,0.000442,7790.00
69.850,3944.20,-59.41,0.162393,65.00,780.085144,4834.45,0.000433,9905.00
69.900,3179.08,-61.76,0.227008,65.00,813.128479,4681.68,0.000119,8870.00
69.950,1848.05,-69.18,0.190691,50.00,922.516724,3420.22,0.000021,4195.00
70.000,3889.44,-59.77,0.158819,45.00,772.197327,4396.61,0.000368,8620.00
70.050,4193.19,-57.58,0.140250,40.00,413.591827,4352.08,0.000857,8920.00
70.100,3464.74,-62.85,0.097838,65.00,519.601257,3840.43,0.000419,7415.00
70.150,3834.83,-64.84,0.080255,590.00,356.396881,4453.80,0.000368,8970.00
70.200,5935.94,-60.96,0.076686,590.00,202.702835,5312.12,0.001030,12330.00
70.250,5184.45,-62.86,0.077374,590.00,131.012039,5131.33,0.000616,11410.00
70.300,3734.47,-66.11,0.076739,235.00,119.078857,4055.59,0.000257,8300.00
70.350,4100.46,-60.62,0.126903,235.00,625.200928,4921.71,0.000484,10265.00
70.400,3491.08,-60.07,0.217234,65.00,873.523865,4814.99,0.000200,9525.00
70.450,2021.86,-67.31,0.212100,50.00,873.133118,3611.53,0.000031,3490.00
70.500,3192.70,-65.05,0.168183,45.00,924.562744,4621.88,0.000086,8600.00
70.550,4921.10,-61.27,0.137320,45.00,462.692230,5441.98,0.000336,11790.00
70.600,4458.50,-64.87,0.091642,585.00,425.713898,5287.57,0.000279,11280.00
70.650,3280.65,-67.52,0.063003,585.00,392.035889,4119.35,0.000278,7525.00
70.700,3948.24,-57.96,0.123443,65.00,624.498535,4379.21,0.001068,8775.00
70.750,3914.33,-57.44,0.172594,60.00,590.918396,4316.03,0.000637,8725.00
70.800,3175.94,-64.64,0.170033,60.00,602.812195,3805.19,0.000086,7015.00
70.850,4117.29,-64.21,0.170451,60.00,187.757156,4977.72,0.000095,10415.00
70.900,5558.79,-61.37,0.170412,60.00,123.211617,5440.34,0.000194,12220.00
70.950,4059.15,-63.67,0.165833,60.00,142.765350,4802.86,0.000114,9820.00
71.000,3135.10,-65.06,0.161417,60.00,300.546417,4025.45,0.000089,7740.00
71.050,5134.17,-61.23,0.153679,60.00,270.993042,5236.50,0.000265,11515.00
71.100,5190.66,-61.38,0.134183,60.00,234.831177,5153.31,0.000322,11490.00
71.150,3426.25,-65.05,0.124891,60.00,192.208786,3905.84,0.000135,7850.00
71.200,3666.85,-61.65,0.134568,60.00,515.706116,4645.79,0.000336,8885.00
71.250,3570.76,-59.86,0.237141,65.00,1063.261475,4871.70,0.000180,9455.00
71.300,2437.47,-65.45,0.264138,65.00,836.419312,4261.61,0.000032,7025.00
71.350,2663.67,-65.12,0.208253,65.00,851.454102,3954.10,0.000051,6370.00
71.400,4080.23,-57.77,0.178417,45.00,696.394653,4421.77,0.000497,8905.00
71.450,4091.47,-58.87,0.144379,70.00,402.961700,4325.64,0.000555,8880.00
71.500,2969.36,-66.88,0.127686,65.00,550.972351,3685.06,0.000073,6630.00
71.550,5169.48,-62.80,0.123808,65.00,232.824524,5291.22,0.000248,11705.00
71.600,5864.64,-61.15,0.115731,65.00,122.340294,5426.86,0.000445,12490.00
71.650,4108.18,-64.72,0.104602,65.00,173.907974,4595.60,0.000212,9415.00
71.700,3312.92,-63.78,0.109396,65.00,391.542847,4261.55,0.000273,7890.00
71.750,3354.35,-59.34,0.218398,100.00,1082.924438,4642.78,0.000247,8790.00
71.800,2695.05,-61.60,0.260329,100.00,838.105164,4266.53,0.000100,6995.00
71.850,1763.77,-68.30,0.217761,100.00,948.233643,3238.55,0.000024,2385.00
71.900,3560.93,-62.17,0.199161,100.00,722.747131,4877.41,0.000140,9595.00
71.950,4067.39,-61.36,0.173967,100.00,373.989899,5087.02,0.000224,10715.00
72.000,2693.56,-67.06,0.149129,100.00,445.362000,4066.56,0.000070,6445.00
72.050,3391.39,-62.16,0.142309,100.00,386.416718,4088.05,0.000257,7455.00
72.100,4120.79,-56.92,0.153611,100.00,389.929810,4270.41,0.000879,8670.00
72.150,3779.10,-59.46,0.141035,100.00,303.116119,4042.24,0.000534,7960.00
72.200,2647.60,-66.70,0.120258,100.00,352.451019,3429.37,0.000111,5340.00
72.250,4641.86,-61.75,0.114720,100.00,268.686432,5067.31,0.000437,11085.00
72.300,4829.86,-61.25,0.108577,100.00,227.898590,5042.71,0.000550,11160.00
72.350,3202.66,-64.75,0.104717,100.00,217.008377,3727.10,0.000237,7175.00
72.400,3983.55,-63.15,0.097398,100.00,242.890564,4562.42,0.000424,9275.00
72.450,5134.50,-60.74,0.099031,195.00,271.385559,5150.91,0.000768,11495.00
72.500,3973.37,-62.35,0.104756,195.00,247.804733,4457.90,0.000440,9130.00
72.550,3249.71,-64.35,0.103623,195.00,249.267303,3786.57,0.000259,7295.00
72.600,3812.32,-60.00,0.151460,785.00,704.995056,4728.88,0.000417,9420.00
72.650,3243.44,-60.96,0.218916,65.00,832.439392,4594.55,0.000161,8630.00
72.700,1781.85,-68.96,0.202230,50.00,855.928467,3177.23,0.000022,2345.00
72.750,3541.42,-60.76,0.166158,45.00,882.758667,4269.52,0.000259,7975.00
72.800,4171.52,-57.23,0.151490,40.00,470.813202,4399.52,0.000787,9110.00
72.850,3657.60,-61.44,0.114035,195.00,502.347382,4063.58,0.000449,7925.00
72.900,3114.26,-66.24,0.100410,195.00,398.663025,4006.33,0.000179,7010.00
72.950,5072.12,-61.05,0.102221,195.00,301.637482,5165.67,0.000673,11590.00
73.000,4763.01,-61.84,0.103017,885.00,318.315643,5003.66,0.000520,11065.00
73.050,3436.95,-65.98,0.095815,885.00,243.148743,3760.23,0.000187,7665.00
73.100,3759.50,-61.46,0.123880,885.00,541.014893,4634.15,0.000421,8965.00
73.150,3426.44,-59.75,0.210829,70.00,890.881470,4710.31,0.000242,8975.00
73.200,2213.37,-65.88,0.219191,55.00,834.167969,3892.73,0.000044,5325.00
73.250,2592.84,-66.92,0.176708,45.00,920.722839,4186.83,0.000049,6745.00
73.300,4588.64,-61.23,0.147306,45.00,536.740601,5267.68,0.000308,11360.00
73.350,4159.82,-63.32,0.110883,40.00,441.300842,5048.70,0.000313,10760.00
73.400,2590.22,-69.45,0.084366,585.00,441.985870,3562.42,0.000097,5650.00
73.450,3792.36,-58.98,0.121581,585.00,559.517639,4254.24,0.000838,8290.00
73.500,3920.64,-57.17,0.175003,100.00,602.953430,4269.24,0.000663,8465.00
73.550,3304.29,-63.10,0.173191,100.00,548.428345,3918.92,0.000127,7200.00
73.600,3344.73,-65.33,0.171412,100.00,236.033981,4513.76,0.000069,8525.00
73.650,5025.06,-61.19,0.168023,100.00,191.493805,5297.10,0.000210,11635.00
73.700,4021.44,-62.66,0.160300,100.00,197.000549,4796.94,0.000165,9950.00
73.750,2921.55,-65.53,0.148071,100.00,208.907928,3737.81,0.000092,7050.00
73.800,4883.41,-61.46,0.135573,100.00,239.660507,5195.02,0.000326,11230.00
73.850,5246.41,-61.01,0.125587,100.00,176.380707,5252.91,0.000415,11630.00
73.900,3522.75,-64.47,0.117665,100.00,149.009293,4126.54,0.000182,8235.00
73.950,3410.35,-62.47,0.131528,100.00,439.856140,4418.30,0.000283,8360.00
74.000,3421.48,-59.58,0.215312,100.00,908.406067,4761.12,0.000240,9140.00
74.050,2567.72,-63.82,0.242525,85.00,955.846802,4318.29,0.000060,7350.00
74.100,1988.55,-67.41,0.207835,45.00,910.011841,3453.87,0.000031,4575.00
74.150,3891.66,-58.55,0.187774,45.00,676.332825,4393.32,0.000398,8740.00
74.200,4046.97,-58.18,0.164019,85.00,372.501556,4361.13,0.000569,8890.00
74.250,3095.12,-65.28,0.127488,85.00,486.684723,3838.62,0.000132,7065.00
74.300,4448.27,-63.66,0.118503,85.00,229.193649,5072.19,0.000228,10850.00
74.350,5671.86,-60.93,0.112783,85.00,112.763496,5411.78,0.000507,12185.00
74.400,4140.49,-63.78,0.108598,85.00,134.226532,4802.38,0.000256,9975.00
74.450,3192.16,-64.85,0.111421,90.00,214.354752,4060.90,0.000194,7640.00
74.500,3466.54,-59.81,0.186400,90.00,852.150269,4714.75,0.000299,9020.00
74.550,2923.94,-61.32,0.269334,65.00,998.136780,4581.59,0.000098,8180.00
74.600,1464.79,-70.65,0.245357,65.00,997.329407,3228.54,0.000009,2080.00
74.650,3511.46,-63.79,0.207550,65.00,700.077454,4995.81,0.000081,9940.00
74.700,4545.53,-61.61,0.185515,65.00,355.672729,5423.70,0.000174,11540.00
74.750,3186.31,-67.13,0.169752,65.00,430.375031,4771.23,0.000047,9200.00
74.800,3148.53,-64.43,0.169375,65.00,325.754150,4080.49,0.000089,7245.00
74.850,4166.07,-57.38,0.176146,65.00,364.142487,4340.44,0.000567,8825.00
74.900,4122.24,-58.74,0.160973,65.00,222.885010,4288.17,0.000464,8770.00
74.950,2839.79,-67.14,0.141928,65.00,327.931244,3724.33,0.000057,6535.00
75.000,4831.73,-63.20,0.132750,65.00,158.448090,5317.68,0.000198,11420.00
75.050,5559.94,-61.59,0.123905,65.00,135.089172,5432.94,0.000344,12160.00
75.100,3712.46,-64.54,0.115089,65.00,190.826263,4407.91,0.000184,8800.00
75.150,3953.60,-64.32,0.109464,65.00,127.940170,4620.02,0.000229,9255.00
75.200,6027.42,-61.86,0.103187,65.00,161.592133,5514.15,0.000494,12585.00
75.250,5078.98,-62.38,0.095879,65.00,148.418243,5106.04,0.000483,11155.00
75.300,3564.39,-65.40,0.092432,65.00,162.914764,4010.78,0.000224,8055.00
75.350,4173.69,-60.60,0.131266,65.00,630.140808,4961.97,0.000445,10185.00
75.400,3651.93,-60.31,0.219287,65.00,827.166809,4970.06,0.000176,9885.00
75.450,2018.64,-67.86,0.213865,65.00,845.542786,3922.00,0.000025,5310.00
75.500,3280.88,-62.44,0.171198,45.00,899.712891,4272.95,0.000165,7605.00
75.550,4229.14,-57.39,0.153921,40.00,521.803589,4463.13,0.000783,9090.00
75.600,4025.34,-60.32,0.113273,40.00,462.102509,4305.29,0.000649,8695.00
75.650,3159.64,-67.54,0.088878,590.00,450.384949,4036.58,0.000143,7270.00
75.700,5815.78,-62.09,0.087598,590.00,148.347748,5403.00,0.000620,12310.00
75.750,5753.67,-61.89,0.090041,590.00,76.333794,5391.27,0.000614,12250.00
75.800,3792.57,-65.92,0.088747,590.00,112.589775,4231.44,0.000206,8495.00
75.850,3976.52,-62.48,0.105393,590.00,403.619049,4722.99,0.000414,9585.00
75.900,3794.61,-59.79,0.195621,65.00,878.486328,4954.67,0.000261,10160.00
75.950,2655.35,-64.86,0.223265,65.00,799.821594,4485.14,0.000052,7980.00
76.000,2137.22,-69.61,0.180742,45.00,960.268250,4049.50,0.000022,5725.00
76.050,4712.17,-62.30,0.151043,45.00,626.266479,5465.93,0.000216,11690.00
76.100,4748.03,-63.23,0.114991,40.00,371.878082,5462.36,0.000290,11760.00
76.150,2933.72,-70.65,0.076697,585.00,441.269806,4308.91,0.000080,7995.00
76.200,3855.78,-60.05,0.103133,230.00,442.214813,4391.42,0.000889,8575.00
76.250,3968.40,-56.85,0.168252,60.00,643.469055,4394.25,0.000807,8800.00
76.300,3652.29,-61.67,0.172418,60.00,607.923096,4198.89,0.000183,8150.00
76.350,3121.56,-66.83,0.173434,60.00,289.735596,4422.75,0.000043,7980.00
76.400,5249.08,-61.98,0.177490,60.00,128.841400,5484.26,0.000146,12075.00
76.450,4541.23,-62.55,0.177001,60.00,117.741066,5200.64,0.000131,11090.00
76.500,2821.53,-65.88,0.171402,60.00,232.143661,3772.64,0.000060,7080.00
76.550,4320.64,-62.18,0.163469,60.00,291.697083,5027.97,0.000186,10545.00
76.600,5537.25,-61.15,0.147036,60.00,226.109177,5372.68,0.000285,12095.00
76.650,3841.81,-63.97,0.135404,60.00,190.867661,4471.23,0.000158,9060.00
76.700,3463.77,-63.51,0.130993,60.00,256.395233,4341.61,0.000208,8280.00
76.750,3616.37,-59.70,0.207350,65.00,991.625549,4870.50,0.000247,9465.00
76.800,2913.65,-62.41,0.272197,65.00,774.876221,4607.19,0.000069,8375.00
76.850,1793.98,-68.70,0.231002,65.00,925.902954,3346.74,0.000016,4075.00
76.900,3636.24,-59.22,0.191497,45.00,768.233582,4284.81,0.000312,8205.00
76.950,4005.37,-57.68,0.169860,70.00,510.292725,4320.59,0.000590,8765.00
77.000,3387.44,-63.71,0.145879,65.00,574.434143,3976.29,0.000151,7565.00
77.050,3931.12,-64.47,0.144548,65.00,325.897797,4726.40,0.000122,9435.00
77.100,5521.13,-60.57,0.139376,65.00,163.415131,5309.42,0.000360,12080.00
77.150,4581.40,-62.39,0.129824,65.00,170.977646,4911.90,0.000256,10515.00
77.200,3290.21,-64.84,0.117938,65.00,259.259521,3906.26,0.000171,7630.00
77.250,3236.52,-60.02,0.182077,65.00,1035.644409,4528.33,0.000313,8305.00
77.300,2891.39,-60.41,0.267307,100.00,796.014648,4513.11,0.000132,7995.00
77.350,1682.11,-68.26,0.235533,100.00,993.112488,3425.13,0.000020,3005.00
77.400,2691.99,-64.48,0.214897,100.00,822.722107,4391.94,0.000065,7605.00
77.450,3832.57,-60.94,0.200689,100.00,503.406403,5101.90,0.000185,10495.00
77.500,3056.54,-64.49,0.175210,100.00,447.759125,4599.00,0.000095,8590.00
77.550,2492.24,-66.46,0.157322,100.00,407.735931,3688.34,0.000069,5645.00
77.600,3969.06,-57.89,0.164282,100.00,432.880707,4367.71,0.000622,8600.00
77.650,4045.05,-57.91,0.160343,100.00,305.342468,4325.52,0.000632,8700.00
77.700,2822.58,-65.47,0.141603,100.00,361.843323,3668.62,0.000100,6440.00
77.750,3587.78,-63.48,0.135021,100.00,282.555664,4742.77,0.000204,9505.00
77.800,4471.56,-60.74,0.139599,100.00,333.743927,5156.61,0.000388,11055.00
77.850,3441.39,-63.42,0.130509,440.00,235.107773,4369.81,0.000214,8540.00
77.900,3178.26,-64.71,0.120957,440.00,261.286041,4018.24,0.000176,7625.00
77.950,4898.21,-61.52,0.114629,445.00,235.907288,5298.55,0.000457,11505.00
78.000,4628.73,-61.73,0.111562,195.00,160.371857,5091.95,0.000456,10935.00
78.050,3135.93,-65.23,0.110102,195.00,224.078201,3766.66,0.000175,7305.00
78.100,3719.00,-61.33,0.124795,195.00,532.084106,4633.51,0.000407,9035.00
78.150,3548.51,-59.96,0.204119,70.00,853.836792,4803.38,0.000224,9390.00
78.200,2172.10,-65.98,0.221491,55.00,807.223083,3944.57,0.000040,5535.00
78.250,2642.69,-64.20,0.183244,45.00,908.081726,3914.04,0.000093,6285.00
78.300,4031.23,-57.60,0.164900,45.00,631.147949,4408.32,0.000658,9035.00
78.350,3902.04,-59.14,0.133659,40.00,434.938873,4276.77,0.000660,8585.00
78.400,2624.73,-67.10,0.113022,195.00,503.277924,3520.31,0.000104,5955.00
78.450,4378.71,-62.34,0.115489,195.00,262.092896,5074.82,0.000387,10835.00
78.500,4734.10,-61.11,0.118972,195.00,314.337250,5191.05,0.000510,11305.00
78.550,3513.37,-64.92,0.111309,885.00,267.724609,4248.00,0.000201,8240.00
78.600,3418.39,-63.46,0.120176,885.00,360.558380,4332.13,0.000263,8225.00
78.650,3614.52,-59.69,0.190589,75.00,870.466125,4812.27,0.000298,9360.00
78.700,2688.56,-63.15,0.231836,60.00,801.258362,4422.15,0.000082,7805.00
78.750,1571.19,-70.86,0.195544,50.00,969.091125,3257.20,0.000014,2255.00
78.800,4058.91,-62.41,0.165801,45.00,726.610596,5180.50,0.000169,10895.00
78.850,4301.83,-61.85,0.138084,40.00,391.569366,5255.57,0.000288,11215.00
78.900,2624.55,-68.84,0.106617,350.00,484.283203,4128.40,0.000078,7080.00
78.950,3360.87,-61.81,0.112547,580.00,441.293457,4104.64,0.000440,7450.00
79.000,3790.73,-57.09,0.174527,100.00,666.587830,4245.70,0.000643,8335.00
79.050,3486.53,-60.42,0.190723,100.00,598.577942,4079.77,0.000212,7725.00
79.100,2356.85,-67.38,0.189757,100.00,385.873505,3574.90,0.000036,5425.00
79.150,4373.00,-62.04,0.180165,100.00,234.787766,5170.16,0.000159,11045.00
79.200,4374.20,-61.71,0.168972,100.00,256.790192,5101.58,0.000196,10785.00
79.250,2791.12,-65.50,0.164291,100.00,253.291870,3760.36,0.000075,6870.00
79.300,3899.00,-62.77,0.148600,100.00,252.980637,4779.50,0.000203,9615.00
79.350,5231.22,-60.88,0.134717,100.00,263.846497,5333.38,0.000397,11690.00
79.400,3864.51,-63.12,0.128298,100.00,190.240784,4613.67,0.000238,9260.00
79.450,3108.48,-64.26,0.125711,100.00,265.088623,3991.85,0.000189,7535.00
79.500,3476.83,-59.94,0.189150,100.00,815.222717,4772.49,0.000293,9145.00
79.550,2866.34,-61.29,0.249494,85.00,959.057495,4554.15,0.000120,8215.00
79.600,1411.87,-69.23,0.230503,85.00,961.340820,2999.34,0.000016,1860.00
79.650,3295.84,-60.37,0.203764,45.00,821.430908,4208.88,0.000219,7745.00
79.700,3919.16,-57.29,0.189621,85.00,512.868164,4358.31,0.000558,8765.00
79.750,3346.78,-61.96,0.153538,85.00,496.952179,4064.08,0.000234,7750.00
79.800,2977.97,-66.03,0.133571,85.00,392.498657,4238.90,0.000108,7465.00
79.850,5147.24,-61.31,0.123033,85.00,252.275726,5366.99,0.000418,11670.00
79.900,4588.08,-62.50,0.117144,85.00,156.356842,5180.89,0.000334,11085.00
79.950,2948.74,-66.37,0.113196,85.00,198.309616,3779.14,0.000119,7170.00
80.000,3388.90,-61.06,0.153450,90.00,675.916382,4585.79,0.000309,8675.00
80.050,3060.58,-59.55,0.258333,70.00,1014.411804,4486.51,0.000169,8110.00
80.100,1960.36,-64.88,0.275544,65.00,1039.216919,3279.23,0.000037,3195.00
80.150,2369.23,-64.48,0.234251,65.00,853.437073,3774.98,0.000057,4710.00
80.200,3991.67,-60.61,0.207122,65.00,507.146545,5062.50,0.000182,10725.00
80.250,3619.91,-63.54,0.179274,65.00,436.599579,4919.00,0.000112,10005.00
80.300,2382.96,-67.99,0.172340,65.00,407.264130,3678.74,0.000036,5825.00
80.350,3962.84,-58.59,0.177699,65.00,400.204041,4339.61,0.000434,8710.00
80.400,4073.97,-57.22,0.174450,65.00,292.225891,4246.11,0.000649,8735.00
80.450,3015.16,-62.98,0.162638,65.00,453.163788,3492.23,0.000154,6290.00
80.500,3283.21,-63.68,0.150429,65.00,289.060974,4178.86,0.000154,7915.00
80.550,5017.53,-60.50,0.132912,65.00,273.603027,5164.26,0.000408,11365.00
80.600,4231.44,-62.70,0.121236,65.00,214.633514,4802.90,0.000275,10040.00
80.650,3297.12,-65.31,0.123912,65.00,231.934814,3965.65,0.000128,7815.00
80.700,5070.25,-61.87,0.122763,65.00,172.717896,5320.80,0.000324,11660.00
80.750,4909.24,-60.70,0.108263,65.00,268.521210,5042.43,0.000587,11105.00
80.800,3269.94,-64.02,0.104873,65.00,244.396576,3681.90,0.000272,7165.00
80.850,3639.40,-61.59,0.116806,65.00,456.251343,4379.45,0.000463,8550.00
80.900,3775.89,-59.43,0.199469,65.00,796.946960,4857.74,0.000291,9875.00
80.950,2590.36,-64.32,0.229503,65.00,784.380066,4342.46,0.000059,7535.00
81.000,2385.79,-66.28,0.181406,45.00,954.651855,3795.10,0.000052,5690.00
81.050,4060.55,-58.06,0.160869,45.00,662.778748,4440.26,0.000575,8805.00
81.100,4018.02,-58.30,0.138804,40.00,448.238647,4293.88,0.000733,8665.00
81.150,2862.69,-65.55,0.111838,390.00,525.436707,3475.76,0.000159,6070.00
81.200,4382.83,-62.90,0.111050,390.00,282.323273,4953.67,0.000330,10660.00
81.250,5531.14,-60.88,0.107955,390.00,188.444504,5363.06,0.000583,12125.00
81.300,4277.50,-64.20,0.089286,590.00,240.362259,4738.60,0.000348,9915.00
81.350,3715.03,-64.55,0.089705,590.00,248.397629,4340.78,0.000320,8600.00
81.400,3899.52,-59.77,0.167267,590.00,784.452271,4918.06,0.000363,10110.00
81.450,3056.45,-61.43,0.229260,65.00,821.679016,4579.52,0.000125,8545.00
81.500,1567.06,-70.10,0.199816,50.00,952.320068,2971.37,0.000016,2365.00
81.550,3774.33,-63.06,0.166229,45.00,823.223816,5000.98,0.000144,10175.00
81.600,4609.70,-61.65,0.137375,40.00,377.211182,5382.68,0.000303,11545.00
81.650,3372.44,-67.59,0.093781,585.00,481.247131,4781.36,0.000135,9350.00
81.700,3459.16,-63.46,0.089279,585.00,387.624603,4250.20,0.000487,7800.00
81.750,3829.57,-57.06,0.160822,60.00,728.418396,4362.47,0.000909,8675.00
81.800,3610.43,-59.05,0.189637,60.00,607.354980,4196.13,0.000364,8120.00
81.850,2377.15,-67.12,0.186515,60.00,498.828186,3379.25,0.000035,5375.00
81.900,4213.39,-62.42,0.186529,60.00,231.330078,5154.97,0.000123,10865.00
81.950,4747.93,-61.43,0.184763,60.00,198.455414,5330.34,0.000163,11470.00
82.000,3040.20,-64.87,0.178209,60.00,196.156860,4129.88,0.000074,7805.00
82.050,3355.35,-63.61,0.171014,60.00,327.617950,4457.57,0.000119,8515.00
82.100,5014.43,-60.74,0.159217,60.00,269.680267,5280.92,0.000276,11490.00
82.150,4024.20,-62.17,0.146106,60.00,240.721130,4741.76,0.000228,9770.00
82.200,3016.85,-64.94,0.137400,60.00,211.789352,3746.32,0.000126,7120.00
82.250,3489.11,-60.44,0.173727,60.00,760.474548,4701.18,0.000292,8885.00
82.300,3192.31,-60.69,0.264347,65.00,912.224731,4720.16,0.000118,8795.00
82.350,1778.58,-68.23,0.253892,65.00,903.095276,3557.46,0.000016,3705.00
82.400,3117.67,-61.67,0.200281,65.00,790.180847,4147.28,0.000154,7305.00
82.450,3941.60,-57.31,0.184149,70.00,664.069763,4358.31,0.000581,8745.00
82.500,3554.75,-60.67,0.162469,70.00,512.822021,4125.93,0.000294,7985.00
82.550,2657.26,-66.68,0.156195,65.00,471.370178,3768.46,0.000063,6110.00
82.600,4839.05,-61.33,0.152791,65.00,218.406311,5217.72,0.000264,11380.00
82.650,4739.24,-61.69,0.146682,65.00,161.579453,5179.28,0.000259,11330.00
82.700,3016.75,-65.99,0.135124,65.00,260.950836,3836.29,0.000091,7310.00
82.750,3115.44,-61.79,0.148240,65.00,724.965088,4368.22,0.000300,7785.00
82.800,3078.36,-59.61,0.251852,100.00,964.268066,4581.22,0.000190,8405.00
82.850,2163.88,-64.79,0.250926,100.00,910.358643,3955.14,0.000047,5520.00
82.900,1871.51,-67.69,0.217473,100.00,849.310364,3621.62,0.000028,3200.00
82.950,3708.56,-61.43,0.204172,100.00,614.362549,5060.77,0.000160,10295.00
83.000,3585.00,-62.87,0.183176,100.00,439.705353,5015.75,0.000135,10125.00
83.050,1912.63,-69.82,0.161257,100.00,441.308472,3464.06,0.000026,3915.00
83.100,3691.33,-59.80,0.159967,100.00,404.207855,4295.37,0.000386,8325.00
83.150,4123.54,-57.09,0.162794,100.00,340.741516,4357.05,0.000769,8795.00
83.200,3373.61,-62.35,0.144920,100.00,341.117645,4003.86,0.000227,7495.00
83.250,2818.17,-65.96,0.134601,100.00,288.894104,4182.74,0.000101,7100.00
83.300,4438.59,-61.18,0.138507,100.00,377.565735,5227.19,0.000334,11115.00
83.350,4046.45,-62.27,0.131339,100.00,255.686172,4934.82,0.000277,10285.00
83.400,2926.88,-65.67,0.121637,440.00,280.300781,3753.40,0.000129,7135.00
83.450,4418.29,-62.44,0.119617,100.00,259.438934,5171.68,0.000328,11040.00
83.500,5005.65,-61.37,0.118365,445.00,210.653717,5344.28,0.000443,11655.00
83.550,3418.78,-64.11,0.113265,195.00,278.104279,4190.88,0.000234,8205.00
83.600,3388.61,-63.06,0.118442,195.00,340.755981,4286.07,0.000289,8185.00
83.650,3721.89,-59.72,0.183268,75.00,808.834900,4832.65,0.000306,9640.00
83.700,2706.99,-63.09,0.229290,65.00,801.098206,4408.69,0.000083,7800.00
83.750,1687.43,-68.55,0.198902,50.00,895.794006,3193.88,0.000025,3280.00
83.800,3752.66,-58.82,0.173690,45.00,806.538940,4350.80,0.000424,8510.00
83.850,3986.33,-57.71,0.153629,40.00,429.774017,4345.24,0.000724,8815.00
83.900,3053.18,-64.23,0.120349,195.00,561.769836,3830.80,0.000201,6900.00
83.950,3590.12,-64.38,0.120484,195.00,342.773804,4674.40,0.000198,9020.00
84.000,4829.50,-60.90,0.119958,195.00,342.063416,5216.25,0.000505,11390.00
84.050,4017.06,-63.39,0.114497,885.00,329.122192,4754.63,0.000280,9760.00
84.100,3171.04,-65.52,0.113459,885.00,255.367050,3922.69,0.000158,7635.00
84.150,3653.00,-60.23,0.161949,885.00,724.910400,4760.23,0.000348,9255.00
84.200,3136.99,-60.93,0.228908,65.00,830.059326,4675.07,0.000149,8700.00
84.250,1621.27,-69.62,0.210045,50.00,922.471008,3364.84,0.000017,2120.00
84.300,3294.58,-64.53,0.175798,45.00,858.492554,4814.13,0.000088,9210.00
84.350,4421.38,-61.28,0.151340,40.00,427.450012,5308.86,0.000280,11330.00
84.400,3334.88,-65.68,0.118437,350.00,486.500305,4754.91,0.000150,9350.00
84.450,2819.14,-65.75,0.103624,585.00,400.338318,3848.45,0.000194,6485.00
84.500,3774.63,-57.57,0.149357,100.00,701.179688,4277.39,0.000865,8325.00
84.550,3735.70,-58.25,0.182824,100.00,555.444824,4212.31,0.000466,8215.00
84.600,2552.51,-66.18,0.182853,100.00,530.195496,3476.64,0.000046,5905.00
84.650,3782.96,-63.44,0.184998,100.00,239.123383,4918.86,0.000108,10040.00
84.700,4702.97,-61.14,0.177201,100.00,263.642212,5266.64,0.000213,11340.00
84.750,3273.13,-63.99,0.167199,100.00,241.516815,4320.37,0.000112,8290.00
84.800,3238.13,-64.34,0.146888,100.00,287.369873,4222.40,0.000136,8050.00
84.850,5214.75,-61.07,0.131243,100.00,310.666473,5328.06,0.000386,11655.00
84.900,4610.61,-61.95,0.122981,100.00,177.537766,5065.05,0.000349,10775.00
84.950,3143.98,-65.33,0.117226,100.00,192.824081,3820.73,0.000149,7440.00
85.000,3441.23,-61.06,0.157126,100.00,643.637329,4646.14,0.000317,8745.00
85.050,3192.23,-60.02,0.240460,85.00,968.554749,4723.34,0.000184,8760.00
85.100,1879.05,-66.47,0.243462,85.00,988.507385,3698.57,0.000033,3805.00
85.150,2593.30,-63.48,0.211266,45.00,914.989319,3883.59,0.000089,6010.00
85.200,3899.78,-57.42,0.193347,85.00,575.490906,4400.41,0.000513,8750.00
85.250,3766.99,-59.40,0.160240,85.00,473.342499,4293.81,0.000433,8540.00
85.300,2502.48,-67.32,0.133942,85.00,463.423096,3577.94,0.000072,5820.00
85.350,4732.20,-62.11,0.124318,85.00,250.966537,5241.84,0.000331,11300.00
85.400,5078.75,-61.48,0.118980,85.00,164.483627,5330.53,0.000423,11675.00
85.450,3226.87,-65.36,0.115736,85.00,177.958862,4133.65,0.000158,7860.00
85.500,3218.80,-62.90,0.127868,90.00,436.685944,4317.46,0.000273,7810.00
85.550,3343.60,-59.52,0.225392,70.00,974.519470,4690.54,0.000227,8895.00
85.600,2427.76,-63.53,0.279040,65.00,1008.162354,4235.72,0.000051,6650.00
85.650,1501.28,-69.82,0.244974,65.00,980.539246,3282.74,0.000012,1865.00
85.700,3847.09,-62.12,0.216669,65.00,602.300842,5189.21,0.000106,10775.00
85.750,4095.40,-62.36,0.190601,65.00,394.126099,5301.05,0.000129,11070.00
85.800,2130.53,-69.67,0.181604,65.00,460.972351,3847.60,0.000021,5190.00
85.850,3545.08,-61.12,0.179733,65.00,328.894104,4240.93,0.000214,7995.00
85.900,4187.93,-56.91,0.182249,65.00,277.376434,4386.48,0.000647,8915.00
85.950,3791.86,-60.72,0.164193,65.00,347.764526,4211.95,0.000277,8255.00
86.000,2704.32,-67.34,0.151335,65.00,266.159058,3962.88,0.000050,6530.00
86.050,5140.75,-62.09,0.133891,65.00,238.164536,5396.09,0.000250,11795.00
86.100,5032.15,-62.08,0.120506,65.00,203.865051,5285.26,0.000313,11650.00
86.150,3291.41,-65.63,0.117707,65.00,220.664261,3954.07,0.000127,7805.00
86.200,4511.68,-63.15,0.119636,65.00,188.597641,5083.29,0.000248,10885.00
86.250,5759.08,-61.59,0.113668,65.00,165.178391,5468.56,0.000418,12340.00
86.300,4209.90,-63.47,0.102482,65.00,232.462753,4669.48,0.000314,9680.00
86.350,3587.59,-64.15,0.103877,65.00,219.415543,4261.76,0.000262,8290.00
86.400,3985.36,-59.99,0.170213,65.00,745.255371,4951.27,0.000330,10135.00
86.450,3127.42,-62.04,0.236497,65.00,814.283936,4723.09,0.000101,8895.00
86.500,1620.96,-69.73,0.201186,50.00,936.439880,3274.91,0.000016,3020.00
86.550,3724.36,-60.22,0.165180,45.00,791.862732,4316.57,0.000293,8305.00
86.600,4130.02,-57.93,0.148759,40.00,454.370331,4321.54,0.000680,8830.00
86.650,3500.79,-63.05,0.114054,395.00,527.857178,4014.42,0.000273,7805.00
86.700,3790.81,-65.92,0.103394,390.00,382.229248,4718.65,0.000163,9390.00
86.750,5795.78,-61.42,0.100852,590.00,197.832870,5419.14,0.000570,12325.00
86.800,5055.19,-63.00,0.097860,590.00,232.960190,5206.21,0.000392,11420.00
86.850,3580.95,-66.38,0.090625,590.00,176.261215,4039.70,0.000177,8085.00
86.900,4079.65,-60.90,0.127249,590.00,620.960632,4931.41,0.000463,10250.00
86.950,3608.54,-60.37,0.214162,65.00,872.513062,4944.41,0.000195,10010.00
87.000,2033.38,-68.18,0.212508,50.00,856.911194,3980.20,0.000024,5550.00
87.050,3163.57,-66.32,0.171274,45.00,920.210815,4839.41,0.000057,8975.00
87.100,4978.98,-61.72,0.142199,45.00,468.342987,5552.94,0.000272,12115.00
87.150,4296.93,-64.97,0.104083,40.00,431.275940,5340.27,0.000214,11260.00
87.200,2879.78,-68.16,0.078492,585.00,404.621765,4017.05,0.000162,6885.00
87.250,3833.63,-58.05,0.133092,65.00,642.560303,4384.22,0.000948,8575.00
87.300,3896.65,-57.39,0.182781,60.00,656.674072,4363.14,0.000591,8730.00
87.350,3206.11,-64.68,0.180264,60.00,613.755432,3967.68,0.000077,7325.00
87.400,3927.97,-64.93,0.181458,60.00,232.898178,5032.07,0.000068,10350.00
87.450,5428.25,-61.76,0.179399,60.00,175.560745,5479.39,0.000160,12140.00
87.500,3987.58,-63.75,0.172575,60.00,159.456467,4806.88,0.000100,9810.00
87.550,3265.19,-65.45,0.160859,60.00,167.021561,4111.44,0.000076,7945.00
87.600,5450.81,-61.64,0.147064,60.00,202.209061,5355.23,0.000243,11820.00
87.650,5389.93,-61.78,0.133148,60.00,190.576935,5301.22,0.000282,11780.00
87.700,3524.06,-65.24,0.124403,60.00,186.784729,4048.52,0.000129,8150.00
87.750,3615.97,-61.91,0.136474,60.00,492.244141,4672.74,0.000296,8875.00
87.800,3572.60,-59.82,0.237018,65.00,1072.307739,4918.79,0.000176,9575.00
87.850,2436.84,-65.13,0.268987,65.00,833.093506,4302.48,0.000034,7060.00
87.900,2485.74,-65.35,0.213959,65.00,867.250366,3873.77,0.000046,5950.00
87.950,4010.69,-57.75,0.183125,45.00,716.314148,4433.69,0.000484,8890.00
88.000,4056.01,-58.61,0.152416,70.00,431.256622,4363.60,0.000554,8920.00
88.050,2909.35,-66.49,0.138331,65.00,561.925903,3753.80,0.000078,6635.00
88.100,4720.45,-63.06,0.134435,65.00,264.618652,5183.01,0.000207,11310.00
88.150,5610.25,-61.18,0.123790,65.00,208.143219,5382.90,0.000396,12225.00
88.200,3876.01,-64.54,0.114527,65.00,219.952362,4546.13,0.000193,9145.00
88.250,3212.30,-63.87,0.116228,65.00,391.940277,4201.54,0.000256,7765.00
88.300,3251.81,-59.46,0.220126,100.00,1115.863403,4636.40,0.000259,8620.00
88.350,2673.62,-61.94,0.267171,100.00,859.990356,4366.17,0.000090,7530.00
88.400,1647.54,-68.70,0.227834,100.00,938.127991,3182.94,0.000017,3010.00
88.450,3279.14,-62.35,0.214688,100.00,763.959229,4799.25,0.000112,9180.00
88.500,3817.03,-61.40,0.196926,100.00,463.686340,5118.11,0.000168,10590.00
88.550,2483.86,-67.42,0.170822,100.00,457.994049,4135.18,0.000046,6710.00
88.600,3179.96,-62.74,0.158792,100.00,389.166687,4062.75,0.000180,7240.00
88.650,4101.04,-56.97,0.163941,100.00,408.781586,4346.01,0.000790,8760.00
88.700,3861.29,-59.38,0.150283,100.00,296.050537,4213.45,0.000481,8335.00
88.750,2456.97,-67.28,0.139276,100.00,334.236877,3481.79,0.000066,5555.00
88.800,4099.06,-61.87,0.136052,100.00,310.537994,5038.48,0.000311,10685.00
88.850,4434.31,-61.14,0.133459,100.00,284.583557,5150.31,0.000385,11045.00
88.900,3033.40,-64.74,0.130247,440.00,281.928833,3927.51,0.000150,7375.00
88.950,3621.69,-63.43,0.127075,440.00,254.601807,4563.46,0.000227,8925.00
89.000,4911.52,-61.12,0.123098,390.00,238.108353,5321.26,0.000450,11555.00
89.050,3959.30,-62.57,0.120258,195.00,229.365875,4687.10,0.000321,9445.00
89.100,3150.00,-64.79,0.115486,195.00,246.078247,3863.76,0.000189,7390.00
89.150,3812.34,-60.19,0.152974,195.00,675.847534,4795.78,0.000393,9550.00
89.200,3227.63,-60.90,0.224185,65.00,838.287415,4692.60,0.000157,8780.00
89.250,1642.38,-68.91,0.214624,50.00,862.114746,3311.35,0.000019,2520.00
89.300,3305.93,-61.13,0.179380,45.00,894.409241,4228.76,0.000229,7640.00
89.350,4047.61,-57.36,0.168167,40.00,520.875977,4392.21,0.000690,8985.00
89.400,3544.67,-61.38,0.143040,195.00,535.405457,4113.23,0.000313,7925.00
89.450,2745.88,-66.79,0.144940,195.00,438.994873,3955.67,0.000070,6550.00
89.500,4858.89,-61.41,0.136908,195.00,242.670258,5251.29,0.000319,11390.00
89.550,4709.62,-62.11,0.124900,195.00,251.533722,5155.27,0.000318,11150.00
89.600,3308.05,-66.27,0.112550,195.00,237.214935,3910.86,0.000120,7770.00
89.650,3628.81,-61.81,0.135107,195.00,545.265930,4624.90,0.000307,8820.00
89.700,3486.79,-60.14,0.209208,70.00,896.296692,4795.87,0.000207,9250.00
89.750,2229.32,-66.17,0.218711,55.00,836.977905,4051.00,0.000039,6245.00
89.800,2405.96,-67.52,0.180648,45.00,930.950562,4181.80,0.000038,6445.00
89.850,4278.60,-61.21,0.160485,45.00,604.109497,5276.04,0.000244,11160.00
89.900,3682.22,-62.95,0.144051,40.00,498.089355,4983.90,0.000205,10160.00
89.950,2112.84,-69.69,0.126605,585.00,514.895569,3379.65,0.000044,4315.00
90.000,3547.70,-59.22,0.143738,585.00,577.008484,4180.49,0.000619,7815.00
90.050,3801.21,-57.13,0.184767,100.00,604.960754,4250.91,0.000651,8340.00
90.100,3158.95,-62.76,0.181638,100.00,573.074585,3903.46,0.000139,7030.00
90.150,2930.90,-65.55,0.183453,100.00,325.165497,4280.56,0.000064,7560.00
90.200,4571.94,-61.23,0.186513,100.00,319.767578,5220.62,0.000188,11210.00
90.250,3849.97,-62.52,0.174588,100.00,238.520340,4798.64,0.000153,9735.00
90.300,2842.36,-65.65,0.151191,100.00,351.305145,3727.17,0.000085,6920.00
90.350,4560.22,-61.62,0.140531,100.00,287.770752,5091.66,0.000290,10840.00
90.400,5042.01,-61.16,0.130246,100.00,172.770218,5230.72,0.000374,11370.00
90.450,3442.05,-64.46,0.119051,100.00,223.458954,4131.43,0.000185,8215.00
90.500,3264.62,-62.73,0.135385,100.00,439.494141,4310.88,0.000260,8145.00
90.550,3312.41,-59.67,0.221080,100.00,908.337708,4704.23,0.000233,8795.00
90.600,2411.05,-63.42,0.252438,85.00,956.537415,4201.18,0.000068,6830.00
90.650,1730.51,-67.56,0.223297,85.00,950.998230,3195.86,0.000028,3530.00
90.700,3682.19,-58.50,0.203520,45.00,697.614502,4354.62,0.000358,8400.00
90.750,3899.33,-57.89,0.177773,85.00,475.248596,4360.18,0.000539,8760.00
90.800,2883.79,-64.81,0.142456,85.00,508.969940,3787.34,0.000124,6635.00
90.850,3791.97,-63.94,0.133933,85.00,293.580170,4833.34,0.000176,9770.00
90.900,5019.22,-60.99,0.130579,85.00,225.571777,5308.05,0.000391,11615.00
90.950,3671.39,-63.72,0.131065,85.00,187.681030,4645.13,0.000190,9235.00
91.000,2828.25,-65.08,0.134679,90.00,262.808197,3857.03,0.000131,6890.00
91.050,3291.60,-59.93,0.194111,90.00,869.640381,4617.37,0.000274,8675.00
91.100,2822.16,-61.20,0.274592,65.00,1040.241943,4504.31,0.000101,7880.00
91.150,1320.19,-70.23,0.263099,65.00,1046.183105,3008.75,0.000010,1430.00
91.200,2998.39,-63.92,0.229285,65.00,761.493652,4688.15,0.000068,8685.00
91.250,4107.26,-61.62,0.206636,65.00,448.472595,5258.60,0.000145,11070.00
91.300,2854.00,-66.86,0.191766,65.00,458.369415,4540.72,0.000042,8515.00
91.350,2801.38,-64.90,0.188831,65.00,345.787537,3937.07,0.000071,6585.00
91.400,4073.36,-57.44,0.194957,65.00,366.005951,4387.33,0.000499,8770.00
91.450,4030.27,-58.60,0.183294,65.00,244.969894,4317.53,0.000405,8690.00
91.500,2683.22,-66.96,0.160032,65.00,353.675812,3621.49,0.000051,6280.00
91.550,4528.05,-63.34,0.138850,65.00,233.570389,5228.28,0.000192,11105.00
91.600,5415.98,-61.45,0.126059,65.00,262.282257,5402.79,0.000379,12060.00
91.650,3682.78,-64.29,0.120987,65.00,214.770630,4423.17,0.000188,8795.00
91.700,3740.09,-64.33,0.118364,65.00,194.981155,4511.84,0.000201,8925.00
91.750,5718.31,-61.70,0.115113,65.00,211.798569,5509.72,0.000405,12355.00
91.800,4900.76,-62.24,0.110398,65.00,174.317368,5127.74,0.000374,11100.00
91.850,3400.43,-65.36,0.106633,65.00,200.755020,3967.23,0.000172,7865.00
91.900,4031.86,-60.89,0.136537,390.00,596.028442,4874.90,0.000408,9975.00
91.950,3592.24,-60.35,0.221634,65.00,823.158569,4910.38,0.000186,9755.00
92.000,2005.87,-67.53,0.218254,65.00,845.425293,3894.40,0.000029,5215.00
92.050,3114.00,-62.91,0.175332,45.00,921.717834,4166.18,0.000128,7400.00
92.100,4122.76,-57.66,0.161052,45.00,539.906616,4399.36,0.000619,8845.00
92.150,3880.65,-60.26,0.128431,585.00,477.114441,4236.07,0.000468,8440.00
92.200,3001.65,-67.54,0.100813,590.00,472.276642,3898.60,0.000104,6860.00
92.250,5694.33,-62.13,0.088491,590.00,192.753769,5386.63,0.000571,12210.00
92.300,5722.51,-61.79,0.088284,590.00,194.688187,5388.86,0.000638,12255.00
92.350,3755.61,-65.85,0.095295,590.00,179.435043,4261.17,0.000183,8560.00
92.400,3906.81,-62.59,0.107182,590.00,397.809784,4688.21,0.000380,9385.00
92.450,3813.14,-59.58,0.190384,65.00,867.854980,4957.61,0.000288,10120.00
92.500,2702.31,-64.29,0.223225,65.00,796.117676,4490.62,0.000062,8020.00
92.550,2041.05,-69.43,0.182867,45.00,955.301453,3908.33,0.000023,4965.00
92.600,4850.71,-62.16,0.149760,45.00,641.019958,5545.25,0.000222,11870.00
92.650,4983.82,-62.80,0.111919,40.00,365.127533,5579.73,0.000334,12145.00
92.700,2955.53,-70.13,0.076163,230.00,444.163147,4376.33,0.000099,8055.00
92.750,3750.61,-60.45,0.103878,585.00,448.608093,4328.57,0.000769,8385.00
92.800,3852.48,-56.91,0.175843,60.00,709.442322,4341.61,0.000726,8595.00
92.850,3516.87,-61.38,0.183649,60.00,632.222778,4148.07,0.000190,7865.00
92.900,2991.30,-66.92,0.179960,60.00,376.378510,4284.11,0.000041,7540.00
92.950,5351.04,-62.06,0.179275,60.00,194.393753,5484.95,0.000146,12105.00
93.000,4797.50,-62.38,0.174642,60.00,147.315079,5258.36,0.000139,11365.00
93.050,3039.89,-65.95,0.165714,60.00,153.625153,3848.34,0.000057,7475.00
93.100,4628.40,-62.39,0.152796,60.00,203.708542,5094.14,0.000186,10850.00
93.150,5769.98,-61.14,0.138860,60.00,193.922531,5391.92,0.000313,12195.00
93.200,3979.39,-63.79,0.130149,60.00,227.701172,4556.00,0.000183,9255.00
93.250,3469.67,-63.78,0.129174,60.00,265.045837,4295.31,0.000201,8265.00
93.300,3630.72,-59.89,0.205553,65.00,985.073853,4842.33,0.000244,9465.00
93.350,2879.80,-62.28,0.277883,65.00,776.284790,4559.59,0.000072,8310.00
93.400,1658.13,-69.18,0.236909,65.00,950.264954,3214.32,0.000014,3520.00
93.450,3530.92,-59.41,0.196087,65.00,776.350708,4301.59,0.000301,8150.00
93.500,3985.98,-57.63,0.184081,70.00,599.063354,4368.88,0.000535,8790.00
93.550,3246.23,-63.33,0.165795,65.00,567.928284,3993.21,0.000134,7395.00
93.600,3499.16,-64.99,0.156625,65.00,365.681610,4624.50,0.000092,8815.00
93.650,5274.25,-61.03,0.149012,65.00,199.080856,5356.29,0.000283,11895.00
93.700,4281.95,-62.84,0.140831,65.00,169.161819,4975.50,0.000198,10380.00
93.750,2929.70,-65.86,0.128032,65.00,274.578186,3765.97,0.000107,7075.00
93.800,3276.18,-60.34,0.175983,65.00,986.911865,4579.35,0.000294,8455.00
93.850,2938.71,-60.34,0.264521,100.00,818.024231,4566.11,0.000135,8135.00
93.900,1575.17,-68.14,0.238590,100.00,961.393921,3379.00,0.000022,2300.00
93.950,2427.81,-64.91,0.218803,100.00,839.516296,4261.69,0.000062,6730.00
94.000,3767.25,-61.17,0.200581,100.00,506.481476,5118.64,0.000185,10515.00
94.050,2890.93,-64.87,0.180654,100.00,509.603241,4581.02,0.000086,8505.00
94.100,2159.63,-67.20,0.164632,100.00,466.470337,3505.28,0.000053,4985.00
94.150,3819.33,-58.19,0.167774,100.00,453.406952,4279.70,0.000541,8415.00
94.200,3965.88,-57.96,0.161071,100.00,315.237030,4259.28,0.000608,8540.00
94.250,2621.62,-65.21,0.146083,100.00,384.826477,3579.73,0.000100,6150.00
94.300,3194.52,-63.77,0.147910,100.00,355.782349,4603.18,0.000169,8715.00
94.350,4204.84,-60.83,0.149581,100.00,337.799011,5141.83,0.000351,10850.00
94.400,3263.24,-63.31,0.136330,440.00,356.190216,4391.14,0.000216,8400.00
94.450,2887.15,-64.83,0.131256,440.00,280.483978,3920.34,0.000156,7210.00
94.500,4533.96,-61.69,0.129729,390.00,277.859619,5271.41,0.000360,11210.00
94.550,4345.11,-61.69,0.131691,585.00,266.007904,5095.33,0.000341,10675.00
94.600,2988.15,-65.00,0.126331,490.00,268.824677,3824.70,0.000146,7190.00
94.650,3552.36,-61.52,0.134967,195.00,534.078003,4580.95,0.000357,8710.00
94.700,3477.18,-59.84,0.207884,70.00,873.092590,4784.80,0.000247,9265.00
94.750,2119.02,-65.60,0.226188,55.00,822.122070,3937.06,0.000048,5490.00
94.800,2395.16,-64.71,0.190935,45.00,903.810486,3730.30,0.000074,5690.00
94.850,3889.61,-57.94,0.175227,45.00,659.309509,4325.71,0.000506,8730.00
94.900,3823.75,-59.35,0.145639,195.00,448.873138,4224.95,0.000494,8430.00
94.950,2511.81,-66.94,0.124640,195.00,507.266510,3474.48,0.000083,5845.00
95.000,4225.17,-62.59,0.125205,195.00,279.280365,5043.79,0.000282,10615.00
95.050,4860.73,-61.26,0.114416,195.00,251.726547,5249.73,0.000477,11485.00
95.100,3522.71,-64.83,0.101665,440.00,263.190094,4316.94,0.000236,8415.00
95.150,3276.90,-63.71,0.113252,440.00,354.485596,4237.74,0.000288,7995.00
95.200,3519.67,-59.62,0.183710,75.00,847.044067,4746.38,0.000339,9150.00
95.250,2646.94,-62.80,0.232901,60.00,833.805420,4365.29,0.000093,7610.00
95.300,1429.47,-70.87,0.210569,50.00,976.528564,3027.62,0.000013,1570.00
95.350,3681.18,-62.46,0.187427,45.00,749.060974,5014.99,0.000148,10175.00
95.400,4043.33,-61.65,0.160058,40.00,425.640045,5174.00,0.000250,10890.00
95.450,2500.30,-68.41,0.129135,875.00,510.758789,4059.81,0.000064,6600.00
95.500,3236.28,-62.10,0.131268,585.00,434.122009,4060.29,0.000334,7180.00
95.550,3770.60,-57.00,0.188514,585.00,681.419495,4267.18,0.000624,8330.00
95.600,3493.77,-60.04,0.196627,100.00,558.877075,4114.09,0.000244,7760.00
95.650,2302.66,-67.48,0.181842,100.00,455.923279,3496.66,0.000038,5360.00
95.700,4210.29,-62.14,0.178733,100.00,240.385132,5116.34,0.000163,10760.00
95.750,4300.96,-61.65,0.171358,100.00,243.806442,5100.62,0.000201,10730.00
95.800,2835.99,-65.35,0.155821,100.00,323.579773,3816.24,0.000090,7070.00
95.850,3722.51,-62.83,0.150699,100.00,337.859833,4691.16,0.000195,9200.00
95.900,5054.56,-60.74,0.145205,100.00,220.433960,5320.90,0.000351,11515.00
95.950,3894.15,-62.97,0.132744,100.00,231.172150,4698.34,0.000227,9450.00
96.000,3049.92,-64.54,0.129561,100.00,279.826813,3950.23,0.000160,7450.00
96.050,3389.65,-60.18,0.190874,100.00,785.092834,4708.02,0.000262,8830.00
96.100,2844.48,-61.32,0.250254,85.00,953.392151,4529.48,0.000117,8175.00
96.150,1405.50,-69.24,0.233822,85.00,964.864685,2988.34,0.000016,1565.00
96.200,3131.86,-60.70,0.211742,45.00,838.741028,4141.35,0.000169,7375.00
96.250,3845.44,-57.36,0.197024,85.00,512.722473,4348.57,0.000462,8690.00
96.300,3320.95,-61.73,0.159541,85.00,515.583252,4065.09,0.000215,7705.00
96.350,2803.52,-66.22,0.140455,85.00,425.997681,4148.54,0.000093,6945.00
96.400,4889.96,-61.20,0.135120,85.00,231.232819,5343.76,0.000362,11570.00
96.450,4282.53,-62.26,0.140676,85.00,248.796616,5121.77,0.000252,10775.00
96.500,2698.56,-66.28,0.144045,585.00,236.143631,3657.45,0.000080,6660.00
96.550,3214.42,-61.22,0.163747,90.00,648.255432,4476.55,0.000272,8135.00
96.600,3149.94,-59.87,0.251885,70.00,1051.404419,4655.45,0.000168,8695.00
96.650,1935.62,-65.87,0.270514,65.00,1002.928650,3685.55,0.000030,3880.00
96.700,2197.64,-65.83,0.230679,65.00,852.883240,3865.45,0.000043,4900.00
96.750,3918.25,-61.11,0.209850,65.00,547.043518,5133.07,0.000168,10745.00
96.800,3537.03,-63.80,0.187661,65.00,436.850372,4967.15,0.000100,10020.00
96.850,2051.82,-68.79,0.185822,65.00,424.338409,3470.04,0.000024,4685.00
96.900,3852.97,-58.86,0.192067,65.00,372.316315,4327.06,0.000334,8430.00
96.950,4145.23,-57.36,0.188017,65.00,217.893417,4347.04,0.000517,8795.00
97.000,3228.39,-63.22,0.157135,65.00,400.308228,3852.06,0.000153,7025.00
97.050,3360.39,-64.59,0.138672,65.00,264.709229,4422.74,0.000142,8560.00
97.100,5046.98,-60.90,0.132015,65.00,236.738724,5294.39,0.000389,11585.00
97.150,4202.15,-62.69,0.120417,65.00,207.964096,4869.44,0.000292,10120.00
97.200,3297.78,-65.46,0.110651,65.00,208.288956,3956.71,0.000158,7815.00
97.250,5246.57,-62.02,0.102788,65.00,170.034088,5399.75,0.000460,11820.00
97.300,5427.15,-61.23,0.103598,65.00,250.169846,5354.70,0.000560,11890.00
97.350,3466.38,-64.37,0.110944,390.00,230.041763,4051.23,0.000220,8000.00
97.400,3699.66,-62.07,0.118851,390.00,380.999512,4487.06,0.000369,8750.00
97.450,3792.79,-59.58,0.201126,65.00,783.269226,4895.26,0.000262,9910.00
97.500,2608.05,-64.01,0.234120,65.00,785.370056,4369.49,0.000060,7620.00
97.550,2212.82,-66.68,0.186628,45.00,958.235291,3660.58,0.000047,5410.00
97.600,3973.04,-58.26,0.166652,45.00,692.489868,4400.44,0.000543,8710.00
97.650,4048.99,-58.32,0.143335,40.00,424.451996,4321.88,0.000718,8730.00
97.700,3042.70,-65.56,0.103968,590.00,541.138428,3684.14,0.000180,6710.00
97.750,4683.38,-63.36,0.088664,590.00,262.298401,5074.46,0.000451,11045.00
97.800,5828.19,-60.98,0.089026,590.00,148.309189,5396.69,0.000812,12345.00
97.850,4124.42,-64.01,0.104861,590.00,260.082764,4737.36,0.000264,9760.00
97.900,3513.68,-64.69,0.109308,395.00,246.138977,4250.60,0.000209,8290.00
97.950,3907.37,-59.75,0.168135,395.00,784.353149,4922.35,0.000360,10125.00
98.000,3164.40,-61.55,0.233392,65.00,825.325195,4722.53,0.000118,8900.00
98.050,1597.73,-70.42,0.201226,50.00,949.427551,3214.65,0.000014,2560.00
98.100,4146.60,-63.52,0.157731,45.00,838.837463,5217.55,0.000147,10915.00
98.150,5192.42,-61.72,0.122904,40.00,383.228333,5540.95,0.000383,12250.00
98.200,4023.38,-67.30,0.075366,390.00,447.366241,5040.86,0.000222,10495.00
98.250,3729.80,-63.92,0.067317,390.00,373.597198,4291.56,0.000682,8260.00
98.300,3960.35,-57.12,0.149711,60.00,718.437927,4383.33,0.000944,8785.00
98.350,3793.24,-58.89,0.183549,60.00,609.903687,4277.84,0.000379,8420.00
98.400,2686.58,-67.15,0.181002,60.00,501.654053,3613.21,0.000036,6210.00
98.450,4661.98,-62.87,0.180726,60.00,195.730927,5303.47,0.000115,11365.00
98.500,5241.07,-61.62,0.177548,60.00,168.818665,5422.33,0.000167,11930.00
98.550,3386.18,-64.80,0.169642,60.00,154.205719,4296.90,0.000080,8290.00
98.600,3692.11,-63.86,0.158964,60.00,205.960419,4550.46,0.000127,8915.00
98.650,5613.32,-61.15,0.144817,60.00,208.440109,5364.17,0.000304,12070.00
98.700,4745.19,-62.59,0.129651,60.00,205.493515,5031.29,0.000256,10895.00
98.750,3384.64,-65.25,0.122364,60.00,184.443985,3947.55,0.000140,7855.00
98.800,3667.29,-60.65,0.161407,60.00,740.265198,4800.01,0.000306,9325.00
98.850,3287.24,-60.61,0.261711,65.00,942.439575,4775.86,0.000119,9075.00
98.900,1867.68,-68.20,0.255849,65.00,910.571716,3690.04,0.000016,4435.00
98.950,3138.46,-62.05,0.202732,65.00,800.908447,4162.46,0.000130,7405.00
99.000,4024.45,-57.35,0.183991,70.00,648.786194,4386.52,0.000564,8850.00
99.050,3710.18,-60.55,0.162756,70.00,489.594025,4213.85,0.000295,8320.00
99.100,2696.35,-67.07,0.158704,65.00,480.037842,3838.14,0.000054,6355.00
99.150,4974.38,-61.79,0.157754,65.00,246.756699,5288.54,0.000222,11565.00
99.200,4930.59,-61.87,0.158260,585.00,211.710190,5268.76,0.000215,11565.00
99.250,3104.86,-65.99,0.141276,65.00,293.868622,3945.30,0.000087,7575.00
99.300,2508.89,-68.39,0.104903,65.00,414.239044,3390.01,0.000091,6300.00

=== STATISTIKEN ===

Feature,Minimum,Maximum,Durchschnitt
Spektral Centroid (Hz),437.91,8002.15,3810.74
Power (dB),-78.02,-56.78,-63.57
Energy,0.02,0.28,0.15
Peak Frequenz (Hz),40.00,885.00,136.07
Spectral Flux,0.00,1115.86,463.64
Bandbreite (Hz),808.63,6004.48,4568.48
Spectral Flatness,0.00,0.01,0.00
Spectral Rolloff (Hz),590.00,13660.00,8967.00
