Zeit (s),Spektral Centroid (Hz),Power (dB),Energy,Peak Frequenz (Hz),Spectral Flux,Bandbreite (Hz),Spectral Flatness,Spectral Rolloff (Hz)
0.000,6050.74,-80.00,0.000000,305.00,0.000000,5910.00,0.999476,13035.00
0.050,1555.41,-80.00,0.000111,415.00,0.693755,2730.50,0.000440,2215.00
0.100,1465.22,-79.82,0.000741,85.00,4.014120,2598.53,0.000150,2020.00
0.150,1488.89,-79.61,0.001357,90.00,4.568134,2649.54,0.000110,2075.00
0.200,1579.63,-79.60,0.001439,40.00,4.304344,2735.73,0.000106,2175.00
0.250,1510.68,-79.61,0.001546,65.00,5.035912,2690.88,0.000086,2095.00
0.300,1446.10,-79.58,0.001669,70.00,4.626581,2639.56,0.000074,2065.00
0.350,1411.11,-79.56,0.001720,90.00,5.409679,2588.57,0.000069,1970.00
0.400,1502.58,-79.61,0.001546,45.00,5.330476,2703.09,0.000085,2085.00
0.450,1455.99,-79.58,0.001607,35.00,5.133656,2649.01,0.000074,1980.00
0.500,1446.14,-79.54,0.001575,30.00,5.395539,2610.77,0.000080,1925.00
0.550,1447.91,-79.54,0.001616,45.00,4.519577,2607.81,0.000079,1955.00
0.600,1542.50,-79.59,0.001438,65.00,4.984758,2711.75,0.000101,2110.00
0.650,1592.10,-79.59,0.001357,70.00,4.888012,2740.75,0.000113,2170.00
0.700,1513.29,-79.59,0.001454,80.00,4.316311,2685.19,0.000095,2055.00
0.750,1465.83,-79.58,0.001551,80.00,5.101658,2648.96,0.000081,2005.00
0.800,1470.56,-79.58,0.001598,45.00,4.486855,2660.82,0.000079,2015.00
0.850,1541.65,-79.60,0.001464,25.00,5.111989,2729.85,0.000097,2100.00
0.900,1544.31,-79.58,0.001471,20.00,4.498194,2701.97,0.000097,2055.00
0.950,1514.47,-79.57,0.001542,35.00,4.724566,2692.89,0.000088,2020.00
1.000,1481.91,-79.58,0.001560,30.00,5.265023,2671.19,0.000083,2035.00
1.050,1446.39,-79.55,0.001580,570.00,4.756993,2622.34,0.000082,1995.00
1.100,1469.66,-79.57,0.001581,570.00,4.343412,2643.41,0.000084,2020.00
1.150,1448.43,-79.55,0.001600,65.00,5.469003,2605.10,0.000078,1945.00
1.200,1461.80,-79.58,0.001638,70.00,5.353786,2656.93,0.000074,2020.00
1.250,1444.90,-79.58,0.001618,70.00,5.069899,2630.64,0.000077,2020.00
1.300,1426.14,-79.55,0.001624,70.00,4.616919,2593.55,0.000078,1980.00
1.350,1396.35,-79.53,0.001770,65.00,5.217464,2590.56,0.000069,1965.00
1.400,1442.72,-79.56,0.001698,85.00,5.088526,2644.94,0.000073,1985.00
1.450,1409.84,-79.56,0.001692,85.00,5.035425,2618.92,0.000073,1935.00
1.500,1406.31,-79.54,0.001682,100.00,4.477737,2594.06,0.000073,1930.00
1.550,1519.05,-79.58,0.001429,45.00,5.008786,2706.48,0.000101,2120.00
1.600,1517.64,-79.59,0.001412,45.00,4.033875,2716.09,0.000102,2095.00
1.650,1499.46,-79.59,0.001449,30.00,4.360453,2681.20,0.000096,2100.00
1.700,1532.49,-79.61,0.001444,120.00,4.490588,2724.33,0.000096,2140.00
1.750,1481.06,-79.60,0.001562,115.00,4.819418,2705.83,0.000080,2080.00
1.800,1449.72,-79.61,0.001672,115.00,4.649632,2705.46,0.000070,2095.00
1.850,1584.09,-79.62,0.001372,65.00,5.346453,2766.47,0.000113,2215.00
1.900,1646.72,-79.65,0.001250,60.00,4.161035,2820.00,0.000131,2390.00
1.950,1573.91,-79.62,0.001438,50.00,5.087312,2781.90,0.000103,2210.00
2.000,1482.78,-79.57,0.001636,50.00,4.226038,2653.48,0.000081,2070.00
2.050,1531.73,-79.60,0.001675,50.00,4.521723,2692.22,0.000082,2230.00
2.100,1521.86,-79.58,0.001551,45.00,5.205963,2706.33,0.000092,2200.00
2.150,1508.32,-79.60,0.001505,85.00,4.857407,2724.74,0.000092,2135.00
2.200,1520.72,-79.58,0.001442,30.00,5.181541,2687.27,0.000096,2045.00
2.250,1512.80,-79.57,0.001515,95.00,4.264944,2646.47,0.000088,2045.00
2.300,1487.70,-79.55,0.001537,40.00,4.728528,2632.44,0.000086,2015.00
2.350,1509.69,-79.58,0.001488,115.00,5.038998,2683.16,0.000092,2055.00
2.400,1497.74,-79.57,0.001497,120.00,4.626296,2648.04,0.000093,2065.00
2.450,1497.98,-79.56,0.001465,95.00,4.654762,2630.78,0.000097,2040.00
2.500,1457.99,-79.57,0.001515,80.00,4.512226,2595.20,0.000087,2025.00
2.550,5782.30,-79.30,0.002079,80.00,9.934767,5789.81,0.000143,13670.00
2.600,8473.99,-77.22,0.013875,14475.00,77.930130,5214.21,0.000046,14450.00
2.650,6042.01,-70.82,0.030020,13475.00,128.572021,4609.26,0.000187,12805.00
2.700,5361.87,-65.67,0.051381,1730.00,203.332230,4021.21,0.000339,10570.00
2.750,5301.44,-64.60,0.057459,1700.00,153.504089,3882.35,0.000364,10480.00
2.800,4971.13,-67.73,0.039342,2480.00,176.709396,3752.36,0.000290,10235.00
2.850,4511.88,-73.67,0.014488,1700.00,169.466614,3572.47,0.000265,9050.00
2.900,3878.87,-77.43,0.006313,2235.00,63.846836,3311.54,0.000205,7950.00
2.950,4655.29,-70.28,0.027252,2510.00,140.248871,3639.52,0.000222,9950.00
3.000,4940.66,-65.69,0.054329,2515.00,197.964172,3698.31,0.000274,10265.00
3.050,4887.32,-65.55,0.055644,2530.00,142.355484,3694.65,0.000295,10115.00
3.100,4647.85,-69.39,0.030787,2530.00,191.714096,3662.97,0.000272,9630.00
3.150,4158.40,-76.06,0.007918,2415.00,151.769913,3539.30,0.000307,8675.00
3.200,5391.24,-72.93,0.013773,2450.00,59.559322,4253.40,0.000433,10845.00
3.250,5503.86,-65.69,0.045545,2455.00,210.694626,4017.13,0.000435,10690.00
3.300,5458.96,-63.56,0.065122,2455.00,184.589478,3929.04,0.000399,10585.00
3.350,5205.98,-65.76,0.050828,2455.00,174.528030,3847.03,0.000324,10465.00
3.400,4701.03,-71.19,0.022157,2475.00,205.094467,3740.39,0.000254,9950.00
3.450,4111.92,-77.32,0.005908,2395.00,109.494286,3593.93,0.000213,8390.00
3.500,4503.28,-72.58,0.019080,1695.00,95.121681,3695.22,0.000210,9670.00
3.550,4876.27,-66.86,0.052356,1695.00,220.994034,3804.71,0.000218,10350.00
3.600,5068.63,-65.44,0.061976,1695.00,140.549103,3848.94,0.000246,10495.00
3.650,4885.41,-67.61,0.042288,1745.00,202.361542,3824.48,0.000268,10340.00
3.700,4402.61,-72.83,0.018292,2380.00,172.861267,3759.25,0.000207,9730.00
3.750,3790.05,-77.91,0.005147,65.00,90.748375,3484.32,0.000253,8075.00
3.800,4942.27,-69.62,0.026411,2450.00,141.985336,3740.22,0.000310,10175.00
3.850,5307.91,-64.43,0.057512,2455.00,219.705612,3830.38,0.000364,10405.00
3.900,5326.04,-64.11,0.062091,2455.00,159.743774,3876.06,0.000354,10495.00
3.950,5031.41,-67.82,0.037397,1785.00,197.418076,3853.92,0.000287,10350.00
4.000,4403.59,-74.31,0.012496,1750.00,173.160110,3696.14,0.000208,9095.00
4.050,4130.38,-76.94,0.006963,1695.00,50.837360,3641.68,0.000240,9020.00
4.100,4687.44,-69.43,0.034303,1695.00,179.190353,3744.20,0.000197,10015.00
4.150,5047.69,-65.81,0.060152,1695.00,192.004715,3843.62,0.000218,10500.00
4.200,5070.04,-66.12,0.053456,1745.00,145.425735,3872.39,0.000260,10525.00
4.250,4754.79,-69.68,0.030345,1750.00,194.289703,3858.48,0.000247,10245.00
4.300,4105.52,-76.02,0.009727,1680.00,141.813416,3724.28,0.000193,9325.00
4.350,4498.73,-74.56,0.010945,1675.00,45.743839,3641.03,0.000290,9490.00
4.400,5181.01,-66.57,0.041924,2455.00,203.351151,3788.25,0.000377,10310.00
4.450,5354.46,-63.75,0.064187,2455.00,191.088684,3846.58,0.000422,10480.00
4.500,5174.34,-65.48,0.052648,2455.00,172.968155,3831.01,0.000368,10430.00
4.550,4652.30,-70.82,0.024001,1750.00,205.848572,3698.95,0.000284,9830.00
4.600,3853.20,-77.18,0.006186,2395.00,118.774780,3325.53,0.000249,7745.00
4.650,4378.52,-72.88,0.017171,1695.00,81.853981,3723.70,0.000236,9610.00
4.700,4542.04,-66.39,0.053381,1695.00,240.937866,3870.08,0.000236,10075.00
4.750,4555.21,-64.67,0.071812,95.00,195.228638,3937.17,0.000241,10160.00
4.800,4292.90,-66.54,0.061953,90.00,232.823135,3907.84,0.000184,9755.00
4.850,3884.81,-70.48,0.048045,90.00,195.165054,3903.45,0.000082,9575.00
4.900,3658.74,-73.22,0.046533,90.00,123.897148,4092.41,0.000036,9790.00
4.950,4116.40,-68.61,0.053859,90.00,177.611542,3962.15,0.000123,9705.00
5.000,4794.31,-64.07,0.072184,95.00,236.064163,3932.39,0.000271,10035.00
5.050,4834.57,-63.65,0.075772,95.00,173.781738,3921.74,0.000279,10215.00
5.100,4252.97,-67.02,0.060380,95.00,205.968262,3863.38,0.000165,9515.00
5.150,2993.54,-72.80,0.046865,90.00,201.830582,3583.53,0.000043,7410.00
5.200,2387.91,-76.01,0.037347,90.00,133.025848,3382.17,0.000021,6000.00
5.250,4208.93,-69.31,0.041187,90.00,193.786804,3823.89,0.000169,9580.00
5.300,4895.47,-65.41,0.061726,1695.00,212.903351,3911.82,0.000255,10480.00
5.350,4974.31,-65.58,0.056210,1745.00,147.808029,3893.36,0.000266,10480.00
5.400,4680.69,-69.02,0.032917,1750.00,200.375412,3825.48,0.000206,10050.00
5.450,4112.27,-75.36,0.011122,1680.00,150.782166,3711.99,0.000166,9375.00
5.500,4449.53,-75.24,0.009561,1675.00,44.170986,3656.58,0.000294,9435.00
5.550,5129.18,-67.01,0.039847,2455.00,198.062653,3788.84,0.000328,10300.00
5.600,5345.69,-63.73,0.064292,2455.00,199.316086,3854.04,0.000355,10470.00
5.650,5223.94,-65.17,0.055464,2455.00,172.841721,3848.01,0.000306,10445.00
5.700,4699.26,-70.32,0.026389,1745.00,210.906143,3720.95,0.000238,10030.00
5.750,3928.16,-76.74,0.007072,2395.00,129.435974,3353.22,0.000202,7830.00
5.800,4420.58,-73.88,0.014651,1700.00,63.887421,3672.36,0.000220,9600.00
5.850,4885.37,-67.35,0.047594,1695.00,216.900589,3831.62,0.000213,10405.00
5.900,5114.53,-65.34,0.062430,1695.00,152.493774,3893.75,0.000239,10530.00
5.950,4923.48,-67.02,0.045998,1745.00,190.957947,3837.79,0.000239,10375.00
6.000,4443.24,-71.82,0.021659,1755.00,180.935135,3758.79,0.000178,9755.00
6.050,2183.63,-76.33,0.029633,245.00,201.986710,3098.15,0.000018,6310.00
6.100,2198.54,-71.01,0.107645,390.00,541.457092,3221.19,0.000016,6480.00
6.150,3047.17,-66.92,0.149124,390.00,451.180176,3705.63,0.000033,7795.00
6.200,3577.45,-65.28,0.114555,390.00,465.171204,3630.94,0.000093,8125.00
6.250,3416.60,-66.36,0.094369,435.00,532.604858,3264.01,0.000110,7350.00
6.300,3602.41,-68.82,0.068113,430.00,321.491058,3436.17,0.000092,7540.00
6.350,4801.77,-67.15,0.038506,430.00,320.550232,4233.92,0.000407,9945.00
6.400,4050.83,-64.28,0.086377,340.00,409.276520,4093.16,0.000235,9325.00
6.450,3185.66,-64.83,0.124568,805.00,376.230865,3660.58,0.000107,8250.00
6.500,2778.32,-67.09,0.111073,805.00,364.717346,3281.63,0.000057,6550.00
6.550,2287.68,-69.38,0.093867,705.00,421.148163,2841.16,0.000042,3585.00
6.600,2144.42,-71.32,0.075667,630.00,390.103119,2722.85,0.000033,3625.00
6.650,2758.58,-72.20,0.065312,420.00,349.750793,3159.59,0.000029,6765.00
6.700,3467.10,-66.75,0.102290,430.00,433.492218,3402.64,0.000074,7345.00
6.750,3853.49,-64.71,0.115164,430.00,290.515930,3591.83,0.000106,8280.00
6.800,3881.92,-66.07,0.097530,400.00,489.909424,3685.19,0.000093,8690.00
6.850,3415.40,-68.99,0.084917,400.00,311.438965,3634.88,0.000046,8165.00
6.900,3999.93,-68.17,0.088382,395.00,272.579498,4041.46,0.000041,9495.00
6.950,4521.45,-66.27,0.056732,390.00,321.489899,3962.16,0.000202,9610.00
7.000,4652.33,-65.95,0.046363,1740.00,283.180664,3831.52,0.000370,9785.00
7.050,5058.83,-65.87,0.052838,1740.00,159.311676,3865.15,0.000293,10495.00
7.100,4848.69,-66.91,0.041804,1745.00,160.414429,3828.39,0.000304,10200.00
7.150,4395.57,-68.72,0.035941,355.00,178.587006,3791.07,0.000238,8990.00
7.200,4338.13,-70.49,0.028806,350.00,104.010040,3833.32,0.000252,8950.00
7.250,3361.11,-67.05,0.073848,350.00,344.557251,3673.61,0.000152,8125.00
7.300,3120.87,-65.53,0.114039,860.00,351.155212,3582.31,0.000109,7445.00
7.350,3437.31,-65.99,0.094766,865.00,320.712952,3757.52,0.000111,8205.00
7.400,4127.80,-63.90,0.091817,355.00,386.689972,4113.74,0.000213,9540.00
7.450,6667.95,-60.54,0.084277,645.00,394.823029,4087.21,0.000602,10405.00
7.500,7652.36,-62.56,0.061348,8570.00,263.578125,3602.10,0.000590,10670.00
7.550,3266.20,-66.76,0.104720,570.00,596.507568,3680.55,0.000066,8455.00
7.600,2554.90,-67.20,0.134428,565.00,392.979401,3122.75,0.000041,5590.00
7.650,2641.01,-68.71,0.110668,755.00,603.071777,3109.67,0.000037,5015.00
7.700,2419.20,-69.93,0.097775,710.00,497.945221,2906.56,0.000032,3795.00
7.750,2487.71,-70.96,0.074990,645.00,387.956055,3157.85,0.000042,4705.00
7.800,2922.23,-72.88,0.038773,420.00,336.112366,3579.21,0.000068,7600.00
7.850,3568.67,-67.58,0.090169,440.00,452.395752,3570.38,0.000066,8205.00
7.900,3832.83,-65.43,0.128366,440.00,305.056396,3632.24,0.000067,8455.00
7.950,3780.93,-65.69,0.104493,435.00,494.693939,3625.01,0.000090,8655.00
8.000,4179.38,-65.57,0.082278,385.00,429.243652,3697.94,0.000116,9095.00
8.050,4212.47,-65.00,0.080195,210.00,332.220551,3858.64,0.000176,9055.00
8.100,4173.05,-65.34,0.070582,210.00,230.669189,3918.24,0.000224,9070.00
8.150,4306.74,-66.22,0.050507,1740.00,289.611481,3847.40,0.000318,9445.00
8.200,4991.99,-65.99,0.052796,1695.00,197.950012,3879.41,0.000283,10440.00
8.250,4846.24,-65.95,0.047489,1745.00,175.465973,3857.63,0.000333,9905.00
8.300,4389.08,-66.74,0.050836,365.00,203.244690,3859.87,0.000224,8690.00
8.350,3548.06,-70.06,0.050157,325.00,214.673416,3781.90,0.000085,8070.00
8.400,1778.60,-72.06,0.109457,430.00,486.260986,2770.73,0.000015,2890.00
8.450,1886.92,-69.98,0.132318,435.00,437.091736,2650.79,0.000023,2860.00
8.500,2385.34,-68.72,0.106620,480.00,512.954651,2923.69,0.000045,4470.00
8.550,4164.02,-66.11,0.085416,480.00,415.594360,4172.03,0.000126,9660.00
8.600,6889.97,-66.73,0.037348,480.00,360.776245,4666.41,0.000448,11725.00
8.650,5642.54,-70.48,0.029688,380.00,214.585190,4925.34,0.000252,11255.00
8.700,2948.00,-68.48,0.108404,510.00,529.000916,3730.62,0.000042,8095.00
8.750,2451.71,-69.22,0.130809,505.00,343.331604,3280.14,0.000027,6620.00
8.800,2155.65,-73.28,0.105218,470.00,609.609253,3030.45,0.000010,3740.00
8.850,2998.41,-72.55,0.088081,470.00,336.015625,3665.58,0.000014,8095.00
8.900,6054.41,-65.80,0.070458,475.00,385.698273,3899.05,0.000178,9795.00
8.950,6742.47,-63.16,0.078994,240.00,326.484161,3649.23,0.000340,10000.00
9.000,4975.67,-64.17,0.102137,535.00,462.543060,3982.72,0.000164,9490.00
9.050,2898.73,-68.94,0.111944,535.00,424.200623,3356.47,0.000039,7720.00
9.100,2270.09,-71.76,0.105481,805.00,499.076141,3177.22,0.000021,4270.00
9.150,2667.57,-71.32,0.105401,695.00,504.375854,3531.88,0.000019,6735.00
9.200,3204.96,-68.85,0.091946,695.00,273.013885,3834.29,0.000050,8075.00
9.250,3497.26,-66.62,0.078557,285.00,460.604828,4012.33,0.000147,8940.00
9.300,3035.95,-66.48,0.103188,790.00,347.273407,3735.10,0.000097,7925.00
9.350,2756.28,-69.27,0.080740,460.00,402.095184,3403.90,0.000062,6800.00
9.400,2997.31,-70.71,0.084823,465.00,423.174896,3333.36,0.000030,6870.00
9.450,3298.00,-70.91,0.093419,475.00,330.043091,3435.92,0.000024,7955.00
9.500,3047.62,-68.09,0.096556,475.00,361.621674,3426.23,0.000061,7565.00
9.550,3166.28,-66.52,0.100428,310.00,404.955139,3750.79,0.000091,8210.00
9.600,2794.95,-68.31,0.108294,795.00,501.523438,3707.95,0.000045,7320.00
9.650,1960.25,-72.01,0.120569,795.00,484.383484,2866.99,0.000013,3225.00
9.700,1643.97,-74.54,0.100893,715.00,492.894775,2278.27,0.000007,2705.00
9.750,1900.59,-75.03,0.063452,710.00,443.465393,2683.46,0.000011,3415.00
9.800,2258.68,-75.25,0.053423,220.00,294.570099,3118.31,0.000013,6170.00
9.850,1800.16,-72.77,0.099897,220.00,465.106537,2640.33,0.000017,3200.00
9.900,1883.41,-72.40,0.121427,1300.00,346.322296,2616.77,0.000014,3225.00
9.950,2298.96,-72.74,0.093805,1295.00,462.562714,2765.71,0.000017,3455.00
10.000,2231.38,-74.16,0.057077,625.00,368.190887,2771.11,0.000021,3540.00
10.050,1480.58,-77.97,0.025954,190.00,290.993561,2368.27,0.000007,2700.00
10.100,1941.27,-75.22,0.047419,190.00,234.142746,2797.95,0.000011,3420.00
10.150,2499.85,-70.46,0.112818,430.00,469.649689,3097.57,0.000020,5435.00
10.200,3121.16,-68.51,0.116349,425.00,346.440552,3224.68,0.000036,6870.00
10.250,3194.98,-69.54,0.102305,410.00,526.974915,3153.34,0.000032,6185.00
10.300,2793.17,-72.36,0.078677,405.00,339.563446,3184.08,0.000019,5960.00
10.350,4306.75,-66.96,0.101770,405.00,317.879791,3967.39,0.000062,9305.00
10.400,6141.72,-60.26,0.092463,410.00,403.296417,3912.23,0.000561,10135.00
10.450,5951.59,-57.91,0.111590,190.00,364.873779,4001.16,0.000787,10300.00
10.500,5095.40,-59.75,0.103524,190.00,344.859894,4142.78,0.000543,10385.00
10.550,4347.78,-64.15,0.065765,1670.00,398.107544,3952.71,0.000362,9980.00
10.600,4137.31,-68.90,0.034339,1780.00,250.758423,3767.48,0.000301,9235.00
10.650,4142.38,-73.42,0.012974,1805.00,157.916077,3493.73,0.000428,8715.00
10.700,5616.03,-62.73,0.053614,95.00,278.936096,3934.30,0.000794,9860.00
10.750,5262.50,-57.75,0.182100,60.00,919.927795,4370.83,0.000334,10215.00
10.800,4593.33,-59.00,0.274247,50.00,961.347839,4498.76,0.000106,9985.00
10.850,3990.49,-62.78,0.275073,45.00,1035.832031,4273.54,0.000033,9105.00
10.900,3644.80,-65.04,0.271506,45.00,560.057434,4065.15,0.000017,8300.00
10.950,3114.05,-67.73,0.276988,45.00,281.017822,3903.55,0.000007,7620.00
11.000,2376.82,-71.98,0.264017,45.00,224.123520,3508.50,0.000002,6485.00
11.050,1931.34,-74.40,0.241174,45.00,252.511093,2823.61,0.000001,4455.00
11.100,2218.04,-74.34,0.227702,45.00,172.864990,3109.26,0.000001,5570.00
11.150,5401.42,-67.05,0.214942,45.00,201.485229,5142.19,0.000017,12190.00
11.200,6751.23,-64.36,0.203235,45.00,185.349457,5126.54,0.000042,12940.00
11.250,5352.63,-67.32,0.181356,45.00,229.276779,4959.41,0.000022,11865.00
11.300,4524.90,-62.34,0.156795,45.00,370.413513,4458.82,0.000124,10525.00
11.350,4198.54,-58.80,0.163928,45.00,625.614014,4222.28,0.000368,9465.00
11.400,3235.31,-61.99,0.139335,45.00,500.543396,3608.33,0.000211,6905.00
11.450,1852.18,-71.77,0.085126,455.00,572.027466,2686.71,0.000027,3515.00
11.500,1646.71,-76.56,0.048646,530.00,346.684204,2617.93,0.000011,3480.00
11.550,4286.84,-71.25,0.039067,515.00,245.077316,4276.55,0.000118,10155.00
11.600,5499.44,-62.31,0.087317,510.00,424.254761,4914.55,0.000359,11930.00
11.650,4831.87,-61.62,0.129931,485.00,396.468445,4916.08,0.000224,11605.00
11.700,2538.07,-68.07,0.112685,85.00,435.168579,3707.08,0.000057,6090.00
11.750,1582.98,-72.69,0.115196,85.00,448.030914,2336.72,0.000009,2560.00
11.800,1875.16,-72.66,0.135106,85.00,348.218384,2603.30,0.000004,3410.00
11.850,1933.15,-73.53,0.113296,85.00,284.028870,2769.81,0.000004,3510.00
11.900,1554.34,-72.31,0.117452,85.00,431.332489,2460.52,0.000013,2625.00
11.950,1979.14,-70.39,0.118079,85.00,314.776306,2824.87,0.000022,4295.00
12.000,3102.49,-69.86,0.068358,85.00,423.336456,3756.89,0.000068,8040.00
12.050,3714.31,-68.26,0.067027,420.00,297.321045,4381.26,0.000116,10060.00
12.100,6375.75,-65.39,0.057415,415.00,227.283401,4924.34,0.000327,11575.00
12.150,6966.68,-63.42,0.061445,405.00,230.406204,4785.80,0.000502,11945.00
12.200,5663.26,-62.13,0.102512,595.00,411.365112,5088.41,0.000314,12210.00
12.250,4445.67,-64.87,0.093195,595.00,278.452545,4849.97,0.000180,11385.00
12.300,1910.83,-72.51,0.073346,385.00,391.213104,2643.60,0.000032,3085.00
12.350,2315.21,-72.95,0.057601,380.00,232.750320,3032.97,0.000029,6445.00
12.400,2859.17,-75.27,0.043631,375.00,260.300964,3539.76,0.000015,8095.00
12.450,4137.44,-63.26,0.082867,370.00,429.449615,4436.24,0.000292,10195.00
12.500,4148.12,-58.74,0.153681,620.00,584.762024,4160.72,0.000355,9480.00
12.550,3624.44,-61.42,0.133822,820.00,427.748566,3619.21,0.000221,7300.00
12.600,2423.12,-70.28,0.065750,355.00,544.375244,2823.84,0.000068,4495.00
12.650,2166.91,-76.08,0.036408,350.00,292.262268,3116.01,0.000024,3420.00
12.700,2713.21,-72.98,0.045839,345.00,189.160324,3923.21,0.000102,7150.00
12.750,5470.05,-62.24,0.087769,340.00,367.977905,5169.59,0.000570,12365.00
12.800,5864.75,-60.93,0.104519,485.00,318.966553,5123.99,0.000565,12530.00
12.850,4076.90,-67.46,0.072440,325.00,311.583496,4563.00,0.000196,10465.00
12.900,3153.01,-74.64,0.041144,330.00,299.602966,3569.99,0.000022,7655.00
12.950,3433.40,-77.14,0.029012,325.00,143.815094,3754.92,0.000010,8875.00
13.000,4230.63,-71.15,0.026615,325.00,150.759354,4588.12,0.000274,10720.00
13.050,3867.73,-62.60,0.161104,65.00,899.536377,4715.98,0.000127,10710.00
13.100,3023.49,-62.84,0.287945,50.00,1041.558716,4367.34,0.000041,8625.00
13.150,1384.80,-71.47,0.294898,45.00,1088.506836,2730.06,0.000003,1715.00
13.200,1032.98,-74.72,0.287753,45.00,687.493530,2125.93,0.000001,1490.00
13.250,1134.87,-75.00,0.290801,45.00,309.611145,2551.23,0.000001,1700.00
13.300,2615.45,-69.33,0.280220,45.00,228.129532,3827.45,0.000004,6985.00
13.350,2748.10,-67.61,0.250690,45.00,379.489105,3625.89,0.000010,6690.00
13.400,2214.71,-70.53,0.224804,45.00,269.218414,3010.61,0.000006,4500.00
13.450,4239.88,-66.68,0.214097,45.00,278.247650,4912.82,0.000021,10960.00
13.500,6961.11,-64.36,0.205380,45.00,234.225800,5245.66,0.000042,13025.00
13.550,6197.24,-66.64,0.184259,45.00,166.868362,5304.78,0.000024,12665.00
13.600,4529.38,-63.06,0.158207,45.00,323.279877,4531.94,0.000121,10575.00
13.650,4438.18,-58.61,0.158454,45.00,584.432617,4277.02,0.000500,10025.00
13.700,3865.56,-61.16,0.117431,45.00,398.911072,3775.09,0.000457,8050.00
13.750,2285.22,-70.28,0.062482,520.00,590.487549,2843.23,0.000071,4700.00
13.800,1397.25,-75.15,0.077264,515.00,254.453476,2523.89,0.000012,1200.00
13.850,2574.08,-72.51,0.047776,115.00,280.392151,3621.25,0.000065,7125.00
13.900,5156.04,-63.85,0.086972,800.00,408.968536,5059.18,0.000264,12005.00
13.950,4826.45,-62.08,0.133313,730.00,429.784515,5043.76,0.000214,11860.00
14.000,3059.28,-67.74,0.129365,730.00,537.442200,4301.54,0.000046,8775.00
14.050,1282.33,-73.58,0.134980,85.00,398.767914,1922.58,0.000006,1685.00
14.100,1322.80,-72.84,0.151201,85.00,509.182465,2025.60,0.000007,1710.00
14.150,1474.08,-73.26,0.125623,85.00,459.130066,2452.75,0.000007,1920.00
14.200,2984.57,-66.30,0.162352,90.00,795.802429,3918.84,0.000041,7720.00
14.250,3100.71,-64.23,0.266686,50.00,1024.016968,4051.39,0.000030,8020.00
14.300,3343.87,-66.20,0.284433,45.00,1066.286987,4245.95,0.000013,8330.00
14.350,3825.36,-67.75,0.281025,45.00,756.351135,4421.82,0.000008,8810.00
14.400,3469.20,-69.47,0.278920,45.00,267.583923,4335.63,0.000004,8480.00
14.450,3388.47,-68.94,0.269185,45.00,178.158646,4490.38,0.000007,8925.00
14.500,4332.64,-63.31,0.247941,45.00,369.551849,4880.48,0.000049,11015.00
14.550,3774.60,-64.49,0.228741,45.00,249.743011,4649.47,0.000043,10120.00
14.600,1749.91,-72.88,0.232044,45.00,320.753265,3209.84,0.000003,3565.00
14.650,1715.50,-72.60,0.228418,45.00,235.434937,3158.52,0.000003,3405.00
14.700,1113.01,-74.87,0.199985,45.00,336.699646,2424.17,0.000002,1145.00
14.750,3448.10,-65.03,0.169509,45.00,445.427856,4415.78,0.000060,8700.00
14.800,3944.59,-59.39,0.208550,60.00,889.995422,4367.93,0.000223,9160.00
14.850,3483.98,-60.85,0.263704,50.00,880.128540,4013.06,0.000088,8055.00
14.900,3603.29,-64.94,0.271371,45.00,999.375732,4084.61,0.000018,8450.00
14.950,5051.99,-65.05,0.267853,45.00,415.188446,4365.07,0.000016,9685.00
15.000,6023.68,-65.51,0.253271,45.00,298.544220,4182.54,0.000017,9805.00
15.050,6350.82,-63.57,0.233524,45.00,258.691376,4531.48,0.000038,10450.00
15.100,5467.70,-62.81,0.226990,45.00,310.114227,4986.05,0.000047,11345.00
15.150,3007.69,-67.79,0.243131,45.00,290.046936,4327.79,0.000010,8605.00
15.200,1213.56,-74.67,0.244342,45.00,254.404755,2467.50,0.000001,2755.00
15.250,703.48,-77.07,0.220779,45.00,299.403900,1907.79,0.000000,875.00
15.300,2110.42,-74.37,0.158419,45.00,449.040741,3965.98,0.000003,6900.00
15.350,4558.04,-63.06,0.156782,45.00,794.390320,4896.22,0.000103,11055.00
15.400,4075.50,-61.45,0.259625,60.00,743.822632,4689.64,0.000066,10390.00
15.450,3231.99,-65.23,0.283760,45.00,1032.542236,4142.46,0.000018,8135.00
15.500,3409.90,-67.10,0.273064,45.00,762.311340,4151.51,0.000010,8250.00
15.550,3481.66,-69.44,0.257144,45.00,310.183136,4330.29,0.000005,8480.00
15.600,3200.60,-69.61,0.230896,45.00,227.087540,4145.40,0.000005,8480.00
15.650,2885.51,-67.70,0.222299,45.00,317.110504,3689.48,0.000011,7835.00
15.700,2267.90,-69.44,0.229788,45.00,254.440613,3121.60,0.000007,4535.00
15.750,3443.11,-67.89,0.228420,45.00,293.724915,4592.10,0.000010,9715.00
15.800,6801.03,-64.43,0.215257,45.00,296.063324,5283.61,0.000027,13005.00
15.850,6420.33,-66.17,0.191231,45.00,178.070618,5375.62,0.000020,12920.00
15.900,3560.94,-65.65,0.166810,45.00,368.489899,4327.44,0.000039,9070.00
15.950,4159.29,-59.37,0.166015,45.00,584.612000,4243.05,0.000263,9585.00
16.000,3703.07,-60.53,0.140472,45.00,480.292389,3816.07,0.000273,7990.00
16.050,2625.51,-67.66,0.090084,330.00,587.335266,3139.75,0.000077,5875.00
16.100,4406.69,-65.29,0.060353,310.00,361.426178,3774.31,0.000233,9335.00
16.150,5706.90,-63.66,0.051902,3190.00,284.470825,3510.86,0.000516,9940.00
16.200,5082.39,-61.15,0.079864,435.00,350.564758,4227.90,0.000572,10355.00
16.250,5076.77,-60.95,0.100841,85.00,304.312866,4834.12,0.000407,11630.00
16.300,4363.70,-66.56,0.073944,85.00,394.123108,4860.05,0.000147,11225.00
16.350,1896.17,-71.47,0.101213,85.00,307.772980,2803.74,0.000017,3570.00
16.400,1566.48,-72.05,0.140661,85.00,313.006500,2541.86,0.000007,2335.00
16.450,1072.77,-75.71,0.127595,85.00,307.390167,1992.51,0.000002,1410.00
16.500,1210.60,-73.18,0.129298,85.00,511.964752,2120.67,0.000007,1475.00
16.550,1098.23,-73.89,0.132614,85.00,434.121765,1851.97,0.000005,1275.00
16.600,1097.35,-75.58,0.102840,355.00,448.728973,2017.63,0.000004,1130.00
16.650,3512.33,-70.44,0.053285,355.00,377.439789,4288.82,0.000080,9200.00
16.700,3941.90,-67.21,0.052564,170.00,244.841232,4223.95,0.000216,9450.00
16.750,3076.06,-66.50,0.111856,350.00,439.336761,3843.23,0.000109,8270.00
16.800,5777.34,-61.28,0.111574,355.00,308.936646,4958.36,0.000405,12305.00
16.850,6906.96,-62.77,0.066818,355.00,379.158539,4977.52,0.000654,12935.00
16.900,5182.06,-70.49,0.022939,355.00,330.086304,4696.82,0.000511,10835.00
16.950,6612.48,-65.89,0.047691,105.00,217.077072,3976.78,0.000347,10225.00
17.000,7145.10,-65.26,0.059281,105.00,133.103378,3856.87,0.000269,10350.00
17.050,4248.41,-65.01,0.074359,130.00,357.209595,4490.23,0.000230,9950.00
17.100,4016.25,-59.58,0.142015,620.00,600.887268,4218.29,0.000352,9180.00
17.150,3786.65,-60.19,0.145295,865.00,456.159882,3802.90,0.000294,7885.00
17.200,2597.73,-67.75,0.089144,865.00,502.829498,2842.26,0.000087,5045.00
17.250,1433.27,-75.77,0.049607,230.00,400.929169,2231.20,0.000017,1675.00
17.300,1174.98,-77.02,0.055431,115.00,277.857788,2435.33,0.000007,1555.00
17.350,4279.22,-64.58,0.099488,370.00,418.956757,4777.67,0.000190,10935.00
17.400,5461.66,-61.01,0.118313,370.00,363.594543,4899.40,0.000361,12020.00
17.450,4885.73,-65.11,0.082074,345.00,343.558716,4809.92,0.000220,11510.00
17.500,2132.68,-76.20,0.033342,310.00,371.037811,3151.01,0.000026,4325.00
17.550,2043.72,-78.24,0.012802,100.00,164.410858,3193.57,0.000037,4570.00
17.600,3392.75,-76.85,0.014079,100.00,46.600407,4460.26,0.000139,9220.00
17.650,5258.82,-64.50,0.108001,80.00,606.728333,5069.05,0.000142,11640.00
17.700,4630.01,-62.17,0.265304,55.00,1117.759644,4984.48,0.000053,10905.00
17.750,3865.52,-66.05,0.304922,50.00,1060.432983,4636.73,0.000012,9285.00
17.800,3991.60,-68.48,0.289495,45.00,908.792114,4501.27,0.000005,8945.00
17.850,3570.23,-70.05,0.272473,45.00,318.640656,4407.49,0.000004,8530.00
17.900,2410.18,-70.31,0.257324,45.00,273.493164,3738.08,0.000004,7110.00
17.950,2327.19,-68.13,0.248944,45.00,290.350708,3416.64,0.000010,6895.00
18.000,4033.95,-64.38,0.238723,45.00,287.124847,4141.19,0.000026,8845.00
18.050,4451.77,-65.95,0.236112,45.00,269.186035,4475.94,0.000016,9505.00
18.100,5259.13,-63.55,0.223592,45.00,235.045425,5237.05,0.000039,12230.00
18.150,5126.84,-64.60,0.191350,45.00,261.720306,5252.70,0.000040,12195.00
18.200,3635.37,-67.24,0.160411,45.00,280.057312,4405.95,0.000024,9360.00
18.250,4364.26,-59.62,0.156118,45.00,539.272461,4311.34,0.000267,10170.00
18.300,3739.99,-59.52,0.158631,45.00,506.044342,3891.20,0.000295,8150.00
18.350,2413.20,-66.65,0.121710,85.00,571.557922,2926.08,0.000069,4830.00
18.400,1211.24,-73.42,0.130712,85.00,497.255341,1786.55,0.000007,1650.00
18.450,1124.78,-74.27,0.128715,85.00,372.891144,1499.00,0.000004,1455.00
18.500,4005.30,-66.40,0.097146,780.00,364.190277,4783.74,0.000136,10920.00
18.550,7167.16,-62.92,0.060116,780.00,361.136261,5027.66,0.000765,12950.00
18.600,7215.18,-64.65,0.039547,1215.00,215.681808,4906.69,0.000943,12765.00
18.650,3084.95,-67.84,0.094361,1215.00,444.235382,4117.79,0.000079,9365.00
18.700,1591.66,-73.03,0.102845,680.00,226.342224,2355.72,0.000016,1760.00
18.750,1876.66,-74.79,0.044349,1215.00,428.056030,2696.83,0.000028,2620.00
18.800,3460.32,-66.23,0.094321,100.00,522.834595,3859.66,0.000104,7810.00
18.850,3237.95,-62.87,0.240295,55.00,1038.609009,3903.11,0.000051,7650.00
18.900,3188.20,-64.58,0.288164,50.00,1009.605713,4021.78,0.000021,7850.00
18.950,3319.04,-66.42,0.281091,45.00,900.447327,4132.74,0.000012,8200.00
19.000,2624.64,-68.14,0.264766,45.00,411.566132,3757.14,0.000009,7305.00
19.050,2203.55,-69.98,0.253890,45.00,262.175751,3476.83,0.000007,6375.00
19.100,4129.39,-65.10,0.240633,45.00,292.821899,4961.36,0.000025,11085.00
19.150,5237.71,-64.51,0.224803,45.00,272.008057,5270.32,0.000029,12115.00
19.200,3995.66,-67.62,0.218141,45.00,200.914734,4858.83,0.000011,10570.00
19.250,2078.99,-70.55,0.209883,45.00,302.452972,3501.61,0.000006,4765.00
19.300,1363.23,-73.84,0.193316,45.00,185.744766,2623.84,0.000002,2580.00
19.350,2330.34,-69.06,0.177447,45.00,307.562012,3744.30,0.000015,6425.00
19.400,3589.67,-60.33,0.199224,45.00,841.112610,4246.07,0.000153,8615.00
19.450,3484.18,-59.83,0.254857,45.00,601.104370,4039.21,0.000109,8175.00
19.500,3283.73,-64.09,0.268036,45.00,1015.666931,3890.52,0.000025,7635.00
19.550,4231.58,-66.46,0.267941,45.00,582.499634,4558.34,0.000011,9900.00
19.600,5182.21,-66.28,0.264961,45.00,269.032776,4929.59,0.000012,10865.00
19.650,5011.37,-65.10,0.258666,45.00,202.152969,4994.53,0.000023,11065.00
19.700,4429.52,-63.07,0.243631,45.00,358.611969,4955.00,0.000051,11210.00
19.750,3501.84,-65.87,0.231827,45.00,207.002625,4578.49,0.000026,9890.00
19.800,1176.96,-74.45,0.224761,45.00,254.502548,2239.73,0.000001,1915.00
19.850,2389.65,-71.38,0.209879,45.00,232.828796,3607.39,0.000004,8155.00
19.900,4215.27,-67.27,0.181691,45.00,288.565704,4341.81,0.000018,9445.00
19.950,4022.33,-69.34,0.108697,45.00,551.810303,4303.56,0.000024,9345.00
20.000,2088.22,-78.38,0.021274,45.00,559.869629,3360.39,0.000013,6425.00
20.050,2481.51,-79.95,0.000457,150.00,131.321732,3127.84,0.000421,5615.00
20.100,2454.16,-79.95,0.000420,120.00,1.326108,3101.42,0.000492,5560.00
20.150,2499.68,-79.96,0.000407,115.00,1.341282,3143.29,0.000508,5615.00
20.200,2543.49,-79.96,0.000391,115.00,1.324378,3127.04,0.000538,5655.00
20.250,2601.39,-79.96,0.000367,135.00,1.214973,3158.66,0.000655,5695.00
20.300,2592.19,-79.96,0.000396,125.00,1.261644,3167.19,0.000550,5685.00
20.350,2481.15,-79.96,0.000443,125.00,1.471157,3126.64,0.000460,5520.00
20.400,2508.25,-79.96,0.000410,125.00,1.141025,3113.79,0.000517,5520.00
20.450,2646.38,-79.97,0.000374,145.00,1.418906,3153.13,0.000655,5670.00
20.500,2450.71,-79.95,0.000460,150.00,1.593507,3092.80,0.000414,5555.00
20.550,2425.26,-79.95,0.000444,160.00,1.268655,3075.76,0.000437,5520.00
20.600,2444.66,-79.95,0.000433,130.00,1.505457,3063.91,0.000466,5455.00
20.650,2386.53,-79.95,0.000462,165.00,1.480545,3050.74,0.000414,5360.00
20.700,1955.99,-79.87,0.000751,75.00,2.865890,2591.63,0.000240,4250.00
20.750,1211.57,-76.79,0.019669,115.00,119.057777,1560.88,0.000013,1700.00
20.800,1186.60,-75.74,0.034760,120.00,98.785469,1586.87,0.000012,1685.00
20.850,1172.73,-77.26,0.018018,120.00,118.172531,1700.90,0.000012,1720.00
20.900,1032.18,-79.34,0.006694,105.00,84.694641,2048.09,0.000009,1725.00
20.950,1342.85,-79.53,0.002810,105.00,26.542021,2298.67,0.000033,2500.00
21.000,1072.84,-77.93,0.010886,125.00,58.695873,1500.74,0.000010,1675.00
21.050,994.43,-75.62,0.047936,120.00,234.602570,1430.30,0.000006,1615.00
21.100,940.52,-76.01,0.047534,120.00,68.365417,1443.28,0.000005,1575.00
21.150,859.69,-78.37,0.017126,120.00,214.067657,1608.96,0.000004,1425.00
21.200,1067.87,-76.16,0.033988,115.00,153.215134,1406.45,0.000006,1665.00
21.250,1042.49,-75.99,0.040651,120.00,69.922020,1442.79,0.000006,1645.00
21.300,947.99,-78.24,0.015564,120.00,176.401566,1647.85,0.000005,1545.00
21.350,1279.62,-76.70,0.019247,115.00,85.555084,1596.95,0.000011,1950.00
21.400,1264.59,-75.24,0.038515,115.00,127.926590,1594.15,0.000009,1960.00
21.450,1197.06,-76.70,0.023631,120.00,112.435425,1644.14,0.000009,1925.00
21.500,927.95,-79.30,0.008589,120.00,111.985184,1931.03,0.000006,1515.00
21.550,1171.12,-79.48,0.004396,105.00,29.361841,2173.91,0.000016,2055.00
21.600,1279.26,-79.05,0.003409,145.00,19.651037,1940.44,0.000034,2005.00
21.650,995.55,-75.98,0.037269,125.00,213.882538,1286.99,0.000004,1685.00
21.700,954.81,-75.39,0.055970,120.00,128.736542,1311.53,0.000004,1640.00
21.750,920.10,-77.32,0.025871,120.00,212.985901,1497.74,0.000004,1590.00
21.800,1094.97,-79.26,0.009854,155.00,112.625748,2067.86,0.000007,2390.00
21.850,1430.34,-79.43,0.004590,150.00,38.110626,2333.10,0.000022,3590.00
21.900,1486.34,-79.50,0.003463,145.00,16.026897,2355.20,0.000029,3535.00
21.950,1590.16,-79.62,0.002433,150.00,10.469217,2491.30,0.000049,3725.00
22.000,1712.50,-79.68,0.001733,75.00,8.344256,2587.18,0.000086,3895.00
22.050,1697.09,-79.68,0.001740,125.00,6.023573,2581.46,0.000084,3870.00
22.100,1887.03,-79.73,0.001437,165.00,5.229050,2626.65,0.000123,4270.00
22.150,1797.07,-79.70,0.001703,150.00,6.302072,2578.25,0.000089,4130.00
22.200,1752.78,-79.73,0.001975,150.00,4.959403,2608.60,0.000064,4110.00
22.250,1408.79,-76.90,0.014084,120.00,80.977615,1683.87,0.000021,2095.00
22.300,1340.61,-75.23,0.033893,120.00,126.847252,1662.05,0.000015,2055.00
22.350,1248.44,-76.55,0.023105,120.00,86.387642,1664.77,0.000012,1980.00
22.400,881.10,-79.25,0.008115,155.00,107.729263,1853.69,0.000006,1335.00
22.450,1175.38,-79.51,0.003697,105.00,30.561163,2144.17,0.000018,2035.00
22.500,1539.79,-79.60,0.001926,145.00,15.271119,2396.77,0.000064,2790.00
22.550,1352.77,-77.21,0.013743,110.00,78.993294,1801.15,0.000020,2230.00
22.600,1294.60,-74.88,0.043645,115.00,190.819000,1789.67,0.000014,2130.00
22.650,1239.33,-75.77,0.035776,120.00,79.626122,1815.13,0.000012,2070.00
22.700,1660.21,-78.92,0.011337,120.00,171.909332,2603.41,0.000014,4355.00
22.750,2872.20,-79.15,0.005099,120.00,43.928616,3141.37,0.000076,6555.00
22.800,3690.74,-79.18,0.002475,145.00,20.753750,3212.63,0.000343,7200.00
22.850,3971.43,-79.48,0.001774,145.00,7.072249,3240.60,0.000557,7460.00
22.900,4458.82,-79.44,0.001566,125.00,6.513308,3226.22,0.000880,7995.00
22.950,4810.97,-79.10,0.001806,125.00,5.071465,3229.27,0.001037,8250.00
23.000,4834.40,-78.85,0.001929,120.00,6.408321,3261.09,0.001047,8240.00
23.050,4927.12,-78.33,0.002346,120.00,6.821550,3262.42,0.000985,8365.00
23.100,5063.11,-78.37,0.002335,120.00,6.573807,3216.90,0.000995,8385.00
23.150,5144.16,-78.83,0.001928,125.00,7.100616,3237.60,0.001121,8525.00
23.200,4928.58,-79.20,0.001593,120.00,6.384958,3285.87,0.001293,8460.00
23.250,4659.63,-79.51,0.001367,120.00,4.618150,3307.02,0.001296,8310.00
23.300,4623.80,-79.80,0.001103,105.00,4.460122,3407.40,0.001281,8430.00
23.350,4275.31,-79.88,0.000987,75.00,3.493433,3405.22,0.000998,7885.00
23.400,3640.29,-79.89,0.001004,70.00,3.784812,3248.98,0.000611,7115.00
23.450,3608.44,-79.88,0.000995,90.00,3.260956,3210.19,0.000559,6950.00
23.500,3103.21,-79.90,0.000968,90.00,3.407154,3209.12,0.000354,6385.00
23.550,2556.11,-79.89,0.001037,120.00,2.470640,3094.64,0.000202,5660.00
23.600,2519.03,-79.87,0.001270,120.00,3.167697,3110.45,0.000153,5605.00
23.650,3142.63,-79.89,0.001052,125.00,3.157686,3294.27,0.000303,6790.00
23.700,3557.39,-79.90,0.000960,120.00,3.071809,3391.13,0.000473,7290.00
23.750,3733.13,-79.90,0.000937,120.00,2.243042,3435.92,0.000619,7530.00
23.800,3705.96,-79.90,0.000912,115.00,2.507748,3400.82,0.000718,7395.00
23.850,3306.38,-79.85,0.001228,115.00,4.365033,3378.06,0.000374,6965.00
23.900,2882.13,-79.78,0.001834,90.00,6.147408,3285.95,0.000169,6485.00
23.950,3086.93,-79.83,0.001638,90.00,4.031880,3226.49,0.000206,6520.00
24.000,3691.12,-79.82,0.001183,145.00,5.765849,3072.90,0.000576,6890.00
24.050,3906.62,-79.42,0.001657,120.00,5.558192,2975.01,0.000572,6995.00
24.100,4465.44,-77.01,0.004006,4835.00,18.862123,2704.86,0.000491,7160.00
24.150,4371.08,-68.32,0.025549,2685.00,141.895981,3584.13,0.000927,7695.00
24.200,3991.05,-63.82,0.059544,625.00,224.131439,3605.75,0.000761,7440.00
24.250,3481.74,-67.29,0.043306,555.00,134.580490,3424.54,0.000516,6585.00
24.300,2098.96,-75.61,0.013632,265.00,207.161224,2127.86,0.000048,4235.00
24.350,1989.11,-77.04,0.009020,270.00,49.729031,2139.45,0.000040,4215.00
24.400,2051.00,-76.92,0.008801,800.00,29.849682,2022.14,0.000038,4140.00
24.450,2169.64,-77.39,0.006933,800.00,22.865702,2133.00,0.000053,4380.00
24.500,2304.32,-78.56,0.003636,795.00,25.991468,2362.38,0.000100,4770.00
24.550,2432.46,-79.52,0.001575,790.00,15.276512,2611.50,0.000222,4900.00
24.600,2617.05,-79.78,0.000932,790.00,5.850346,2936.37,0.000432,5535.00
24.650,2809.92,-79.84,0.000759,100.00,2.972782,3050.51,0.000560,5870.00
24.700,2825.70,-79.88,0.000659,100.00,2.359250,3070.90,0.000587,5940.00
24.750,2701.53,-79.90,0.000583,80.00,1.945107,3012.72,0.000578,5735.00
24.800,2823.61,-79.92,0.000542,75.00,1.800258,3054.43,0.000664,5920.00
24.850,2996.08,-79.92,0.000579,115.00,1.933086,3125.28,0.000687,6215.00
24.900,3031.91,-79.93,0.000658,120.00,1.794196,3119.93,0.000566,6155.00
24.950,3214.73,-79.93,0.000605,95.00,1.972474,3244.71,0.000733,6615.00
25.000,3628.89,-79.95,0.000501,90.00,2.005002,3362.43,0.001268,7275.00
25.050,3749.49,-79.94,0.000543,120.00,1.932480,3403.34,0.001421,7430.00
25.100,3516.35,-79.93,0.000592,120.00,1.922638,3345.65,0.000959,7275.00
25.150,3007.07,-79.92,0.000648,90.00,1.943592,3096.55,0.000575,6385.00
25.200,2820.66,-79.93,0.000581,90.00,1.698465,3015.31,0.000589,6000.00
25.250,2796.26,-79.94,0.000541,115.00,1.927080,3107.10,0.000552,5945.00
25.300,2844.99,-79.96,0.000457,110.00,1.435878,3204.77,0.000654,6050.00
25.350,2678.13,-79.94,0.000491,110.00,1.379851,3247.54,0.000522,5930.00
25.400,1548.34,-79.62,0.002099,185.00,11.436394,2686.50,0.000049,3555.00
25.450,1666.90,-76.70,0.037482,455.00,225.606949,2713.35,0.000008,3840.00
25.500,2319.85,-72.66,0.080645,150.00,287.035217,3234.78,0.000017,6800.00
25.550,3414.83,-70.91,0.059566,150.00,200.515442,3838.98,0.000055,8130.00
25.600,3941.53,-72.53,0.030613,155.00,251.053009,3990.17,0.000112,8680.00
25.650,2273.82,-74.90,0.041352,130.00,103.041832,3384.82,0.000028,6640.00
25.700,1885.74,-75.12,0.038623,170.00,150.416458,2929.03,0.000027,4215.00
25.750,2124.90,-71.31,0.083340,180.00,347.853088,2905.56,0.000029,4410.00
25.800,2206.03,-70.78,0.098282,745.00,291.332703,2733.40,0.000026,4220.00
25.850,2070.89,-70.29,0.101821,725.00,407.760498,2520.41,0.000031,3710.00
25.900,2472.68,-69.61,0.079865,645.00,349.901886,2964.28,0.000056,5850.00
25.950,4123.00,-69.65,0.038534,150.00,337.304962,3883.02,0.000185,8730.00
26.000,4868.59,-71.65,0.028262,145.00,145.474640,4216.16,0.000176,9495.00
26.050,1727.82,-74.49,0.074878,440.00,349.201019,2847.48,0.000011,3810.00
26.100,1365.44,-73.80,0.104394,430.00,364.494995,2211.88,0.000006,1680.00
26.150,1531.73,-73.86,0.084765,515.00,354.463531,2349.00,0.000010,1880.00
26.200,1753.63,-75.33,0.046690,515.00,309.442505,2622.15,0.000015,3330.00
26.250,1771.67,-76.99,0.025197,510.00,171.884323,2778.68,0.000016,3565.00
26.300,1608.80,-78.38,0.011225,100.00,103.162521,2695.08,0.000019,2325.00
26.350,1249.28,-79.29,0.003596,150.00,52.300285,2316.07,0.000030,1630.00
26.400,1515.60,-79.68,0.001613,145.00,14.527015,2546.79,0.000070,2810.00
26.450,1988.01,-79.88,0.000714,145.00,6.543220,2882.72,0.000214,4800.00
26.500,2458.61,-79.96,0.000421,85.00,2.603469,3092.79,0.000511,5465.00
26.550,2453.45,-79.95,0.000444,150.00,1.456847,3097.43,0.000443,5500.00
26.600,2452.78,-79.95,0.000479,150.00,1.303208,3103.46,0.000384,5505.00
26.650,2499.75,-79.95,0.000420,145.00,1.475572,3084.43,0.000476,5475.00
26.700,2469.37,-79.95,0.000455,150.00,1.247286,3073.76,0.000402,5490.00
26.750,2441.08,-79.95,0.000451,150.00,1.407164,3090.95,0.000374,5475.00
26.800,2424.43,-79.96,0.000410,145.00,1.432356,3109.29,0.000426,5460.00
26.850,2379.64,-79.96,0.000427,145.00,1.149148,3132.07,0.000366,5450.00
26.900,2322.28,-79.95,0.000459,145.00,1.179359,3106.55,0.000299,5445.00
26.950,2377.11,-79.96,0.000456,75.00,1.574042,3142.23,0.000295,5650.00
27.000,2168.97,-79.95,0.000551,70.00,1.218313,3119.32,0.000189,5365.00
27.050,2315.72,-79.96,0.000489,120.00,1.473988,3197.59,0.000250,5670.00
27.100,2433.72,-79.96,0.000411,105.00,1.289224,3243.80,0.000363,5830.00
27.150,2141.65,-79.94,0.000578,100.00,2.096189,3118.85,0.000208,5340.00
27.200,2268.78,-79.11,0.002727,845.00,15.915312,2878.32,0.000120,4020.00
27.250,2874.96,-76.18,0.011828,835.00,59.798878,2906.82,0.000125,4950.00
27.300,3135.39,-73.74,0.022219,1765.00,85.304123,2756.03,0.000129,5195.00
27.350,4314.80,-70.85,0.022449,1765.00,67.423592,3163.17,0.000274,7730.00
27.400,6488.46,-69.08,0.021373,5810.00,113.266136,3070.96,0.000459,9795.00
27.450,7288.01,-70.04,0.020192,6300.00,66.657753,2760.49,0.000420,10215.00
27.500,6405.06,-71.03,0.013839,6305.00,68.502014,3157.70,0.000618,9860.00
27.550,4586.22,-75.54,0.006725,2620.00,62.265915,3141.66,0.000479,8020.00
27.600,3651.13,-78.16,0.003559,2625.00,26.417273,2869.10,0.000348,6365.00
27.650,4112.03,-76.85,0.004484,445.00,20.258121,2939.06,0.000467,7005.00
27.700,4058.50,-74.25,0.010152,445.00,40.162460,2976.71,0.000302,7005.00
27.750,3761.14,-74.27,0.012979,2305.00,42.223911,3075.60,0.000210,7065.00
27.800,3509.74,-74.79,0.013654,2635.00,44.772972,3044.11,0.000156,7020.00
27.850,3340.28,-75.55,0.012144,2630.00,39.125607,2929.67,0.000127,6330.00
27.900,3064.89,-77.59,0.006026,2630.00,44.912830,2948.90,0.000151,6050.00
27.950,2968.74,-78.75,0.003141,65.00,27.350946,3034.47,0.000242,6255.00
28.000,3233.70,-76.43,0.008485,2690.00,37.861446,2772.75,0.000131,6405.00
28.050,3393.46,-76.06,0.009423,2690.00,23.757668,2612.05,0.000116,6390.00
28.100,3401.66,-77.53,0.005281,2775.00,33.803528,2607.20,0.000152,6315.00
28.150,3116.36,-79.05,0.002202,70.00,22.754738,2769.41,0.000267,6230.00
28.200,2117.70,-79.44,0.002075,60.00,11.637284,2866.27,0.000150,4945.00
28.250,2000.89,-78.95,0.003977,405.00,13.346746,2765.99,0.000087,4640.00
28.300,1821.63,-79.24,0.002905,675.00,10.884667,2583.00,0.000082,4030.00
28.350,1666.37,-79.60,0.001473,115.00,11.546793,2487.80,0.000096,3455.00
28.400,1890.54,-79.81,0.000923,75.00,5.917415,2803.25,0.000157,4590.00
28.450,2396.79,-79.92,0.000621,70.00,2.971708,3083.86,0.000324,5495.00
28.500,2489.93,-79.93,0.000597,110.00,2.033476,3092.59,0.000345,5570.00
28.550,2638.94,-79.95,0.000485,135.00,1.693930,3151.56,0.000514,5765.00
28.600,3006.17,-79.96,0.000404,135.00,1.669500,3238.26,0.000861,6225.00
28.650,2850.96,-79.97,0.000381,165.00,1.228559,3219.65,0.000827,6040.00
28.700,2553.70,-79.96,0.000408,165.00,1.133415,3144.67,0.000537,5625.00
28.750,2511.32,-79.96,0.000413,85.00,1.247345,3129.78,0.000482,5590.00
28.800,2473.30,-79.95,0.000437,80.00,1.441051,3113.62,0.000444,5590.00
28.850,2405.46,-79.94,0.000473,80.00,1.113886,3085.52,0.000386,5455.00
28.900,2507.80,-79.96,0.000411,100.00,1.241462,3106.50,0.000524,5530.00
28.950,2538.86,-79.96,0.000416,105.00,1.588189,3127.92,0.000494,5540.00
29.000,2997.26,-79.94,0.000518,105.00,1.570017,3452.67,0.000645,6595.00
29.050,4094.00,-79.46,0.001771,115.00,8.931622,3591.90,0.000856,7975.00
29.100,4046.77,-71.98,0.014105,120.00,80.737915,3570.66,0.000506,7990.00
29.150,3911.39,-65.26,0.048704,620.00,220.694595,3542.38,0.000413,7835.00
29.200,3683.65,-66.75,0.043791,620.00,78.135834,3507.30,0.000331,7555.00
29.250,2378.32,-75.99,0.016308,155.00,200.734390,3033.85,0.000080,5535.00
29.300,2290.06,-77.59,0.009211,155.00,58.902020,2885.66,0.000082,5350.00
29.350,2279.16,-77.98,0.006532,145.00,29.541815,2776.11,0.000103,5130.00
29.400,2906.25,-78.31,0.004545,150.00,20.725185,3221.18,0.000247,6495.00
29.450,3790.80,-79.08,0.002771,150.00,15.346205,3660.61,0.000517,7935.00
29.500,4190.30,-79.80,0.001147,145.00,11.590809,3695.52,0.000950,8180.00
29.550,3685.91,-79.96,0.000497,145.00,5.263478,3026.00,0.001162,6765.00
29.600,3701.29,-79.97,0.000467,150.00,1.579842,3009.71,0.001205,6850.00
29.650,3386.79,-79.96,0.000468,145.00,1.486791,3069.18,0.001028,6650.00
29.700,3158.91,-79.95,0.000466,155.00,1.379017,3049.62,0.000800,6305.00
29.750,3018.71,-79.95,0.000460,150.00,1.528899,3063.93,0.000707,6065.00
29.800,2958.74,-79.96,0.000435,75.00,1.511035,3100.95,0.000707,6060.00
29.850,2983.26,-79.96,0.000416,70.00,1.250833,3094.61,0.000848,6045.00
29.900,3436.50,-79.97,0.000408,145.00,1.485253,3111.41,0.001217,6595.00
29.950,3625.32,-79.96,0.000473,145.00,1.473516,3078.37,0.001200,6825.00
30.000,3527.40,-79.95,0.000508,100.00,1.551657,3065.81,0.000966,6770.00
30.050,3231.25,-79.94,0.000523,100.00,1.423047,3036.69,0.000795,6430.00
30.100,3301.51,-79.96,0.000463,100.00,1.524985,3058.55,0.000920,6525.00
30.150,3463.18,-79.97,0.000427,75.00,1.280634,3074.36,0.001135,6640.00
30.200,3532.35,-79.97,0.000435,105.00,1.336499,3055.59,0.001188,6565.00
30.250,3530.91,-79.97,0.000412,70.00,1.211054,3031.62,0.001224,6520.00
30.300,3396.91,-79.98,0.000384,140.00,1.355467,3028.38,0.001205,6460.00
30.350,3033.31,-79.95,0.000509,100.00,1.785795,2998.13,0.000652,5950.00
30.400,2944.64,-79.94,0.000546,100.00,1.269419,3015.10,0.000580,5880.00
30.450,3349.44,-79.96,0.000467,100.00,1.683810,2941.16,0.000907,6240.00
30.500,3706.02,-79.95,0.000556,100.00,1.717605,2939.41,0.000960,6810.00
30.550,3712.25,-79.95,0.000542,100.00,1.519527,2988.70,0.001014,6975.00
30.600,3583.95,-79.96,0.000443,100.00,1.675794,3061.01,0.001159,6860.00
30.650,3490.03,-79.97,0.000408,120.00,1.310515,3063.59,0.001101,6755.00
30.700,3141.10,-79.97,0.000383,110.00,1.242424,3027.10,0.000972,6140.00
30.750,3088.63,-79.97,0.000397,95.00,1.273107,3085.17,0.000888,6075.00
30.800,3168.62,-79.97,0.000417,100.00,1.218492,3094.53,0.000827,6005.00
30.850,3210.60,-79.97,0.000388,115.00,1.243514,3005.95,0.001009,5940.00
30.900,3294.66,-79.98,0.000360,120.00,1.290852,2984.90,0.001134,6090.00
30.950,3295.84,-79.96,0.000453,105.00,1.571377,2996.78,0.000924,6255.00
31.000,3388.95,-79.95,0.000556,105.00,1.573906,2959.96,0.000805,6315.00
31.050,3465.65,-79.95,0.000614,120.00,1.703982,2886.57,0.000754,6355.00
31.100,3392.93,-79.95,0.000566,120.00,1.496896,2893.20,0.000783,6265.00
31.150,3312.42,-79.95,0.000496,120.00,1.810328,2899.15,0.000898,6080.00
31.200,3475.30,-79.96,0.000479,70.00,1.407237,2860.07,0.001087,6145.00
31.250,3563.32,-79.97,0.000484,70.00,1.557001,2804.11,0.001088,6180.00
31.300,3561.83,-79.96,0.000495,105.00,1.468469,2853.37,0.001023,6230.00
31.350,3616.39,-79.97,0.000498,115.00,1.658703,2900.94,0.001006,6375.00
31.400,3696.39,-79.96,0.000539,115.00,1.488081,2859.09,0.000946,6395.00
31.450,3645.80,-79.95,0.000552,120.00,1.435530,2896.38,0.000951,6455.00
31.500,3391.20,-79.94,0.000659,100.00,2.239372,3013.19,0.000656,6365.00
31.550,3430.16,-79.96,0.000650,100.00,1.759153,2974.39,0.000627,6480.00
31.600,3756.28,-79.96,0.000611,100.00,2.099350,2903.37,0.000983,6665.00
31.650,3833.44,-79.93,0.000677,100.00,1.823745,2897.04,0.000979,6680.00
31.700,3844.27,-79.95,0.000561,100.00,1.873698,2999.53,0.001098,6850.00
31.750,3552.02,-79.97,0.000469,105.00,1.839508,2971.36,0.001069,6515.00
31.800,3603.46,-79.97,0.000435,100.00,1.420940,2962.77,0.001172,6585.00
31.850,3626.52,-79.98,0.000432,100.00,1.249717,2998.38,0.001185,6715.00
31.900,3530.26,-79.98,0.000427,100.00,1.309955,2938.59,0.001071,6390.00
31.950,3572.70,-79.97,0.000447,100.00,1.357202,2924.96,0.001014,6335.00
32.000,3423.13,-79.97,0.000449,100.00,1.423914,2941.29,0.000942,6260.00
32.050,3520.46,-79.97,0.000455,100.00,1.302467,3140.57,0.001184,6650.00
32.100,3583.99,-79.96,0.000495,75.00,1.380655,3139.66,0.001186,6790.00
32.150,3512.03,-79.96,0.000500,105.00,1.342226,2969.48,0.000972,6425.00
32.200,3603.10,-79.96,0.000546,120.00,1.753301,2947.38,0.000924,6425.00
32.250,3514.09,-79.94,0.000597,115.00,1.658701,2929.81,0.000854,6315.00
32.300,3295.47,-79.96,0.000500,145.00,1.702139,2939.64,0.000901,6175.00
32.350,3431.62,-79.97,0.000429,150.00,1.519733,2964.27,0.001149,6405.00
32.400,3713.76,-79.98,0.000424,100.00,1.436424,2968.68,0.001330,6750.00
32.450,3962.27,-79.97,0.000452,100.00,1.372444,3038.37,0.001364,7080.00
32.500,3978.84,-79.97,0.000463,105.00,1.285855,3184.19,0.001404,7300.00
32.550,4072.82,-79.97,0.000438,110.00,1.439531,3203.58,0.001558,7390.00
32.600,4004.36,-79.97,0.000471,110.00,1.438152,3238.94,0.001352,7385.00
32.650,4087.86,-79.97,0.000444,100.00,1.349858,3319.74,0.001675,7465.00
32.700,3854.07,-79.98,0.000404,120.00,1.309771,3240.72,0.001652,7240.00
32.750,4019.78,-79.98,0.000395,120.00,1.352894,3121.72,0.001651,7255.00
32.800,4333.08,-79.97,0.000519,235.00,1.708013,3062.19,0.001508,7420.00
32.850,4518.25,-79.96,0.000591,240.00,1.706314,3070.08,0.001540,7665.00
32.900,4689.61,-79.97,0.000564,75.00,1.701742,3102.58,0.001659,7855.00
32.950,4560.54,-79.98,0.000506,75.00,1.740929,3156.78,0.001805,7850.00
33.000,4419.70,-79.98,0.000463,70.00,1.585282,3166.52,0.001804,7765.00
33.050,4108.54,-79.97,0.000434,120.00,1.556978,3220.69,0.001647,7565.00
33.100,4125.67,-79.96,0.000458,120.00,1.361058,3389.43,0.001643,7660.00
33.150,3896.87,-79.96,0.000464,120.00,1.271032,3350.57,0.001442,7480.00
33.200,3643.04,-79.96,0.000447,195.00,1.526700,3205.39,0.001276,7105.00
33.250,3769.97,-79.96,0.000459,200.00,1.395545,3127.62,0.001304,6975.00
33.300,4254.10,-79.97,0.000470,95.00,1.514629,3403.18,0.001999,7815.00
33.350,5445.54,-79.95,0.000605,95.00,1.987483,3880.74,0.002870,10275.00
33.400,5154.02,-79.96,0.000587,120.00,1.502758,3824.68,0.002676,10085.00
33.450,4004.48,-79.96,0.000532,120.00,2.035224,3135.98,0.001396,7100.00
33.500,4152.03,-79.96,0.000536,120.00,1.666565,3022.35,0.001320,7045.00
33.550,3978.91,-79.96,0.000487,80.00,1.663540,3048.45,0.001309,6990.00
33.600,3827.23,-79.97,0.000485,75.00,1.561447,3061.33,0.001284,7045.00
33.650,4102.20,-79.97,0.000514,75.00,1.472324,3106.70,0.001500,7360.00
33.700,4378.76,-79.97,0.000509,205.00,1.595000,3157.19,0.001603,7690.00
33.750,4315.89,-79.97,0.000504,115.00,1.599706,3167.92,0.001497,7650.00
33.800,4198.06,-79.97,0.000500,115.00,1.519255,3205.16,0.001490,7630.00
33.850,4165.64,-79.97,0.000510,120.00,1.454898,3258.00,0.001485,7820.00
33.900,4148.49,-79.95,0.000580,115.00,1.804451,3442.62,0.001354,7995.00
33.950,4842.55,-79.94,0.000644,80.00,1.935703,3828.70,0.001765,10150.00
34.000,4614.81,-79.95,0.000540,80.00,1.796877,3772.90,0.001841,9680.00
34.050,3590.19,-79.95,0.000495,115.00,1.764109,3069.46,0.001044,6705.00
34.100,3762.96,-79.96,0.000527,120.00,1.553926,3019.58,0.001103,6855.00
34.150,4316.94,-79.96,0.000552,75.00,1.856810,3289.95,0.001847,7905.00
34.200,5451.38,-79.94,0.000735,75.00,2.453587,3652.96,0.002855,9880.00
34.250,5527.85,-79.93,0.000720,115.00,1.968315,3549.84,0.002682,9675.00
34.300,4748.98,-79.98,0.000456,120.00,2.456720,3343.88,0.002303,8030.00
34.350,4400.97,-79.99,0.000439,145.00,1.693149,3225.12,0.002067,7580.00
34.400,4543.25,-79.97,0.000536,100.00,1.593123,3198.51,0.001971,7705.00
34.450,4919.86,-79.87,0.000828,110.00,3.004375,3182.14,0.001739,8030.00
34.500,5002.50,-79.54,0.001211,110.00,3.787826,3132.25,0.001492,7975.00
34.550,4683.87,-79.62,0.001127,120.00,3.455216,3178.51,0.001463,7855.00
34.600,4442.63,-79.77,0.000948,120.00,3.705931,3247.21,0.001569,7980.00
34.650,4844.69,-79.61,0.001160,115.00,3.790895,3390.12,0.001636,8645.00
34.700,4556.56,-79.18,0.001611,115.00,5.295118,3266.61,0.001096,8280.00
34.750,4221.64,-79.09,0.001751,75.00,4.548570,3158.52,0.000876,7735.00
34.800,4162.00,-79.54,0.001262,75.00,5.618344,3075.40,0.000981,7530.00
34.850,3824.47,-79.75,0.000980,75.00,4.075009,3070.99,0.000977,7270.00
34.900,3974.06,-79.42,0.001437,115.00,5.379210,3203.36,0.000904,7545.00
34.950,2512.80,-76.91,0.017780,145.00,107.474785,3012.00,0.000034,5935.00
35.000,1975.55,-73.58,0.087975,145.00,444.526581,2744.87,0.000007,4850.00
35.050,1865.52,-72.11,0.139865,145.00,421.415833,2636.84,0.000006,4850.00
35.100,1910.12,-71.35,0.146216,340.00,633.612976,2555.21,0.000006,5060.00
35.150,1877.87,-70.53,0.151088,340.00,679.784485,2441.84,0.000007,4970.00
35.200,1865.27,-69.87,0.144413,400.00,684.217407,2326.07,0.000015,4410.00
35.250,2225.37,-69.33,0.123347,695.00,618.083191,2545.25,0.000025,4990.00
35.300,2466.53,-69.38,0.106803,695.00,371.184875,2644.58,0.000028,5200.00
35.350,2271.19,-69.56,0.114156,425.00,513.725037,2385.38,0.000021,4740.00
35.400,2278.09,-70.50,0.099046,360.00,442.709747,2275.34,0.000018,4700.00
35.450,2374.12,-72.16,0.060584,315.00,354.473358,2314.82,0.000022,4750.00
35.500,2394.90,-74.31,0.028220,445.00,244.171112,2389.23,0.000032,4890.00
35.550,2472.19,-76.87,0.010274,445.00,121.534019,2576.31,0.000059,5255.00
35.600,2747.08,-78.64,0.005255,390.00,43.392742,2801.07,0.000078,5535.00
35.650,2730.31,-79.21,0.004455,390.00,14.732378,2896.99,0.000065,5780.00
35.700,2582.70,-79.53,0.003182,390.00,13.792263,2956.63,0.000075,5965.00
35.750,2449.57,-79.63,0.002610,385.00,8.593631,2932.90,0.000078,5365.00
35.800,2452.26,-79.70,0.002426,385.00,6.107882,2994.98,0.000081,5490.00
35.850,2966.46,-79.75,0.002047,390.00,5.873888,3250.50,0.000153,7150.00
35.900,3209.05,-79.76,0.001804,390.00,4.127109,3357.56,0.000215,7530.00
35.950,3217.30,-79.80,0.001530,390.00,4.499561,3395.67,0.000256,7570.00
36.000,3155.05,-79.83,0.001127,145.00,4.708097,3420.78,0.000349,7550.00
36.050,3267.40,-79.84,0.001042,145.00,2.757991,3491.72,0.000397,7665.00
36.100,3846.88,-79.85,0.001101,145.00,2.615091,3560.36,0.000598,8220.00
36.150,4231.94,-79.83,0.001017,145.00,3.037639,3542.71,0.001061,8505.00
36.200,4216.42,-79.80,0.001034,390.00,2.898408,3516.71,0.001154,8435.00
36.250,4190.80,-79.79,0.001021,390.00,2.747050,3457.42,0.001101,8290.00
36.300,4128.27,-79.80,0.000932,150.00,2.898519,3434.66,0.001092,8235.00
36.350,4090.36,-79.86,0.000858,145.00,2.531921,3432.29,0.001068,8325.00
36.400,4273.56,-79.91,0.000740,115.00,2.436925,3384.32,0.001219,8360.00
36.450,4463.17,-79.92,0.000732,115.00,2.239203,3370.33,0.001120,8315.00
36.500,4316.11,-79.93,0.000695,145.00,2.026304,3361.34,0.001146,8180.00
36.550,4122.55,-79.94,0.000639,145.00,1.946765,3395.77,0.001191,8160.00
36.600,3872.49,-79.93,0.000603,120.00,2.021150,3501.88,0.001051,8285.00
36.650,3791.11,-79.95,0.000554,115.00,1.769829,3533.46,0.000962,8385.00
36.700,3766.57,-79.96,0.000489,95.00,1.783538,3481.78,0.001162,8285.00
36.750,3893.81,-79.96,0.000466,100.00,1.486950,3531.03,0.001332,8290.00
36.800,3725.75,-79.95,0.000483,100.00,1.412927,3514.11,0.001068,8055.00
36.850,3414.71,-79.97,0.000396,85.00,1.398129,3363.26,0.001033,7485.00
36.900,3416.11,-79.97,0.000384,105.00,1.206889,3288.72,0.000996,7260.00
36.950,3792.72,-79.96,0.000443,100.00,1.342732,3267.74,0.001083,7560.00
37.000,3712.79,-79.97,0.000446,100.00,1.119751,3224.71,0.001009,7710.00
37.050,3711.69,-79.98,0.000424,95.00,1.387097,3166.38,0.001182,7555.00
37.100,3747.97,-79.98,0.000387,100.00,1.372552,3242.79,0.001462,7695.00
37.150,4322.78,-79.44,0.004175,3605.00,25.533617,2758.50,0.000064,5930.00
37.200,4749.46,-77.13,0.035743,3605.00,200.446594,2822.49,0.000016,7295.00
37.250,4881.58,-74.78,0.068605,3690.00,246.377701,2942.36,0.000013,7560.00
37.300,4989.89,-74.27,0.068284,3690.00,166.245392,3057.36,0.000016,8175.00
37.350,5009.55,-74.36,0.065242,3630.00,295.541229,3055.89,0.000016,8590.00
37.400,4917.91,-74.80,0.070116,3635.00,215.181824,3002.31,0.000012,8135.00
37.450,4895.03,-75.00,0.073201,3605.00,249.134918,3032.33,0.000009,8075.00
37.500,4765.77,-75.04,0.077831,3605.00,223.655869,2913.01,0.000008,7295.00
37.550,4636.13,-75.03,0.081988,3560.00,341.372070,2768.57,0.000007,7075.00
37.600,4696.79,-75.35,0.079120,3560.00,272.802582,2853.27,0.000007,7175.00
37.650,4700.34,-75.22,0.074374,3560.00,202.331696,2860.35,0.000008,7145.00
37.700,4742.08,-75.30,0.071031,3555.00,193.018158,2894.44,0.000008,7230.00
37.750,4773.09,-75.82,0.063079,3555.00,181.959091,2917.74,0.000008,7330.00
37.800,4588.93,-77.98,0.031644,3555.00,217.800568,2741.51,0.000009,6995.00
37.850,4113.11,-79.26,0.008624,3555.00,150.558029,2243.03,0.000016,3805.00
37.900,3778.67,-79.60,0.002845,3555.00,38.762894,2031.16,0.000034,3880.00
37.950,3720.10,-79.78,0.001594,3560.00,9.845853,2157.65,0.000073,4660.00
38.000,3744.84,-79.87,0.000958,3560.00,5.268056,2452.35,0.000181,5450.00
38.050,3790.06,-79.93,0.000788,3555.00,3.414560,2703.67,0.000245,6420.00
38.100,3808.29,-79.96,0.000543,3555.00,2.166859,2890.90,0.000523,6940.00
38.150,3855.97,-79.99,0.000333,3555.00,1.913916,3092.30,0.001347,7365.00
38.200,3883.51,-79.99,0.000263,3555.00,1.191171,3221.35,0.002034,7640.00
38.250,3976.49,-80.00,0.000236,3520.00,0.788689,3246.13,0.002518,7715.00
38.300,3870.71,-80.00,0.000236,105.00,0.773726,3265.03,0.002480,7595.00
38.350,3933.79,-80.00,0.000223,90.00,0.735418,3302.83,0.002669,7700.00
38.400,4015.73,-80.00,0.000218,80.00,0.728467,3357.07,0.002732,7910.00
38.450,4021.88,-80.00,0.000222,265.00,0.701995,3318.05,0.002727,7875.00
38.500,3968.32,-80.00,0.000224,145.00,0.674007,3294.15,0.002689,7770.00
38.550,3976.98,-80.00,0.000224,145.00,0.705412,3317.59,0.002673,7800.00
38.600,3957.59,-80.00,0.000228,150.00,0.694573,3361.67,0.002604,7840.00
38.650,3999.68,-80.00,0.000220,155.00,0.693938,3373.73,0.002733,7880.00
38.700,4121.44,-80.00,0.000208,205.00,0.688646,3376.39,0.002996,7985.00
38.750,2998.62,-76.97,0.006732,615.00,41.147182,3001.88,0.000120,6295.00
38.800,2887.79,-73.45,0.020588,615.00,86.872643,2974.09,0.000083,6140.00
38.850,2767.39,-74.71,0.015325,610.00,39.201946,2954.61,0.000094,5955.00
38.900,2582.47,-79.40,0.003070,95.00,84.979179,3032.92,0.000121,5800.00
38.950,3287.85,-79.87,0.001089,95.00,13.282625,3229.93,0.000390,6700.00
39.000,3302.37,-79.91,0.000765,110.00,4.174084,3224.00,0.000554,6705.00
39.050,3526.75,-79.89,0.000800,110.00,2.685177,3325.55,0.000743,7430.00
39.100,3455.99,-79.21,0.001891,105.00,8.486246,3207.74,0.000542,7355.00
39.150,2541.78,-76.51,0.009188,725.00,48.381069,2509.02,0.000085,4985.00
39.200,2358.27,-76.41,0.010706,725.00,12.884455,2358.35,0.000061,4795.00
39.250,2517.80,-78.85,0.003194,140.00,49.083332,2725.32,0.000167,5175.00
39.300,3721.43,-79.56,0.001636,135.00,14.475097,3406.04,0.000597,7895.00
39.350,3687.37,-79.49,0.001902,80.00,6.034152,3498.51,0.000484,8010.00
39.400,3768.56,-79.41,0.001826,75.00,5.632372,3505.89,0.000604,8160.00
39.450,3850.31,-79.29,0.001781,75.00,5.788197,3428.99,0.000682,8080.00
39.500,3086.25,-78.72,0.004763,190.00,24.984949,3495.90,0.000194,7375.00
39.550,3168.18,-72.26,0.033846,195.00,184.161896,3587.19,0.000087,7560.00
39.600,3464.84,-67.92,0.059865,195.00,210.946686,3556.39,0.000121,7705.00
39.650,3621.98,-67.57,0.064289,195.00,208.077988,3525.27,0.000105,7895.00
39.700,3679.40,-69.31,0.056551,1325.00,210.882614,3568.51,0.000078,8155.00
39.750,3489.82,-70.27,0.053534,1325.00,164.990219,3490.59,0.000068,7920.00
39.800,3324.81,-71.06,0.048869,1330.00,166.905151,3433.75,0.000067,7570.00
39.850,3210.89,-70.74,0.050190,1330.00,170.173553,3336.10,0.000076,6910.00
39.900,3435.73,-69.48,0.059843,585.00,177.780182,3271.93,0.000078,6915.00
39.950,3589.31,-69.60,0.057665,585.00,141.017868,3283.08,0.000073,7530.00
40.000,3507.43,-71.44,0.049159,1335.00,180.046936,3313.20,0.000047,7605.00
40.050,3137.52,-73.27,0.046260,1335.00,124.916519,3327.49,0.000024,7255.00
40.100,2858.86,-74.51,0.046688,1335.00,115.472969,3363.09,0.000016,6675.00
40.150,3115.52,-70.83,0.051525,1330.00,148.964600,3455.04,0.000059,7180.00
40.200,3566.91,-68.04,0.059187,1330.00,163.223190,3585.96,0.000108,7830.00
40.250,3883.07,-68.93,0.053682,1330.00,164.556244,3628.61,0.000087,8250.00
40.300,3769.41,-70.87,0.050863,1325.00,146.618652,3564.73,0.000043,8050.00
40.350,3500.58,-71.38,0.049446,1325.00,98.160675,3354.70,0.000036,7470.00
40.400,3456.62,-71.56,0.046765,1325.00,128.047546,3345.20,0.000037,7310.00
40.450,3522.79,-71.45,0.047171,1325.00,139.815033,3356.65,0.000045,7520.00
40.500,3449.84,-71.41,0.048886,1330.00,116.593956,3320.96,0.000057,7490.00
40.550,3299.11,-72.07,0.047319,1330.00,116.742058,3409.52,0.000052,7390.00
40.600,2973.68,-73.01,0.044851,1330.00,130.715256,3378.62,0.000043,6885.00
40.650,2997.26,-72.30,0.044771,1330.00,118.181862,3374.83,0.000042,6940.00
40.700,3662.05,-70.17,0.050008,1330.00,134.574097,3565.32,0.000058,8535.00
40.750,3704.77,-69.18,0.057158,1330.00,171.561783,3600.13,0.000075,8595.00
40.800,3294.02,-70.02,0.059409,1330.00,168.664261,3471.01,0.000059,7800.00
40.850,3178.70,-71.90,0.050658,1330.00,153.391983,3492.93,0.000046,7485.00
40.900,3061.03,-73.20,0.047882,1330.00,101.252159,3453.37,0.000031,7325.00
40.950,2918.04,-73.87,0.046563,1325.00,72.746567,3372.35,0.000026,7025.00
41.000,2535.19,-74.41,0.045751,1325.00,111.541725,3213.47,0.000023,5970.00
41.050,2313.47,-72.99,0.047001,1325.00,152.799377,3035.42,0.000035,4945.00
41.100,2594.69,-71.76,0.051143,195.00,204.285309,3116.66,0.000047,5810.00
41.150,2710.17,-72.14,0.052597,195.00,139.360458,3077.02,0.000038,5885.00
41.200,2681.34,-73.16,0.045370,195.00,129.178558,3068.98,0.000032,5875.00
41.250,2612.40,-73.76,0.040386,590.00,121.475998,3044.10,0.000033,5570.00
41.300,2917.41,-71.72,0.045177,1180.00,138.410217,3450.15,0.000068,7040.00
41.350,3649.56,-68.32,0.051762,585.00,157.469330,3755.90,0.000140,8365.00
41.400,3880.53,-68.55,0.046212,490.00,163.621292,3753.26,0.000136,8545.00
41.450,3626.33,-70.73,0.040986,490.00,136.101654,3633.47,0.000066,8080.00
41.500,3214.80,-71.86,0.044423,490.00,118.159782,3399.31,0.000039,7190.00
41.550,2851.29,-72.77,0.043719,485.00,107.706688,3147.36,0.000030,6155.00
41.600,2473.84,-72.63,0.042398,985.00,158.584015,2986.92,0.000038,5160.00
41.650,2424.73,-72.17,0.053605,195.00,204.792770,3046.68,0.000036,5170.00
41.700,2492.09,-72.92,0.053761,195.00,134.686111,3141.02,0.000029,5570.00
41.750,2414.18,-73.88,0.045153,195.00,135.478607,3052.34,0.000030,5240.00
41.800,2600.39,-74.67,0.031771,195.00,132.098999,3177.31,0.000041,5770.00
41.850,2939.63,-74.72,0.023547,490.00,120.242088,3423.43,0.000073,6895.00
41.900,2408.63,-73.32,0.041121,190.00,182.806808,3278.28,0.000047,5705.00
41.950,2584.50,-71.59,0.056548,185.00,193.874954,3321.43,0.000045,6220.00
42.000,2973.26,-70.95,0.057435,185.00,176.282013,3329.22,0.000051,6530.00
42.050,2953.35,-71.85,0.050888,185.00,132.992813,3268.73,0.000049,6360.00
42.100,2833.26,-72.85,0.047222,185.00,135.255646,3194.76,0.000038,6000.00
42.150,2715.55,-73.26,0.044840,185.00,120.608879,2995.08,0.000032,5485.00
42.200,2757.37,-73.49,0.043445,185.00,122.617142,3053.99,0.000031,5575.00
42.250,2883.47,-73.39,0.042786,185.00,80.894081,3178.51,0.000033,5960.00
42.300,2828.92,-73.52,0.041621,980.00,92.047623,3111.37,0.000028,5950.00
42.350,2738.48,-73.76,0.039417,980.00,100.582718,3049.41,0.000030,5820.00
42.400,2974.77,-73.88,0.036066,985.00,93.476967,3252.19,0.000038,6480.00
42.450,2831.43,-73.75,0.036073,985.00,79.073441,3228.25,0.000045,6085.00
42.500,3393.68,-70.82,0.039830,980.00,130.260635,3653.91,0.000100,7835.00
42.550,4070.46,-68.87,0.040095,980.00,107.870888,3864.89,0.000160,8800.00
42.600,4224.63,-69.98,0.034307,980.00,113.539474,3869.76,0.000136,8890.00
42.650,4308.55,-71.10,0.031266,980.00,83.768578,3904.31,0.000097,9065.00
42.700,3987.00,-72.22,0.028516,980.00,93.939941,3782.21,0.000080,8780.00
42.750,3606.30,-72.94,0.028283,980.00,79.626816,3627.58,0.000074,8080.00
42.800,4087.46,-71.06,0.029050,980.00,68.702278,3817.53,0.000164,8825.00
42.850,4307.22,-68.63,0.039978,985.00,144.204193,3647.48,0.000200,8680.00
42.900,4224.22,-69.06,0.049314,1715.00,132.434006,3545.39,0.000120,8510.00
42.950,3910.96,-70.39,0.049380,980.00,150.927368,3464.18,0.000066,8150.00
43.000,3741.51,-70.79,0.041580,985.00,142.384125,3489.58,0.000083,8085.00
43.050,3698.74,-71.74,0.029855,985.00,131.036072,3590.77,0.000129,8045.00
43.100,3833.58,-68.99,0.041735,185.00,200.441696,4057.89,0.000221,8835.00
43.150,4350.97,-63.59,0.089267,185.00,373.710205,4150.94,0.000253,9525.00
43.200,4313.46,-62.73,0.107621,185.00,265.749115,4097.07,0.000234,9535.00
43.250,4031.06,-64.31,0.083846,185.00,343.656799,3973.73,0.000232,9085.00
43.300,3898.06,-65.97,0.076797,185.00,292.705963,3782.55,0.000163,8815.00
43.350,3979.21,-65.81,0.083524,495.00,224.765076,3869.00,0.000151,8860.00
43.400,3813.24,-66.41,0.076595,655.00,259.617676,3861.47,0.000147,8520.00
43.450,3413.51,-66.70,0.084838,655.00,304.778534,3534.29,0.000114,7795.00
43.500,3379.24,-67.07,0.086807,645.00,265.497711,3479.99,0.000102,7355.00
43.550,3371.21,-67.72,0.074038,1145.00,273.245300,3542.84,0.000113,7320.00
43.600,3424.45,-67.36,0.067457,660.00,233.521576,3576.76,0.000157,7540.00
43.650,3654.39,-65.41,0.090828,645.00,316.579437,3644.37,0.000159,8005.00
43.700,3585.58,-64.42,0.101020,640.00,320.030090,3614.10,0.000162,8005.00
43.750,3630.49,-65.06,0.088990,185.00,361.201508,3597.26,0.000150,8080.00
43.800,3702.70,-65.27,0.082964,185.00,302.960205,3413.76,0.000132,7400.00
43.850,3650.48,-66.06,0.078555,185.00,244.790802,3308.97,0.000113,7110.00
43.900,3438.67,-68.31,0.064332,330.00,222.010956,3255.82,0.000075,6820.00
43.950,3044.71,-71.26,0.044239,330.00,213.170868,3247.96,0.000052,6280.00
44.000,2996.61,-71.07,0.045231,150.00,200.040634,3395.80,0.000074,6640.00
44.050,3025.32,-67.65,0.073992,145.00,265.338165,3201.60,0.000109,5800.00
44.100,2839.45,-66.47,0.107980,145.00,375.127075,3023.30,0.000083,4955.00
44.150,2831.37,-66.33,0.108978,145.00,315.892090,2947.02,0.000085,5195.00
44.200,3009.61,-67.63,0.082602,375.00,429.829590,3084.41,0.000074,5890.00
44.250,4622.59,-65.15,0.061909,585.00,334.163513,4394.70,0.000291,10005.00
44.300,5808.38,-60.89,0.164128,50.00,848.279175,4944.34,0.000163,11840.00
44.350,5462.34,-61.38,0.243534,35.00,824.743042,4914.74,0.000067,11455.00
44.400,5399.65,-63.41,0.239240,35.00,907.483154,4700.84,0.000035,10830.00
44.450,6416.40,-62.44,0.227205,30.00,446.687592,4870.51,0.000048,12265.00
44.500,6100.63,-63.84,0.226890,30.00,209.266495,4926.18,0.000031,12045.00
44.550,4622.25,-66.00,0.244513,30.00,217.716965,4664.46,0.000015,10200.00
44.600,3272.21,-64.69,0.235488,30.00,589.333740,4091.41,0.000031,8500.00
44.650,2890.61,-64.31,0.169720,30.00,882.881165,3661.71,0.000070,7210.00
44.700,2788.88,-64.95,0.120682,120.00,750.278015,3551.91,0.000114,6880.00
44.750,2151.04,-66.79,0.201951,45.00,1026.776367,3441.96,0.000025,5975.00
44.800,1849.49,-69.34,0.264766,35.00,919.418396,3293.61,0.000005,4920.00
44.850,2301.00,-69.39,0.265279,35.00,1033.459839,3283.93,0.000008,5700.00
44.900,3368.60,-64.43,0.249481,30.00,483.199005,3240.58,0.000042,6485.00
44.950,3475.34,-64.49,0.228703,30.00,273.669556,3216.31,0.000045,6630.00
45.000,2417.00,-69.51,0.208745,30.00,501.577423,3022.46,0.000005,5880.00
45.050,2699.95,-71.46,0.104713,30.00,740.729919,3058.43,0.000007,6240.00
45.100,3595.01,-71.36,0.049260,1590.00,548.516418,3110.52,0.000043,7200.00
45.150,5116.11,-65.07,0.070690,125.00,324.554993,4689.85,0.000290,11100.00
45.200,5118.37,-61.51,0.198464,45.00,944.621277,5143.29,0.000115,11890.00
45.250,4075.49,-64.12,0.262070,35.00,869.925415,5005.83,0.000030,11020.00
45.300,1846.93,-71.90,0.261755,35.00,983.501709,3301.02,0.000003,4730.00
45.350,1247.45,-74.69,0.267373,30.00,379.945526,2340.69,0.000000,3175.00
45.400,1005.68,-75.75,0.271774,30.00,170.401352,2121.81,0.000000,2340.00
45.450,855.61,-75.90,0.272542,30.00,143.893051,2100.42,0.000000,1090.00
45.500,1421.60,-71.54,0.259755,30.00,404.249603,2547.20,0.000004,2535.00
45.550,2707.64,-65.33,0.234964,30.00,338.703064,3590.95,0.000026,7330.00
45.600,4160.12,-64.67,0.239121,30.00,410.207642,4302.38,0.000022,9525.00
45.650,2800.23,-68.69,0.251163,30.00,253.244629,3900.93,0.000006,7985.00
45.700,1513.21,-71.12,0.245113,30.00,326.406403,2725.07,0.000005,2505.00
45.750,2245.31,-69.01,0.228092,30.00,238.170242,3662.67,0.000010,5850.00
45.800,3552.52,-67.28,0.235380,30.00,357.185608,4700.12,0.000013,10255.00
45.850,2354.63,-69.82,0.232577,30.00,276.982880,3896.46,0.000009,6815.00
45.900,4265.42,-65.05,0.220829,30.00,290.036652,5067.73,0.000043,11225.00
45.950,6083.89,-62.07,0.206894,30.00,315.783508,5321.58,0.000104,12635.00
46.000,5317.00,-66.36,0.203846,30.00,257.829102,5368.38,0.000029,12360.00
46.050,4967.84,-63.35,0.206563,30.00,226.532547,4639.62,0.000048,11035.00
46.100,5219.13,-58.16,0.201046,30.00,483.597015,4317.28,0.000256,10780.00
46.150,4933.44,-59.59,0.190830,30.00,308.775116,4299.03,0.000179,10535.00
46.200,5628.81,-64.29,0.180609,30.00,405.330780,5014.81,0.000044,12135.00
46.250,6162.88,-67.30,0.177126,30.00,238.078247,5326.12,0.000023,12635.00
46.300,5333.37,-68.75,0.174324,30.00,119.037415,5284.47,0.000017,12215.00
46.350,3268.08,-66.95,0.178122,30.00,335.746429,4398.51,0.000036,9605.00
46.400,2063.47,-67.71,0.187878,30.00,474.474701,3267.65,0.000028,4125.00
46.450,1637.28,-71.07,0.169780,30.00,346.813324,2760.55,0.000010,2635.00
46.500,924.91,-77.05,0.149631,30.00,457.884979,2107.52,0.000001,925.00
46.550,518.54,-79.05,0.109701,30.00,377.704071,1887.44,0.000000,365.00
46.600,3218.33,-78.53,0.035109,30.00,481.424438,4758.86,0.000012,9815.00
46.650,5503.55,-64.56,0.095260,80.00,559.588867,5162.82,0.000167,12205.00
46.700,4630.29,-61.41,0.221742,40.00,897.448364,5055.62,0.000087,11540.00
46.750,3276.42,-64.90,0.248024,35.00,909.175842,4448.05,0.000024,9065.00
46.800,1870.22,-71.44,0.244642,35.00,678.532166,3005.02,0.000003,4390.00
46.850,1558.17,-73.64,0.179643,30.00,557.744751,2540.89,0.000002,3555.00
46.900,2301.32,-74.74,0.059169,30.00,806.831055,3014.49,0.000017,4965.00
46.950,2948.08,-68.71,0.072216,525.00,502.402130,3742.47,0.000126,7570.00
47.000,2500.33,-66.88,0.138375,525.00,475.694153,3410.08,0.000070,5725.00
47.050,2061.15,-69.17,0.125263,185.00,465.887604,2824.68,0.000038,4250.00
47.100,1527.06,-70.98,0.138169,120.00,770.525085,2471.22,0.000011,3535.00
47.150,1001.03,-72.65,0.240791,40.00,994.413757,2103.79,0.000001,1865.00
47.200,1117.27,-73.80,0.264863,35.00,991.760071,2312.26,0.000002,2330.00
47.250,2841.72,-65.97,0.261948,35.00,687.386963,3233.46,0.000026,6190.00
47.300,3507.50,-61.93,0.199155,30.00,782.558472,3272.61,0.000147,6715.00
47.350,3467.61,-64.31,0.111828,200.00,879.257202,3220.11,0.000172,6825.00
47.400,2735.05,-70.40,0.077974,195.00,410.112335,3109.68,0.000027,6110.00
47.450,2558.48,-71.85,0.069029,185.00,280.273010,2977.90,0.000024,5360.00
47.500,3183.73,-70.53,0.057775,1570.00,232.549759,3734.87,0.000079,7310.00
47.550,4246.20,-62.08,0.129251,65.00,647.680664,4785.20,0.000204,10870.00
47.600,3690.23,-60.69,0.228519,40.00,852.508057,4592.65,0.000106,10095.00
47.650,2545.04,-65.70,0.247191,35.00,938.592285,3732.89,0.000021,6320.00
47.700,1839.97,-71.23,0.254259,30.00,691.526550,2870.87,0.000003,4375.00
47.750,1698.74,-72.82,0.255146,30.00,241.672577,2692.70,0.000001,4205.00
47.800,2028.26,-70.69,0.255346,30.00,216.369003,3290.67,0.000004,4775.00
47.850,4233.99,-63.31,0.237852,30.00,337.883118,4852.22,0.000039,10965.00
47.900,4771.18,-62.58,0.221889,30.00,279.406708,4979.22,0.000053,11640.00
47.950,3188.91,-66.69,0.235954,30.00,332.402130,4355.73,0.000016,9135.00
48.000,5085.13,-62.46,0.239623,30.00,230.051224,5100.84,0.000055,11840.00
48.050,6120.32,-63.51,0.233937,30.00,230.014236,5248.13,0.000040,12560.00
48.100,3774.18,-71.47,0.238042,30.00,252.670944,5063.05,0.000003,10950.00
48.150,1846.37,-73.30,0.239478,30.00,206.244827,3035.52,0.000002,4085.00
48.200,2333.64,-69.83,0.230803,30.00,330.779633,3010.64,0.000006,4770.00
48.250,1990.57,-69.85,0.225982,30.00,317.560059,2781.75,0.000007,3655.00
48.300,2024.68,-70.16,0.217555,30.00,299.872650,3314.15,0.000007,5320.00
48.350,3515.78,-69.51,0.212035,30.00,293.757385,4420.69,0.000007,9165.00
48.400,4142.83,-67.50,0.215026,30.00,132.139648,4535.66,0.000012,9500.00
48.450,4058.99,-60.50,0.223145,30.00,750.677063,4422.97,0.000114,9735.00
48.500,3858.15,-59.48,0.249257,55.00,1122.369263,4162.16,0.000127,8720.00
48.550,3039.76,-65.63,0.274869,50.00,1004.376953,3655.21,0.000015,6750.00
48.600,1103.41,-75.82,0.289239,50.00,508.946838,2359.14,0.000000,2695.00
48.650,389.58,-78.61,0.297319,50.00,212.154938,1377.17,0.000000,250.00
48.700,3366.22,-69.70,0.297823,50.00,84.193573,4738.63,0.000003,9925.00
48.750,4926.51,-60.89,0.283278,50.00,444.375977,4979.81,0.000051,11565.00
48.800,4421.95,-61.24,0.252518,50.00,408.984283,4818.61,0.000066,11010.00
48.850,2347.45,-69.91,0.245095,50.00,400.366974,3694.04,0.000006,6505.00
48.900,1017.49,-76.88,0.245162,50.00,326.178711,2286.40,0.000000,1030.00
48.950,288.49,-79.10,0.242256,50.00,162.064911,1177.36,0.000000,165.00
49.000,3242.39,-69.99,0.236483,50.00,205.674164,4715.88,0.000005,10005.00
49.050,4215.83,-61.57,0.233807,45.00,852.924255,4867.55,0.000070,11020.00
49.100,3746.88,-61.36,0.230419,40.00,957.325684,4494.17,0.000082,9880.00
49.150,3139.97,-65.06,0.234346,35.00,963.116943,3876.50,0.000029,8055.00
49.200,4997.80,-61.54,0.230745,30.00,465.041382,4851.92,0.000070,11525.00
49.250,5022.92,-63.37,0.230734,30.00,281.067078,5017.83,0.000039,11700.00
49.300,2501.72,-69.31,0.246302,30.00,261.061371,3735.75,0.000006,6570.00
49.350,2620.96,-66.58,0.226032,30.00,489.753571,3366.27,0.000018,6045.00
49.400,2691.41,-67.09,0.130410,30.00,793.012695,3257.66,0.000048,6440.00
49.450,2343.18,-67.80,0.095064,235.00,647.830322,3013.72,0.000071,4795.00
49.500,1609.44,-68.40,0.197104,45.00,933.441589,2629.94,0.000012,2970.00
49.550,1292.18,-70.87,0.263079,35.00,916.886414,2435.08,0.000003,2515.00
49.600,2429.15,-68.37,0.266320,35.00,1030.715454,3476.42,0.000006,6190.00
49.650,3510.04,-62.26,0.251704,30.00,541.006836,3576.45,0.000043,7490.00
49.700,3250.91,-62.67,0.224183,30.00,476.434631,3309.25,0.000052,6575.00
49.750,1996.27,-68.12,0.226352,30.00,404.735229,2597.21,0.000011,4375.00
49.800,1830.54,-69.28,0.206339,30.00,472.881226,2498.26,0.000009,3465.00
49.850,2403.31,-69.33,0.109177,30.00,710.065125,2908.09,0.000025,5540.00
49.900,4530.12,-65.31,0.065733,180.00,578.298706,4513.04,0.000282,10570.00
49.950,4444.06,-60.75,0.183476,45.00,867.778931,4867.61,0.000156,11150.00
50.000,3489.00,-62.52,0.247458,35.00,833.278625,4554.64,0.000054,9740.00
50.050,1868.27,-69.75,0.249466,35.00,924.546997,3232.15,0.000006,4345.00
50.100,1647.08,-70.91,0.247101,30.00,402.069977,2886.88,0.000004,3350.00
50.150,1449.14,-71.96,0.247609,30.00,248.323776,2606.34,0.000003,2955.00
50.200,1469.17,-72.04,0.247951,30.00,261.260345,2650.39,0.000003,3045.00
50.250,1792.03,-69.70,0.243195,30.00,312.052948,2798.45,0.000007,3045.00
50.300,2271.49,-68.13,0.232549,30.00,289.988281,3029.89,0.000010,3780.00
50.350,2153.52,-69.50,0.236487,30.00,298.616730,3037.66,0.000006,3780.00
50.400,2737.57,-69.21,0.239311,30.00,201.071426,3883.99,0.000006,8525.00
50.450,4641.84,-67.96,0.245608,30.00,184.746704,4790.59,0.000007,10300.00
50.500,4651.99,-66.47,0.244759,30.00,106.034622,4580.94,0.000012,10105.00
50.550,4139.75,-62.76,0.231916,30.00,382.857086,4334.48,0.000046,9370.00
50.600,2839.51,-65.13,0.221706,30.00,319.764801,3746.99,0.000030,7520.00
50.650,3530.98,-64.57,0.221316,30.00,361.065674,4549.83,0.000036,9805.00
50.700,5492.91,-62.21,0.205752,30.00,309.457031,5194.12,0.000075,12220.00
50.750,5507.33,-66.63,0.200824,30.00,296.582886,5363.94,0.000019,12395.00
50.800,4849.73,-62.79,0.202685,30.00,226.334366,4689.54,0.000060,10950.00
50.850,5080.25,-57.79,0.197340,30.00,489.070129,4430.83,0.000302,10805.00
50.900,4858.72,-59.34,0.188480,30.00,326.456268,4408.91,0.000208,10610.00
50.950,5469.50,-63.67,0.183121,30.00,397.599274,5034.44,0.000055,11990.00
51.000,5324.35,-66.16,0.179661,30.00,252.488693,5207.36,0.000025,12085.00
51.050,5230.19,-68.69,0.174389,30.00,195.317062,5319.88,0.000016,12185.00
51.100,3917.94,-64.72,0.177385,30.00,339.344788,4571.11,0.000063,10000.00
51.150,2702.13,-65.05,0.186057,30.00,433.173798,3720.53,0.000066,7090.00
51.200,1674.31,-70.55,0.172821,30.00,396.834015,2591.58,0.000015,2090.00
51.250,1375.07,-74.41,0.155959,30.00,412.130402,2403.66,0.000002,1885.00
51.300,1285.04,-76.45,0.112767,30.00,427.030823,2616.71,0.000001,1610.00
51.350,1722.33,-76.24,0.050081,30.00,506.940338,3231.59,0.000018,2770.00
51.400,4524.21,-64.86,0.116345,185.00,585.774231,5085.89,0.000143,11475.00
51.450,4203.51,-61.23,0.219673,40.00,871.463867,4969.20,0.000124,11110.00
51.500,2898.61,-64.32,0.239693,35.00,908.182190,4175.77,0.000043,8245.00
51.550,1803.39,-70.11,0.237450,35.00,732.074097,2866.06,0.000006,3570.00
51.600,1671.27,-71.40,0.180231,35.00,524.135986,2627.37,0.000005,3540.00
51.650,1726.37,-72.29,0.095346,30.00,816.122864,2597.93,0.000011,3970.00
51.700,1214.47,-72.69,0.137088,230.00,635.655151,2233.96,0.000007,2655.00
51.750,1082.17,-70.97,0.238417,40.00,936.735779,2188.78,0.000005,2055.00
51.800,1457.28,-70.32,0.259395,35.00,995.602417,2612.78,0.000004,2990.00
51.850,1723.55,-70.34,0.251960,35.00,668.400085,2836.41,0.000004,3925.00
51.900,1858.54,-70.86,0.177808,35.00,583.759277,2945.22,0.000006,4450.00
51.950,5533.70,-64.03,0.067881,30.00,824.817017,4139.84,0.000293,9835.00
52.000,4691.11,-60.11,0.125861,80.00,634.949097,4083.79,0.000336,9440.00
52.050,3150.24,-61.03,0.225860,40.00,855.580811,3454.82,0.000097,6900.00
52.100,2475.94,-65.37,0.240752,35.00,926.181213,3029.22,0.000021,5835.00
52.150,2114.51,-68.92,0.239544,35.00,579.991943,3231.88,0.000008,5355.00
52.200,4075.86,-63.09,0.181248,30.00,588.755493,4321.52,0.000069,9440.00
52.250,4108.65,-62.08,0.119719,30.00,902.570801,4236.66,0.000232,9530.00
52.300,3513.14,-61.93,0.166623,680.00,647.975647,4431.26,0.000161,9555.00
52.350,4057.01,-61.03,0.238233,40.00,988.402893,4790.27,0.000094,10580.00
52.400,4524.09,-62.33,0.247291,35.00,933.179016,4487.47,0.000046,9750.00
52.450,4458.33,-63.46,0.243649,35.00,765.693604,4212.29,0.000029,9515.00
52.500,2812.51,-67.47,0.247541,30.00,279.276764,3555.37,0.000008,7310.00
52.550,1985.48,-70.77,0.251854,30.00,239.304413,3205.92,0.000004,4625.00
52.600,3427.89,-64.10,0.251676,30.00,583.607544,4609.80,0.000034,9865.00
52.650,3341.63,-63.24,0.247573,55.00,1078.590088,4612.11,0.000051,9895.00
52.700,2456.17,-68.18,0.265265,50.00,1148.366455,3974.45,0.000013,7015.00
52.750,4946.35,-64.32,0.267736,50.00,482.278809,5173.18,0.000029,11755.00
52.800,5165.49,-63.65,0.250549,50.00,273.757080,5229.83,0.000042,12010.00
52.850,2255.51,-68.08,0.251825,50.00,389.912781,3641.10,0.000015,5400.00
52.900,1032.95,-73.34,0.249617,50.00,759.799377,1716.22,0.000003,1540.00
52.950,773.43,-74.60,0.258982,40.00,990.358704,1455.35,0.000001,1335.00
53.000,814.58,-74.79,0.261668,35.00,1010.471436,1681.42,0.000001,1340.00
53.050,1613.75,-70.25,0.247709,30.00,691.791077,2525.59,0.000006,2545.00
53.100,2021.18,-69.60,0.247254,30.00,344.553497,2989.86,0.000006,3170.00
53.150,3857.04,-66.88,0.258360,30.00,326.644196,4152.83,0.000009,8920.00
53.200,4754.19,-59.61,0.250410,30.00,637.341064,4330.42,0.000094,9765.00
53.250,4286.10,-59.25,0.247365,55.00,1161.007690,4194.76,0.000118,9280.00
53.300,3054.13,-65.33,0.273300,50.00,1104.021973,3652.13,0.000016,6655.00
53.350,2380.83,-69.17,0.278053,50.00,691.209045,3579.26,0.000004,7780.00
53.400,2795.67,-66.95,0.256158,50.00,831.552063,3867.52,0.000011,8375.00
53.450,2608.01,-65.55,0.192806,65.00,961.573364,3779.05,0.000041,8070.00
53.500,3859.49,-62.00,0.178202,50.00,532.750244,4777.29,0.000130,10710.00
53.550,3894.66,-63.93,0.256808,40.00,963.155823,5022.16,0.000035,10995.00
53.600,2078.00,-68.58,0.261543,35.00,984.979675,3739.10,0.000010,5840.00
53.650,4748.46,-61.47,0.248003,30.00,678.936035,4731.06,0.000065,10415.00
53.700,6342.55,-61.22,0.246773,30.00,416.545319,4506.94,0.000062,10815.00
53.750,6457.23,-64.37,0.249357,30.00,301.212067,4287.70,0.000025,10370.00
53.800,5368.87,-61.14,0.241542,35.00,682.864807,4755.09,0.000074,10515.00
53.850,4545.09,-61.15,0.226726,40.00,812.170105,4687.91,0.000087,10285.00
53.900,4606.00,-63.10,0.228394,35.00,849.858643,4584.34,0.000046,10110.00
53.950,5826.34,-61.70,0.227213,30.00,484.526794,4925.46,0.000066,11855.00
54.000,5406.04,-62.14,0.221981,30.00,251.492004,4925.69,0.000060,11640.00
54.050,4586.27,-65.60,0.231733,30.00,265.593109,4658.43,0.000018,10250.00
54.100,3927.73,-65.43,0.223433,30.00,420.109314,4337.15,0.000022,9185.00
54.150,3794.72,-64.80,0.139724,30.00,734.059143,3986.15,0.000070,8505.00
54.200,4029.75,-65.15,0.077908,180.00,679.521973,3873.88,0.000202,8530.00
54.250,2748.20,-65.33,0.180947,50.00,884.327881,3595.23,0.000040,6855.00
54.300,2109.45,-66.70,0.255153,35.00,849.390198,3247.46,0.000012,5385.00
54.350,2141.76,-69.20,0.256729,35.00,1031.898926,3233.70,0.000010,5280.00
54.400,3171.19,-64.01,0.249332,30.00,506.496246,3274.85,0.000048,6460.00
54.450,3085.52,-63.34,0.224403,30.00,500.147919,3174.08,0.000074,6395.00
54.500,2112.09,-67.55,0.209221,30.00,563.587402,2868.41,0.000018,4825.00
54.550,2183.41,-69.32,0.132580,30.00,720.934448,2971.77,0.000019,4975.00
54.600,3013.03,-68.96,0.086620,345.00,639.697876,3076.81,0.000032,6355.00
54.650,4451.71,-64.87,0.085638,340.00,332.790985,4340.88,0.000184,10035.00
54.700,4999.29,-60.95,0.180116,50.00,872.526672,4989.42,0.000139,11655.00
54.750,3948.55,-62.25,0.239805,35.00,805.262207,4699.14,0.000056,10565.00
54.800,2209.10,-67.89,0.236557,35.00,934.972656,3150.75,0.000012,4440.00
54.850,2151.40,-68.40,0.245672,30.00,499.552704,3131.56,0.000010,4445.00
54.900,3924.71,-65.39,0.248506,30.00,340.655182,4453.04,0.000017,9725.00
54.950,4506.95,-66.83,0.252017,30.00,247.434525,4730.66,0.000010,10170.00
55.000,2481.30,-69.34,0.253444,30.00,243.352325,3670.23,0.000005,7390.00
55.050,2389.00,-68.85,0.241208,30.00,297.875610,3308.84,0.000008,6115.00
55.100,2101.60,-71.13,0.240039,30.00,239.586136,3283.14,0.000004,4620.00
55.150,2687.12,-68.82,0.247173,30.00,222.852798,3780.52,0.000006,7220.00
55.200,3854.14,-65.20,0.245982,30.00,151.006348,3912.84,0.000016,8755.00
55.250,4037.96,-66.28,0.239670,30.00,144.499710,4009.59,0.000014,8800.00
55.300,4177.76,-64.19,0.236358,30.00,252.647049,4470.58,0.000027,9700.00
55.350,2953.84,-65.91,0.224818,30.00,346.471130,3876.11,0.000025,7875.00
55.400,3659.52,-65.88,0.215899,30.00,246.229782,4645.12,0.000039,10230.00
55.450,6176.31,-62.49,0.204074,30.00,344.063995,5160.80,0.000103,12485.00
55.500,6474.24,-63.65,0.203751,30.00,215.769608,4820.80,0.000065,11720.00
55.550,6150.21,-61.71,0.204424,30.00,217.836258,4427.31,0.000071,10745.00
55.600,5704.21,-57.88,0.196716,30.00,428.156830,4314.21,0.000252,10935.00
55.650,5245.99,-59.57,0.187371,30.00,240.787643,4274.90,0.000177,10710.00
55.700,5848.34,-63.50,0.181078,30.00,374.529205,4993.82,0.000059,12200.00
55.750,5066.13,-63.17,0.177100,30.00,219.188461,4869.02,0.000075,11595.00
55.800,3658.30,-63.35,0.179977,30.00,355.458466,4250.31,0.000084,9735.00
55.850,2690.98,-66.58,0.176783,30.00,307.403503,3641.83,0.000035,6245.00
55.900,2059.69,-70.79,0.165783,30.00,316.296936,3282.61,0.000012,2285.00
55.950,1742.35,-74.03,0.156770,30.00,290.154327,3241.83,0.000004,2100.00
56.000,1892.11,-73.26,0.152894,30.00,188.992462,3038.44,0.000004,4100.00
56.050,2124.98,-70.09,0.132206,30.00,403.237610,2884.57,0.000013,4110.00
56.100,2213.83,-71.55,0.076748,30.00,523.656311,2880.81,0.000038,3990.00
56.150,5355.87,-64.89,0.092962,110.00,470.612000,5187.21,0.000198,12105.00
56.200,5095.39,-61.91,0.221298,40.00,976.810791,5248.04,0.000089,12005.00
56.250,3754.77,-64.13,0.264171,35.00,903.205933,4714.52,0.000030,10205.00
56.300,2354.25,-69.44,0.254242,35.00,812.669434,3450.72,0.000005,6250.00
56.350,2186.52,-69.55,0.199023,35.00,557.722839,3192.84,0.000007,5340.00
56.400,2920.16,-67.57,0.100569,30.00,853.173462,3336.38,0.000048,6885.00
56.450,3494.66,-66.90,0.076459,275.00,477.880127,3707.85,0.000091,8575.00
56.500,3840.86,-65.25,0.096841,230.00,396.162140,3919.40,0.000091,8890.00
56.550,3659.87,-65.97,0.104630,230.00,350.235107,3741.47,0.000077,8640.00
56.600,2672.68,-66.50,0.128164,185.00,626.647522,3431.53,0.000059,6770.00
56.650,2742.87,-64.50,0.229300,40.00,923.131836,3436.27,0.000033,6205.00
56.700,3245.66,-65.06,0.248064,35.00,937.695007,3423.35,0.000024,6530.00
56.750,3118.93,-65.38,0.249130,35.00,720.187805,3240.94,0.000025,6280.00
56.800,3582.10,-62.01,0.201115,35.00,652.344666,3289.25,0.000108,6715.00
56.850,3684.48,-64.04,0.096287,30.00,848.334167,3254.48,0.000213,6840.00
56.900,3661.84,-67.00,0.060473,180.00,445.068665,3687.58,0.000190,7820.00
56.950,3427.51,-66.43,0.082513,290.00,281.405823,3584.66,0.000129,7200.00
57.000,3539.04,-66.81,0.076742,290.00,238.311554,3651.43,0.000126,8225.00
57.050,4378.70,-61.50,0.120488,65.00,606.319336,4520.74,0.000265,10320.00
57.100,4089.62,-60.70,0.225853,40.00,891.669250,4701.82,0.000104,10475.00
57.150,3047.53,-65.56,0.250738,35.00,923.785828,4291.81,0.000020,9050.00
57.200,1990.34,-70.66,0.254194,35.00,779.057190,3196.08,0.000004,5005.00
57.250,2476.74,-68.86,0.252827,30.00,259.684601,3734.17,0.000007,6385.00
57.300,4359.78,-65.30,0.249520,30.00,242.854446,4852.18,0.000017,10815.00
57.350,5592.53,-62.59,0.241390,30.00,216.775803,5045.26,0.000042,11685.00
57.400,4912.25,-61.50,0.230528,30.00,409.404205,4972.84,0.000071,11410.00
57.450,3194.97,-65.99,0.227961,30.00,204.930374,4335.41,0.000023,9380.00
57.500,5290.06,-63.06,0.233025,30.00,367.983673,5141.35,0.000045,11990.00
57.550,5274.82,-62.02,0.224494,30.00,336.018280,5145.68,0.000071,12010.00
57.600,3095.25,-68.54,0.225317,30.00,295.597565,4537.59,0.000011,9440.00
57.650,1060.51,-74.78,0.234653,30.00,276.930573,2194.19,0.000001,1180.00
57.700,1087.38,-73.95,0.230196,30.00,453.006805,1856.38,0.000002,1260.00
57.750,1104.24,-74.32,0.227143,30.00,477.435669,1660.00,0.000002,1350.00
57.800,1497.55,-72.81,0.218784,30.00,422.020844,2299.60,0.000003,2290.00
57.850,2050.57,-70.01,0.213727,30.00,346.771454,3013.88,0.000007,4420.00
57.900,2290.96,-69.24,0.209085,30.00,277.295563,3521.89,0.000010,6175.00
57.950,4133.96,-61.14,0.212887,30.00,667.555969,4468.24,0.000097,9860.00
58.000,4193.51,-59.34,0.243178,55.00,1094.136719,4288.85,0.000125,9395.00
58.050,3218.79,-65.02,0.271232,50.00,1006.275208,3855.66,0.000017,7395.00
58.100,1101.48,-73.95,0.283045,50.00,523.481934,2182.00,0.000001,1420.00
58.150,1346.59,-72.22,0.268792,50.00,422.704956,2286.79,0.000002,2180.00
58.200,2105.66,-69.38,0.262885,50.00,280.003021,3463.77,0.000008,3440.00
58.250,5327.89,-63.27,0.264032,50.00,361.158142,5223.52,0.000034,12210.00
58.300,5062.75,-62.46,0.247340,50.00,296.488434,5089.38,0.000049,11935.00
58.350,2747.87,-67.06,0.242189,50.00,236.702438,3777.75,0.000014,6835.00
58.400,2778.69,-66.56,0.244378,50.00,255.189865,3597.30,0.000015,6895.00
58.450,2083.04,-68.04,0.233892,50.00,384.948242,3032.07,0.000013,3455.00
58.500,2083.11,-69.01,0.230772,50.00,377.348694,3444.19,0.000014,3845.00
58.550,4655.93,-63.10,0.235605,45.00,831.693298,5167.11,0.000060,11665.00
58.600,4231.85,-62.23,0.247987,40.00,926.062805,4952.54,0.000072,11200.00
58.650,2801.23,-66.64,0.249023,35.00,1010.517944,4030.31,0.000018,7385.00
58.700,5254.59,-62.58,0.238951,30.00,595.559204,5009.19,0.000043,11750.00
58.750,5257.36,-63.09,0.235367,30.00,286.256378,5051.82,0.000038,11845.00
58.800,2486.83,-68.36,0.248086,30.00,327.024078,3730.97,0.000009,6500.00
58.850,1524.82,-71.03,0.231385,30.00,511.150696,2249.82,0.000006,2020.00
58.900,1856.29,-69.26,0.153231,30.00,766.357971,2557.04,0.000025,2405.00
58.950,4486.30,-63.35,0.079333,180.00,715.133423,4361.68,0.000328,10290.00
59.000,4585.84,-61.06,0.169577,50.00,865.033325,4354.35,0.000146,10170.00
59.050,3519.37,-62.83,0.248136,35.00,851.595398,3964.58,0.000041,8760.00
59.100,2464.61,-67.60,0.253875,35.00,989.393311,3328.74,0.000014,5860.00
59.150,3092.37,-64.84,0.248393,30.00,531.125366,3176.17,0.000037,6295.00
59.200,3332.04,-63.45,0.233088,30.00,412.493500,3223.41,0.000058,6535.00
59.250,2660.33,-66.68,0.239306,30.00,370.599854,3252.17,0.000013,6300.00
59.300,2174.26,-68.92,0.218583,30.00,476.297791,2988.97,0.000006,4935.00
59.350,2543.99,-69.35,0.127505,30.00,714.728638,2973.70,0.000013,5840.00
59.400,4426.71,-65.43,0.062874,1590.00,647.391541,4319.65,0.000391,9930.00
59.450,4623.00,-59.97,0.168403,50.00,798.716370,4782.67,0.000298,11090.00
59.500,3570.65,-60.76,0.229755,35.00,759.659241,4368.07,0.000138,9305.00
59.550,2146.34,-67.13,0.236684,35.00,944.912537,2991.82,0.000017,3595.00
59.600,1983.01,-69.80,0.251834,30.00,488.177826,2998.30,0.000005,3980.00
59.650,2150.69,-68.68,0.256128,30.00,254.091187,3223.49,0.000007,3990.00
59.700,1856.84,-69.62,0.250399,30.00,274.100555,3037.58,0.000007,2870.00
59.750,1116.38,-74.09,0.253495,30.00,338.798798,2361.10,0.000001,1595.00
59.800,1290.29,-73.82,0.256201,30.00,307.244965,2496.06,0.000001,2875.00
59.850,1380.31,-73.26,0.253094,30.00,199.933670,2579.03,0.000002,3000.00
59.900,2332.55,-69.57,0.252715,30.00,282.115265,3450.49,0.000005,6795.00
59.950,4311.88,-65.73,0.244805,30.00,262.692078,4055.79,0.000015,8785.00
60.000,4990.90,-65.73,0.239134,30.00,193.838715,4293.59,0.000015,9660.00
60.050,6050.45,-61.27,0.237525,30.00,194.898712,4504.68,0.000056,11180.00
60.100,5030.77,-61.68,0.232384,30.00,334.120056,4569.11,0.000059,10740.00
60.150,3556.56,-65.81,0.233975,30.00,327.172577,4607.83,0.000027,9735.00
60.200,5742.99,-63.37,0.210397,30.00,419.529785,5263.43,0.000062,12390.00
60.250,4841.29,-64.45,0.208053,30.00,357.832855,5070.90,0.000039,11755.00
60.300,3893.51,-63.78,0.207117,30.00,239.963089,4340.34,0.000046,9735.00
60.350,5363.87,-58.85,0.196896,30.00,417.841644,4379.05,0.000215,11130.00
60.400,5204.11,-59.48,0.188409,30.00,230.006180,4324.89,0.000189,10830.00
60.450,5277.92,-62.63,0.180161,30.00,401.417633,4954.97,0.000078,11845.00
60.500,4401.27,-64.10,0.182629,30.00,332.009369,4777.61,0.000051,11085.00
60.550,2953.18,-65.23,0.190544,30.00,427.008606,3839.36,0.000046,7165.00
60.600,2556.14,-66.65,0.184649,30.00,393.491180,3425.98,0.000035,5025.00
60.650,3032.63,-66.44,0.162420,30.00,351.415955,3765.11,0.000037,7735.00
60.700,4977.85,-63.58,0.156512,30.00,410.609680,3897.42,0.000065,9020.00
60.750,5031.59,-63.59,0.156836,30.00,181.090561,3627.84,0.000066,8915.00
60.800,3888.19,-65.80,0.127627,30.00,380.349701,3688.16,0.000052,8100.00
60.850,2858.50,-70.64,0.068317,30.00,516.850525,3524.66,0.000047,7155.00
60.900,5970.67,-63.17,0.086320,100.00,453.533813,4708.14,0.000274,11155.00
60.950,5420.46,-60.77,0.219407,40.00,979.971130,5030.65,0.000095,11565.00
61.000,3801.93,-64.22,0.264727,35.00,897.071289,4770.07,0.000024,10285.00
61.050,2307.00,-68.25,0.250614,35.00,888.610107,3361.76,0.000009,5945.00
61.100,2285.92,-66.61,0.207915,35.00,664.495117,3292.66,0.000027,4965.00
61.150,4654.01,-62.19,0.110840,30.00,803.440613,4662.47,0.000266,10735.00
61.200,5697.39,-62.18,0.099994,85.00,686.557922,4930.53,0.000292,11475.00
61.250,3067.05,-63.88,0.220304,40.00,905.300049,4189.44,0.000048,9025.00
61.300,2010.99,-67.50,0.248690,35.00,922.709167,3147.57,0.000014,4550.00
61.350,1883.31,-68.97,0.246958,35.00,810.235046,2903.10,0.000007,4075.00
61.400,1995.63,-69.20,0.184207,35.00,536.109863,2951.76,0.000010,4095.00
61.450,3445.72,-67.73,0.073946,30.00,787.723206,4226.05,0.000108,9520.00
61.500,3718.96,-62.11,0.124823,115.00,638.987732,4168.98,0.000215,9510.00
61.550,3237.52,-60.65,0.220364,40.00,832.654236,3586.53,0.000117,6875.00
61.600,2857.64,-63.59,0.237658,35.00,928.174744,3269.57,0.000036,6280.00
61.650,1860.99,-69.07,0.234813,35.00,669.337830,2555.34,0.000005,3295.00
61.700,3267.00,-65.45,0.177787,35.00,571.278809,3601.59,0.000019,8180.00
61.750,5829.46,-63.45,0.087127,30.00,791.977600,3893.95,0.000240,9660.00
61.800,6181.85,-60.58,0.115613,120.00,549.634766,4466.34,0.000363,10600.00
61.850,4786.56,-60.34,0.220847,40.00,910.499390,4896.57,0.000117,10790.00
61.900,2875.80,-65.53,0.252310,35.00,922.819214,4214.45,0.000021,8235.00
61.950,3238.76,-66.08,0.251672,35.00,772.861389,3985.81,0.000013,8730.00
62.000,5016.40,-63.37,0.237906,30.00,320.291443,4600.82,0.000022,10270.00
62.050,4556.19,-65.66,0.234731,30.00,242.389114,4668.63,0.000018,10280.00
62.100,3505.19,-63.47,0.242841,30.00,537.029602,4531.21,0.000043,9785.00
62.150,3402.90,-61.80,0.240785,55.00,1014.241089,4458.76,0.000081,9675.00
62.200,2409.73,-66.40,0.252029,50.00,1119.101929,3622.56,0.000019,5590.00
62.250,3897.46,-63.93,0.256995,50.00,582.479187,4651.08,0.000034,10555.00
62.300,5092.50,-62.84,0.249908,50.00,388.774506,5056.91,0.000043,11750.00
62.350,3681.12,-67.05,0.259200,50.00,303.511597,4603.25,0.000011,9590.00
62.400,1819.70,-69.29,0.265403,50.00,736.361267,3168.30,0.000006,3935.00
62.450,1476.84,-70.04,0.264976,40.00,1103.706177,2838.73,0.000005,2980.00
62.500,1954.41,-69.49,0.264768,35.00,1055.432983,3202.89,0.000005,5225.00
62.550,3334.61,-65.34,0.261074,35.00,717.750488,3540.23,0.000015,6855.00
62.600,2803.02,-64.88,0.242296,30.00,423.553192,3217.26,0.000023,5795.00
62.650,2020.52,-69.02,0.235693,30.00,366.810760,2888.97,0.000009,3130.00
62.700,3719.97,-61.24,0.232706,30.00,544.962097,4220.63,0.000083,9115.00
62.750,4491.94,-58.40,0.237049,55.00,1074.257446,4233.06,0.000174,9605.00
62.800,4997.11,-61.53,0.264254,50.00,1124.817871,4085.25,0.000049,9520.00
62.850,2898.01,-65.93,0.274710,50.00,658.344543,3798.83,0.000013,7905.00
62.900,1427.19,-69.07,0.256324,50.00,895.065918,2604.17,0.000009,2185.00
62.950,1636.68,-69.47,0.202332,65.00,943.044067,2892.82,0.000015,2240.00
63.000,4205.12,-63.06,0.172143,70.00,547.718018,4875.48,0.000104,11080.00
63.050,4225.52,-63.38,0.257866,40.00,988.745300,5093.94,0.000041,11490.00
63.100,2952.31,-69.12,0.273358,35.00,1047.224365,4571.04,0.000005,9260.00
63.150,4837.19,-62.60,0.261717,30.00,669.681946,4845.48,0.000038,11260.00
63.200,4845.28,-62.31,0.239892,30.00,367.508331,4850.28,0.000051,11420.00
63.250,2627.89,-69.20,0.253977,30.00,364.518890,4086.74,0.000006,7260.00
63.300,1329.11,-73.01,0.250247,30.00,385.110382,2728.37,0.000002,2780.00
63.350,2388.52,-68.99,0.158704,30.00,729.550354,3360.35,0.000013,6115.00
63.400,3362.30,-67.92,0.064245,195.00,799.042542,3524.50,0.000094,7700.00
63.450,3675.88,-69.13,0.054400,1325.00,258.423737,3562.88,0.000082,8180.00
63.500,3543.97,-70.33,0.051383,1325.00,165.325378,3511.16,0.000073,7955.00
63.550,3350.46,-71.22,0.047140,1330.00,159.249634,3443.52,0.000072,7475.00
63.600,3208.50,-71.37,0.045548,1330.00,160.086884,3405.98,0.000077,7090.00
63.650,3393.25,-69.95,0.055002,585.00,176.219910,3334.64,0.000080,7030.00
63.700,3567.14,-69.63,0.056806,585.00,131.853104,3308.50,0.000075,7505.00
63.750,3552.96,-71.16,0.048840,1335.00,168.337585,3298.22,0.000048,7680.00
63.800,3270.99,-72.90,0.045135,1335.00,128.255814,3324.76,0.000026,7555.00
63.850,2871.61,-74.39,0.045590,1335.00,119.207962,3319.40,0.000014,6690.00
63.900,2906.73,-72.49,0.048161,1330.00,124.545586,3398.95,0.000031,6725.00
63.950,3455.10,-68.62,0.057808,1330.00,191.518082,3588.86,0.000077,7655.00
64.000,3846.28,-68.62,0.053679,1330.00,162.252243,3646.72,0.000083,8240.00
64.050,3809.85,-70.54,0.050288,1325.00,162.492020,3576.44,0.000043,8190.00
64.100,3566.00,-71.50,0.049361,1325.00,102.772156,3420.05,0.000034,7640.00
64.150,3437.80,-71.76,0.046877,1325.00,136.530670,3330.58,0.000035,7295.00
64.200,3507.95,-71.50,0.046011,1325.00,125.789139,3385.06,0.000042,7560.00
64.250,3496.48,-71.19,0.048696,1330.00,117.524445,3336.84,0.000059,7550.00
64.300,3363.29,-71.72,0.047914,1330.00,131.861847,3400.36,0.000054,7510.00
64.350,3057.35,-72.66,0.045766,1330.00,122.025070,3405.13,0.000046,7060.00
64.400,2805.96,-73.11,0.044662,1330.00,113.174431,3333.33,0.000042,6345.00
64.450,3439.53,-70.86,0.048190,1330.00,127.997650,3509.71,0.000071,8120.00
64.500,3701.07,-69.40,0.055302,1330.00,172.236450,3612.29,0.000079,8575.00
64.550,3315.00,-69.62,0.060592,1330.00,173.019409,3508.37,0.000054,7995.00
64.600,3156.48,-71.34,0.052297,1330.00,150.427399,3446.84,0.000046,7305.00
64.650,3072.97,-72.91,0.047298,1330.00,105.778313,3415.50,0.000036,7060.00
64.700,2924.80,-73.84,0.046469,1325.00,90.164749,3338.45,0.000027,6740.00
64.750,2671.42,-74.49,0.045376,1325.00,108.592224,3277.63,0.000022,6480.00
64.800,2286.21,-73.35,0.049164,1325.00,161.354218,3052.31,0.000029,4965.00
64.850,2476.02,-71.89,0.053705,200.00,198.074448,3095.62,0.000038,5590.00
64.900,2750.07,-71.84,0.052411,195.00,186.852264,3099.13,0.000037,6065.00
64.950,2695.48,-72.88,0.047184,195.00,124.218025,3074.04,0.000031,5885.00
65.000,2657.12,-73.56,0.040779,590.00,121.035286,3068.41,0.000029,5760.00
65.050,2658.59,-72.80,0.043111,1180.00,117.792366,3251.83,0.000047,6195.00
65.100,3399.29,-69.18,0.051480,585.00,163.431168,3673.56,0.000107,7925.00
65.150,3790.58,-68.35,0.048682,490.00,153.917725,3740.51,0.000136,8435.00
65.200,3707.17,-70.23,0.040902,490.00,143.542816,3645.91,0.000078,8175.00
65.250,3231.24,-71.79,0.043409,490.00,127.441971,3385.20,0.000036,7200.00
65.300,2922.93,-72.65,0.044167,485.00,109.504501,3142.87,0.000028,6220.00
65.350,2515.25,-72.70,0.042016,985.00,134.631683,2967.64,0.000034,5270.00
65.400,2361.23,-72.20,0.052486,200.00,211.250534,2990.02,0.000034,4965.00
65.450,2502.85,-72.63,0.055011,195.00,155.321869,3134.79,0.000029,5570.00
65.500,2485.90,-73.53,0.046284,195.00,143.562805,3096.73,0.000032,5360.00
65.550,2538.77,-74.41,0.035062,195.00,119.823853,3136.36,0.000037,5400.00
65.600,2931.48,-74.87,0.023965,490.00,126.548004,3388.44,0.000055,6855.00
65.650,2523.39,-73.78,0.034390,195.00,143.974182,3316.26,0.000052,6015.00
65.700,2482.41,-72.08,0.054471,185.00,200.727600,3319.61,0.000043,6010.00
65.750,2910.56,-71.02,0.057819,185.00,198.899826,3349.50,0.000049,6610.00
65.800,3019.24,-71.25,0.053040,185.00,125.650360,3302.43,0.000045,6640.00
65.850,2876.30,-72.49,0.048089,185.00,142.469467,3216.00,0.000035,6285.00
65.900,2638.90,-72.82,0.046673,185.00,127.697273,3017.70,0.000038,5515.00
65.950,2608.45,-68.72,0.080655,185.00,357.554413,3190.61,0.000075,5235.00
66.000,2715.51,-66.85,0.113118,260.00,333.175232,3272.30,0.000073,5775.00
66.050,3463.66,-67.54,0.080111,265.00,369.482269,3529.51,0.000092,7800.00
66.100,5225.96,-62.91,0.071959,980.00,377.665863,3527.15,0.000407,9130.00
66.150,4625.56,-62.04,0.112760,460.00,441.024200,3673.72,0.000218,9000.00
66.200,3106.21,-66.80,0.121614,455.00,411.332245,3552.45,0.000047,8435.00
66.250,2371.94,-68.48,0.129652,710.00,538.283569,3238.13,0.000030,5415.00
66.300,2965.93,-65.72,0.144605,710.00,498.359680,3484.36,0.000046,6985.00
66.350,3016.38,-65.61,0.128977,695.00,577.726257,3394.24,0.000064,7185.00
66.400,4909.02,-63.09,0.097435,635.00,519.519897,4039.51,0.000239,9455.00
66.450,6262.96,-62.99,0.084408,245.00,474.431152,3907.93,0.000314,9785.00
66.500,4472.17,-65.36,0.095530,240.00,373.039978,4004.09,0.000116,9255.00
66.550,3389.79,-66.66,0.102709,220.00,425.412689,3819.52,0.000086,9265.00
66.600,3440.95,-65.54,0.110543,225.00,426.431793,3616.89,0.000097,8735.00
66.650,2834.87,-67.45,0.106824,915.00,345.525665,3050.44,0.000061,5920.00
66.700,2929.37,-68.77,0.073041,980.00,387.098236,3133.58,0.000069,6425.00
66.750,3074.21,-66.88,0.094367,660.00,426.504089,3476.14,0.000082,7700.00
66.800,2777.82,-68.13,0.087641,650.00,210.051559,3408.63,0.000071,6990.00
66.850,1939.89,-70.10,0.097799,180.00,484.468109,2608.92,0.000036,2900.00
66.900,2067.63,-68.38,0.134914,945.00,453.428650,2583.59,0.000031,3340.00
66.950,2447.56,-69.18,0.130560,945.00,418.665833,2794.02,0.000023,4815.00
67.000,2695.32,-68.32,0.111268,920.00,488.203217,3038.81,0.000033,5800.00
67.050,2762.47,-68.18,0.091059,185.00,440.241791,3198.99,0.000045,6360.00
67.100,2383.61,-69.33,0.109799,425.00,493.933472,3083.36,0.000022,5590.00
67.150,2487.87,-68.88,0.118139,425.00,323.423889,3242.30,0.000023,6280.00
67.200,2934.69,-67.76,0.090021,425.00,356.618134,3603.26,0.000057,7700.00
67.250,3763.07,-67.49,0.058025,1115.00,357.602020,3999.58,0.000158,9105.00
67.300,3941.24,-65.84,0.064006,1120.00,227.836823,3979.68,0.000259,9155.00
67.350,3897.86,-63.41,0.116265,425.00,456.314240,3912.17,0.000179,9040.00
67.400,3250.78,-64.77,0.126574,865.00,407.357758,3439.85,0.000097,8170.00
67.450,2770.86,-65.54,0.117163,860.00,534.464600,3066.10,0.000089,5830.00
67.500,2978.56,-65.78,0.109245,780.00,467.033234,3338.43,0.000085,6985.00
67.550,3029.17,-67.60,0.082675,185.00,420.522675,3463.15,0.000081,7290.00
67.600,2318.45,-68.43,0.135732,845.00,596.637573,3026.08,0.000024,5045.00
67.650,2099.42,-68.08,0.155471,845.00,474.348419,2551.57,0.000025,3325.00
67.700,2164.34,-68.53,0.120645,835.00,633.727112,2482.85,0.000032,3205.00
67.750,2975.04,-67.28,0.077159,775.00,478.271454,3069.97,0.000103,6300.00
67.800,4742.12,-63.72,0.076023,145.00,423.940247,3264.80,0.000285,8390.00
67.850,4536.04,-63.31,0.091244,145.00,249.258087,3359.25,0.000230,8410.00
67.900,3265.47,-66.76,0.097566,145.00,357.604156,3307.39,0.000073,7045.00
67.950,2902.50,-69.60,0.082021,315.00,350.616119,3249.54,0.000032,6765.00
68.000,3800.54,-67.97,0.065868,280.00,322.452087,4079.23,0.000162,8495.00
68.050,5783.02,-61.46,0.132794,65.00,700.207947,4914.14,0.000271,11790.00
68.100,5580.06,-60.81,0.234885,40.00,863.961426,4934.25,0.000109,11570.00
68.150,5248.11,-63.22,0.242574,35.00,894.054199,4678.50,0.000041,10655.00
68.200,6318.09,-62.41,0.232203,30.00,601.047058,4855.38,0.000054,11985.00
68.250,6471.78,-63.04,0.226754,30.00,238.390167,4930.43,0.000047,12270.00
68.300,5122.22,-66.32,0.240352,30.00,221.436981,4773.24,0.000014,10720.00
68.350,4354.11,-67.45,0.236774,30.00,316.060913,4690.26,0.000011,9930.00
68.400,4440.17,-66.68,0.146935,30.00,682.412109,4530.75,0.000033,9880.00
68.450,5971.22,-63.12,0.067841,185.00,761.591614,4135.80,0.000412,10255.00
68.500,4628.71,-61.30,0.165568,75.00,799.924988,4369.38,0.000138,9880.00
68.550,2902.09,-64.19,0.249854,35.00,874.458069,3967.57,0.000030,8565.00
68.600,3676.49,-64.73,0.254715,35.00,993.812561,4160.46,0.000021,9110.00
68.650,4206.78,-61.56,0.244610,30.00,586.101562,3854.26,0.000056,9075.00
68.700,3266.11,-62.17,0.224267,30.00,486.034485,3300.36,0.000062,6655.00
68.750,2576.86,-65.42,0.213435,30.00,495.854156,3175.17,0.000025,6105.00
68.800,4295.75,-64.21,0.133995,30.00,660.912903,4004.21,0.000070,9300.00
68.850,4710.66,-64.50,0.085191,285.00,695.042908,3856.51,0.000124,9310.00
68.900,4072.29,-65.50,0.080468,285.00,273.162476,4209.09,0.000238,9225.00
68.950,4471.80,-60.76,0.161868,50.00,793.234192,4879.09,0.000271,11005.00
69.000,3617.55,-61.43,0.233991,35.00,799.060059,4604.51,0.000115,10005.00
69.050,1937.72,-68.52,0.234133,35.00,900.478333,3236.25,0.000013,3815.00
69.100,1310.02,-72.66,0.243099,30.00,507.677216,2320.57,0.000002,2225.00
69.150,1267.99,-73.91,0.256992,30.00,332.041565,2468.45,0.000001,2620.00
69.200,2895.58,-68.12,0.258344,30.00,181.089645,4035.65,0.000008,8360.00
69.250,3604.87,-64.90,0.248362,30.00,222.898682,4211.70,0.000024,9335.00
69.300,3308.13,-64.59,0.246304,30.00,247.718948,3940.63,0.000025,8205.00
69.350,2221.27,-67.72,0.242084,30.00,320.643066,3218.91,0.000013,4220.00
69.400,1280.19,-73.57,0.241511,30.00,237.140228,2409.28,0.000002,1610.00
69.450,1851.96,-69.68,0.247510,30.00,359.811493,3041.84,0.000005,4145.00
69.500,1952.19,-67.73,0.241795,30.00,436.652557,3095.00,0.000014,3540.00
69.550,2388.75,-66.97,0.228713,30.00,395.866821,3768.03,0.000019,6325.00
69.600,2218.51,-69.46,0.223428,30.00,417.979553,3814.05,0.000010,6235.00
69.650,3737.31,-66.46,0.222777,30.00,344.400726,4721.37,0.000018,10350.00
69.700,6139.54,-61.30,0.209963,30.00,259.424347,4984.75,0.000084,12295.00
69.750,5976.54,-61.40,0.202893,30.00,229.023392,4471.76,0.000086,11495.00
69.800,5230.85,-61.74,0.207525,30.00,227.495117,3920.59,0.000072,9605.00
69.850,5269.54,-57.60,0.199021,30.00,449.702484,4218.54,0.000270,10430.00
69.900,4460.43,-58.50,0.199238,30.00,435.206116,4228.96,0.000246,9815.00
69.950,4233.72,-62.25,0.189712,30.00,450.064819,4799.74,0.000100,10960.00
70.000,4548.99,-66.14,0.183248,30.00,416.358612,5156.64,0.000030,11650.00
70.050,3975.51,-66.80,0.181317,30.00,235.444687,4809.88,0.000023,10715.00
70.100,3347.78,-67.33,0.174274,30.00,251.632523,4441.93,0.000023,9380.00
70.150,2815.79,-68.97,0.170581,30.00,326.310150,4077.33,0.000015,8175.00
70.200,4630.57,-64.75,0.167780,30.00,226.327301,4271.57,0.000045,9605.00
70.250,5661.99,-64.85,0.156660,30.00,256.456940,4170.20,0.000047,10090.00
70.300,4181.61,-68.21,0.128553,30.00,332.019989,4117.72,0.000022,9230.00
70.350,4283.81,-69.24,0.057430,30.00,486.440735,3902.06,0.000079,9055.00
70.400,6276.65,-62.80,0.069604,80.00,451.378418,4415.47,0.000416,10935.00
70.450,5166.62,-59.42,0.201181,45.00,911.651794,4830.36,0.000168,10935.00
70.500,3411.19,-62.42,0.251106,35.00,864.791199,4481.92,0.000053,9450.00
70.550,1420.52,-71.20,0.243215,35.00,906.376465,2526.05,0.000005,2245.00
70.600,2686.14,-67.27,0.200866,35.00,512.830444,3987.94,0.000022,8295.00
70.650,6047.43,-62.75,0.094448,30.00,789.307190,5028.63,0.000273,11810.00
70.700,6669.57,-62.54,0.062787,750.00,487.444519,4968.78,0.000625,12080.00
70.750,3416.30,-65.61,0.117537,850.00,497.549194,4371.73,0.000102,9985.00
70.800,1911.32,-70.29,0.118008,835.00,333.467957,2697.59,0.000027,3560.00
70.850,1806.95,-70.94,0.102978,120.00,558.205200,2690.87,0.000025,4095.00
70.900,1328.52,-69.82,0.213718,45.00,888.472290,2464.74,0.000013,2345.00
70.950,1452.84,-69.35,0.244161,35.00,880.961182,2566.53,0.000010,2725.00
71.000,2440.04,-66.54,0.245646,35.00,866.770691,3033.08,0.000019,5650.00
71.050,3542.00,-62.58,0.208001,35.00,590.179016,3210.33,0.000083,6575.00
71.100,3626.82,-63.75,0.111774,30.00,843.237671,3184.71,0.000175,6705.00
71.150,2474.73,-69.34,0.090898,120.00,544.476746,2889.87,0.000041,5360.00
71.200,2457.18,-69.02,0.101722,120.00,312.272186,2843.48,0.000036,4755.00
71.250,2578.15,-69.38,0.100535,700.00,337.363464,2942.28,0.000037,5030.00
71.300,4146.91,-62.90,0.113823,110.00,533.096252,4602.99,0.000217,10595.00
71.350,4476.58,-60.55,0.219542,40.00,956.352173,4918.13,0.000115,11195.00
71.400,3334.05,-63.69,0.259362,35.00,897.583191,4489.42,0.000033,9665.00
71.450,1901.45,-69.70,0.255719,35.00,869.053894,3125.43,0.000005,4585.00
71.500,1666.36,-70.37,0.248763,30.00,399.720825,2739.86,0.000003,3585.00
71.550,1891.15,-69.89,0.240638,30.00,239.110458,3046.00,0.000006,4395.00
71.600,4318.58,-64.42,0.236458,30.00,276.920746,4884.99,0.000028,10930.00
71.650,4754.78,-61.93,0.228758,30.00,377.019104,4983.16,0.000067,11555.00
71.700,3097.63,-65.16,0.234274,30.00,286.836487,4223.68,0.000027,8685.00
71.750,4031.07,-63.87,0.237635,30.00,369.847717,4747.84,0.000036,10720.00
71.800,5237.88,-62.56,0.225183,30.00,282.766418,5087.44,0.000055,11940.00
71.850,3581.11,-66.91,0.230563,30.00,326.265503,4703.46,0.000015,10220.00
71.900,1228.90,-73.58,0.232140,30.00,335.603271,2293.97,0.000002,1370.00
71.950,1117.67,-75.01,0.225212,30.00,148.524689,2222.34,0.000001,1330.00
72.000,2704.21,-70.30,0.228260,30.00,343.632874,3709.99,0.000004,7945.00
72.050,3633.83,-66.41,0.231968,30.00,187.162735,4062.48,0.000015,8905.00
72.100,5221.89,-63.21,0.228489,30.00,193.699966,4156.05,0.000037,9760.00
72.150,5605.39,-63.49,0.222484,30.00,190.087540,4054.57,0.000035,10000.00
72.200,4168.80,-61.44,0.221504,30.00,576.105408,4504.20,0.000080,10085.00
72.250,3852.68,-59.10,0.240284,55.00,1065.295044,4303.21,0.000155,9290.00
72.300,2866.05,-63.25,0.256362,50.00,1021.586304,3724.36,0.000041,6640.00
72.350,896.71,-74.81,0.270097,50.00,660.008545,2066.88,0.000001,880.00
72.400,1237.88,-73.30,0.274044,50.00,327.180054,2570.36,0.000002,1360.00
72.450,1846.44,-70.72,0.266105,50.00,241.203278,3275.51,0.000005,3080.00
72.500,4894.76,-63.26,0.265960,50.00,338.818146,5113.38,0.000036,11730.00
72.550,5615.51,-62.75,0.255210,50.00,206.159103,5250.13,0.000043,12340.00
72.600,3737.44,-68.35,0.253201,50.00,252.568283,4845.96,0.000008,10500.00
72.650,3344.51,-68.48,0.253193,50.00,153.171997,4060.18,0.000006,8275.00
72.700,3286.49,-68.39,0.248821,50.00,100.621956,4082.39,0.000007,8390.00
72.750,2452.20,-71.27,0.242192,50.00,175.826599,4016.71,0.000004,7730.00
72.800,4145.41,-63.49,0.238763,45.00,764.797180,5010.93,0.000043,11145.00
72.850,4133.19,-62.07,0.239240,45.00,939.073303,4972.94,0.000068,11150.00
72.900,2809.25,-65.85,0.240430,35.00,1045.051270,4119.32,0.000022,7905.00
72.950,4762.81,-61.85,0.242780,30.00,636.061462,4837.08,0.000054,11180.00
73.000,5070.55,-62.12,0.233101,30.00,309.552704,4968.98,0.000056,11690.00
73.050,2878.89,-68.88,0.245156,30.00,311.428162,4318.08,0.000007,8445.00
73.100,1666.24,-70.63,0.245446,30.00,463.872284,2986.32,0.000005,3070.00
73.150,1855.18,-69.08,0.181300,30.00,774.766174,2865.37,0.000012,3180.00
73.200,2053.20,-68.13,0.118533,635.00,835.373535,2774.83,0.000033,3620.00
73.250,1598.40,-68.64,0.169572,80.00,810.442993,2547.80,0.000015,2560.00
73.300,1315.79,-69.90,0.243698,40.00,890.039368,2480.79,0.000005,2345.00
73.350,2199.72,-68.21,0.254939,35.00,995.383850,3460.96,0.000009,5605.00
73.400,2919.83,-64.16,0.252046,30.00,611.980652,3355.63,0.000029,6390.00
73.450,3054.41,-63.44,0.228915,30.00,481.648712,3153.37,0.000045,6335.00
73.500,2312.99,-67.36,0.231004,30.00,475.106079,2953.48,0.000012,5555.00
73.550,1813.06,-71.01,0.220393,30.00,426.576508,2813.89,0.000004,4690.00
73.600,3511.74,-66.33,0.135342,30.00,667.850586,3694.69,0.000040,8235.00
73.650,4339.44,-63.01,0.077306,180.00,704.632935,3986.63,0.000423,9330.00
73.700,4181.17,-60.38,0.161691,60.00,729.897278,4621.17,0.000243,10570.00
73.750,3509.36,-61.85,0.228373,35.00,796.495789,4538.05,0.000088,9905.00
73.800,1940.69,-68.64,0.236357,35.00,937.108276,3282.12,0.000012,3815.00
73.850,1430.87,-71.80,0.243353,30.00,499.895752,2394.02,0.000003,2260.00
73.900,1517.58,-71.24,0.239356,30.00,297.676788,2480.54,0.000003,2300.00
73.950,1453.61,-72.32,0.248526,30.00,299.808563,2696.44,0.000002,2465.00
74.000,2409.54,-69.79,0.257854,30.00,224.346985,3710.23,0.000005,7420.00
74.050,2226.49,-69.16,0.255360,30.00,298.599243,3598.43,0.000007,6935.00
74.100,1374.66,-72.00,0.242599,30.00,341.994690,2756.82,0.000004,1340.00
74.150,1285.85,-72.92,0.239362,30.00,375.474731,2510.31,0.000003,2235.00
74.200,1439.46,-73.90,0.242472,30.00,313.434875,2853.97,0.000002,2705.00
74.250,2200.14,-69.03,0.246860,30.00,334.444427,3688.12,0.000009,4725.00
74.300,2557.24,-65.39,0.238654,30.00,412.039978,3807.19,0.000027,6830.00
74.350,3733.97,-63.60,0.225252,30.00,319.337891,4166.04,0.000041,9320.00
74.400,5670.81,-63.13,0.226700,30.00,386.863983,4539.88,0.000041,10570.00
74.450,6693.57,-62.11,0.214310,30.00,245.732086,5055.45,0.000063,12580.00
74.500,5628.79,-63.45,0.205775,30.00,171.794403,5222.13,0.000048,12300.00
74.550,4085.59,-64.44,0.210088,30.00,247.871719,4509.98,0.000033,10200.00
74.600,5330.42,-58.75,0.203340,30.00,406.356995,4445.12,0.000189,11240.00
74.650,4888.01,-58.74,0.198452,30.00,423.920258,4342.17,0.000219,10610.00
74.700,4272.59,-62.11,0.197426,30.00,466.359314,4772.57,0.000095,10895.00
74.750,3597.68,-65.39,0.186254,30.00,339.381287,4707.78,0.000044,10415.00
74.800,3348.08,-66.42,0.174410,30.00,339.180969,4513.83,0.000035,9605.00
74.850,3593.72,-67.10,0.172452,30.00,252.863068,4638.78,0.000025,10065.00
74.900,2811.25,-68.09,0.175007,30.00,205.182693,4033.29,0.000020,8550.00
74.950,2106.77,-70.86,0.168801,30.00,203.149506,3527.99,0.000010,5585.00
75.000,1687.46,-74.17,0.157067,30.00,234.493301,3119.78,0.000003,3445.00
75.050,2764.78,-70.55,0.134721,30.00,326.569122,3783.79,0.000013,7710.00
75.100,3125.65,-70.69,0.065631,30.00,487.251892,3903.16,0.000065,7970.00
75.150,5344.53,-64.18,0.060945,90.00,404.866974,4971.53,0.000486,11700.00
75.200,4906.69,-59.94,0.190964,45.00,887.627258,5086.58,0.000193,11670.00
75.250,3515.64,-62.41,0.248538,35.00,833.204895,4672.00,0.000062,10155.00
75.300,1561.37,-69.85,0.239745,35.00,879.895935,2836.14,0.000008,2765.00
75.350,1326.38,-71.97,0.201809,35.00,515.906372,2285.42,0.000005,2365.00
75.400,1853.75,-70.50,0.125401,30.00,761.478516,2825.27,0.000018,3420.00
75.450,2558.06,-67.91,0.102350,125.00,610.908386,3537.99,0.000051,7195.00
75.500,2150.46,-67.24,0.207921,45.00,941.639099,3457.44,0.000018,5225.00
75.550,1760.40,-68.45,0.249934,35.00,850.920105,3042.95,0.000010,3540.00
75.600,1687.20,-70.61,0.248979,35.00,890.579834,2859.21,0.000005,3965.00
75.650,1783.73,-71.16,0.209640,35.00,435.664001,2884.85,0.000004,4460.00
75.700,2547.76,-69.38,0.096383,30.00,826.120728,3207.36,0.000033,6475.00
75.750,2554.27,-67.11,0.093333,120.00,587.452454,3035.28,0.000098,5710.00
75.800,2816.76,-62.46,0.212111,40.00,894.179016,3171.46,0.000080,6210.00
75.850,3049.78,-63.34,0.248551,35.00,915.360901,3350.36,0.000039,6525.00
75.900,4202.94,-63.40,0.248261,35.00,812.439026,3770.25,0.000031,8350.00
75.950,4398.71,-63.55,0.194065,35.00,479.264130,3797.57,0.000047,8565.00
76.000,2853.84,-65.67,0.128554,30.00,932.817078,3410.37,0.000091,7040.00
76.050,3381.07,-62.79,0.163144,585.00,642.310120,4346.36,0.000174,9060.00
76.100,4156.69,-60.41,0.229452,40.00,1039.199585,4879.01,0.000159,10900.00
76.150,4123.48,-61.53,0.254031,35.00,948.017822,4273.24,0.000083,9335.00
76.200,4273.84,-63.29,0.240519,35.00,903.617981,3641.99,0.000035,8465.00
76.250,3976.09,-63.77,0.240855,30.00,339.467316,3628.33,0.000026,8255.00
76.300,2960.24,-66.21,0.242125,30.00,283.968475,3343.34,0.000014,6525.00
76.350,3497.08,-64.28,0.238130,30.00,398.090302,4412.22,0.000030,9270.00
76.400,4243.36,-62.30,0.241734,55.00,993.983826,4942.37,0.000052,11065.00
76.450,3765.62,-63.87,0.262575,50.00,1128.845093,4455.97,0.000026,9415.00
76.500,4549.28,-64.11,0.268750,50.00,628.075256,4872.61,0.000022,11020.00
76.550,5239.29,-63.56,0.251108,50.00,352.309814,5284.59,0.000036,12200.00
76.600,3035.51,-66.10,0.257409,50.00,333.436615,4431.08,0.000019,9255.00
76.650,1662.90,-69.57,0.263901,50.00,554.579346,2820.51,0.000006,3245.00
76.700,1521.69,-69.85,0.267257,55.00,1148.743774,2633.40,0.000005,3160.00
76.750,1126.79,-73.20,0.268669,35.00,1041.686523,2335.52,0.000002,2635.00
76.800,1457.57,-71.12,0.275163,35.00,852.804016,2654.01,0.000003,2915.00
76.850,1801.01,-69.00,0.260188,30.00,399.511047,3124.91,0.000008,3100.00
76.900,3993.21,-65.66,0.245875,30.00,365.105225,4862.36,0.000018,10705.00
76.950,4989.15,-61.08,0.247598,30.00,511.519287,4753.14,0.000062,10940.00
77.000,4342.65,-58.67,0.243549,55.00,1051.617188,4374.54,0.000144,9980.00
77.050,3078.32,-62.34,0.266661,50.00,1183.474243,3832.72,0.000046,7175.00
77.100,1166.84,-71.51,0.270252,50.00,607.578613,2363.87,0.000004,1170.00
77.150,1045.35,-72.04,0.256211,50.00,820.275085,2300.54,0.000004,995.00
77.200,1819.51,-68.70,0.205936,65.00,879.099182,3282.77,0.000016,4490.00
77.250,4381.65,-62.70,0.144014,70.00,593.899109,4898.12,0.000131,10995.00
77.300,4086.85,-61.92,0.236280,40.00,839.544128,4947.53,0.000066,11035.00
77.350,2503.22,-67.51,0.263714,35.00,982.882568,4157.38,0.000013,7640.00
77.400,5300.50,-64.46,0.263605,35.00,742.169739,5290.37,0.000027,12110.00
77.450,6422.29,-63.31,0.250758,30.00,330.121826,5244.65,0.000038,12720.00
77.500,4985.48,-65.30,0.256808,30.00,229.181519,4801.84,0.000017,10665.00
77.550,5282.20,-60.90,0.253189,30.00,503.471680,4688.34,0.000065,10710.00
77.600,4877.78,-59.66,0.232936,35.00,1020.892822,4702.14,0.000125,10600.00
77.650,4330.78,-62.05,0.231377,35.00,684.544189,4499.07,0.000061,9785.00
77.700,5533.11,-61.43,0.229238,30.00,661.817139,4764.98,0.000066,11345.00
77.750,5497.33,-60.26,0.225745,30.00,302.326202,4730.12,0.000094,11505.00
77.800,3652.89,-62.74,0.227941,30.00,367.795990,4180.61,0.000053,8970.00
77.850,3053.08,-64.81,0.218226,30.00,386.764526,3910.49,0.000035,8230.00
77.900,3531.67,-66.28,0.147767,30.00,619.600708,4207.00,0.000043,8835.00
77.950,4567.70,-64.50,0.066896,180.00,718.531555,4419.35,0.000316,10325.00
78.000,3459.65,-62.98,0.156155,60.00,767.743347,4224.54,0.000110,9145.00
78.050,2295.82,-66.13,0.258034,40.00,939.858826,3626.98,0.000017,6310.00
78.100,2051.91,-70.19,0.266366,35.00,1044.314453,3341.91,0.000005,5485.00
78.150,2972.66,-66.11,0.260802,30.00,679.724121,3157.92,0.000018,6200.00
78.200,3462.47,-64.12,0.231254,30.00,419.595459,3153.48,0.000039,6465.00
78.250,2786.22,-67.55,0.220508,30.00,468.373840,3113.16,0.000011,6150.00
78.300,2395.51,-71.57,0.141248,30.00,607.555725,3002.34,0.000004,5970.00
78.350,3338.02,-71.35,0.054496,180.00,700.195251,3112.86,0.000024,6975.00
78.400,4439.62,-68.06,0.050236,1590.00,210.620682,4100.04,0.000203,9275.00
78.450,5122.44,-62.30,0.151263,55.00,797.473999,5036.27,0.000142,11755.00
78.500,4512.14,-62.75,0.253053,40.00,904.206482,5092.89,0.000046,11505.00
78.550,2449.18,-68.70,0.260163,35.00,976.125549,3981.29,0.000007,6950.00
78.600,1342.62,-71.99,0.248900,30.00,632.024841,2241.43,0.000003,2295.00
78.650,1776.13,-69.54,0.233497,30.00,328.531464,2794.08,0.000006,2780.00
78.700,2426.32,-68.23,0.245486,30.00,373.290558,3400.00,0.000009,4715.00
78.750,2808.53,-68.25,0.255400,30.00,285.961273,3813.04,0.000008,8565.00
78.800,2483.35,-69.00,0.247955,30.00,306.947113,3648.13,0.000008,6825.00
78.850,1855.03,-71.47,0.244094,30.00,233.137024,2937.31,0.000004,3500.00
78.900,1331.98,-73.98,0.249550,30.00,372.534393,2343.08,0.000001,2790.00
78.950,1088.59,-74.76,0.249423,30.00,179.459625,2245.37,0.000001,2155.00
79.000,1463.14,-72.23,0.245231,30.00,348.866333,2778.51,0.000003,1920.00
79.050,2709.51,-66.31,0.227815,30.00,383.015930,3846.53,0.000020,7355.00
79.100,3101.18,-66.66,0.218467,30.00,312.102844,4073.33,0.000017,8770.00
79.150,3109.02,-66.56,0.228793,30.00,331.085785,4304.26,0.000017,8785.00
79.200,5003.49,-61.95,0.222603,30.00,299.389313,5128.22,0.000067,11835.00
79.250,5273.08,-63.53,0.207573,30.00,313.911255,5206.63,0.000045,12090.00
79.300,3151.83,-66.27,0.211842,30.00,265.778320,4191.48,0.000023,8400.00
79.350,4488.77,-59.08,0.209839,30.00,505.261902,4374.05,0.000178,10385.00
79.400,4542.91,-58.97,0.195298,30.00,418.445221,4280.51,0.000204,10115.00
79.450,4314.17,-61.73,0.187066,30.00,448.197876,4732.50,0.000109,10895.00
79.500,3959.46,-65.33,0.180044,30.00,324.015747,4863.67,0.000048,10865.00
79.550,3768.40,-66.46,0.180514,30.00,281.847931,4742.15,0.000032,10515.00
79.600,3734.06,-66.20,0.173588,30.00,229.404694,4600.04,0.000030,10035.00
79.650,3874.34,-64.99,0.167886,30.00,266.347931,4211.16,0.000042,9205.00
79.700,3679.61,-65.92,0.163676,30.00,137.338684,3997.38,0.000032,8810.00
79.750,2730.31,-71.11,0.156555,30.00,168.905212,3654.19,0.000006,7730.00
79.800,997.86,-77.46,0.133586,30.00,293.319885,2401.33,0.000001,1450.00
79.850,852.12,-78.61,0.062101,30.00,476.560120,2094.36,0.000001,1415.00
79.900,5911.36,-67.45,0.049945,75.00,422.603577,5184.83,0.000220,12375.00
79.950,5325.10,-62.12,0.193740,45.00,955.104004,5281.55,0.000083,12155.00
80.000,4205.01,-64.13,0.266393,35.00,879.609009,5100.77,0.000024,11345.00
80.050,1883.18,-71.78,0.259804,35.00,973.668396,3331.58,0.000003,4670.00
80.100,1590.08,-72.30,0.221061,35.00,408.519012,2559.41,0.000002,3425.00
80.150,1769.09,-72.54,0.117759,30.00,818.983459,2521.92,0.000008,3510.00
80.200,2089.06,-70.59,0.094119,185.00,679.108398,3022.44,0.000031,3750.00
80.250,2380.20,-66.84,0.148493,605.00,503.444336,3130.14,0.000040,4970.00
80.300,2411.60,-67.45,0.124511,350.00,514.886597,3034.97,0.000041,5270.00
80.350,1973.69,-68.27,0.125695,345.00,574.846680,2738.02,0.000031,3560.00
80.400,1653.02,-67.92,0.210056,40.00,949.339478,2588.66,0.000018,2730.00
80.450,2071.06,-67.01,0.257054,35.00,908.556213,3106.74,0.000013,4240.00
80.500,2856.88,-65.25,0.256964,35.00,897.463989,3477.98,0.000021,6690.00
80.550,3326.47,-61.94,0.222432,35.00,574.749329,3295.39,0.000075,6530.00
80.600,3392.44,-62.84,0.126081,30.00,847.106506,3228.37,0.000166,6530.00
80.650,2475.55,-68.14,0.103648,550.00,626.720215,3114.31,0.000048,5445.00
80.700,2275.32,-70.24,0.097770,540.00,259.731567,2967.92,0.000029,5140.00
80.750,2523.00,-70.09,0.071911,1570.00,413.872711,3346.81,0.000068,5425.00
80.800,3586.70,-64.08,0.136098,455.00,602.634338,4515.21,0.000117,9750.00
80.850,4063.22,-61.72,0.220403,40.00,878.552124,4937.27,0.000093,10975.00
80.900,3268.91,-64.07,0.250988,35.00,974.320251,4543.65,0.000035,9470.00
80.950,3028.08,-66.58,0.248411,35.00,863.796936,3715.17,0.000013,8140.00
81.000,4556.82,-64.20,0.238185,30.00,368.659180,3986.45,0.000025,9005.00
81.050,5138.39,-63.86,0.231249,30.00,229.277466,3961.59,0.000031,9170.00
81.100,5065.63,-61.81,0.229415,30.00,240.297882,4310.19,0.000056,9590.00
81.150,4781.01,-61.16,0.224577,30.00,380.396790,4765.91,0.000078,11010.00
81.200,3054.79,-65.09,0.233760,30.00,373.136047,4252.67,0.000029,8545.00
81.250,3809.16,-64.38,0.237152,30.00,386.500183,4802.34,0.000039,10730.00
81.300,5746.29,-63.18,0.232568,30.00,344.104858,5292.54,0.000052,12430.00
81.350,4066.59,-66.17,0.236033,30.00,350.591858,5003.08,0.000023,11195.00
81.400,1470.13,-71.27,0.237793,30.00,337.218323,2661.46,0.000007,2295.00
81.450,1216.96,-72.56,0.232882,30.00,429.114014,2021.34,0.000005,1660.00
81.500,1417.41,-71.89,0.222090,30.00,345.415802,2289.74,0.000005,1865.00
81.550,1952.73,-70.92,0.214036,30.00,350.598389,3235.53,0.000006,3370.00
81.600,1942.97,-71.91,0.218135,30.00,235.012848,3471.55,0.000004,4110.00
81.650,1295.89,-74.09,0.218856,30.00,211.045853,2846.40,0.000002,1490.00
81.700,3325.13,-63.04,0.224602,30.00,544.233337,4278.51,0.000058,8470.00
81.750,3764.36,-59.33,0.242677,55.00,1035.026001,4237.18,0.000144,8825.00
81.800,3112.71,-62.67,0.263224,50.00,1046.464600,3842.37,0.000044,7070.00
81.850,1344.68,-72.05,0.269225,50.00,667.864014,2533.13,0.000003,1885.00
81.900,1681.01,-71.96,0.274191,50.00,327.639954,2903.99,0.000002,2650.00
81.950,2115.31,-70.58,0.280965,50.00,210.029739,3486.36,0.000003,6310.00
82.000,5041.05,-63.02,0.276433,50.00,234.838287,5050.41,0.000027,11645.00
82.050,6230.74,-62.25,0.255787,50.00,221.369034,5165.46,0.000037,12570.00
82.100,4687.45,-69.16,0.250534,50.00,200.452332,5293.82,0.000005,11895.00
82.150,780.20,-78.19,0.248653,50.00,83.990288,2357.61,0.000000,575.00
82.200,467.26,-78.27,0.243454,50.00,36.154758,1459.24,0.000000,350.00
82.250,1791.89,-75.71,0.236995,50.00,53.269375,3697.15,0.000001,5315.00
82.300,4951.98,-65.00,0.229185,50.00,650.806580,5236.29,0.000030,11840.00
82.350,4949.39,-63.00,0.240006,45.00,960.529968,5232.25,0.000052,11880.00
82.400,3216.78,-67.17,0.257477,35.00,1061.008423,4555.04,0.000012,9375.00
82.450,5093.87,-62.54,0.255337,35.00,714.521484,4917.32,0.000037,11480.00
82.500,5404.49,-61.21,0.237719,30.00,362.500519,4948.50,0.000064,11740.00
82.550,3610.96,-65.58,0.238755,30.00,244.515640,4357.54,0.000019,9390.00
82.600,2511.39,-67.52,0.234935,30.00,406.394592,3449.63,0.000013,6360.00
82.650,2571.56,-67.59,0.167530,30.00,660.545288,3349.57,0.000025,6185.00
82.700,2822.07,-67.71,0.110335,415.00,810.487854,3283.79,0.000051,6255.00
82.750,2023.54,-68.43,0.156934,60.00,757.295166,2938.28,0.000023,4440.00
82.800,1226.96,-71.21,0.251225,40.00,982.274963,2392.96,0.000004,2775.00
82.850,1545.32,-70.17,0.260703,35.00,965.859070,2728.90,0.000006,3200.00
82.900,2900.01,-64.26,0.243266,30.00,759.129272,3302.08,0.000032,6385.00
82.950,3950.79,-61.62,0.222377,30.00,440.404419,3526.35,0.000071,7630.00
83.000,3452.02,-64.51,0.233252,30.00,427.382202,3546.74,0.000024,7195.00
83.050,1899.98,-69.01,0.228350,30.00,412.763336,2756.67,0.000006,4440.00
83.100,2166.15,-69.24,0.146210,30.00,653.849304,2878.11,0.000012,4825.00
83.150,4948.10,-63.05,0.065158,1590.00,719.138611,3854.56,0.000465,9220.00
83.200,5065.65,-58.87,0.146210,70.00,701.460632,4551.28,0.000367,10825.00
83.250,4030.37,-60.28,0.232503,40.00,829.680298,4718.03,0.000117,10690.00
83.300,2216.03,-66.91,0.236478,35.00,927.979858,3554.98,0.000020,5105.00
83.350,1363.59,-72.89,0.244696,30.00,692.233398,2337.56,0.000002,2965.00
83.400,3807.12,-66.14,0.252886,30.00,295.685638,4128.46,0.000013,8795.00
83.450,4673.15,-62.61,0.247300,30.00,200.048447,4232.43,0.000038,9655.00
83.500,3251.18,-64.53,0.246836,30.00,360.650146,3976.61,0.000026,8185.00
83.550,1714.74,-69.41,0.238012,30.00,422.519836,2918.89,0.000009,3460.00
83.600,1451.63,-71.52,0.234770,30.00,401.826294,2735.67,0.000005,1985.00
83.650,1319.06,-72.55,0.239193,30.00,418.301331,2526.92,0.000003,2055.00
83.700,1312.48,-72.75,0.236977,30.00,326.558716,2409.32,0.000003,2255.00
83.750,1428.14,-72.67,0.243406,30.00,253.470795,2926.24,0.000003,2365.00
83.800,2681.04,-66.32,0.237298,30.00,345.180756,3888.51,0.000020,7115.00
83.850,2923.63,-65.63,0.223414,30.00,385.806976,3731.34,0.000026,7010.00
83.900,3135.52,-66.40,0.220040,30.00,345.870880,3954.86,0.000019,8015.00
83.950,5407.08,-62.17,0.211167,30.00,393.464722,5068.79,0.000060,11945.00
84.000,5123.26,-63.41,0.207285,30.00,386.994598,5163.52,0.000047,11920.00
84.050,3092.33,-67.21,0.211541,30.00,339.648926,4340.40,0.000016,8805.00
84.100,4503.90,-58.92,0.209678,30.00,567.564148,4438.17,0.000182,10435.00
84.150,4707.45,-58.58,0.200198,30.00,480.122131,4279.60,0.000216,10300.00
84.200,5145.30,-62.03,0.195989,30.00,497.010223,4764.40,0.000072,11535.00
84.250,4570.77,-65.82,0.195260,30.00,234.702866,4967.49,0.000028,11515.00
84.300,5438.24,-63.85,0.176581,30.00,340.807953,5170.33,0.000056,11900.00
84.350,7089.74,-62.38,0.166453,30.00,380.404053,5118.52,0.000084,12635.00
84.400,6203.31,-65.40,0.162092,30.00,141.177887,5235.32,0.000034,12295.00
84.450,3300.07,-73.53,0.158610,30.00,119.168800,4757.90,0.000003,10105.00
84.500,1048.35,-78.23,0.155211,30.00,51.171951,2750.48,0.000000,1525.00
84.550,1107.64,-77.63,0.134537,30.00,263.040405,2677.17,0.000001,1785.00
84.600,1449.79,-77.93,0.065168,30.00,465.786621,2913.88,0.000002,3165.00
84.650,5978.94,-68.71,0.044023,75.00,416.250031,5229.22,0.000264,12500.00
84.700,5339.52,-62.70,0.186087,45.00,934.650024,5307.64,0.000103,12225.00
84.750,4248.85,-63.82,0.263839,35.00,871.973633,5094.94,0.000035,11370.00
84.800,2750.91,-67.38,0.253314,35.00,968.735474,3483.51,0.000011,6245.00
84.850,3460.96,-64.73,0.205735,35.00,429.925415,3748.74,0.000033,8265.00
84.900,4933.85,-63.57,0.104747,30.00,753.985229,4370.29,0.000158,10100.00
84.950,3589.73,-66.33,0.088954,125.00,597.855591,4229.07,0.000115,9255.00
85.000,1447.36,-69.09,0.205903,45.00,915.791199,2524.81,0.000015,2795.00
85.050,1679.68,-68.27,0.256180,35.00,870.377014,2764.95,0.000011,3450.00
85.100,3270.32,-65.21,0.246964,35.00,941.549194,3638.34,0.000019,7625.00
85.150,4450.26,-63.20,0.206970,35.00,435.647705,3743.43,0.000041,9135.00
85.200,4938.75,-61.91,0.109488,30.00,785.645935,3776.93,0.000182,9710.00
85.250,3816.24,-62.29,0.115381,405.00,690.162109,3785.46,0.000223,8595.00
85.300,2745.17,-62.80,0.204568,45.00,841.741638,3139.74,0.000081,6175.00
85.350,2771.64,-64.27,0.242160,35.00,942.369507,3089.98,0.000033,6145.00
85.400,2078.62,-69.01,0.247782,35.00,863.507019,2855.08,0.000005,4895.00
85.450,2253.01,-67.93,0.204054,35.00,444.081726,3263.90,0.000013,5185.00
85.500,3169.88,-65.89,0.103910,30.00,826.271423,3877.87,0.000088,8120.00
85.550,3492.31,-62.92,0.119008,120.00,607.956299,4221.11,0.000200,9240.00
85.600,3833.78,-60.43,0.209661,45.00,897.567566,4616.68,0.000137,10410.00
85.650,3551.85,-62.62,0.250811,35.00,932.533875,4442.28,0.000044,9310.00
85.700,3230.93,-64.59,0.249156,35.00,877.277588,3684.14,0.000023,7830.00
85.750,2426.70,-67.17,0.240044,30.00,414.772491,3302.67,0.000012,6045.00
85.800,1494.96,-71.91,0.242124,30.00,328.227692,2493.48,0.000002,3320.00
85.850,3169.16,-65.98,0.244633,30.00,314.205170,4423.63,0.000019,9025.00
85.900,3804.10,-62.93,0.242273,30.00,955.751038,4852.11,0.000049,10745.00
85.950,2833.37,-65.92,0.256113,50.00,1135.214478,4355.51,0.000021,8465.00
86.000,3948.43,-63.98,0.263598,50.00,731.620056,4619.54,0.000027,9845.00
86.050,6084.24,-61.02,0.246081,50.00,433.483612,4699.46,0.000061,11350.00
86.100,5791.54,-62.43,0.249451,50.00,244.448898,4376.84,0.000037,10290.00
86.150,3237.61,-65.40,0.262394,50.00,542.897766,3854.17,0.000017,8245.00
86.200,2619.09,-66.34,0.264890,55.00,1112.317993,3556.78,0.000012,7510.00
86.250,3310.53,-66.41,0.261016,35.00,1015.494934,3888.23,0.000010,8300.00
86.300,2438.54,-68.23,0.262704,35.00,860.081238,3617.13,0.000008,7240.00
86.350,4181.37,-65.53,0.262695,30.00,293.223450,5041.71,0.000015,10910.00
86.400,5626.04,-64.29,0.265622,30.00,238.410782,5244.56,0.000019,11930.00
86.450,4123.59,-61.89,0.253755,30.00,439.231781,4563.22,0.000058,10145.00
86.500,3879.81,-59.08,0.235691,30.00,1035.962646,4197.69,0.000171,9045.00
86.550,3220.84,-62.27,0.257017,50.00,1148.236694,3813.82,0.000056,7105.00
86.600,1241.57,-71.83,0.271455,50.00,600.228394,2538.26,0.000003,1870.00
86.650,1074.99,-72.08,0.259232,50.00,788.775085,2452.68,0.000004,1020.00
86.700,1303.13,-70.98,0.215218,65.00,921.387207,2753.58,0.000007,2220.00
86.750,4889.78,-64.40,0.137008,80.00,674.417114,5168.63,0.000085,11755.00
86.800,4839.40,-63.34,0.241796,40.00,882.890381,5304.72,0.000042,11925.00
86.850,3370.60,-68.93,0.277728,35.00,987.512573,4960.72,0.000006,10635.00
86.900,5671.21,-65.95,0.272811,35.00,866.375366,5331.92,0.000013,12340.00
86.950,6739.12,-64.37,0.253280,30.00,328.194305,5236.42,0.000024,12790.00
87.000,4616.68,-69.30,0.256106,30.00,220.824997,5322.92,0.000006,11880.00
87.050,4674.74,-63.47,0.259356,30.00,538.912415,4962.86,0.000043,11080.00
87.100,5321.33,-60.99,0.240712,35.00,1009.025696,4939.18,0.000107,11460.00
87.150,5142.56,-62.78,0.239209,35.00,714.169617,4711.80,0.000055,10680.00
87.200,5500.38,-61.60,0.234797,35.00,695.817688,4754.03,0.000060,11235.00
87.250,5765.75,-61.16,0.228983,30.00,294.532562,4869.83,0.000074,11760.00
87.300,5523.21,-62.59,0.231187,30.00,278.407806,4516.88,0.000044,10585.00
87.350,4552.08,-62.41,0.229083,30.00,317.354645,4311.82,0.000049,9695.00
87.400,3049.72,-64.29,0.184405,30.00,670.230408,3912.43,0.000057,8215.00
87.450,3185.65,-65.74,0.103407,290.00,806.762878,3920.04,0.000113,8135.00
87.500,2762.68,-66.56,0.147025,295.00,719.826538,3769.70,0.000044,7425.00
87.550,2519.42,-65.64,0.248132,40.00,928.053406,3517.92,0.000018,6690.00
87.600,4045.42,-63.16,0.249073,35.00,957.348083,3834.16,0.000024,8670.00
87.650,3701.35,-62.61,0.242180,30.00,762.468079,3608.83,0.000034,8270.00
87.700,3210.95,-63.24,0.229300,30.00,466.137054,3177.21,0.000036,6465.00
87.750,2471.86,-66.29,0.222760,30.00,500.451355,3010.24,0.000018,5710.00
87.800,3773.27,-65.08,0.151781,30.00,622.268677,4255.71,0.000060,9585.00
87.850,5386.03,-64.00,0.066896,25.00,717.180969,4429.80,0.000359,10570.00
87.900,3593.36,-65.73,0.078733,1590.00,349.245300,3968.91,0.000182,8630.00
87.950,4574.28,-61.52,0.145599,60.00,714.367737,4888.02,0.000194,11150.00
88.000,4380.08,-61.84,0.234032,40.00,840.155579,5031.10,0.000070,11355.00
88.050,2376.86,-67.55,0.240723,35.00,937.397339,3915.69,0.000014,6810.00
88.100,1453.75,-72.37,0.249329,30.00,675.118347,2667.13,0.000003,3035.00
88.150,1566.01,-71.93,0.254937,30.00,285.736847,2874.82,0.000003,3565.00
88.200,2189.23,-69.69,0.258880,30.00,254.735519,3567.34,0.000005,6800.00
88.250,2062.49,-69.01,0.253569,30.00,373.138397,3347.86,0.000008,6055.00
88.300,1558.67,-71.16,0.239789,30.00,292.036438,2673.68,0.000005,1985.00
88.350,1284.87,-73.01,0.245994,30.00,378.598267,2413.71,0.000002,1890.00
88.400,1513.03,-72.21,0.250147,30.00,294.060669,2760.66,0.000003,2895.00
88.450,1565.95,-72.72,0.246758,30.00,262.730988,2871.71,0.000002,3395.00
88.500,2578.83,-69.49,0.242266,30.00,177.312302,3503.95,0.000006,6835.00
88.550,3533.28,-65.93,0.231401,30.00,218.937531,4223.60,0.000018,8975.00
88.600,4422.12,-64.23,0.231836,30.00,223.763382,4159.17,0.000028,9430.00
88.650,4134.65,-62.46,0.227375,30.00,291.361969,3992.45,0.000065,9025.00
88.700,4894.12,-61.31,0.210635,30.00,311.523315,4967.72,0.000115,11535.00
88.750,5308.51,-63.25,0.200140,30.00,298.709167,5227.37,0.000070,12190.00
88.800,3573.14,-65.59,0.209052,30.00,302.297852,4299.18,0.000028,9460.00
88.850,4827.97,-59.58,0.204407,30.00,424.095093,4461.39,0.000181,10800.00
88.900,4812.97,-59.07,0.189188,30.00,373.101227,4325.76,0.000253,10580.00
88.950,4770.86,-61.52,0.185230,30.00,437.279510,4803.20,0.000111,11340.00
89.000,4568.41,-65.45,0.185143,30.00,364.792450,5103.41,0.000036,11610.00
89.050,4623.40,-67.26,0.180025,30.00,264.652771,5170.05,0.000022,11690.00
89.100,3444.25,-66.26,0.182608,30.00,297.708557,4468.43,0.000033,9470.00
89.150,2583.35,-67.39,0.182525,30.00,346.847839,3590.97,0.000026,6110.00
89.200,2224.64,-68.52,0.165334,30.00,361.479614,3036.61,0.000022,3325.00
89.250,1759.32,-70.60,0.155753,30.00,403.816467,2414.84,0.000013,2625.00
89.300,2290.19,-69.44,0.141029,30.00,392.354980,3320.34,0.000020,6220.00
89.350,5216.52,-65.27,0.083455,30.00,467.248474,4353.11,0.000144,10025.00
89.400,6388.22,-64.20,0.049765,105.00,413.297028,4449.10,0.000639,11100.00
89.450,5287.80,-61.98,0.180253,45.00,913.655640,5234.43,0.000114,12100.00
89.500,4280.01,-63.19,0.263433,35.00,880.793701,5075.86,0.000037,11375.00
89.550,2097.46,-70.27,0.262405,35.00,1002.526855,3464.71,0.000004,4830.00
89.600,1550.33,-71.71,0.223555,35.00,394.058716,2424.60,0.000003,3290.00
89.650,2445.68,-69.75,0.110380,30.00,798.749817,3328.76,0.000026,5640.00
89.700,4352.57,-65.28,0.053452,105.00,587.853760,4192.76,0.000373,9960.00
89.750,3834.13,-64.95,0.083299,185.00,367.596832,4297.00,0.000200,9800.00
89.800,2745.66,-66.67,0.128617,180.00,457.325317,3711.07,0.000059,7055.00
89.850,1996.20,-68.70,0.129738,670.00,447.983612,2904.45,0.000034,3600.00
89.900,1366.46,-70.24,0.198617,45.00,1004.466736,2473.95,0.000007,2715.00
89.950,1382.56,-70.81,0.257127,35.00,909.820251,2558.33,0.000003,3360.00
90.000,2046.90,-68.60,0.258256,35.00,952.032654,2951.61,0.000008,4710.00
90.050,3237.92,-62.83,0.225879,35.00,554.801575,3191.89,0.000056,6410.00
90.100,3701.71,-63.06,0.122700,30.00,836.652832,3173.75,0.000166,6645.00
90.150,2792.00,-67.13,0.083428,180.00,616.186096,3148.08,0.000107,5910.00
90.200,2695.07,-69.33,0.070480,180.00,195.165527,3161.81,0.000080,5840.00
90.250,4430.22,-65.78,0.054546,180.00,260.072662,4100.47,0.000310,9585.00
90.300,5051.95,-62.62,0.080330,80.00,307.216827,4690.85,0.000383,10965.00
90.350,4557.68,-60.64,0.196499,45.00,882.411499,4984.02,0.000141,11235.00
90.400,3139.23,-63.32,0.246463,35.00,818.448242,4427.70,0.000048,9115.00
90.450,1591.18,-70.20,0.240855,35.00,948.374146,2640.45,0.000006,2960.00
90.500,1683.93,-71.20,0.246631,30.00,491.915375,2665.84,0.000003,3980.00
90.550,1804.34,-71.63,0.253829,30.00,241.334534,2853.43,0.000002,4400.00
90.600,4141.16,-64.76,0.252990,30.00,198.446579,4677.28,0.000019,10390.00
90.650,5353.53,-61.73,0.237723,30.00,266.307037,5012.11,0.000054,11845.00
90.700,3779.32,-63.57,0.240605,30.00,315.795471,4567.88,0.000039,10090.00
90.750,3822.57,-64.00,0.243840,30.00,280.522736,4683.68,0.000041,10400.00
90.800,5556.29,-61.96,0.234277,30.00,363.747467,5200.73,0.000074,12250.00
90.850,4087.24,-65.55,0.233194,30.00,324.091400,4992.29,0.000029,11180.00
90.900,1109.75,-74.84,0.236689,30.00,225.703964,2519.91,0.000002,1175.00
90.950,1371.86,-73.05,0.233973,30.00,289.754242,2595.63,0.000002,1910.00
91.000,1953.82,-70.93,0.229366,30.00,245.332611,3204.88,0.000004,5070.00
91.050,3993.25,-65.97,0.221832,30.00,217.568008,4151.40,0.000015,9210.00
91.100,4899.62,-65.48,0.213926,30.00,258.861328,4258.10,0.000019,9655.00
91.150,2864.18,-69.28,0.220158,30.00,278.677002,3921.64,0.000007,8575.00
91.200,3026.59,-63.77,0.221291,30.00,486.382202,4135.84,0.000045,8125.00
91.250,3583.26,-59.53,0.237258,30.00,1025.649780,4207.71,0.000136,8740.00
91.300,3091.06,-62.47,0.264542,50.00,1040.015503,3858.79,0.000046,7090.00
91.350,1642.10,-70.72,0.278539,50.00,765.332886,3011.65,0.000004,3450.00
91.400,3938.92,-65.24,0.279834,50.00,370.305969,4278.45,0.000015,9305.00
91.450,4526.14,-64.76,0.276861,50.00,225.362717,4290.78,0.000017,9595.00
91.500,4620.79,-64.25,0.272959,50.00,262.524445,4988.27,0.000023,11200.00
91.550,5268.99,-62.42,0.247147,50.00,324.289154,5142.21,0.000049,12095.00
91.600,3490.61,-65.61,0.237497,50.00,270.463715,4488.72,0.000022,9810.00
91.650,1647.99,-71.74,0.233924,50.00,271.423126,2708.04,0.000004,2405.00
91.700,1581.66,-72.54,0.231680,50.00,207.677612,2757.45,0.000003,2395.00
91.750,2340.32,-70.92,0.232657,50.00,169.784241,3692.72,0.000006,7135.00
91.800,4580.89,-64.21,0.228675,50.00,542.125977,5085.43,0.000048,11505.00
91.850,4943.48,-61.63,0.238459,45.00,952.683655,5130.78,0.000095,11685.00
91.900,3647.86,-64.82,0.255915,35.00,1060.848511,4561.08,0.000030,9485.00
91.950,4642.36,-63.27,0.259308,35.00,776.834412,4927.58,0.000030,11245.00
92.000,5291.21,-61.66,0.243443,30.00,347.269440,5068.72,0.000056,11940.00
92.050,3610.10,-66.93,0.242439,30.00,288.985901,4714.60,0.000012,10265.00
92.100,1152.42,-73.42,0.248842,30.00,351.850769,2330.37,0.000002,1530.00
92.150,1477.09,-69.94,0.202610,30.00,738.407776,2361.26,0.000013,2125.00
92.200,1992.58,-68.91,0.116259,830.00,848.047546,2722.30,0.000043,3365.00
92.250,2102.70,-68.06,0.129917,80.00,720.429382,3137.96,0.000038,4550.00
92.300,1726.13,-67.72,0.236822,40.00,897.214050,2992.47,0.000014,3630.00
92.350,1611.71,-70.02,0.255553,35.00,986.453064,2869.83,0.000006,3480.00
92.400,2626.51,-65.90,0.259595,35.00,734.167725,3224.46,0.000016,6010.00
92.450,3040.88,-63.28,0.234627,30.00,542.162537,3162.14,0.000044,6305.00
92.500,2466.07,-66.09,0.233128,30.00,394.116608,2889.56,0.000018,5605.00
92.550,1672.36,-69.94,0.232635,30.00,454.809296,2504.88,0.000005,3525.00
92.600,1879.66,-70.32,0.160998,30.00,627.010925,2720.87,0.000007,4670.00
92.650,2817.06,-68.99,0.081483,125.00,746.019531,3506.98,0.000073,6840.00
92.700,4098.36,-62.27,0.144848,125.00,649.025574,4766.08,0.000176,10765.00
92.750,4043.68,-61.90,0.230330,40.00,860.390198,4913.69,0.000076,10940.00
92.800,2578.76,-67.14,0.246625,35.00,913.689880,4029.09,0.000014,7590.00
92.850,1489.28,-71.95,0.244897,30.00,675.884277,2627.05,0.000003,2830.00
92.900,1839.95,-71.64,0.250785,30.00,327.653168,3096.15,0.000003,4300.00
92.950,3478.47,-66.64,0.254665,30.00,198.952728,4014.56,0.000013,8590.00
93.000,3447.22,-65.55,0.249889,30.00,219.166245,3937.38,0.000019,8725.00
93.050,2516.87,-68.77,0.245091,30.00,255.253845,3508.99,0.000007,6455.00
93.100,2324.19,-69.58,0.246312,30.00,259.910370,3401.92,0.000005,6350.00
93.150,4219.53,-64.92,0.242373,30.00,281.198151,4089.99,0.000019,8910.00
93.200,4973.61,-64.36,0.239972,30.00,231.521011,4322.06,0.000021,9620.00
93.250,2577.44,-68.64,0.246162,30.00,303.057526,3890.29,0.000008,7430.00
93.300,2132.74,-68.69,0.240293,30.00,405.261108,3617.62,0.000011,5130.00
93.350,2265.98,-68.54,0.226786,30.00,436.718079,3609.12,0.000013,5165.00
93.400,2489.42,-68.81,0.223099,30.00,394.116486,3749.67,0.000011,6815.00
93.450,5391.90,-61.26,0.208210,30.00,375.990662,4908.36,0.000090,11550.00
93.500,6651.77,-60.79,0.198603,30.00,355.978333,4614.78,0.000103,11780.00
93.550,5662.92,-63.06,0.204263,30.00,227.347260,4301.42,0.000047,10205.00
93.600,5341.25,-59.36,0.200744,30.00,389.048462,4466.92,0.000150,11075.00
93.650,5172.07,-58.72,0.194604,30.00,389.939575,4311.78,0.000218,10800.00
93.700,4923.49,-61.28,0.189958,30.00,438.891052,4741.11,0.000113,11330.00
93.750,4394.67,-65.26,0.183315,30.00,386.316284,5031.89,0.000047,11380.00
93.800,4240.80,-66.55,0.177731,30.00,307.350891,4995.20,0.000033,11255.00
93.850,2861.09,-66.73,0.184473,30.00,360.948090,4126.27,0.000033,8190.00
93.900,2360.81,-68.34,0.185820,30.00,397.351807,3545.95,0.000020,4885.00
93.950,1976.25,-69.40,0.182586,30.00,287.859741,3157.77,0.000014,2610.00
94.000,1330.54,-72.92,0.170724,30.00,376.764893,2306.17,0.000006,1740.00
94.050,3635.35,-66.21,0.148998,30.00,399.256714,4044.91,0.000043,9090.00
94.100,6334.14,-62.86,0.094854,30.00,533.510681,3810.84,0.000246,9860.00
94.150,6245.34,-61.22,0.082975,575.00,495.104370,3940.92,0.000532,9965.00
94.200,4644.62,-60.10,0.187498,50.00,884.325806,4781.22,0.000176,10670.00
94.250,3675.05,-63.08,0.251531,35.00,894.764709,4786.76,0.000044,10560.00
94.300,2221.13,-68.14,0.245101,35.00,934.088440,3620.38,0.000011,5650.00
94.350,3668.14,-65.50,0.219814,35.00,362.401978,4581.24,0.000023,10030.00
94.400,4947.96,-65.04,0.119855,30.00,731.876221,4859.25,0.000083,11025.00
94.450,3153.35,-66.58,0.116322,810.00,814.753052,4193.01,0.000077,9315.00
94.500,1321.09,-70.47,0.208445,815.00,867.465332,2507.08,0.000010,1515.00
94.550,1208.80,-71.00,0.245369,35.00,867.521667,2147.02,0.000005,1605.00
94.600,1477.61,-70.47,0.238522,35.00,983.455750,2349.77,0.000004,2255.00
94.650,1501.58,-71.34,0.216107,35.00,422.817688,2500.14,0.000003,3025.00
94.700,1891.35,-72.22,0.116068,30.00,750.133423,2935.38,0.000008,4510.00
94.750,2278.48,-68.37,0.091894,130.00,679.035828,3106.05,0.000077,4860.00
94.800,2421.92,-63.19,0.199945,50.00,838.658386,2971.81,0.000082,5490.00
94.850,2512.06,-63.61,0.242219,35.00,881.977966,3012.19,0.000045,5710.00
94.900,1840.27,-69.02,0.246166,35.00,921.312988,2700.11,0.000007,4335.00
94.950,1475.97,-71.89,0.206431,35.00,364.664886,2351.75,0.000004,3055.00
95.000,2051.95,-70.53,0.109382,30.00,754.348694,2966.01,0.000027,4720.00
95.050,3141.24,-65.06,0.134682,450.00,724.889648,4201.97,0.000130,8295.00
95.100,3976.87,-62.17,0.211135,45.00,899.716980,4889.59,0.000124,10875.00
95.150,3419.49,-63.96,0.246757,35.00,882.767517,4648.29,0.000048,9880.00
95.200,2564.58,-67.45,0.241135,35.00,915.456482,3510.93,0.000012,7110.00
95.250,3908.64,-65.16,0.244150,30.00,469.854736,3771.21,0.000015,8455.00
95.300,4893.46,-63.94,0.245844,30.00,309.525543,3954.89,0.000022,8945.00
95.350,4516.30,-62.56,0.241856,30.00,317.546600,4333.56,0.000043,9385.00
95.400,4001.69,-61.88,0.236647,30.00,920.662048,4780.19,0.000066,10565.00
95.450,3119.28,-65.19,0.256910,55.00,1134.737305,4507.14,0.000023,9495.00
95.500,4010.65,-64.83,0.269777,50.00,775.107544,4865.58,0.000019,10720.00
95.550,6423.75,-62.26,0.252000,50.00,372.040405,5214.39,0.000041,12595.00
95.600,4857.11,-63.67,0.247420,50.00,349.656860,5145.57,0.000032,11655.00
95.650,1965.64,-69.43,0.245327,50.00,444.223816,3408.27,0.000009,2305.00
95.700,900.29,-74.20,0.254008,55.00,1094.455322,1597.34,0.000002,1470.00
95.750,948.98,-74.06,0.260502,35.00,952.837891,1799.68,0.000002,1455.00
95.800,859.25,-75.90,0.267145,35.00,922.684387,1883.45,0.000000,1385.00
95.850,1083.79,-75.61,0.270850,30.00,365.247253,2624.90,0.000000,1685.00
95.900,2293.85,-70.17,0.260563,30.00,208.111282,3590.48,0.000004,6425.00
95.950,3548.88,-63.44,0.245245,30.00,378.831299,4248.24,0.000036,9110.00
96.000,3945.13,-59.22,0.235820,30.00,973.130859,4218.41,0.000140,9155.00
96.050,3441.36,-61.50,0.254113,50.00,1147.704102,3919.87,0.000062,7530.00
96.100,3250.26,-65.72,0.275394,50.00,650.179260,4518.32,0.000015,9780.00
96.150,2964.92,-66.53,0.267671,50.00,826.560730,4500.61,0.000015,9695.00
96.200,1680.44,-68.57,0.229056,65.00,929.202576,3114.62,0.000015,2285.00
96.250,3306.17,-63.21,0.155429,70.00,806.919739,4331.09,0.000136,9045.00
96.300,3992.06,-61.23,0.224376,40.00,779.765076,4833.27,0.000109,10870.00
96.350,2920.54,-66.06,0.266355,35.00,946.679443,4435.07,0.000019,9025.00
96.400,4655.60,-64.15,0.265201,35.00,874.543640,5031.13,0.000024,11280.00
96.450,6478.63,-62.49,0.250519,30.00,379.813965,5114.61,0.000040,12580.00
96.500,4784.39,-67.07,0.252499,30.00,239.862930,5222.37,0.000010,11735.00
96.550,3802.21,-63.29,0.252632,30.00,480.727234,4608.75,0.000041,9780.00
96.600,4033.65,-60.05,0.231995,35.00,977.297791,4544.94,0.000129,9895.00
96.650,4088.24,-61.68,0.225449,35.00,535.765137,4397.63,0.000078,9580.00
96.700,5519.81,-62.27,0.229352,35.00,749.484131,4788.98,0.000053,11340.00
96.750,6525.93,-62.44,0.226373,30.00,286.247986,4927.11,0.000050,12400.00
96.800,5274.79,-65.07,0.233696,30.00,214.617386,4849.80,0.000022,11160.00
96.850,4313.39,-62.51,0.236058,30.00,444.165741,4683.88,0.000050,10205.00
96.900,4298.26,-60.09,0.222474,35.00,944.593018,4611.07,0.000123,10265.00
96.950,4276.97,-61.59,0.231531,35.00,594.942688,4445.80,0.000071,9765.00
97.000,5478.37,-61.89,0.239166,35.00,700.689514,4767.65,0.000059,11175.00
97.050,6421.23,-62.09,0.226516,30.00,309.628265,4880.22,0.000060,12235.00
97.100,5146.20,-64.78,0.232180,30.00,221.272720,4751.30,0.000024,10845.00
97.150,4281.07,-61.80,0.239987,30.00,491.471893,4603.22,0.000062,10015.00
97.200,4184.40,-59.85,0.225575,35.00,935.644165,4524.76,0.000135,9925.00
97.250,4149.28,-61.66,0.228638,35.00,646.896423,4362.26,0.000074,9555.00
97.300,5524.80,-61.66,0.237238,35.00,664.652649,4753.12,0.000066,11190.00
97.350,6239.20,-62.03,0.228979,30.00,300.533295,4849.00,0.000062,12105.00
97.400,4891.03,-64.50,0.235433,30.00,220.899063,4603.21,0.000027,10415.00
97.450,4392.21,-61.37,0.235867,30.00,522.360229,4658.91,0.000075,10290.00
97.500,4312.88,-59.83,0.222667,35.00,938.089905,4616.92,0.000142,10275.00
97.550,4133.87,-62.01,0.222482,35.00,690.180542,4401.94,0.000072,9610.00
97.600,5657.98,-62.04,0.232220,30.00,644.199524,4878.16,0.000056,11615.00
97.650,6465.77,-62.88,0.230536,30.00,269.696411,4980.00,0.000043,12360.00
97.700,4899.33,-65.75,0.237390,30.00,219.071365,4849.37,0.000018,10780.00
97.750,3128.96,-64.32,0.234492,30.00,569.722717,4106.84,0.000036,8540.00
97.800,2420.26,-64.73,0.173570,30.00,821.868896,3309.11,0.000067,5485.00
97.850,2241.13,-69.42,0.092104,330.00,758.836365,2855.87,0.000061,2990.00
97.900,2509.63,-74.64,0.039813,330.00,402.702179,3346.34,0.000045,3840.00
97.950,2011.33,-78.31,0.024141,330.00,157.380615,3167.83,0.000010,3085.00
98.000,1832.83,-76.37,0.032526,330.00,148.737061,2867.42,0.000019,3435.00
98.050,1964.69,-70.71,0.106890,580.00,526.760620,2830.77,0.000022,3325.00
98.100,1923.75,-69.22,0.144756,865.00,478.486145,2680.06,0.000024,2775.00
98.150,1849.23,-70.79,0.117578,865.00,457.761597,2570.72,0.000025,2420.00
98.200,2829.89,-70.22,0.056392,330.00,456.782776,3870.43,0.000109,7495.00
98.250,7135.63,-67.64,0.023152,330.00,286.414368,4952.34,0.000831,13190.00
98.300,6929.70,-65.92,0.027495,330.00,80.716667,4794.91,0.000948,12715.00
98.350,3689.28,-66.70,0.089652,580.00,468.221313,4500.34,0.000110,9865.00
98.400,1924.71,-71.14,0.114715,635.00,242.945358,3110.80,0.000023,2700.00
98.450,1929.48,-74.01,0.058252,635.00,449.601257,2977.02,0.000027,3370.00
98.500,1812.37,-72.56,0.098711,410.00,393.241364,2932.83,0.000015,3255.00
98.550,1557.98,-73.74,0.096891,410.00,254.544510,2654.66,0.000010,2245.00
98.600,1431.44,-74.88,0.080377,170.00,466.598267,2412.12,0.000008,2090.00
98.650,1205.55,-73.92,0.125441,370.00,465.385529,1964.15,0.000006,1255.00
98.700,1209.28,-74.37,0.134506,455.00,518.100647,1983.25,0.000005,1115.00
98.750,1289.74,-74.26,0.125996,450.00,365.403259,2239.39,0.000006,1110.00
98.800,1241.37,-74.61,0.114988,570.00,466.519470,2204.80,0.000007,1085.00
98.850,1666.86,-74.46,0.083566,570.00,374.556366,2883.56,0.000013,1685.00
98.900,4551.76,-66.04,0.059550,155.00,409.081024,4808.92,0.000268,10855.00
98.950,4225.28,-60.58,0.170684,50.00,809.616577,4821.82,0.000199,10835.00
99.000,3401.91,-61.40,0.237546,35.00,828.707092,4433.24,0.000087,9470.00
99.050,2051.53,-68.46,0.244417,35.00,971.303894,3235.56,0.000010,3565.00
99.100,1568.44,-72.82,0.230357,35.00,364.992737,2743.00,0.000002,3350.00
99.150,1671.74,-74.48,0.126746,30.00,728.668518,2564.45,0.000002,3975.00
99.200,3428.09,-68.74,0.055067,280.00,704.669556,4099.58,0.000145,8780.00
99.250,3234.39,-63.69,0.128611,915.00,576.015625,4009.39,0.000146,8695.00
99.300,2635.89,-64.87,0.140026,180.00,390.792572,3385.72,0.000099,5950.00
99.350,2232.90,-68.85,0.097356,185.00,520.225342,2840.34,0.000047,4095.00
99.400,1342.71,-70.99,0.187629,45.00,968.440430,2449.66,0.000005,2605.00
99.450,951.54,-73.51,0.262770,35.00,900.866577,2103.36,0.000001,1730.00
99.500,1883.70,-69.69,0.263976,35.00,1012.559082,3031.10,0.000005,4435.00
99.550,2928.22,-62.33,0.236778,35.00,668.950867,3255.47,0.000055,6335.00
99.600,3126.87,-61.90,0.160231,30.00,866.368469,3142.35,0.000140,6335.00
99.650,2945.41,-66.87,0.081532,180.00,690.947083,3098.18,0.000116,5920.00
99.700,2993.37,-71.22,0.051236,180.00,323.926453,3140.24,0.000064,6240.00
99.750,3002.76,-72.90,0.047997,120.00,134.989594,2903.72,0.000030,6265.00
99.800,4398.50,-65.02,0.075836,120.00,343.640015,4560.83,0.000249,10120.00
99.850,4168.99,-60.10,0.189460,45.00,856.824707,4721.23,0.000198,10550.00
99.900,3242.86,-62.01,0.236693,35.00,819.671326,4299.59,0.000078,8885.00
99.950,1941.08,-69.08,0.242596,35.00,955.864685,2998.69,0.000009,3810.00
100.000,1779.38,-71.96,0.254678,30.00,441.483856,2813.73,0.000002,4150.00
100.050,1717.74,-72.82,0.255906,30.00,185.504898,2688.01,0.000001,4245.00
100.100,3692.10,-65.82,0.251150,30.00,208.884567,4507.37,0.000016,9555.00
100.150,4484.05,-61.06,0.228435,30.00,489.506836,4765.74,0.000091,10655.00
100.200,3482.28,-62.66,0.218708,30.00,356.792419,4262.94,0.000069,9290.00
100.250,3602.98,-64.70,0.229383,30.00,428.845093,4456.45,0.000032,9755.00
100.300,6422.62,-62.79,0.234728,30.00,326.377838,5189.47,0.000043,12710.00
100.350,5979.24,-66.33,0.237367,30.00,172.562073,5366.76,0.000014,12610.00
100.400,1728.54,-72.52,0.241604,30.00,200.404724,3149.58,0.000003,3160.00
100.450,1462.11,-71.47,0.232471,30.00,413.183502,2472.29,0.000005,2010.00
100.500,1202.15,-73.34,0.224217,30.00,240.107086,2187.06,0.000003,1450.00
100.550,1109.08,-73.81,0.230545,30.00,368.092682,2234.98,0.000003,1345.00
100.600,1145.36,-73.90,0.217974,30.00,251.089813,2246.80,0.000002,1480.00
100.650,759.92,-76.77,0.214924,30.00,323.485168,1909.90,0.000000,1195.00
100.700,3701.04,-64.63,0.217142,30.00,322.910492,4423.94,0.000029,9595.00
100.750,3976.81,-59.44,0.235342,30.00,1008.286316,4311.59,0.000131,9455.00
100.800,3445.29,-61.59,0.271052,50.00,1115.703613,3995.39,0.000052,7635.00
100.850,1620.55,-70.13,0.278993,50.00,772.456238,2725.44,0.000005,2825.00
100.900,2594.45,-66.71,0.276975,50.00,377.956879,3395.96,0.000011,7045.00
100.950,4097.38,-64.53,0.277373,50.00,364.889740,3841.68,0.000017,8755.00
101.000,5176.26,-63.12,0.275745,50.00,189.535797,4770.39,0.000029,11000.00
101.050,5277.86,-61.52,0.265883,50.00,412.929840,5167.80,0.000059,12020.00
101.100,3579.87,-64.94,0.257557,50.00,401.572479,4670.65,0.000025,10095.00
101.150,1244.72,-73.20,0.254217,50.00,337.780823,2407.63,0.000003,1215.00
101.200,1134.36,-73.86,0.247463,50.00,383.277710,2249.87,0.000002,1170.00
101.250,2756.45,-67.83,0.235183,50.00,284.955811,4104.20,0.000012,8590.00
101.300,5037.12,-62.43,0.225316,50.00,558.191467,5035.58,0.000054,11490.00
101.350,5264.42,-61.35,0.233612,45.00,927.581787,5218.93,0.000075,12035.00
101.400,3795.75,-65.70,0.254516,35.00,1035.757690,4913.69,0.000021,10715.00
101.450,4899.71,-64.82,0.257325,35.00,824.698975,5071.41,0.000032,11625.00
101.500,6247.61,-63.02,0.241581,30.00,327.692322,5171.15,0.000059,12535.00
101.550,4601.88,-67.24,0.244065,30.00,224.537460,5109.63,0.000015,11635.00
101.600,1094.05,-73.75,0.253248,30.00,370.471069,2182.52,0.000002,1410.00
101.650,1555.32,-69.53,0.206754,30.00,674.748230,2539.03,0.000011,2210.00
101.700,2430.76,-67.32,0.111731,30.00,886.961304,3225.32,0.000058,5965.00
101.750,2345.72,-67.91,0.132233,230.00,672.705322,3215.92,0.000031,6035.00
101.800,1729.79,-68.67,0.239243,40.00,976.450623,2835.61,0.000008,4085.00
101.850,3416.93,-64.70,0.260459,35.00,969.004944,3792.68,0.000020,8365.00
101.900,4243.29,-62.10,0.251914,35.00,840.721313,3874.90,0.000046,9115.00
101.950,3478.12,-62.25,0.231846,30.00,497.611694,3419.40,0.000060,7010.00
102.000,2666.58,-65.73,0.235155,30.00,364.005676,3051.71,0.000020,6055.00
102.050,1846.23,-69.97,0.240962,30.00,400.295197,2696.76,0.000003,4165.00
102.100,2121.43,-69.38,0.183085,30.00,583.411011,2865.76,0.000006,4730.00
102.150,2810.68,-69.05,0.097064,410.00,811.991699,3287.85,0.000046,6345.00
102.200,4138.89,-62.56,0.136964,410.00,591.392639,4675.32,0.000162,10705.00
102.250,3977.56,-61.62,0.228933,40.00,897.025391,4818.01,0.000081,10805.00
102.300,2807.27,-66.39,0.251570,35.00,951.878540,4198.90,0.000015,8210.00
102.350,1903.56,-69.82,0.250521,35.00,720.750183,3136.15,0.000006,4150.00
102.400,1502.89,-71.47,0.243703,30.00,314.312103,2643.60,0.000003,2590.00
102.450,961.63,-74.95,0.252202,30.00,305.315918,2036.74,0.000001,1395.00
102.500,1490.11,-72.34,0.257465,30.00,278.537811,2443.25,0.000002,2710.00
102.550,1857.37,-70.44,0.245434,30.00,376.471497,2741.53,0.000005,3260.00
102.600,1770.76,-71.57,0.246134,30.00,267.796936,3011.20,0.000003,3540.00
102.650,3212.51,-67.90,0.249445,30.00,320.430634,4000.01,0.000007,8495.00
102.700,3679.72,-65.38,0.242796,30.00,191.745377,3999.71,0.000015,8735.00
102.750,2324.39,-68.42,0.237871,30.00,315.855438,3257.20,0.000009,4775.00
102.800,3036.54,-68.01,0.235629,30.00,272.468414,4247.76,0.000011,8430.00
102.850,3905.86,-67.02,0.231380,30.00,240.324539,4569.41,0.000013,9750.00
102.900,4292.86,-65.66,0.232432,30.00,274.301208,4038.16,0.000019,8905.00
102.950,5764.15,-61.88,0.222790,30.00,263.141998,4919.99,0.000063,11990.00
103.000,6389.27,-63.49,0.205591,30.00,204.345596,5235.84,0.000047,12645.00
103.050,4206.46,-67.05,0.208855,30.00,264.479767,4703.77,0.000015,10445.00
103.100,5386.99,-59.98,0.205829,30.00,357.856628,4437.91,0.000127,11085.00
103.150,4940.54,-58.13,0.195258,30.00,417.934540,4243.57,0.000260,10480.00
103.200,4083.47,-60.63,0.189464,30.00,451.679260,4316.68,0.000150,9860.00
103.250,3536.71,-64.96,0.189529,30.00,477.517914,4397.55,0.000048,9710.00
103.300,3868.00,-66.26,0.187622,30.00,441.220978,4637.86,0.000027,10560.00
103.350,3640.02,-67.49,0.179663,30.00,367.681000,4571.81,0.000020,9970.00
103.400,3078.55,-69.66,0.175899,30.00,363.194702,4260.90,0.000011,8685.00
103.450,2442.39,-71.44,0.177420,30.00,346.671631,3792.71,0.000006,6630.00
103.500,1772.47,-73.58,0.174868,30.00,199.887405,2946.87,0.000003,3115.00
103.550,1498.91,-74.34,0.163111,30.00,361.567139,2621.75,0.000002,2225.00
103.600,2413.07,-70.74,0.119931,425.00,534.390869,3208.09,0.000014,5845.00
103.650,4743.51,-63.22,0.096549,430.00,562.475098,4136.33,0.000339,9635.00
103.700,4803.81,-59.19,0.157063,50.00,785.712524,4766.39,0.000445,10880.00
103.750,3753.46,-61.14,0.233220,40.00,846.158386,4676.10,0.000131,10295.00
103.800,1905.88,-68.37,0.245013,35.00,945.081848,3152.04,0.000016,3495.00
103.850,2022.08,-68.44,0.228716,35.00,366.239746,2877.73,0.000008,4590.00
103.900,3821.02,-64.34,0.131827,30.00,742.042053,3546.40,0.000057,8110.00
103.950,4056.59,-64.76,0.064812,275.00,654.874512,3500.89,0.000253,8220.00
104.000,1640.58,-68.30,0.171123,50.00,835.148499,2597.11,0.000023,3015.00
104.050,1356.28,-69.38,0.243257,35.00,823.551208,2303.95,0.000008,2245.00
104.100,1728.69,-70.00,0.247541,35.00,986.186035,2671.36,0.000003,3550.00
104.150,1708.62,-70.16,0.233059,35.00,326.124176,2711.64,0.000003,3580.00
104.200,1829.45,-70.88,0.132069,30.00,744.316223,2795.25,0.000011,3800.00
104.250,3010.87,-67.38,0.066795,745.00,695.089844,3565.67,0.000156,7515.00
104.300,2914.51,-62.41,0.173086,50.00,784.294006,3294.79,0.000120,6390.00
104.350,2614.86,-62.80,0.232551,35.00,791.453369,3029.13,0.000061,5910.00
104.400,1806.48,-67.54,0.235042,35.00,916.551086,2501.26,0.000012,4015.00
104.450,1433.07,-70.18,0.217027,35.00,426.516449,2090.05,0.000006,2930.00
104.500,1567.68,-70.54,0.150226,30.00,781.639954,2145.83,0.000008,2950.00
104.550,3315.05,-65.23,0.107273,535.00,661.208130,4118.14,0.000128,8270.00
104.600,4577.05,-60.53,0.165656,45.00,829.892029,4864.35,0.000200,11155.00
104.650,3754.42,-61.85,0.236431,35.00,841.315674,4574.20,0.000070,10055.00
104.700,2184.05,-67.89,0.252950,35.00,892.591309,3177.54,0.000010,4735.00
104.750,2935.12,-66.55,0.251546,30.00,448.503174,3630.02,0.000011,7945.00
104.800,3587.31,-65.99,0.250923,30.00,259.286072,3953.67,0.000011,8955.00
104.850,3522.48,-65.78,0.252764,30.00,218.657181,4366.81,0.000015,9190.00
104.900,3980.71,-61.60,0.236378,30.00,779.954712,4727.79,0.000069,10580.00
104.950,3140.86,-62.65,0.218234,55.00,1038.158325,4165.56,0.000069,8425.00
105.000,2835.10,-64.45,0.222691,50.00,806.665344,3755.86,0.000041,6940.00
105.050,4750.61,-61.22,0.222897,50.00,455.942322,4841.02,0.000085,11395.00
105.100,4363.03,-63.11,0.230900,50.00,357.981384,4739.38,0.000042,10915.00
105.150,2136.50,-69.28,0.223552,50.00,323.591949,3052.78,0.000008,4285.00
105.200,2283.68,-68.61,0.151423,50.00,675.879883,2908.70,0.000017,4670.00
105.250,2658.19,-68.12,0.082532,130.00,747.800720,2886.92,0.000064,5070.00
105.300,2732.87,-68.54,0.083126,400.00,332.587280,2774.13,0.000052,4975.00
105.350,2680.66,-69.80,0.075614,400.00,205.723907,2794.71,0.000041,5025.00
105.400,2334.23,-71.55,0.064468,275.00,285.299652,2640.15,0.000030,3970.00
105.450,1665.99,-72.28,0.082976,305.00,383.921051,2090.26,0.000016,2965.00
105.500,1668.83,-70.09,0.138665,850.00,560.366882,1871.86,0.000018,2835.00
105.550,1841.49,-68.88,0.157579,1360.00,536.674255,1960.10,0.000023,3105.00
105.600,2092.92,-68.30,0.143149,1360.00,538.161865,2181.09,0.000029,3435.00
105.650,2388.69,-67.80,0.126482,1295.00,530.675232,2345.66,0.000034,3830.00
105.700,2509.56,-68.07,0.110466,420.00,379.164459,2471.58,0.000031,4090.00
105.750,2365.39,-69.43,0.098974,415.00,431.597565,2512.29,0.000020,3980.00
105.800,2170.94,-69.26,0.113070,405.00,475.462372,2413.38,0.000024,3685.00
105.850,2162.01,-68.27,0.130268,540.00,522.610779,2355.54,0.000029,3650.00
105.900,2147.95,-68.51,0.137908,525.00,566.479126,2218.82,0.000023,3585.00
105.950,2169.48,-68.71,0.140553,520.00,520.613647,2158.98,0.000016,3615.00
106.000,2108.72,-68.91,0.144999,520.00,365.578979,2124.78,0.000015,3555.00
106.050,2079.44,-68.80,0.149769,515.00,398.630585,2162.60,0.000017,3500.00
106.100,2278.94,-66.91,0.154117,515.00,418.485291,2590.82,0.000032,4195.00
106.150,2554.56,-65.28,0.165916,515.00,380.272675,2851.64,0.000045,5235.00
106.200,2558.11,-65.69,0.160611,510.00,377.438568,2827.00,0.000041,5260.00
106.250,2455.60,-66.51,0.153471,515.00,401.061646,2719.43,0.000033,4770.00
106.300,2413.80,-66.87,0.150279,515.00,367.362610,2640.78,0.000035,4495.00
106.350,2269.96,-67.52,0.148879,515.00,364.765991,2519.41,0.000032,3920.00
106.400,2284.36,-67.25,0.150753,515.00,367.896149,2572.48,0.000036,4060.00
106.450,2452.67,-66.65,0.150502,510.00,364.651794,2670.83,0.000039,4935.00
106.500,2477.56,-67.16,0.135718,340.00,320.519958,2621.56,0.000032,4940.00
106.550,2333.86,-67.99,0.127483,515.00,345.971985,2482.67,0.000023,4415.00
106.600,2154.42,-68.55,0.133785,515.00,330.542419,2300.70,0.000014,3665.00
106.650,2063.72,-68.88,0.137172,510.00,387.839600,2296.53,0.000018,3445.00
106.700,2336.60,-66.96,0.141298,510.00,378.932922,2696.03,0.000035,4355.00
106.750,2650.78,-65.89,0.137078,505.00,353.103485,2954.24,0.000050,5605.00
106.800,2511.35,-66.83,0.139395,505.00,356.823425,2810.68,0.000033,4980.00
106.850,2295.82,-67.75,0.145142,505.00,301.238342,2592.88,0.000021,4170.00
106.900,2215.50,-68.25,0.147083,335.00,335.765167,2487.57,0.000019,3845.00
106.950,2221.52,-67.98,0.150046,340.00,370.523956,2502.81,0.000021,3900.00
107.000,2227.97,-67.79,0.160117,340.00,317.570465,2479.10,0.000021,3990.00
107.050,2278.36,-68.00,0.142550,340.00,353.326416,2558.27,0.000027,4230.00
107.100,2205.81,-68.47,0.139011,340.00,264.818817,2551.59,0.000027,3850.00
107.150,2060.83,-69.01,0.142802,340.00,278.383179,2441.67,0.000023,3505.00
107.200,2167.84,-68.40,0.141694,340.00,314.193848,2533.95,0.000027,3775.00
107.250,2470.51,-67.26,0.133642,340.00,369.403564,2792.33,0.000039,5150.00
107.300,2483.99,-67.06,0.131659,340.00,321.747101,2823.88,0.000037,5305.00
107.350,2276.88,-67.93,0.131333,340.00,331.716400,2613.23,0.000028,4320.00
107.400,2156.42,-68.88,0.133081,340.00,309.691681,2475.07,0.000022,3715.00
107.450,2128.45,-69.34,0.130710,340.00,275.375000,2390.60,0.000019,3685.00
107.500,2073.15,-69.50,0.130184,340.00,296.881409,2332.62,0.000018,3485.00
107.550,2035.36,-69.54,0.122435,505.00,301.557556,2309.94,0.000020,3425.00
107.600,1964.95,-69.33,0.129062,505.00,290.063751,2346.92,0.000021,3395.00
107.650,2010.53,-68.86,0.136555,340.00,355.354767,2387.17,0.000021,3485.00
107.700,2026.51,-69.29,0.128746,340.00,306.596558,2334.97,0.000020,3495.00
107.750,1977.34,-69.81,0.124603,505.00,272.726685,2259.76,0.000015,3375.00
107.800,1968.88,-69.80,0.125656,340.00,328.878235,2283.56,0.000018,3350.00
107.850,2213.27,-68.20,0.129754,510.00,355.219299,2686.56,0.000033,4045.00
107.900,2630.68,-66.57,0.129565,510.00,310.891174,3089.61,0.000048,5990.00
107.950,2671.67,-67.23,0.118486,340.00,297.399841,3047.99,0.000039,5950.00
108.000,2368.63,-68.69,0.119154,340.00,224.899170,2751.90,0.000019,4610.00
108.050,2170.65,-69.31,0.121390,340.00,285.227844,2511.64,0.000016,3965.00
108.100,2096.40,-69.77,0.120576,335.00,309.478668,2428.27,0.000016,3760.00
108.150,1971.51,-69.79,0.122608,335.00,302.335571,2392.85,0.000016,3490.00
108.200,1993.51,-69.66,0.122468,335.00,292.901245,2431.80,0.000018,3520.00
108.250,1988.11,-69.98,0.116769,335.00,252.723907,2406.28,0.000020,3490.00
108.300,1985.18,-70.47,0.111734,335.00,216.646530,2371.86,0.000019,3470.00
108.350,1982.08,-70.84,0.109176,335.00,210.104370,2382.82,0.000017,3425.00
108.400,2000.85,-70.72,0.108840,335.00,212.924438,2425.86,0.000018,3455.00
108.450,1983.06,-70.05,0.114284,335.00,259.991821,2551.33,0.000022,3525.00
108.500,2121.96,-69.20,0.121055,335.00,262.798401,2684.10,0.000025,3930.00
108.550,2180.12,-69.15,0.127474,340.00,279.934967,2674.38,0.000022,4065.00
108.600,2121.44,-69.76,0.126325,340.00,209.362610,2585.80,0.000018,3975.00
108.650,2050.22,-70.20,0.126155,340.00,216.269287,2455.65,0.000014,3770.00
108.700,1996.69,-70.47,0.123336,340.00,187.059799,2363.62,0.000013,3555.00
108.750,2040.91,-70.64,0.119421,340.00,192.072968,2446.76,0.000012,3640.00
108.800,2084.95,-70.36,0.118781,340.00,184.481934,2489.05,0.000013,3775.00
108.850,2040.45,-70.09,0.120756,340.00,210.105820,2409.90,0.000013,3570.00
108.900,2077.43,-70.18,0.116581,340.00,231.889175,2464.98,0.000015,3655.00
108.950,2077.22,-70.63,0.112522,340.00,193.398972,2511.05,0.000014,3655.00
109.000,2061.18,-70.33,0.113437,340.00,206.513428,2563.45,0.000016,3540.00
109.050,2695.59,-67.88,0.110422,340.00,189.974289,3207.51,0.000032,6375.00
109.100,3007.45,-67.13,0.108422,335.00,219.440277,3394.69,0.000038,7140.00
109.150,2826.47,-68.21,0.104464,335.00,175.672562,3271.61,0.000029,6745.00
109.200,2600.29,-69.03,0.104066,340.00,181.777756,3119.03,0.000023,6125.00
109.250,2324.79,-70.02,0.105448,340.00,168.006714,2861.75,0.000017,4600.00
109.300,2318.01,-70.17,0.104552,340.00,167.317078,2855.94,0.000019,4530.00
109.350,2737.25,-68.38,0.105498,340.00,171.899033,3177.05,0.000034,6270.00
109.400,3022.23,-67.06,0.110921,335.00,222.587830,3271.08,0.000046,6830.00
109.450,2814.27,-67.82,0.117848,335.00,225.314972,3110.94,0.000031,6320.00
109.500,2627.68,-68.63,0.116006,335.00,241.218933,2953.86,0.000025,5855.00
109.550,2519.22,-68.92,0.108761,335.00,220.397888,2908.25,0.000030,5435.00
109.600,2328.74,-69.81,0.103892,335.00,221.330902,2827.70,0.000025,4545.00
109.650,2398.85,-68.84,0.114060,335.00,257.176727,2966.56,0.000025,5125.00
109.700,2539.28,-68.25,0.122245,335.00,231.571777,2978.41,0.000022,5440.00
109.750,2504.89,-68.82,0.118653,335.00,176.232788,2896.46,0.000020,5280.00
109.800,2574.69,-68.64,0.120025,335.00,201.845337,2956.22,0.000024,5560.00
109.850,2521.12,-69.16,0.122220,335.00,210.475800,2941.01,0.000023,5545.00
109.900,2393.07,-69.47,0.119515,335.00,200.846283,2894.51,0.000023,5240.00
109.950,2419.45,-69.18,0.117905,335.00,225.173325,2987.67,0.000025,5440.00
110.000,2495.81,-68.91,0.120313,335.00,193.495804,2995.64,0.000025,5590.00
110.050,2487.63,-68.87,0.119810,335.00,202.349167,2919.33,0.000024,5315.00
110.100,2411.95,-69.17,0.117974,335.00,183.072266,2846.65,0.000019,4985.00
110.150,2411.44,-69.61,0.110943,335.00,224.087860,2878.18,0.000019,5070.00
110.200,2951.26,-67.58,0.107458,335.00,227.325455,3325.25,0.000048,6990.00
110.250,3356.82,-65.78,0.111371,335.00,273.436920,3628.18,0.000077,8050.00
110.300,3320.26,-66.44,0.118052,335.00,238.484222,3596.24,0.000056,7955.00
110.350,2992.86,-68.04,0.117845,335.00,258.030151,3417.03,0.000035,7045.00
110.400,2703.78,-68.95,0.123050,335.00,209.458557,3251.01,0.000023,6390.00
110.450,2364.54,-70.28,0.117942,335.00,259.314758,2960.19,0.000016,5000.00
110.500,2183.35,-71.52,0.100119,340.00,333.062592,2810.91,0.000014,4305.00
110.550,2099.39,-70.98,0.108753,335.00,214.420654,2776.64,0.000012,4215.00
110.600,2142.57,-70.03,0.123633,335.00,218.162109,2688.69,0.000013,4310.00
110.650,2357.34,-69.40,0.123726,335.00,246.672760,2796.79,0.000015,5175.00
110.700,2659.99,-68.87,0.115716,335.00,308.938263,3031.63,0.000019,5805.00
110.750,2576.64,-69.21,0.102856,335.00,295.082123,2989.54,0.000032,5750.00
110.800,4737.72,-62.62,0.094601,65.00,487.269440,4670.45,0.000291,10870.00
110.850,5461.52,-59.77,0.206204,45.00,944.381165,4937.85,0.000149,11595.00
110.900,5050.15,-61.33,0.248300,35.00,818.780396,4770.39,0.000066,10775.00
110.950,5455.62,-62.17,0.233839,35.00,862.165405,4689.14,0.000052,10990.00
111.000,6240.41,-61.43,0.226902,30.00,321.198761,4886.73,0.000065,12110.00
111.050,5438.51,-63.79,0.233366,30.00,234.851242,4818.81,0.000030,11350.00
111.100,4429.27,-66.01,0.243490,30.00,210.344666,4600.77,0.000015,9910.00
111.150,3987.93,-66.30,0.196952,30.00,505.709442,4468.93,0.000021,9440.00
111.200,4247.61,-66.01,0.084687,30.00,825.873535,4229.18,0.000121,9270.00
111.250,3313.58,-66.20,0.102997,120.00,554.364990,3958.73,0.000092,8235.00
111.300,2052.79,-67.31,0.236803,40.00,996.508423,3363.76,0.000014,5860.00
111.350,1882.52,-69.15,0.268097,35.00,944.722473,3156.07,0.000007,4740.00
111.400,2604.86,-67.30,0.263215,35.00,929.654236,3209.06,0.000017,5880.00
111.450,3455.92,-63.53,0.237946,30.00,432.251434,3241.64,0.000062,6500.00
111.500,3201.41,-65.30,0.226537,30.00,311.939636,3221.55,0.000034,6460.00
111.550,2223.36,-70.61,0.181825,30.00,503.829834,2905.08,0.000004,5520.00
111.600,2943.93,-70.90,0.075734,30.00,780.865295,3062.62,0.000013,6360.00
111.650,3531.98,-70.27,0.052821,1590.00,355.094543,3259.00,0.000104,7210.00
111.700,5006.72,-62.52,0.109057,75.00,561.851868,4880.53,0.000269,11480.00
111.750,4770.87,-61.19,0.237086,40.00,983.545898,5126.90,0.000091,11670.00
111.800,3280.68,-65.73,0.262828,35.00,908.838074,4600.54,0.000019,9595.00
111.850,1546.15,-72.72,0.259636,35.00,869.855957,2734.12,0.000002,3665.00
111.900,1224.30,-74.10,0.266651,30.00,269.695984,2222.56,0.000000,2975.00
111.950,1018.08,-75.01,0.270767,30.00,150.643921,2070.21,0.000000,2200.00
112.000,1423.49,-71.67,0.269583,30.00,297.951538,2538.79,0.000002,2535.00
112.050,1765.55,-68.14,0.253579,30.00,487.374176,2580.17,0.000010,2955.00
112.100,1939.63,-67.50,0.243328,30.00,418.260193,2592.48,0.000014,3340.00
112.150,2033.12,-68.48,0.244269,30.00,404.732849,2686.32,0.000009,3680.00
112.200,1848.17,-69.82,0.244587,30.00,267.298523,2622.80,0.000006,3440.00
112.250,2000.33,-68.33,0.240599,30.00,374.829498,2652.94,0.000011,3505.00
112.300,2499.95,-65.11,0.238211,30.00,362.443298,3290.45,0.000030,4805.00
112.350,2731.57,-64.88,0.239371,30.00,387.410126,3647.91,0.000029,6335.00
112.400,2008.59,-67.73,0.243669,30.00,358.778870,2943.72,0.000014,3605.00
112.450,3764.68,-61.23,0.240764,30.00,471.537476,4388.92,0.000079,9720.00
112.500,4392.06,-60.36,0.217424,30.00,416.471985,4634.70,0.000116,10850.00
112.550,3107.47,-65.35,0.205385,30.00,468.915405,4015.89,0.000032,8000.00
112.600,4935.67,-60.34,0.198242,30.00,397.710266,4508.86,0.000127,10960.00
112.650,4564.46,-57.53,0.205111,30.00,542.096680,4237.67,0.000302,10100.00
112.700,3678.67,-59.46,0.226984,30.00,622.003113,4063.98,0.000160,8560.00
112.750,3095.51,-62.13,0.234569,30.00,500.413849,3869.90,0.000076,7580.00
112.800,3099.21,-63.06,0.209236,30.00,496.353882,3909.62,0.000067,7920.00
112.850,4158.51,-62.16,0.181503,30.00,490.167206,4382.62,0.000090,10005.00
112.900,5451.25,-61.55,0.167674,30.00,371.758240,4442.25,0.000109,10645.00
112.950,5237.85,-63.54,0.162310,30.00,192.856293,4184.48,0.000064,10135.00
113.000,4110.82,-67.55,0.155511,30.00,148.740021,3926.26,0.000019,9180.00
113.050,2381.76,-72.58,0.144098,30.00,216.206345,3321.66,0.000003,5810.00
113.100,1392.97,-76.36,0.088715,30.00,402.728729,2426.46,0.000002,2945.00
113.150,4970.86,-70.87,0.026612,30.00,451.805206,4904.11,0.000258,11340.00
113.200,4944.72,-61.73,0.143149,55.00,773.930603,5028.88,0.000172,11620.00
113.250,3715.05,-60.26,0.245699,40.00,852.133362,4531.35,0.000105,10035.00
113.300,2283.42,-65.00,0.244823,35.00,985.764893,3099.71,0.000029,3955.00
113.350,1879.09,-68.75,0.228638,35.00,503.735291,2418.85,0.000009,3540.00
113.400,2059.59,-68.36,0.160986,30.00,671.669067,2635.44,0.000023,3675.00
113.450,2349.57,-67.20,0.129095,660.00,799.960022,2589.16,0.000053,3735.00
113.500,2151.94,-67.67,0.130826,1265.00,477.666931,2398.37,0.000047,3445.00
113.550,2132.09,-68.83,0.104740,1270.00,455.750214,2484.68,0.000045,3810.00
113.600,2149.72,-67.73,0.127402,840.00,459.890472,2677.78,0.000045,3985.00
113.650,1842.31,-66.20,0.217601,840.00,881.566711,2556.61,0.000025,3350.00
113.700,1718.26,-66.90,0.256362,35.00,935.216614,2496.07,0.000010,3275.00
113.750,1904.68,-68.60,0.252180,35.00,1070.625977,2740.89,0.000011,3640.00
113.800,2990.57,-63.66,0.242649,35.00,465.544312,3135.17,0.000053,6185.00
113.850,3060.71,-61.65,0.183743,30.00,896.632385,3033.46,0.000177,6180.00
113.900,2449.86,-64.84,0.171782,1375.00,923.391052,2622.85,0.000067,4875.00
113.950,2045.85,-66.96,0.181450,1370.00,511.231995,2288.95,0.000022,3645.00
114.000,2243.60,-66.46,0.151105,1365.00,522.284912,2604.78,0.000049,3985.00
114.050,4142.91,-62.02,0.105573,1570.00,548.274597,4087.96,0.000285,9535.00
114.100,5359.99,-59.16,0.175885,50.00,923.024414,4754.94,0.000227,10970.00
114.150,4814.61,-60.64,0.251432,35.00,852.020691,4829.96,0.000073,10800.00
114.200,3299.38,-65.89,0.250558,35.00,1001.837158,4098.38,0.000015,8800.00
114.250,1947.88,-71.16,0.254811,30.00,486.731415,2926.91,0.000002,4670.00
114.300,1704.03,-72.44,0.254483,30.00,200.693237,2648.03,0.000001,4150.00
114.350,3278.81,-67.60,0.254705,30.00,141.812317,4353.28,0.000009,8690.00
114.400,4782.42,-61.78,0.237574,30.00,385.302338,4951.49,0.000062,11525.00
114.450,3699.80,-61.69,0.230725,30.00,420.153900,4423.60,0.000077,9875.00
114.500,2892.20,-63.90,0.238978,30.00,408.984253,3750.28,0.000038,7100.00
114.550,4923.18,-60.70,0.233022,30.00,397.900452,4844.41,0.000087,11510.00
114.600,4238.30,-61.94,0.227025,30.00,378.528992,4618.42,0.000070,10700.00
114.650,2224.36,-66.44,0.232231,30.00,416.474945,2897.94,0.000021,3795.00
114.700,1961.48,-68.25,0.237975,30.00,383.123047,2481.49,0.000010,3495.00
114.750,1737.66,-69.66,0.238364,30.00,375.867340,2352.11,0.000006,3315.00
114.800,1876.20,-68.30,0.243210,30.00,564.832581,2635.30,0.000010,3270.00
114.850,2115.09,-67.21,0.237496,30.00,402.381805,2699.34,0.000013,3685.00
114.900,2109.55,-68.30,0.212853,30.00,539.970520,2711.98,0.000013,3840.00
114.950,3264.37,-65.38,0.205196,30.00,422.628418,4150.86,0.000040,8230.00
115.000,3812.16,-59.39,0.226653,30.00,896.060242,4303.25,0.000209,9300.00
115.050,3212.18,-60.14,0.262547,50.00,1117.859497,3819.13,0.000136,7095.00
115.100,1977.01,-66.58,0.285506,50.00,890.576904,2524.39,0.000014,3620.00
115.150,1664.10,-68.57,0.289491,50.00,521.757690,2112.75,0.000007,3120.00
115.200,1860.52,-68.19,0.283633,50.00,451.916046,2617.52,0.000008,3420.00
115.250,4184.55,-62.72,0.280058,50.00,394.475952,4510.47,0.000030,10140.00
115.300,6118.55,-60.69,0.264997,50.00,279.836914,4900.15,0.000056,12095.00
115.350,5483.66,-62.81,0.255349,50.00,182.139343,4856.77,0.000032,11540.00
115.400,3596.95,-66.94,0.255211,50.00,182.862747,4122.91,0.000010,9070.00
115.450,2781.33,-69.47,0.252345,50.00,102.869263,3667.01,0.000005,7390.00
115.500,1884.51,-73.00,0.245587,50.00,134.554962,2973.61,0.000001,4335.00
115.550,4157.19,-66.07,0.238094,50.00,384.333130,4931.96,0.000014,11030.00
115.600,4933.01,-62.05,0.240683,45.00,957.026123,5164.09,0.000051,11775.00
115.650,3827.13,-64.24,0.254655,35.00,1020.292358,4811.57,0.000025,10705.00
115.700,4146.02,-64.65,0.257362,35.00,921.769531,4799.39,0.000024,10795.00
115.750,5876.14,-62.05,0.240706,30.00,364.257874,5127.77,0.000057,12370.00
115.800,4700.51,-65.12,0.236886,30.00,219.268097,5004.92,0.000023,11545.00
115.850,1481.57,-73.33,0.246819,30.00,220.821960,2795.24,0.000002,2980.00
115.900,1356.36,-73.14,0.203812,30.00,502.922913,2456.85,0.000002,2900.00
115.950,2124.83,-71.31,0.091076,30.00,828.026794,2814.94,0.000015,4725.00
116.000,1935.82,-70.63,0.100224,80.00,564.260559,2679.04,0.000015,4265.00
116.050,1238.14,-70.85,0.235909,45.00,1024.479614,2246.75,0.000003,2615.00
116.100,1267.80,-71.70,0.271683,35.00,942.086975,2321.28,0.000002,2960.00
116.150,2376.01,-68.34,0.264717,35.00,967.499512,3011.01,0.000010,5385.00
116.200,3422.00,-63.75,0.239759,30.00,443.947113,3209.48,0.000045,6535.00
116.250,3271.38,-65.24,0.229886,30.00,272.633698,3200.74,0.000026,6515.00
116.300,2071.53,-70.58,0.245218,30.00,334.071564,2830.52,0.000002,4895.00
116.350,2107.84,-70.62,0.195752,30.00,515.266235,2798.43,0.000003,4850.00
116.400,2887.70,-70.18,0.082831,30.00,819.692871,3107.32,0.000049,6315.00
116.450,4954.58,-62.89,0.100136,70.00,547.413330,4817.23,0.000321,11245.00
116.500,4749.37,-61.03,0.226184,40.00,958.021484,5074.35,0.000115,11620.00
116.550,3377.70,-65.16,0.257975,35.00,892.522522,4605.64,0.000026,9620.00
116.600,1608.43,-72.21,0.256919,35.00,873.570801,2730.71,0.000002,3630.00
116.650,1273.43,-73.70,0.264112,30.00,264.781952,2207.73,0.000001,2950.00
116.700,1065.45,-74.80,0.269363,30.00,175.278641,2089.77,0.000000,2275.00
116.750,1434.44,-71.80,0.269999,30.00,278.387939,2599.63,0.000002,2635.00
116.800,1788.39,-68.34,0.251804,30.00,490.606720,2652.89,0.000009,3015.00
116.850,1922.56,-67.61,0.243555,30.00,421.741974,2592.20,0.000013,3290.00
116.900,2004.94,-68.69,0.245448,30.00,426.402985,2700.35,0.000008,3585.00
116.950,1786.96,-70.08,0.245428,30.00,291.668671,2575.80,0.000005,3365.00
117.000,1893.78,-68.92,0.244278,30.00,414.843903,2611.53,0.000009,3360.00
117.050,2415.43,-65.75,0.241020,30.00,360.504639,3267.07,0.000024,4555.00
117.100,2763.18,-65.20,0.238226,30.00,427.917847,3697.54,0.000026,6590.00
117.150,1987.38,-68.28,0.239895,30.00,340.853912,2990.00,0.000011,3605.00
117.200,3701.82,-61.99,0.238071,30.00,499.695953,4413.40,0.000063,9740.00
117.250,4513.45,-60.61,0.215084,30.00,389.936768,4707.83,0.000105,11010.00
117.300,3364.17,-65.22,0.203947,30.00,470.759705,4218.40,0.000031,8750.00
117.350,4875.74,-60.87,0.198965,30.00,391.428619,4531.65,0.000107,10900.00
117.400,4598.80,-57.78,0.203446,30.00,537.341125,4261.26,0.000289,10140.00
117.450,3854.68,-59.60,0.216107,30.00,564.919312,4170.62,0.000158,9220.00
117.500,3376.78,-62.23,0.212199,30.00,397.071838,4138.94,0.000084,8630.00
117.550,3285.43,-62.93,0.194232,30.00,455.852264,4099.64,0.000079,8335.00
117.600,4295.70,-62.27,0.174962,30.00,396.615295,4452.21,0.000093,10125.00
117.650,5631.17,-61.57,0.170099,30.00,313.072815,4433.29,0.000101,10785.00
117.700,5266.93,-63.54,0.166605,30.00,219.920807,4177.01,0.000059,10120.00
117.750,3905.08,-67.13,0.161126,30.00,169.369034,3847.70,0.000022,8945.00
117.800,2383.86,-71.78,0.148102,30.00,248.832275,3251.92,0.000006,5520.00
117.850,1722.17,-75.15,0.094750,30.00,405.430939,2706.47,0.000004,3435.00
117.900,3954.54,-70.98,0.036590,30.00,465.562103,4420.58,0.000169,9860.00
117.950,4811.72,-61.97,0.139320,75.00,761.620605,5042.23,0.000201,11620.00
118.000,3796.58,-60.47,0.249222,40.00,884.221558,4661.56,0.000109,10400.00
118.050,2324.16,-65.28,0.252131,35.00,995.816223,3281.87,0.000027,4195.00
118.100,1778.18,-69.64,0.234895,35.00,537.866638,2390.88,0.000005,3455.00
118.150,1867.51,-69.48,0.165356,30.00,730.493591,2457.58,0.000010,3365.00
118.200,2062.49,-68.57,0.132949,655.00,827.016907,2469.23,0.000029,3330.00
118.250,1522.07,-68.61,0.192138,60.00,884.885010,2216.38,0.000017,2775.00
118.300,1290.77,-69.52,0.266600,40.00,996.712280,2142.47,0.000007,2450.00
118.350,1617.10,-68.97,0.257690,35.00,1011.150391,2489.52,0.000006,3180.00
118.400,1958.22,-67.60,0.227734,35.00,622.323730,2672.22,0.000010,3605.00
118.450,2160.79,-67.74,0.157522,30.00,664.568726,2719.92,0.000017,4020.00
118.500,2479.90,-69.20,0.070006,665.00,693.961365,2980.46,0.000128,4955.00
118.550,2647.38,-63.94,0.161630,75.00,796.462219,3115.03,0.000136,5905.00
118.600,2501.79,-62.51,0.245465,40.00,828.605225,2968.64,0.000094,5665.00
118.650,2052.63,-65.94,0.248681,35.00,978.086365,2597.02,0.000025,4345.00
118.700,1821.96,-67.63,0.229268,35.00,485.186340,2387.57,0.000010,3390.00
118.750,2560.40,-65.80,0.145528,30.00,707.757141,3180.92,0.000047,5620.00
118.800,5270.35,-61.59,0.080349,120.00,690.003235,4305.38,0.000518,10200.00
118.850,5660.95,-59.38,0.166336,45.00,818.936218,4739.92,0.000251,11050.00
118.900,4700.92,-61.00,0.249358,40.00,864.730103,4838.54,0.000071,10715.00
118.950,3009.64,-66.61,0.252179,35.00,993.127319,3954.67,0.000013,8250.00
119.000,1865.30,-71.08,0.257154,30.00,510.677765,2774.32,0.000002,4425.00
119.050,1778.75,-71.66,0.256296,30.00,210.637573,2620.62,0.000001,4140.00
119.100,2735.83,-68.11,0.254104,30.00,172.299561,3902.33,0.000011,7125.00
119.150,3733.06,-62.58,0.247145,30.00,795.682861,4719.22,0.000070,10410.00
119.200,3129.45,-62.42,0.256034,55.00,1146.946899,4294.45,0.000072,8850.00
119.250,2506.95,-65.44,0.274598,50.00,989.842224,3590.90,0.000020,5670.00
119.300,4468.01,-62.12,0.265640,50.00,465.405151,4897.08,0.000047,11265.00
119.350,3945.75,-62.67,0.259565,50.00,417.472656,4625.75,0.000045,10430.00
119.400,2081.22,-66.72,0.264972,50.00,414.060394,2903.54,0.000016,3710.00
119.450,1482.16,-68.79,0.275592,55.00,1109.215454,2296.87,0.000008,2875.00
119.500,1266.38,-70.33,0.275732,35.00,911.223328,2166.14,0.000004,2470.00
119.550,1673.53,-68.86,0.266929,35.00,1088.687256,2569.80,0.000007,2935.00
119.600,1977.68,-67.83,0.257789,30.00,575.406189,2731.61,0.000009,3560.00
119.650,1947.84,-69.08,0.250654,30.00,522.612488,2759.36,0.000007,3690.00
119.700,3040.56,-66.36,0.255336,30.00,388.506287,4106.06,0.000014,7975.00
119.750,3877.69,-59.68,0.248366,30.00,856.988403,4279.80,0.000117,9260.00
119.800,3274.98,-59.88,0.262883,55.00,1220.358765,3831.78,0.000110,7175.00
119.850,1887.86,-66.41,0.285096,50.00,883.003357,2608.49,0.000015,3615.00
119.900,1325.98,-69.06,0.276016,50.00,877.874817,2017.26,0.000007,2130.00
119.950,1338.84,-68.81,0.254505,65.00,901.047974,2367.72,0.000011,2085.00
120.000,3919.03,-62.89,0.157607,70.00,856.320618,4537.30,0.000105,9995.00
120.050,5130.06,-60.21,0.205052,40.00,618.116577,4980.63,0.000131,11400.00
120.100,4345.95,-61.95,0.270346,35.00,910.853027,4818.61,0.000044,10630.00
120.150,4416.49,-63.95,0.268930,35.00,1018.892883,4728.45,0.000031,10555.00
120.200,6148.17,-61.70,0.253603,30.00,399.287811,5108.58,0.000065,12455.00
120.250,5412.16,-64.73,0.247043,30.00,226.385132,5201.22,0.000028,12210.00
120.300,4078.32,-65.61,0.258858,30.00,298.533997,4778.90,0.000015,10405.00
120.350,5273.52,-60.90,0.246493,35.00,916.156982,4945.69,0.000074,11490.00
120.400,5327.59,-61.87,0.238441,35.00,477.706390,4811.22,0.000059,11015.00
120.450,5509.56,-62.87,0.237039,35.00,848.914490,4677.34,0.000040,10910.00
120.500,5863.56,-61.35,0.227873,30.00,404.564545,4900.20,0.000067,11860.00
120.550,5117.56,-63.33,0.227082,30.00,263.001007,4843.00,0.000038,11195.00
120.600,4444.20,-66.07,0.237951,30.00,325.276672,4620.87,0.000016,9970.00
120.650,4011.67,-63.95,0.212577,30.00,568.121094,4279.92,0.000040,9245.00
120.700,4039.00,-64.19,0.128399,30.00,815.849060,4092.36,0.000101,8930.00
120.750,3507.99,-66.35,0.097295,120.00,639.522400,4053.60,0.000098,8515.00
120.800,2303.68,-66.33,0.216642,40.00,935.117676,3576.61,0.000024,6800.00
120.850,2117.60,-67.18,0.251434,35.00,885.912720,3391.36,0.000016,6310.00
120.900,2460.48,-67.66,0.252055,35.00,961.473267,3265.46,0.000016,5810.00
120.950,3261.54,-62.75,0.240172,30.00,470.257904,3386.57,0.000073,6595.00
121.000,3037.98,-63.48,0.225108,30.00,397.954193,3285.49,0.000062,6460.00
121.050,2441.22,-68.31,0.183684,30.00,539.082153,3100.33,0.000013,5865.00
121.100,2656.84,-68.44,0.105442,30.00,777.548950,3304.85,0.000029,6285.00
121.150,2698.45,-68.39,0.121656,450.00,503.897614,3267.37,0.000031,6285.00
121.200,4211.68,-63.31,0.125975,225.00,546.584656,4626.06,0.000147,10615.00
121.250,4438.74,-61.13,0.217418,40.00,936.200256,4970.53,0.000098,11200.00
121.300,3156.37,-64.41,0.246247,35.00,879.638428,4422.77,0.000031,9050.00
121.350,2550.24,-68.29,0.249737,35.00,901.549866,3490.85,0.000007,6830.00
121.400,4080.89,-64.66,0.253218,30.00,336.047058,4018.37,0.000015,9035.00
121.450,3647.26,-66.22,0.251375,30.00,206.689468,4084.05,0.000010,8885.00
121.500,1605.65,-73.82,0.260172,30.00,218.249573,3173.35,0.000001,3610.00
121.550,2728.40,-69.15,0.261587,30.00,237.282761,3813.05,0.000005,8480.00
121.600,3512.99,-65.80,0.245010,30.00,300.144043,3901.16,0.000015,8805.00
121.650,4879.32,-63.37,0.235161,30.00,290.241852,4026.08,0.000033,9305.00
121.700,4631.83,-64.29,0.238699,30.00,165.883926,4055.72,0.000025,9100.00
121.750,4644.81,-64.73,0.240662,30.00,169.519058,4334.06,0.000026,9505.00
121.800,5580.71,-64.81,0.236425,30.00,202.561752,4603.25,0.000031,10260.00
121.850,3635.37,-66.00,0.238005,30.00,395.505463,4542.01,0.000025,9705.00
121.900,2432.87,-68.06,0.227658,30.00,281.640594,3573.80,0.000017,6365.00
121.950,5323.00,-64.07,0.210177,30.00,398.196594,5138.81,0.000048,12010.00
122.000,6840.91,-62.84,0.199932,30.00,283.900116,5135.18,0.000071,12820.00
122.050,4155.08,-63.08,0.210610,30.00,366.037384,4615.31,0.000061,10395.00
122.100,4021.48,-60.55,0.212120,30.00,443.089661,4294.71,0.000116,9705.00
122.150,4803.17,-58.65,0.192719,30.00,395.986694,4253.53,0.000233,10420.00
122.200,5395.04,-60.60,0.180862,30.00,457.339874,4568.83,0.000131,11490.00
122.250,5561.12,-65.79,0.191736,30.00,433.543549,5311.80,0.000028,12345.00
122.300,4656.79,-66.21,0.201289,30.00,297.165680,5115.47,0.000022,11675.00
122.350,3522.72,-66.78,0.198391,30.00,350.396057,4485.08,0.000021,9385.00
122.400,3115.88,-68.56,0.178127,30.00,314.479980,4323.81,0.000015,8885.00
122.450,2551.23,-69.99,0.173362,30.00,347.643280,4028.87,0.000011,7915.00
122.500,2361.57,-70.22,0.170760,30.00,114.108177,3722.16,0.000010,7175.00
122.550,2589.98,-71.26,0.150896,30.00,334.669403,3823.36,0.000007,7910.00
122.600,2193.40,-74.15,0.098967,30.00,404.019531,3498.61,0.000006,5645.00
122.650,4627.70,-73.11,0.026589,25.00,478.193939,4926.38,0.000193,11080.00
122.700,5652.97,-63.83,0.127299,55.00,702.659241,5283.22,0.000161,12365.00
122.750,4789.40,-62.32,0.249795,40.00,940.725830,5216.61,0.000066,11755.00
122.800,3128.64,-66.77,0.264472,35.00,978.265930,4387.98,0.000014,8795.00
122.850,1972.46,-69.09,0.245672,35.00,586.710083,2903.04,0.000007,3945.00
122.900,2036.76,-67.91,0.168427,30.00,737.432617,2748.69,0.000021,3300.00
122.950,2634.47,-69.36,0.063925,25.00,764.143555,3234.67,0.000094,5935.00
123.000,4201.72,-67.74,0.050775,250.00,376.202759,4187.80,0.000203,9465.00
123.050,3619.25,-66.62,0.098097,255.00,339.224884,3919.22,0.000082,8490.00
123.100,2838.36,-70.21,0.082274,255.00,218.803085,3349.55,0.000037,6975.00
123.150,1910.12,-69.06,0.148722,80.00,793.147278,2983.55,0.000019,4480.00
123.200,1831.40,-67.22,0.240900,40.00,852.708740,2954.92,0.000014,4040.00
123.250,1945.14,-69.01,0.250017,35.00,1012.415100,3001.31,0.000008,4415.00
123.300,2797.52,-64.39,0.248460,35.00,489.822906,3086.13,0.000033,6075.00
123.350,3153.75,-62.14,0.183295,30.00,810.258789,3113.85,0.000121,6340.00
123.400,3097.24,-65.97,0.091705,470.00,812.378540,3103.38,0.000109,6320.00
123.450,3231.26,-68.08,0.065745,185.00,414.270905,3544.83,0.000096,7060.00
123.500,3116.53,-67.36,0.089536,180.00,292.411377,3517.00,0.000058,7090.00
123.550,4487.59,-63.55,0.084521,180.00,291.006927,3954.74,0.000284,9355.00
123.600,5150.70,-59.30,0.156883,50.00,799.661133,4581.18,0.000294,10885.00
123.650,4244.70,-60.07,0.247005,40.00,862.840576,4708.41,0.000103,10540.00
123.700,2385.75,-66.66,0.251107,35.00,968.997253,3684.28,0.000016,6585.00
123.750,1743.28,-70.94,0.252487,30.00,603.332214,2857.87,0.000003,4210.00
123.800,1656.42,-71.17,0.246904,30.00,280.299805,2802.49,0.000002,3955.00
123.850,2594.83,-68.78,0.244435,30.00,211.746140,3958.61,0.000011,7140.00
123.900,5379.85,-63.21,0.239549,30.00,249.561340,5129.45,0.000048,12055.00
123.950,4656.31,-62.71,0.232354,30.00,308.725800,4919.20,0.000064,11510.00
124.000,3131.98,-66.53,0.238926,30.00,251.272568,4185.89,0.000018,8275.00
124.050,5233.22,-62.38,0.237764,30.00,395.684052,5130.35,0.000052,11945.00
124.100,5073.14,-63.97,0.229881,30.00,305.561981,5202.36,0.000036,11965.00
124.150,2022.07,-71.82,0.239782,30.00,371.006927,3711.19,0.000004,4660.00
124.200,1419.98,-73.09,0.238254,30.00,277.741455,2699.81,0.000002,2180.00
124.250,2481.37,-68.48,0.228563,30.00,292.910583,3489.97,0.000009,7145.00
124.300,4653.52,-64.10,0.218555,30.00,317.625031,4028.33,0.000030,9225.00
124.350,5648.04,-64.46,0.217379,30.00,238.021439,3952.25,0.000029,9640.00
124.400,3293.90,-67.16,0.214938,30.00,292.101044,3841.66,0.000017,8320.00
124.450,2482.34,-65.41,0.210863,30.00,455.878296,3473.59,0.000041,5960.00
124.500,3506.07,-59.96,0.221621,30.00,847.659424,4129.25,0.000150,8320.00
124.550,3732.35,-60.59,0.258751,50.00,1121.641602,4096.45,0.000078,8325.00
124.600,2537.12,-68.87,0.286050,50.00,904.550720,3559.57,0.000005,6295.00
124.650,1089.38,-75.30,0.296526,50.00,410.458954,2472.73,0.000000,2140.00
124.700,1733.06,-71.90,0.286716,50.00,211.190659,2908.74,0.000002,3540.00
124.750,3853.88,-66.31,0.274100,50.00,233.328827,4745.34,0.000010,10310.00
124.800,6356.91,-62.99,0.270065,50.00,245.094543,5219.24,0.000026,12595.00
124.850,5312.45,-64.07,0.262226,50.00,181.135590,5174.09,0.000021,11950.00
124.900,2641.59,-69.47,0.264478,50.00,176.245239,3878.51,0.000005,7875.00
124.950,1816.34,-72.43,0.259803,50.00,137.977798,3090.02,0.000001,4290.00
125.000,1193.21,-75.64,0.252312,50.00,111.348396,2540.26,0.000000,1710.00
125.050,4121.79,-68.31,0.243267,50.00,312.823059,5081.70,0.000009,11085.00
125.100,5076.64,-62.74,0.240410,45.00,941.297913,5237.48,0.000055,11935.00
125.150,4193.31,-63.47,0.253633,40.00,1015.210754,4904.38,0.000037,10875.00
125.200,4025.57,-64.72,0.258279,35.00,963.001648,4647.44,0.000028,10035.00
125.250,5562.10,-61.56,0.241281,30.00,423.920837,5069.96,0.000079,12105.00
125.300,4518.73,-63.54,0.227134,30.00,305.830902,4800.91,0.000052,11020.00
125.350,2512.95,-69.22,0.238208,30.00,313.576508,3634.27,0.000007,7025.00
125.400,3464.17,-65.17,0.213040,30.00,502.894409,4123.21,0.000021,9340.00
125.450,3125.26,-64.49,0.134905,30.00,897.181152,3765.20,0.000068,8495.00
125.500,2007.17,-68.17,0.149493,470.00,715.815002,2889.43,0.000021,4535.00
125.550,1251.03,-70.79,0.228713,45.00,1001.994080,2417.00,0.000006,2345.00
125.600,2321.41,-67.30,0.261859,35.00,981.947083,3875.86,0.000012,7150.00
125.650,4006.46,-63.93,0.258921,35.00,975.185425,4428.51,0.000024,9705.00
125.700,3724.20,-62.11,0.240271,30.00,445.614014,3590.77,0.000053,7780.00
125.750,3066.79,-63.49,0.223346,30.00,444.541870,3238.90,0.000042,6420.00
125.800,2120.40,-67.98,0.230357,30.00,387.128418,2894.26,0.000010,4670.00
125.850,1879.80,-68.83,0.193441,30.00,552.968506,2577.36,0.000013,3510.00
125.900,2000.67,-69.27,0.117734,30.00,767.142334,2531.87,0.000032,3955.00
125.950,3840.82,-63.45,0.113023,125.00,564.109802,4481.14,0.000186,9855.00
126.000,4524.47,-61.11,0.208508,40.00,940.120483,4989.82,0.000102,11330.00
126.050,3241.70,-63.78,0.249698,35.00,853.319092,4418.94,0.000035,9235.00
126.100,1586.85,-70.22,0.244609,35.00,865.442200,2611.89,0.000007,2735.00
126.150,1228.13,-73.08,0.244500,30.00,452.620239,2164.20,0.000002,1975.00
126.200,1074.24,-74.62,0.250667,30.00,280.320221,2144.06,0.000001,1560.00
126.250,881.94,-75.57,0.253079,30.00,340.273560,1979.48,0.000000,1180.00
126.300,1225.50,-74.04,0.253346,30.00,165.859726,2494.31,0.000001,1790.00
126.350,1449.03,-73.29,0.248571,30.00,381.396790,2713.83,0.000001,2075.00
126.400,1073.51,-75.70,0.243818,30.00,218.093277,2341.65,0.000001,1065.00
126.450,970.83,-75.37,0.248113,30.00,386.590332,2035.21,0.000001,1175.00
126.500,1470.31,-71.74,0.246557,30.00,313.382965,2693.29,0.000004,1970.00
126.550,2651.24,-69.05,0.237895,30.00,436.048157,4067.57,0.000008,7660.00
126.600,4086.94,-67.26,0.236528,30.00,340.449371,4813.39,0.000011,10385.00
126.650,4976.04,-64.77,0.232161,30.00,257.947418,4231.88,0.000026,9470.00
126.700,6301.32,-62.17,0.222197,30.00,236.200989,4543.97,0.000065,11415.00
126.750,6027.92,-61.63,0.209172,30.00,397.998871,5119.81,0.000092,12380.00
126.800,3788.69,-65.61,0.214882,30.00,309.656433,4733.60,0.000029,10415.00
126.850,4717.06,-61.74,0.201887,30.00,361.863953,4589.24,0.000084,10885.00
126.900,5257.82,-58.38,0.189925,30.00,465.823273,4340.66,0.000261,10925.00
126.950,5138.61,-60.21,0.184365,30.00,261.981689,4504.42,0.000153,11025.00
127.000,6349.27,-63.35,0.180389,30.00,377.287262,4843.49,0.000055,12075.00
127.050,6098.07,-61.88,0.178817,30.00,244.211502,4446.50,0.000089,10915.00
127.100,4454.08,-63.78,0.189138,30.00,373.344269,4461.22,0.000048,9900.00
127.150,2937.10,-67.36,0.188309,30.00,285.217407,4188.62,0.000021,8150.00
127.200,2231.01,-70.44,0.175507,30.00,372.816986,3833.55,0.000010,6730.00
127.250,2596.00,-71.30,0.163221,30.00,271.272034,3833.21,0.000007,8060.00
127.300,2601.75,-72.31,0.154003,30.00,229.110214,3744.76,0.000004,8245.00
127.350,1955.86,-75.16,0.103953,30.00,394.971313,3400.95,0.000003,6440.00
127.400,4247.02,-74.28,0.029940,30.00,489.644806,4881.03,0.000096,10850.00
127.450,5628.52,-63.90,0.118280,60.00,640.061035,5231.86,0.000149,12270.00
127.500,4786.18,-61.75,0.243412,40.00,943.391052,5132.35,0.000067,11665.00
127.550,3616.25,-64.41,0.262390,35.00,949.150879,4360.94,0.000024,8840.00
127.600,2945.47,-67.33,0.248695,35.00,544.394043,3725.39,0.000009,7905.00
127.650,1670.57,-69.93,0.189577,30.00,787.022644,2685.26,0.000007,3380.00
127.700,2002.28,-68.18,0.133606,425.00,855.963867,2818.41,0.000030,3820.00
127.750,1701.71,-69.16,0.151867,75.00,852.709900,2838.77,0.000020,3170.00
127.800,1528.74,-69.28,0.249031,40.00,922.706055,2941.15,0.000007,3460.00
127.850,3147.69,-65.54,0.254335,35.00,1004.793945,3899.52,0.000014,8410.00
127.900,3893.81,-65.46,0.243052,35.00,519.826782,4029.21,0.000014,8850.00
127.950,2459.54,-66.63,0.177847,30.00,738.997375,3206.17,0.000025,6270.00
128.000,2454.81,-67.70,0.099272,745.00,779.966125,3062.98,0.000076,4795.00
128.050,2863.77,-64.04,0.146342,80.00,761.250122,3317.27,0.000107,6235.00
128.100,2912.45,-62.05,0.232158,40.00,797.563538,3269.01,0.000078,6260.00
128.150,2535.03,-65.39,0.231848,35.00,932.580566,3061.05,0.000027,5590.00
128.200,1685.37,-69.87,0.224230,35.00,458.680023,2330.60,0.000007,2865.00
128.250,1523.23,-71.42,0.151201,30.00,660.356445,2202.30,0.000008,2735.00
128.300,2874.60,-68.90,0.077538,120.00,708.229614,3904.39,0.000083,7415.00
128.350,4898.35,-62.44,0.148342,50.00,735.398804,5086.39,0.000138,11685.00
128.400,3875.27,-61.72,0.243838,40.00,856.039734,4823.70,0.000072,10695.00
128.450,2036.48,-67.11,0.248203,35.00,948.305054,3377.97,0.000017,4605.00
128.500,1641.46,-70.91,0.246781,30.00,703.057312,2714.47,0.000003,3560.00
128.550,1680.18,-71.86,0.244603,30.00,297.772095,2741.63,0.000001,4050.00
128.600,2387.76,-69.63,0.249305,30.00,353.165466,3729.02,0.000006,6250.00
128.650,4055.05,-63.72,0.246593,30.00,731.516785,4947.48,0.000035,11015.00
128.700,3834.86,-63.91,0.250975,55.00,1110.714722,4902.75,0.000032,10805.00
128.750,2699.80,-68.59,0.270164,50.00,1025.472290,4198.60,0.000007,8020.00
128.800,5015.82,-63.38,0.262587,50.00,415.620605,5084.65,0.000030,11680.00
128.850,4950.40,-62.55,0.247700,50.00,309.672699,4872.28,0.000043,11165.00
128.900,4824.29,-64.67,0.259396,50.00,319.192230,4162.50,0.000020,9285.00
128.950,3632.97,-65.71,0.262468,55.00,956.078979,4040.09,0.000014,8815.00
129.000,1928.93,-69.27,0.261175,35.00,981.297058,3215.79,0.000005,6430.00
129.050,661.42,-76.18,0.267510,35.00,1020.516418,1799.32,0.000000,665.00
129.100,1145.96,-73.33,0.271957,30.00,552.672791,2385.28,0.000001,1525.00
129.150,1386.67,-71.24,0.254204,30.00,396.744202,2506.78,0.000004,1860.00
129.200,2247.50,-67.96,0.243361,30.00,340.828491,3593.88,0.000011,5855.00
129.250,3930.48,-60.25,0.241395,30.00,793.278809,4313.83,0.000095,9325.00
129.300,4012.40,-60.37,0.253673,55.00,1173.871338,4158.46,0.000081,8885.00
129.350,2549.71,-68.40,0.279077,50.00,964.237854,3554.74,0.000006,6240.00
129.400,981.40,-73.06,0.276576,50.00,773.775330,2219.51,0.000002,1805.00
129.450,1398.43,-70.09,0.246447,45.00,863.806519,2605.09,0.000005,2805.00
129.500,3236.20,-66.04,0.156415,70.00,868.954407,4369.65,0.000047,8780.00
129.550,5073.00,-61.17,0.183521,40.00,545.611755,4927.37,0.000126,11550.00
129.600,4334.42,-62.09,0.267007,35.00,904.930603,4727.08,0.000044,10705.00
129.650,4140.69,-64.84,0.271794,35.00,999.192871,4545.54,0.000017,9765.00
129.700,6343.07,-62.32,0.255917,30.00,473.666992,4902.13,0.000039,12215.00
129.750,6138.84,-65.22,0.242123,30.00,234.444504,5070.96,0.000018,12270.00
129.800,4340.06,-68.85,0.250419,30.00,228.101654,5046.56,0.000008,11040.00
129.850,5405.82,-61.49,0.241171,35.00,808.629578,5015.86,0.000082,11690.00
129.900,4863.28,-60.58,0.227787,40.00,652.665710,4755.58,0.000118,10865.00
129.950,4313.47,-61.72,0.221745,35.00,879.785706,4444.77,0.000075,9860.00
130.000,5198.21,-60.57,0.223217,30.00,455.021301,4837.81,0.000100,11405.00
130.050,4747.65,-62.71,0.230559,30.00,292.580872,4815.51,0.000051,10910.00
130.100,3784.99,-66.28,0.238386,30.00,323.647705,4484.62,0.000017,9405.00
130.150,3540.77,-66.98,0.208253,30.00,463.244843,4427.89,0.000018,9140.00
130.200,3799.78,-65.46,0.106300,30.00,776.450256,4221.11,0.000096,9100.00
130.250,3600.22,-64.53,0.090531,90.00,564.735718,3996.39,0.000173,8715.00
130.300,2342.65,-66.01,0.212980,45.00,980.397156,3557.55,0.000022,6700.00
130.350,1880.48,-69.10,0.267207,35.00,913.584778,3257.69,0.000006,4945.00
130.400,2424.65,-68.77,0.265406,35.00,1013.420532,3242.74,0.000010,5905.00
130.450,3410.64,-64.12,0.246706,30.00,451.827698,3217.64,0.000048,6530.00
130.500,3448.13,-64.61,0.227751,30.00,266.273865,3244.17,0.000042,6730.00
130.550,2454.44,-68.91,0.197172,30.00,495.746124,3138.89,0.000006,6095.00
130.600,2447.25,-67.72,0.118561,30.00,836.632812,2934.31,0.000031,5660.00
130.650,2686.16,-67.45,0.109361,825.00,541.219727,2941.29,0.000053,5905.00
130.700,4067.43,-63.17,0.112286,825.00,496.935242,4432.99,0.000218,10030.00
130.750,4418.48,-60.62,0.198561,40.00,895.077148,4898.47,0.000155,11135.00
130.800,3075.40,-63.49,0.237464,35.00,822.366699,4301.60,0.000052,8530.00
130.850,1631.24,-70.25,0.239684,35.00,894.425171,2606.89,0.000007,2785.00
130.900,1727.82,-70.78,0.246766,30.00,422.233063,2729.42,0.000003,3630.00
130.950,1842.84,-71.02,0.252491,30.00,291.908020,2910.01,0.000003,4525.00
131.000,1639.03,-72.75,0.255864,30.00,300.633179,2800.49,0.000002,4165.00
131.050,1716.64,-73.28,0.256773,30.00,252.072510,2898.34,0.000001,4035.00
131.100,2134.14,-71.27,0.250544,30.00,167.742874,3096.68,0.000003,5070.00
131.150,3006.15,-67.83,0.246807,30.00,225.815002,3522.82,0.000009,7615.00
131.200,4533.76,-65.92,0.245574,30.00,255.772415,3952.68,0.000016,8865.00
131.250,4949.34,-67.60,0.243148,30.00,166.612717,4023.34,0.000010,9105.00
131.300,3882.55,-68.19,0.245194,30.00,274.513763,4453.21,0.000009,9120.00
131.350,3412.61,-67.33,0.238375,30.00,259.983978,4534.70,0.000013,9610.00
131.400,2467.80,-67.82,0.224092,30.00,376.692902,3377.72,0.000016,5970.00
131.450,4200.41,-63.38,0.208448,30.00,344.555817,4576.62,0.000054,10615.00
131.500,5847.14,-62.08,0.197210,30.00,301.453033,5079.40,0.000079,12265.00
131.550,5072.18,-67.84,0.199455,30.00,306.045898,5295.76,0.000013,12020.00
131.600,4988.77,-62.39,0.200515,30.00,251.090027,4657.64,0.000066,11230.00
131.650,5166.63,-58.29,0.194381,30.00,468.175873,4381.83,0.000255,10865.00
131.700,4531.74,-59.77,0.191783,30.00,363.642456,4370.16,0.000184,10210.00
131.750,4049.91,-63.63,0.184218,30.00,426.592499,4711.70,0.000073,10715.00
131.800,4087.36,-64.91,0.178395,30.00,324.791901,4798.32,0.000048,10855.00
131.850,5049.18,-63.83,0.174784,30.00,271.431793,4635.07,0.000052,10800.00
131.900,5101.58,-61.83,0.174233,30.00,265.507812,4175.70,0.000095,10145.00
131.950,3674.57,-63.23,0.176264,30.00,401.715759,3789.73,0.000071,8330.00
132.000,2317.97,-69.51,0.164329,30.00,232.101868,3274.41,0.000014,5425.00
132.050,3018.45,-69.99,0.149579,30.00,386.585541,3870.05,0.000011,8425.00
132.100,4437.93,-64.71,0.119107,30.00,406.064117,4268.56,0.000084,9445.00
132.150,6444.22,-62.54,0.065030,30.00,507.520050,4243.99,0.000606,11165.00
132.200,6140.28,-62.03,0.114350,70.00,624.715149,4946.54,0.000278,11945.00
132.250,4467.81,-61.29,0.233147,40.00,910.106995,5028.25,0.000095,11300.00
132.300,2767.87,-65.49,0.249386,35.00,934.837830,4081.76,0.000025,7865.00
132.350,1550.75,-71.44,0.233823,35.00,680.465210,2600.63,0.000004,2955.00
132.400,1938.03,-70.51,0.165510,30.00,639.742188,2794.02,0.000006,3840.00
132.450,4577.29,-65.99,0.072069,30.00,747.125977,3823.40,0.000094,9170.00
132.500,6021.98,-64.30,0.054140,275.00,352.790588,3802.62,0.000394,9865.00
132.550,4148.41,-64.00,0.094907,185.00,418.898224,3881.58,0.000192,9065.00
132.600,2862.99,-66.58,0.113206,485.00,312.486633,3334.07,0.000074,6600.00
132.650,2039.62,-67.75,0.153854,65.00,793.418701,3054.34,0.000030,4800.00
132.700,1498.34,-69.46,0.246984,40.00,902.335938,2700.17,0.000005,3540.00
132.750,1473.46,-71.18,0.253096,35.00,971.477722,2650.33,0.000004,3025.00
132.800,2952.60,-65.35,0.245255,35.00,612.246826,3156.29,0.000025,6220.00
132.850,3508.40,-62.16,0.180924,30.00,756.502625,3193.56,0.000114,6545.00
132.900,2887.98,-64.89,0.137304,790.00,920.912903,3023.17,0.000074,6170.00
132.950,2224.94,-67.66,0.132498,785.00,458.362549,2669.01,0.000028,4715.00
133.000,2609.19,-67.89,0.085468,180.00,455.779602,2922.15,0.000061,5945.00
133.050,3826.97,-67.65,0.055985,120.00,370.092316,4007.92,0.000199,8900.00
133.100,4950.36,-61.16,0.142371,65.00,739.022461,4880.83,0.000213,11465.00
133.150,4318.38,-60.86,0.238109,40.00,847.806885,4838.15,0.000090,10890.00
133.200,2828.73,-66.30,0.242227,35.00,920.914673,3968.30,0.000018,7680.00
133.250,2328.59,-69.75,0.246409,30.00,658.937378,3247.18,0.000005,5875.00
133.300,3513.33,-65.44,0.250064,30.00,271.723816,3597.23,0.000012,7245.00
133.350,3658.98,-63.60,0.240886,30.00,294.379883,3826.00,0.000037,8260.00
133.400,4393.35,-61.66,0.228938,30.00,337.017334,4729.48,0.000078,10820.00
133.450,4513.46,-62.18,0.224644,30.00,297.115356,4850.42,0.000071,11185.00
133.500,3311.26,-66.95,0.239294,30.00,331.000885,4409.20,0.000017,9075.00
133.550,5944.65,-62.72,0.244174,30.00,220.758209,5230.04,0.000052,12560.00
133.600,4968.25,-61.48,0.236175,30.00,328.180511,4983.95,0.000087,11745.00
133.650,2598.32,-67.00,0.231466,30.00,267.551208,3632.42,0.000019,6555.00
133.700,1556.09,-72.85,0.232147,30.00,323.763153,2636.35,0.000002,2770.00
133.750,1558.33,-72.04,0.232486,30.00,262.865875,2475.03,0.000003,2870.00
133.800,2039.11,-68.90,0.220833,30.00,396.105286,2540.17,0.000009,3480.00
133.850,2320.68,-69.00,0.210987,30.00,317.987396,2813.10,0.000009,4075.00
133.900,3565.89,-66.62,0.207541,30.00,291.391449,3732.43,0.000012,8510.00
133.950,5210.02,-63.54,0.208295,30.00,298.325256,4183.91,0.000040,9640.00
134.000,4616.33,-59.33,0.222723,30.00,804.724304,4395.56,0.000139,9865.00
134.050,4109.61,-59.76,0.256208,55.00,1132.353271,4172.58,0.000098,9110.00
134.100,2601.42,-66.34,0.276758,50.00,921.995483,3455.22,0.000012,6425.00
134.150,1196.47,-72.92,0.274846,50.00,461.054504,2170.38,0.000002,2085.00
134.200,1294.95,-72.90,0.270133,50.00,296.537689,2393.96,0.000002,2065.00
134.250,2693.20,-68.14,0.272140,50.00,254.457352,4204.32,0.000012,8065.00
134.300,4388.02,-61.82,0.256143,50.00,388.691620,4916.53,0.000078,11180.00
134.350,3885.70,-62.14,0.230005,50.00,365.888977,4546.75,0.000091,10075.00
134.400,2432.21,-67.72,0.232989,50.00,362.409668,3432.10,0.000014,5845.00
134.450,1910.58,-70.04,0.242475,50.00,411.940735,2984.77,0.000005,3445.00
134.500,1860.23,-71.35,0.240890,50.00,183.674652,3072.40,0.000003,3090.00
134.550,3138.45,-66.37,0.231383,50.00,422.518677,4390.66,0.000021,9430.00
134.600,4378.12,-62.11,0.228685,45.00,861.631836,5028.29,0.000073,11335.00
134.650,3630.30,-63.63,0.243807,40.00,981.954651,4763.94,0.000044,10460.00
134.700,2967.18,-66.06,0.249080,35.00,955.886536,4214.86,0.000022,8170.00
134.750,5034.24,-61.76,0.242252,30.00,529.469421,4992.43,0.000069,11740.00
134.800,4905.18,-61.97,0.237272,30.00,298.330048,4771.83,0.000063,11080.00
134.850,4454.56,-65.16,0.244956,30.00,323.203766,4374.74,0.000017,9660.00
134.900,2586.12,-69.18,0.219309,30.00,469.561340,3725.77,0.000006,7750.00
134.950,2263.60,-68.84,0.145440,30.00,899.900879,3043.18,0.000018,5195.00
135.000,1932.82,-69.64,0.146659,465.00,732.039001,2698.09,0.000014,3970.00
135.050,1244.90,-70.97,0.213983,45.00,1020.681946,2295.55,0.000005,2385.00
135.100,1117.22,-72.48,0.255719,35.00,962.290649,2257.89,0.000002,2285.00
135.150,2036.84,-70.09,0.259561,35.00,996.435791,2947.55,0.000007,4660.00
135.200,3341.36,-63.98,0.246407,30.00,467.539429,3271.03,0.000048,6490.00
135.250,3336.69,-63.72,0.226866,30.00,392.955322,3261.43,0.000057,6565.00
135.300,2396.94,-68.43,0.236124,30.00,409.168640,3024.59,0.000008,5315.00
135.350,2013.27,-70.61,0.205045,30.00,450.380280,2860.87,0.000005,4790.00
135.400,2650.04,-70.98,0.097695,30.00,772.800842,3123.46,0.000018,6245.00
135.450,4793.08,-63.64,0.073562,180.00,540.561951,4623.36,0.000371,10875.00
135.500,4372.37,-60.23,0.187724,40.00,851.755798,4854.31,0.000187,11035.00
135.550,3213.53,-63.38,0.237594,35.00,814.500854,4417.45,0.000051,9200.00
135.600,1930.95,-69.72,0.246881,35.00,897.103271,3119.96,0.000006,4245.00
135.650,2368.18,-68.64,0.255645,30.00,373.281555,3494.87,0.000006,5910.00
135.700,1886.38,-70.58,0.254322,30.00,209.503769,3103.41,0.000003,4325.00
135.750,1418.48,-72.66,0.257393,30.00,237.836197,2745.70,0.000002,2375.00
135.800,1534.64,-71.62,0.248213,30.00,313.215332,2862.26,0.000004,2390.00
135.850,2546.26,-69.09,0.244743,30.00,280.629913,4034.59,0.000007,8325.00
135.900,4187.03,-66.68,0.250171,30.00,296.008972,4800.62,0.000011,10335.00
135.950,2999.53,-66.65,0.254100,30.00,360.389740,4200.14,0.000014,8970.00
136.000,1556.91,-71.32,0.241961,30.00,460.614929,2806.97,0.000005,1695.00
136.050,2200.88,-70.38,0.233953,30.00,336.324615,3709.46,0.000006,6295.00
136.100,3221.39,-67.99,0.229871,30.00,389.795593,4556.78,0.000011,9520.00
136.150,2185.45,-69.72,0.227608,30.00,412.995056,3679.12,0.000008,5845.00
136.200,3749.62,-64.02,0.218157,30.00,362.686310,4640.59,0.000046,10440.00
136.250,5484.05,-62.11,0.198347,30.00,366.377533,5147.56,0.000085,12240.00
136.300,4799.12,-65.35,0.199288,30.00,356.643555,5088.79,0.000028,11730.00
136.350,4659.01,-61.47,0.200994,30.00,290.490143,4576.48,0.000090,10615.00
136.400,4750.14,-57.94,0.195754,30.00,497.212067,4343.22,0.000285,10425.00
136.450,4356.84,-59.94,0.191043,30.00,374.548859,4304.44,0.000174,10015.00
136.500,4170.33,-63.86,0.182553,30.00,404.686035,4778.44,0.000063,10930.00
136.550,4149.86,-64.44,0.181662,30.00,357.064575,4836.72,0.000050,10855.00
136.600,4810.34,-64.02,0.172348,30.00,246.986801,4650.00,0.000056,10315.00
136.650,5727.24,-64.33,0.170213,30.00,235.599670,4513.69,0.000047,10365.00
136.700,3948.69,-66.07,0.171695,30.00,237.093506,4264.97,0.000031,9340.00
136.750,2162.66,-72.02,0.164932,30.00,175.437256,3410.34,0.000006,6090.00
136.800,1519.77,-73.48,0.160388,30.00,332.110779,2740.01,0.000004,2740.00
136.850,2426.33,-69.14,0.146162,30.00,488.598969,3487.51,0.000016,7290.00
136.900,5532.04,-65.23,0.079117,485.00,578.791443,4393.15,0.000178,10215.00
136.950,6665.75,-61.61,0.109417,65.00,645.374756,4552.75,0.000325,11265.00
137.000,5450.75,-59.71,0.217764,40.00,857.204529,4845.20,0.000156,10965.00
137.050,4325.89,-62.03,0.231404,35.00,840.842407,4542.39,0.000070,9860.00
137.100,4293.85,-64.13,0.219036,35.00,632.261475,4434.93,0.000038,9675.00
137.150,4681.36,-65.08,0.162079,30.00,550.047974,4520.35,0.000048,10015.00
137.200,5463.79,-65.64,0.080527,250.00,699.074097,4525.28,0.000209,10640.00
137.250,5640.45,-63.92,0.057522,245.00,360.042633,4674.03,0.000743,11185.00
137.300,4742.15,-62.95,0.080643,295.00,325.426514,4664.48,0.000524,10770.00
137.350,3710.05,-66.95,0.083534,260.00,256.512085,3766.34,0.000169,8075.00
137.400,3191.01,-71.00,0.070125,255.00,324.042877,3038.70,0.000037,6685.00
137.450,2587.08,-73.17,0.056525,250.00,277.331390,3295.87,0.000024,7375.00
137.500,3654.23,-71.38,0.037227,180.00,232.039520,4406.35,0.000136,9475.00
137.550,4431.83,-61.79,0.136541,60.00,718.858765,4729.52,0.000199,10705.00
137.600,4389.17,-59.90,0.226115,40.00,809.513550,4686.54,0.000130,10430.00
137.650,4814.43,-61.48,0.230148,35.00,920.925293,4495.80,0.000068,10015.00
137.700,5694.33,-62.34,0.215588,35.00,505.961151,4412.12,0.000056,10235.00
137.750,4803.94,-62.22,0.152044,30.00,620.454590,4366.02,0.000126,9795.00
137.800,4332.99,-62.38,0.108326,455.00,729.944580,4178.88,0.000247,9440.00
137.850,5131.49,-62.87,0.082260,450.00,352.678375,4244.17,0.000317,9915.00
137.900,7000.72,-63.78,0.044308,450.00,352.817169,4013.33,0.000773,10740.00
137.950,6932.77,-66.30,0.041251,440.00,169.044312,4371.93,0.000477,10945.00
138.000,3789.49,-69.39,0.076391,435.00,328.713959,4466.18,0.000070,9385.00
138.050,1545.84,-75.47,0.066879,430.00,200.717087,2848.14,0.000014,1810.00
138.100,4689.70,-71.81,0.034468,110.00,326.262299,4888.65,0.000126,10980.00
138.150,5584.89,-61.66,0.133343,70.00,712.627686,4912.35,0.000192,11710.00
138.200,4840.62,-59.72,0.227084,40.00,797.930359,4740.71,0.000130,10820.00
138.250,4559.32,-62.17,0.231481,35.00,916.099243,4486.42,0.000058,10005.00
138.300,4895.67,-63.02,0.218216,35.00,408.462921,4390.98,0.000046,10020.00
138.350,5318.75,-62.18,0.140116,30.00,642.412598,4005.36,0.000138,9720.00
138.400,5548.94,-62.83,0.078544,340.00,700.862061,4042.12,0.000358,10025.00
138.450,5557.85,-66.44,0.075105,340.00,283.382690,4379.67,0.000129,10415.00
138.500,3751.18,-70.22,0.061346,350.00,302.221710,4032.65,0.000066,8530.00
138.550,2491.97,-71.45,0.103339,425.00,458.930328,3209.68,0.000014,6615.00
138.600,2081.49,-73.91,0.099649,430.00,284.024963,3048.72,0.000006,5620.00
138.650,1364.56,-77.08,0.053645,425.00,398.824677,2602.52,0.000006,1275.00
138.700,1264.74,-76.54,0.058812,290.00,255.363159,2436.55,0.000007,1565.00
138.750,1729.65,-71.15,0.106682,825.00,499.891266,2656.70,0.000019,2585.00
138.800,2153.40,-69.43,0.139031,825.00,470.708496,2896.17,0.000019,4225.00
138.850,1940.65,-70.63,0.123874,405.00,457.734680,2733.00,0.000022,3045.00
138.900,1691.39,-72.63,0.085278,405.00,449.695007,2593.12,0.000028,2385.00
138.950,4203.29,-69.02,0.046249,120.00,384.734436,4456.66,0.000251,10200.00
139.000,3561.86,-67.21,0.093749,420.00,393.334747,4323.90,0.000127,9915.00
139.050,2062.24,-72.41,0.114190,420.00,296.457794,3495.26,0.000018,5850.00
139.100,1342.06,-75.68,0.093400,380.00,387.851776,2631.54,0.000006,1085.00
139.150,1496.93,-73.67,0.100268,400.00,389.996826,2736.92,0.000012,1440.00
139.200,2441.15,-69.37,0.125464,405.00,364.346649,3604.98,0.000027,6910.00
139.250,5346.86,-63.10,0.092933,400.00,441.359192,4334.80,0.000247,10185.00
139.300,6832.46,-61.56,0.062409,90.00,451.069824,4066.88,0.000777,10915.00
139.350,5837.43,-60.24,0.160402,50.00,803.898376,4898.15,0.000207,11725.00
139.400,4756.29,-60.63,0.231408,35.00,769.237671,4823.64,0.000103,10875.00
139.450,4066.76,-61.96,0.227251,35.00,879.287170,4423.83,0.000077,9600.00
139.500,5316.65,-60.56,0.223724,30.00,508.090149,4822.02,0.000104,11420.00
139.550,5262.94,-62.00,0.223564,30.00,267.400055,4798.94,0.000065,11305.00
139.600,4116.65,-63.94,0.239470,30.00,290.556641,4362.32,0.000030,9705.00
139.650,3683.99,-64.56,0.222280,30.00,462.538208,4259.22,0.000032,9185.00
139.700,3701.60,-65.55,0.135584,30.00,782.729797,4229.64,0.000063,8955.00
139.750,3216.98,-65.23,0.109834,355.00,688.342957,3912.10,0.000118,8255.00
139.800,2117.78,-66.20,0.203785,45.00,909.844299,3370.38,0.000033,5985.00
139.850,1668.67,-68.90,0.253941,35.00,897.055176,3041.13,0.000008,3845.00
139.900,2025.76,-68.92,0.259442,35.00,1001.563538,3048.57,0.000007,4745.00
139.950,2819.14,-64.20,0.247863,30.00,545.805115,3059.83,0.000030,5975.00
140.000,2782.43,-64.09,0.223827,30.00,453.598969,3003.55,0.000038,5925.00
140.050,1837.84,-68.69,0.199603,30.00,590.125122,2539.69,0.000008,4025.00
140.100,2577.29,-68.84,0.106256,30.00,714.667419,3268.08,0.000033,6250.00
140.150,3881.69,-66.18,0.066325,1590.00,546.779663,3923.02,0.000176,8850.00
140.200,3746.44,-63.76,0.117360,495.00,452.737549,4364.44,0.000243,9310.00
140.250,4118.03,-60.65,0.205659,45.00,892.894958,4862.11,0.000199,10935.00
140.300,3620.61,-63.25,0.252904,35.00,931.981567,4737.82,0.000056,10300.00
140.350,2164.71,-69.77,0.259499,35.00,947.957153,3491.52,0.000005,5930.00
140.400,1763.78,-71.54,0.263233,30.00,391.482147,3020.46,0.000002,4290.00
140.450,1219.60,-74.22,0.263158,30.00,262.366974,2550.82,0.000001,2435.00
140.500,2375.82,-70.22,0.264372,30.00,211.574966,3856.52,0.000003,7650.00
140.550,2192.27,-69.40,0.255485,30.00,328.113892,3575.15,0.000006,6075.00
140.600,1296.62,-73.67,0.246097,30.00,378.503601,2454.37,0.000002,1400.00
140.650,1018.95,-75.54,0.244062,30.00,218.647522,2102.29,0.000001,1130.00
140.700,877.54,-76.38,0.242228,30.00,362.844635,2072.01,0.000001,975.00
140.750,1031.18,-74.90,0.246685,30.00,328.154877,2416.01,0.000001,1000.00
140.800,1949.70,-69.93,0.238791,30.00,362.284210,3480.21,0.000008,3375.00
140.850,3741.64,-65.68,0.228786,30.00,257.794098,4764.99,0.000021,10580.00
140.900,5618.91,-63.70,0.227302,30.00,339.972839,5398.47,0.000032,12760.00
140.950,5062.07,-61.89,0.228841,30.00,330.216827,5092.08,0.000061,11855.00
141.000,5478.52,-60.04,0.208750,30.00,303.126099,4830.83,0.000129,11695.00
141.050,5669.39,-61.81,0.202467,30.00,363.558105,4363.90,0.000073,10935.00
141.100,5240.43,-62.05,0.203854,30.00,247.696396,4427.75,0.000068,10885.00
141.150,5409.71,-58.33,0.195092,30.00,446.128052,4346.29,0.000243,11095.00
141.200,5131.55,-59.77,0.189634,30.00,309.115082,4406.70,0.000179,10880.00
141.250,4898.37,-63.20,0.184729,30.00,384.899628,4992.25,0.000072,11630.00
141.300,4595.76,-65.24,0.180994,30.00,324.691254,5091.62,0.000040,11575.00
141.350,3528.39,-67.77,0.181278,30.00,259.950439,4745.64,0.000021,10430.00
141.400,2876.36,-67.27,0.181162,30.00,258.645020,4076.79,0.000025,8170.00
141.450,2404.64,-69.10,0.169421,30.00,331.332397,3530.19,0.000017,5570.00
141.500,2127.39,-72.41,0.163650,30.00,309.272797,3444.75,0.000006,5095.00
141.550,1930.26,-71.93,0.164312,30.00,342.223328,3208.41,0.000007,4795.00
141.600,3790.13,-66.13,0.134043,30.00,401.916443,4125.34,0.000057,8825.00
141.650,6179.12,-63.37,0.064350,30.00,583.938721,3983.68,0.000475,10125.00
141.700,6125.96,-61.22,0.105926,80.00,534.827454,4512.31,0.000338,11150.00
141.750,4765.29,-60.10,0.231647,40.00,954.941589,4916.32,0.000113,11105.00
141.800,2923.50,-64.25,0.258234,35.00,905.632568,4192.38,0.000032,8190.00
141.850,1570.99,-71.40,0.244037,35.00,725.629333,2706.37,0.000004,3005.00
141.900,1714.59,-72.63,0.175963,35.00,584.621765,2763.44,0.000004,4180.00
141.950,2164.26,-72.76,0.073197,30.00,790.944519,2951.13,0.000015,5270.00
142.000,2260.88,-73.89,0.043008,115.00,341.456726,3054.65,0.000031,5425.00
142.050,2575.31,-73.70,0.044519,185.00,197.978683,3181.82,0.000028,6155.00
142.100,3067.65,-72.22,0.050467,180.00,143.090073,3219.77,0.000033,7120.00
142.150,2014.64,-70.17,0.122156,120.00,630.503967,2945.51,0.000020,4995.00
142.200,2068.64,-67.53,0.237113,40.00,910.369141,3162.77,0.000014,6000.00
142.250,2840.57,-66.76,0.254867,35.00,963.994751,3685.70,0.000013,7920.00
142.300,4636.31,-62.37,0.249088,35.00,656.001160,3964.11,0.000038,9480.00
142.350,4772.94,-59.83,0.185279,30.00,710.320068,3753.11,0.000154,9365.00
142.400,3927.72,-62.32,0.116944,30.00,871.198181,3712.66,0.000198,8740.00
142.450,4063.85,-64.12,0.093242,120.00,379.207031,3916.07,0.000160,8945.00
142.500,5654.89,-63.68,0.066974,120.00,347.548309,3955.58,0.000300,10100.00
142.550,6101.40,-62.01,0.069546,1570.00,244.675949,4063.03,0.000734,10305.00
142.600,5187.85,-59.85,0.142081,65.00,701.832092,4728.73,0.000416,10845.00
142.650,4295.56,-61.70,0.239205,40.00,923.158752,5010.11,0.000096,11185.00
142.700,2751.76,-67.35,0.258097,35.00,973.388062,4209.01,0.000015,7820.00
142.750,2349.27,-67.92,0.258294,30.00,703.086365,3542.43,0.000015,5910.00
142.800,2037.59,-67.65,0.243696,30.00,422.159393,3122.76,0.000021,4290.00
142.850,1792.62,-68.96,0.231531,30.00,378.999817,2846.56,0.000014,3010.00
142.900,4652.35,-62.68,0.228538,30.00,392.979523,4934.46,0.000051,11350.00
142.950,6098.17,-61.06,0.228118,30.00,327.729309,4977.58,0.000073,12070.00
143.000,4985.39,-62.19,0.236324,30.00,329.942993,4735.05,0.000067,10685.00
143.050,4836.50,-61.89,0.231258,30.00,307.709747,4985.90,0.000091,11470.00
143.100,5304.25,-62.85,0.226159,30.00,346.109100,5220.41,0.000070,12180.00
143.150,2689.76,-69.34,0.235154,30.00,327.361969,4259.20,0.000010,8185.00
143.200,1376.53,-72.56,0.230892,30.00,361.665070,2251.47,0.000003,2295.00
143.250,1386.08,-72.92,0.218560,30.00,395.485779,2052.67,0.000003,2285.00
143.300,1213.73,-74.06,0.217677,30.00,316.084686,2009.55,0.000002,1825.00
143.350,1219.61,-72.76,0.221881,30.00,395.532928,2073.63,0.000002,1770.00
143.400,1742.77,-69.54,0.215006,30.00,338.995575,2540.10,0.000008,2880.00
143.450,2782.37,-65.57,0.206126,30.00,328.093903,3539.87,0.000032,6695.00
143.500,3933.08,-60.01,0.219743,30.00,771.312256,4319.76,0.000137,9530.00
143.550,3825.61,-59.51,0.252962,55.00,1103.859863,4193.43,0.000123,8995.00
143.600,2547.60,-65.16,0.274519,50.00,983.926758,3433.55,0.000019,6075.00
143.650,1372.55,-72.66,0.280478,50.00,493.963531,2513.01,0.000002,2210.00
143.700,2122.64,-72.23,0.286411,50.00,303.076599,3812.92,0.000003,6690.00
143.750,3610.78,-67.18,0.288754,50.00,194.434601,4599.17,0.000011,9675.00
143.800,6251.36,-62.11,0.275538,50.00,244.743713,5018.64,0.000045,12070.00
143.850,6896.55,-63.83,0.253854,50.00,242.531845,5004.11,0.000028,12425.00
143.900,3410.27,-69.47,0.253532,50.00,246.227554,4670.35,0.000005,10110.00
143.950,2409.72,-69.61,0.253541,50.00,242.212097,3674.64,0.000005,6010.00
144.000,3666.84,-65.53,0.247483,50.00,187.623260,4026.57,0.000017,8795.00
144.050,4592.17,-64.70,0.239883,50.00,280.426147,4433.38,0.000021,10115.00
144.100,5104.93,-61.29,0.235462,45.00,856.706970,4994.05,0.000065,11650.00
144.150,4152.25,-60.78,0.249927,40.00,972.035217,4715.62,0.000076,10670.00
144.200,2655.93,-65.14,0.248330,35.00,1004.100159,3879.59,0.000025,7100.00
144.250,5218.95,-62.27,0.237665,30.00,547.619507,5084.28,0.000049,11985.00
144.300,5180.60,-63.57,0.235819,30.00,280.708099,5116.62,0.000032,12015.00
144.350,2234.46,-69.06,0.247701,30.00,276.035431,3504.96,0.000007,5045.00
144.400,1682.35,-71.48,0.214778,30.00,392.136322,2822.05,0.000004,3335.00
144.450,2865.12,-69.10,0.112084,30.00,752.138916,3455.18,0.000027,7360.00
144.500,3448.19,-67.40,0.066497,185.00,608.712158,3462.21,0.000112,7800.00
144.550,1873.77,-68.58,0.192937,45.00,936.076477,2893.55,0.000010,4850.00
144.600,1283.89,-70.56,0.262896,35.00,870.496582,2395.75,0.000003,2945.00
144.650,1659.33,-69.99,0.257976,35.00,1013.428223,2706.99,0.000009,3560.00
144.700,2846.94,-64.43,0.245159,30.00,547.086792,3137.06,0.000047,6115.00
144.750,3086.90,-64.14,0.230914,30.00,343.831512,3162.26,0.000052,6325.00
144.800,2406.68,-67.32,0.239675,30.00,427.046478,3128.14,0.000011,5865.00
144.850,3298.50,-65.87,0.205767,30.00,419.834351,3815.55,0.000021,8345.00
144.900,3924.26,-66.28,0.111427,30.00,734.759399,3883.72,0.000052,8750.00
144.950,4586.05,-64.41,0.081107,140.00,544.922668,4584.62,0.000303,10580.00
145.000,5103.96,-61.02,0.188631,45.00,891.967163,5113.35,0.000152,11880.00
145.050,3968.52,-62.23,0.245983,35.00,780.660767,4734.93,0.000065,10535.00
145.100,2148.61,-68.15,0.236080,35.00,938.157898,3085.82,0.000011,4735.00
145.150,1608.51,-71.12,0.248499,30.00,460.654572,2607.81,0.000002,3470.00
145.200,1580.69,-71.73,0.253801,30.00,283.443542,2733.23,0.000002,3430.00
145.250,1090.36,-74.67,0.256647,30.00,176.363052,2393.01,0.000001,1395.00
145.300,909.40,-74.77,0.260660,30.00,268.293365,2123.71,0.000001,1000.00
145.350,1357.10,-71.40,0.249257,30.00,417.948578,2399.35,0.000004,2340.00
145.400,1547.40,-70.63,0.241817,30.00,297.897675,2503.67,0.000005,2710.00
145.450,2792.74,-67.66,0.242450,30.00,380.765686,3359.77,0.000009,6740.00
145.500,3925.31,-66.34,0.240539,30.00,263.609772,3553.17,0.000012,7930.00
145.550,3616.68,-67.27,0.241204,30.00,173.554031,3934.70,0.000010,8170.00
145.600,4124.57,-67.69,0.244088,30.00,124.041649,4861.23,0.000009,10760.00
145.650,3483.91,-69.01,0.240182,30.00,160.351395,4496.98,0.000006,9290.00
145.700,4765.08,-65.02,0.232061,30.00,177.262512,4970.07,0.000020,11330.00
145.750,6053.18,-61.93,0.208441,30.00,313.139282,5144.56,0.000068,12485.00
145.800,6172.08,-62.75,0.204874,30.00,234.225006,5209.91,0.000055,12340.00
145.850,6687.96,-60.37,0.207487,30.00,277.379913,4942.64,0.000105,12385.00
145.900,5661.37,-57.69,0.197360,30.00,448.133423,4475.68,0.000271,11485.00
145.950,4683.22,-59.28,0.192581,30.00,409.416656,4361.04,0.000201,10410.00
146.000,4650.87,-63.17,0.182084,30.00,383.402740,4930.01,0.000072,11420.00
146.050,5629.48,-64.99,0.175978,30.00,345.553314,5130.74,0.000045,12160.00
146.100,4556.62,-63.24,0.178467,30.00,315.030182,4564.29,0.000085,10025.00
146.150,3636.75,-64.46,0.179432,30.00,275.492981,4298.96,0.000066,9185.00
146.200,2643.74,-69.89,0.165676,30.00,337.661560,4104.43,0.000013,8180.00
146.250,2543.42,-69.54,0.165770,30.00,283.520111,3705.62,0.000013,7435.00
146.300,1849.53,-70.90,0.172333,30.00,359.994476,2808.16,0.000009,3310.00
146.350,1413.06,-71.82,0.152755,30.00,470.366241,2390.99,0.000010,2480.00
146.400,1458.28,-73.75,0.082511,30.00,570.987000,2723.38,0.000019,1765.00
146.450,5280.37,-64.31,0.091078,90.00,521.612549,5177.51,0.000199,12000.00
146.500,4347.57,-60.76,0.215672,40.00,897.127563,4990.29,0.000117,11280.00
146.550,2734.08,-64.11,0.245651,35.00,860.204346,4020.26,0.000038,7405.00
146.600,2422.82,-66.89,0.238962,35.00,720.720703,3423.10,0.000014,6055.00
146.650,4940.05,-63.12,0.183864,30.00,573.431030,4389.31,0.000052,10275.00
146.700,5906.70,-63.18,0.081339,30.00,802.233154,4223.44,0.000233,10710.00
146.750,3548.17,-66.04,0.117195,130.00,607.650574,4122.63,0.000049,8685.00
146.800,2712.35,-66.15,0.238346,40.00,969.038940,3811.27,0.000013,7865.00
146.850,2439.61,-67.60,0.265387,35.00,941.795715,3546.50,0.000006,7375.00
146.900,2178.83,-69.22,0.254492,35.00,705.088440,3247.60,0.000004,5995.00
146.950,1542.61,-70.91,0.201310,30.00,687.591064,2621.00,0.000005,3380.00
147.000,1684.66,-70.14,0.141706,415.00,936.588562,2549.29,0.000019,2880.00
147.050,2223.70,-65.19,0.160636,80.00,737.500061,2900.37,0.000069,4930.00
147.100,2763.94,-61.99,0.226484,40.00,866.976440,3202.14,0.000080,6240.00
147.150,2521.89,-64.44,0.235309,35.00,917.968506,3139.36,0.000033,6010.00
147.200,2021.43,-68.58,0.232307,35.00,601.462646,3357.06,0.000012,4790.00
147.250,3313.20,-66.57,0.169886,30.00,587.954773,4426.51,0.000032,9585.00
147.300,3453.68,-67.35,0.084110,290.00,782.928650,4178.09,0.000134,8970.00
147.350,4837.60,-62.70,0.132435,285.00,621.366333,5011.87,0.000212,11610.00
147.400,4426.03,-61.26,0.240851,40.00,920.664612,5012.74,0.000102,11275.00
147.450,2693.11,-64.77,0.251122,35.00,940.336853,3899.59,0.000037,7240.00
147.500,1623.99,-70.02,0.235890,35.00,784.731628,2562.09,0.000006,3260.00
147.550,2749.11,-67.22,0.236970,30.00,363.504364,4153.42,0.000014,8360.00
147.600,5260.13,-63.24,0.243300,30.00,321.903137,5093.75,0.000034,11380.00
147.650,5469.01,-61.69,0.237662,30.00,525.924011,5102.53,0.000060,11530.00
147.700,4299.86,-62.33,0.239697,55.00,1042.442139,5012.05,0.000057,10935.00
147.750,2414.26,-67.53,0.253697,50.00,1062.906982,3982.72,0.000013,7125.00
147.800,4262.89,-65.00,0.251054,50.00,516.669556,5048.37,0.000025,11420.00
147.850,5237.86,-64.46,0.249150,50.00,293.574127,5281.84,0.000026,12180.00
147.900,3293.98,-67.87,0.260809,50.00,259.942017,4470.50,0.000008,9090.00
147.950,1557.37,-71.14,0.264169,50.00,794.616760,3003.16,0.000003,3495.00
148.000,2090.68,-68.92,0.261016,40.00,1065.882690,3325.92,0.000006,6820.00
148.050,2532.43,-69.18,0.265293,35.00,1072.846802,3561.08,0.000005,7555.00
148.100,1992.69,-70.30,0.273200,30.00,637.909180,3214.03,0.000003,5575.00
148.150,1772.59,-69.91,0.266559,30.00,327.339386,2891.66,0.000004,3705.00
148.200,1998.05,-69.40,0.259932,30.00,270.402130,3316.72,0.000006,5035.00
148.250,3798.58,-60.87,0.249468,30.00,681.439148,4300.77,0.000074,9245.00
148.300,3819.07,-59.54,0.248688,55.00,1138.476196,4140.02,0.000114,8610.00
148.350,2722.72,-65.37,0.271301,50.00,1101.112549,3582.08,0.000017,6420.00
148.400,1501.93,-70.22,0.272203,50.00,703.897400,3034.91,0.000006,2845.00
148.450,1916.12,-68.13,0.255994,50.00,821.783569,3699.32,0.000011,4185.00
148.500,2320.20,-66.22,0.200372,65.00,964.686279,3671.18,0.000036,5840.00
148.550,4013.87,-61.42,0.186727,80.00,555.445679,4728.49,0.000148,10715.00
148.600,4066.95,-60.89,0.255423,40.00,969.456421,4701.93,0.000086,10420.00
148.650,4367.25,-62.99,0.261653,35.00,1017.758362,4226.05,0.000045,9640.00
148.700,5309.41,-61.59,0.253050,30.00,597.647888,4919.07,0.000073,11535.00
148.750,5043.14,-63.68,0.243327,30.00,303.006531,5146.42,0.000045,11855.00
148.800,2934.73,-69.07,0.250180,30.00,267.887207,4413.06,0.000008,8560.00
148.850,4799.60,-61.86,0.243651,35.00,688.967773,4928.78,0.000066,11170.00
148.900,4813.87,-60.83,0.225098,40.00,831.078125,4791.23,0.000106,10850.00
148.950,4308.88,-62.64,0.222030,35.00,829.060669,4499.35,0.000061,9825.00
149.000,5777.65,-60.38,0.225179,30.00,499.324463,4790.46,0.000097,11545.00
149.050,5994.63,-60.38,0.230026,30.00,304.936676,4503.96,0.000088,11275.00
149.100,4716.92,-62.80,0.237943,30.00,248.009888,4215.43,0.000041,9580.00
149.150,3768.79,-65.79,0.218264,30.00,428.451202,4341.35,0.000021,9175.00
149.200,3892.83,-67.26,0.124720,30.00,712.291992,4400.11,0.000042,9330.00
149.250,4106.78,-67.28,0.065897,170.00,638.008423,4258.25,0.000148,9215.00
149.300,2365.03,-67.71,0.187122,45.00,919.717529,3684.17,0.000020,6835.00
149.350,1837.85,-69.20,0.266268,35.00,893.530518,3299.42,0.000006,4830.00
149.400,2207.62,-69.78,0.265224,35.00,1054.334717,3275.38,0.000008,5500.00
149.450,3289.60,-64.83,0.252693,30.00,519.443237,3218.29,0.000038,6425.00
149.500,3485.24,-64.43,0.227586,30.00,319.373260,3187.91,0.000049,6530.00
149.550,2503.82,-69.08,0.209689,30.00,500.175476,3040.00,0.000006,5945.00
149.600,2623.13,-71.71,0.111870,30.00,702.502197,3053.91,0.000008,6185.00
149.650,3492.81,-71.44,0.049920,1590.00,582.209778,3105.54,0.000038,7140.00
149.700,4811.81,-65.99,0.063242,125.00,273.434753,4526.26,0.000226,10735.00
149.750,4899.61,-61.46,0.185294,45.00,907.491394,5039.28,0.000113,11610.00
149.800,3814.20,-62.68,0.258774,35.00,865.142883,4784.57,0.000044,10520.00
149.850,2847.62,-66.24,0.258329,35.00,976.420288,3851.49,0.000015,7685.00
149.900,4691.15,-64.12,0.254485,30.00,478.006409,4353.07,0.000020,9875.00
149.950,5423.43,-64.12,0.248601,30.00,236.079483,4368.44,0.000022,10245.00
150.000,4313.68,-65.81,0.246235,30.00,238.635132,4313.47,0.000014,9415.00
150.050,2179.85,-71.41,0.251369,30.00,187.526016,3405.25,0.000003,6450.00
150.100,1165.39,-75.80,0.255245,30.00,194.145569,2570.31,0.000001,2880.00
150.150,931.50,-76.98,0.256158,30.00,112.976288,2344.19,0.000000,800.00
150.200,629.87,-77.95,0.256286,30.00,116.515785,1898.95,0.000000,365.00
150.250,377.56,-78.81,0.256314,30.00,63.915581,1468.08,0.000000,325.00
150.300,2803.79,-73.83,0.254994,30.00,43.238766,4636.68,0.000001,9250.00
150.350,4652.49,-70.27,0.252528,30.00,52.442860,5322.59,0.000004,11840.00
150.400,3282.50,-70.83,0.249434,30.00,75.121269,4767.48,0.000003,10100.00
150.450,4218.11,-65.03,0.244963,30.00,244.672867,4869.89,0.000020,10955.00
150.500,6071.66,-61.53,0.214934,30.00,285.001587,5157.64,0.000069,12545.00
150.550,5314.29,-64.56,0.204071,30.00,248.902740,5257.95,0.000032,12275.00
150.600,3922.02,-64.03,0.212738,30.00,251.025040,4579.86,0.000045,10245.00
150.650,4822.93,-58.66,0.203721,30.00,480.581879,4463.57,0.000228,10785.00
150.700,4917.28,-59.45,0.185638,30.00,293.646729,4431.92,0.000204,10730.00
150.750,5880.71,-60.43,0.186349,30.00,405.734406,4528.83,0.000132,11215.00
150.800,5976.25,-61.15,0.189528,30.00,230.041412,4174.51,0.000104,10830.00
150.850,4663.01,-62.70,0.185625,30.00,277.520172,4260.61,0.000070,9890.00
150.900,3270.04,-65.23,0.189253,30.00,345.775421,4135.54,0.000037,8795.00
150.950,2646.89,-69.08,0.180657,30.00,291.577057,3718.56,0.000013,6690.00
151.000,1850.33,-72.82,0.174903,30.00,272.098358,3288.33,0.000004,3400.00
151.050,1683.95,-72.71,0.177201,30.00,381.000153,2795.53,0.000004,2750.00
151.100,1889.34,-72.01,0.144629,30.00,384.077332,2950.62,0.000008,3245.00
151.150,2971.63,-71.98,0.059502,30.00,592.509644,3886.90,0.000052,8390.00
151.200,5441.35,-62.51,0.088204,75.00,519.448914,4958.08,0.000367,11745.00
151.250,4566.73,-60.14,0.211246,40.00,885.673950,4979.06,0.000150,11245.00
151.300,2981.75,-63.80,0.246276,35.00,875.104126,4217.98,0.000039,8270.00
151.350,3231.26,-64.37,0.239128,35.00,767.814392,3887.85,0.000025,8660.00
151.400,4747.75,-63.05,0.184606,35.00,544.696960,4264.71,0.000049,9870.00
151.450,5054.87,-63.66,0.078106,30.00,782.262512,4129.50,0.000248,9980.00
151.500,4810.06,-66.32,0.043650,275.00,383.007324,4168.81,0.000365,10100.00
151.550,3914.87,-68.92,0.045939,185.00,181.181061,4004.02,0.000155,9075.00
151.600,3792.39,-68.80,0.054364,180.00,148.614334,3761.23,0.000093,8515.00
151.650,2183.24,-68.99,0.108818,120.00,550.141602,3141.53,0.000032,5210.00
151.700,1498.26,-68.38,0.227361,40.00,911.829468,2660.21,0.000015,2340.00
151.750,2303.72,-66.95,0.255143,35.00,946.909485,3829.25,0.000015,5255.00
151.800,3979.47,-62.79,0.256275,35.00,729.434937,4444.66,0.000037,10125.00
151.850,3832.26,-60.77,0.202513,35.00,703.265991,3704.66,0.000122,7560.00
151.900,3459.66,-64.07,0.107638,30.00,873.243286,3265.72,0.000161,6585.00
151.950,4123.81,-65.67,0.072296,350.00,485.100464,4004.10,0.000164,9300.00
152.000,6057.46,-62.26,0.070722,120.00,276.013977,4171.47,0.000345,10585.00
152.050,4851.53,-62.26,0.100618,765.00,436.055695,4203.86,0.000258,9920.00
152.100,3831.15,-61.77,0.158075,760.00,672.120361,4546.44,0.000157,10080.00
152.150,4049.34,-61.59,0.235019,40.00,967.810364,4912.91,0.000078,10950.00
152.200,2771.35,-66.27,0.253119,35.00,976.012939,4228.46,0.000017,8030.00
152.250,2300.27,-68.56,0.254085,35.00,773.471497,3530.29,0.000007,5685.00
152.300,2194.68,-68.45,0.247811,30.00,320.388824,3310.83,0.000007,4680.00
152.350,2451.22,-68.28,0.244939,30.00,250.065308,3576.44,0.000010,6335.00
152.400,4972.75,-62.50,0.239381,30.00,285.553589,4942.33,0.000046,11555.00
152.450,4962.69,-60.75,0.222658,30.00,318.516968,4870.47,0.000093,11490.00
152.500,2985.79,-64.58,0.222454,30.00,311.737762,3910.52,0.000038,8260.00
152.550,4389.98,-61.78,0.225918,30.00,300.682861,4761.98,0.000073,11010.00
152.600,5940.42,-60.88,0.229012,30.00,325.496857,4951.64,0.000077,12105.00
152.650,4884.88,-63.30,0.235594,30.00,234.463577,4484.77,0.000033,10240.00
152.700,3488.49,-67.30,0.237914,30.00,132.613373,4077.49,0.000010,8970.00
152.750,3104.60,-68.89,0.237045,30.00,112.080017,4004.71,0.000006,8355.00
152.800,3025.10,-68.76,0.235056,30.00,85.458183,3972.99,0.000007,8220.00
152.850,1656.64,-71.31,0.233117,30.00,350.456970,2875.74,0.000005,2535.00
152.900,1698.61,-70.21,0.223770,30.00,373.809387,2757.18,0.000008,2395.00
152.950,1881.93,-69.43,0.209664,30.00,396.986023,3050.08,0.000011,2560.00
153.000,3723.79,-61.19,0.213984,30.00,683.588562,4396.13,0.000101,9440.00
153.050,3730.78,-59.35,0.236717,55.00,1054.367188,4194.85,0.000143,8740.00
153.100,2837.70,-64.45,0.258693,50.00,983.766785,3626.88,0.000026,6575.00
153.150,1899.16,-72.45,0.271357,50.00,561.979980,3322.98,0.000002,4220.00
153.200,2628.86,-71.01,0.278770,50.00,280.420624,4030.91,0.000002,8610.00
153.250,3084.97,-67.33,0.274137,50.00,327.957611,4178.56,0.000009,8865.00
153.300,5604.01,-61.51,0.263654,50.00,261.549469,4957.62,0.000051,11690.00
153.350,6528.31,-61.56,0.251349,50.00,330.650024,4900.76,0.000051,12260.00
153.400,4045.42,-66.41,0.253550,50.00,296.240845,4833.05,0.000013,10545.00
153.450,2060.53,-70.67,0.252894,50.00,254.197250,3575.95,0.000005,4045.00
153.500,1893.42,-72.19,0.240244,50.00,314.552399,3179.48,0.000003,3415.00
153.550,2874.00,-69.93,0.231520,50.00,266.987610,4306.26,0.000010,8765.00
153.600,4480.17,-62.40,0.230022,45.00,811.768799,4987.05,0.000094,11180.00
153.650,3685.99,-61.39,0.233993,40.00,947.521301,4589.19,0.000128,10030.00
153.700,2598.31,-65.46,0.235557,35.00,1008.619507,3733.04,0.000036,6750.00
153.750,5278.35,-61.42,0.238590,30.00,580.786743,4989.59,0.000072,11815.00
153.800,5708.40,-61.15,0.239489,30.00,293.897369,4852.84,0.000070,11840.00
153.850,4048.10,-64.60,0.246922,30.00,209.872177,4355.38,0.000022,9710.00
153.900,2789.40,-68.41,0.232701,30.00,397.259979,3783.09,0.000007,7900.00
153.950,3635.88,-66.33,0.137761,30.00,725.486023,3970.09,0.000038,8545.00
154.000,3666.73,-66.44,0.065957,180.00,713.011169,3811.83,0.000175,8455.00
154.050,2355.39,-65.54,0.170500,45.00,822.566467,3316.04,0.000047,5895.00
154.100,1728.38,-67.66,0.249528,35.00,843.386230,2871.06,0.000012,3395.00
154.150,1935.53,-68.91,0.251522,35.00,961.897827,3033.95,0.000011,3740.00
154.200,3374.87,-62.99,0.244987,30.00,561.762268,3521.65,0.000054,6720.00
154.250,3383.71,-61.95,0.223566,30.00,473.857697,3405.93,0.000088,6655.00
154.300,3033.39,-64.18,0.230724,30.00,403.059448,3766.99,0.000036,7240.00
154.350,4706.66,-63.02,0.211860,30.00,449.930176,4822.89,0.000049,11020.00
154.400,4647.59,-64.24,0.117828,30.00,726.151550,4542.55,0.000109,10620.00
154.450,3576.45,-63.45,0.112878,475.00,728.662170,3992.09,0.000171,8625.00
154.500,3921.64,-60.38,0.192478,45.00,834.433777,4633.67,0.000165,10430.00
154.550,3642.14,-62.93,0.242280,35.00,920.287903,4702.72,0.000048,10405.00
154.600,3396.35,-66.11,0.248913,35.00,928.061768,4499.25,0.000015,9890.00
154.650,3457.29,-65.26,0.247686,30.00,487.621216,4480.49,0.000021,9910.00
154.700,2459.01,-67.59,0.248846,30.00,305.250641,3654.13,0.000012,7095.00
154.750,2906.68,-66.84,0.247860,30.00,329.359039,3778.60,0.000013,8890.00
154.800,3197.70,-64.78,0.243014,30.00,350.079407,3860.96,0.000025,9160.00
154.850,2559.94,-66.75,0.234474,30.00,338.129669,3424.80,0.000016,5245.00
154.900,1841.15,-69.73,0.232070,30.00,349.724091,2678.60,0.000007,2685.00
154.950,1830.33,-70.36,0.236012,30.00,321.773224,2797.93,0.000005,2950.00
155.000,1465.18,-72.99,0.238968,30.00,295.105499,2767.38,0.000002,2910.00
155.050,2805.76,-69.25,0.238197,30.00,164.368149,4006.90,0.000006,7840.00
155.100,4419.42,-65.72,0.238248,30.00,186.526291,4615.20,0.000016,10030.00
155.150,4109.86,-67.56,0.235041,30.00,93.915619,4676.85,0.000009,10000.00
155.200,4124.59,-65.26,0.232807,30.00,340.464600,4846.55,0.000023,10585.00
155.250,5197.94,-61.60,0.214778,30.00,317.931732,5113.29,0.000080,11975.00
155.300,4624.80,-62.93,0.204640,30.00,391.595764,4920.05,0.000057,11500.00
155.350,4135.31,-63.19,0.204948,30.00,231.388062,4498.85,0.000050,10330.00
155.400,5335.93,-58.14,0.195183,30.00,462.931122,4361.28,0.000233,10935.00
155.450,4769.14,-58.68,0.192362,30.00,372.366425,4238.27,0.000231,10075.00
155.500,4352.29,-61.54,0.182675,30.00,377.128967,4577.75,0.000143,10700.00
155.550,5414.51,-61.17,0.178414,30.00,360.371521,4564.42,0.000144,10765.00
155.600,5920.56,-61.21,0.178671,30.00,246.712341,4162.88,0.000134,10395.00
155.650,4667.39,-62.48,0.181796,30.00,344.082794,4140.78,0.000074,9505.00
155.700,2987.56,-67.34,0.181040,30.00,302.603394,3788.55,0.000020,7755.00
155.750,2160.69,-72.06,0.173282,30.00,344.494873,3597.53,0.000006,5980.00
155.800,1066.30,-75.87,0.166504,30.00,394.655579,2428.27,0.000002,965.00
155.850,1329.29,-74.57,0.160711,30.00,525.575500,2721.38,0.000003,1220.00
155.900,1898.51,-73.04,0.118091,420.00,563.049988,3186.32,0.000011,3210.00
155.950,4482.32,-64.27,0.097128,625.00,572.447998,4934.25,0.000194,11135.00
156.000,4701.74,-60.99,0.203827,45.00,904.377747,5057.05,0.000117,11545.00
156.050,3370.41,-63.38,0.240526,35.00,823.220886,4400.99,0.000044,9425.00
156.100,2451.16,-67.01,0.239087,35.00,808.853149,3209.15,0.000013,5695.00
156.150,3877.51,-64.07,0.195174,35.00,532.335754,3533.15,0.000033,7565.00
156.200,4793.94,-63.41,0.094333,30.00,800.396057,3417.02,0.000201,8395.00
156.250,3146.16,-65.11,0.118981,85.00,660.211914,3313.19,0.000097,6570.00
156.300,1375.90,-69.80,0.238680,40.00,1000.170837,2434.30,0.000007,3015.00
156.350,1296.81,-71.32,0.266192,35.00,942.135498,2551.61,0.000003,2955.00
156.400,1693.77,-70.20,0.251241,35.00,849.094604,2712.76,0.000003,3575.00
156.450,1926.43,-69.25,0.189076,35.00,615.675476,2812.12,0.000008,3805.00
156.500,2118.72,-70.03,0.091950,30.00,797.093384,2954.41,0.000035,4460.00
156.550,2612.71,-65.63,0.120502,810.00,645.289307,3094.75,0.000094,5875.00
156.600,2860.94,-62.49,0.224135,40.00,861.824036,3152.07,0.000071,6240.00
156.650,3560.20,-62.06,0.246406,35.00,953.824768,3729.92,0.000054,8195.00
156.700,4975.50,-62.94,0.241229,35.00,673.216003,4376.90,0.000036,9865.00
156.750,4311.95,-65.01,0.178212,35.00,545.529480,4277.24,0.000035,9450.00
156.800,2951.43,-68.47,0.092785,30.00,816.855042,3489.39,0.000060,7120.00
156.850,4342.57,-62.72,0.133462,505.00,582.001526,4680.09,0.000162,10825.00
156.900,4330.28,-61.54,0.233515,40.00,959.748962,4966.15,0.000076,11155.00
156.950,2843.49,-65.73,0.260608,35.00,948.729492,4268.31,0.000019,8185.00
157.000,1866.62,-68.81,0.244028,35.00,828.659668,2810.95,0.000008,3350.00
157.050,1863.04,-69.38,0.232800,30.00,345.213318,2774.53,0.000006,3180.00
157.100,2292.87,-68.35,0.241772,30.00,349.282990,3364.36,0.000009,5510.00
157.150,4016.65,-62.33,0.239821,30.00,469.092865,4620.37,0.000053,10145.00
157.200,4180.14,-61.35,0.240207,55.00,1021.794312,4739.46,0.000072,10590.00
157.250,3109.09,-65.18,0.257376,50.00,1100.940308,4065.45,0.000021,8450.00
157.300,4456.37,-63.58,0.259879,50.00,547.433228,4910.10,0.000028,11100.00
157.350,5808.65,-62.24,0.248882,50.00,293.842682,5011.24,0.000041,11885.00
157.400,4085.89,-64.28,0.255193,50.00,351.938538,4369.32,0.000024,9280.00
157.450,1622.23,-70.02,0.261656,50.00,727.788513,2782.25,0.000006,3100.00
157.500,996.51,-72.93,0.260761,40.00,1081.248413,2023.36,0.000003,1190.00
157.550,1124.67,-72.89,0.260957,35.00,1053.261963,2197.57,0.000002,1435.00
157.600,1346.20,-72.65,0.268111,30.00,741.977844,2615.55,0.000002,2520.00
157.650,2835.90,-69.42,0.265530,30.00,297.970367,4197.51,0.000005,8975.00
157.700,4711.87,-66.05,0.264923,30.00,260.842316,4896.43,0.000012,10620.00
157.750,4294.94,-60.74,0.254577,30.00,585.718750,4529.14,0.000070,10145.00
157.800,3909.76,-59.28,0.243063,55.00,1138.466064,4224.81,0.000130,9240.00
157.850,3254.95,-63.86,0.270366,50.00,1164.401001,3910.10,0.000026,7630.00
157.900,1762.00,-70.23,0.279465,50.00,654.823853,3408.07,0.000005,3930.00
157.950,1039.81,-72.14,0.264073,50.00,847.830017,2404.69,0.000004,1405.00
158.000,1673.40,-68.52,0.203120,65.00,958.971191,3038.27,0.000019,2095.00
158.050,3945.48,-62.05,0.165279,80.00,538.260864,4745.83,0.000139,10730.00
158.100,4119.52,-62.57,0.253496,40.00,958.960266,5028.06,0.000048,11165.00
158.150,3273.77,-66.07,0.268570,35.00,1003.306458,4402.86,0.000018,9145.00
158.200,5110.85,-62.03,0.248318,30.00,695.505798,4901.22,0.000066,11525.00
158.250,5681.68,-63.53,0.235235,30.00,266.204956,5178.14,0.000047,12285.00
158.300,3705.96,-67.73,0.245185,30.00,323.132599,4883.43,0.000014,10560.00
158.350,4560.53,-61.50,0.242192,35.00,708.304443,4852.01,0.000095,10915.00
158.400,4494.46,-60.65,0.230828,35.00,838.720764,4668.19,0.000130,10485.00
158.450,4110.03,-62.29,0.234843,35.00,895.225647,4386.28,0.000060,9595.00
158.500,5340.36,-61.25,0.237557,30.00,557.465637,4883.50,0.000070,11505.00
158.550,5725.36,-61.23,0.236692,30.00,354.581207,4833.75,0.000065,11660.00
158.600,5121.77,-62.41,0.244971,30.00,279.555023,4142.40,0.000041,9855.00
158.650,4797.37,-63.73,0.228239,30.00,359.706024,4074.41,0.000032,9425.00
158.700,4385.09,-65.20,0.133388,30.00,701.886719,4200.60,0.000059,9350.00
158.750,4551.81,-66.37,0.050093,25.00,689.847534,4239.88,0.000299,9570.00
158.800,2881.76,-66.22,0.170280,55.00,872.069763,4007.78,0.000035,8195.00
158.850,2366.95,-66.83,0.267429,35.00,926.203491,3781.24,0.000012,7400.00
158.900,3329.90,-66.48,0.274105,35.00,1064.630127,4329.84,0.000010,9110.00
158.950,3479.41,-62.15,0.256692,30.00,641.340820,3749.81,0.000048,8225.00
159.000,3116.38,-62.89,0.229403,30.00,378.617279,3280.58,0.000052,6450.00
159.050,2746.89,-66.59,0.221310,30.00,563.297241,3598.34,0.000017,6490.00
159.100,2285.51,-69.18,0.139016,30.00,725.001953,3466.66,0.000024,5490.00
159.150,2329.12,-70.29,0.098008,360.00,725.311890,3355.43,0.000032,5560.00
159.200,3821.57,-68.18,0.081377,355.00,366.265625,4711.72,0.000093,10580.00
159.250,4713.96,-61.90,0.170872,50.00,878.676819,5102.59,0.000141,11595.00
159.300,3811.90,-61.69,0.251501,35.00,859.585876,4705.01,0.000068,10450.00
159.350,2523.87,-67.13,0.251972,35.00,973.781860,3504.21,0.000013,6605.00
159.400,2092.96,-70.54,0.253175,30.00,595.443298,3165.12,0.000004,4465.00
159.450,1587.53,-72.63,0.256683,30.00,359.879486,3071.25,0.000002,3160.00
159.500,2428.90,-69.50,0.258666,30.00,320.104462,3849.75,0.000005,8140.00
159.550,2298.39,-68.48,0.253165,30.00,330.213440,3544.36,0.000009,7240.00
159.600,1543.31,-71.45,0.247499,30.00,355.330444,2686.77,0.000004,2760.00
159.650,1271.18,-73.42,0.244340,30.00,405.270844,2491.11,0.000002,1240.00
159.700,1781.61,-70.91,0.243687,30.00,388.410919,2972.27,0.000005,2895.00
159.750,2755.30,-67.36,0.240883,30.00,243.604950,3650.43,0.000012,7645.00
159.800,4074.55,-65.08,0.239633,30.00,300.233276,4219.27,0.000020,9435.00
159.850,4291.66,-64.80,0.237913,30.00,244.418533,4438.98,0.000021,9800.00
159.900,3405.54,-67.44,0.234394,30.00,182.926926,4390.77,0.000011,9220.00
159.950,5510.13,-63.55,0.231590,30.00,289.689056,4819.69,0.000038,10785.00
160.000,6813.68,-61.26,0.210321,30.00,314.390289,4807.47,0.000084,11945.00
160.050,5477.41,-63.91,0.203959,30.00,242.853958,5103.00,0.000042,11760.00
160.100,4507.20,-63.54,0.208926,30.00,236.546295,4447.65,0.000043,10115.00
160.150,5525.25,-58.22,0.199614,30.00,430.262115,4273.71,0.000224,10910.00
160.200,5085.21,-59.10,0.189414,30.00,308.862762,4254.83,0.000202,10565.00
160.250,4731.73,-62.08,0.186187,30.00,392.101959,4825.73,0.000091,11380.00
160.300,4403.82,-64.66,0.183910,30.00,286.538361,4925.19,0.000045,11170.00
160.350,4367.15,-67.36,0.178082,30.00,216.780518,5032.61,0.000027,11300.00
160.400,4407.73,-66.81,0.172899,30.00,186.875427,5009.35,0.000043,11210.00
160.450,3408.17,-65.30,0.178711,30.00,388.966034,4294.66,0.000074,9265.00
160.500,3884.49,-64.13,0.166360,30.00,245.538742,4105.30,0.000104,9285.00
160.550,4642.28,-64.65,0.149083,30.00,365.223907,4231.82,0.000054,9685.00
160.600,3511.42,-65.91,0.132253,30.00,349.683319,4030.39,0.000060,9075.00
160.650,3406.52,-67.40,0.075930,30.00,509.780609,4056.48,0.000137,9120.00
160.700,5242.96,-65.59,0.084665,115.00,436.322113,5214.88,0.000225,12060.00
160.750,4753.73,-61.13,0.211409,45.00,948.319275,5153.12,0.000145,11710.00
160.800,3431.74,-63.40,0.255477,35.00,866.969238,4560.50,0.000054,9870.00
160.850,2217.66,-68.46,0.243953,35.00,879.603760,3501.26,0.000011,4335.00
160.900,3578.02,-66.13,0.197514,35.00,486.336792,4707.31,0.000026,10605.00
160.950,4264.38,-64.86,0.096042,30.00,818.912354,4566.27,0.000142,10300.00
161.000,4181.23,-67.46,0.052652,190.00,449.714691,4088.68,0.000197,9140.00
161.050,4400.32,-69.54,0.027595,190.00,236.312073,3838.98,0.000331,9200.00
161.100,4688.16,-66.75,0.039757,225.00,143.404373,3691.01,0.000373,9135.00
161.150,3175.90,-67.69,0.094503,85.00,529.310486,3672.88,0.000062,7980.00
161.200,1758.15,-68.94,0.231895,40.00,978.360962,3100.76,0.000009,5610.00
161.250,2016.55,-68.83,0.267356,35.00,953.645691,3233.20,0.000008,6270.00
161.300,2649.92,-66.74,0.267567,35.00,878.501831,3234.35,0.000019,6165.00
161.350,3806.42,-61.53,0.216289,35.00,667.543213,3307.73,0.000128,6925.00
161.400,3886.35,-62.57,0.124048,30.00,938.665649,3271.15,0.000245,7225.00
161.450,3832.42,-66.89,0.081156,440.00,507.303619,3488.30,0.000090,8205.00
161.500,5655.70,-63.57,0.065437,165.00,395.895966,3842.51,0.000326,9810.00
161.550,6958.12,-61.77,0.060406,160.00,233.737000,3620.62,0.000750,10570.00
161.600,6362.12,-61.27,0.101313,75.00,542.839539,4697.47,0.000367,11515.00
161.650,4693.26,-59.92,0.224849,40.00,927.530823,4926.14,0.000133,11080.00
161.700,3220.57,-63.23,0.256950,35.00,941.209717,4143.38,0.000041,8665.00
161.750,4222.93,-64.66,0.257493,35.00,871.652954,4211.90,0.000019,9390.00
161.800,6112.52,-63.93,0.254920,30.00,355.201874,4383.26,0.000023,10580.00
161.850,5689.13,-65.71,0.254557,30.00,185.426590,4581.95,0.000013,10575.00
161.900,5873.49,-61.68,0.241690,30.00,215.901428,4721.56,0.000051,11545.00
161.950,5337.77,-59.88,0.226796,30.00,340.936554,4759.48,0.000108,11455.00
162.000,3506.50,-63.48,0.230021,30.00,274.128693,4199.61,0.000042,9120.00
162.050,4626.99,-62.59,0.239950,30.00,355.385071,4908.94,0.000044,11210.00
162.100,6009.76,-62.32,0.234790,30.00,248.389084,5157.04,0.000047,12435.00
162.150,4217.40,-68.10,0.235827,30.00,275.542114,5066.18,0.000008,11335.00
162.200,1658.85,-72.22,0.234963,30.00,304.469757,2721.19,0.000003,2835.00
162.250,2073.95,-69.62,0.217334,30.00,336.352203,2843.72,0.000008,3590.00
162.300,2251.05,-69.94,0.214240,30.00,318.748901,3212.22,0.000006,4255.00
162.350,2023.61,-70.66,0.225763,30.00,232.204346,3391.85,0.000005,4695.00
162.400,1392.62,-74.35,0.222814,30.00,142.518967,2898.41,0.000001,1700.00
162.450,1777.51,-73.99,0.219043,30.00,193.956238,3454.94,0.000002,3540.00
162.500,3886.24,-61.45,0.224806,30.00,642.732544,4412.43,0.000081,9625.00
162.550,4019.83,-59.11,0.252477,55.00,1122.931030,4256.01,0.000134,9210.00
162.600,3784.44,-62.96,0.276119,50.00,1049.612549,3880.44,0.000032,7995.00
162.650,3913.41,-64.45,0.276643,50.00,546.154114,3693.52,0.000016,8215.00
162.700,2958.51,-67.60,0.277468,50.00,240.524719,3637.27,0.000007,7945.00
162.750,2957.74,-68.95,0.284259,50.00,183.289886,4312.16,0.000007,9200.00
162.800,5021.16,-61.62,0.271384,50.00,290.501587,4977.91,0.000063,11530.00
162.850,4756.07,-60.60,0.251024,50.00,389.633575,4769.79,0.000096,11270.00
162.900,2695.56,-65.92,0.240543,50.00,305.510498,3668.06,0.000021,6685.00
162.950,1368.29,-72.61,0.243535,50.00,382.639343,2327.81,0.000002,2035.00
163.000,1576.04,-72.81,0.242912,50.00,237.441833,2898.28,0.000002,3150.00
163.050,2902.08,-69.10,0.235311,50.00,199.912384,3940.63,0.000007,7230.00
163.100,4710.67,-61.23,0.233923,45.00,761.750671,4795.37,0.000071,11180.00
163.150,4179.67,-60.71,0.243754,40.00,965.226257,4770.63,0.000086,10855.00
163.200,2871.17,-65.93,0.253429,35.00,1073.577881,4072.79,0.000018,8235.00
163.250,5775.92,-62.02,0.255180,30.00,612.137268,4975.85,0.000044,11735.00
163.300,5708.35,-61.61,0.244049,30.00,344.891083,4960.28,0.000053,11840.00
163.350,2940.42,-67.38,0.251937,30.00,270.203552,4112.07,0.000010,8335.00
163.400,2389.25,-68.93,0.242231,30.00,381.674164,3425.36,0.000006,5820.00
163.450,2942.72,-68.42,0.144407,30.00,708.949097,3604.44,0.000019,7585.00
163.500,2435.57,-71.48,0.049874,25.00,755.691406,3286.12,0.000076,4945.00
163.550,1531.65,-70.08,0.172264,55.00,855.264038,2724.36,0.000016,2400.00
163.600,1322.88,-70.32,0.264481,40.00,936.136597,2672.29,0.000006,1800.00
163.650,2305.17,-67.94,0.271998,35.00,1057.920898,3685.64,0.000009,6170.00
163.700,3241.83,-62.77,0.261859,30.00,628.851257,3576.78,0.000041,7090.00
163.750,3450.20,-62.45,0.225828,30.00,538.881409,3368.41,0.000061,7180.00
163.800,2817.21,-67.00,0.236165,30.00,441.938141,3355.76,0.000016,6545.00
163.850,2433.86,-68.82,0.232802,30.00,461.006775,3425.06,0.000010,5675.00
163.900,2999.33,-69.09,0.141553,30.00,732.424500,3594.52,0.000025,6895.00
163.950,4394.77,-68.22,0.064741,220.00,717.030640,4789.22,0.000140,10855.00
164.000,5153.52,-62.48,0.169225,50.00,871.477112,5196.38,0.000129,11945.00
164.050,3984.62,-62.78,0.260703,40.00,898.331116,4944.46,0.000053,10930.00
164.100,1898.75,-70.00,0.257728,35.00,1001.974487,3439.39,0.000007,3595.00
164.150,1894.66,-71.19,0.255483,30.00,643.843445,3353.99,0.000004,4285.00
164.200,4569.24,-64.98,0.256214,30.00,380.171204,4682.20,0.000022,10155.00
164.250,5079.06,-63.68,0.256095,30.00,288.858612,4580.07,0.000034,10410.00
164.300,3999.47,-64.26,0.255809,30.00,204.305420,4290.92,0.000031,9595.00
164.350,3009.67,-66.62,0.253426,30.00,287.963715,3897.03,0.000017,7645.00
164.400,1513.07,-72.54,0.252304,30.00,268.089447,2799.12,0.000002,2945.00
164.450,1993.84,-70.75,0.250908,30.00,307.031769,3414.24,0.000004,5455.00
164.500,2368.81,-68.53,0.247103,30.00,348.074951,3653.09,0.000008,7075.00
164.550,1942.40,-69.71,0.239218,30.00,371.476166,3360.55,0.000007,4105.00
164.600,2762.27,-68.37,0.232267,30.00,411.016510,4326.48,0.000011,8355.00
164.650,2635.29,-70.04,0.227812,30.00,392.163910,4304.14,0.000006,8200.00
164.700,3678.94,-66.98,0.225527,30.00,281.936218,4778.69,0.000017,10410.00
164.750,5266.75,-61.65,0.218537,30.00,435.708496,5117.79,0.000086,11945.00
164.800,4642.91,-63.45,0.207534,30.00,273.940796,5000.09,0.000058,11530.00
164.850,3806.72,-65.33,0.202532,30.00,367.026154,4534.21,0.000029,9945.00
164.900,5258.49,-59.11,0.198308,30.00,499.802460,4442.71,0.000184,11165.00
164.950,5105.45,-59.57,0.191609,30.00,254.342041,4296.99,0.000179,10720.00
165.000,5509.49,-62.91,0.184363,30.00,433.855377,4963.03,0.000066,11915.00
165.050,5475.60,-64.08,0.183194,30.00,304.352234,4959.56,0.000049,11535.00
165.100,5556.93,-63.86,0.180892,30.00,160.082687,4595.39,0.000053,10410.00
165.150,5840.44,-63.19,0.178157,30.00,250.960617,4337.73,0.000062,9970.00
165.200,4239.58,-64.63,0.185105,30.00,383.482758,4147.81,0.000043,9205.00
165.250,2062.13,-70.21,0.181225,30.00,294.488129,3256.86,0.000011,4155.00
165.300,3121.73,-68.38,0.163935,30.00,375.896667,4372.34,0.000020,9490.00
165.350,4114.87,-66.78,0.137491,30.00,444.854218,4758.78,0.000039,10480.00
165.400,2803.12,-70.73,0.089076,30.00,532.095947,4097.86,0.000032,8530.00
165.450,4761.53,-66.31,0.091842,340.00,478.264648,5130.76,0.000124,11635.00
165.500,4913.49,-62.03,0.210188,45.00,973.513672,5194.58,0.000088,11905.00
165.550,3868.55,-64.58,0.265521,35.00,893.465454,4873.31,0.000025,10730.00
165.600,2135.42,-70.92,0.265819,35.00,939.987305,3492.65,0.000004,6330.00
165.650,2802.09,-68.51,0.224593,35.00,449.489319,3943.56,0.000010,8360.00
165.700,3777.94,-66.74,0.102258,30.00,883.086853,4137.35,0.000075,9100.00
165.750,2788.75,-68.79,0.088471,95.00,596.332520,3774.84,0.000059,7955.00
165.800,1476.67,-70.24,0.233307,45.00,1039.062744,2921.83,0.000007,2960.00
165.850,1955.97,-69.42,0.276937,35.00,945.767822,3336.96,0.000005,6235.00
165.900,2813.10,-68.01,0.272139,35.00,969.680054,4129.29,0.000008,8845.00
165.950,2487.54,-67.85,0.211860,35.00,578.802002,3844.41,0.000017,7930.00
166.000,1771.02,-70.80,0.120853,30.00,960.266418,2726.25,0.000023,2655.00
166.050,2091.10,-66.54,0.134592,710.00,628.211914,2772.17,0.000070,3905.00
166.100,2557.14,-62.61,0.215697,45.00,897.154663,3012.74,0.000080,5680.00
166.150,2768.45,-64.37,0.237224,35.00,919.329773,3155.33,0.000033,6230.00
166.200,2638.50,-67.73,0.241684,35.00,772.610413,3337.21,0.000009,6815.00
166.250,3606.83,-64.97,0.201514,35.00,539.372864,3630.20,0.000026,8050.00
166.300,3821.49,-65.96,0.101782,30.00,841.280212,3640.96,0.000103,8570.00
166.350,4993.61,-63.85,0.096486,80.00,610.062195,5034.14,0.000258,11625.00
166.400,4313.27,-60.34,0.217573,40.00,895.915649,4869.22,0.000159,11045.00
166.450,2936.92,-63.18,0.246249,35.00,886.209656,4019.72,0.000058,8150.00
166.500,2126.51,-68.93,0.247193,35.00,880.153381,3171.01,0.000008,4505.00
166.550,3677.42,-66.09,0.254685,30.00,380.294586,4073.40,0.000014,9010.00
166.600,4379.45,-64.34,0.253394,30.00,215.591248,4244.85,0.000022,9335.00
166.650,5570.91,-62.19,0.246399,30.00,446.532135,4618.81,0.000047,10450.00
166.700,4876.53,-61.17,0.245738,55.00,1036.320923,4863.25,0.000072,10700.00
166.750,3193.09,-64.95,0.266466,50.00,1154.400146,4331.53,0.000023,9035.00
166.800,4291.36,-64.10,0.269182,50.00,617.218018,4803.81,0.000027,10900.00
166.850,5247.96,-61.68,0.253305,50.00,329.580353,4869.77,0.000058,11645.00
166.900,3534.72,-65.60,0.261796,50.00,282.401764,4490.81,0.000018,9560.00
166.950,1179.23,-72.61,0.270589,50.00,645.617371,2476.98,0.000002,2135.00
167.000,1330.20,-70.98,0.263953,55.00,1125.795288,2603.32,0.000006,2590.00
167.050,1649.47,-69.87,0.255663,35.00,1033.039917,2930.01,0.000009,3210.00
167.100,1660.18,-71.16,0.257657,35.00,738.408447,2821.62,0.000005,3180.00
167.150,1944.74,-70.68,0.254474,30.00,346.329987,2899.64,0.000003,3565.00
167.200,1996.10,-71.01,0.250626,30.00,205.872299,3046.48,0.000004,3600.00
167.250,3733.70,-62.14,0.250612,30.00,601.760681,4352.09,0.000050,9330.00
167.300,3985.11,-58.72,0.242855,55.00,1060.475830,4161.04,0.000153,9120.00
167.350,3829.49,-61.14,0.257225,50.00,1178.198486,3958.84,0.000065,8985.00
167.400,4162.70,-64.53,0.272911,50.00,654.390869,4577.31,0.000019,9980.00
167.450,2342.87,-67.48,0.265060,50.00,829.193604,3819.47,0.000011,8175.00
167.500,1689.70,-69.61,0.205630,65.00,921.036804,2996.06,0.000012,3170.00
167.550,4761.23,-62.83,0.141904,80.00,597.563965,5057.90,0.000132,11565.00
167.600,4075.47,-61.66,0.247595,40.00,889.699585,4955.08,0.000071,11010.00
167.650,3233.15,-64.91,0.266242,35.00,962.511719,4332.11,0.000022,9100.00
167.700,5879.71,-61.57,0.256204,35.00,750.600830,4775.05,0.000049,11295.00
167.750,5807.70,-61.30,0.244468,30.00,303.506195,4939.76,0.000057,11850.00
167.800,3172.93,-67.69,0.248432,30.00,260.275238,4503.68,0.000013,9310.00
167.850,5128.98,-62.84,0.246500,30.00,551.893250,5051.81,0.000053,11585.00
167.900,5072.59,-60.08,0.240112,40.00,1001.849976,4807.36,0.000130,11190.00
167.950,4588.42,-62.01,0.244063,35.00,770.626709,4508.52,0.000063,10020.00
168.000,5918.58,-62.06,0.240481,30.00,649.128296,4901.26,0.000051,11790.00
168.050,5754.38,-61.64,0.232859,30.00,302.582397,4955.74,0.000061,11865.00
168.100,4444.14,-64.11,0.243269,30.00,244.861053,4554.98,0.000027,9955.00
168.150,4211.78,-66.21,0.237120,30.00,334.069824,4562.80,0.000014,9780.00
168.200,4525.01,-66.27,0.148698,30.00,661.694153,4462.91,0.000035,9735.00
168.250,4724.93,-65.09,0.056745,25.00,758.816589,4127.99,0.000356,9375.00
168.300,2723.53,-66.75,0.160847,55.00,834.422424,3861.04,0.000037,7760.00
168.350,1767.92,-68.68,0.265150,40.00,921.120361,3316.89,0.000009,4665.00
168.400,2458.14,-67.17,0.264032,35.00,1027.472656,3605.54,0.000012,7150.00
168.450,3221.32,-63.19,0.249298,30.00,672.830994,3486.40,0.000038,7155.00
168.500,3117.92,-62.57,0.229134,30.00,509.231812,3294.34,0.000058,6470.00
168.550,2155.79,-67.31,0.231149,30.00,593.605835,3007.86,0.000013,5180.00
168.600,1044.56,-74.81,0.149333,30.00,644.690735,2248.70,0.000005,950.00
168.650,1717.89,-72.88,0.084602,460.00,716.342712,2957.38,0.000032,2915.00
168.700,3082.16,-66.86,0.102192,455.00,325.605255,4168.32,0.000119,8725.00
168.750,4907.50,-61.68,0.169161,50.00,906.107422,5167.87,0.000179,11765.00
168.800,4457.85,-63.14,0.259115,40.00,912.457397,5190.94,0.000049,11625.00
168.850,3872.46,-65.43,0.264135,35.00,996.081543,4411.58,0.000019,9430.00
168.900,5382.30,-63.89,0.258366,30.00,591.360779,4366.46,0.000023,10065.00
168.950,4568.18,-65.27,0.256835,30.00,263.527924,4424.12,0.000016,9735.00
169.000,2345.56,-70.63,0.261579,30.00,189.844635,3741.71,0.000005,7835.00
169.050,2909.62,-67.41,0.264373,30.00,180.561600,4176.70,0.000012,8830.00
169.100,3018.15,-66.23,0.257060,30.00,236.372025,4044.63,0.000018,8470.00
169.150,2227.98,-69.52,0.251939,30.00,305.038513,3428.42,0.000007,5130.00
169.200,1166.94,-74.50,0.248119,30.00,286.893982,2470.17,0.000001,2765.00
169.250,1212.53,-73.76,0.245322,30.00,314.150818,2543.85,0.000002,1725.00
169.300,2151.04,-69.68,0.238335,30.00,263.931122,3520.52,0.000007,6280.00
169.350,3650.45,-66.75,0.237680,30.00,224.284180,4614.72,0.000014,9875.00
169.400,3668.15,-66.91,0.239627,30.00,156.568176,4450.12,0.000013,9195.00
169.450,3776.91,-66.83,0.235061,30.00,208.833359,4748.57,0.000016,10215.00
169.500,5138.04,-62.56,0.221141,30.00,435.948669,5155.75,0.000067,12025.00
169.550,4791.52,-63.93,0.203509,30.00,210.955826,5062.55,0.000049,11775.00
169.600,4072.41,-65.64,0.202771,30.00,386.630768,4618.69,0.000024,10350.00
169.650,5145.86,-58.85,0.199315,30.00,427.498138,4441.30,0.000189,11045.00
169.700,4940.32,-58.82,0.189313,30.00,310.141235,4327.77,0.000222,10570.00
169.750,4875.68,-61.79,0.188561,30.00,445.530273,4873.34,0.000095,11505.00
169.800,4210.21,-64.39,0.189506,30.00,252.262161,4897.65,0.000053,11025.00
169.850,3572.58,-65.95,0.180912,30.00,300.368164,4616.59,0.000037,10065.00
169.900,3313.63,-67.71,0.176074,30.00,254.374451,4579.48,0.000021,9750.00
169.950,2413.44,-71.11,0.175361,30.00,306.832581,4064.65,0.000008,7360.00
170.000,1780.31,-73.73,0.170076,30.00,298.278687,3560.15,0.000004,3845.00
170.050,1544.56,-73.88,0.164407,30.00,245.979752,3261.91,0.000004,2155.00
170.100,2148.10,-71.16,0.144830,30.00,416.262024,3596.20,0.000012,6770.00
170.150,4848.17,-65.87,0.082787,30.00,511.565155,5062.96,0.000148,11315.00
170.200,7302.42,-62.08,0.070696,100.00,441.428986,5019.70,0.000618,12835.00
170.250,5503.35,-60.03,0.197583,45.00,925.164734,5195.98,0.000168,12030.00
170.300,3441.62,-62.24,0.258971,35.00,873.877380,4546.64,0.000058,9715.00
170.350,1563.71,-70.03,0.247962,35.00,937.813293,2496.82,0.000007,2185.00
170.400,1821.66,-70.64,0.209056,35.00,490.093719,2886.45,0.000007,2925.00
170.450,5264.90,-64.41,0.094496,30.00,804.161804,4191.34,0.000150,10145.00
170.500,7366.43,-61.52,0.056635,20.00,546.614502,3563.04,0.000966,10955.00
170.550,8123.50,-63.81,0.045385,9015.00,156.102356,3140.54,0.000743,11150.00
170.600,7523.59,-70.19,0.014576,1735.00,204.384964,3509.42,0.000885,10915.00
170.650,1978.27,-73.68,0.072890,85.00,449.515778,3445.98,0.000019,6040.00
170.700,1938.87,-68.78,0.215147,45.00,962.260254,3242.28,0.000013,5445.00
170.750,2058.18,-68.90,0.259041,35.00,895.948181,3213.11,0.000008,6055.00
170.800,2553.82,-67.50,0.257196,35.00,928.815613,3246.98,0.000012,6245.00
170.850,3479.09,-62.21,0.221708,35.00,641.379272,3254.28,0.000083,6660.00
170.900,3819.38,-62.47,0.136156,30.00,908.136475,3274.44,0.000179,7380.00
170.950,4284.41,-66.10,0.094743,435.00,570.341370,3600.71,0.000096,8260.00
171.000,4125.29,-67.56,0.090057,415.00,419.059448,3746.50,0.000074,7895.00
171.050,3470.82,-70.48,0.088211,390.00,422.730621,3764.66,0.000033,7650.00
171.100,4874.22,-63.68,0.104026,380.00,552.592163,4954.36,0.000212,11485.00
171.150,4634.55,-60.25,0.211457,40.00,933.256348,4949.30,0.000151,11265.00
171.200,3416.07,-63.62,0.246829,35.00,863.764526,4477.51,0.000042,9425.00
171.250,1754.77,-71.64,0.255522,35.00,906.718689,3141.58,0.000003,2910.00
171.300,1557.31,-72.66,0.266602,30.00,351.822876,2993.23,0.000002,2830.00
171.350,1698.75,-73.23,0.261367,30.00,222.457260,3176.75,0.000002,3040.00
171.400,4560.52,-65.71,0.258511,30.00,265.898102,5185.77,0.000016,11590.00
171.450,5019.22,-62.11,0.245238,30.00,407.015900,5159.27,0.000058,11850.00
171.500,3714.82,-64.45,0.234483,30.00,309.260803,4536.81,0.000032,9665.00
171.550,5246.42,-61.82,0.233115,30.00,341.512665,4808.09,0.000062,11185.00
171.600,6479.60,-60.30,0.235968,30.00,332.389526,4772.51,0.000089,12225.00
171.650,5540.23,-62.20,0.237749,30.00,186.257538,4550.03,0.000047,10920.00
171.700,4942.18,-65.82,0.239089,30.00,177.792221,4359.56,0.000020,10015.00
171.750,2809.51,-68.13,0.237527,30.00,275.965149,3860.91,0.000014,7960.00
171.800,2575.20,-68.21,0.231425,30.00,303.613525,3674.31,0.000016,7855.00
171.850,2434.39,-70.50,0.220969,30.00,268.628479,3656.18,0.000006,8130.00
171.900,2413.19,-70.64,0.217423,30.00,304.557037,3672.95,0.000005,7995.00
171.950,2375.89,-70.79,0.208713,30.00,135.576843,3745.93,0.000006,7510.00
172.000,4263.65,-61.71,0.213308,30.00,551.041260,4605.75,0.000080,10330.00
172.050,4302.17,-58.68,0.234818,55.00,1016.129150,4399.20,0.000169,9900.00
172.100,3763.73,-61.96,0.259923,50.00,1043.329712,4062.62,0.000048,8885.00
172.150,4329.08,-65.38,0.273447,50.00,622.334473,4280.99,0.000013,9655.00
172.200,3612.52,-65.47,0.276408,50.00,281.970734,4221.56,0.000013,9310.00
172.250,2601.21,-67.97,0.273605,50.00,207.321198,3863.72,0.000010,8070.00
172.300,4878.95,-63.53,0.274963,50.00,246.679047,5086.42,0.000034,11615.00
172.350,5354.00,-62.10,0.258950,50.00,293.308472,5104.95,0.000058,11975.00
172.400,3437.31,-67.54,0.257282,50.00,294.393585,4664.64,0.000012,9960.00
172.450,2645.12,-69.62,0.260969,50.00,229.239197,4063.49,0.000005,8680.00
172.500,2284.41,-69.65,0.252716,50.00,259.551910,3715.14,0.000006,7230.00
172.550,1780.48,-71.69,0.238112,50.00,259.922974,3398.03,0.000005,3895.00
172.600,4570.58,-64.42,0.235213,50.00,746.453003,5223.68,0.000036,11665.00
172.650,4100.75,-61.46,0.244424,45.00,958.915527,4943.00,0.000082,11165.00
172.700,2406.70,-65.86,0.248642,35.00,1092.234497,3693.27,0.000025,5910.00
172.750,4847.80,-62.40,0.247264,30.00,718.450500,4947.39,0.000047,11530.00
172.800,6241.15,-61.35,0.242514,30.00,357.361969,4880.68,0.000054,12205.00
172.850,5148.99,-63.19,0.250031,30.00,226.849274,4133.60,0.000031,10015.00
172.900,3828.29,-66.05,0.241866,30.00,289.335541,3837.90,0.000013,8510.00
172.950,3115.44,-69.05,0.158224,30.00,654.175049,3705.23,0.000012,8130.00
173.000,3752.11,-69.45,0.049915,25.00,780.803711,3781.07,0.000119,8450.00
173.050,1748.68,-69.70,0.146977,80.00,753.547180,2927.88,0.000019,3290.00
173.100,1450.64,-68.80,0.249314,40.00,861.590393,2591.48,0.000010,2530.00
173.150,1603.10,-69.90,0.254463,35.00,1021.539246,2746.11,0.000009,2615.00
173.200,2782.11,-65.24,0.252525,30.00,675.750122,3197.63,0.000035,6135.00
173.250,3177.98,-63.41,0.230982,30.00,478.408661,3211.50,0.000070,6420.00
173.300,2532.50,-67.22,0.243918,30.00,471.759338,3191.17,0.000016,6065.00
173.350,1594.81,-73.48,0.241354,30.00,460.043304,3095.80,0.000002,3875.00
173.400,1890.22,-73.18,0.159074,30.00,702.395142,3299.72,0.000005,6095.00
173.450,3523.45,-69.20,0.090523,240.00,817.713257,4502.78,0.000049,9260.00
173.500,4638.26,-62.45,0.166927,235.00,804.475830,5127.70,0.000121,11580.00
173.550,4062.93,-62.87,0.253598,40.00,944.788757,5029.29,0.000048,11145.00
173.600,2174.14,-69.99,0.266306,35.00,1016.800354,3886.37,0.000005,6685.00
173.650,1295.12,-74.05,0.269222,30.00,629.388489,2726.39,0.000001,2795.00
173.700,789.98,-75.95,0.263826,30.00,238.849350,1995.31,0.000000,900.00
173.750,619.98,-76.75,0.260923,30.00,343.440735,1716.12,0.000000,545.00
173.800,1401.59,-73.20,0.259090,30.00,362.191376,2602.12,0.000002,2800.00
173.850,2032.60,-70.79,0.249203,30.00,371.720490,3026.23,0.000004,4215.00
173.900,1965.61,-70.52,0.241406,30.00,329.713837,3168.48,0.000005,3960.00
173.950,1910.47,-70.15,0.248280,30.00,373.886566,3205.67,0.000006,3700.00
174.000,3855.33,-65.43,0.240733,30.00,260.129272,4461.69,0.000019,9850.00
174.050,5243.44,-64.03,0.236782,30.00,296.377380,4701.96,0.000027,10520.00
174.100,3867.77,-65.00,0.237618,30.00,383.835510,4554.19,0.000024,10020.00
174.150,2446.93,-68.48,0.227414,30.00,386.939026,3799.84,0.000013,6620.00
174.200,2811.95,-67.93,0.213139,30.00,317.495789,4118.86,0.000015,8075.00
174.250,5162.66,-62.78,0.210165,30.00,488.181946,5116.43,0.000055,11930.00
174.300,4853.03,-64.11,0.203516,30.00,266.929840,5120.36,0.000039,11820.00
174.350,3352.32,-66.92,0.209602,30.00,447.200500,4411.27,0.000020,9065.00
174.400,4701.24,-59.44,0.205576,30.00,482.839142,4487.51,0.000187,10720.00
174.450,4616.56,-59.17,0.199322,30.00,443.371643,4324.52,0.000206,10290.00
174.500,4649.22,-61.81,0.189245,30.00,454.872925,4721.58,0.000089,11105.00
174.550,3831.40,-64.31,0.191731,30.00,395.720184,4560.63,0.000051,10230.00
174.600,3502.48,-65.72,0.187444,30.00,377.424316,4402.74,0.000035,9460.00
174.650,3289.80,-66.59,0.186583,30.00,492.161621,4174.34,0.000023,8680.00
174.700,2759.62,-69.02,0.178764,30.00,378.144806,3467.55,0.000012,5965.00
174.750,2339.27,-69.62,0.167368,30.00,383.454468,2811.08,0.000015,3925.00
174.800,1994.59,-70.59,0.158948,30.00,423.694000,2575.61,0.000011,3380.00
174.850,1915.32,-69.97,0.161565,30.00,464.130737,2551.20,0.000013,3380.00
174.900,1794.04,-71.72,0.118438,665.00,550.314941,2420.44,0.000014,3350.00
174.950,4127.47,-66.86,0.090230,395.00,615.718811,4858.92,0.000102,10900.00
175.000,4259.63,-61.44,0.196734,50.00,877.907715,4978.07,0.000115,11100.00
175.050,3026.78,-62.17,0.245358,35.00,842.418457,4202.52,0.000067,8270.00
175.100,1808.50,-68.89,0.236683,35.00,975.606201,2542.05,0.000011,2670.00
175.150,1713.72,-71.20,0.199156,35.00,469.621124,2339.40,0.000007,2445.00
175.200,2119.77,-72.45,0.086574,30.00,756.319641,2795.65,0.000018,3815.00
175.250,2446.89,-71.45,0.070313,80.00,584.681213,3371.12,0.000038,6000.00
175.300,1584.25,-70.38,0.212412,45.00,971.524170,2663.99,0.000007,3900.00
175.350,1869.32,-70.11,0.263667,35.00,888.949036,2758.29,0.000004,4155.00
175.400,2289.21,-70.54,0.252868,35.00,939.909485,2943.62,0.000003,5550.00
175.450,2197.86,-70.35,0.210693,35.00,539.332764,2786.34,0.000005,4530.00
175.500,3560.80,-66.51,0.107424,30.00,811.631104,3747.91,0.000070,8605.00
175.550,4735.73,-62.28,0.087116,80.00,623.162231,4229.15,0.000367,9855.00
175.600,3462.13,-60.61,0.203325,45.00,877.771179,3651.35,0.000134,7955.00
175.650,2778.59,-63.79,0.246349,35.00,894.515442,3090.08,0.000037,6155.00
175.700,1947.70,-70.44,0.246497,35.00,858.385010,2723.20,0.000005,3575.00
175.750,1603.93,-72.68,0.207937,35.00,531.723083,2440.79,0.000003,2800.00
175.800,1879.11,-72.95,0.131131,30.00,846.399963,2493.47,0.000007,3015.00
175.850,3908.80,-64.73,0.143971,930.00,673.216309,4481.17,0.000082,10075.00
175.900,4148.32,-61.50,0.216675,40.00,943.407471,4832.52,0.000097,10925.00
175.950,3203.31,-64.13,0.258031,35.00,995.594360,4374.11,0.000031,8960.00
176.000,2245.32,-68.50,0.262726,35.00,914.840149,3319.42,0.000007,6030.00
176.050,1752.64,-70.80,0.255298,30.00,394.113892,2784.11,0.000003,3410.00
176.100,1677.94,-72.21,0.255676,30.00,374.820740,2838.79,0.000002,4015.00
176.150,3586.40,-66.24,0.253644,30.00,427.322235,4741.73,0.000019,10115.00
176.200,4211.97,-63.08,0.250782,30.00,1031.746826,4998.93,0.000052,11185.00
176.250,3530.07,-66.01,0.266001,50.00,1179.185791,4551.60,0.000018,9590.00
176.300,4241.18,-64.95,0.268681,50.00,680.573303,4609.55,0.000018,10400.00
176.350,5163.27,-62.54,0.251647,50.00,431.777252,4929.26,0.000040,11665.00
176.400,3967.52,-65.83,0.259612,50.00,317.226440,4600.68,0.000014,9940.00
176.450,1981.45,-69.36,0.266911,50.00,555.157471,3002.55,0.000006,5320.00
176.500,1644.94,-69.59,0.259585,55.00,1120.853760,2694.10,0.000006,3255.00
176.550,1538.46,-71.68,0.257795,35.00,1023.470276,2721.19,0.000003,2905.00
176.600,1875.71,-70.22,0.256418,35.00,760.728088,2885.44,0.000005,3575.00
176.650,2779.38,-66.85,0.252754,30.00,369.805450,3666.00,0.000012,7660.00
176.700,4484.45,-65.33,0.256021,30.00,329.022522,4471.75,0.000015,10025.00
176.750,4305.80,-61.84,0.253976,30.00,449.379486,4469.29,0.000054,10060.00
176.800,4079.53,-59.33,0.243089,30.00,1037.750610,4237.13,0.000138,9275.00
176.850,3503.79,-62.72,0.259173,50.00,1184.790771,3888.49,0.000042,7765.00
176.900,2048.61,-68.99,0.269909,50.00,603.645691,3171.09,0.000007,5625.00
176.950,1559.66,-69.38,0.262821,50.00,822.937317,2714.02,0.000007,2845.00
177.000,1895.19,-67.63,0.220377,65.00,942.010437,2924.69,0.000019,3500.00
177.050,4092.55,-62.56,0.163591,70.00,657.620239,4695.06,0.000123,10620.00
177.100,4358.69,-62.10,0.246589,40.00,955.777466,5082.36,0.000062,11430.00
177.150,2799.16,-65.94,0.274932,35.00,1009.808960,4197.08,0.000018,8005.00
177.200,4064.78,-62.75,0.265971,35.00,845.537537,4649.02,0.000047,10585.00
177.250,5524.40,-63.21,0.243564,30.00,384.522217,5163.56,0.000045,12235.00
177.300,3949.84,-69.10,0.247390,30.00,327.410248,5079.48,0.000007,11155.00
177.350,4183.21,-62.27,0.243731,30.00,604.208740,4751.63,0.000054,10485.00
177.400,4411.78,-59.74,0.226150,35.00,960.531738,4659.29,0.000134,10455.00
177.450,3918.97,-61.35,0.220531,35.00,733.834595,4184.78,0.000086,9145.00
177.500,4680.06,-61.04,0.217121,35.00,673.588074,4471.07,0.000090,10470.00
177.550,5306.01,-61.43,0.222533,30.00,362.818634,4741.45,0.000072,11460.00
177.600,4636.10,-64.44,0.240104,30.00,356.977722,4594.74,0.000024,10305.00
177.650,3512.25,-64.84,0.230077,30.00,375.876862,4025.71,0.000027,8635.00
177.700,3276.10,-64.07,0.165747,30.00,703.557800,3592.21,0.000076,7775.00
177.750,3448.67,-64.09,0.098671,180.00,734.486511,3525.76,0.000202,7740.00
177.800,2674.45,-65.84,0.149925,120.00,808.736206,3583.06,0.000056,6850.00
177.850,1910.25,-68.30,0.255260,40.00,947.376282,3328.03,0.000010,5145.00
177.900,2110.51,-69.68,0.266356,35.00,1030.425903,3396.80,0.000005,5835.00
177.950,2970.98,-64.60,0.258495,30.00,700.526672,3410.75,0.000024,6420.00
178.000,3289.04,-62.90,0.228665,30.00,482.253967,3277.43,0.000052,6560.00
178.050,2672.38,-66.19,0.229116,30.00,512.136230,3087.16,0.000016,6055.00
178.100,2121.11,-69.02,0.174942,30.00,677.741272,2661.65,0.000009,4655.00
178.150,2612.56,-69.42,0.119089,710.00,787.398926,2835.45,0.000016,5780.00
178.200,3289.89,-67.43,0.102802,470.00,429.486725,3674.46,0.000065,7780.00
178.250,4344.69,-61.43,0.164515,55.00,801.066772,4743.70,0.000156,10875.00
178.300,4071.77,-61.74,0.238631,40.00,880.952637,4801.51,0.000069,10805.00
178.350,2420.03,-68.09,0.239965,35.00,904.855530,3778.88,0.000011,6345.00
178.400,1435.31,-72.55,0.240088,30.00,635.395447,2380.24,0.000002,3125.00
178.450,1256.24,-73.17,0.243326,30.00,371.948730,2161.13,0.000001,2315.00
178.500,1368.41,-72.85,0.247022,30.00,323.219910,2230.56,0.000001,2600.00
178.550,2018.77,-69.61,0.243239,30.00,330.105286,2639.44,0.000005,3725.00
178.600,2277.04,-69.60,0.235415,30.00,270.757965,2887.73,0.000005,4720.00
178.650,1666.57,-72.46,0.240041,30.00,344.546661,2661.96,0.000002,3070.00
178.700,1246.31,-74.88,0.246709,30.00,283.864777,2452.77,0.000001,1680.00
178.750,1328.05,-74.90,0.241380,30.00,316.302155,2522.75,0.000001,2725.00
178.800,1761.25,-73.20,0.232969,30.00,223.004684,3014.41,0.000002,3365.00
178.850,3283.23,-69.07,0.229836,30.00,359.255280,4457.79,0.000008,9260.00
178.900,3061.91,-68.80,0.227165,30.00,274.414368,4307.78,0.000008,8465.00
178.950,3162.01,-67.69,0.224788,30.00,338.746399,4155.13,0.000012,8160.00
179.000,6002.69,-62.64,0.212959,30.00,250.007034,5065.22,0.000054,12415.00
179.050,6102.95,-64.15,0.206396,30.00,268.508789,5130.27,0.000036,12550.00
179.100,3547.03,-66.81,0.211956,30.00,250.284683,4239.86,0.000018,8950.00
179.150,4771.01,-59.31,0.208076,30.00,468.963043,4338.47,0.000171,10585.00
179.200,4852.75,-58.70,0.193416,30.00,334.165863,4221.01,0.000234,10385.00
179.250,4942.12,-61.25,0.187303,30.00,421.332977,4719.48,0.000116,11435.00
179.300,4399.49,-64.25,0.187149,30.00,279.260681,4615.68,0.000050,10745.00
179.350,4276.59,-65.41,0.177411,30.00,329.593689,4587.50,0.000036,10610.00
179.400,3809.90,-65.85,0.179012,30.00,225.338669,4311.50,0.000031,9415.00
179.450,3120.44,-66.88,0.181661,30.00,238.129913,3617.66,0.000024,7430.00
179.500,2593.73,-68.24,0.175894,30.00,306.704346,3278.78,0.000018,6090.00
179.550,2284.23,-70.06,0.169736,30.00,219.261566,2961.87,0.000011,5455.00
179.600,2268.53,-71.04,0.141490,30.00,393.114044,3230.71,0.000011,6510.00
179.650,4064.73,-67.20,0.074316,30.00,512.944397,4055.03,0.000110,9495.00
179.700,3933.18,-62.47,0.092842,190.00,524.715576,4147.92,0.000329,9595.00
179.750,3642.59,-60.29,0.192450,45.00,827.727478,4403.65,0.000169,9730.00
179.800,3291.61,-62.69,0.237909,35.00,853.981873,4240.01,0.000053,8755.00
179.850,2098.68,-68.88,0.237055,35.00,881.957153,2941.75,0.000009,3945.00
179.900,1658.91,-72.19,0.204552,35.00,417.093842,2489.24,0.000003,3160.00
179.950,2276.88,-71.82,0.101155,30.00,736.210266,3039.23,0.000018,4695.00
180.000,2889.27,-67.89,0.090998,1010.00,668.625122,3102.43,0.000091,4945.00
180.050,2960.01,-65.95,0.111032,765.00,318.050171,3059.43,0.000105,5185.00
180.100,2949.61,-67.36,0.084476,180.00,442.119720,3016.91,0.000099,5915.00
180.150,2447.92,-70.03,0.080619,185.00,407.291077,3018.65,0.000037,5585.00
180.200,1900.80,-68.93,0.204689,45.00,953.309998,3153.85,0.000010,5345.00
180.250,3267.62,-65.20,0.263372,35.00,884.890320,4067.99,0.000017,8775.00
180.300,3517.14,-63.91,0.258852,35.00,968.241638,3991.83,0.000026,8760.00
180.350,3299.29,-62.26,0.223695,35.00,575.008118,3248.77,0.000067,6520.00
180.400,3709.90,-63.01,0.125117,30.00,849.909058,3137.23,0.000159,6790.00
180.450,3485.76,-68.18,0.063064,180.00,592.876953,3115.13,0.000088,6925.00
180.500,3422.25,-70.62,0.052006,180.00,217.151306,3129.58,0.000069,6680.00
180.550,4580.47,-66.30,0.057565,1570.00,165.594986,3436.89,0.000198,8570.00
180.600,4542.34,-61.77,0.101013,120.00,466.431732,4205.17,0.000348,9845.00
180.650,4305.39,-60.15,0.208288,45.00,892.774231,4711.68,0.000149,10855.00
180.700,3502.49,-63.54,0.248595,35.00,885.291992,4477.59,0.000038,9470.00
180.750,2254.00,-69.48,0.249995,35.00,889.307922,3292.42,0.000006,5490.00
180.800,2085.10,-70.76,0.249915,30.00,320.901978,3082.61,0.000003,5255.00
180.850,2026.19,-70.81,0.246585,30.00,259.270477,2989.13,0.000003,5140.00
180.900,3814.43,-64.92,0.243114,30.00,243.787720,4557.63,0.000022,10060.00
180.950,5294.48,-62.19,0.228330,30.00,315.724030,5011.01,0.000053,11915.00
181.000,4464.57,-64.15,0.237076,30.00,250.097351,4749.25,0.000030,10600.00
181.050,4730.81,-63.50,0.242390,30.00,264.962585,4768.12,0.000041,10865.00
181.100,5872.77,-62.13,0.226329,30.00,251.076080,5061.08,0.000071,12280.00
181.150,4641.70,-65.95,0.224471,30.00,284.304138,5026.92,0.000022,11555.00
181.200,2035.82,-71.07,0.233715,30.00,282.351776,3006.08,0.000005,4125.00
181.250,1883.19,-70.65,0.226546,30.00,293.208405,2594.84,0.000006,2975.00
181.300,1802.92,-71.45,0.220515,30.00,422.199036,2387.65,0.000005,2825.00
181.350,1448.17,-73.22,0.217818,30.00,333.363342,2155.44,0.000003,2310.00
181.400,1063.15,-75.57,0.212065,30.00,379.541870,2097.20,0.000001,1260.00
181.450,1309.06,-74.54,0.210936,30.00,271.193909,2644.14,0.000002,2025.00
181.500,3353.23,-63.02,0.216050,30.00,534.823059,4182.57,0.000060,8405.00
181.550,3847.25,-59.41,0.241147,55.00,1043.216187,4227.75,0.000138,8995.00
181.600,3477.95,-63.00,0.269857,50.00,1080.970459,3961.24,0.000035,7665.00
181.650,2656.00,-68.73,0.284234,50.00,684.513794,4049.43,0.000005,8075.00
181.700,2641.10,-66.31,0.272095,50.00,421.726776,3536.72,0.000013,6615.00
181.750,2461.91,-67.68,0.243768,50.00,386.453278,2927.86,0.000017,4390.00
181.800,4366.48,-62.29,0.240480,50.00,351.639740,4511.21,0.000076,10515.00
181.850,5494.45,-60.79,0.243347,50.00,284.327179,4938.10,0.000100,11920.00
181.900,4970.08,-64.93,0.248649,50.00,310.121063,4893.27,0.000025,11040.00
181.950,2695.60,-67.02,0.249443,50.00,289.414948,3434.99,0.000012,6800.00
182.000,2290.01,-67.74,0.241427,50.00,200.940384,3024.78,0.000009,4435.00
182.050,1817.49,-72.60,0.232208,50.00,307.011200,3073.58,0.000003,3165.00
182.100,4068.37,-63.23,0.228887,50.00,636.053162,4752.77,0.000043,10840.00
182.150,4006.75,-60.52,0.227475,45.00,931.499695,4589.00,0.000105,10570.00
182.200,2826.98,-63.88,0.228991,35.00,954.536377,3660.78,0.000042,6585.00
182.250,4071.83,-61.83,0.228641,35.00,692.785278,4431.18,0.000072,10175.00
182.300,5324.44,-61.23,0.228184,30.00,375.874146,4884.58,0.000075,11700.00
182.350,4628.82,-64.58,0.238287,30.00,296.838989,4517.74,0.000022,10135.00
182.400,2508.26,-67.41,0.238865,30.00,403.567841,3247.15,0.000012,6120.00
182.450,2435.86,-67.07,0.181718,30.00,695.657654,2972.86,0.000029,4020.00
182.500,2766.93,-66.50,0.106508,180.00,799.598083,2984.43,0.000088,4740.00
182.550,1900.65,-68.87,0.143550,60.00,785.985779,2632.51,0.000023,3570.00
182.600,1242.91,-71.06,0.252091,40.00,965.143799,2349.52,0.000003,2945.00
182.650,1620.93,-70.78,0.267740,35.00,1022.877563,2765.49,0.000003,3585.00
182.700,2625.76,-65.02,0.260020,30.00,771.511475,3055.00,0.000023,5655.00
182.750,3076.10,-62.84,0.226308,30.00,526.322632,3066.20,0.000056,6235.00
182.800,2684.01,-65.40,0.224737,30.00,452.143768,2935.09,0.000024,5625.00
182.850,2171.49,-69.21,0.218373,30.00,373.858521,2749.59,0.000008,4325.00
182.900,2352.79,-69.10,0.154698,30.00,647.910889,2878.52,0.000015,4930.00
182.950,3480.74,-67.65,0.083366,245.00,712.751526,3700.64,0.000092,7855.00
183.000,4785.15,-61.53,0.142019,55.00,680.174988,4856.56,0.000196,11195.00
183.050,4400.74,-61.16,0.235134,40.00,885.224976,4855.07,0.000084,10995.00
183.100,3016.90,-65.94,0.247068,35.00,910.689087,3981.13,0.000017,7685.00
183.150,3564.67,-65.79,0.242838,30.00,632.723816,4094.85,0.000016,8670.00
183.200,4970.37,-63.86,0.247023,30.00,290.224426,4487.67,0.000025,10220.00
183.250,4568.65,-65.99,0.252772,30.00,175.335770,4496.90,0.000013,9890.00
183.300,2417.82,-68.36,0.256278,30.00,288.793091,3242.88,0.000008,5630.00
183.350,2426.37,-67.49,0.244087,30.00,380.392395,2997.97,0.000013,4735.00
183.400,2263.84,-69.13,0.241831,30.00,320.273285,2829.49,0.000008,4285.00
183.450,1902.52,-70.98,0.237050,30.00,298.676514,2616.32,0.000005,2920.00
183.500,3219.07,-67.90,0.233860,30.00,305.160187,3881.97,0.000009,8160.00
183.550,4533.81,-67.12,0.239996,30.00,171.916641,4474.56,0.000012,10005.00
183.600,3992.79,-66.54,0.240028,30.00,254.787308,4682.13,0.000018,10040.00
183.650,3417.44,-66.72,0.234912,30.00,350.545868,4354.71,0.000021,9020.00
183.700,2816.67,-67.26,0.228097,30.00,375.720947,3779.29,0.000018,7400.00
183.750,4874.32,-61.87,0.210761,30.00,402.571350,4826.21,0.000077,11520.00
183.800,5126.34,-62.89,0.199856,30.00,345.447083,5011.88,0.000062,11885.00
183.850,3412.50,-67.65,0.201409,30.00,322.515961,4495.91,0.000016,9575.00
183.900,5104.24,-59.59,0.199277,30.00,398.850250,4513.87,0.000168,11185.00
183.950,4958.83,-58.61,0.196118,30.00,363.866638,4308.13,0.000233,10570.00
184.000,5133.70,-60.96,0.191065,30.00,362.113434,4641.06,0.000111,11235.00
184.050,4881.91,-63.35,0.186548,30.00,311.103851,4612.23,0.000058,10945.00
184.100,4495.72,-63.95,0.182361,30.00,321.860382,4519.14,0.000050,10400.00
184.150,3630.01,-63.75,0.183718,30.00,340.385834,4085.63,0.000057,8970.00
184.200,2732.42,-66.15,0.180532,30.00,358.980560,3391.26,0.000037,5855.00
184.250,2615.47,-68.40,0.163189,30.00,328.517456,3400.23,0.000023,4920.00
184.300,3198.87,-66.08,0.168842,30.00,338.661499,3730.36,0.000036,7770.00
184.350,4944.85,-63.11,0.143906,30.00,355.831024,4410.46,0.000098,10210.00
184.400,6529.98,-65.48,0.073216,30.00,516.787476,4160.16,0.000171,10975.00
184.450,4802.80,-64.58,0.050568,95.00,443.230652,4578.41,0.000535,10520.00
184.500,4130.40,-59.83,0.173829,50.00,829.641907,4667.58,0.000229,10685.00
184.550,3350.84,-61.25,0.237005,35.00,796.515625,4230.61,0.000090,8825.00
184.600,2241.13,-66.76,0.231966,35.00,876.249329,2865.75,0.000020,4005.00
184.650,2138.57,-68.70,0.200823,35.00,396.443298,2691.97,0.000013,3925.00
184.700,2139.52,-72.51,0.099615,30.00,708.604614,2733.37,0.000011,4245.00
184.750,2253.89,-71.34,0.061239,745.00,580.148987,2941.20,0.000051,3640.00
184.800,1749.27,-68.81,0.185743,45.00,858.778625,2602.61,0.000019,2780.00
184.850,1945.20,-67.37,0.236963,35.00,787.409485,2740.47,0.000017,2995.00
184.900,2084.72,-68.59,0.241748,35.00,936.946106,2738.24,0.000009,3635.00
184.950,1760.43,-71.16,0.217992,35.00,377.998352,2634.51,0.000003,3735.00
185.000,2008.05,-72.72,0.106073,30.00,774.357788,2855.38,0.000007,4710.00
185.050,2175.82,-69.55,0.082074,185.00,658.856445,2917.86,0.000105,4640.00
185.100,2486.84,-63.15,0.195268,45.00,843.328369,3030.13,0.000127,5510.00
185.150,2660.88,-63.33,0.234743,35.00,846.552185,3070.61,0.000075,5800.00
185.200,2391.50,-67.59,0.236478,35.00,873.019714,3014.68,0.000009,5365.00
185.250,2291.69,-69.36,0.206171,35.00,405.357452,3111.59,0.000005,5610.00
185.300,2721.18,-70.02,0.099134,30.00,766.321167,3391.91,0.000025,6775.00
185.350,5182.35,-62.97,0.075748,120.00,572.323059,4566.39,0.000370,10820.00
185.400,4699.21,-60.27,0.197669,45.00,902.223389,4925.51,0.000144,11180.00
185.450,3441.73,-63.57,0.249157,35.00,837.164001,4622.12,0.000037,9875.00
185.500,1856.85,-70.14,0.245485,35.00,915.528748,3024.88,0.000005,4615.00
185.550,1751.88,-71.19,0.246281,30.00,439.782867,2782.13,0.000003,4375.00
185.600,1716.68,-71.59,0.245598,30.00,278.282623,2698.04,0.000002,4060.00
185.650,3413.95,-65.75,0.247906,30.00,314.066528,4430.28,0.000019,9250.00
185.700,3915.34,-62.12,0.244009,30.00,946.592102,4787.50,0.000061,10710.00
185.750,3123.40,-64.40,0.254942,55.00,1146.949097,4275.15,0.000029,8745.00
185.800,3800.34,-65.04,0.264170,50.00,774.852539,4392.26,0.000020,9635.00
185.850,5446.73,-63.00,0.251579,50.00,357.921051,5015.30,0.000037,12035.00
185.900,5204.61,-65.02,0.255094,50.00,238.941589,5090.51,0.000018,11725.00
185.950,4516.32,-65.38,0.264232,50.00,407.293976,5009.60,0.000016,10695.00
186.000,2696.79,-66.24,0.265591,55.00,1148.188965,4240.05,0.000016,8950.00
186.050,1400.41,-71.50,0.261359,35.00,997.897827,2820.32,0.000004,2835.00
186.100,1491.35,-72.95,0.256091,35.00,879.500916,2611.73,0.000002,3175.00
186.150,2035.76,-70.23,0.253272,30.00,417.763885,3357.52,0.000005,5220.00
186.200,3353.94,-68.80,0.259124,30.00,342.003357,4527.19,0.000006,9865.00
186.250,4032.12,-63.15,0.260978,30.00,401.834259,4594.99,0.000035,10245.00
186.300,3910.82,-59.14,0.247109,30.00,1025.704834,4254.28,0.000144,9250.00
186.350,3313.34,-61.93,0.250630,50.00,1176.406982,3803.01,0.000063,7195.00
186.400,1492.14,-71.11,0.257304,50.00,621.696777,2360.22,0.000004,2460.00
186.450,953.43,-73.31,0.255499,50.00,840.422791,1831.03,0.000002,1485.00
186.500,1163.58,-72.14,0.219868,65.00,879.289856,2670.67,0.000005,1420.00
186.550,4918.84,-63.14,0.133345,70.00,738.722473,5072.37,0.000121,11495.00
186.600,4404.42,-60.73,0.223099,40.00,755.196106,4973.70,0.000101,11160.00
186.650,3171.61,-63.40,0.249444,35.00,919.926941,4147.64,0.000039,8815.00
186.700,4882.52,-61.49,0.250208,35.00,861.731750,4739.31,0.000053,10870.00
186.750,6708.73,-61.54,0.246940,30.00,370.756775,4975.23,0.000051,12420.00
186.800,5396.74,-66.13,0.249495,30.00,229.197464,5236.34,0.000012,11885.00
186.850,4220.86,-62.80,0.248031,30.00,457.220673,4698.03,0.000044,10430.00
186.900,4391.66,-59.77,0.225648,35.00,969.300598,4576.04,0.000136,10310.00
186.950,4200.81,-61.18,0.217785,35.00,569.621277,4308.74,0.000090,9575.00
187.000,4516.61,-60.96,0.219832,35.00,670.412720,4428.90,0.000090,10125.00
187.050,5053.25,-60.76,0.221004,30.00,402.124115,4717.74,0.000089,11145.00
187.100,4626.87,-64.07,0.235015,30.00,370.019623,4644.59,0.000028,10380.00
187.150,3510.27,-64.77,0.237055,30.00,373.754486,4057.54,0.000027,8700.00
187.200,3177.76,-64.09,0.184518,30.00,676.948975,3603.43,0.000061,7625.00
187.250,3361.18,-63.94,0.110048,30.00,798.422485,3492.60,0.000169,7565.00
187.300,2731.73,-65.47,0.137983,65.00,753.486450,3521.69,0.000074,6815.00
187.350,1954.06,-67.91,0.250281,40.00,981.354004,3346.07,0.000011,5390.00
187.400,1981.98,-69.55,0.266931,35.00,1000.807068,3258.80,0.000005,4850.00
187.450,2669.47,-65.37,0.258477,30.00,813.822937,3091.26,0.000016,5785.00
187.500,3119.56,-63.01,0.227168,30.00,503.881836,3104.35,0.000041,6290.00
187.550,2719.43,-65.61,0.222964,30.00,529.197388,3118.08,0.000020,6060.00
187.600,2328.12,-69.24,0.166519,30.00,599.883240,3017.90,0.000010,5700.00
187.650,3002.79,-68.11,0.104564,505.00,738.662964,3155.64,0.000027,6785.00
187.700,3674.04,-65.44,0.101132,505.00,356.152740,3460.26,0.000115,8060.00
187.750,4662.91,-60.62,0.146694,60.00,761.793091,4583.96,0.000229,10610.00
187.800,4461.50,-60.70,0.237810,40.00,909.131287,4832.98,0.000084,10895.00
187.850,2996.69,-65.38,0.245846,35.00,915.522278,3960.73,0.000020,8040.00
187.900,1840.21,-70.51,0.243833,30.00,687.062866,2540.72,0.000004,3745.00
187.950,1657.43,-71.75,0.247485,30.00,359.825928,2351.57,0.000002,3365.00
188.000,1933.78,-70.55,0.242468,30.00,218.259399,2648.39,0.000003,4010.00
188.050,2175.43,-68.65,0.239035,30.00,388.443970,2719.68,0.000009,4345.00
188.100,2149.03,-69.89,0.237856,30.00,381.179077,2713.11,0.000006,4470.00
188.150,2030.30,-69.74,0.238854,30.00,254.059204,2513.80,0.000006,3700.00
188.200,1886.57,-69.97,0.232886,30.00,357.976166,2360.89,0.000007,2810.00
188.250,1830.51,-71.11,0.226796,30.00,294.349335,2472.19,0.000004,2785.00
188.300,2294.48,-70.62,0.233371,30.00,248.995453,3362.77,0.000004,5370.00
188.350,3583.95,-66.87,0.236358,30.00,187.268509,4324.36,0.000013,9040.00
188.400,3480.01,-66.71,0.232086,30.00,267.256500,4264.53,0.000015,8935.00
188.450,2980.89,-66.67,0.225806,30.00,246.741211,3955.04,0.000017,8185.00
188.500,5713.32,-61.48,0.209076,30.00,337.329254,4959.16,0.000081,11795.00
188.550,6858.32,-62.30,0.199690,30.00,255.336227,4830.83,0.000065,12285.00
188.600,5284.04,-64.04,0.207483,30.00,212.946991,4622.07,0.000035,10470.00
188.650,5131.48,-58.98,0.208017,30.00,433.770142,4443.84,0.000178,10775.00
188.700,5222.67,-58.79,0.187848,30.00,297.762909,4248.17,0.000233,10745.00
188.750,6057.49,-61.08,0.182504,30.00,425.701202,4639.31,0.000110,11915.00
188.800,5523.09,-64.01,0.187273,30.00,247.881195,4952.93,0.000046,11930.00
188.850,4778.99,-65.57,0.185206,30.00,201.188202,4917.56,0.000030,11520.00
188.900,3889.05,-66.28,0.181009,30.00,258.553680,4564.55,0.000026,10140.00
188.950,2942.55,-66.25,0.179278,30.00,408.026459,3461.30,0.000033,6145.00
189.000,2916.76,-67.62,0.172474,30.00,327.338715,3222.83,0.000024,5650.00
189.050,2669.56,-70.82,0.166207,30.00,384.558777,2989.87,0.000010,5370.00
189.100,2359.89,-70.77,0.145875,30.00,371.585571,2710.78,0.000014,4430.00
189.150,2227.50,-72.03,0.080727,30.00,520.114441,2855.71,0.000025,4710.00
189.200,4299.23,-66.62,0.048495,130.00,427.331879,4560.77,0.000321,10570.00
189.250,4179.75,-60.33,0.166247,50.00,809.972839,4641.12,0.000206,10715.00
189.300,3314.18,-61.20,0.233166,35.00,779.190674,4214.36,0.000090,8715.00
189.350,2098.73,-67.07,0.232704,35.00,905.357117,2878.09,0.000019,3415.00
189.400,2052.06,-68.27,0.209927,35.00,387.319336,2641.70,0.000014,3355.00
189.450,2253.47,-69.63,0.115282,30.00,701.189331,2636.16,0.000022,4150.00
189.500,2684.86,-71.06,0.049308,275.00,574.726746,3010.57,0.000064,4745.00
189.550,2622.53,-68.59,0.107837,990.00,462.938995,2886.11,0.000038,4030.00
189.600,2876.17,-66.48,0.123510,990.00,341.835266,2999.13,0.000060,4900.00
189.650,2557.91,-67.36,0.098783,185.00,503.014557,2863.54,0.000070,4555.00
189.700,1443.30,-70.32,0.195562,45.00,981.504639,2417.39,0.000007,3075.00
189.750,1735.45,-69.87,0.263403,35.00,901.111511,3277.82,0.000005,4350.00
189.800,3122.77,-66.03,0.263419,35.00,1005.945984,3996.92,0.000014,8705.00
189.850,3535.81,-62.02,0.233194,35.00,535.849854,3358.34,0.000064,6915.00
189.900,3825.51,-62.60,0.130177,30.00,846.030701,3175.14,0.000166,6895.00
189.950,3883.96,-66.81,0.059879,180.00,643.991211,3382.71,0.000146,7695.00
190.000,3643.74,-67.44,0.072786,180.00,251.999023,3197.45,0.000086,7100.00
190.050,3410.77,-66.96,0.100487,510.00,372.930298,3009.44,0.000051,6650.00
190.100,4097.23,-63.39,0.119743,505.00,447.011322,4129.87,0.000152,9185.00
190.150,4515.65,-60.24,0.200196,45.00,917.246338,4748.23,0.000146,10960.00
190.200,3646.14,-62.13,0.246059,35.00,861.386414,4476.26,0.000056,9700.00
190.250,3431.36,-65.03,0.245151,35.00,939.860962,4010.03,0.000021,9200.00
190.300,4084.12,-65.64,0.247738,30.00,393.926331,4335.15,0.000015,9835.00
190.350,2828.30,-68.11,0.246240,30.00,246.307281,3753.76,0.000007,7755.00
190.400,3551.87,-64.80,0.239574,30.00,249.736771,4271.46,0.000025,8870.00
190.450,4718.43,-61.16,0.226086,30.00,356.045349,4645.26,0.000082,11045.00
190.500,3984.25,-63.54,0.229137,30.00,252.151947,4418.47,0.000040,9870.00
190.550,3894.92,-63.50,0.236689,30.00,246.273071,4444.84,0.000037,9830.00
190.600,5577.03,-60.49,0.230578,30.00,232.349548,4954.50,0.000082,11915.00
190.650,5278.39,-63.61,0.232056,30.00,294.824371,5016.81,0.000030,11615.00
190.700,2697.04,-68.63,0.238813,30.00,278.317871,3445.05,0.000008,6395.00
190.750,2629.89,-69.51,0.232220,30.00,122.698463,3317.90,0.000006,6120.00
190.800,2599.75,-68.53,0.232635,30.00,305.954590,3506.09,0.000007,6505.00
190.850,3135.12,-66.15,0.227054,30.00,201.911545,3801.11,0.000019,8375.00
190.900,4807.03,-64.80,0.219908,30.00,268.912262,4418.19,0.000025,10035.00
190.950,5039.08,-67.35,0.219390,30.00,164.065811,4521.51,0.000011,10095.00
191.000,3670.37,-63.47,0.219579,30.00,427.867584,4302.17,0.000043,9410.00
191.050,3927.95,-59.37,0.232592,30.00,987.820251,4245.97,0.000143,9215.00
191.100,3627.05,-61.99,0.253668,50.00,1058.003784,3948.63,0.000055,7755.00
191.150,2401.27,-69.68,0.267431,50.00,729.245728,3014.75,0.000005,4695.00
191.200,2287.91,-70.35,0.272231,50.00,333.743500,2653.82,0.000003,3780.00
191.250,2196.30,-70.71,0.264935,50.00,362.058899,2580.87,0.000004,3590.00
191.300,4236.81,-63.00,0.260515,50.00,264.580963,4494.96,0.000034,10420.00
191.350,5880.05,-60.70,0.252248,50.00,305.141663,4921.96,0.000063,11940.00
191.400,5812.64,-63.92,0.249468,50.00,272.888214,4859.60,0.000024,11130.00
191.450,3706.42,-67.32,0.250067,50.00,181.520630,4281.79,0.000009,9385.00
191.500,4199.53,-66.97,0.245739,50.00,145.455475,4459.89,0.000011,9695.00
191.550,5412.87,-65.74,0.240196,50.00,171.436157,4554.56,0.000015,10075.00
191.600,4543.32,-61.26,0.230508,50.00,565.535706,4585.36,0.000074,10225.00
191.650,3944.00,-60.12,0.221681,45.00,922.395325,4479.15,0.000131,10095.00
191.700,2991.03,-63.26,0.227646,35.00,950.676331,3753.99,0.000055,7090.00
191.750,3925.43,-62.10,0.230017,35.00,711.643494,4304.68,0.000063,9535.00
191.800,4666.80,-60.86,0.226938,30.00,407.221405,4700.82,0.000087,11100.00
191.850,3614.10,-65.86,0.235386,30.00,370.033661,4442.16,0.000018,9610.00
191.900,1848.55,-70.73,0.240574,30.00,328.190460,2791.02,0.000005,2890.00
191.950,2360.08,-67.56,0.191712,30.00,672.090332,2935.92,0.000023,3565.00
192.000,2739.02,-66.56,0.114589,990.00,819.204834,2943.80,0.000080,4625.00
192.050,2011.75,-68.44,0.132824,75.00,726.549011,2660.12,0.000029,3730.00
192.100,1269.20,-70.70,0.249833,40.00,1009.333557,2311.49,0.000003,2905.00
192.150,1331.28,-71.70,0.270655,35.00,992.154236,2358.28,0.000002,2995.00
192.200,2249.69,-66.31,0.261457,35.00,863.286682,2771.22,0.000012,4955.00
192.250,2941.73,-63.04,0.232991,30.00,536.936096,3004.87,0.000042,6185.00
192.300,2773.42,-64.88,0.234191,30.00,465.388092,3015.38,0.000023,5945.00
192.350,2440.12,-67.04,0.230809,30.00,340.802307,2775.09,0.000010,5105.00
192.400,2702.43,-66.64,0.171704,30.00,633.315125,2827.82,0.000017,5485.00
192.450,3145.99,-65.66,0.108193,510.00,787.864929,3004.47,0.000110,6220.00
192.500,4138.08,-61.06,0.150516,70.00,688.037476,4368.79,0.000219,9940.00
192.550,3989.66,-60.51,0.233209,40.00,898.204834,4571.49,0.000108,10475.00
192.600,2813.97,-64.02,0.241388,35.00,902.636963,3580.12,0.000036,6300.00
192.650,3372.17,-64.09,0.250038,35.00,741.699280,3700.38,0.000023,8250.00
192.700,4566.46,-63.32,0.256635,30.00,324.773346,4256.43,0.000024,9725.00
192.750,4815.56,-63.45,0.257840,30.00,197.057587,4440.31,0.000025,10070.00
192.800,3753.21,-63.81,0.257898,30.00,343.609406,4204.91,0.000027,9510.00
192.850,2406.33,-66.31,0.248248,30.00,364.766815,3181.84,0.000017,5335.00
192.900,1850.51,-69.12,0.246022,30.00,343.874725,2465.71,0.000008,3295.00
192.950,1570.85,-71.54,0.253298,30.00,322.527466,2348.55,0.000003,2970.00
193.000,1687.05,-70.77,0.254575,30.00,273.283112,2284.85,0.000003,2980.00
193.050,2141.76,-67.97,0.240959,30.00,377.615234,2597.70,0.000012,3665.00
193.100,2846.54,-65.10,0.225859,30.00,289.778259,3562.34,0.000030,6000.00
193.150,2820.86,-65.29,0.232939,30.00,411.619293,3802.50,0.000026,6875.00
193.200,2343.75,-66.18,0.230542,30.00,335.382111,3277.00,0.000023,5050.00
193.250,5065.38,-61.50,0.210957,30.00,367.788361,4905.54,0.000081,11625.00
193.300,6338.83,-61.48,0.201475,30.00,296.394623,4965.84,0.000078,12355.00
193.350,4232.92,-63.37,0.213858,30.00,315.207642,4499.28,0.000046,10090.00
193.400,4240.87,-59.14,0.217586,30.00,472.521271,4251.54,0.000171,9765.00
193.450,4673.73,-58.28,0.198516,30.00,374.264557,4170.63,0.000248,10015.00
193.500,5470.65,-60.15,0.188382,30.00,458.331116,4596.90,0.000163,11385.00
193.550,5417.48,-63.06,0.183166,30.00,242.184296,4933.47,0.000079,11830.00
193.600,4048.54,-62.06,0.185910,30.00,382.059052,4385.56,0.000131,10010.00
193.650,3278.38,-63.49,0.183562,30.00,379.445740,3669.49,0.000086,7895.00
193.700,2986.00,-66.46,0.169821,30.00,332.255463,3335.20,0.000034,5420.00
193.750,2790.02,-67.71,0.160795,30.00,363.861877,3436.85,0.000023,5985.00
193.800,2536.49,-67.18,0.174220,30.00,369.855896,3195.22,0.000026,5225.00
193.850,2534.06,-66.97,0.157950,30.00,311.651825,3147.42,0.000032,5470.00
193.900,4835.33,-64.62,0.087072,30.00,563.643982,4130.80,0.000175,9710.00
193.950,5342.91,-61.50,0.084113,590.00,471.418854,4291.76,0.000485,10010.00
194.000,3978.96,-59.45,0.185528,55.00,827.709412,4477.23,0.000230,9950.00
194.050,3230.64,-61.01,0.248924,35.00,867.982117,4179.51,0.000084,8365.00
194.100,2149.71,-66.51,0.245705,35.00,945.352722,2881.99,0.000019,3785.00
194.150,1902.08,-68.65,0.220140,35.00,369.799500,2419.21,0.000012,3245.00
194.200,2006.51,-69.86,0.124777,30.00,719.955566,2454.69,0.000021,3525.00
194.250,2300.53,-69.50,0.070543,960.00,628.792542,2774.25,0.000062,3885.00
194.300,1817.90,-67.75,0.183144,55.00,848.461731,2552.60,0.000025,2905.00
194.350,1937.01,-66.50,0.251034,35.00,836.739319,2691.37,0.000020,3055.00
194.400,2063.62,-67.54,0.251713,35.00,988.195618,2681.83,0.000012,3600.00
194.450,1811.57,-69.83,0.229445,35.00,395.308533,2571.16,0.000005,3685.00
194.500,3809.70,-66.19,0.123250,30.00,775.307068,3961.11,0.000045,8745.00
194.550,5114.45,-62.49,0.079321,130.00,691.415833,4105.71,0.000381,9760.00
194.600,3610.90,-60.70,0.197557,55.00,889.427856,3676.49,0.000137,8185.00
194.650,2884.94,-62.55,0.257721,35.00,886.816956,3182.56,0.000049,6280.00
194.700,2654.66,-65.85,0.254774,35.00,987.676758,3141.05,0.000009,5990.00
194.750,3017.62,-66.63,0.220968,35.00,427.010925,3301.46,0.000008,7250.00
194.800,3246.47,-67.60,0.129017,30.00,773.664246,3193.45,0.000022,7365.00
194.850,4151.84,-63.62,0.103125,525.00,623.374084,4151.41,0.000194,9030.00
194.900,4668.39,-60.47,0.199655,50.00,960.833923,4892.89,0.000136,11135.00
194.950,3846.63,-62.21,0.270030,35.00,925.086487,4723.58,0.000043,10370.00
195.000,2098.67,-66.93,0.258243,35.00,1014.061523,3038.17,0.000014,4060.00
195.050,2089.57,-67.67,0.242994,30.00,522.087341,2739.36,0.000012,3680.00
195.100,2021.41,-69.21,0.247708,30.00,390.514282,2732.77,0.000006,3900.00
195.150,3146.33,-65.61,0.254076,30.00,364.937073,4164.71,0.000019,8390.00
195.200,3875.01,-61.69,0.253636,30.00,948.755676,4696.34,0.000064,10455.00
195.250,3117.71,-62.83,0.273995,55.00,1179.034790,4182.85,0.000042,8740.00
195.300,3029.74,-64.64,0.289527,50.00,845.628967,4041.73,0.000021,8230.00
195.350,5109.22,-62.63,0.286581,50.00,468.699402,5101.96,0.000030,11895.00
195.400,4005.27,-64.60,0.283977,50.00,339.120422,4758.92,0.000018,10725.00
195.450,2339.22,-67.77,0.293294,50.00,394.930573,3459.05,0.000008,6405.00
195.500,3290.39,-64.56,0.290567,55.00,1182.097046,4358.49,0.000019,9245.00
195.550,3703.86,-64.20,0.274487,35.00,1027.701538,4528.75,0.000022,9805.00
195.600,2955.05,-65.17,0.259076,35.00,1026.833740,3807.71,0.000019,8280.00
195.650,1755.15,-69.62,0.256338,30.00,447.987000,2635.81,0.000006,3265.00
195.700,1379.37,-72.53,0.264291,30.00,416.432495,2400.71,0.000002,2685.00
195.750,3111.51,-64.00,0.268787,30.00,437.718323,4039.26,0.000027,8250.00
195.800,3751.73,-59.08,0.256961,30.00,1057.380249,4137.21,0.000127,8690.00
195.850,3477.31,-61.00,0.291157,50.00,1263.691040,3874.26,0.000055,7760.00
195.900,3341.89,-64.34,0.309093,50.00,718.858398,3970.69,0.000017,8330.00
195.950,2818.39,-65.31,0.278169,50.00,814.320740,3896.47,0.000016,7980.00
196.000,1622.87,-68.69,0.230832,65.00,991.052856,2924.99,0.000011,3410.00
196.050,3960.95,-62.51,0.150036,60.00,798.670898,4462.64,0.000135,9720.00
196.100,4123.30,-59.77,0.230778,45.00,812.877625,4680.16,0.000136,10610.00
196.150,2859.21,-62.60,0.273444,35.00,932.030762,3946.73,0.000046,7445.00
196.200,3460.32,-62.83,0.258637,35.00,990.064758,4273.71,0.000042,9115.00
196.250,5293.82,-60.89,0.249847,30.00,435.525818,4956.20,0.000065,11645.00
196.300,5648.86,-62.07,0.254765,30.00,355.225769,4689.29,0.000041,10770.00
196.350,4697.86,-62.27,0.254140,30.00,409.395813,4378.70,0.000044,9750.00
196.400,3140.29,-62.53,0.207464,30.00,844.710510,3600.73,0.000079,8275.00
196.450,2482.12,-64.95,0.162880,1620.00,970.256531,2667.96,0.000068,4265.00
196.500,2595.76,-65.83,0.156625,1625.00,505.495300,2642.98,0.000045,4610.00
196.550,2548.80,-66.27,0.132675,1085.00,536.045776,2616.01,0.000049,4340.00
196.600,2590.00,-66.73,0.111358,755.00,395.984894,2709.96,0.000062,4640.00
196.650,2716.61,-66.75,0.100228,760.00,402.464569,2834.33,0.000084,4830.00
196.700,2843.05,-65.42,0.130301,990.00,433.604218,2929.44,0.000087,5015.00
196.750,2922.69,-64.96,0.122382,585.00,417.273804,2957.15,0.000110,5420.00
196.800,2763.31,-66.78,0.090804,590.00,411.903259,2829.35,0.000097,5375.00
196.850,2769.31,-68.78,0.067027,1335.00,320.801636,2809.83,0.000053,5600.00
196.900,2628.70,-70.13,0.064009,1335.00,205.969025,2716.84,0.000026,5245.00
196.950,2625.88,-70.77,0.063606,1335.00,176.038132,2803.33,0.000027,5225.00
197.000,3143.53,-68.11,0.064073,1330.00,212.147858,3307.07,0.000078,7270.00
197.050,3437.84,-66.94,0.068027,1330.00,190.012894,3433.02,0.000099,7705.00
197.100,3328.12,-68.16,0.064929,1330.00,213.219986,3273.76,0.000067,7440.00
197.150,3118.57,-69.36,0.060702,1325.00,176.531464,3136.09,0.000051,6890.00
197.200,3097.52,-69.83,0.053358,1325.00,168.376907,3077.79,0.000053,6700.00
197.250,3185.75,-69.88,0.050971,1325.00,153.580582,3153.19,0.000059,6985.00
197.300,3192.81,-69.11,0.056410,1330.00,159.304047,3103.37,0.000078,6920.00
197.350,3224.40,-68.91,0.057183,1330.00,165.220123,3112.56,0.000093,6965.00
197.400,3079.82,-69.61,0.055664,1330.00,145.626022,3159.25,0.000086,6845.00
197.450,2752.27,-70.41,0.055489,1330.00,159.379791,3007.57,0.000066,5860.00
197.500,2844.37,-69.83,0.057294,1330.00,163.298172,3042.18,0.000061,6020.00
197.550,3355.65,-68.45,0.057378,1330.00,177.391190,3307.48,0.000091,7900.00
197.600,3301.68,-68.07,0.061560,1330.00,195.487106,3372.38,0.000102,7955.00
197.650,3008.68,-69.42,0.059870,195.00,178.508667,3262.88,0.000077,6915.00
197.700,2959.18,-70.76,0.052475,1330.00,171.139740,3229.79,0.000064,6640.00
197.750,2874.66,-71.60,0.051233,1325.00,125.936943,3162.36,0.000050,6325.00
197.800,2843.15,-72.05,0.050133,1325.00,110.456009,3141.76,0.000044,6415.00
197.850,2476.13,-72.16,0.050740,1325.00,135.961319,2956.73,0.000041,5300.00
197.900,2340.07,-71.54,0.055262,200.00,190.573029,2895.73,0.000039,4945.00
197.950,2595.14,-71.13,0.055344,195.00,213.483978,2994.36,0.000037,5740.00
198.000,2622.37,-71.41,0.053284,195.00,146.039581,2957.95,0.000035,5630.00
198.050,2553.22,-72.47,0.045222,590.00,130.555740,2902.04,0.000036,5300.00
198.100,2518.00,-73.04,0.042005,1180.00,125.812851,2985.52,0.000042,5310.00
198.150,2965.67,-70.35,0.050679,585.00,169.734268,3460.59,0.000087,7205.00
198.200,3579.75,-68.06,0.054611,585.00,154.210068,3693.54,0.000141,8105.00
198.250,3749.59,-69.06,0.044980,490.00,174.767303,3644.86,0.000125,8245.00
198.300,3395.51,-71.03,0.042028,490.00,131.959930,3496.50,0.000050,7665.00
198.350,3020.16,-71.95,0.045222,490.00,108.768562,3278.53,0.000034,6605.00
198.400,2702.92,-72.61,0.042812,985.00,110.266922,3079.89,0.000034,5855.00
198.450,2352.10,-72.31,0.046870,985.00,192.651993,2952.72,0.000039,4910.00
198.500,2358.49,-72.34,0.056962,195.00,187.227264,3034.21,0.000032,5055.00
198.550,2477.23,-73.04,0.050785,195.00,147.051239,3114.03,0.000032,5415.00
198.600,2460.34,-73.96,0.041351,195.00,120.311028,3071.23,0.000034,5270.00
198.650,2712.90,-74.78,0.027723,195.00,131.098923,3236.65,0.000046,6140.00
198.700,2791.92,-74.34,0.025605,490.00,98.520195,3374.88,0.000059,6420.00
198.750,2395.48,-72.85,0.047234,190.00,201.170380,3273.40,0.000036,5685.00
198.800,2722.40,-71.34,0.057989,185.00,199.231323,3360.25,0.000043,6395.00
198.850,3035.27,-71.04,0.055621,185.00,156.507874,3332.28,0.000051,6680.00
198.900,2945.15,-72.07,0.049166,185.00,139.809296,3250.01,0.000045,6395.00
198.950,2816.00,-72.77,0.046616,185.00,122.681816,3080.39,0.000034,5845.00
199.000,2724.73,-73.36,0.043797,185.00,118.961296,2970.75,0.000033,5530.00
199.050,2825.27,-73.64,0.042482,185.00,113.517189,3130.41,0.000035,5730.00
199.100,2916.31,-73.53,0.041779,985.00,86.410042,3198.61,0.000039,6010.00
199.150,2795.10,-73.64,0.041692,980.00,82.090881,3125.90,0.000037,5815.00
199.200,2813.21,-73.78,0.038131,985.00,98.539246,3146.12,0.000040,6040.00
199.250,2948.66,-73.93,0.036280,985.00,97.981758,3233.91,0.000033,6355.00
199.300,2917.11,-73.02,0.037097,985.00,98.820190,3346.95,0.000050,6610.00
199.350,3756.15,-69.54,0.042224,980.00,124.936417,3809.25,0.000113,8365.00
199.400,4272.30,-68.76,0.039120,980.00,106.810791,3881.38,0.000148,8970.00
199.450,4373.46,-70.14,0.033567,980.00,121.676804,3948.54,0.000125,9140.00
199.500,4322.97,-71.23,0.030281,980.00,71.584160,3969.28,0.000110,9285.00
199.550,3887.28,-72.47,0.028613,980.00,80.935410,3770.29,0.000081,8685.00
199.600,3784.78,-72.71,0.028259,980.00,86.256950,3749.84,0.000088,8515.00
199.650,4285.53,-70.03,0.031097,980.00,93.807602,3794.14,0.000201,8925.00
199.700,4421.04,-68.35,0.043487,985.00,154.593369,3656.70,0.000195,8755.00
199.750,4188.38,-69.51,0.050175,735.00,129.656647,3563.90,0.000096,8525.00
199.800,3875.27,-70.62,0.048047,980.00,154.468689,3478.85,0.000058,8200.00
199.850,3756.23,-70.90,0.038346,985.00,127.651207,3527.36,0.000074,8125.00
199.900,3512.69,-72.10,0.028903,985.00,142.416382,3607.13,0.000103,7985.00
199.950,3096.03,-70.31,0.049973,185.00,221.186584,3462.84,0.000080,7165.00
200.000,3254.77,-69.42,0.064889,185.00,192.594482,3384.50,0.000065,7180.00
200.050,3333.88,-70.07,0.061254,185.00,157.248459,3352.87,0.000057,7185.00
200.100,3384.84,-69.69,0.055831,185.00,157.859558,3296.83,0.000073,7110.00
200.150,3350.62,-70.51,0.051393,185.00,153.404190,3290.22,0.000069,7050.00
200.200,3052.37,-70.85,0.051781,185.00,151.669357,3240.95,0.000066,6700.00
200.250,3210.90,-70.48,0.047838,1480.00,125.400749,3473.87,0.000087,7390.00
200.300,3503.82,-70.22,0.043889,1480.00,128.785477,3500.59,0.000104,7630.00
200.350,3595.75,-70.20,0.042812,1120.00,120.612259,3450.42,0.000095,7625.00
200.400,3455.57,-70.71,0.039438,1120.00,118.338112,3400.08,0.000083,7375.00
200.450,3212.39,-70.99,0.042051,1120.00,112.353310,3304.76,0.000093,7050.00
200.500,3690.07,-68.32,0.049376,465.00,160.678360,3597.81,0.000174,8395.00
200.550,3984.39,-66.38,0.065820,180.00,240.201660,3817.67,0.000168,8755.00
200.600,4101.57,-67.13,0.065362,185.00,193.995346,3779.91,0.000109,8770.00
200.650,3885.13,-69.07,0.059385,185.00,161.377869,3680.87,0.000068,8550.00
200.700,3679.60,-70.23,0.053541,185.00,141.013474,3660.44,0.000063,8105.00
200.750,3272.39,-71.77,0.046762,330.00,136.319824,3485.63,0.000055,7225.00
200.800,2785.75,-73.29,0.038824,1475.00,156.370667,3251.80,0.000051,6240.00
200.850,2653.41,-72.29,0.049889,145.00,192.952606,3220.76,0.000044,5975.00
200.900,2702.53,-71.12,0.064376,145.00,168.477448,3070.99,0.000036,5680.00
200.950,3058.19,-70.53,0.064108,145.00,133.100067,3146.12,0.000036,6400.00
201.000,3643.93,-70.33,0.054032,145.00,195.928940,3382.98,0.000041,7940.00
201.050,3912.05,-71.03,0.044864,135.00,197.029678,3472.06,0.000091,8210.00
201.100,5769.01,-63.33,0.082473,70.00,427.935608,4794.55,0.000340,11615.00
201.150,5762.83,-60.42,0.206102,40.00,908.758423,4959.09,0.000143,11725.00
201.200,5331.83,-62.38,0.246440,35.00,826.303406,4826.87,0.000052,11020.00
201.250,5874.93,-63.11,0.235102,35.00,822.631104,4781.51,0.000040,11525.00
201.300,6647.54,-62.47,0.226768,30.00,307.936096,4912.80,0.000052,12455.00
201.350,5658.61,-65.12,0.234812,30.00,224.204788,4893.28,0.000021,11575.00
201.400,4564.83,-67.28,0.246385,30.00,212.748520,4719.00,0.000010,10150.00
201.450,4184.26,-67.36,0.193310,30.00,525.466553,4617.44,0.000016,9810.00
201.500,4737.81,-66.96,0.077698,30.00,834.578064,4397.71,0.000107,9925.00
201.550,3370.72,-67.05,0.108197,120.00,576.805298,4075.52,0.000064,8370.00
201.600,2028.01,-68.11,0.238622,40.00,976.996094,3452.31,0.000011,5965.00
201.650,1931.40,-70.14,0.268797,35.00,970.805847,3329.03,0.000006,5370.00
201.700,2724.26,-67.45,0.265943,35.00,883.803528,3266.69,0.000015,6125.00
201.750,3509.71,-63.75,0.238607,30.00,430.955780,3251.37,0.000055,6555.00
201.800,3154.67,-65.87,0.229420,30.00,331.331757,3213.90,0.000025,6430.00
201.850,2265.60,-71.25,0.177927,30.00,517.023560,2988.76,0.000003,5815.00
201.900,3123.78,-71.34,0.070452,30.00,787.945801,3136.60,0.000017,6770.00
201.950,3966.15,-70.60,0.048657,1590.00,325.025818,3455.10,0.000092,7935.00
202.000,5290.55,-63.00,0.113115,60.00,609.116516,4971.47,0.000186,11755.00
202.050,4900.31,-61.83,0.237361,40.00,960.410828,5171.33,0.000064,11810.00
202.100,3306.43,-66.54,0.263144,35.00,937.754700,4651.72,0.000012,9740.00
202.150,1463.87,-73.73,0.263401,35.00,822.003357,2709.16,0.000001,3760.00
202.200,1185.38,-74.93,0.269291,30.00,243.153320,2275.35,0.000000,2985.00
202.250,916.93,-76.11,0.272981,30.00,144.645096,2078.59,0.000000,1865.00
202.300,1394.19,-72.09,0.271341,30.00,317.220703,2599.31,0.000002,2320.00
202.350,1697.87,-69.27,0.250847,30.00,457.516754,2635.97,0.000008,2775.00
202.400,1813.99,-69.57,0.241777,30.00,431.196075,2701.39,0.000008,2885.00
202.450,1798.78,-71.94,0.244607,30.00,400.163696,2981.64,0.000003,2995.00
202.500,1504.90,-73.39,0.244727,30.00,275.732422,2882.85,0.000002,2430.00
202.550,1778.55,-71.68,0.238268,30.00,328.809296,3005.10,0.000004,3030.00
202.600,2685.95,-68.03,0.228431,30.00,319.533722,4003.50,0.000013,7565.00
202.650,3122.05,-68.46,0.228488,30.00,355.069153,4516.29,0.000010,9410.00
202.700,1913.84,-70.94,0.235887,30.00,278.208771,3462.05,0.000005,3065.00
202.750,4350.37,-62.93,0.227504,30.00,443.846832,4845.58,0.000053,11015.00
202.800,5222.90,-62.67,0.201725,30.00,328.905426,5072.63,0.000066,11930.00
202.850,3564.11,-68.47,0.198948,30.00,418.102051,4712.18,0.000012,10320.00
202.900,5083.94,-60.37,0.197450,30.00,412.112579,4550.53,0.000123,11160.00
202.950,4605.06,-57.99,0.202069,30.00,508.665283,4295.18,0.000268,10285.00
203.000,4101.33,-60.39,0.205295,30.00,519.630127,4423.37,0.000139,10050.00
203.050,3611.79,-64.50,0.196929,30.00,316.742249,4590.12,0.000056,10105.00
203.100,3658.58,-65.01,0.182638,30.00,406.431458,4632.85,0.000052,10275.00
203.150,5072.76,-63.27,0.169528,30.00,335.247559,4782.06,0.000069,10980.00
203.200,6348.51,-62.96,0.166729,30.00,243.264648,4423.67,0.000069,11270.00
203.250,5792.54,-65.00,0.163259,30.00,122.915627,4212.76,0.000039,10440.00
203.300,4464.38,-69.16,0.157583,30.00,128.372818,4120.54,0.000011,9585.00
203.350,2274.07,-74.83,0.144647,30.00,226.275497,3535.38,0.000002,6160.00
203.400,586.71,-79.31,0.084827,30.00,424.032166,1954.41,0.000000,140.00
203.450,5891.55,-71.84,0.026332,25.00,445.555206,5189.84,0.000219,12415.00
203.500,5017.65,-61.80,0.148880,55.00,799.569397,5095.50,0.000167,11805.00
203.550,3781.44,-60.76,0.242731,40.00,823.347168,4632.88,0.000098,10270.00
203.600,2191.52,-66.90,0.241076,35.00,986.726624,3222.55,0.000018,3880.00
203.650,1652.21,-71.27,0.224517,35.00,469.234344,2544.70,0.000003,3165.00
203.700,2010.47,-69.54,0.155191,30.00,708.354248,2716.62,0.000013,3615.00
203.750,2365.72,-68.70,0.120283,660.00,749.697388,2794.73,0.000036,3730.00
203.800,2091.02,-70.09,0.093735,880.00,403.725220,2707.03,0.000041,3125.00
203.850,2171.14,-71.17,0.068604,185.00,427.936127,2937.67,0.000048,4700.00
203.900,2110.50,-69.17,0.110679,185.00,425.362305,2888.08,0.000038,4310.00
203.950,1706.58,-67.84,0.200751,50.00,845.578918,2678.63,0.000018,2845.00
204.000,1553.45,-69.18,0.245450,35.00,912.193237,2705.70,0.000006,2850.00
204.050,1827.93,-70.19,0.252596,35.00,1021.156128,3015.78,0.000005,3790.00
204.100,3027.32,-63.59,0.242267,35.00,480.167725,3154.84,0.000035,6240.00
204.150,3054.97,-61.85,0.175467,30.00,914.555298,3070.78,0.000120,6220.00
204.200,2424.21,-66.21,0.157433,680.00,872.750366,2794.86,0.000042,5195.00
204.250,1867.89,-69.21,0.143624,685.00,431.812714,2411.06,0.000021,3340.00
204.300,2282.22,-68.10,0.111735,660.00,442.936798,2908.19,0.000051,4470.00
204.350,4830.03,-62.60,0.081307,120.00,452.484192,4371.59,0.000375,10195.00
204.400,5695.72,-60.05,0.173577,50.00,873.638733,4839.71,0.000176,11310.00
204.450,4850.09,-61.58,0.248241,35.00,854.020325,4891.61,0.000055,10875.00
204.500,3190.82,-67.01,0.256435,35.00,977.985291,4078.84,0.000010,8625.00
204.550,1905.10,-71.97,0.258404,30.00,448.306610,2953.99,0.000002,4660.00
204.600,1725.36,-72.97,0.256501,30.00,189.151657,2724.88,0.000001,4370.00
204.650,3543.02,-67.52,0.256207,30.00,146.714523,4555.00,0.000009,9740.00
204.700,4901.93,-61.92,0.238177,30.00,386.520203,5030.87,0.000060,11650.00
204.750,3857.54,-62.65,0.227021,30.00,352.451477,4625.67,0.000059,10440.00
204.800,3266.45,-65.38,0.234541,30.00,395.041382,4314.55,0.000025,9085.00
204.850,5598.57,-62.40,0.229755,30.00,353.832947,5146.43,0.000057,12225.00
204.900,4423.55,-63.19,0.225034,30.00,361.080994,4820.63,0.000050,11065.00
204.950,2105.65,-68.52,0.223022,30.00,349.411011,3074.85,0.000013,3500.00
205.000,1692.94,-71.56,0.225412,30.00,351.330383,2773.82,0.000004,2915.00
205.050,1319.58,-73.58,0.231621,30.00,293.984314,2548.42,0.000002,2265.00
205.100,1792.85,-70.40,0.231092,30.00,462.284149,2869.08,0.000006,2860.00
205.150,2137.31,-69.61,0.219730,30.00,336.979065,3148.90,0.000007,4365.00
205.200,1981.87,-72.24,0.206750,30.00,430.007843,3314.89,0.000004,4380.00
205.250,3531.17,-65.83,0.206001,30.00,384.504242,4437.47,0.000032,9335.00
205.300,3816.81,-59.44,0.227093,30.00,923.943176,4291.79,0.000190,9220.00
205.350,3232.24,-60.62,0.252222,50.00,1075.344849,3878.01,0.000114,7180.00
205.400,1677.59,-69.40,0.265071,50.00,816.592957,2606.73,0.000007,2935.00
205.450,1132.55,-73.45,0.267914,50.00,480.930603,1950.17,0.000002,1390.00
205.500,1722.55,-70.56,0.269901,50.00,324.689301,3000.05,0.000005,3010.00
205.550,5002.92,-63.44,0.270144,50.00,337.322754,4884.98,0.000026,11060.00
205.600,6863.09,-61.75,0.257453,50.00,232.852692,4867.99,0.000047,12465.00
205.650,6085.98,-64.22,0.245861,50.00,149.546844,4912.85,0.000023,11925.00
205.700,4064.14,-68.88,0.244865,50.00,132.835373,4440.28,0.000005,9770.00
205.750,3024.52,-71.62,0.241320,50.00,57.159145,4058.97,0.000002,8420.00
205.800,1639.12,-75.78,0.235729,50.00,53.306221,3208.07,0.000001,4540.00
205.850,4745.68,-67.22,0.228756,50.00,433.540710,5281.99,0.000015,11745.00
205.900,5240.03,-62.82,0.236912,45.00,946.290649,5318.13,0.000055,12180.00
205.950,3929.88,-65.49,0.256580,35.00,1032.767822,4971.97,0.000022,10975.00
206.000,4528.13,-65.48,0.258806,35.00,881.917480,4980.69,0.000026,11230.00
206.050,6147.50,-63.09,0.238380,30.00,359.947632,5166.59,0.000061,12490.00
206.100,4893.67,-66.98,0.237775,30.00,227.087402,5159.06,0.000018,11840.00
206.150,1272.93,-75.59,0.249734,30.00,209.246338,2867.28,0.000001,2720.00
206.200,1375.83,-74.14,0.200462,30.00,517.647827,2752.52,0.000001,3300.00
206.250,2408.69,-72.32,0.081602,30.00,846.073181,3172.21,0.000013,5960.00
206.300,1949.67,-71.47,0.101216,80.00,571.208923,2880.05,0.000012,4715.00
206.350,1175.51,-71.78,0.235543,40.00,992.465027,2337.33,0.000002,2450.00
206.400,1229.21,-72.94,0.269892,35.00,961.729553,2422.75,0.000001,2990.00
206.450,2510.14,-68.31,0.267657,35.00,923.616211,3080.91,0.000009,5685.00
206.500,3448.43,-63.91,0.241328,30.00,433.355377,3204.34,0.000040,6480.00
206.550,3232.18,-65.75,0.232785,30.00,289.308929,3197.95,0.000021,6460.00
206.600,2036.36,-71.41,0.245812,30.00,319.639801,2898.24,0.000001,5055.00
206.650,2232.89,-71.45,0.189366,30.00,535.120483,2999.23,0.000002,5880.00
206.700,3302.74,-70.90,0.074449,30.00,819.924622,3396.99,0.000053,7225.00
206.750,5195.96,-63.20,0.105403,60.00,568.271484,4946.98,0.000285,11645.00
206.800,4870.98,-61.70,0.228614,40.00,943.308777,5172.63,0.000099,11785.00
206.850,3387.07,-66.40,0.259222,35.00,918.554138,4714.88,0.000019,10075.00
206.900,1490.94,-73.58,0.261179,35.00,830.211670,2746.47,0.000001,3745.00
206.950,1150.82,-75.08,0.265515,30.00,255.739456,2219.24,0.000000,2940.00
207.000,908.79,-76.23,0.269834,30.00,152.780807,2050.72,0.000000,1850.00
207.050,1368.84,-72.33,0.271361,30.00,301.482086,2600.74,0.000002,2285.00
207.100,1712.90,-69.21,0.251669,30.00,458.679871,2677.65,0.000008,2795.00
207.150,1822.94,-69.48,0.241703,30.00,414.120575,2708.68,0.000008,2900.00
207.200,1817.22,-71.78,0.244861,30.00,404.598755,2971.52,0.000003,3040.00
207.250,1485.01,-73.50,0.245451,30.00,266.436951,2859.50,0.000002,2430.00
207.300,1753.66,-71.85,0.238518,30.00,332.944611,2980.79,0.000004,2995.00
207.350,2619.59,-68.27,0.229647,30.00,316.943481,3943.67,0.000012,7310.00
207.400,3103.42,-68.45,0.228697,30.00,350.905823,4491.01,0.000010,9380.00
207.450,1849.72,-71.35,0.235481,30.00,261.340179,3423.13,0.000007,2860.00
207.500,4217.80,-63.11,0.228241,30.00,436.812897,4828.88,0.000073,10900.00
207.550,5175.86,-62.54,0.203858,30.00,330.110931,5095.42,0.000099,11905.00
207.600,3628.35,-68.23,0.200883,30.00,414.645172,4770.47,0.000018,10440.00
207.650,5075.64,-60.68,0.198021,30.00,407.851837,4587.87,0.000147,11230.00
207.700,4649.47,-57.91,0.200697,30.00,522.780762,4313.94,0.000355,10420.00
207.750,4077.25,-60.22,0.206476,30.00,532.125183,4393.94,0.000167,9985.00
207.800,3603.25,-64.55,0.198335,30.00,324.354065,4581.79,0.000051,10085.00
207.850,3578.04,-65.14,0.182122,30.00,422.807953,4583.97,0.000046,10105.00
207.900,4951.18,-63.42,0.169287,30.00,338.938843,4775.42,0.000065,10945.00
207.950,6326.12,-62.84,0.166119,30.00,251.877701,4466.52,0.000072,11360.00
208.000,5855.22,-64.82,0.162443,30.00,122.687920,4254.14,0.000042,10525.00
208.050,4538.45,-68.97,0.157635,30.00,127.968643,4131.28,0.000012,9675.00
208.100,2466.02,-74.39,0.145844,30.00,215.236542,3664.16,0.000002,6720.00
208.150,1208.81,-79.07,0.088769,30.00,412.291016,3086.13,0.000001,1530.00
208.200,5748.44,-72.77,0.024975,25.00,453.594604,5219.51,0.000172,12280.00
208.250,5034.77,-62.42,0.140539,55.00,763.394958,5148.95,0.000150,11865.00
208.300,3841.64,-61.07,0.242669,40.00,851.135925,4730.46,0.000085,10630.00
208.350,2261.94,-66.75,0.247374,35.00,977.398376,3348.02,0.000017,4075.00
208.400,1613.88,-71.24,0.230283,35.00,484.963654,2457.48,0.000003,3135.00
208.450,1804.20,-70.75,0.161423,30.00,752.600708,2545.66,0.000010,3225.00
208.500,2002.67,-69.99,0.127967,875.00,788.337158,2594.72,0.000024,3045.00
208.550,1294.31,-70.78,0.186000,50.00,918.280029,2268.60,0.000011,1945.00
208.600,1033.66,-71.87,0.262572,40.00,983.487854,2249.62,0.000003,1555.00
208.650,1537.80,-70.47,0.256780,35.00,1011.275330,2658.38,0.000004,2990.00
208.700,1902.39,-69.24,0.222402,35.00,563.554932,2832.09,0.000006,3570.00
208.750,2123.48,-69.77,0.141282,30.00,682.454224,2936.65,0.000011,4500.00
208.800,2500.36,-70.44,0.059830,665.00,670.238342,3178.74,0.000124,5580.00
208.850,2617.37,-64.10,0.164689,80.00,808.186096,3093.30,0.000129,5875.00
208.900,2495.14,-63.01,0.238557,35.00,802.203003,2995.72,0.000087,5730.00
208.950,1998.94,-67.25,0.239066,35.00,949.973450,2762.62,0.000017,4660.00
209.000,1616.87,-69.80,0.217356,35.00,453.377014,2517.47,0.000007,2800.00
209.050,2710.58,-66.90,0.132003,30.00,696.288147,3544.79,0.000043,7170.00
209.100,5738.75,-62.06,0.074934,120.00,656.197449,4419.73,0.000484,10515.00
209.150,5863.72,-60.08,0.171177,50.00,839.668762,4847.14,0.000187,11360.00
209.200,4747.08,-61.83,0.251730,35.00,874.838562,4933.63,0.000052,10930.00
209.250,2875.87,-67.90,0.256944,35.00,994.569824,3977.54,0.000008,8125.00
209.300,1754.46,-72.61,0.260513,30.00,490.509674,2793.82,0.000001,4405.00
209.350,1708.27,-72.88,0.259006,30.00,192.483185,2673.52,0.000001,4230.00
209.400,2987.68,-68.21,0.256727,30.00,180.005432,4215.60,0.000008,8180.00
209.450,3873.73,-62.47,0.246046,30.00,817.597534,4817.78,0.000053,10705.00
209.500,3200.07,-62.85,0.246075,55.00,1134.799683,4399.57,0.000052,9270.00
209.550,2706.86,-66.39,0.261692,50.00,936.977478,3970.59,0.000017,7515.00
209.600,5015.34,-63.33,0.254380,50.00,429.176025,5126.11,0.000037,11885.00
209.650,4160.83,-63.61,0.249959,50.00,365.704895,4764.02,0.000037,10775.00
209.700,1971.10,-68.43,0.252473,50.00,358.364105,3041.78,0.000011,3315.00
209.750,1194.78,-71.44,0.264196,55.00,1102.929565,2392.56,0.000004,1705.00
209.800,904.84,-73.78,0.269613,35.00,893.594666,2142.24,0.000002,1405.00
209.850,1571.69,-70.89,0.257183,35.00,1018.633850,2738.44,0.000005,2595.00
209.900,1918.02,-69.99,0.244566,30.00,524.170532,3024.29,0.000006,3225.00
209.950,1743.23,-72.49,0.249495,30.00,424.024292,3145.28,0.000002,3090.00
210.000,3228.89,-66.89,0.256949,30.00,352.978851,4360.52,0.000011,8755.00
210.050,3881.03,-59.86,0.246207,30.00,889.160095,4298.57,0.000109,9295.00
210.100,3287.88,-60.66,0.251214,55.00,1198.557983,3898.55,0.000093,7270.00
210.150,1642.27,-68.84,0.265453,50.00,782.625977,2639.31,0.000009,2865.00
210.200,923.79,-73.16,0.260546,50.00,844.974792,1788.25,0.000003,1315.00
210.250,1195.33,-70.53,0.239319,65.00,844.624451,2513.77,0.000008,1380.00
210.300,4349.04,-63.30,0.142819,70.00,819.674011,4779.48,0.000115,10540.00
210.350,5274.63,-61.02,0.205486,40.00,661.070679,5084.83,0.000109,11630.00
210.400,4454.97,-63.56,0.270089,35.00,915.628235,4954.27,0.000029,10870.00
210.450,4926.17,-65.36,0.270631,35.00,992.122009,4945.37,0.000013,11160.00
210.500,6598.85,-63.32,0.255873,30.00,382.619781,5109.38,0.000028,12585.00
210.550,5729.04,-66.95,0.250201,30.00,205.700363,5350.80,0.000010,12395.00
210.600,4634.96,-67.16,0.258787,30.00,348.439606,5089.39,0.000010,11235.00
210.650,5649.31,-62.56,0.249524,35.00,962.125000,5085.64,0.000046,11875.00
210.700,5678.57,-63.71,0.248560,35.00,478.718109,4927.96,0.000032,11500.00
210.750,6354.59,-64.74,0.254252,35.00,860.845459,4814.28,0.000022,11760.00
210.800,7198.96,-63.81,0.238495,30.00,354.615051,4869.50,0.000033,12625.00
210.850,6417.70,-66.16,0.238007,30.00,229.816406,4956.88,0.000015,12145.00
210.900,5066.37,-68.54,0.249174,30.00,186.822784,4832.90,0.000007,10605.00
210.950,4738.59,-69.57,0.203317,30.00,489.736084,4833.05,0.000007,10375.00
211.000,6299.79,-70.72,0.078187,30.00,828.458130,4653.89,0.000030,11415.00
211.050,3811.05,-69.97,0.090360,80.00,611.830261,4612.98,0.000040,9530.00
211.100,1813.09,-70.79,0.239690,40.00,1039.452148,3599.64,0.000006,6465.00
211.150,1535.45,-73.04,0.281031,35.00,985.114441,3379.88,0.000002,4745.00
211.200,2296.90,-67.98,0.279303,35.00,987.166931,3131.16,0.000008,5430.00
211.250,2981.88,-62.90,0.251365,30.00,561.824280,3198.78,0.000048,6265.00
211.300,4000.11,-61.69,0.231112,30.00,351.818604,3859.26,0.000062,9075.00
211.350,5352.17,-62.39,0.189502,30.00,544.883301,4355.86,0.000067,10045.00
211.400,4178.67,-64.02,0.112385,30.00,843.548523,4210.76,0.000127,9430.00
211.450,2634.88,-71.00,0.062256,455.00,441.655182,3583.39,0.000078,6995.00
211.500,5189.93,-62.53,0.094968,80.00,581.579346,4938.97,0.000355,11380.00
211.550,4531.13,-60.22,0.217004,40.00,878.245850,4939.16,0.000146,11065.00
211.600,2987.30,-64.77,0.249846,35.00,912.579529,4302.96,0.000030,8760.00
211.650,1275.64,-72.71,0.256140,35.00,870.203125,2447.63,0.000003,1705.00
211.700,1491.22,-71.98,0.253370,30.00,378.451996,2755.19,0.000003,1955.00
211.750,3418.04,-67.19,0.255925,30.00,326.384583,4117.94,0.000008,8860.00
211.800,5156.09,-63.11,0.249664,30.00,227.530670,4271.40,0.000026,9835.00
211.850,4272.70,-63.30,0.246795,30.00,190.092010,4169.07,0.000029,9350.00
211.900,2727.52,-66.46,0.243487,30.00,339.707733,3670.73,0.000015,7085.00
211.950,1682.28,-70.97,0.238184,30.00,286.201019,2680.83,0.000005,2155.00
212.000,1267.05,-73.38,0.238936,30.00,378.836121,2109.74,0.000002,1540.00
212.050,1147.79,-74.35,0.235277,30.00,354.542542,2168.19,0.000002,1395.00
212.100,2476.97,-70.04,0.233492,30.00,248.749695,4072.07,0.000006,7570.00
212.150,2712.23,-68.17,0.233676,30.00,430.091461,4142.50,0.000012,8100.00
212.200,1826.32,-71.07,0.225499,30.00,301.498657,3165.56,0.000006,2115.00
212.250,4587.64,-63.48,0.214912,30.00,445.359650,5006.27,0.000053,11505.00
212.300,5550.44,-62.45,0.203032,30.00,389.991577,5201.58,0.000074,12245.00
212.350,4908.90,-64.97,0.201694,30.00,310.608002,5050.81,0.000032,11310.00
212.400,5549.43,-60.08,0.201714,30.00,368.909058,4630.25,0.000129,11440.00
212.450,4963.75,-58.11,0.198134,30.00,452.945282,4323.59,0.000285,10560.00
212.500,5255.26,-59.14,0.187055,30.00,318.427338,4519.75,0.000236,10905.00
212.550,6174.43,-61.48,0.179266,30.00,392.163879,4688.46,0.000117,11540.00
212.600,4880.08,-63.44,0.179190,30.00,274.372955,4838.93,0.000064,10920.00
212.650,5755.94,-62.76,0.174682,30.00,226.284698,4521.62,0.000078,10410.00
212.700,6684.04,-62.95,0.170883,30.00,258.607117,4137.72,0.000072,10535.00
212.750,5227.74,-64.24,0.172939,30.00,312.297272,4422.01,0.000049,9995.00
212.800,2754.77,-68.51,0.176690,30.00,296.111206,3711.25,0.000015,7915.00
212.850,1555.13,-72.56,0.167207,30.00,404.575989,2798.77,0.000005,3395.00
212.900,2265.79,-71.90,0.109033,30.00,507.528564,3340.15,0.000012,6575.00
212.950,5381.10,-64.41,0.053154,25.00,567.140137,3670.79,0.000486,9380.00
213.000,5367.29,-59.36,0.146882,55.00,733.560059,4458.42,0.000313,10860.00
213.050,4425.06,-60.00,0.250870,40.00,920.177917,4780.21,0.000095,10860.00
213.100,2491.71,-66.64,0.257949,35.00,989.123657,3857.78,0.000015,6690.00
213.150,1401.56,-72.23,0.245389,35.00,507.595490,2629.81,0.000003,2840.00
213.200,1373.54,-73.74,0.159315,30.00,736.991333,2685.13,0.000003,2860.00
213.250,2010.37,-74.77,0.078342,270.00,811.174255,3309.53,0.000008,6220.00
213.300,4849.12,-69.16,0.066346,265.00,326.219177,4321.44,0.000065,9655.00
213.350,7149.65,-65.13,0.056430,120.00,320.398254,3691.94,0.000324,10355.00
213.400,7275.13,-64.54,0.053820,115.00,188.757095,3653.83,0.000358,10590.00
213.450,3050.08,-67.34,0.165535,55.00,923.951294,4145.36,0.000024,8985.00
213.500,1600.63,-69.70,0.270585,40.00,935.181335,3181.15,0.000006,3420.00
213.550,2150.83,-69.47,0.276325,35.00,1107.207886,3451.89,0.000005,6250.00
213.600,2960.45,-63.93,0.265361,35.00,542.947266,3171.51,0.000027,6240.00
213.650,3306.29,-62.26,0.182713,30.00,903.284058,3163.08,0.000095,6475.00
213.700,2860.96,-67.07,0.101626,350.00,859.450867,3080.94,0.000055,6155.00
213.750,3317.37,-68.38,0.091732,335.00,504.936737,3920.71,0.000045,8880.00
213.800,6133.44,-62.79,0.073524,330.00,363.048065,4074.78,0.000306,10475.00
213.850,7163.67,-62.12,0.059001,115.00,329.562500,3850.98,0.001032,11190.00
213.900,5546.61,-61.37,0.165401,55.00,878.397766,5141.11,0.000190,12005.00
213.950,4203.03,-62.03,0.259477,35.00,898.644958,4999.00,0.000069,11120.00
214.000,2150.18,-69.33,0.263324,35.00,1025.239502,3682.92,0.000007,5545.00
214.050,1204.74,-74.23,0.256502,30.00,648.362610,2610.92,0.000001,1345.00
214.100,839.39,-76.06,0.251600,30.00,403.203613,2002.65,0.000001,1000.00
214.150,3034.35,-69.35,0.256342,30.00,319.587128,4561.48,0.000005,9230.00
214.200,4936.29,-61.34,0.245392,30.00,369.657043,4938.55,0.000058,11540.00
214.250,4266.03,-61.74,0.236470,30.00,355.274567,4700.98,0.000063,10585.00
214.300,3015.22,-66.79,0.240615,30.00,345.568329,4309.43,0.000016,8775.00
214.350,5559.29,-63.62,0.237551,30.00,413.135315,5264.55,0.000039,12275.00
214.400,5277.08,-65.16,0.230581,30.00,208.879242,5286.58,0.000026,12195.00
214.450,2666.26,-69.91,0.236471,30.00,299.112488,3998.93,0.000007,7820.00
214.500,3095.32,-65.95,0.233687,30.00,322.768677,3725.43,0.000024,8050.00
214.550,2429.75,-66.88,0.224498,30.00,373.718414,3292.01,0.000021,6085.00
214.600,1552.09,-71.33,0.218814,30.00,359.582306,2507.83,0.000005,2075.00
214.650,1249.83,-73.53,0.212741,30.00,403.724701,2186.02,0.000002,1615.00
214.700,1260.74,-74.66,0.206933,30.00,311.731445,2568.45,0.000002,1560.00
214.750,3461.47,-65.25,0.210067,30.00,341.168457,4371.25,0.000036,9475.00
214.800,3983.52,-59.14,0.225528,30.00,868.481140,4401.58,0.000187,9805.00
214.850,3544.82,-60.06,0.243006,50.00,1062.918335,4076.45,0.000116,8230.00
214.900,1905.49,-68.27,0.264272,50.00,894.750488,2901.41,0.000009,3690.00
214.950,1491.80,-71.96,0.268254,50.00,501.283325,2626.06,0.000002,2025.00
215.000,1461.41,-72.73,0.266075,50.00,280.643707,2652.03,0.000002,2155.00
215.050,3517.69,-67.10,0.274013,50.00,350.278748,4768.24,0.000011,10315.00
215.100,5243.66,-62.22,0.256308,50.00,335.255798,5160.58,0.000049,12005.00
215.150,5627.60,-62.33,0.238543,50.00,263.341888,4972.48,0.000048,11680.00
215.200,5672.88,-64.47,0.242421,50.00,249.139099,4809.81,0.000020,11170.00
215.250,4211.03,-66.43,0.241775,50.00,186.009048,4775.16,0.000013,10340.00
215.300,5690.44,-63.87,0.237769,50.00,170.226746,4716.26,0.000026,11205.00
215.350,5791.03,-62.08,0.234312,50.00,371.085510,4624.27,0.000050,10930.00
215.400,5132.70,-60.84,0.238977,45.00,941.734253,5017.95,0.000078,11450.00
215.450,3497.37,-63.55,0.256593,35.00,1019.625977,4656.22,0.000036,10040.00
215.500,3460.12,-64.39,0.258405,35.00,964.722473,4556.47,0.000030,9705.00
215.550,5420.94,-62.37,0.246201,30.00,511.126038,5185.34,0.000052,12115.00
215.600,4660.57,-65.74,0.249185,30.00,368.866516,5104.28,0.000018,11625.00
215.650,3841.48,-67.00,0.256461,30.00,260.220093,4635.48,0.000009,9960.00
215.700,5528.28,-63.08,0.210712,30.00,537.730530,4723.80,0.000043,11105.00
215.750,6122.82,-65.52,0.084274,30.00,838.289612,4468.74,0.000117,11210.00
215.800,2057.09,-71.28,0.087733,130.00,630.261414,3230.26,0.000029,4530.00
215.850,1513.97,-69.76,0.230836,45.00,992.969727,2766.53,0.000008,2585.00
215.900,1320.48,-71.42,0.272546,35.00,929.986328,2655.76,0.000003,2265.00
215.950,2104.87,-67.30,0.263434,35.00,963.462341,2954.57,0.000013,4675.00
216.000,2965.92,-62.77,0.239936,30.00,556.090271,3095.18,0.000053,6210.00
216.050,2853.24,-64.47,0.229092,30.00,393.554565,3041.44,0.000033,6090.00
216.100,1452.06,-71.07,0.240150,30.00,434.050262,2312.22,0.000004,2365.00
216.150,1156.63,-73.13,0.195656,30.00,579.438171,2020.71,0.000004,1710.00
216.200,1176.92,-75.71,0.092623,30.00,795.619385,2261.29,0.000010,1445.00
216.250,4247.13,-64.47,0.109500,395.00,623.537964,4998.42,0.000236,11095.00
216.300,4406.98,-60.55,0.222055,40.00,933.041260,5029.61,0.000171,11185.00
216.350,4102.30,-63.46,0.264447,35.00,984.395691,4792.27,0.000044,10145.00
216.400,2002.91,-70.61,0.272965,35.00,873.592468,3428.96,0.000004,5995.00
216.450,907.97,-74.96,0.268239,30.00,331.396912,2069.23,0.000001,1415.00
216.500,643.69,-76.51,0.272259,30.00,273.629456,1790.65,0.000000,620.00
216.550,1145.91,-72.88,0.272304,30.00,313.788300,2175.80,0.000002,2185.00
216.600,1758.98,-69.62,0.248918,30.00,420.037262,2570.54,0.000006,3135.00
216.650,1904.72,-70.65,0.236466,30.00,302.813538,2795.67,0.000005,3325.00
216.700,1818.00,-72.16,0.247999,30.00,324.312592,3320.67,0.000003,3215.00
216.750,1565.73,-72.36,0.249829,30.00,243.652634,3032.53,0.000003,1460.00
216.800,957.91,-75.77,0.245005,30.00,223.512070,2300.83,0.000001,1050.00
216.850,2415.50,-69.31,0.248009,30.00,294.143616,4017.14,0.000007,7260.00
216.900,2740.89,-67.50,0.238904,30.00,434.090881,4182.84,0.000013,8225.00
216.950,1900.16,-70.88,0.229066,30.00,260.422913,3411.23,0.000006,3110.00
217.000,4430.12,-63.55,0.218912,30.00,453.592957,5001.26,0.000045,11275.00
217.050,5431.31,-62.22,0.205176,30.00,276.912598,5234.59,0.000073,12270.00
217.100,3789.19,-67.69,0.206589,30.00,302.652100,4955.01,0.000015,10875.00
217.150,3965.24,-61.15,0.212157,30.00,399.640228,4418.95,0.000104,9855.00
217.200,4491.35,-58.35,0.202516,30.00,503.815704,4316.61,0.000251,10190.00
217.250,4536.00,-60.54,0.191833,30.00,340.271423,4529.93,0.000136,10710.00
217.300,4784.64,-65.45,0.180347,30.00,410.860199,5131.38,0.000039,11745.00
217.350,4007.85,-65.98,0.188532,30.00,429.033813,4911.33,0.000034,10955.00
217.400,2886.18,-68.01,0.196293,30.00,341.332062,4287.51,0.000018,8445.00
217.450,2415.90,-69.03,0.185068,30.00,465.682892,3921.78,0.000015,7085.00
217.500,4262.34,-64.97,0.167488,30.00,441.574249,4415.29,0.000046,9730.00
217.550,4985.48,-64.41,0.161587,30.00,298.814972,4349.08,0.000052,9890.00
217.600,2739.22,-68.50,0.160417,30.00,298.989410,3705.70,0.000018,8145.00
217.650,3188.57,-67.36,0.110828,30.00,445.340515,3760.60,0.000059,8255.00
217.700,5207.20,-62.94,0.056988,25.00,542.364868,3954.26,0.000669,10075.00
217.750,4464.33,-60.36,0.137930,55.00,699.451965,4608.62,0.000277,10585.00
217.800,3794.80,-61.43,0.239558,40.00,878.788086,4719.17,0.000075,10585.00
217.850,2267.72,-67.30,0.256729,35.00,984.415710,3693.52,0.000013,5365.00
217.900,1865.28,-70.15,0.248913,35.00,525.659851,3242.19,0.000006,4190.00
217.950,4539.60,-64.79,0.164714,30.00,691.531372,4686.58,0.000051,10080.00
218.000,5447.99,-65.35,0.063779,25.00,802.391846,4703.47,0.000305,10530.00
218.050,1393.36,-70.87,0.163349,80.00,795.386719,2713.98,0.000018,2070.00
218.100,948.49,-72.49,0.261414,40.00,932.036194,1927.37,0.000004,1765.00
218.150,1000.46,-73.45,0.264053,35.00,986.832092,1817.00,0.000002,1790.00
218.200,1015.16,-73.78,0.244448,35.00,575.469238,1825.85,0.000002,1585.00
218.250,924.54,-75.08,0.150315,30.00,723.694946,1831.89,0.000002,1230.00
218.300,2101.86,-72.38,0.053653,110.00,747.001770,3162.02,0.000053,4810.00
218.350,2647.23,-64.37,0.159569,110.00,775.299377,3149.46,0.000074,6145.00
218.400,2690.20,-63.08,0.243874,40.00,861.312561,3136.63,0.000047,6155.00
218.450,2251.09,-67.75,0.259757,35.00,1030.837646,3074.60,0.000009,5615.00
218.500,2084.06,-70.42,0.252349,35.00,364.228882,3663.81,0.000005,4035.00
218.550,5583.15,-63.17,0.151061,30.00,760.841858,5186.75,0.000087,12015.00
218.600,7461.96,-61.46,0.056563,25.00,774.253418,4630.80,0.000939,12380.00
218.650,5543.61,-61.05,0.155041,55.00,790.384399,5123.36,0.000190,11785.00
218.700,3849.28,-63.08,0.253659,40.00,891.342041,4946.54,0.000049,10880.00
218.750,2228.35,-67.49,0.257890,35.00,976.772949,3655.22,0.000014,6570.00
218.800,4257.20,-64.61,0.257601,30.00,634.123352,4224.44,0.000022,9385.00
218.850,5521.83,-64.25,0.260596,30.00,296.134308,4227.91,0.000021,9760.00
218.900,5050.61,-63.47,0.256155,30.00,210.660965,4293.98,0.000028,9565.00
218.950,4102.36,-61.31,0.247218,30.00,794.925903,4634.27,0.000070,10020.00
219.000,3425.09,-63.32,0.260977,55.00,1182.792969,4585.65,0.000037,9890.00
219.050,2756.09,-67.44,0.282095,50.00,994.838318,4075.86,0.000009,7700.00
219.100,4728.68,-62.63,0.268531,50.00,437.059570,5026.06,0.000037,11555.00
219.150,4762.39,-64.33,0.263516,50.00,236.183426,5168.83,0.000023,11785.00
219.200,1862.67,-71.07,0.274958,50.00,287.920868,3511.98,0.000004,3520.00
219.250,935.08,-73.17,0.265617,55.00,1006.025696,1975.40,0.000002,1760.00
219.300,850.60,-73.59,0.261513,35.00,986.163269,1901.95,0.000002,1535.00
219.350,1289.03,-72.54,0.267799,35.00,1009.855225,2379.37,0.000002,2780.00
219.400,1234.75,-74.31,0.269336,30.00,541.513733,2392.62,0.000001,2775.00
219.450,1651.70,-73.83,0.274253,30.00,287.090698,3480.37,0.000002,3745.00
219.500,3406.79,-65.35,0.258567,30.00,276.773865,4434.11,0.000022,9355.00
219.550,4184.63,-59.48,0.242049,30.00,845.539490,4420.04,0.000136,9930.00
219.600,3965.75,-60.16,0.255991,55.00,1195.431152,4182.31,0.000093,8865.00
219.650,3516.92,-64.72,0.276090,50.00,875.568542,3892.18,0.000017,8005.00
219.700,2775.29,-63.82,0.267641,50.00,844.907715,3685.29,0.000029,7070.00
219.750,1473.75,-68.02,0.247562,65.00,897.691956,2636.58,0.000014,2405.00
219.800,2490.28,-66.42,0.167850,70.00,854.025208,3945.68,0.000046,7220.00
219.850,4243.28,-62.29,0.199658,40.00,640.949219,5021.93,0.000089,11165.00
219.900,3357.95,-64.51,0.257376,35.00,854.526428,4742.56,0.000031,10195.00
219.950,3058.27,-67.21,0.253370,35.00,975.048950,4569.73,0.000018,9370.00
220.000,5891.22,-63.52,0.245929,30.00,454.584930,5320.40,0.000043,12550.00
220.050,5406.12,-65.35,0.243050,30.00,252.482635,5305.01,0.000023,12275.00
220.100,3512.36,-65.35,0.246574,30.00,302.211517,4409.90,0.000020,9265.00
220.150,4664.39,-60.96,0.234291,35.00,878.671326,4786.83,0.000084,10825.00
220.200,4785.88,-61.54,0.242372,35.00,491.851013,4735.14,0.000066,10615.00
220.250,5010.71,-62.54,0.247674,35.00,882.494934,4731.13,0.000045,10680.00
220.300,6217.28,-61.89,0.235361,30.00,401.629578,4955.41,0.000056,12210.00
220.350,5442.08,-63.70,0.239057,30.00,289.055115,4975.63,0.000031,11580.00
220.400,4270.84,-66.43,0.249263,30.00,214.546494,4658.10,0.000013,9950.00
220.450,4416.74,-68.24,0.209715,30.00,483.342072,4749.35,0.000010,10060.00
220.500,5899.90,-69.67,0.089002,30.00,806.424805,4688.58,0.000035,11070.00
220.550,4068.17,-66.84,0.077489,75.00,610.557739,4370.32,0.000123,9510.00
220.600,2606.22,-65.78,0.225082,40.00,1019.456116,3834.75,0.000025,7690.00
220.650,3700.37,-64.54,0.271564,35.00,905.925476,4189.00,0.000021,8825.00
220.700,4864.88,-62.97,0.259988,35.00,999.124207,4100.43,0.000033,9335.00
220.750,3850.38,-61.36,0.241347,30.00,563.747009,3593.11,0.000072,8580.00
220.800,2782.39,-63.86,0.229445,30.00,412.834595,3040.41,0.000042,6120.00
220.850,1607.21,-70.47,0.194445,30.00,562.409424,2288.95,0.000008,2970.00
220.900,1478.41,-73.29,0.127137,610.00,815.287048,2212.81,0.000008,2735.00
220.950,1478.64,-74.38,0.104447,605.00,529.903259,2271.80,0.000008,2200.00
221.000,4536.81,-64.70,0.102635,355.00,635.145508,5012.85,0.000148,11340.00
221.050,4558.05,-61.57,0.216017,40.00,947.185181,5100.32,0.000088,11555.00
221.100,3731.74,-62.69,0.259482,35.00,903.942139,4502.49,0.000042,9395.00
221.150,4581.15,-63.77,0.259640,35.00,921.104126,4153.78,0.000022,9320.00
221.200,3736.14,-65.74,0.261736,30.00,347.067230,4067.33,0.000011,8870.00
221.250,2990.71,-66.54,0.257775,30.00,220.685333,3432.32,0.000012,6600.00
221.300,3602.11,-65.75,0.252941,30.00,256.840881,3326.59,0.000015,6925.00
221.350,3315.94,-66.33,0.248998,30.00,264.093201,3304.05,0.000014,6585.00
221.400,2728.43,-68.39,0.249227,30.00,258.204529,3555.71,0.000006,7250.00
221.450,4215.32,-67.43,0.246427,30.00,268.272980,4456.15,0.000008,9690.00
221.500,3878.63,-67.86,0.247463,30.00,237.276337,4352.26,0.000006,9565.00
221.550,2385.30,-70.67,0.247120,30.00,127.608025,3607.01,0.000003,7230.00
221.600,4193.43,-64.90,0.245086,30.00,209.942963,4161.88,0.000018,8975.00
221.650,3652.08,-63.39,0.235557,30.00,280.478333,4041.40,0.000036,8610.00
221.700,2255.69,-67.72,0.223391,30.00,394.521210,3187.17,0.000015,3650.00
221.750,3583.19,-64.06,0.218555,30.00,347.239075,4519.85,0.000043,10005.00
221.800,4651.99,-62.95,0.202651,30.00,390.770508,5071.84,0.000069,11665.00
221.850,4955.00,-65.64,0.201246,30.00,430.220490,5203.14,0.000026,11845.00
221.900,5654.13,-60.56,0.201566,30.00,306.409485,4708.51,0.000111,11685.00
221.950,5081.46,-57.95,0.197531,30.00,508.716766,4411.35,0.000286,10920.00
222.000,4742.84,-60.20,0.190962,30.00,286.732880,4542.46,0.000160,10855.00
222.050,5476.96,-65.25,0.180327,30.00,454.118866,5231.78,0.000045,12255.00
222.100,4923.78,-66.37,0.182986,30.00,221.447037,5190.70,0.000032,11880.00
222.150,4096.18,-68.07,0.184932,30.00,236.747757,5051.21,0.000018,11180.00
222.200,2790.26,-68.02,0.188423,30.00,344.604797,4210.37,0.000019,8150.00
222.250,2276.18,-69.35,0.180450,30.00,314.320251,3567.57,0.000014,4790.00
222.300,2074.16,-71.97,0.162733,30.00,303.890350,3486.75,0.000007,4260.00
222.350,1523.60,-73.04,0.163632,30.00,338.681061,2961.47,0.000006,2020.00
222.400,1108.15,-74.77,0.127006,30.00,455.119568,2304.97,0.000005,1185.00
222.450,2172.39,-72.92,0.074124,115.00,569.038635,3710.27,0.000031,6205.00
222.500,4273.08,-63.07,0.137577,110.00,658.407471,4918.10,0.000172,11040.00
222.550,4018.73,-61.53,0.239618,40.00,909.296143,4842.75,0.000087,10845.00
222.600,3102.74,-65.30,0.260799,35.00,1001.650574,4102.41,0.000020,8060.00
222.650,2898.62,-65.99,0.251169,35.00,525.775085,3411.55,0.000014,6750.00
222.700,2361.07,-67.38,0.165566,30.00,714.422729,3346.97,0.000026,5665.00
222.750,4293.77,-68.36,0.054044,25.00,779.317749,4774.06,0.000156,10685.00
222.800,4051.61,-67.12,0.062529,655.00,339.712158,4392.74,0.000182,9960.00
222.850,2543.22,-68.34,0.125810,665.00,490.906525,3204.39,0.000038,4885.00
222.900,2060.03,-70.18,0.133817,670.00,337.739960,2612.61,0.000016,3505.00
222.950,2477.37,-65.44,0.169049,55.00,916.326233,3607.51,0.000054,7100.00
223.000,3410.14,-63.79,0.255966,40.00,1015.686951,4450.53,0.000033,9680.00
223.050,3952.31,-66.11,0.272450,35.00,1073.166748,4741.60,0.000012,10245.00
223.100,3136.45,-63.56,0.267384,35.00,597.879700,3453.41,0.000035,6595.00
223.150,3336.73,-62.33,0.187018,30.00,875.000061,3176.91,0.000110,6455.00
223.200,2671.84,-66.21,0.122654,535.00,828.244019,2978.88,0.000065,5835.00
223.250,1415.43,-73.06,0.102010,520.00,445.998871,2268.14,0.000012,1515.00
223.300,2819.49,-70.13,0.052352,535.00,378.593414,3245.11,0.000077,6650.00
223.350,5180.91,-64.43,0.041254,115.00,288.489227,3875.82,0.001069,9980.00
223.400,5020.67,-60.36,0.149729,65.00,798.355286,4945.67,0.000324,11535.00
223.450,4034.71,-62.25,0.250716,40.00,898.311462,5008.87,0.000082,11070.00
223.500,2001.66,-68.87,0.263390,35.00,1003.028137,3586.06,0.000011,4360.00
223.550,1406.97,-72.74,0.263115,30.00,654.551453,2553.69,0.000002,2980.00
223.600,2651.29,-69.35,0.269781,30.00,327.748993,3559.65,0.000004,6935.00
223.650,3846.19,-65.25,0.272664,30.00,202.876160,4106.98,0.000014,9280.00
223.700,5107.05,-62.58,0.256131,30.00,283.898529,5052.93,0.000039,11650.00
223.750,4535.29,-63.65,0.243100,30.00,339.942413,5076.76,0.000037,11530.00
223.800,2941.77,-67.16,0.248509,30.00,299.247559,4313.48,0.000018,8450.00
223.850,5873.93,-62.19,0.244995,30.00,330.325470,5240.66,0.000066,12415.00
223.900,6443.09,-63.20,0.238551,30.00,267.495514,5223.88,0.000049,12610.00
223.950,4509.41,-67.12,0.246824,30.00,224.111588,5040.03,0.000013,10945.00
224.000,2832.86,-68.45,0.244825,30.00,397.311615,4323.75,0.000009,8925.00
224.050,1283.92,-72.66,0.233788,30.00,330.215393,2594.71,0.000004,1170.00
224.100,1417.93,-71.22,0.227499,30.00,409.581696,2369.65,0.000005,2795.00
224.150,1613.68,-71.66,0.222674,30.00,376.298950,2468.91,0.000003,3215.00
224.200,1251.54,-74.47,0.221841,30.00,292.974304,2343.62,0.000001,2865.00
224.250,2716.22,-67.91,0.218140,30.00,246.264923,4066.45,0.000013,7750.00
224.300,3666.42,-60.26,0.229137,30.00,831.324524,4319.59,0.000116,9200.00
224.350,3625.96,-60.35,0.252036,55.00,1124.579956,4121.58,0.000093,8420.00
224.400,2863.53,-67.03,0.276175,50.00,942.976562,3799.64,0.000010,7080.00
224.450,2087.62,-71.33,0.287002,50.00,383.636658,3596.71,0.000003,6535.00
224.500,4116.21,-66.25,0.286073,50.00,177.955734,4454.84,0.000010,9385.00
224.550,5537.58,-63.86,0.278748,50.00,188.726227,4702.85,0.000020,10475.00
224.600,5572.10,-61.45,0.258960,50.00,319.757019,5003.25,0.000050,11695.00
224.650,4660.55,-63.76,0.244328,50.00,263.911469,4989.37,0.000030,11495.00
224.700,1761.07,-71.82,0.257089,50.00,331.456940,3306.41,0.000003,3725.00
224.750,1101.63,-74.00,0.252944,50.00,305.365753,2268.86,0.000001,1370.00
224.800,1132.35,-74.28,0.240053,50.00,245.888397,2320.48,0.000001,1550.00
224.850,4012.60,-65.44,0.239009,50.00,365.521820,4463.22,0.000019,9760.00
224.900,4651.05,-60.37,0.238040,45.00,895.917114,4789.03,0.000094,11195.00
224.950,3739.98,-62.50,0.243549,40.00,1000.762085,4636.61,0.000053,10265.00
225.000,3337.35,-65.69,0.255342,35.00,979.725281,4560.96,0.000020,9585.00
225.050,5837.82,-62.36,0.251452,30.00,428.338409,5253.68,0.000047,12410.00
225.100,4821.69,-63.85,0.246735,30.00,290.718933,5120.82,0.000031,11740.00
225.150,1762.30,-72.49,0.254290,30.00,233.398788,3372.28,0.000003,3145.00
225.200,804.04,-76.88,0.220828,30.00,474.523102,2206.89,0.000000,975.00
225.250,856.42,-78.36,0.096195,30.00,824.285217,2336.55,0.000001,990.00
225.300,1452.79,-74.87,0.069052,120.00,632.931213,2588.40,0.000010,2955.00
225.350,1021.98,-72.58,0.217077,45.00,998.287964,2182.45,0.000003,2315.00
225.400,856.30,-73.69,0.273516,35.00,907.860107,2067.71,0.000002,1465.00
225.450,1698.84,-70.04,0.266150,35.00,995.114807,2729.68,0.000008,3380.00
225.500,2741.33,-63.62,0.247580,30.00,573.057495,3043.08,0.000061,5975.00
225.550,2642.07,-64.01,0.237623,30.00,359.936096,2967.31,0.000054,5835.00
225.600,1579.74,-70.51,0.249488,30.00,499.415466,2428.18,0.000004,2620.00
225.650,1379.39,-72.90,0.212691,30.00,539.374695,2606.27,0.000003,2430.00
225.700,2816.53,-69.31,0.100217,30.00,829.623230,3699.10,0.000036,7490.00
225.750,5312.50,-62.14,0.081361,75.00,598.330261,4594.42,0.000398,10940.00
225.800,4902.48,-60.30,0.213238,45.00,951.552856,5042.78,0.000115,11580.00
225.850,3382.20,-65.08,0.262565,35.00,897.389832,4786.12,0.000023,10240.00
225.900,1217.36,-72.80,0.254943,35.00,952.033813,2448.85,0.000003,1530.00
225.950,1229.53,-72.95,0.251477,30.00,438.617249,2288.41,0.000002,1925.00
226.000,1108.77,-74.23,0.256523,30.00,297.862579,2319.77,0.000001,2005.00
226.050,1058.02,-74.41,0.259451,30.00,168.682327,2257.05,0.000001,1945.00
226.100,1299.56,-71.79,0.254428,30.00,416.454834,2186.60,0.000003,2225.00
226.150,1389.80,-71.49,0.243412,30.00,333.714539,2168.78,0.000004,2220.00
226.200,1244.88,-72.56,0.241317,30.00,380.599274,2067.51,0.000003,1930.00
226.250,1284.25,-72.23,0.241494,30.00,345.692932,2197.50,0.000003,1805.00
226.300,1150.24,-73.36,0.238325,30.00,339.139526,2234.46,0.000002,1465.00
226.350,2333.51,-70.56,0.235470,30.00,275.954895,4068.51,0.000006,7435.00
226.400,3022.48,-67.02,0.229848,30.00,323.674255,4349.35,0.000017,8825.00
226.450,2436.81,-69.39,0.227154,30.00,274.505798,3679.15,0.000008,6825.00
226.500,5163.86,-65.17,0.225215,30.00,277.332977,5175.54,0.000022,12075.00
226.550,6456.34,-63.58,0.206970,30.00,248.351547,5254.63,0.000046,12790.00
226.600,4676.08,-67.75,0.208999,30.00,314.294312,5251.00,0.000012,11890.00
226.650,4610.20,-62.45,0.211233,30.00,293.639740,4600.84,0.000055,10780.00
226.700,5238.49,-58.68,0.198537,30.00,459.357758,4342.44,0.000196,10880.00
226.750,5180.38,-60.40,0.186281,30.00,332.273987,4496.68,0.000135,11080.00
226.800,4860.93,-64.48,0.189459,30.00,403.123779,5112.56,0.000044,11805.00
226.850,4859.35,-64.37,0.182422,30.00,240.937912,4867.06,0.000045,11350.00
226.900,5301.84,-63.10,0.178964,30.00,311.214508,4108.03,0.000061,10145.00
226.950,4614.87,-62.16,0.179574,30.00,218.172455,3912.94,0.000080,9210.00
227.000,3072.07,-64.75,0.183853,30.00,434.971985,3657.15,0.000044,7430.00
227.050,1653.23,-71.25,0.172904,30.00,224.020950,2724.05,0.000009,2625.00
227.100,968.26,-75.60,0.154242,30.00,435.127289,2082.16,0.000001,1805.00
227.150,350.99,-78.55,0.113048,30.00,416.784271,1256.88,0.000000,320.00
227.200,1832.76,-74.74,0.059806,100.00,526.127441,3362.97,0.000029,2550.00
227.250,3672.88,-63.07,0.138516,110.00,669.202087,4591.72,0.000199,10095.00
227.300,3450.51,-61.19,0.233588,40.00,868.564209,4482.70,0.000127,9655.00
227.350,2365.38,-66.31,0.248172,35.00,960.464233,3630.43,0.000025,5035.00
227.400,1489.89,-71.84,0.245452,35.00,597.301147,2429.87,0.000004,3240.00
227.450,3062.42,-66.87,0.170987,30.00,616.365356,3680.82,0.000026,7885.00
227.500,5560.24,-64.41,0.062030,30.00,810.519409,3905.37,0.000329,9810.00
227.550,3207.41,-65.45,0.136391,85.00,706.722168,3856.50,0.000064,8355.00
227.600,1127.17,-71.27,0.251229,40.00,934.949890,2130.71,0.000005,2270.00
227.650,1125.31,-73.07,0.267053,35.00,1021.047913,2115.91,0.000002,2510.00
227.700,1180.12,-73.75,0.254165,35.00,547.551086,2211.52,0.000002,2615.00
227.750,974.31,-75.73,0.164706,30.00,696.136536,2063.80,0.000001,2405.00
227.800,1655.78,-75.49,0.055777,25.00,809.881409,2726.74,0.000022,3180.00
227.850,2518.69,-65.33,0.139396,115.00,703.509460,3066.83,0.000126,5680.00
227.900,2708.05,-62.62,0.232940,40.00,841.671692,3114.37,0.000099,6095.00
227.950,2585.17,-66.23,0.245566,35.00,981.266724,3227.22,0.000024,6070.00
228.000,1602.18,-71.89,0.246702,35.00,428.503113,3175.66,0.000004,2590.00
228.050,1217.15,-74.75,0.158304,30.00,660.574341,2635.70,0.000003,1995.00
228.100,3499.18,-71.76,0.051398,25.00,789.955383,4661.87,0.000128,9920.00
228.150,4372.81,-62.25,0.147640,55.00,741.885254,4963.82,0.000284,11180.00
228.200,3740.88,-61.61,0.238593,40.00,850.850952,4722.31,0.000130,10545.00
228.250,2035.75,-68.09,0.245789,35.00,965.237854,3349.28,0.000017,3135.00
228.300,1099.44,-73.51,0.254996,30.00,687.213623,1871.29,0.000002,1540.00
228.350,1842.47,-70.87,0.257220,30.00,358.349274,3378.89,0.000004,3115.00
228.400,3409.50,-68.79,0.260388,30.00,286.630005,4707.21,0.000007,9995.00
228.450,4260.47,-63.67,0.256195,30.00,683.557373,5010.76,0.000037,11175.00
228.500,3589.91,-63.03,0.256593,55.00,1149.514160,4686.51,0.000050,10295.00
228.550,2384.35,-67.10,0.272785,50.00,1087.910889,3629.06,0.000012,5675.00
228.600,4795.81,-63.37,0.265563,50.00,522.647949,4992.23,0.000031,11615.00
228.650,5223.80,-64.42,0.256679,50.00,324.693634,5146.05,0.000023,12025.00
228.700,2349.12,-70.74,0.269165,50.00,274.660675,3851.86,0.000004,6215.00
228.750,1045.67,-73.12,0.275075,55.00,986.547729,2112.25,0.000002,2595.00
228.800,1434.92,-70.67,0.274053,35.00,1021.528259,2719.96,0.000004,3395.00
228.850,1857.79,-70.71,0.274812,35.00,1066.528198,3115.05,0.000003,3695.00
228.900,1767.29,-71.21,0.263549,30.00,580.987915,2898.91,0.000003,3575.00
228.950,1488.40,-73.37,0.256248,30.00,256.189117,2668.59,0.000001,3410.00
229.000,2517.77,-69.14,0.267891,30.00,260.642090,3861.86,0.000005,6685.00
229.050,3739.23,-60.30,0.258066,30.00,790.619507,4263.51,0.000083,9070.00
229.100,3590.24,-59.80,0.250138,55.00,1171.409912,4030.38,0.000107,8190.00
229.150,2401.79,-66.61,0.268484,50.00,1018.324097,3288.71,0.000013,5515.00
229.200,971.14,-73.48,0.272007,50.00,788.486145,1974.67,0.000002,1475.00
229.250,784.42,-74.21,0.256793,65.00,878.413330,1709.76,0.000002,1035.00
229.300,2688.22,-67.84,0.172464,65.00,910.762756,4204.01,0.000025,7970.00
229.350,4517.83,-62.25,0.183425,50.00,566.762756,5039.71,0.000107,11505.00
229.400,3629.70,-63.12,0.253802,35.00,876.595459,4731.74,0.000045,10530.00
229.450,2814.01,-66.85,0.258242,35.00,994.248169,4225.85,0.000015,8175.00
229.500,5086.49,-62.47,0.248628,30.00,503.721436,5172.60,0.000050,11965.00
229.550,5351.90,-63.51,0.245485,30.00,320.866364,5122.66,0.000032,12035.00
229.600,4694.89,-63.42,0.253813,30.00,284.856689,4390.03,0.000031,9685.00
229.650,4986.74,-59.57,0.239163,35.00,814.899780,4670.16,0.000121,10795.00
229.700,4465.10,-60.59,0.217913,35.00,634.147095,4589.31,0.000116,10230.00
229.750,4329.19,-62.23,0.218912,35.00,840.811829,4476.25,0.000069,9895.00
229.800,5661.21,-60.69,0.222559,30.00,426.453308,4907.27,0.000094,11770.00
229.850,5430.35,-62.23,0.224130,30.00,265.818512,4847.66,0.000057,11515.00
229.900,4682.40,-64.29,0.235549,30.00,249.712830,4294.48,0.000025,9665.00
229.950,4741.94,-62.59,0.212094,30.00,419.541443,4094.23,0.000050,9405.00
230.000,4858.26,-63.37,0.107635,30.00,764.559021,4073.15,0.000149,9560.00
230.050,4122.53,-65.87,0.074434,120.00,586.904846,4109.14,0.000171,9025.00
230.100,2250.65,-67.66,0.207850,45.00,978.990784,3595.91,0.000018,6645.00
230.150,1848.45,-69.65,0.269511,35.00,905.630981,3292.35,0.000005,4925.00
230.200,2363.44,-69.17,0.267585,35.00,1031.070557,3249.61,0.000009,5765.00
230.250,3386.86,-64.32,0.248662,30.00,469.471771,3211.24,0.000043,6440.00
230.300,3412.17,-64.71,0.229700,30.00,267.010864,3190.75,0.000041,6485.00
230.350,2296.91,-69.55,0.206174,30.00,513.296753,2946.95,0.000005,5630.00
230.400,2484.11,-69.23,0.122336,30.00,817.544678,2950.72,0.000018,5925.00
230.450,3068.30,-68.71,0.085460,145.00,524.854980,3279.26,0.000049,6675.00
230.500,4726.96,-63.21,0.083691,125.00,461.775787,4644.18,0.000304,10890.00
230.550,4534.28,-60.31,0.200356,45.00,902.201965,4932.32,0.000145,11195.00
230.600,3334.51,-63.38,0.247055,35.00,832.835022,4508.82,0.000043,9525.00
230.650,1548.80,-70.33,0.243198,35.00,918.324219,2610.77,0.000006,2905.00
230.700,2712.07,-67.91,0.249344,30.00,425.885651,4152.56,0.000011,8650.00
230.750,4908.11,-66.10,0.254349,30.00,305.640045,5332.76,0.000013,11835.00
230.800,4974.73,-64.86,0.254097,30.00,167.431534,4876.73,0.000018,10990.00
230.850,3907.42,-64.88,0.249294,30.00,304.541962,4218.71,0.000021,9370.00
230.900,2400.89,-69.35,0.247889,30.00,236.068176,3560.21,0.000005,7030.00
230.950,3362.01,-67.11,0.251108,30.00,266.787415,3869.10,0.000009,8140.00
231.000,4107.48,-64.09,0.253688,30.00,215.095764,4033.88,0.000022,9240.00
231.050,2809.89,-66.87,0.253658,30.00,243.627319,3799.01,0.000011,7560.00
231.100,2190.45,-70.43,0.245943,30.00,203.539825,3921.13,0.000005,6855.00
231.150,2878.26,-67.14,0.232423,30.00,322.684967,4298.07,0.000015,8475.00
231.200,2422.53,-69.12,0.228284,30.00,301.058044,3736.01,0.000010,6875.00
231.250,4879.13,-65.18,0.229348,30.00,281.902618,5149.41,0.000030,11665.00
231.300,6131.64,-62.77,0.211390,30.00,347.156616,5232.66,0.000077,12555.00
231.350,4783.41,-66.99,0.208186,30.00,273.658752,5236.71,0.000021,11880.00
231.400,4735.13,-62.43,0.209103,30.00,282.632538,4647.05,0.000058,10990.00
231.450,5156.65,-58.30,0.198829,30.00,489.002808,4432.57,0.000238,11010.00
231.500,5151.57,-60.30,0.188902,30.00,327.507446,4547.64,0.000147,11175.00
231.550,5454.78,-64.54,0.186035,30.00,400.040558,5201.71,0.000042,12100.00
231.600,6390.41,-63.17,0.184066,30.00,267.278351,4866.12,0.000064,11855.00
231.650,7096.47,-62.48,0.180507,30.00,248.987793,4351.47,0.000073,11665.00
231.700,6271.57,-62.99,0.178291,30.00,209.514206,4429.01,0.000062,11000.00
231.750,4467.67,-65.59,0.182824,30.00,328.578400,4430.89,0.000027,9820.00
231.800,1828.94,-71.78,0.179362,30.00,224.534927,3161.59,0.000006,3500.00
231.850,1532.30,-72.42,0.169160,30.00,372.092682,2790.05,0.000006,3100.00
231.900,1462.78,-74.30,0.118145,30.00,427.917938,2781.78,0.000005,3005.00
231.950,3045.40,-72.42,0.043407,30.00,556.370422,4095.93,0.000084,8685.00
232.000,4879.52,-62.94,0.114351,65.00,595.206360,5037.33,0.000204,11595.00
232.050,4460.94,-61.43,0.235808,40.00,918.887146,5089.08,0.000082,11475.00
232.100,2634.30,-65.87,0.249731,35.00,907.129150,4152.16,0.000022,7645.00
232.150,1296.32,-72.41,0.236187,35.00,672.532593,2338.72,0.000003,2850.00
232.200,1311.25,-72.47,0.174049,30.00,626.766846,2207.63,0.000003,2960.00
232.250,1517.01,-73.16,0.096896,495.00,779.326660,2366.96,0.000010,3005.00
232.300,2250.53,-70.60,0.073182,475.00,395.185852,3060.59,0.000050,4675.00
232.350,2854.75,-66.19,0.085999,185.00,364.064392,3392.22,0.000131,5930.00
232.400,3044.87,-66.86,0.073340,185.00,211.074432,3462.83,0.000128,7175.00
232.450,1723.66,-71.14,0.130775,65.00,693.006287,2773.05,0.000010,4140.00
232.500,971.12,-72.99,0.248183,40.00,947.169189,2076.86,0.000001,1820.00
232.550,1178.73,-73.64,0.267576,35.00,1008.427002,2396.39,0.000002,2370.00
232.600,2585.11,-65.29,0.263700,35.00,668.722656,3152.63,0.000032,5830.00
232.650,3050.33,-61.65,0.203189,30.00,831.446350,3195.18,0.000152,6330.00
232.700,3183.40,-64.52,0.097449,180.00,854.972473,3215.52,0.000221,6500.00
232.750,3134.52,-70.88,0.052439,180.00,446.984558,3188.31,0.000060,6505.00
232.800,3114.69,-72.79,0.050098,180.00,126.236694,3018.11,0.000026,6295.00
232.850,3648.38,-70.30,0.051317,1570.00,148.554321,3962.09,0.000108,8100.00
232.900,4682.87,-62.10,0.130911,65.00,687.222656,4949.20,0.000200,11410.00
232.950,3914.23,-60.96,0.227875,40.00,843.682800,4764.96,0.000104,10635.00
233.000,2369.86,-66.09,0.245067,35.00,936.503601,3729.34,0.000022,6300.00
233.050,1559.46,-71.23,0.238694,30.00,626.680786,2680.64,0.000005,3530.00
233.100,1493.01,-72.32,0.240240,30.00,395.491333,2519.86,0.000002,3535.00
233.150,2207.55,-70.39,0.250752,30.00,251.954178,3520.96,0.000006,5720.00
233.200,4143.57,-63.10,0.242106,30.00,370.342590,4836.42,0.000052,10945.00
233.250,4026.92,-62.37,0.232405,30.00,392.498688,4754.48,0.000072,10785.00
233.300,2806.05,-67.03,0.239131,30.00,390.536255,4084.99,0.000017,7825.00
233.350,5478.80,-62.37,0.239018,30.00,397.733276,5113.08,0.000054,12140.00
233.400,5533.18,-62.47,0.232733,30.00,257.080566,5086.75,0.000055,12195.00
233.450,3179.38,-67.88,0.234581,30.00,316.356445,4243.88,0.000010,8550.00
233.500,2368.24,-69.37,0.236384,30.00,281.172760,3513.03,0.000006,6790.00
233.550,2048.99,-70.11,0.232017,30.00,362.186554,3276.64,0.000006,4730.00
233.600,1587.76,-73.45,0.221861,30.00,228.575836,3030.00,0.000002,2580.00
233.650,1649.13,-74.42,0.224309,30.00,390.526093,3218.89,0.000001,3185.00
233.700,1897.23,-74.05,0.224728,30.00,103.522316,3420.36,0.000001,4995.00
233.750,2776.86,-69.83,0.217280,30.00,250.646210,4221.38,0.000006,8255.00
233.800,4077.14,-60.72,0.225405,30.00,788.652222,4477.39,0.000091,10070.00
233.850,3947.66,-60.04,0.251513,55.00,1126.532593,4233.79,0.000094,9135.00
233.900,3291.55,-65.47,0.275941,50.00,990.543335,3800.38,0.000014,7680.00
233.950,3471.15,-66.25,0.283180,50.00,409.436249,3804.12,0.000009,8445.00
234.000,2168.00,-69.48,0.279152,50.00,244.093430,3304.46,0.000004,6030.00
234.050,2728.79,-69.46,0.281190,50.00,234.463379,4368.98,0.000007,8295.00
234.100,4865.91,-63.02,0.266465,50.00,321.065063,5167.39,0.000047,11830.00
234.150,4610.28,-63.54,0.246867,50.00,358.539734,5049.53,0.000045,11525.00
234.200,2032.41,-70.97,0.252358,50.00,226.321213,3628.33,0.000005,5500.00
234.250,944.22,-75.04,0.248738,50.00,418.143768,2177.03,0.000001,865.00
234.300,763.89,-76.04,0.242506,50.00,322.883728,1789.57,0.000001,750.00
234.350,2674.11,-69.30,0.238429,50.00,455.777344,4369.71,0.000009,8310.00
234.400,4609.01,-63.18,0.236152,45.00,862.156250,5198.45,0.000049,11700.00
234.450,4079.74,-63.94,0.237909,40.00,956.681396,5027.25,0.000038,11190.00
234.500,2951.68,-67.18,0.238102,35.00,918.420654,4285.68,0.000014,8290.00
234.550,5061.35,-63.17,0.233464,30.00,510.949341,5068.68,0.000043,11695.00
234.600,4491.63,-64.63,0.235343,30.00,354.847961,5002.00,0.000028,11345.00
234.650,2509.70,-69.58,0.249451,30.00,320.413727,3944.12,0.000006,7540.00
234.700,2778.89,-68.71,0.226975,30.00,437.452545,4030.93,0.000008,8245.00
234.750,2755.34,-69.73,0.116044,30.00,792.636292,3665.68,0.000021,7400.00
234.800,2386.36,-71.30,0.068191,185.00,638.928040,3077.09,0.000029,5930.00
234.850,1278.52,-71.67,0.201659,45.00,967.776184,2394.57,0.000003,2980.00
234.900,1128.94,-72.61,0.269369,35.00,904.342224,2303.33,0.000001,2470.00
234.950,1862.13,-70.36,0.268580,35.00,1040.344360,2834.41,0.000004,3935.00
235.000,2676.52,-64.05,0.252003,30.00,604.574463,3082.61,0.000034,5765.00
235.050,2868.15,-63.59,0.227238,30.00,360.269043,3219.52,0.000044,6170.00
235.100,2370.10,-68.06,0.240350,30.00,545.422791,3192.19,0.000009,5685.00
235.150,2109.02,-71.50,0.214827,30.00,433.782227,2974.75,0.000003,5590.00
235.200,3006.55,-70.54,0.103789,30.00,784.640991,3295.21,0.000017,7040.00
235.250,5117.73,-62.72,0.075890,125.00,589.070618,4469.64,0.000405,10590.00
235.300,4857.56,-59.77,0.194361,45.00,887.578125,4904.86,0.000169,11315.00
235.350,3478.75,-62.91,0.243098,35.00,800.681030,4611.53,0.000052,9965.00
235.400,1837.70,-68.99,0.240059,35.00,917.760925,3081.42,0.000010,3805.00
235.450,1624.43,-70.83,0.248815,30.00,533.282410,2798.26,0.000004,3425.00
235.500,1361.54,-72.50,0.253969,30.00,369.425568,2560.21,0.000002,2805.00
235.550,969.07,-74.49,0.256012,30.00,366.429077,2164.10,0.000001,1255.00
235.600,842.64,-75.02,0.255121,30.00,276.312073,1954.17,0.000001,815.00
235.650,967.44,-74.14,0.248840,30.00,332.881134,2070.84,0.000002,1030.00
235.700,1256.88,-73.59,0.242663,30.00,447.897766,2503.32,0.000002,1285.00
235.750,1430.99,-72.50,0.242292,30.00,252.362427,2663.95,0.000003,1590.00
235.800,1482.87,-72.14,0.240568,30.00,431.510986,2793.72,0.000003,1695.00
235.850,2630.14,-68.52,0.236929,30.00,331.903473,3979.71,0.000008,7835.00
235.900,3932.15,-64.97,0.235599,30.00,223.574753,4417.07,0.000021,9450.00
235.950,3331.82,-67.19,0.228749,30.00,237.988342,4097.05,0.000015,8825.00
236.000,4494.93,-64.25,0.227569,30.00,280.598022,4916.64,0.000044,11095.00
236.050,5631.75,-61.31,0.211073,30.00,313.959595,5142.10,0.000123,12270.00
236.100,5343.89,-65.01,0.203786,30.00,339.884888,5286.51,0.000040,12255.00
236.150,5097.03,-62.69,0.204889,30.00,234.050995,4830.33,0.000055,11530.00
236.200,4868.72,-58.48,0.201077,30.00,575.818787,4483.95,0.000291,10870.00
236.250,4316.89,-60.03,0.201056,30.00,404.349884,4401.62,0.000214,10165.00
236.300,4366.41,-61.77,0.183381,30.00,452.137543,4649.86,0.000151,10635.00
236.350,5131.17,-61.33,0.179097,30.00,438.631042,4344.11,0.000120,10540.00
236.400,5060.08,-63.93,0.176162,30.00,198.285812,4095.66,0.000051,10090.00
236.450,4479.65,-66.67,0.169906,30.00,192.884521,4449.31,0.000024,10240.00
236.500,3075.82,-67.89,0.173652,30.00,293.458405,4120.30,0.000020,7980.00
236.550,2138.62,-70.42,0.179376,30.00,294.137146,3237.82,0.000010,3950.00
236.600,1884.65,-73.46,0.165744,30.00,214.471466,2844.13,0.000003,3845.00
236.650,1549.79,-75.91,0.114596,30.00,449.047485,2835.87,0.000002,3680.00
236.700,4129.09,-70.79,0.037975,30.00,522.221252,4416.05,0.000146,9735.00
236.750,5200.04,-61.81,0.103614,75.00,570.118347,4928.84,0.000303,11665.00
236.800,4608.66,-60.49,0.229804,40.00,924.475037,5047.83,0.000106,11535.00
236.850,2931.71,-64.83,0.254625,35.00,904.671021,4232.80,0.000027,8275.00
236.900,1849.30,-70.39,0.238638,35.00,709.187256,2791.40,0.000005,3550.00
236.950,2085.14,-70.51,0.173779,35.00,621.305542,2975.34,0.000006,4115.00
237.000,2562.89,-70.95,0.085779,480.00,739.800842,3236.63,0.000020,5475.00
237.050,1354.39,-72.99,0.123228,115.00,663.598816,2584.33,0.000007,2750.00
237.100,815.77,-73.70,0.249619,40.00,983.348145,2009.10,0.000001,935.00
237.150,1340.87,-72.49,0.268491,35.00,987.920715,2577.43,0.000001,3500.00
237.200,1566.19,-72.92,0.257222,35.00,642.829224,2659.42,0.000001,4070.00
237.250,1630.34,-73.50,0.180526,30.00,612.211975,2663.06,0.000001,4175.00
237.300,2593.88,-72.22,0.059996,30.00,837.645264,3191.13,0.000035,5975.00
237.350,2718.01,-64.83,0.133437,80.00,711.030762,3210.93,0.000094,6180.00
237.400,2620.38,-62.55,0.233078,40.00,825.740356,3115.06,0.000066,6070.00
237.450,2323.64,-65.81,0.241128,35.00,980.232605,3046.21,0.000019,5590.00
237.500,1564.03,-70.12,0.227688,35.00,538.488953,2583.40,0.000005,3185.00
237.550,1776.79,-70.65,0.153439,30.00,629.563416,2679.32,0.000008,3990.00
237.600,3114.46,-70.61,0.057754,30.00,719.811829,3862.15,0.000114,7455.00
237.650,4936.22,-62.51,0.128430,120.00,643.967346,5086.20,0.000239,11720.00
237.700,4381.66,-61.40,0.237496,40.00,905.492798,5032.33,0.000101,11295.00
237.750,3201.62,-64.92,0.256279,35.00,943.854126,4018.28,0.000028,7720.00
237.800,3331.31,-65.22,0.251625,30.00,696.432495,3590.61,0.000019,7120.00
237.850,3769.20,-64.93,0.251080,30.00,268.796478,4351.00,0.000019,9635.00
237.900,4714.95,-65.28,0.249484,30.00,229.279663,4881.79,0.000017,10655.00
237.950,4213.26,-62.93,0.243454,30.00,588.628235,4870.67,0.000042,10765.00
238.000,3675.42,-63.02,0.247388,55.00,1097.890137,4761.62,0.000044,10480.00
238.050,2211.11,-67.93,0.263431,50.00,1067.947998,3693.19,0.000010,5695.00
238.100,3916.67,-63.02,0.249518,50.00,541.567871,4734.83,0.000041,10600.00
238.150,4714.24,-63.21,0.243453,50.00,335.143005,5047.20,0.000038,11625.00
238.200,3175.17,-69.88,0.259253,50.00,349.255981,4515.52,0.000004,9270.00
238.250,1875.21,-69.98,0.263968,50.00,868.204712,3154.20,0.000004,5075.00
238.300,1461.68,-70.61,0.266156,40.00,1046.480103,2824.33,0.000003,3335.00
238.350,1461.76,-71.67,0.267184,35.00,1049.903809,2971.14,0.000003,2870.00
238.400,3572.39,-65.51,0.263292,30.00,653.911438,4079.92,0.000016,9000.00
238.450,4911.86,-64.29,0.258819,30.00,339.128357,4074.25,0.000020,9435.00
238.500,4624.95,-64.38,0.255835,30.00,172.603409,4058.24,0.000022,9230.00
238.550,3953.64,-60.19,0.248740,30.00,720.539062,4301.59,0.000099,9285.00
238.600,3619.18,-59.48,0.244334,55.00,1118.098389,4060.38,0.000136,8300.00
238.650,2490.85,-65.55,0.257737,50.00,1038.381714,3339.55,0.000020,5785.00
238.700,951.76,-73.52,0.260759,50.00,731.315674,1827.62,0.000002,1555.00
238.750,837.68,-73.71,0.250627,50.00,844.863342,1701.48,0.000002,1435.00
238.800,2115.15,-67.95,0.185006,65.00,900.760986,3721.37,0.000023,5895.00
238.850,4762.77,-62.07,0.176290,50.00,496.807159,5080.13,0.000106,11635.00
238.900,4200.33,-63.31,0.261912,35.00,984.622559,5069.06,0.000035,11330.00
238.950,2844.66,-68.22,0.273746,35.00,988.083496,4412.20,0.000007,8645.00
239.000,5037.96,-62.95,0.259392,30.00,556.447388,5186.06,0.000036,11885.00
239.050,4722.71,-64.28,0.246789,30.00,347.851624,5191.28,0.000028,11725.00
239.100,3286.20,-66.48,0.255591,30.00,310.056244,4409.43,0.000014,9165.00
239.150,5227.73,-61.32,0.248958,35.00,727.720947,4961.32,0.000068,11500.00
239.200,5177.79,-60.88,0.235801,40.00,758.769043,4828.04,0.000088,11145.00
239.250,4726.74,-62.49,0.237048,35.00,872.803589,4561.46,0.000051,10175.00
239.300,5670.91,-61.47,0.225628,30.00,519.849854,4852.87,0.000073,11660.00
239.350,5488.10,-62.66,0.228879,30.00,291.951050,4879.19,0.000049,11530.00
239.400,4375.96,-65.65,0.242426,30.00,270.720825,4592.98,0.000017,9905.00
239.450,3359.15,-64.71,0.223678,30.00,461.106659,4106.87,0.000031,8540.00
239.500,3307.67,-64.56,0.129291,30.00,767.751099,3948.10,0.000097,8230.00
239.550,3878.50,-66.26,0.069787,185.00,647.730530,4142.19,0.000182,8910.00
239.600,2280.39,-67.84,0.195038,45.00,958.039612,3608.49,0.000019,6715.00
239.650,1794.68,-69.53,0.268474,35.00,892.570740,3225.57,0.000006,4810.00
239.700,2140.32,-69.43,0.266036,35.00,1047.848022,3203.62,0.000008,5140.00
239.750,2707.31,-64.26,0.250333,30.00,587.554138,3118.66,0.000045,6000.00
239.800,2832.04,-63.79,0.226920,30.00,360.824463,3134.48,0.000058,6160.00
239.850,2368.22,-68.12,0.205304,30.00,560.418335,3088.64,0.000011,5705.00
239.900,2684.76,-71.48,0.104377,30.00,723.044250,3091.27,0.000010,6240.00
239.950,3526.48,-71.11,0.049588,1590.00,544.680725,3145.55,0.000048,7160.00
240.000,4739.20,-64.33,0.069407,125.00,306.892670,4566.93,0.000328,10715.00
240.050,4547.33,-60.05,0.183730,45.00,845.023865,4866.60,0.000192,11035.00
240.100,3473.23,-62.07,0.238653,35.00,804.616455,4454.41,0.000069,9545.00
240.150,1980.28,-68.84,0.245632,35.00,938.922119,3281.67,0.000009,4025.00
240.200,1635.56,-70.87,0.250808,30.00,457.994843,3023.29,0.000005,3365.00
240.250,3842.97,-64.92,0.238789,30.00,307.625519,4516.28,0.000024,9920.00
240.300,5884.95,-62.89,0.241172,30.00,328.307129,4636.93,0.000036,10885.00
240.350,5532.78,-64.04,0.243652,30.00,186.532806,4397.00,0.000025,10100.00
240.400,3729.65,-66.64,0.246114,30.00,270.709381,3976.26,0.000012,8935.00
240.450,2501.40,-69.30,0.239764,30.00,267.572723,3276.79,0.000006,6345.00
240.500,2143.66,-70.08,0.236159,30.00,331.701721,3097.65,0.000006,4920.00
240.550,1921.25,-71.14,0.238191,30.00,301.766632,3045.50,0.000004,4130.00
240.600,2665.18,-70.75,0.241097,30.00,294.004761,4212.80,0.000004,8170.00
240.650,3636.96,-68.41,0.240520,30.00,228.751129,4863.53,0.000007,10595.00
240.700,2672.71,-71.14,0.233032,30.00,107.912804,4403.89,0.000004,8475.00
240.750,4579.66,-65.53,0.226368,30.00,317.303925,5086.98,0.000022,11630.00
240.800,5672.39,-62.33,0.209414,30.00,315.167145,5219.38,0.000070,12305.00
240.850,4769.20,-66.04,0.207564,30.00,273.054138,5241.67,0.000024,11880.00
240.900,4229.58,-63.71,0.210780,30.00,293.542725,4583.28,0.000044,10575.00
240.950,5036.95,-58.76,0.201269,30.00,468.017731,4364.49,0.000210,10795.00
241.000,5388.06,-59.59,0.185650,30.00,263.319672,4459.41,0.000179,11215.00
241.050,6326.85,-62.39,0.180501,30.00,387.037659,5077.81,0.000077,12560.00
241.100,5288.75,-64.78,0.185575,30.00,230.703339,5238.26,0.000042,12115.00
241.150,4078.02,-67.86,0.187485,30.00,213.577209,5007.59,0.000018,11085.00
241.200,2858.40,-67.73,0.188421,30.00,314.445312,4278.71,0.000020,8260.00
241.250,1793.64,-69.06,0.190539,30.00,471.692749,3064.66,0.000017,2885.00
241.300,1544.68,-71.54,0.182844,30.00,482.373322,2603.82,0.000009,2410.00
241.350,2921.25,-66.99,0.163505,30.00,323.959137,3949.26,0.000036,8565.00
241.400,5766.39,-62.35,0.121308,30.00,515.553162,4498.08,0.000182,10750.00
241.450,7711.04,-62.43,0.066495,30.00,523.184692,3671.22,0.000566,11410.00
241.500,6588.97,-61.07,0.104575,80.00,527.918884,4577.69,0.000373,11460.00
241.550,4737.12,-60.09,0.219860,40.00,913.343567,4951.96,0.000130,11020.00
241.600,2889.95,-64.25,0.244676,35.00,866.415039,4124.77,0.000036,8075.00
241.650,1689.04,-70.39,0.234878,35.00,736.037720,2522.77,0.000006,2950.00
241.700,1719.47,-70.56,0.183977,35.00,564.809265,2391.83,0.000006,2950.00
241.750,2057.17,-70.28,0.100605,30.00,762.958374,2614.05,0.000023,3310.00
241.800,2332.77,-72.31,0.048004,275.00,438.159729,2937.82,0.000045,4615.00
241.850,2540.72,-73.75,0.044007,185.00,263.860138,3154.35,0.000031,5980.00
241.900,2923.14,-72.37,0.051803,180.00,131.572632,3153.05,0.000033,6875.00
241.950,1649.96,-72.14,0.118731,65.00,619.391357,2611.10,0.000007,4090.00
242.000,988.68,-72.87,0.242168,40.00,961.111938,2110.44,0.000001,1870.00
242.050,1092.21,-73.77,0.266834,35.00,985.599731,2298.89,0.000002,2245.00
242.100,2457.24,-66.26,0.265469,35.00,749.771606,3058.19,0.000024,5345.00
242.150,3119.82,-62.00,0.208797,30.00,780.463867,3170.78,0.000129,6330.00
242.200,3367.90,-63.98,0.100981,185.00,879.667664,3266.12,0.000239,6755.00
242.250,3110.76,-70.63,0.051731,180.00,471.709686,3188.20,0.000067,6550.00
242.300,3094.86,-72.53,0.048333,180.00,135.191452,2957.37,0.000035,6270.00
242.350,4692.99,-67.39,0.050086,1570.00,140.030579,3986.97,0.000192,9465.00
242.400,5426.41,-59.91,0.126408,120.00,667.294556,4675.00,0.000312,11150.00
242.450,4628.58,-59.67,0.232467,40.00,865.113159,4867.40,0.000115,10970.00
242.500,2821.96,-65.35,0.243561,35.00,932.288757,4158.43,0.000024,8305.00
242.550,1750.17,-71.36,0.248291,35.00,776.818970,2928.35,0.000003,4405.00
242.600,2159.80,-70.34,0.251671,30.00,311.135590,3152.70,0.000003,5215.00
242.650,4035.58,-64.76,0.250424,30.00,255.485992,3848.72,0.000020,8695.00
242.700,5219.67,-60.43,0.231030,30.00,272.227386,4407.89,0.000081,10605.00
242.750,4697.20,-60.76,0.219996,30.00,358.618011,4665.26,0.000089,10930.00
242.800,2869.94,-66.24,0.231308,30.00,342.335541,3934.98,0.000020,7265.00
242.850,5426.46,-63.16,0.235182,30.00,353.081573,5137.06,0.000040,12165.00
242.900,6190.60,-62.71,0.226785,30.00,234.548126,5124.49,0.000048,12410.00
242.950,5553.69,-64.50,0.231672,30.00,276.313965,4583.46,0.000024,10225.00
243.000,4424.47,-64.06,0.233777,30.00,308.654175,4283.64,0.000027,9590.00
243.050,2782.78,-66.90,0.225688,30.00,331.924164,3562.64,0.000014,7730.00
243.100,1745.08,-72.49,0.224273,30.00,344.750427,2790.74,0.000002,3690.00
243.150,1326.76,-75.01,0.228764,30.00,319.628113,2559.57,0.000001,2965.00
243.200,821.14,-76.18,0.227182,30.00,125.618782,1925.06,0.000000,1330.00
243.250,2292.09,-71.09,0.218095,30.00,281.566742,3847.27,0.000005,6295.00
243.300,3804.84,-61.04,0.225654,30.00,732.814636,4397.81,0.000093,9605.00
243.350,3705.73,-59.57,0.248136,55.00,1111.118042,4191.60,0.000124,8540.00
243.400,2702.19,-65.27,0.265699,50.00,1004.028870,3588.27,0.000019,6435.00
243.450,1179.07,-73.28,0.277592,50.00,460.995819,2348.31,0.000001,1580.00
243.500,1155.32,-73.95,0.278770,50.00,340.515594,2459.55,0.000001,1475.00
243.550,2828.32,-70.45,0.281703,50.00,272.373413,4477.05,0.000004,8950.00
243.600,5659.17,-63.24,0.276184,50.00,280.046234,5280.42,0.000032,12395.00
243.650,5036.41,-62.72,0.253833,50.00,353.361359,5164.06,0.000046,11920.00
243.700,2438.82,-68.23,0.251857,50.00,298.619751,3856.80,0.000010,6790.00
243.750,1725.70,-71.35,0.256188,50.00,395.082672,3070.88,0.000004,3330.00
243.800,1488.80,-73.78,0.249579,50.00,305.128265,2829.14,0.000002,3065.00
243.850,2585.79,-68.86,0.243381,50.00,291.378967,4168.62,0.000009,7770.00
243.900,4399.73,-61.96,0.234995,45.00,845.652161,5035.04,0.000070,11380.00
243.950,3837.36,-61.93,0.236716,40.00,956.633362,4756.06,0.000073,10610.00
244.000,2596.76,-66.03,0.236758,35.00,994.144775,3800.00,0.000023,6815.00
244.050,4889.98,-62.19,0.233538,30.00,525.260071,4980.98,0.000057,11625.00
244.100,4606.33,-62.90,0.230978,30.00,326.545715,4934.14,0.000047,11500.00
244.150,2284.13,-69.98,0.243405,30.00,284.765076,3709.73,0.000006,5895.00
244.200,1151.10,-74.80,0.228081,30.00,408.341003,2545.18,0.000001,2365.00
244.250,1921.37,-72.79,0.125245,30.00,741.984070,2961.49,0.000005,4800.00
244.300,2396.81,-71.61,0.064032,180.00,678.708008,2971.22,0.000023,5830.00
244.350,1482.08,-70.59,0.183064,45.00,890.747681,2488.41,0.000005,3305.00
244.400,1269.37,-71.25,0.251587,35.00,826.900146,2411.36,0.000002,2715.00
244.450,1652.00,-70.83,0.252613,35.00,996.073486,2696.11,0.000006,3535.00
244.500,2712.75,-64.22,0.246542,30.00,531.707520,3059.26,0.000044,5910.00
244.550,2767.76,-63.49,0.223944,30.00,440.050018,3012.88,0.000063,6005.00
244.600,2008.88,-67.71,0.227018,30.00,467.340668,2640.83,0.000011,4465.00
244.650,1788.97,-70.02,0.211936,30.00,500.852112,2657.30,0.000004,4000.00
244.700,2578.55,-69.15,0.127408,30.00,740.282104,3280.19,0.000023,6345.00
244.750,5000.22,-62.60,0.075359,385.00,637.321655,4333.36,0.000445,10335.00
244.800,4963.38,-59.62,0.183252,45.00,869.845398,4819.76,0.000199,11175.00
244.850,3709.53,-62.68,0.248204,35.00,830.778198,4735.81,0.000052,10415.00
244.900,1618.20,-69.45,0.245966,35.00,946.208191,2851.10,0.000008,2975.00
244.950,1323.26,-71.67,0.249276,30.00,481.864014,2175.64,0.000002,2460.00
245.000,1145.02,-73.38,0.256430,30.00,333.848846,2130.25,0.000001,2340.00
245.050,1045.20,-74.02,0.262485,30.00,183.953262,2152.93,0.000001,2020.00
245.100,1381.56,-71.31,0.258803,30.00,330.564941,2302.92,0.000003,2520.00
245.150,1564.59,-70.42,0.240096,30.00,376.134735,2260.56,0.000005,2555.00
245.200,1373.57,-72.09,0.235528,30.00,249.713013,2090.65,0.000003,2285.00
245.250,1214.65,-72.89,0.241162,30.00,404.756409,2087.99,0.000002,1830.00
245.300,1070.04,-73.94,0.232288,30.00,330.523376,1991.73,0.000002,1450.00
245.350,1862.22,-72.51,0.230125,30.00,330.207520,3688.36,0.000004,4715.00
245.400,2988.28,-68.69,0.235411,30.00,293.713165,4544.45,0.000010,9235.00
245.450,2458.31,-69.70,0.231161,30.00,256.979279,3950.85,0.000008,7320.00
245.500,4367.28,-65.97,0.225131,30.00,247.098831,4986.10,0.000025,11180.00
245.550,6114.92,-62.73,0.210317,30.00,333.979614,5243.42,0.000075,12540.00
245.600,4880.54,-65.67,0.207946,30.00,318.683746,5252.27,0.000034,11920.00
245.650,4206.40,-64.22,0.212667,30.00,284.851166,4631.74,0.000046,10575.00
245.700,5056.55,-58.87,0.202815,30.00,497.878784,4418.75,0.000253,10870.00
245.750,5067.26,-60.09,0.190868,30.00,348.972717,4408.41,0.000183,10865.00
245.800,4897.23,-63.23,0.190013,30.00,476.920227,5050.34,0.000063,11710.00
245.850,4323.75,-64.60,0.187600,30.00,261.058136,4944.62,0.000044,11085.00
245.900,5068.50,-65.63,0.172726,30.00,317.759247,4958.00,0.000033,11180.00
245.950,5632.52,-66.10,0.170892,30.00,181.677246,4791.14,0.000026,11030.00
246.000,4186.65,-66.18,0.175364,30.00,287.446014,4292.38,0.000027,9525.00
246.050,2606.28,-69.45,0.183737,30.00,277.491241,3547.15,0.000010,7155.00
246.100,795.73,-75.97,0.171327,30.00,323.191620,1770.68,0.000001,1155.00
246.150,446.77,-77.89,0.126553,30.00,467.958801,1327.83,0.000000,440.00
246.200,1835.41,-74.52,0.057685,30.00,539.172485,3083.78,0.000020,3520.00
246.250,3843.66,-62.97,0.116243,105.00,594.006470,4525.06,0.000193,10070.00
246.300,3813.12,-60.61,0.216844,40.00,860.634338,4645.98,0.000125,10445.00
246.350,2745.95,-64.64,0.238487,35.00,866.563293,4015.49,0.000034,7420.00
246.400,1430.49,-71.19,0.231040,35.00,739.069153,2284.08,0.000005,2250.00
246.450,1799.88,-69.72,0.185060,35.00,539.610657,2714.88,0.000009,3555.00
246.500,3240.38,-67.18,0.084960,30.00,775.289490,3568.03,0.000078,7375.00
246.550,2296.90,-68.86,0.117678,135.00,609.997253,3319.27,0.000030,6520.00
246.600,1065.29,-71.28,0.237019,40.00,924.961609,2130.79,0.000005,1975.00
246.650,1336.24,-70.62,0.256259,35.00,952.307617,2348.24,0.000005,2775.00
246.700,1470.39,-71.70,0.250628,35.00,774.064026,2437.77,0.000002,3245.00
246.750,1452.09,-72.67,0.192193,35.00,557.420410,2441.94,0.000002,3485.00
246.800,1811.96,-73.07,0.097274,330.00,818.155029,2683.54,0.000010,3995.00
246.850,2361.53,-66.33,0.137606,330.00,665.266235,2942.92,0.000063,5280.00
246.900,2630.36,-62.51,0.226407,40.00,861.080139,3057.15,0.000073,5975.00
246.950,2436.83,-65.02,0.242390,35.00,952.827332,2962.72,0.000026,5685.00
247.000,1934.80,-69.10,0.239729,35.00,602.620422,2853.64,0.000006,4060.00
247.050,2361.28,-69.19,0.169869,35.00,567.256836,3341.03,0.000015,5675.00
247.100,3712.07,-67.75,0.068482,30.00,771.977478,4036.17,0.000180,9495.00
247.150,4647.22,-60.98,0.125906,120.00,614.640503,4755.84,0.000387,10880.00
247.200,4358.35,-60.03,0.234162,40.00,910.438232,4872.42,0.000146,10995.00
247.250,2851.59,-64.19,0.248275,35.00,895.424500,3968.40,0.000042,7415.00
247.300,1790.37,-69.03,0.234707,35.00,784.334900,2484.14,0.000009,2765.00
247.350,1546.91,-70.52,0.230848,30.00,403.562836,2137.10,0.000004,2560.00
247.400,1720.15,-70.57,0.234453,30.00,353.176453,2734.73,0.000006,3190.00
247.450,3974.29,-63.96,0.236971,30.00,530.841614,4854.98,0.000034,10850.00
247.500,4149.40,-62.84,0.245078,55.00,1036.468506,4966.72,0.000045,11160.00
247.550,2872.41,-67.76,0.259697,50.00,1081.153564,4219.81,0.000009,8065.00
247.600,4849.50,-64.65,0.256024,50.00,511.857910,5070.73,0.000021,11640.00
247.650,5674.29,-64.28,0.248249,50.00,263.902985,5249.75,0.000025,12295.00
247.700,3502.17,-69.20,0.261388,50.00,254.516663,4713.08,0.000005,10150.00
247.750,1267.79,-72.50,0.268746,50.00,784.176697,2801.60,0.000002,2290.00
247.800,777.35,-74.01,0.266229,40.00,1107.029175,1961.80,0.000002,950.00
247.850,1318.50,-72.73,0.257586,35.00,1045.740967,2955.29,0.000003,1200.00
247.900,3020.55,-69.52,0.267077,30.00,702.699768,4485.94,0.000005,9395.00
247.950,4237.24,-68.79,0.276983,30.00,269.454681,4984.66,0.000005,10660.00
248.000,4128.17,-67.51,0.280273,30.00,132.350616,4797.38,0.000006,10210.00
248.050,3957.95,-60.98,0.266670,30.00,652.926575,4389.69,0.000060,9635.00
248.100,3795.42,-59.42,0.250213,55.00,1191.374146,4151.11,0.000116,8830.00
248.150,2944.29,-65.04,0.276051,50.00,1156.307861,3691.94,0.000017,6635.00
248.200,1570.72,-70.70,0.280797,50.00,734.770386,3067.31,0.000004,2910.00
248.250,1323.66,-70.71,0.263054,50.00,838.595093,2874.67,0.000005,2130.00
248.300,2804.13,-65.64,0.187717,65.00,938.697998,4047.77,0.000035,8260.00
248.350,4557.71,-60.78,0.157331,70.00,491.146729,4800.82,0.000187,11010.00
248.400,3812.98,-61.17,0.246070,40.00,853.891968,4678.32,0.000076,10440.00
248.450,2306.18,-66.05,0.247372,35.00,934.107788,3523.58,0.000027,4630.00
248.500,4496.18,-61.96,0.242724,30.00,669.362854,4927.78,0.000076,11350.00
248.550,4943.24,-63.27,0.243292,30.00,326.277405,5153.96,0.000049,11905.00
248.600,2379.35,-71.22,0.251141,30.00,306.210327,4167.41,0.000004,7365.00
248.650,1481.92,-71.60,0.244275,30.00,405.367218,2728.72,0.000003,2805.00
248.700,2228.93,-67.37,0.162015,30.00,777.933350,3018.41,0.000026,4965.00
248.750,2684.17,-66.37,0.098346,115.00,779.190857,3082.81,0.000089,5755.00
248.800,3569.74,-65.00,0.081541,100.00,353.113434,3752.24,0.000199,8630.00
248.850,5101.33,-64.21,0.066130,100.00,303.979980,4218.01,0.000336,9760.00
248.900,4168.02,-66.51,0.064957,100.00,205.903152,4053.52,0.000183,9225.00
248.950,2812.57,-70.04,0.057862,1330.00,193.946396,3366.09,0.000078,6660.00
249.000,3211.62,-69.58,0.057649,585.00,228.462357,3311.44,0.000079,6785.00
249.050,3541.93,-69.59,0.056888,585.00,158.677567,3301.39,0.000071,7505.00
249.100,3526.30,-71.20,0.048652,1335.00,169.690765,3312.68,0.000045,7625.00
249.150,3198.86,-73.02,0.044969,1335.00,127.188148,3316.09,0.000025,7310.00
249.200,2871.88,-74.34,0.045538,1335.00,118.352730,3370.94,0.000015,6675.00
249.250,2994.94,-72.07,0.048490,1330.00,130.258591,3462.12,0.000034,7030.00
249.300,3509.10,-68.50,0.056859,1330.00,181.641464,3599.16,0.000082,7820.00
249.350,3797.80,-69.02,0.052977,1330.00,162.750275,3601.15,0.000072,8195.00
249.400,3700.17,-71.02,0.050220,1325.00,154.483078,3503.26,0.000037,7930.00
249.450,3509.26,-71.70,0.048762,1325.00,98.292282,3369.83,0.000031,7565.00
249.500,3421.89,-71.81,0.046581,1325.00,133.762527,3334.19,0.000041,7290.00
249.550,3473.62,-71.54,0.046548,1325.00,129.116638,3363.58,0.000047,7515.00
249.600,3484.79,-71.26,0.049249,1330.00,117.274162,3348.68,0.000052,7580.00
249.650,3375.58,-71.76,0.048017,1330.00,129.411087,3426.52,0.000050,7630.00
249.700,3049.02,-72.69,0.045509,1330.00,125.714828,3399.86,0.000044,7040.00
249.750,2884.16,-72.89,0.044426,1330.00,114.936295,3374.19,0.000044,6640.00
249.800,3505.52,-70.72,0.049022,1330.00,127.880211,3536.90,0.000071,8240.00
249.850,3703.88,-69.30,0.056511,1330.00,174.343521,3624.04,0.000079,8605.00
249.900,3276.16,-69.87,0.060413,1330.00,174.395966,3484.24,0.000048,7905.00
249.950,3179.38,-70.98,0.052214,1330.00,150.263367,3461.78,0.000060,7385.00
250.000,3134.00,-66.94,0.076674,1330.00,335.546997,3607.79,0.000130,7975.00
250.050,4366.74,-62.67,0.100702,560.00,247.610809,4493.40,0.000261,10355.00
250.100,6337.93,-60.96,0.071375,1325.00,358.131134,4700.78,0.000701,11755.00
250.150,5175.96,-61.53,0.089457,1325.00,340.123505,4721.24,0.000412,11105.00
250.200,3013.64,-64.74,0.119790,190.00,406.205414,3739.05,0.000111,7520.00
250.250,2496.16,-68.14,0.105498,830.00,396.267090,3137.69,0.000049,4755.00
250.300,2171.13,-70.02,0.097279,195.00,449.347626,3003.44,0.000024,4110.00
250.350,2268.40,-70.07,0.106804,350.00,433.132141,3058.57,0.000018,4360.00
250.400,2232.68,-70.76,0.096840,345.00,398.503418,3116.64,0.000023,4920.00
250.450,2566.57,-67.46,0.104920,315.00,361.904907,3174.37,0.000064,6015.00
250.500,2504.88,-66.07,0.124771,375.00,516.847046,2973.13,0.000070,4930.00
250.550,2386.04,-67.74,0.133724,845.00,514.448303,2877.93,0.000032,4355.00
250.600,2132.61,-68.40,0.122665,845.00,437.999237,2836.14,0.000026,3725.00
250.650,1975.91,-68.80,0.122262,500.00,527.146790,2742.28,0.000032,3160.00
250.700,2438.66,-67.51,0.103800,145.00,395.168152,3198.72,0.000063,4670.00
250.750,2853.00,-66.51,0.097659,145.00,421.531067,3498.44,0.000080,7150.00
250.800,2559.58,-68.09,0.100512,340.00,319.605316,3190.92,0.000046,4965.00
250.850,2230.39,-70.13,0.084696,320.00,370.711151,3096.92,0.000041,4545.00
250.900,2585.95,-68.53,0.098434,280.00,433.521362,3310.20,0.000049,6360.00
250.950,3875.36,-64.76,0.084622,570.00,263.550751,3684.27,0.000178,8505.00
251.000,5324.13,-61.04,0.076904,195.00,452.699829,3664.29,0.000594,9815.00
251.050,5095.25,-60.18,0.094408,185.00,296.845367,3883.08,0.000518,10015.00
251.100,3814.58,-63.12,0.121421,440.00,504.955048,3966.79,0.000147,9295.00
251.150,2519.32,-68.62,0.115573,230.00,390.490479,3438.44,0.000035,6615.00
251.200,4803.69,-64.98,0.076216,230.00,358.706116,4479.95,0.000176,10205.00
251.250,6073.69,-63.21,0.055926,185.00,320.181549,4347.41,0.000540,10990.00
251.300,4631.77,-64.00,0.078541,185.00,366.745636,4382.49,0.000254,10090.00
251.350,2657.38,-66.87,0.124781,670.00,413.385590,3509.02,0.000058,6890.00
251.400,2309.84,-69.12,0.100793,670.00,374.901520,3183.11,0.000046,5170.00
251.450,2420.81,-69.07,0.093954,605.00,399.816162,3362.45,0.000045,5765.00
251.500,2184.72,-69.05,0.110231,585.00,286.855194,3190.51,0.000035,4265.00
251.550,1964.19,-71.59,0.091271,280.00,403.851379,2972.50,0.000020,3805.00
251.600,2163.42,-69.82,0.103728,310.00,437.464172,3010.07,0.000028,4475.00
251.650,2594.98,-67.15,0.112244,340.00,428.386475,3090.19,0.000052,5575.00
251.700,2653.65,-66.89,0.102718,335.00,404.773804,3040.85,0.000059,5490.00
251.750,2584.62,-67.54,0.107002,620.00,438.096313,3155.56,0.000056,5690.00
251.800,2510.86,-67.87,0.113600,620.00,298.298187,3279.28,0.000054,5295.00
251.850,3007.83,-66.59,0.084530,135.00,404.087036,3535.08,0.000129,7085.00
251.900,3477.98,-66.11,0.074430,130.00,372.142059,3665.44,0.000168,8020.00
251.950,3365.38,-66.07,0.098516,400.00,371.941956,3620.37,0.000082,7875.00
252.000,2792.83,-67.31,0.106628,400.00,354.659668,3362.84,0.000050,6940.00
252.050,3694.24,-64.38,0.112629,985.00,414.481842,3848.62,0.000093,8675.00
252.100,5234.75,-62.82,0.079649,985.00,387.315430,3998.18,0.000233,9465.00
252.150,4779.15,-65.71,0.051580,120.00,273.726013,3978.97,0.000326,9260.00
252.200,2915.14,-66.89,0.084207,515.00,395.855896,3630.06,0.000124,7060.00
252.250,2611.86,-65.76,0.130625,710.00,441.765137,3282.20,0.000078,5700.00
252.300,2379.02,-67.79,0.126260,710.00,436.194427,2868.80,0.000041,4405.00
252.350,2779.92,-66.43,0.110567,185.00,470.369568,3218.56,0.000071,6485.00
252.400,4603.26,-63.66,0.078814,185.00,382.448639,4067.80,0.000290,9720.00
252.450,4862.71,-64.36,0.058703,185.00,285.347321,4213.15,0.000506,10210.00
252.500,3812.01,-64.49,0.077759,185.00,277.343536,4103.82,0.000332,9545.00
252.550,2729.73,-66.07,0.104584,215.00,358.380524,3398.32,0.000128,6360.00
252.600,2786.18,-67.18,0.107070,220.00,398.176849,3282.06,0.000056,6115.00
252.650,2493.92,-67.48,0.109119,220.00,417.376282,3213.96,0.000049,5350.00
252.700,2776.47,-66.07,0.109398,340.00,427.791504,3335.24,0.000076,6430.00
252.750,4424.58,-61.62,0.091977,340.00,435.571259,3640.60,0.000332,8930.00
252.800,5008.11,-60.33,0.095692,180.00,357.678192,3585.66,0.000470,9260.00
252.850,4611.51,-60.63,0.106379,185.00,385.188995,3708.04,0.000364,8805.00
252.900,3207.78,-63.85,0.127157,185.00,463.397095,3529.79,0.000117,7305.00
252.950,2215.18,-68.89,0.119823,440.00,479.326904,3067.22,0.000029,5005.00
253.000,2409.63,-70.01,0.100355,430.00,464.910461,3134.90,0.000026,5340.00
253.050,2485.84,-70.00,0.090873,275.00,395.151855,3021.55,0.000029,5300.00
253.100,2390.31,-68.25,0.120157,275.00,444.944550,3043.91,0.000027,4860.00
253.150,2157.67,-67.99,0.141220,785.00,564.899658,2832.01,0.000023,3710.00
253.200,2098.54,-68.83,0.131126,785.00,447.757477,2739.45,0.000021,4000.00
253.250,2399.75,-68.23,0.105018,145.00,469.757019,3028.54,0.000036,5430.00
253.300,2365.28,-67.61,0.122573,125.00,398.859436,3051.41,0.000032,5330.00
253.350,3078.36,-66.29,0.118166,495.00,508.963074,3816.96,0.000089,7755.00
253.400,4771.05,-60.86,0.163594,495.00,712.960205,4802.78,0.000230,10975.00
253.450,4653.59,-60.06,0.225388,40.00,839.795898,4759.10,0.000153,10775.00
253.500,4249.71,-62.15,0.226913,35.00,879.147766,4415.37,0.000071,9675.00
253.550,5165.43,-61.01,0.222310,30.00,556.156616,4764.24,0.000092,11205.00
253.600,5280.18,-61.68,0.222711,30.00,374.620728,4852.46,0.000072,11500.00
253.650,3928.69,-64.51,0.231869,30.00,310.738098,4378.31,0.000028,9440.00
253.700,3324.81,-65.03,0.224088,30.00,392.813171,4144.02,0.000028,8620.00
253.750,3657.15,-65.43,0.136193,30.00,683.428955,4203.95,0.000062,8860.00
253.800,4360.87,-66.28,0.060165,120.00,687.995239,4230.64,0.000227,9395.00
253.850,2565.37,-67.41,0.173578,50.00,876.296814,3778.01,0.000025,7205.00
253.900,1848.99,-69.10,0.264146,40.00,897.698425,3296.54,0.000006,4975.00
253.950,2151.44,-70.05,0.266887,35.00,1054.862793,3321.06,0.000007,5570.00
254.000,3239.91,-64.98,0.255424,30.00,563.529541,3265.29,0.000035,6385.00
254.050,3579.70,-63.81,0.229604,30.00,347.538513,3255.11,0.000058,6645.00
254.100,2654.50,-68.30,0.218490,30.00,500.772308,3131.07,0.000010,6095.00
254.150,2526.64,-71.67,0.125280,30.00,679.134949,3030.41,0.000006,6050.00
254.200,3493.86,-71.34,0.051909,1590.00,646.527405,3119.73,0.000040,7125.00
254.250,4916.48,-66.28,0.058389,1590.00,234.313141,4480.71,0.000368,10720.00
254.300,5220.66,-61.47,0.176202,50.00,891.798401,5139.66,0.000176,11950.00
254.350,4383.37,-63.12,0.260304,35.00,884.154907,5110.82,0.000051,11465.00
254.400,2144.80,-70.53,0.262936,35.00,1014.470215,3688.26,0.000005,5930.00
254.450,1288.87,-74.47,0.266852,30.00,491.892151,2397.64,0.000001,3425.00
254.500,1059.80,-75.50,0.271528,30.00,187.995911,2161.85,0.000000,2395.00
254.550,706.87,-76.99,0.273446,30.00,111.918831,1819.56,0.000000,985.00
254.600,482.72,-77.95,0.275070,30.00,93.530960,1573.53,0.000000,465.00
254.650,387.54,-78.53,0.276189,30.00,65.210739,1493.64,0.000000,160.00
254.700,326.95,-78.86,0.276131,30.00,27.140394,1409.47,0.000000,150.00
254.750,301.04,-78.99,0.275051,30.00,17.680754,1378.12,0.000000,120.00
254.800,283.68,-79.11,0.272680,30.00,23.074369,1362.84,0.000000,100.00
254.850,2646.35,-74.59,0.269357,30.00,41.416550,4600.48,0.000001,8925.00
254.900,4852.99,-70.33,0.265275,30.00,62.960110,5411.20,0.000004,12060.00
254.950,4000.18,-72.24,0.259873,30.00,46.698669,5256.76,0.000002,11515.00
255.000,5014.17,-69.47,0.251615,30.00,98.941422,5343.22,0.000004,11940.00
255.050,7181.79,-64.61,0.221308,30.00,273.935028,5117.86,0.000027,12920.00
255.100,6705.44,-67.20,0.203944,30.00,155.070557,5294.62,0.000014,12795.00
255.150,4719.54,-65.61,0.211544,30.00,186.678528,4778.03,0.000024,11215.00
255.200,5603.21,-58.98,0.201250,30.00,412.547302,4398.23,0.000206,11495.00
255.250,5611.54,-59.77,0.184780,30.00,190.842926,4287.87,0.000184,11220.00
255.300,6557.60,-63.94,0.184647,30.00,355.060303,4978.26,0.000048,12580.00
255.350,6638.97,-67.92,0.185679,30.00,108.854271,5327.27,0.000018,12890.00
255.400,5969.44,-69.88,0.182370,30.00,64.693405,5423.30,0.000011,12585.00
255.450,5278.57,-70.50,0.177903,30.00,60.501469,5417.49,0.000009,12275.00
255.500,2965.67,-72.30,0.176255,30.00,207.506821,4616.11,0.000006,9460.00
255.550,1714.90,-73.59,0.182762,30.00,288.756470,3463.75,0.000003,2535.00
255.600,1065.70,-75.67,0.184914,30.00,368.085175,2459.73,0.000001,1450.00
255.650,1178.92,-75.66,0.160327,30.00,466.333527,2606.90,0.000001,1650.00
255.700,1295.12,-75.09,0.103829,245.00,568.913086,2564.92,0.000006,1975.00
255.750,4777.85,-65.40,0.096538,110.00,541.127991,5108.18,0.000209,11545.00
255.800,5118.71,-62.22,0.215917,40.00,981.125305,5251.92,0.000106,11940.00
255.850,3873.78,-65.38,0.267270,35.00,913.474609,4962.21,0.000024,10875.00
255.900,1690.98,-73.04,0.261182,35.00,904.182800,3004.22,0.000002,4115.00
255.950,1466.97,-74.22,0.202341,35.00,492.101746,2478.93,0.000001,3555.00
256.000,2014.64,-75.33,0.076273,30.00,841.510925,2733.89,0.000003,4690.00
256.050,2570.92,-76.17,0.022149,745.00,427.797577,2966.77,0.000035,5175.00
256.100,2481.92,-74.37,0.040162,185.00,178.090500,3097.04,0.000026,5930.00
256.150,2996.68,-72.43,0.051043,180.00,134.278366,3224.51,0.000030,7095.00
256.200,1928.70,-71.79,0.098477,120.00,474.138031,2792.59,0.000011,4710.00
256.250,1051.06,-72.50,0.228549,40.00,971.874817,2142.76,0.000001,2105.00
256.300,1016.62,-73.83,0.267475,35.00,948.134644,2186.19,0.000001,1995.00
256.350,2631.29,-67.71,0.266850,35.00,855.630127,3151.34,0.000014,5995.00
256.400,3692.12,-62.56,0.210729,35.00,645.864319,3219.28,0.000099,6625.00
256.450,3920.41,-64.30,0.094259,30.00,891.899536,3153.84,0.000251,6825.00
256.500,3220.44,-71.09,0.053444,180.00,466.091675,3056.93,0.000048,6450.00
256.550,3100.03,-72.49,0.051766,180.00,124.760651,2971.88,0.000031,6275.00
256.600,3285.68,-72.60,0.049288,1570.00,118.375397,3269.52,0.000047,6715.00
256.650,5208.64,-63.93,0.102428,120.00,548.432434,5048.91,0.000162,11870.00
256.700,4892.63,-61.98,0.228354,40.00,949.003479,5204.88,0.000062,11880.00
256.750,3369.18,-66.03,0.260491,35.00,924.994446,4672.04,0.000015,9880.00
256.800,1827.16,-72.14,0.260128,35.00,857.442932,2946.47,0.000002,4610.00
256.850,1707.72,-72.80,0.257013,30.00,260.540466,2696.41,0.000001,4330.00
256.900,1885.77,-72.60,0.257373,30.00,153.476822,2998.13,0.000002,4500.00
256.950,5045.04,-65.25,0.251482,30.00,181.848206,5096.45,0.000018,11695.00
257.000,6166.71,-63.82,0.234887,30.00,222.156784,5210.48,0.000032,12570.00
257.050,4252.21,-68.24,0.244993,30.00,208.761185,5041.75,0.000008,11335.00
257.100,6120.25,-64.85,0.252365,30.00,127.851578,5253.38,0.000023,12505.00
257.150,7033.62,-63.70,0.241283,30.00,161.254349,5134.76,0.000036,12870.00
257.200,4827.28,-69.57,0.243866,30.00,191.615662,5341.50,0.000006,11945.00
257.250,696.47,-78.40,0.249738,30.00,103.214523,2296.02,0.000000,320.00
257.300,671.90,-77.38,0.247719,30.00,206.764328,1980.00,0.000000,555.00
257.350,929.22,-75.98,0.242482,30.00,297.192535,2335.99,0.000001,1135.00
257.400,977.93,-76.07,0.243225,30.00,281.074097,2401.60,0.000001,1170.00
257.450,853.38,-76.77,0.241928,30.00,244.443848,2212.43,0.000000,1080.00
257.500,1528.21,-74.18,0.237037,30.00,214.487946,3223.73,0.000002,2255.00
257.550,3879.49,-61.79,0.236703,30.00,615.729919,4476.13,0.000070,9800.00
257.600,4060.41,-59.38,0.254241,55.00,1117.788940,4308.48,0.000127,9395.00
257.650,3344.56,-64.47,0.276216,50.00,1050.257812,3921.63,0.000021,7260.00
257.700,846.54,-76.34,0.284870,50.00,561.863403,2146.01,0.000000,995.00
257.750,646.34,-77.29,0.283854,50.00,196.582916,1784.17,0.000000,950.00
257.800,1977.26,-73.52,0.280839,50.00,81.703369,3882.00,0.000002,6330.00
257.850,5613.75,-64.46,0.273834,50.00,208.416672,5336.44,0.000027,12345.00
257.900,5484.99,-63.25,0.259665,50.00,338.535828,5310.41,0.000045,12280.00
257.950,2684.15,-69.51,0.263205,50.00,404.922607,4314.77,0.000007,8320.00
258.000,882.60,-76.29,0.262684,50.00,291.155121,1972.15,0.000000,1270.00
258.050,808.78,-76.89,0.256596,50.00,198.797211,1846.26,0.000000,1165.00
258.100,2177.38,-72.39,0.249473,50.00,194.563065,3922.47,0.000004,6810.00
258.150,4603.79,-63.76,0.239805,45.00,798.281250,5194.61,0.000057,11635.00
258.200,4633.57,-63.10,0.250321,40.00,1001.696533,5206.03,0.000061,11700.00
258.250,3040.54,-68.16,0.261005,35.00,1078.943970,4439.03,0.000011,8800.00
258.300,5744.71,-63.69,0.252524,30.00,603.672852,5171.36,0.000028,12290.00
258.350,6075.47,-64.02,0.235158,30.00,270.743073,5208.73,0.000029,12560.00
258.400,3091.85,-69.60,0.244765,30.00,226.695816,4329.47,0.000005,8555.00
258.450,1991.63,-70.51,0.241866,30.00,456.500458,2799.97,0.000004,4005.00
258.500,2103.94,-69.51,0.170050,30.00,795.026428,2816.47,0.000009,4200.00
258.550,2496.94,-68.30,0.120076,115.00,816.003906,3146.63,0.000026,6200.00
258.600,2514.64,-66.38,0.178108,90.00,853.188965,3724.52,0.000023,7115.00
258.650,3303.96,-65.23,0.255326,40.00,894.298462,4591.59,0.000014,9925.00
258.700,4568.90,-64.92,0.254141,35.00,1037.349365,4942.27,0.000018,11185.00
258.750,3684.36,-62.31,0.248267,30.00,610.420837,3901.36,0.000045,8755.00
258.800,3181.27,-63.24,0.229556,30.00,420.405060,3181.12,0.000046,6375.00
258.850,2528.76,-67.06,0.231430,30.00,441.235443,2944.50,0.000012,5590.00
258.900,2125.92,-69.07,0.211542,30.00,413.859680,2802.55,0.000006,4665.00
258.950,2328.71,-69.27,0.134616,30.00,703.328247,2971.51,0.000012,5520.00
259.000,3639.36,-65.95,0.096411,115.00,655.741882,4105.38,0.000115,8360.00
259.050,4773.00,-61.38,0.180765,125.00,843.757080,4932.81,0.000127,11335.00
259.100,4047.23,-62.56,0.250944,35.00,879.112671,4884.16,0.000048,10870.00
259.150,2123.81,-68.48,0.251198,35.00,980.287048,3564.23,0.000010,5810.00
259.200,2557.02,-69.12,0.253806,30.00,529.103210,3957.07,0.000006,7820.00
259.250,3821.76,-68.13,0.260361,30.00,263.231750,4777.38,0.000006,10375.00
259.300,4449.05,-66.97,0.261726,30.00,160.753113,5033.59,0.000009,11015.00
259.350,3240.45,-66.55,0.255996,30.00,314.062103,4435.09,0.000013,9875.00
259.400,1969.01,-70.23,0.237193,30.00,319.349243,2986.00,0.000006,3650.00
259.450,1854.13,-71.34,0.237533,30.00,256.281677,2673.69,0.000004,3615.00
259.500,1667.43,-71.34,0.241460,30.00,341.615906,2542.00,0.000004,3290.00
259.550,1388.08,-72.84,0.242360,30.00,353.900574,2478.00,0.000002,2640.00
259.600,2118.43,-70.84,0.243978,30.00,254.147186,3620.56,0.000004,5935.00
259.650,3488.27,-67.46,0.240536,30.00,368.179657,4583.79,0.000011,9645.00
259.700,2844.69,-68.78,0.232070,30.00,300.246613,4230.51,0.000008,8275.00
259.750,3345.92,-66.68,0.225057,30.00,336.457397,4621.43,0.000019,9690.00
259.800,6140.72,-62.85,0.209740,30.00,336.253021,5233.86,0.000056,12565.00
259.850,6786.72,-65.18,0.201950,30.00,246.921539,5196.51,0.000027,12670.00
259.900,5267.34,-64.15,0.207427,30.00,190.013519,4956.84,0.000032,11620.00
259.950,5055.30,-58.56,0.200358,30.00,511.325928,4467.89,0.000197,11005.00
260.000,4789.38,-59.25,0.195523,30.00,296.910370,4309.96,0.000180,10435.00
260.050,4807.67,-62.38,0.191434,30.00,473.702850,4828.24,0.000076,11520.00
260.100,4720.15,-65.20,0.185698,30.00,380.081848,4944.31,0.000039,11565.00
260.150,4204.02,-67.12,0.179564,30.00,173.757584,4848.28,0.000027,11005.00
260.200,3354.90,-67.91,0.182774,30.00,279.779022,4563.19,0.000022,9710.00
260.250,2283.10,-70.28,0.183205,30.00,308.019958,3837.12,0.000010,6690.00
260.300,1903.86,-71.07,0.175555,30.00,395.799347,3382.61,0.000008,3735.00
260.350,1318.45,-74.26,0.173576,30.00,395.189606,2711.50,0.000002,2170.00
260.400,1177.42,-75.84,0.151754,30.00,427.882294,2621.39,0.000001,1630.00
260.450,1269.06,-75.42,0.096310,245.00,529.629150,2522.87,0.000004,1960.00
260.500,4794.38,-65.78,0.089167,110.00,509.681915,5086.91,0.000142,11555.00
260.550,5186.04,-62.24,0.209221,45.00,972.106384,5248.58,0.000075,11970.00
260.600,3996.67,-65.11,0.266602,35.00,904.074829,5016.30,0.000019,11025.00
260.650,1754.28,-72.83,0.261016,35.00,924.120911,3116.45,0.000002,4425.00
260.700,1514.13,-73.99,0.209544,35.00,456.648010,2532.91,0.000001,3565.00
260.750,2258.72,-73.97,0.085552,30.00,836.536926,2875.01,0.000007,4740.00
260.800,2205.29,-71.07,0.085859,130.00,602.171021,2976.44,0.000024,4710.00
260.850,1596.14,-69.50,0.225627,45.00,974.257080,2679.14,0.000007,3695.00
260.900,1805.04,-68.79,0.258056,35.00,857.230347,2910.78,0.000006,4075.00
260.950,2411.10,-67.64,0.244106,35.00,879.553040,3602.52,0.000011,6825.00
261.000,3666.05,-66.55,0.196758,35.00,501.248993,4552.87,0.000020,9945.00
261.050,5693.78,-66.32,0.082419,30.00,802.143860,4853.37,0.000103,11255.00
261.100,4079.66,-63.17,0.104962,85.00,642.262634,4313.29,0.000213,10025.00
261.150,2949.45,-61.92,0.221406,40.00,871.588196,3368.96,0.000085,6390.00
261.200,2787.19,-64.18,0.240588,35.00,909.702454,3187.94,0.000032,6210.00
261.250,1972.75,-69.50,0.239111,35.00,745.394592,2875.09,0.000004,4580.00
261.300,1945.91,-69.92,0.196790,35.00,538.860413,2833.41,0.000005,4145.00
261.350,2207.43,-70.20,0.112246,120.00,795.782593,2998.93,0.000029,4940.00
261.400,4695.76,-62.92,0.114896,110.00,583.161377,4772.64,0.000237,11000.00
261.450,4659.76,-60.92,0.226083,40.00,944.159668,4995.33,0.000113,11460.00
261.500,3134.83,-64.49,0.256622,35.00,868.095337,4373.85,0.000033,8730.00
261.550,1808.71,-69.64,0.244484,35.00,864.242737,2927.22,0.000006,4040.00
261.600,2576.58,-68.78,0.244751,30.00,412.922729,3804.11,0.000005,7220.00
261.650,4048.19,-67.27,0.247875,30.00,225.290787,4698.60,0.000009,10700.00
261.700,4362.21,-63.82,0.242928,30.00,409.278625,4913.64,0.000031,11085.00
261.750,3925.46,-62.13,0.234205,55.00,984.543762,4765.05,0.000063,10680.00
261.800,2884.29,-65.71,0.242457,50.00,1077.221802,4054.42,0.000022,7725.00
261.850,4139.40,-64.03,0.249931,50.00,596.254944,4748.47,0.000027,10775.00
261.900,5190.45,-62.84,0.246219,50.00,313.256134,5097.79,0.000039,11920.00
261.950,3367.40,-67.40,0.263515,50.00,363.750763,4633.32,0.000009,9805.00
262.000,1575.25,-71.43,0.274127,50.00,684.787964,2957.86,0.000003,3790.00
262.050,1451.69,-70.79,0.277786,55.00,1151.823486,2780.31,0.000002,3375.00
262.100,1335.21,-72.40,0.265367,35.00,1057.345703,2471.65,0.000001,2870.00
262.150,1226.15,-73.13,0.252065,35.00,794.129333,2278.15,0.000001,2595.00
262.200,1322.29,-72.63,0.250854,30.00,425.931396,2514.33,0.000002,2340.00
262.250,1489.22,-72.67,0.259062,30.00,274.410187,2960.72,0.000002,2630.00
262.300,4067.41,-62.39,0.256572,30.00,549.520325,4511.22,0.000043,10115.00
262.350,4295.55,-59.54,0.247301,55.00,1100.320923,4326.44,0.000112,9820.00
262.400,3609.51,-64.36,0.270332,50.00,1217.487671,3987.56,0.000021,7760.00
262.450,591.13,-76.13,0.281818,50.00,612.241699,1713.46,0.000000,495.00
262.500,365.95,-76.62,0.266260,50.00,838.997314,1018.39,0.000000,440.00
262.550,1287.88,-73.07,0.200694,65.00,931.509705,3129.46,0.000004,1065.00
262.600,5409.99,-64.66,0.140918,70.00,574.341980,5268.80,0.000080,12125.00
262.650,4844.78,-63.78,0.252067,40.00,918.539307,5288.04,0.000034,11885.00
262.700,3112.80,-70.55,0.277785,35.00,1027.684082,4843.27,0.000003,10220.00
262.750,6141.95,-65.44,0.271996,30.00,726.170532,5334.62,0.000016,12580.00
262.800,6690.71,-64.48,0.252200,30.00,309.143280,5256.52,0.000024,12800.00
262.850,4496.50,-67.39,0.261046,30.00,229.216095,5043.49,0.000008,11035.00
262.900,4741.15,-62.50,0.255466,30.00,551.997681,4877.09,0.000044,10935.00
262.950,4856.13,-60.54,0.228850,40.00,990.905640,4752.69,0.000103,10795.00
263.000,4593.29,-62.23,0.228030,35.00,726.183472,4502.94,0.000060,10045.00
263.050,5939.38,-61.84,0.227439,30.00,601.425049,4830.90,0.000061,11755.00
263.100,5746.49,-61.97,0.227749,30.00,281.349762,4887.49,0.000060,11795.00
263.150,4078.97,-64.27,0.230854,30.00,325.252655,4354.65,0.000031,9535.00
263.200,3379.51,-65.22,0.222573,30.00,404.282104,4065.65,0.000027,8630.00
263.250,3169.14,-65.55,0.161153,30.00,660.892761,3922.87,0.000046,8235.00
263.300,3563.55,-65.15,0.099580,125.00,739.082520,3943.24,0.000133,8510.00
263.350,3369.98,-64.06,0.162955,60.00,837.937195,4003.30,0.000074,8470.00
263.400,2668.39,-65.92,0.257046,40.00,928.995911,3811.84,0.000017,7560.00
263.450,2179.49,-69.31,0.265317,35.00,1025.685547,3371.70,0.000008,5955.00
263.500,2843.44,-65.09,0.257002,30.00,631.381470,3181.91,0.000035,6150.00
263.550,3227.61,-63.45,0.229960,30.00,460.485229,3219.73,0.000068,6420.00
263.600,2544.29,-66.61,0.219101,30.00,539.090637,3137.97,0.000019,5935.00
263.650,2294.90,-68.10,0.149803,30.00,668.185181,3101.94,0.000015,5155.00
263.700,2653.69,-67.42,0.095371,115.00,705.940063,3143.54,0.000042,6070.00
263.750,3558.27,-65.44,0.082198,105.00,349.171661,3898.00,0.000186,8055.00
263.800,4883.92,-61.16,0.158304,55.00,775.723999,4952.40,0.000173,11530.00
263.850,4191.18,-61.99,0.244881,35.00,870.923401,4943.33,0.000060,11040.00
263.900,2256.27,-67.53,0.254940,35.00,943.203003,3614.04,0.000012,5980.00
263.950,2378.44,-68.74,0.256479,30.00,544.080505,3355.97,0.000005,6785.00
264.000,3508.88,-67.20,0.257129,30.00,259.068512,3893.61,0.000004,8545.00
264.050,3950.14,-66.54,0.256792,30.00,164.244080,4039.70,0.000007,8925.00
264.100,3097.52,-67.13,0.257019,30.00,292.826294,3815.34,0.000009,8355.00
264.150,2770.27,-67.64,0.247828,30.00,202.291214,3654.19,0.000009,7865.00
264.200,3760.62,-66.82,0.244716,30.00,282.606262,4070.11,0.000009,9010.00
264.250,2699.51,-69.31,0.252070,30.00,192.121429,3658.92,0.000004,7585.00
264.300,1470.14,-72.98,0.255073,30.00,218.487762,2777.28,0.000002,3335.00
264.350,1818.87,-71.09,0.255516,30.00,150.829788,3269.57,0.000003,3865.00
264.400,2842.32,-66.18,0.244937,30.00,335.378937,4029.03,0.000018,7730.00
264.450,2595.24,-66.57,0.228792,30.00,377.906647,3612.25,0.000019,6055.00
264.500,2934.55,-65.16,0.223341,30.00,235.527863,3923.71,0.000030,7605.00
264.550,5301.24,-61.65,0.209454,30.00,396.619202,5060.52,0.000079,11930.00
264.600,5481.45,-64.34,0.207550,30.00,270.048248,5236.78,0.000034,12270.00
264.650,3630.17,-65.65,0.210976,30.00,238.679810,4502.32,0.000024,9730.00
264.700,4838.09,-58.49,0.207902,30.00,529.533875,4446.01,0.000215,10790.00
264.750,4409.78,-58.60,0.204994,30.00,470.930908,4230.35,0.000223,9880.00
264.800,4115.76,-61.54,0.196804,30.00,547.491760,4455.45,0.000101,10220.00
264.850,3736.40,-63.55,0.195996,30.00,343.347290,4349.62,0.000056,9705.00
264.900,3076.82,-64.66,0.194915,30.00,340.639984,3984.40,0.000048,7825.00
264.950,3195.68,-65.11,0.175968,30.00,366.561432,4013.32,0.000046,8065.00
265.000,3433.57,-67.65,0.164095,30.00,337.919983,4068.90,0.000020,8435.00
265.050,2980.61,-69.85,0.159835,30.00,135.444717,3779.93,0.000011,7310.00
265.100,2863.75,-70.22,0.156589,30.00,123.781235,3463.95,0.000008,7045.00
265.150,2468.16,-71.96,0.131639,30.00,286.299774,3286.41,0.000006,6510.00
265.200,3279.11,-73.16,0.058765,30.00,486.372803,4098.54,0.000028,8780.00
265.250,5877.84,-65.18,0.056315,80.00,420.909119,5035.18,0.000457,12185.00
265.300,4963.64,-60.62,0.186822,45.00,882.473389,5058.71,0.000188,11710.00
265.350,3664.33,-62.74,0.250457,35.00,843.137939,4604.94,0.000061,10090.00
265.400,2155.55,-69.27,0.252282,35.00,875.567566,3234.72,0.000006,4795.00
265.450,2127.43,-70.31,0.213559,35.00,419.197266,3105.07,0.000004,4995.00
265.500,2312.28,-69.57,0.121335,30.00,871.496399,3000.71,0.000014,4770.00
265.550,2539.56,-68.28,0.115170,255.00,599.440796,3073.80,0.000024,4890.00
265.600,2511.53,-67.49,0.119692,630.00,486.146240,3027.04,0.000030,4680.00
265.650,2629.16,-66.92,0.116088,120.00,453.992249,3056.05,0.000054,5465.00
265.700,3276.46,-63.78,0.120916,115.00,510.570831,3750.42,0.000149,8215.00
265.750,3389.75,-63.11,0.202800,40.00,909.006348,4090.80,0.000065,9030.00
265.800,2780.21,-66.78,0.252886,35.00,927.344543,3858.69,0.000013,8075.00
265.850,2356.08,-67.52,0.263008,35.00,828.736755,3119.04,0.000010,5670.00
265.900,3313.55,-62.39,0.219924,30.00,637.040588,3190.31,0.000067,6455.00
265.950,3484.85,-63.19,0.119205,30.00,857.114136,3188.85,0.000167,6650.00
266.000,2800.70,-67.29,0.088296,115.00,583.525146,3218.51,0.000045,6265.00
266.050,2474.10,-68.06,0.101115,110.00,306.399567,2981.57,0.000030,5255.00
266.100,2632.54,-68.24,0.085266,105.00,334.755646,3039.11,0.000069,5380.00
266.150,4361.76,-63.03,0.103886,105.00,479.018494,4619.42,0.000251,10715.00
266.200,4509.99,-60.96,0.204378,40.00,871.121643,4949.84,0.000124,11290.00
266.250,3194.89,-63.55,0.254600,35.00,902.736267,4301.65,0.000039,8895.00
266.300,2753.42,-66.06,0.261802,35.00,818.336853,3520.45,0.000014,7295.00
266.350,3955.58,-64.66,0.255182,30.00,350.465942,4014.84,0.000019,9100.00
266.400,4081.00,-65.11,0.249070,30.00,219.318130,4031.12,0.000018,9115.00
266.450,4553.26,-62.75,0.245773,30.00,279.814209,4665.41,0.000042,10380.00
266.500,5239.98,-61.86,0.235036,30.00,234.751862,5023.46,0.000061,11880.00
266.550,4334.56,-64.68,0.239577,30.00,300.048584,4669.77,0.000023,10410.00
266.600,5340.37,-62.95,0.246536,30.00,170.440674,4926.61,0.000034,11550.00
266.650,6067.26,-61.70,0.237279,30.00,230.021484,5129.79,0.000055,12370.00
266.700,3856.62,-65.42,0.235079,30.00,245.787552,4761.21,0.000020,10575.00
266.750,1848.65,-69.24,0.236154,30.00,355.825684,2766.14,0.000008,3445.00
266.800,2007.99,-68.56,0.235882,30.00,338.922485,2679.45,0.000010,3520.00
266.850,1951.76,-68.77,0.235394,30.00,304.399475,2533.79,0.000009,3355.00
266.900,1841.12,-69.85,0.228361,30.00,349.879730,2520.76,0.000005,3435.00
266.950,1419.02,-72.64,0.227079,30.00,287.261841,2379.95,0.000002,2995.00
267.000,1536.47,-72.38,0.222261,30.00,245.813065,2828.61,0.000003,3090.00
267.050,3429.12,-61.80,0.226248,30.00,581.107239,4192.81,0.000078,8475.00
267.100,3620.58,-58.73,0.237349,30.00,988.176819,4075.74,0.000176,8320.00
267.150,2906.63,-62.49,0.247010,50.00,1039.920410,3458.95,0.000056,6330.00
267.200,1793.26,-69.43,0.253975,50.00,636.322693,2258.11,0.000007,3305.00
267.250,1753.08,-69.85,0.257008,50.00,516.920715,2260.62,0.000005,3310.00
267.300,1992.89,-68.85,0.259302,50.00,294.142731,2909.02,0.000008,3660.00
267.350,5246.02,-62.42,0.256187,50.00,329.626129,4985.85,0.000039,11665.00
267.400,6409.48,-62.37,0.243742,50.00,184.223663,5112.69,0.000042,12580.00
267.450,4116.84,-67.28,0.238601,50.00,175.412369,4806.86,0.000010,10770.00
267.500,2158.39,-71.44,0.237194,50.00,108.772934,3148.24,0.000003,5165.00
267.550,1887.26,-72.43,0.231097,50.00,93.038963,2878.52,0.000002,4105.00
267.600,2370.39,-70.04,0.223403,50.00,135.797989,3422.89,0.000006,5355.00
267.650,4104.06,-61.04,0.220381,50.00,651.745056,4570.75,0.000097,10235.00
267.700,3892.12,-59.64,0.231545,45.00,956.430420,4464.83,0.000141,9955.00
267.750,2627.19,-63.50,0.256509,35.00,1022.358154,3462.25,0.000040,5500.00
267.800,4083.59,-60.93,0.251064,30.00,685.428589,4487.06,0.000069,10275.00
267.850,4950.50,-61.29,0.238974,30.00,379.918518,4854.40,0.000062,11540.00
267.900,3068.68,-65.60,0.252520,30.00,316.264893,3908.61,0.000017,7555.00
267.950,2125.57,-67.31,0.253813,30.00,394.362976,2783.39,0.000010,3950.00
268.000,2147.80,-66.64,0.187883,30.00,770.868896,2618.51,0.000020,4070.00
268.050,2335.11,-66.91,0.124201,660.00,835.949158,2587.61,0.000044,4410.00
268.100,1871.69,-67.51,0.158995,130.00,752.334106,2554.40,0.000026,3830.00
268.150,1611.74,-68.27,0.237407,40.00,899.129211,2600.47,0.000009,3430.00
268.200,2079.86,-67.94,0.259215,35.00,978.459778,2844.24,0.000009,4060.00
268.250,2700.95,-64.14,0.262618,30.00,644.363098,2966.61,0.000030,5620.00
268.300,3137.65,-62.75,0.236009,30.00,478.841644,3048.35,0.000054,6290.00
268.350,2580.78,-65.63,0.237352,30.00,427.885498,2851.41,0.000019,5440.00
268.400,2063.90,-68.06,0.226751,30.00,400.838867,2610.02,0.000007,4265.00
268.450,2354.17,-68.42,0.143752,30.00,677.748657,2816.70,0.000012,5090.00
268.500,3448.62,-65.43,0.073408,1590.00,700.342346,3633.11,0.000338,7775.00
268.550,4165.72,-59.83,0.155810,50.00,690.481201,4544.01,0.000386,10380.00
268.600,3673.58,-60.03,0.236059,35.00,832.583923,4421.13,0.000167,9480.00
268.650,2321.23,-65.20,0.252517,35.00,902.431946,3213.17,0.000032,4660.00
268.700,1840.94,-68.97,0.255354,30.00,615.887146,2602.78,0.000006,3715.00
268.750,1576.98,-71.31,0.258768,30.00,318.628510,2536.08,0.000002,3405.00
268.800,1489.72,-71.64,0.266358,30.00,235.732635,2559.78,0.000003,2770.00
268.850,1701.71,-69.07,0.270290,30.00,385.920685,2587.13,0.000007,3045.00
268.900,1797.74,-68.53,0.263625,30.00,313.511597,2566.81,0.000008,3305.00
268.950,1756.64,-69.58,0.259809,30.00,380.855988,2804.97,0.000006,3160.00
269.000,2524.80,-69.05,0.257700,30.00,317.249207,3885.51,0.000006,7830.00
269.050,2233.04,-68.68,0.252145,30.00,267.531189,3481.42,0.000007,5440.00
269.100,2102.65,-68.33,0.242644,30.00,289.771545,3112.39,0.000009,4215.00
269.150,3035.61,-65.37,0.237250,30.00,231.864655,3954.14,0.000021,7805.00
269.200,2744.94,-65.68,0.240248,30.00,353.210144,3650.50,0.000020,6560.00
269.250,2694.01,-64.83,0.244272,30.00,376.074432,3595.09,0.000028,6255.00
269.300,4497.07,-60.99,0.217728,30.00,405.158447,4757.04,0.000095,11050.00
269.350,4426.96,-62.94,0.203248,30.00,383.306366,4845.93,0.000061,11190.00
269.400,2762.93,-65.63,0.213779,30.00,318.574341,3853.70,0.000028,6865.00
269.450,4176.75,-58.86,0.217203,30.00,529.568665,4268.98,0.000183,9700.00
269.500,4208.79,-58.64,0.203201,30.00,449.076874,4122.31,0.000240,9265.00
269.550,4087.52,-60.81,0.195071,30.00,459.419373,4351.47,0.000139,9945.00
269.600,3541.31,-62.82,0.192479,30.00,334.168579,4127.41,0.000082,8720.00
269.650,3603.57,-63.20,0.182908,30.00,322.963623,4200.97,0.000074,9380.00
269.700,4647.97,-63.31,0.170860,30.00,362.651581,4651.02,0.000069,10710.00
269.750,4257.70,-66.18,0.166927,30.00,220.905136,4577.48,0.000029,10420.00
269.800,2608.07,-70.35,0.163783,30.00,124.913445,3586.52,0.000009,6450.00
269.850,2101.11,-71.99,0.159185,30.00,127.964088,2816.38,0.000005,4630.00
269.900,1894.74,-72.75,0.135493,30.00,300.436859,2581.19,0.000004,3840.00
269.950,1959.50,-73.55,0.073212,30.00,490.981415,2453.24,0.000012,3455.00
270.000,3466.54,-64.73,0.084280,1185.00,516.292297,4089.78,0.000221,8590.00
270.050,3686.49,-60.26,0.192432,45.00,829.908447,4418.07,0.000174,9830.00
270.100,3049.21,-61.81,0.250628,35.00,890.103516,3992.20,0.000067,7765.00
270.150,2012.40,-67.04,0.255276,35.00,863.288818,2636.35,0.000015,3860.00
270.200,1935.35,-68.47,0.213340,35.00,445.080322,2449.36,0.000007,3825.00
270.250,2331.63,-68.90,0.107734,30.00,777.522949,2726.75,0.000018,4440.00
270.300,2131.85,-68.66,0.092789,75.00,604.181274,2581.37,0.000039,3715.00
270.350,1549.04,-67.90,0.217076,45.00,932.514404,2197.65,0.000014,3015.00
270.400,1689.04,-67.42,0.257907,35.00,870.504028,2299.92,0.000012,3425.00
270.450,1913.05,-68.25,0.252461,35.00,927.950439,2466.16,0.000007,3810.00
270.500,1867.73,-68.97,0.217172,35.00,451.327148,2523.04,0.000006,3800.00
270.550,2332.80,-68.73,0.107046,30.00,810.387817,2839.03,0.000028,4505.00
270.600,2575.65,-66.38,0.098279,115.00,620.146606,2938.39,0.000116,4970.00
270.650,2715.28,-62.49,0.201790,45.00,824.639099,2996.54,0.000094,5940.00
270.700,2671.86,-63.38,0.240661,35.00,854.546875,2948.85,0.000045,5770.00
270.750,2074.36,-67.35,0.249472,35.00,827.893860,2578.83,0.000010,4255.00
270.800,1950.41,-68.82,0.205426,35.00,488.301575,2531.35,0.000008,4000.00
270.850,2324.48,-68.81,0.101279,30.00,799.049866,2763.53,0.000037,4510.00
270.900,3928.04,-62.71,0.096424,100.00,544.768066,4284.57,0.000298,9570.00
270.950,3977.43,-59.74,0.198006,40.00,848.499695,4557.94,0.000185,10430.00
271.000,2939.94,-62.55,0.250545,35.00,865.447266,3937.23,0.000055,7245.00
271.050,1980.41,-67.62,0.250005,35.00,825.937744,2669.48,0.000012,3930.00
271.100,1874.57,-69.45,0.251279,30.00,416.095459,2662.97,0.000005,3960.00
271.150,1705.74,-71.26,0.256405,30.00,262.504242,2563.08,0.000003,3590.00
271.200,3239.19,-64.63,0.254406,30.00,360.227264,4348.10,0.000023,9010.00
271.250,3717.37,-61.66,0.233620,30.00,927.157288,4646.36,0.000070,10425.00
271.300,2955.51,-64.65,0.235710,50.00,1079.561890,4137.74,0.000031,8225.00
271.350,4167.41,-64.32,0.245417,50.00,608.469238,4828.47,0.000028,10730.00
271.400,5567.56,-62.74,0.235274,50.00,296.349945,5182.45,0.000046,12250.00
271.450,3570.58,-65.44,0.242490,50.00,299.575500,4578.35,0.000021,9940.00
271.500,1687.03,-69.74,0.249145,50.00,490.952698,2882.27,0.000006,3330.00
271.550,1260.37,-70.77,0.255062,55.00,1094.746460,2268.08,0.000004,2570.00
271.600,1346.61,-70.72,0.268151,35.00,981.226990,2282.51,0.000002,2835.00
271.650,1606.18,-70.01,0.265577,35.00,815.084412,2528.25,0.000003,3295.00
271.700,1361.42,-71.55,0.254077,30.00,431.197357,2324.33,0.000002,2495.00
271.750,1232.29,-73.09,0.252621,30.00,334.909332,2358.56,0.000002,2000.00
271.800,3444.04,-62.69,0.252570,30.00,488.527679,4281.44,0.000046,8845.00
271.850,3862.11,-59.29,0.232876,30.00,976.373962,4211.64,0.000148,9055.00
271.900,3094.63,-62.82,0.242076,50.00,1155.936157,3706.22,0.000050,6720.00
271.950,1315.78,-71.21,0.253806,50.00,621.367981,2313.05,0.000005,1885.00
272.000,1128.67,-71.24,0.251689,50.00,819.897339,2282.12,0.000006,1515.00
272.050,2129.15,-67.96,0.204472,65.00,854.393921,3835.44,0.000024,5370.00
272.100,5366.98,-63.63,0.134685,80.00,621.492310,5275.15,0.000152,12120.00
272.150,4891.96,-63.14,0.245701,40.00,895.333435,5328.57,0.000057,11945.00
272.200,3274.27,-69.35,0.276361,35.00,1006.586609,4929.68,0.000006,10545.00
272.250,5831.56,-65.66,0.271253,35.00,809.569153,5337.87,0.000014,12450.00
272.300,6725.24,-64.56,0.252371,30.00,310.837555,5265.90,0.000023,12825.00
272.350,4715.48,-67.51,0.257682,30.00,211.781235,5159.63,0.000008,11550.00
272.400,4808.09,-61.71,0.259606,30.00,586.668823,4890.83,0.000054,11105.00
272.450,5110.17,-60.09,0.239382,35.00,981.185913,4857.25,0.000110,11190.00
272.500,5178.50,-62.49,0.247838,35.00,806.454407,4691.63,0.000045,10680.00
272.550,6008.40,-61.82,0.252749,35.00,621.487000,4814.34,0.000049,11685.00
272.600,6043.05,-61.98,0.241343,30.00,353.699615,4961.59,0.000054,12045.00
272.650,4529.14,-64.82,0.245666,30.00,334.946198,4647.55,0.000022,10220.00
272.700,3691.88,-65.59,0.240439,30.00,333.814331,4289.97,0.000019,9185.00
272.750,3464.30,-66.15,0.169794,30.00,631.166260,4137.55,0.000034,8720.00
272.800,3833.87,-65.70,0.088203,125.00,797.800354,4125.22,0.000147,9150.00
272.850,3851.77,-63.87,0.150817,60.00,766.021057,4219.86,0.000091,9320.00
272.900,3155.15,-65.42,0.259512,40.00,977.469177,4136.06,0.000019,8700.00
272.950,2256.73,-69.87,0.275201,35.00,1054.747192,3681.23,0.000007,6810.00
273.000,2835.40,-65.46,0.269047,30.00,716.627319,3276.29,0.000031,6230.00
273.050,3317.84,-63.19,0.238187,30.00,491.976135,3272.60,0.000074,6495.00
273.100,2578.82,-66.73,0.232201,30.00,512.322571,3202.27,0.000020,6030.00
273.150,1891.60,-70.50,0.167720,30.00,658.845154,3171.19,0.000010,3190.00
273.200,2247.04,-69.82,0.093847,120.00,786.923035,3190.36,0.000034,4550.00
273.250,3352.56,-67.27,0.068147,105.00,371.776276,4024.26,0.000187,8290.00
273.300,5280.58,-62.20,0.147628,100.00,786.430176,5150.98,0.000174,12025.00
273.350,4533.19,-62.67,0.251954,40.00,912.822693,5179.03,0.000056,11625.00
273.400,2283.31,-68.65,0.264202,35.00,988.631104,3949.16,0.000009,6820.00
273.450,2319.56,-69.86,0.265002,30.00,644.573669,3486.45,0.000004,7095.00
273.500,3774.89,-67.73,0.271360,30.00,281.082611,4071.34,0.000006,8840.00
273.550,4300.99,-66.85,0.271989,30.00,152.400604,4147.38,0.000008,9130.00
273.600,3401.13,-67.18,0.261652,30.00,290.537903,3977.86,0.000008,8695.00
273.650,2784.98,-68.25,0.251008,30.00,181.108475,3699.22,0.000008,7995.00
273.700,3963.09,-67.17,0.248968,30.00,262.987427,4145.39,0.000008,9180.00
273.750,3006.65,-69.41,0.257960,30.00,180.320557,3847.60,0.000004,8340.00
273.800,1544.97,-73.45,0.261642,30.00,221.204361,2955.88,0.000001,3860.00
273.850,1646.62,-73.13,0.260392,30.00,166.648026,3330.36,0.000002,3765.00
273.900,2950.92,-67.50,0.249333,30.00,317.479767,4326.43,0.000011,8675.00
273.950,2820.03,-67.54,0.227603,30.00,370.901001,4029.97,0.000014,7885.00
274.000,2883.88,-67.15,0.220422,30.00,226.882858,4060.99,0.000019,8060.00
274.050,5565.01,-62.49,0.207294,30.00,360.778076,5160.29,0.000068,12250.00
274.100,6046.09,-64.80,0.203426,30.00,261.924042,5307.16,0.000034,12570.00
274.150,3511.57,-67.52,0.210283,30.00,239.523499,4608.08,0.000014,9940.00
274.200,4934.65,-59.21,0.204172,30.00,495.858398,4486.52,0.000167,10945.00
274.250,4605.08,-58.60,0.200475,30.00,489.009552,4277.61,0.000217,10180.00
274.300,4556.39,-61.84,0.195728,30.00,540.453491,4700.56,0.000086,10940.00
274.350,4340.27,-65.47,0.194131,30.00,343.120270,4867.20,0.000031,11160.00
274.400,3465.25,-66.02,0.188989,30.00,309.535675,4455.24,0.000032,9725.00
274.450,3488.04,-65.87,0.168359,30.00,365.239044,4339.18,0.000038,9275.00
274.500,3978.73,-68.35,0.159374,30.00,332.116730,4430.21,0.000015,9760.00
274.550,3404.92,-70.68,0.157633,30.00,96.345795,4188.04,0.000007,8690.00
274.600,3096.07,-70.58,0.154696,30.00,64.001854,3653.28,0.000007,7775.00
274.650,2643.46,-72.10,0.133717,30.00,269.179077,3477.24,0.000006,7045.00
274.700,3272.62,-74.65,0.063646,30.00,468.997437,4241.66,0.000013,8950.00
274.750,6171.67,-66.47,0.047596,90.00,421.298401,5068.67,0.000419,12270.00
274.800,5011.08,-60.94,0.187531,45.00,923.793945,5103.70,0.000163,11720.00
274.850,3874.26,-62.60,0.261010,35.00,871.914185,4776.31,0.000055,10580.00
274.900,2186.85,-70.12,0.267279,35.00,1001.746460,3552.45,0.000004,5380.00
274.950,2057.97,-71.62,0.241643,35.00,376.006989,3411.93,0.000003,5520.00
275.000,2251.67,-71.28,0.134421,30.00,920.315796,3320.74,0.000011,5395.00
275.050,2658.51,-70.09,0.111643,255.00,712.566406,3418.07,0.000024,6185.00
275.100,2684.70,-70.04,0.108878,125.00,421.438141,3420.74,0.000025,6260.00
275.150,2714.58,-70.11,0.097832,125.00,449.831238,3432.14,0.000033,6660.00
275.200,3540.50,-65.57,0.100470,115.00,492.959229,4057.22,0.000130,9120.00
275.250,3586.81,-64.11,0.211813,45.00,1003.544312,4318.85,0.000046,9320.00
275.300,2828.00,-67.89,0.271723,35.00,941.713928,4074.16,0.000009,8670.00
275.350,2252.30,-68.68,0.272738,35.00,987.329346,3190.71,0.000006,5720.00
275.400,3403.22,-62.43,0.230302,35.00,631.736572,3253.63,0.000055,6525.00
275.450,3709.93,-62.92,0.123900,30.00,871.681030,3245.89,0.000154,6800.00
275.500,2901.87,-68.63,0.072534,115.00,643.169128,3467.73,0.000071,6725.00
275.550,2272.15,-71.66,0.081952,110.00,281.583618,3313.20,0.000027,4715.00
275.600,2563.39,-71.13,0.065996,105.00,298.461578,3412.51,0.000052,6410.00
275.650,4781.80,-64.75,0.089915,105.00,474.185486,4988.71,0.000216,11405.00
275.700,4868.66,-62.07,0.213096,45.00,940.791931,5231.91,0.000091,11895.00
275.750,3562.14,-64.66,0.263835,35.00,902.085571,4821.66,0.000028,10425.00
275.800,2822.44,-67.94,0.264182,35.00,951.398315,3895.50,0.000008,8300.00
275.850,4525.12,-65.75,0.263497,30.00,368.916840,4298.54,0.000012,9535.00
275.900,4754.64,-66.26,0.262057,30.00,192.768768,4273.18,0.000011,9595.00
275.950,4911.69,-63.81,0.260172,30.00,251.763580,4858.11,0.000028,10810.00
276.000,5736.21,-62.52,0.239877,30.00,269.451019,5228.48,0.000051,12385.00
276.050,5018.23,-65.21,0.241317,30.00,261.928864,5015.34,0.000020,11555.00
276.100,5508.38,-64.03,0.253629,30.00,162.357315,4982.48,0.000026,11710.00
276.150,6425.82,-62.38,0.244329,30.00,245.899216,5167.43,0.000050,12580.00
276.200,4621.70,-66.25,0.240651,30.00,220.137650,5203.48,0.000016,11750.00
276.250,1649.48,-71.82,0.240299,30.00,309.476807,3045.44,0.000004,2485.00
276.300,1816.47,-71.72,0.227610,30.00,302.740143,3014.84,0.000004,2630.00
276.350,1736.55,-72.26,0.224294,30.00,235.575195,2875.74,0.000003,2480.00
276.400,1554.65,-73.23,0.221416,30.00,289.423157,2824.84,0.000002,2350.00
276.450,1056.06,-76.06,0.226407,30.00,230.695129,2516.01,0.000001,1490.00
276.500,1112.67,-75.64,0.224901,30.00,225.706116,2685.47,0.000001,1455.00
276.550,3442.23,-63.10,0.225442,30.00,535.626404,4327.50,0.000053,8825.00
276.600,3771.63,-59.27,0.238536,30.00,1012.615356,4228.69,0.000147,8900.00
276.650,3208.12,-62.65,0.251189,50.00,1087.100098,3804.43,0.000049,7055.00
276.700,1431.50,-72.73,0.263409,50.00,725.772156,2466.16,0.000002,2095.00
276.750,1251.02,-73.94,0.272621,50.00,490.851593,2208.46,0.000001,1650.00
276.800,1639.58,-71.57,0.274545,50.00,380.636414,2848.82,0.000003,2540.00
276.850,5235.14,-63.55,0.272704,50.00,338.119171,5062.89,0.000023,11870.00
276.900,6754.78,-63.01,0.259125,50.00,210.222336,5126.19,0.000030,12785.00
276.950,4759.42,-67.70,0.256308,50.00,169.651169,5181.68,0.000007,11860.00
277.000,2150.33,-72.67,0.257130,50.00,87.693283,3421.97,0.000001,5760.00
277.050,1815.59,-73.83,0.254472,50.00,41.525627,3139.42,0.000001,4770.00
277.100,2031.58,-72.39,0.250281,50.00,84.203102,3384.66,0.000002,4865.00
277.150,4102.58,-62.04,0.245249,50.00,689.243835,4760.32,0.000054,10725.00
277.200,4116.54,-60.37,0.247123,45.00,1010.529175,4781.52,0.000095,10850.00
277.250,2832.55,-64.51,0.258224,35.00,1099.856079,3984.43,0.000040,7400.00
277.300,4424.84,-62.07,0.259300,35.00,754.450806,4824.47,0.000080,10960.00
277.350,5573.66,-61.80,0.244711,30.00,374.512634,5117.41,0.000089,12110.00
277.400,3406.57,-65.94,0.255896,30.00,315.406555,4332.73,0.000024,9335.00
277.450,2050.34,-68.34,0.256114,30.00,338.003082,2849.73,0.000008,3680.00
277.500,2024.26,-68.02,0.185919,30.00,724.241516,2640.99,0.000013,3670.00
277.550,2179.61,-68.60,0.107726,650.00,845.082336,2571.98,0.000033,3930.00
277.600,1564.40,-69.21,0.165841,80.00,820.491211,2397.11,0.000014,3085.00
277.650,1259.53,-69.66,0.271614,40.00,1013.101990,2371.09,0.000005,2580.00
277.700,1859.63,-68.42,0.277547,35.00,1104.036499,2827.49,0.000007,3635.00
277.750,2718.78,-64.50,0.270085,30.00,792.478210,3017.15,0.000024,5765.00
277.800,3172.48,-62.50,0.242105,30.00,521.096619,3053.86,0.000053,6310.00
277.850,2663.68,-65.46,0.245701,30.00,450.159088,2931.63,0.000018,5650.00
277.900,1706.25,-69.61,0.245681,30.00,398.260162,2471.71,0.000005,3440.00
277.950,1717.83,-70.48,0.162321,30.00,684.818787,2491.69,0.000008,3395.00
278.000,3132.25,-66.81,0.065012,25.00,797.597168,3540.18,0.000199,7155.00
278.050,4111.93,-60.35,0.161012,55.00,756.142212,4598.62,0.000227,10580.00
278.100,3708.67,-59.93,0.261441,40.00,928.526611,4543.14,0.000101,10040.00
278.150,2344.04,-65.23,0.267571,35.00,1018.961060,3445.23,0.000023,4760.00
278.200,1731.67,-69.78,0.264240,30.00,722.537292,2671.67,0.000005,3470.00
278.250,1478.75,-71.83,0.270318,30.00,317.534729,2567.56,0.000002,2935.00
278.300,1545.39,-71.31,0.276031,30.00,215.656677,2547.61,0.000003,3035.00
278.350,1741.99,-69.11,0.273644,30.00,329.502380,2688.31,0.000006,3260.00
278.400,1790.37,-69.03,0.260922,30.00,289.111908,2710.80,0.000007,3240.00
278.450,1754.60,-70.09,0.255000,30.00,288.895569,2911.41,0.000005,3155.00
278.500,2557.13,-69.04,0.257250,30.00,277.459869,3920.42,0.000006,7985.00
278.550,2299.18,-68.24,0.258021,30.00,266.983765,3490.31,0.000008,5745.00
278.600,2028.83,-68.41,0.250761,30.00,319.627808,3024.87,0.000009,3990.00
278.650,2987.01,-65.52,0.241173,30.00,229.777222,3953.28,0.000021,7755.00
278.700,2914.18,-65.71,0.237792,30.00,352.010895,3873.90,0.000020,7285.00
278.750,2658.18,-65.51,0.240815,30.00,365.848602,3564.30,0.000022,6645.00
278.800,4549.13,-61.19,0.220765,30.00,389.586975,4766.68,0.000082,11015.00
278.850,4679.90,-62.28,0.207295,30.00,383.541321,4894.22,0.000066,11445.00
278.900,2824.71,-65.11,0.215279,30.00,341.180481,3708.31,0.000034,6765.00
278.950,4100.32,-58.92,0.221332,30.00,536.768066,4223.66,0.000187,9525.00
279.000,4137.97,-58.41,0.221043,30.00,588.675232,4088.75,0.000219,9155.00
279.050,4019.33,-60.76,0.217351,30.00,560.052979,4271.18,0.000100,9645.00
279.100,3567.36,-62.97,0.203130,30.00,371.232635,4178.26,0.000066,8965.00
279.150,3672.63,-63.52,0.184743,30.00,428.722656,4314.30,0.000067,9585.00
279.200,4980.80,-63.69,0.166801,30.00,390.525757,4807.88,0.000061,11090.00
279.250,4856.39,-66.21,0.163534,30.00,206.480331,4824.75,0.000027,11070.00
279.300,3015.02,-70.08,0.161345,30.00,104.299873,3929.18,0.000010,7790.00
279.350,2322.04,-71.57,0.157813,30.00,99.223030,2994.91,0.000005,5335.00
279.400,2162.19,-72.14,0.139425,30.00,285.997040,2921.77,0.000004,5155.00
279.450,2633.04,-71.65,0.074660,30.00,477.503479,3138.67,0.000020,6470.00
279.500,3570.69,-64.46,0.079133,1000.00,521.501953,3940.37,0.000274,8290.00
279.550,3665.55,-59.67,0.204582,50.00,924.416748,4324.54,0.000187,9285.00
279.600,3138.08,-60.97,0.270310,35.00,924.501343,4048.05,0.000074,8010.00
279.650,2095.93,-66.43,0.266471,35.00,998.539307,2780.39,0.000016,3840.00
279.700,1880.97,-68.75,0.234339,35.00,414.957520,2472.76,0.000006,3590.00
279.750,2300.65,-68.90,0.122852,30.00,806.967407,2736.41,0.000022,4105.00
279.800,2318.60,-67.67,0.094705,125.00,705.312927,2583.41,0.000070,3900.00
279.850,1667.57,-67.09,0.231241,50.00,1035.118774,2250.86,0.000018,3180.00
279.900,1634.26,-67.34,0.283851,35.00,905.654907,2220.03,0.000011,3175.00
279.950,1820.88,-68.59,0.263471,35.00,1097.606323,2343.04,0.000007,3440.00
280.000,1728.42,-69.63,0.229462,35.00,452.196075,2419.62,0.000005,3405.00
280.050,2370.32,-68.76,0.115048,30.00,830.084167,2917.03,0.000029,4600.00
280.100,2783.42,-65.65,0.097857,115.00,682.836914,2991.18,0.000136,5635.00
280.150,2727.51,-61.83,0.219878,45.00,921.108948,3017.20,0.000093,6000.00
280.200,2645.54,-62.54,0.262933,35.00,897.394775,2975.93,0.000050,5865.00
280.250,1999.84,-67.59,0.257867,35.00,993.992493,2635.69,0.000009,4145.00
280.300,1637.45,-70.11,0.219604,35.00,476.144592,2452.50,0.000005,3275.00
280.350,2335.51,-69.12,0.104330,30.00,828.488892,2932.89,0.000036,4535.00
280.400,4030.87,-62.49,0.091315,70.00,615.513916,4233.68,0.000387,9555.00
280.450,4092.99,-59.37,0.210008,45.00,925.839661,4624.01,0.000200,10570.00
280.500,3145.46,-61.75,0.264993,35.00,912.619629,4175.21,0.000064,8245.00
280.550,1843.68,-68.08,0.265028,35.00,946.824890,2718.65,0.000009,3495.00
280.600,1699.66,-70.29,0.266563,30.00,452.044250,2631.21,0.000004,3295.00
280.650,1732.77,-70.95,0.270647,30.00,280.882477,2650.25,0.000003,3360.00
280.700,3130.38,-64.25,0.271973,30.00,386.799683,4191.45,0.000024,8420.00
280.750,3774.28,-61.18,0.255882,30.00,980.428650,4668.74,0.000069,10350.00
280.800,3146.24,-64.06,0.268609,50.00,1246.583130,4361.83,0.000028,9100.00
280.850,3901.33,-64.68,0.288782,50.00,768.777954,4719.15,0.000019,10320.00
280.900,5179.57,-61.93,0.277584,50.00,344.047546,5069.29,0.000042,11850.00
280.950,3484.22,-63.73,0.282816,50.00,370.668823,4385.24,0.000026,9505.00
281.000,1958.08,-67.30,0.276845,50.00,445.401642,2843.61,0.000011,3855.00
281.050,1818.36,-66.93,0.262785,55.00,1166.656982,2669.20,0.000015,3575.00
281.100,1828.59,-67.47,0.270968,35.00,1003.868713,2702.86,0.000011,3570.00
281.150,1856.53,-68.21,0.269773,35.00,900.667419,2607.54,0.000008,3510.00
281.200,1949.39,-68.01,0.253858,30.00,435.026123,2591.51,0.000008,3755.00
281.250,2231.01,-67.49,0.244793,30.00,362.344208,2831.11,0.000011,4455.00
281.300,3293.25,-62.11,0.253357,30.00,472.654419,3951.64,0.000055,8015.00
281.350,3728.17,-59.17,0.241271,30.00,916.916077,4120.89,0.000145,8610.00
281.400,3081.63,-61.98,0.256785,50.00,1236.350830,3650.79,0.000058,6710.00
281.450,1593.23,-69.10,0.277715,50.00,675.955139,2497.03,0.000007,2850.00
281.500,1628.94,-68.07,0.272227,50.00,874.380798,2828.66,0.000010,2925.00
281.550,3059.66,-63.89,0.224701,65.00,922.490295,4046.53,0.000043,8910.00
281.600,5392.67,-60.82,0.140057,70.00,744.824280,4757.69,0.000228,10790.00
281.650,4522.72,-59.69,0.232029,40.00,796.965210,4830.85,0.000133,10775.00
281.700,2992.56,-63.82,0.262407,35.00,963.860107,4061.61,0.000043,8160.00
281.750,3989.87,-62.89,0.254615,35.00,873.925293,4601.39,0.000066,10415.00
281.800,5153.70,-61.76,0.244294,30.00,384.060730,5087.53,0.000092,11980.00
281.850,3543.45,-65.77,0.249786,30.00,342.314728,4578.70,0.000025,9960.00
281.900,4156.30,-62.72,0.252939,30.00,482.449829,4645.17,0.000040,10265.00
281.950,4498.97,-60.04,0.239861,35.00,1019.229614,4693.68,0.000113,10590.00
282.000,4082.46,-61.71,0.230956,35.00,608.458435,4412.35,0.000074,9570.00
282.050,4688.31,-61.70,0.227315,35.00,751.075500,4655.77,0.000072,10575.00
282.100,5287.63,-61.52,0.223889,30.00,465.106812,4894.16,0.000073,11530.00
282.150,4382.59,-64.55,0.232095,30.00,330.087616,4639.74,0.000027,10150.00
282.200,4121.25,-65.18,0.235440,30.00,367.885376,4590.07,0.000022,9840.00
282.250,3877.21,-63.97,0.178001,30.00,611.460144,4258.24,0.000057,9220.00
282.300,3786.00,-64.47,0.099201,245.00,822.481750,3791.50,0.000161,8295.00
282.350,2933.74,-65.83,0.142992,245.00,685.584778,3657.22,0.000056,7260.00
282.400,2004.13,-67.14,0.249840,40.00,928.921814,3257.75,0.000012,5000.00
282.450,2194.16,-67.11,0.253939,35.00,955.454956,3270.06,0.000012,5185.00
282.500,2820.10,-64.73,0.245579,35.00,796.526001,3281.90,0.000026,6235.00
282.550,3089.17,-63.15,0.228863,30.00,486.360809,3126.05,0.000050,6315.00
282.600,2532.64,-66.10,0.220053,30.00,495.825867,2916.45,0.000020,5650.00
282.650,1967.15,-70.11,0.172004,30.00,553.529724,2567.12,0.000007,4040.00
282.700,2414.05,-70.02,0.126427,655.00,783.034302,2739.62,0.000011,5060.00
282.750,3122.51,-68.38,0.125555,655.00,293.419708,3540.58,0.000046,7135.00
282.800,4593.63,-62.08,0.163375,650.00,722.154114,4906.84,0.000171,11190.00
282.850,4281.35,-61.93,0.240239,40.00,899.751465,5001.87,0.000087,11190.00
282.900,2439.16,-67.56,0.247354,35.00,959.655273,3969.38,0.000016,6940.00
282.950,1297.96,-72.97,0.254215,30.00,722.407227,2407.29,0.000002,2485.00
283.000,1259.92,-74.10,0.259648,30.00,330.695587,2424.62,0.000001,2950.00
283.050,1040.14,-75.50,0.262490,30.00,201.286026,2292.61,0.000000,1900.00
283.100,1053.26,-74.76,0.263274,30.00,219.217987,2091.62,0.000001,1410.00
283.150,1321.13,-73.09,0.243252,30.00,272.158386,2228.58,0.000002,2225.00
283.200,1419.87,-72.90,0.226549,30.00,257.904022,2325.88,0.000003,2990.00
283.250,1397.03,-73.26,0.228923,30.00,210.044327,2377.89,0.000002,2870.00
283.300,1344.88,-73.93,0.231579,30.00,203.435715,2416.94,0.000002,2255.00
283.350,1613.05,-73.95,0.233310,30.00,189.333511,3188.57,0.000002,3260.00
283.400,3754.68,-68.26,0.237282,30.00,178.135986,4840.31,0.000008,10695.00
283.450,3620.01,-66.98,0.236189,30.00,159.725021,4504.30,0.000011,9725.00
283.500,3262.49,-67.73,0.226315,30.00,141.348969,4141.18,0.000016,8275.00
283.550,6228.33,-62.39,0.210980,30.00,238.992462,5085.38,0.000075,12555.00
283.600,6422.63,-62.83,0.197418,30.00,157.488510,5123.70,0.000075,12640.00
283.650,3753.46,-66.53,0.206916,30.00,222.757294,4445.62,0.000024,9690.00
283.700,5100.71,-59.74,0.201208,30.00,366.136749,4522.73,0.000199,11220.00
283.750,5037.98,-58.92,0.185586,30.00,322.927734,4330.20,0.000308,10770.00
283.800,4898.58,-61.61,0.178132,30.00,368.736420,4682.38,0.000122,11245.00
283.850,4386.09,-65.54,0.177414,30.00,265.807831,4898.22,0.000038,11265.00
283.900,3993.25,-66.04,0.176273,30.00,207.385696,4727.89,0.000034,10700.00
283.950,4258.47,-64.70,0.174445,30.00,241.331085,4443.93,0.000046,9705.00
284.000,3904.85,-64.11,0.174800,30.00,315.781830,4047.93,0.000056,8800.00
284.050,2713.79,-66.25,0.182706,30.00,454.787140,3399.25,0.000030,7125.00
284.100,1959.08,-69.94,0.177075,30.00,393.558441,2559.31,0.000012,3300.00
284.150,1954.72,-70.81,0.158224,30.00,552.515686,2587.54,0.000011,3475.00
284.200,2150.54,-72.09,0.105674,405.00,470.781158,2948.93,0.000014,4015.00
284.250,4355.06,-67.00,0.055547,410.00,504.700684,4776.05,0.000234,10820.00
284.300,4572.01,-61.65,0.170839,50.00,851.360718,5027.02,0.000143,11450.00
284.350,3519.99,-62.55,0.243726,35.00,808.170166,4632.37,0.000060,10050.00
284.400,1849.60,-69.58,0.238218,35.00,969.099060,3069.86,0.000009,3550.00
284.450,1592.79,-71.77,0.217753,35.00,535.495850,2644.65,0.000003,3340.00
284.500,1756.06,-72.64,0.143375,30.00,734.788208,2800.11,0.000006,3560.00
284.550,2779.45,-71.24,0.076154,440.00,617.218201,3869.07,0.000038,7410.00
284.600,3540.90,-67.80,0.066428,190.00,389.760315,4143.85,0.000127,9150.00
284.650,3017.66,-67.11,0.096863,255.00,345.089417,3324.08,0.000080,6260.00
284.700,2681.02,-68.85,0.104999,255.00,374.652191,2880.23,0.000036,5105.00
284.750,1622.15,-70.16,0.200884,45.00,938.748108,2546.54,0.000004,3765.00
284.800,1453.85,-70.36,0.258407,35.00,853.025574,2516.77,0.000002,3340.00
284.850,2270.14,-67.21,0.248276,35.00,984.761719,3120.84,0.000013,5010.00
284.900,3239.38,-62.52,0.221629,35.00,555.348938,3231.03,0.000062,6425.00
284.950,3285.76,-62.55,0.162338,30.00,884.209473,3091.36,0.000117,6385.00
285.000,2557.61,-68.12,0.140119,670.00,746.403503,2708.35,0.000028,5145.00
285.050,2219.95,-71.18,0.133252,670.00,359.703033,2494.57,0.000010,4080.00
285.100,2216.60,-71.64,0.132329,660.00,523.437866,2574.03,0.000007,4315.00
285.150,3984.97,-65.43,0.135111,655.00,540.497131,4563.25,0.000063,10310.00
285.200,4600.71,-61.97,0.202522,45.00,863.166321,5068.86,0.000085,11520.00
285.250,3517.43,-64.28,0.244956,35.00,886.878235,4737.23,0.000031,10300.00
285.300,1715.05,-70.61,0.244871,35.00,941.648499,2949.15,0.000005,3800.00
285.350,1563.80,-72.00,0.246580,30.00,453.158783,2592.62,0.000002,3560.00
285.400,1685.21,-72.42,0.249216,30.00,297.318085,2708.54,0.000002,4095.00
285.450,3818.55,-66.27,0.249084,30.00,194.343521,4705.24,0.000013,10480.00
285.500,5068.57,-62.32,0.226275,30.00,325.567169,5097.69,0.000056,11940.00
285.550,3874.38,-64.47,0.213472,30.00,267.010010,4689.91,0.000038,10610.00
285.600,3671.37,-65.32,0.216673,30.00,245.234192,4549.82,0.000029,10035.00
285.650,5527.90,-62.86,0.212507,30.00,265.654419,5154.69,0.000055,12235.00
285.700,4642.13,-66.11,0.215269,30.00,218.351776,5122.27,0.000020,11700.00
285.750,1745.80,-73.76,0.223065,30.00,195.169235,3355.42,0.000002,3635.00
285.800,2017.10,-71.94,0.231395,30.00,132.504486,3179.07,0.000002,4095.00
285.850,2172.26,-70.93,0.236456,30.00,131.336090,3039.32,0.000003,4245.00
285.900,2209.46,-71.35,0.233112,30.00,150.993240,3021.78,0.000002,4335.00
285.950,2140.57,-72.06,0.227347,30.00,101.319496,2989.87,0.000002,4315.00
286.000,2346.91,-70.74,0.223324,30.00,151.296097,3168.55,0.000004,5305.00
286.050,3701.64,-63.41,0.220087,30.00,390.623047,4352.82,0.000046,9215.00
286.100,4006.14,-59.27,0.227896,30.00,980.695190,4333.51,0.000160,9465.00
286.150,3490.00,-61.65,0.243288,50.00,1032.221069,3950.78,0.000068,7600.00
286.200,1721.81,-71.09,0.251980,50.00,697.608215,2735.98,0.000004,3335.00
286.250,1333.32,-74.00,0.255933,50.00,281.062622,2414.84,0.000001,1950.00
286.300,1300.66,-73.99,0.259721,50.00,206.669434,2409.96,0.000002,1630.00
286.350,3776.01,-64.68,0.258700,50.00,275.785492,4669.34,0.000029,10400.00
286.400,4573.59,-61.90,0.238482,50.00,396.735077,4889.98,0.000076,11325.00
286.450,3373.06,-65.76,0.237522,50.00,327.947571,4413.95,0.000026,9250.00
286.500,2638.81,-68.61,0.238569,50.00,276.524475,3630.27,0.000007,7625.00
286.550,4680.18,-65.68,0.236341,50.00,309.987152,4215.42,0.000013,9645.00
286.600,5359.33,-65.75,0.232948,50.00,183.917557,4202.52,0.000016,9990.00
286.650,4821.34,-63.85,0.227112,50.00,546.561584,5000.36,0.000036,11245.00
286.700,4560.51,-61.77,0.232717,45.00,942.289368,5042.61,0.000072,11490.00
286.750,3208.79,-65.01,0.235162,35.00,981.228210,4329.77,0.000029,8890.00
286.800,4256.63,-63.73,0.233468,35.00,778.269775,4732.10,0.000039,10735.00
286.850,5082.68,-62.31,0.225136,30.00,294.791046,4993.39,0.000061,11725.00
286.900,3198.85,-65.84,0.227600,30.00,393.261353,4213.34,0.000024,8740.00
286.950,1645.02,-70.90,0.229730,30.00,389.441071,2641.45,0.000005,2670.00
287.000,1581.67,-72.20,0.167966,30.00,575.983704,2729.43,0.000004,3215.00
287.050,2578.92,-72.14,0.062940,30.00,768.438110,3199.47,0.000024,6050.00
287.100,2121.87,-69.77,0.120689,65.00,622.779602,3214.35,0.000017,5550.00
287.150,2306.43,-66.62,0.241943,40.00,942.419250,3563.90,0.000015,7185.00
287.200,3952.94,-64.28,0.255945,35.00,945.237427,4324.76,0.000032,9500.00
287.250,3923.39,-63.30,0.247740,35.00,792.105713,3937.72,0.000051,8960.00
287.300,3218.69,-62.94,0.231015,30.00,463.172699,3202.47,0.000075,6395.00
287.350,2506.67,-65.47,0.226756,30.00,430.503601,2922.47,0.000033,5650.00
287.400,1821.87,-69.49,0.223731,30.00,456.642151,2533.73,0.000005,3575.00
287.450,2177.38,-69.61,0.159133,30.00,629.448914,2816.43,0.000007,4725.00
287.500,3398.69,-68.69,0.066847,25.00,710.438904,3645.43,0.000100,7890.00
287.550,5174.54,-62.50,0.125953,60.00,639.251831,5023.25,0.000177,11775.00
287.600,4728.38,-62.11,0.241283,40.00,929.322754,5168.89,0.000057,11700.00
287.650,2969.68,-67.71,0.260293,35.00,947.507507,4447.67,0.000009,8805.00
287.700,1519.23,-73.41,0.262602,30.00,731.598206,2737.68,0.000001,3935.00
287.750,3464.79,-68.20,0.263920,30.00,230.325851,4021.53,0.000004,8840.00
287.800,4620.71,-66.03,0.258428,30.00,170.851257,4143.30,0.000009,9375.00
287.850,3287.38,-67.77,0.259072,30.00,232.190735,3930.82,0.000008,8305.00
287.900,1975.50,-69.57,0.254370,30.00,415.974854,3099.56,0.000006,5075.00
287.950,1724.20,-71.48,0.241733,30.00,315.885315,2735.94,0.000004,2780.00
288.000,1650.72,-72.42,0.238694,30.00,265.765259,2699.05,0.000002,2675.00
288.050,1606.74,-72.63,0.236706,30.00,393.598206,2661.56,0.000002,2560.00
288.100,1602.74,-72.11,0.233923,30.00,387.672668,2698.93,0.000004,2485.00
288.150,2621.50,-68.04,0.229244,30.00,350.077209,4015.92,0.000012,7415.00
288.200,3235.06,-69.24,0.226800,30.00,331.501923,4654.01,0.000007,9885.00
288.250,3028.05,-72.27,0.228323,30.00,200.644119,4655.44,0.000003,9535.00
288.300,5428.43,-63.41,0.220079,30.00,342.034760,5199.63,0.000043,12185.00
288.350,5143.37,-62.81,0.208735,30.00,322.085266,5150.30,0.000062,11920.00
288.400,3033.15,-67.57,0.208207,30.00,384.190002,4352.90,0.000016,9050.00
288.450,4900.36,-60.04,0.205852,30.00,472.110107,4568.46,0.000136,11040.00
288.500,4932.08,-58.73,0.194743,30.00,417.338135,4376.05,0.000224,10735.00
288.550,4762.86,-61.25,0.191049,30.00,467.483246,4692.79,0.000109,11100.00
288.600,4437.68,-64.93,0.186562,30.00,413.065094,4876.03,0.000041,11110.00
288.650,4342.86,-66.06,0.178040,30.00,342.801422,4890.16,0.000030,11065.00
288.700,4283.04,-67.68,0.171281,30.00,259.609985,4967.25,0.000019,11150.00
288.750,2744.60,-67.88,0.177862,30.00,395.077057,3807.04,0.000021,7130.00
288.800,2481.63,-68.52,0.180853,30.00,323.704956,3339.93,0.000017,6140.00
288.850,2337.72,-70.92,0.172522,30.00,201.324844,3256.48,0.000007,6395.00
288.900,4343.88,-66.33,0.148603,30.00,408.860779,4172.41,0.000025,9470.00
288.950,6353.19,-64.82,0.084889,30.00,523.471191,3867.37,0.000117,10315.00
289.000,6619.09,-64.77,0.043626,95.00,425.009094,4115.70,0.000688,10915.00
289.050,5056.46,-61.88,0.160880,50.00,828.112549,5116.49,0.000154,11775.00
289.100,3964.61,-62.28,0.245543,35.00,830.377869,4808.99,0.000062,10735.00
289.150,2341.68,-68.43,0.239712,35.00,919.455750,3477.88,0.000010,6300.00
289.200,2045.38,-70.48,0.212805,35.00,448.587799,2950.96,0.000004,4695.00
289.250,2172.59,-70.17,0.147705,30.00,689.708801,2838.05,0.000008,4575.00
289.300,2002.57,-69.50,0.119008,650.00,699.854675,2662.63,0.000021,3485.00
289.350,1254.58,-70.65,0.200065,50.00,1010.510315,2310.25,0.000007,2065.00
289.400,1041.20,-72.51,0.265609,35.00,943.977478,2284.71,0.000002,1835.00
289.450,1703.70,-71.84,0.263111,35.00,1038.462158,2960.99,0.000002,4435.00
289.500,2185.23,-69.39,0.235791,35.00,379.109100,3392.51,0.000006,6060.00
289.550,4375.29,-64.71,0.127998,30.00,816.437439,4282.96,0.000070,9645.00
289.600,5289.46,-63.06,0.070689,130.00,676.357727,4243.74,0.000617,10000.00
289.650,3149.66,-62.00,0.188821,50.00,875.666992,3499.95,0.000161,6760.00
289.700,2651.07,-62.95,0.244673,35.00,817.951355,3103.67,0.000075,5860.00
289.750,1905.91,-67.58,0.242154,35.00,950.194702,2614.51,0.000012,4135.00
289.800,1743.72,-70.05,0.209972,35.00,480.733643,2416.69,0.000005,3445.00
289.850,2122.90,-70.79,0.111346,30.00,764.204224,2742.97,0.000011,4335.00
289.900,4524.31,-65.66,0.074622,120.00,586.780334,4717.06,0.000194,10885.00
289.950,4923.44,-61.57,0.195951,45.00,935.426086,5140.13,0.000102,11770.00
290.000,3885.25,-63.55,0.267097,35.00,896.873352,4902.92,0.000031,10800.00
290.050,2002.66,-70.12,0.265074,35.00,1011.429749,3209.09,0.000004,4805.00
290.100,2352.08,-69.64,0.263868,30.00,404.340698,3268.79,0.000003,5970.00
290.150,3925.17,-65.84,0.255210,30.00,218.804001,3940.25,0.000009,8920.00
290.200,4283.46,-63.58,0.248203,30.00,253.055389,4310.54,0.000031,9400.00
290.250,3838.93,-61.50,0.246078,30.00,927.334290,4648.40,0.000069,10240.00
290.300,2982.56,-62.70,0.262481,55.00,1186.910889,4014.23,0.000047,7850.00
290.350,2873.14,-63.55,0.284548,50.00,877.472595,3668.22,0.000028,6805.00
290.400,4065.02,-60.90,0.275058,50.00,444.079926,4506.51,0.000061,10380.00
290.450,3427.29,-63.08,0.270389,50.00,437.660950,4200.72,0.000033,8825.00
290.500,1591.01,-69.32,0.275207,50.00,510.106598,2491.12,0.000006,2895.00
290.550,956.33,-72.05,0.286413,55.00,1198.834229,1920.10,0.000002,1675.00
290.600,928.69,-73.07,0.280392,35.00,993.118042,1902.37,0.000001,1845.00
290.650,1562.84,-71.12,0.276479,35.00,1006.139282,2539.02,0.000003,3210.00
290.700,1806.95,-69.11,0.269003,30.00,471.528870,2819.93,0.000006,3400.00
290.750,1981.17,-68.68,0.254813,30.00,327.151733,3054.35,0.000008,3935.00
290.800,3241.27,-63.63,0.255473,30.00,485.350922,4149.05,0.000035,8380.00
290.850,3898.31,-59.13,0.249571,30.00,954.707703,4234.30,0.000141,9140.00
290.900,3309.02,-61.06,0.268774,50.00,1264.324585,3838.89,0.000069,7300.00
290.950,1678.38,-68.77,0.286186,50.00,713.252136,2617.90,0.000006,3295.00
291.000,1232.91,-70.79,0.275703,50.00,874.779358,2264.96,0.000003,2330.00
291.050,1375.75,-69.97,0.236643,65.00,912.616882,2497.82,0.000007,2590.00
291.100,3709.36,-62.91,0.146979,70.00,837.467407,4472.72,0.000111,9845.00
291.150,3868.35,-59.98,0.228439,40.00,745.099182,4623.13,0.000121,10480.00
291.200,2857.54,-62.98,0.261584,35.00,912.636230,3912.15,0.000041,7300.00
291.250,3818.42,-62.66,0.254044,35.00,941.750183,4384.32,0.000040,9580.00
291.300,5392.50,-61.38,0.251152,30.00,429.461487,4966.57,0.000054,11930.00
291.350,3938.73,-65.25,0.255262,30.00,288.998566,4714.25,0.000017,10580.00
291.400,3795.49,-62.68,0.262475,30.00,505.950317,4525.22,0.000041,9600.00
291.450,4350.84,-59.26,0.264239,35.00,1071.461792,4606.07,0.000118,10430.00
291.500,3992.87,-60.08,0.266006,35.00,678.287964,4211.66,0.000089,9185.00
291.550,4242.03,-60.20,0.255961,35.00,852.258667,4235.68,0.000084,9520.00
291.600,4636.40,-59.46,0.249654,30.00,443.627869,4482.10,0.000106,10630.00
291.650,3709.06,-61.52,0.256988,30.00,421.475525,3985.91,0.000061,8480.00
291.700,3116.67,-63.08,0.259215,30.00,428.971008,3583.77,0.000041,7410.00
291.750,3023.44,-63.77,0.205898,30.00,649.126526,3487.15,0.000053,7015.00
291.800,3365.25,-64.62,0.113760,30.00,870.204651,3568.27,0.000126,7585.00
291.850,2705.12,-65.78,0.134600,65.00,716.553101,3654.38,0.000070,7025.00
291.900,2349.33,-66.34,0.259859,40.00,1071.321411,3996.17,0.000016,7255.00
291.950,3048.70,-66.28,0.284215,35.00,1044.743530,4490.79,0.000011,9570.00
292.000,3226.32,-63.96,0.278939,35.00,922.585754,3717.24,0.000023,7135.00
292.050,3236.87,-62.39,0.251675,30.00,521.007874,3136.43,0.000050,6400.00
292.100,2708.72,-64.81,0.247444,30.00,412.707092,2883.77,0.000023,5680.00
292.150,2128.90,-68.22,0.195408,30.00,586.473389,2450.76,0.000013,3705.00
292.200,2533.66,-68.11,0.106478,475.00,847.634827,2496.46,0.000046,4070.00
292.250,3012.18,-66.76,0.091105,475.00,369.824890,2939.58,0.000158,5255.00
292.300,4340.89,-59.84,0.150203,65.00,721.176453,4536.67,0.000409,10615.00
292.350,4217.76,-59.09,0.263504,40.00,1005.010071,4719.04,0.000169,10825.00
292.400,2838.70,-63.98,0.281505,35.00,1031.653931,3796.39,0.000039,6800.00
292.450,1882.86,-69.53,0.279916,35.00,859.689087,2413.33,0.000005,3500.00
292.500,1623.40,-70.95,0.280149,30.00,349.454590,2206.32,0.000002,3180.00
292.550,1428.78,-72.32,0.278983,30.00,260.348724,2104.08,0.000001,2870.00
292.600,1214.27,-73.55,0.281067,30.00,177.722824,1984.95,0.000001,2620.00
292.650,1142.72,-73.96,0.282338,30.00,163.265808,1889.63,0.000000,2285.00
292.700,1223.42,-73.76,0.282245,30.00,118.170670,2009.56,0.000000,2290.00
292.750,1278.10,-73.60,0.280708,30.00,104.082710,2101.13,0.000000,2455.00
292.800,1332.99,-73.45,0.278756,30.00,115.494659,2168.28,0.000001,2780.00
292.850,1624.22,-72.98,0.275889,30.00,96.581894,2803.33,0.000002,3275.00
292.900,3609.38,-67.67,0.271663,30.00,122.555069,4674.56,0.000008,10120.00
292.950,3789.70,-67.26,0.267147,30.00,93.966576,4784.78,0.000009,10610.00
293.000,2705.08,-69.61,0.260870,30.00,99.558044,4075.78,0.000005,7865.00
293.050,5923.69,-63.35,0.240029,30.00,250.803726,5162.19,0.000032,12395.00
293.100,6569.64,-63.16,0.208722,30.00,251.267395,5126.90,0.000045,12635.00
293.150,4149.69,-66.75,0.211191,30.00,213.989059,4600.99,0.000015,10200.00
293.200,5406.41,-60.10,0.209447,30.00,343.411133,4504.80,0.000114,11375.00
293.250,5577.70,-58.54,0.191265,30.00,311.450592,4259.57,0.000223,11140.00
293.300,5907.82,-61.15,0.184442,30.00,340.599548,4676.83,0.000110,11985.00
293.350,5801.15,-65.05,0.188652,30.00,217.325073,5131.10,0.000035,12310.00
293.400,4977.28,-65.13,0.189448,30.00,125.345985,4940.93,0.000034,11645.00
293.450,3726.62,-65.39,0.190510,30.00,202.011292,4286.19,0.000033,9505.00
293.500,2572.84,-66.21,0.202898,30.00,417.464447,3272.04,0.000028,4680.00
293.550,2113.61,-67.22,0.207813,30.00,416.102753,2741.14,0.000022,3565.00
293.600,1913.06,-69.58,0.181964,30.00,453.052948,2447.09,0.000013,3445.00
293.650,2025.31,-69.70,0.162953,30.00,481.955078,2677.92,0.000012,3825.00
293.700,2442.69,-69.75,0.108476,30.00,491.610016,2938.21,0.000024,4610.00
293.750,3441.86,-65.89,0.080898,485.00,511.639557,3876.57,0.000193,8075.00
293.800,4075.56,-60.09,0.186834,65.00,878.166260,4578.06,0.000219,10575.00
293.850,3439.62,-60.21,0.273318,40.00,919.123230,4255.79,0.000104,8920.00
293.900,2217.69,-65.33,0.277092,35.00,1070.098022,2807.97,0.000024,3985.00
293.950,2010.33,-67.77,0.255424,35.00,532.323975,2325.02,0.000012,3710.00
294.000,2157.34,-67.71,0.180887,30.00,823.723877,2336.62,0.000023,3785.00
294.050,2448.98,-67.70,0.141303,1010.00,817.487732,2367.83,0.000037,4040.00
294.100,2450.88,-67.83,0.147330,1010.00,450.296906,2328.00,0.000035,3930.00
294.150,2446.45,-68.05,0.127917,1010.00,443.048340,2358.79,0.000042,4000.00
294.200,2363.16,-67.66,0.107141,520.00,535.790894,2637.21,0.000063,4050.00
294.250,1605.54,-68.53,0.209526,45.00,1067.277588,2663.87,0.000014,3190.00
294.300,974.71,-72.23,0.288034,35.00,997.417542,2146.95,0.000002,1845.00
294.350,1903.66,-70.28,0.287563,35.00,1160.570068,2818.40,0.000006,4425.00
294.400,3404.64,-62.60,0.261467,35.00,531.312866,3211.96,0.000066,6480.00
294.450,3795.68,-61.96,0.155849,30.00,932.323792,3149.94,0.000223,6720.00
294.500,3307.78,-66.19,0.092237,255.00,750.915100,2901.83,0.000108,6335.00
294.550,2938.66,-68.30,0.090813,255.00,264.804626,2615.38,0.000051,5120.00
294.600,2934.09,-68.22,0.088418,255.00,229.183090,2599.09,0.000053,5075.00
294.650,3822.84,-63.29,0.099275,255.00,338.131683,3897.90,0.000229,8255.00
294.700,4411.76,-59.48,0.208192,45.00,983.029236,4671.66,0.000160,10840.00
294.750,3661.97,-61.07,0.280870,35.00,941.366028,4416.59,0.000057,9515.00
294.800,2289.17,-67.10,0.278882,35.00,1065.862305,2947.40,0.000010,4410.00
294.850,1929.72,-69.50,0.279965,30.00,505.089783,2405.12,0.000004,3690.00
294.900,1694.21,-70.85,0.278931,30.00,310.541687,2301.04,0.000002,3420.00
294.950,3504.52,-65.92,0.274223,30.00,237.399673,4448.48,0.000017,9370.00
295.000,5713.68,-62.37,0.253914,30.00,274.456970,5123.31,0.000054,12220.00
295.050,5230.46,-64.33,0.250274,30.00,199.833160,5097.33,0.000030,11930.00
295.100,4606.65,-65.33,0.264304,30.00,160.297562,4944.01,0.000014,11215.00
295.150,6580.58,-61.83,0.257603,30.00,174.831604,5118.43,0.000042,12685.00
295.200,5796.91,-64.57,0.248602,30.00,129.610840,5237.98,0.000020,12420.00
295.250,1833.38,-73.47,0.256788,30.00,170.829178,3370.84,0.000001,3835.00
295.300,996.63,-75.50,0.257168,30.00,56.403526,1868.75,0.000000,2205.00
295.350,1022.10,-75.28,0.253705,30.00,54.838379,1836.60,0.000000,2400.00
295.400,1038.70,-75.30,0.249618,30.00,56.520615,1892.63,0.000000,2380.00
295.450,1086.63,-75.32,0.245663,30.00,56.040894,2054.10,0.000000,2405.00
295.500,1574.53,-73.93,0.238836,30.00,63.551510,2714.01,0.000001,3840.00
295.550,3731.38,-64.70,0.232986,30.00,345.913849,4474.07,0.000025,9630.00
295.600,4121.59,-59.45,0.249934,30.00,1051.218262,4428.56,0.000114,9965.00
295.650,3795.95,-61.53,0.289084,50.00,1238.494141,4153.59,0.000044,8585.00
295.700,1838.06,-71.48,0.322082,50.00,888.151062,3042.70,0.000002,4735.00
295.750,856.12,-75.57,0.332336,50.00,316.623383,1759.15,0.000000,1985.00
295.800,1337.90,-73.83,0.335939,50.00,132.970230,2438.88,0.000000,2860.00
295.850,4141.70,-64.31,0.331068,50.00,208.444946,4785.74,0.000012,10765.00
295.900,4974.55,-60.93,0.297330,50.00,408.053589,4948.12,0.000045,11620.00
295.950,3906.28,-63.94,0.277759,50.00,284.232849,4581.13,0.000022,10180.00
296.000,2443.78,-68.75,0.279451,50.00,239.180511,3396.34,0.000005,6705.00
296.050,4097.56,-66.22,0.280286,50.00,252.714005,4147.18,0.000008,9240.00
296.100,4688.22,-65.82,0.275905,50.00,162.646042,4210.87,0.000012,9625.00
296.150,4456.75,-63.04,0.262493,50.00,522.055298,4867.69,0.000042,10845.00
296.200,4500.80,-60.57,0.258238,45.00,1041.849731,5000.61,0.000102,11520.00
296.250,3275.78,-62.87,0.268083,35.00,1106.001343,4269.19,0.000050,8720.00
296.300,3778.70,-62.26,0.266763,35.00,925.491638,4366.49,0.000045,9455.00
296.350,4833.81,-60.47,0.251300,30.00,404.318787,4810.62,0.000077,11400.00
296.400,3482.07,-63.76,0.252161,30.00,356.479034,4241.74,0.000031,8955.00
296.450,1764.98,-69.84,0.252882,30.00,341.181549,2570.58,0.000005,3385.00
296.500,1384.62,-72.53,0.192008,30.00,583.416382,2306.48,0.000002,2685.00
296.550,1780.91,-74.84,0.064393,30.00,834.282532,2661.86,0.000008,3820.00
296.600,1575.84,-72.51,0.108502,75.00,646.681580,2980.20,0.000012,3230.00
296.650,1782.10,-68.92,0.249166,40.00,1020.891968,3304.27,0.000008,5255.00
296.700,3415.11,-65.75,0.279312,35.00,1017.456787,4287.09,0.000017,9195.00
296.750,3699.86,-63.92,0.273931,35.00,935.636353,3907.79,0.000035,8740.00
296.800,3278.58,-62.68,0.250551,30.00,506.098419,3224.95,0.000070,6415.00
296.850,2710.72,-64.88,0.245041,30.00,400.874756,3022.47,0.000035,5845.00
296.900,1524.33,-70.89,0.242121,30.00,410.228455,2259.38,0.000003,2640.00
296.950,1512.58,-72.33,0.177980,30.00,619.132812,2356.74,0.000003,2725.00
297.000,2700.37,-71.74,0.064131,30.00,786.397705,3609.71,0.000043,7035.00
297.050,5549.92,-63.86,0.105991,55.00,571.685486,5231.87,0.000164,12280.00
297.100,5010.75,-62.53,0.236898,40.00,973.071228,5316.56,0.000054,12050.00
297.150,3336.93,-67.95,0.277857,35.00,1003.745117,4872.92,0.000007,10440.00
297.200,1064.95,-75.52,0.282479,35.00,855.205017,2519.42,0.000000,1520.00
297.250,3004.58,-69.81,0.283777,30.00,259.097778,3933.49,0.000002,8455.00
297.300,4215.41,-66.76,0.281785,30.00,158.920853,4118.47,0.000007,9205.00
297.350,3136.97,-67.84,0.280511,30.00,160.407623,3790.94,0.000006,8025.00
297.400,1959.70,-69.13,0.271279,30.00,341.665497,2885.20,0.000006,4060.00
297.450,1867.45,-69.63,0.251476,30.00,299.974335,2514.85,0.000006,3395.00
297.500,1867.12,-69.96,0.250218,30.00,257.734375,2451.22,0.000005,3485.00
297.550,1863.98,-70.01,0.248191,30.00,284.972687,2457.20,0.000004,3550.00
297.600,1815.52,-70.22,0.239169,30.00,320.055054,2513.35,0.000005,3425.00
297.650,2737.51,-66.98,0.232948,30.00,288.914185,3924.24,0.000015,7245.00
297.700,3431.40,-67.67,0.233167,30.00,252.200211,4617.07,0.000010,9950.00
297.750,2762.16,-71.00,0.235271,30.00,175.639053,4244.11,0.000005,8215.00
297.800,5269.42,-62.99,0.226835,30.00,281.807251,5116.66,0.000059,11920.00
297.850,5249.41,-62.00,0.213257,30.00,290.800110,5093.47,0.000094,11915.00
297.900,3230.31,-66.66,0.213730,30.00,316.408234,4356.86,0.000023,9120.00
297.950,4893.47,-60.00,0.213091,30.00,423.053711,4518.87,0.000116,10900.00
298.000,5044.96,-58.16,0.200155,30.00,391.715851,4300.12,0.000233,10700.00
298.050,4910.99,-60.67,0.191588,30.00,424.969330,4605.05,0.000119,11100.00
298.100,4619.42,-64.14,0.188173,30.00,362.097412,4891.30,0.000046,11380.00
298.150,4592.13,-65.26,0.179566,30.00,291.099518,4933.73,0.000039,11365.00
298.200,4416.45,-67.07,0.174702,30.00,227.471100,4963.67,0.000024,11195.00
298.250,2997.12,-67.70,0.178424,30.00,302.693481,4062.72,0.000023,8030.00
298.300,2494.32,-68.01,0.185446,30.00,280.478943,3399.57,0.000018,6130.00
298.350,2124.86,-70.69,0.176503,30.00,183.652847,3008.11,0.000007,4685.00
298.400,3586.19,-67.43,0.152882,30.00,361.719696,3977.03,0.000020,8850.00
298.450,5602.44,-65.50,0.090151,30.00,497.340912,4082.94,0.000086,10030.00
298.500,6216.06,-65.22,0.038453,75.00,450.254578,4201.67,0.000747,10715.00
298.550,5060.33,-61.43,0.152961,50.00,801.263245,5095.67,0.000183,11765.00
298.600,4034.55,-61.26,0.253189,40.00,893.337280,4828.63,0.000077,10805.00
298.650,2378.56,-66.72,0.262774,35.00,1008.288025,3459.97,0.000015,5540.00
298.700,1939.21,-69.51,0.242201,35.00,435.001648,2680.16,0.000005,3840.00
298.750,2089.97,-69.70,0.156275,30.00,716.980042,2652.79,0.000011,3960.00
298.800,2035.20,-69.90,0.098876,650.00,767.227600,2591.97,0.000025,3625.00
298.850,1186.44,-71.25,0.188063,50.00,956.160217,2192.21,0.000006,2045.00
298.900,608.70,-74.69,0.269230,40.00,957.789551,1595.43,0.000001,770.00
298.950,1008.12,-74.81,0.275588,35.00,1121.779785,2455.44,0.000001,1505.00
299.000,1819.45,-71.64,0.256474,35.00,322.743378,3313.80,0.000002,5120.00
299.050,4128.27,-66.61,0.141188,30.00,825.832764,4322.43,0.000038,9575.00
299.100,5362.27,-64.21,0.056710,110.00,753.970337,4234.61,0.000458,9990.00
299.150,3189.16,-62.23,0.176348,50.00,844.782593,3452.86,0.000119,6650.00
299.200,2791.77,-62.62,0.250798,35.00,873.262024,3107.76,0.000055,6145.00
299.250,2002.26,-67.73,0.256035,35.00,1000.262085,2685.02,0.000008,4780.00
299.300,1365.39,-72.32,0.223672,35.00,442.819611,2175.40,0.000002,2500.00
299.350,1731.77,-73.00,0.116601,30.00,769.555786,2653.73,0.000005,3315.00
299.400,5051.58,-67.65,0.048486,120.00,628.293518,5024.50,0.000267,11620.00
299.450,5304.24,-62.81,0.177528,50.00,881.852966,5292.60,0.000096,12205.00
299.500,4369.80,-64.46,0.262994,35.00,906.289368,5203.37,0.000027,11565.00
299.550,1794.57,-73.04,0.274258,35.00,1053.067993,3658.68,0.000002,4240.00
299.600,1836.37,-73.00,0.279991,30.00,473.050995,3266.96,0.000001,5365.00
299.650,3915.99,-67.71,0.279626,30.00,196.494751,4153.18,0.000005,9120.00
299.700,4383.85,-65.14,0.273338,30.00,216.323883,4499.48,0.000021,9635.00
299.750,4171.04,-62.61,0.258874,30.00,906.233215,4964.44,0.000060,10990.00
299.800,3357.00,-63.41,0.268705,55.00,1227.047241,4528.49,0.000046,9610.00
299.850,2923.97,-65.66,0.284551,50.00,910.197876,4011.68,0.000014,7975.00
299.900,4687.22,-61.97,0.269419,50.00,398.375305,4875.85,0.000038,11455.00
299.950,4129.13,-63.70,0.266860,50.00,363.949036,4713.79,0.000023,10720.00
300.000,1603.45,-70.40,0.270746,50.00,374.260254,2752.30,0.000004,2820.00
300.050,837.62,-73.14,0.265914,55.00,1128.005005,1775.73,0.000001,1455.00
300.100,614.29,-75.15,0.266872,35.00,954.989868,1570.18,0.000000,810.00
300.150,1093.96,-74.08,0.272069,35.00,990.470825,2327.40,0.000001,1980.00
300.200,1532.73,-71.84,0.269747,30.00,434.860474,2827.87,0.000003,2625.00
300.250,1566.29,-71.86,0.258189,30.00,276.660889,2861.30,0.000003,2605.00
300.300,3152.63,-65.37,0.254000,30.00,386.523773,4263.89,0.000020,8445.00
300.350,4160.19,-59.32,0.245040,30.00,923.004272,4364.42,0.000124,9745.00
300.400,3700.30,-60.71,0.261825,55.00,1234.686401,4047.04,0.000073,8265.00
300.450,1773.40,-69.25,0.278878,50.00,748.201233,2864.83,0.000006,3740.00
300.500,1024.97,-72.46,0.270645,50.00,866.588196,2109.90,0.000002,1985.00
300.550,910.36,-73.12,0.237764,65.00,887.473572,2067.96,0.000002,1480.00
300.600,4335.70,-65.97,0.137849,70.00,833.883667,5097.71,0.000065,11235.00
300.650,4980.32,-62.75,0.217448,40.00,708.028564,5288.96,0.000071,11955.00
300.700,3808.55,-65.92,0.275223,35.00,939.971130,5031.17,0.000017,10935.00
300.750,4784.18,-66.15,0.273647,35.00,992.392273,5209.87,0.000015,11675.00
300.800,6575.22,-63.07,0.256369,30.00,378.465210,5225.92,0.000043,12710.00
300.850,5430.41,-66.92,0.252792,30.00,212.217758,5365.18,0.000013,12290.00
300.900,4719.24,-66.54,0.258539,30.00,291.542023,5053.28,0.000013,11250.00
300.950,5575.73,-62.08,0.242444,35.00,965.565979,5025.32,0.000059,11700.00
301.000,5252.38,-62.74,0.236079,35.00,418.363098,4826.39,0.000048,11005.00
301.050,5729.34,-63.23,0.232281,35.00,827.661438,4759.01,0.000040,11280.00
301.100,6543.10,-62.55,0.224455,30.00,305.826782,4884.12,0.000052,12335.00
301.150,5600.66,-64.87,0.231857,30.00,212.811447,4867.36,0.000023,11480.00
301.200,4548.29,-67.12,0.243479,30.00,204.231308,4697.62,0.000011,10085.00
301.250,4121.10,-67.38,0.195795,30.00,506.762024,4599.17,0.000016,9700.00
301.300,4592.60,-66.94,0.082486,30.00,826.056946,4402.01,0.000097,9845.00
301.350,3411.05,-67.06,0.103819,80.00,571.508789,4110.23,0.000071,8430.00
301.400,2031.68,-68.03,0.236634,40.00,993.461670,3461.41,0.000012,5975.00
301.450,1882.11,-70.21,0.268701,35.00,953.362305,3292.61,0.000005,5005.00
301.500,2677.78,-67.72,0.265309,35.00,918.236633,3235.31,0.000014,6090.00
301.550,3485.10,-63.84,0.239206,30.00,433.315948,3207.19,0.000055,6505.00
301.600,3183.25,-65.92,0.226654,30.00,315.425903,3173.05,0.000028,6425.00
301.650,2248.77,-71.16,0.177378,30.00,508.561707,2958.31,0.000004,5640.00
301.700,3080.76,-71.35,0.072189,30.00,771.734070,3153.62,0.000019,6575.00
301.750,3857.36,-70.73,0.048841,1590.00,338.116608,3393.76,0.000086,7915.00
301.800,5190.95,-63.37,0.106003,60.00,564.947327,4915.01,0.000190,11630.00
301.850,4860.92,-61.95,0.232600,40.00,964.851257,5140.67,0.000065,11745.00
301.900,3370.13,-66.48,0.263640,35.00,916.447754,4686.60,0.000013,9940.00
301.950,1477.74,-73.51,0.261613,35.00,846.264709,2726.61,0.000001,3710.00
302.000,1164.02,-74.82,0.266027,30.00,253.186310,2221.70,0.000000,2960.00
302.050,883.53,-76.27,0.266564,30.00,141.596466,1994.30,0.000000,1800.00
302.100,570.22,-77.52,0.268689,30.00,106.537880,1663.30,0.000000,690.00
302.150,436.04,-77.98,0.272576,30.00,119.729202,1471.40,0.000000,375.00
302.200,361.89,-78.49,0.273587,30.00,90.743011,1367.80,0.000000,330.00
302.250,327.19,-78.77,0.272928,30.00,39.225857,1342.86,0.000000,325.00
302.300,311.26,-78.87,0.270907,30.00,35.973301,1331.99,0.000000,285.00
302.350,796.70,-78.65,0.268946,30.00,29.120464,2593.01,0.000000,330.00
302.400,3950.41,-71.34,0.265831,30.00,63.571941,5155.41,0.000003,11165.00
302.450,4569.28,-70.31,0.261199,30.00,40.495380,5325.72,0.000004,11770.00
302.500,2720.16,-74.38,0.255273,30.00,66.127991,4622.53,0.000002,9085.00
302.550,6426.40,-65.91,0.239051,30.00,215.113266,5280.69,0.000026,12615.00
302.600,7222.73,-64.98,0.208193,30.00,253.081284,5130.22,0.000046,12995.00
302.650,4697.64,-69.58,0.208559,30.00,206.102737,5242.38,0.000009,11825.00
302.700,5387.99,-61.12,0.208890,30.00,318.679810,4560.13,0.000085,11505.00
302.750,5634.13,-58.82,0.190372,30.00,336.386139,4282.73,0.000278,11300.00
302.800,6050.63,-61.25,0.182048,30.00,310.915192,4615.45,0.000140,11985.00
302.850,6661.87,-67.19,0.185844,30.00,239.259384,5235.06,0.000023,12770.00
302.900,6354.35,-68.25,0.184554,30.00,71.536270,5304.98,0.000013,12605.00
302.950,5645.56,-70.02,0.180072,30.00,51.298126,5399.88,0.000008,12420.00
303.000,4609.73,-72.67,0.175042,30.00,52.267803,5354.76,0.000004,11890.00
303.050,3452.65,-74.81,0.170000,30.00,43.059093,5036.65,0.000002,10740.00
303.100,1302.73,-78.86,0.164912,30.00,43.081409,3415.96,0.000000,550.00
303.150,194.53,-79.31,0.152056,30.00,212.006638,958.76,0.000000,105.00
303.200,177.53,-79.44,0.091854,30.00,433.436249,847.96,0.000000,105.00
303.250,5874.11,-72.54,0.026108,25.00,471.035187,5210.76,0.000195,12415.00
303.300,5625.07,-63.26,0.146502,55.00,789.773254,5265.14,0.000118,12335.00
303.350,4702.38,-62.87,0.256662,40.00,915.907654,5210.30,0.000044,11715.00
303.400,2551.17,-69.42,0.263591,35.00,1000.852295,4131.28,0.000006,7440.00
303.450,1390.42,-73.90,0.240826,35.00,381.143890,2481.92,0.000001,3385.00
303.500,1616.09,-74.45,0.141938,30.00,712.255127,2529.08,0.000001,3880.00
303.550,2318.76,-75.51,0.039379,25.00,724.898682,2791.31,0.000013,4740.00
303.600,2291.32,-75.40,0.032823,275.00,198.047714,2946.15,0.000020,4990.00
303.650,2715.13,-72.95,0.050382,185.00,171.560928,3187.91,0.000024,6650.00
303.700,2704.73,-71.83,0.058563,185.00,165.925064,3109.89,0.000027,6355.00
303.750,1333.87,-72.09,0.169822,50.00,864.617004,2416.43,0.000003,3375.00
303.800,941.81,-73.34,0.260841,40.00,901.268127,2080.56,0.000001,1625.00
303.850,1513.74,-72.47,0.266249,35.00,1050.023926,2650.21,0.000003,3335.00
303.900,3299.81,-64.33,0.249311,35.00,475.741241,3226.38,0.000044,6425.00
303.950,3874.32,-62.72,0.149188,30.00,821.745667,3199.81,0.000178,6820.00
304.000,3701.20,-67.52,0.059404,180.00,746.839844,3143.57,0.000148,6820.00
304.050,3039.63,-72.16,0.050669,180.00,202.509567,2925.57,0.000036,6245.00
304.100,3028.05,-72.76,0.048956,180.00,106.022415,2889.49,0.000028,6265.00
304.150,4692.11,-67.64,0.056408,120.00,206.972122,4638.73,0.000206,10915.00
304.200,5151.40,-62.42,0.171471,50.00,876.661072,5164.97,0.000116,11920.00
304.250,4251.12,-63.35,0.256671,35.00,876.851013,5053.92,0.000039,11195.00
304.300,2197.98,-70.03,0.260358,35.00,1005.922180,3592.68,0.000005,5890.00
304.350,1740.77,-72.54,0.262335,30.00,491.851196,2772.11,0.000001,4420.00
304.400,1700.95,-72.91,0.258464,30.00,190.253647,2659.84,0.000001,4360.00
304.450,3438.22,-68.10,0.253525,30.00,141.680557,4448.93,0.000008,9215.00
304.500,5853.42,-63.60,0.239662,30.00,204.119553,5177.45,0.000032,12380.00
304.550,5498.95,-65.03,0.236942,30.00,116.995911,5230.00,0.000021,12275.00
304.600,4294.86,-67.97,0.250348,30.00,158.092819,5046.37,0.000007,11210.00
304.650,6751.96,-63.76,0.247452,30.00,166.385818,5209.91,0.000026,12810.00
304.700,6367.40,-65.91,0.239174,30.00,115.436752,5350.38,0.000014,12760.00
304.750,2053.70,-75.62,0.245872,30.00,172.683960,4123.05,0.000001,6810.00
304.800,304.98,-79.00,0.246977,30.00,44.089981,1342.37,0.000000,155.00
304.850,168.07,-79.18,0.244831,30.00,24.973927,818.05,0.000000,100.00
304.900,146.97,-79.24,0.241485,30.00,25.818256,726.26,0.000000,95.00
304.950,137.19,-79.24,0.237075,30.00,30.387392,678.89,0.000000,95.00
305.000,132.74,-79.26,0.232331,30.00,31.904366,668.11,0.000000,95.00
305.050,3604.54,-66.47,0.227880,30.00,277.537994,4529.26,0.000017,9630.00
305.100,4204.66,-59.78,0.236036,30.00,957.275146,4454.93,0.000127,10020.00
305.150,3998.40,-61.07,0.262171,50.00,1160.738525,4201.51,0.000066,9020.00
305.200,2309.70,-70.75,0.288263,50.00,899.313416,3437.65,0.000002,5855.00
305.250,399.46,-78.33,0.300579,50.00,319.173706,1344.99,0.000000,290.00
305.300,312.75,-78.70,0.302683,50.00,116.679848,1137.56,0.000000,245.00
305.350,5064.54,-68.36,0.300345,50.00,124.693901,5283.18,0.000005,11875.00
305.400,6886.72,-64.22,0.277498,50.00,222.150085,5149.38,0.000021,12800.00
305.450,6082.06,-67.24,0.262147,50.00,148.177505,5364.32,0.000009,12600.00
305.500,1470.70,-77.68,0.269107,50.00,152.618790,3592.81,0.000000,1285.00
305.550,211.49,-79.21,0.265838,50.00,34.011696,987.39,0.000000,150.00
305.600,246.82,-79.21,0.257093,50.00,56.000626,1180.44,0.000000,150.00
305.650,4482.56,-67.87,0.246338,50.00,417.497345,5244.13,0.000009,11595.00
305.700,5174.44,-63.20,0.241475,45.00,965.111145,5316.84,0.000041,12120.00
305.750,3973.48,-65.40,0.254683,35.00,1046.376343,5001.76,0.000021,10955.00
305.800,4436.91,-65.67,0.259133,35.00,906.921631,4975.63,0.000022,11185.00
305.850,6196.47,-62.94,0.242752,30.00,357.496216,5175.93,0.000052,12550.00
305.900,4998.74,-66.50,0.242848,30.00,213.455185,5184.02,0.000017,11895.00
305.950,1312.30,-75.39,0.256248,30.00,210.226974,2911.60,0.000001,2830.00
306.000,1356.59,-74.07,0.208765,30.00,513.811951,2725.74,0.000001,3150.00
306.050,2363.76,-72.11,0.087667,30.00,862.560242,3116.35,0.000015,5955.00
306.100,1994.92,-71.37,0.097010,80.00,570.085571,2848.50,0.000014,4805.00
306.150,1187.36,-71.67,0.231835,40.00,998.073181,2302.82,0.000002,2560.00
306.200,1189.28,-73.01,0.269648,35.00,943.798401,2373.45,0.000002,2950.00
306.250,2464.15,-68.58,0.267136,35.00,948.764465,3106.52,0.000010,5605.00
306.300,3444.88,-63.92,0.242421,30.00,435.022888,3222.26,0.000050,6480.00
306.350,3254.90,-65.59,0.232522,30.00,288.637573,3191.34,0.000027,6465.00
306.400,2066.90,-71.10,0.247242,30.00,331.940094,2881.17,0.000001,5080.00
306.450,2193.06,-71.41,0.192364,30.00,520.299744,2964.51,0.000002,5665.00
306.500,3205.65,-71.03,0.077123,30.00,820.918823,3347.90,0.000044,7115.00
306.550,5189.93,-63.46,0.101059,70.00,562.101013,4918.19,0.000286,11615.00
306.600,4888.05,-61.67,0.227309,40.00,956.473267,5148.94,0.000100,11745.00
306.650,3486.98,-66.00,0.261613,35.00,910.365784,4740.31,0.000019,10205.00
306.700,1529.91,-73.38,0.262028,35.00,866.956360,2805.61,0.000002,3855.00
306.750,1184.01,-74.86,0.265597,30.00,264.957123,2242.20,0.000000,2975.00
306.800,907.10,-76.18,0.268599,30.00,146.829819,2010.77,0.000000,1885.00
306.850,577.56,-77.46,0.271007,30.00,102.121307,1669.26,0.000000,730.00
306.900,432.85,-78.02,0.273254,30.00,113.465744,1464.75,0.000000,375.00
306.950,362.03,-78.43,0.274632,30.00,93.865959,1362.57,0.000000,330.00
307.000,327.69,-78.71,0.273871,30.00,38.809048,1326.17,0.000000,325.00
307.050,311.34,-78.87,0.271782,30.00,36.574757,1331.93,0.000000,275.00
307.100,658.91,-78.86,0.269546,30.00,26.393686,2322.59,0.000000,330.00
307.150,3827.20,-71.63,0.265902,30.00,62.492596,5128.84,0.000002,11030.00
307.200,4604.80,-70.31,0.261516,30.00,42.301758,5354.23,0.000003,11885.00
307.250,2692.78,-74.45,0.255879,30.00,65.457260,4629.54,0.000001,9130.00
307.300,6292.13,-66.06,0.239607,30.00,206.088486,5322.22,0.000016,12610.00
307.350,7234.44,-64.79,0.206272,30.00,278.937164,5137.43,0.000032,13020.00
307.400,4905.66,-69.55,0.207188,30.00,208.203094,5313.76,0.000007,12065.00
307.450,5370.18,-61.46,0.208753,30.00,297.508667,4591.17,0.000081,11525.00
307.500,5663.63,-58.88,0.190450,30.00,347.971893,4304.74,0.000210,11375.00
307.550,5945.86,-61.23,0.180722,30.00,292.755066,4576.46,0.000106,11915.00
307.600,6613.15,-67.06,0.185252,30.00,251.205276,5237.90,0.000019,12765.00
307.650,6283.51,-68.31,0.185481,30.00,60.750359,5324.81,0.000012,12595.00
307.700,5538.12,-70.22,0.180558,30.00,54.435032,5384.26,0.000007,12345.00
307.750,4607.87,-72.55,0.175566,30.00,55.516872,5331.38,0.000004,11850.00
307.800,3430.04,-74.84,0.170293,30.00,45.658447,4979.98,0.000002,10705.00
307.850,1402.23,-78.70,0.165257,30.00,41.061581,3514.77,0.000000,1040.00
307.900,201.78,-79.31,0.153491,30.00,198.637955,998.61,0.000000,105.00
307.950,174.86,-79.42,0.095712,30.00,423.230774,834.98,0.000000,100.00
308.000,5607.93,-73.53,0.025693,25.00,479.532288,5241.05,0.000133,12250.00
308.050,5567.11,-63.57,0.139601,55.00,760.868225,5275.89,0.000110,12280.00
308.100,4675.01,-62.84,0.254729,40.00,925.870728,5210.23,0.000043,11700.00
308.150,2668.83,-68.93,0.263874,35.00,997.147705,4239.54,0.000007,7750.00
308.200,1363.75,-74.14,0.241134,35.00,434.216827,2484.20,0.000001,3095.00
308.250,1568.46,-74.67,0.145100,30.00,694.462708,2525.00,0.000001,3715.00
308.300,1846.91,-75.54,0.046076,25.00,727.268066,2657.53,0.000011,4225.00
308.350,742.52,-75.25,0.160652,55.00,843.035583,1784.58,0.000002,880.00
308.400,867.84,-73.55,0.263511,40.00,909.743103,2076.49,0.000001,1170.00
308.450,1415.55,-72.79,0.264155,35.00,1048.124634,2600.06,0.000001,3565.00
308.500,1462.94,-73.20,0.245419,35.00,377.841095,2537.07,0.000001,3640.00
308.550,1695.00,-73.71,0.143236,30.00,729.830017,2635.75,0.000002,4385.00
308.600,2453.09,-72.35,0.050034,25.00,737.533325,2990.56,0.000083,5390.00
308.650,2832.35,-64.64,0.162933,80.00,809.300964,3166.30,0.000104,6190.00
308.700,2976.56,-63.20,0.244762,35.00,843.164062,3217.60,0.000065,6330.00
308.750,2516.03,-67.78,0.253650,35.00,1020.519043,3081.21,0.000009,5905.00
308.800,1647.19,-72.64,0.242322,35.00,293.654480,2622.34,0.000001,4130.00
308.850,1907.96,-73.23,0.140144,30.00,738.498047,2718.54,0.000003,4725.00
308.900,4360.35,-68.26,0.056195,120.00,724.992981,4579.90,0.000190,10615.00
308.950,5129.39,-62.59,0.165050,50.00,827.824341,5178.77,0.000128,11945.00
309.000,4296.01,-63.30,0.257253,35.00,890.084656,5091.66,0.000043,11425.00
309.050,2296.79,-69.52,0.262905,35.00,1005.713196,3729.28,0.000006,5975.00
309.100,1746.42,-72.44,0.263501,30.00,529.656982,2802.10,0.000001,4405.00
309.150,1684.03,-72.99,0.259312,30.00,196.331589,2679.73,0.000001,4175.00
309.200,2947.85,-68.72,0.255081,30.00,171.234329,4189.41,0.000006,8085.00
309.250,4370.09,-63.53,0.247278,30.00,802.765503,5078.80,0.000034,11410.00
309.300,4038.59,-64.78,0.254490,55.00,1142.578125,5045.06,0.000022,11200.00
309.350,3240.26,-69.17,0.274163,50.00,959.848877,4668.30,0.000008,9680.00
309.400,5924.45,-64.91,0.262860,50.00,353.798584,5324.42,0.000031,12545.00
309.450,5844.10,-66.76,0.252376,50.00,184.192505,5386.29,0.000019,12565.00
309.500,1773.02,-74.98,0.262446,50.00,217.782379,3819.14,0.000001,5055.00
309.550,292.31,-77.52,0.268065,55.00,1066.665649,1023.93,0.000000,300.00
309.600,216.35,-77.86,0.270455,35.00,962.364197,755.76,0.000000,260.00
309.650,163.54,-78.60,0.281088,35.00,1046.782593,678.93,0.000000,165.00
309.700,161.76,-78.79,0.287301,30.00,450.883667,695.83,0.000000,160.00
309.750,153.22,-78.92,0.288196,30.00,179.636795,690.96,0.000000,155.00
309.800,3210.19,-67.55,0.285887,30.00,239.636978,4423.99,0.000009,8965.00
309.850,4287.83,-60.12,0.259263,30.00,909.019470,4444.83,0.000107,10130.00
309.900,4104.28,-60.99,0.254436,55.00,1268.875977,4216.48,0.000082,9145.00
309.950,2101.88,-70.12,0.282354,50.00,847.488525,3330.64,0.000004,5535.00
310.000,367.90,-76.81,0.280383,50.00,825.282654,1079.69,0.000000,430.00
310.050,363.72,-76.62,0.244105,65.00,867.723572,1017.64,0.000000,440.00
310.100,4078.83,-67.42,0.143076,70.00,871.741272,5106.74,0.000049,11070.00
310.150,5271.20,-62.93,0.202481,40.00,615.223694,5349.11,0.000090,12205.00
310.200,4185.65,-66.09,0.275620,35.00,932.302856,5233.78,0.000019,11535.00
310.250,4364.99,-68.84,0.278756,35.00,1026.009155,5209.53,0.000006,11505.00
310.300,6573.48,-64.79,0.259911,30.00,420.692596,5230.05,0.000023,12745.00
310.350,5778.72,-67.52,0.248915,30.00,221.439850,5381.41,0.000010,12480.00
310.400,1508.42,-77.57,0.209917,30.00,352.043488,3659.71,0.000000,1620.00
310.450,219.73,-79.44,0.098771,30.00,727.440796,1186.18,0.000000,105.00
310.500,132.60,-79.77,0.014884,30.00,530.983765,817.69,0.000000,65.00
310.550,630.41,-80.00,0.000050,0.00,92.622650,2354.92,0.000028,115.00
310.600,5020.47,-80.00,0.000000,335.00,0.324648,4723.54,0.999999,11140.00
310.650,0.00,-80.00,0.000000,0.00,0.000000,0.00,0.999999,0.00
310.700,0.00,-80.00,0.000000,0.00,0.000000,0.00,0.999999,0.00
310.750,0.00,-80.00,0.000000,0.00,0.000000,0.00,0.999999,0.00
310.800,0.00,-80.00,0.000000,0.00,0.000000,0.00,0.999999,0.00
310.850,0.00,-80.00,0.000000,0.00,0.000000,0.00,0.999999,0.00
310.900,0.00,-80.00,0.000000,0.00,0.000000,0.00,0.999999,0.00
310.950,0.00,-80.00,0.000000,0.00,0.000000,0.00,0.999999,0.00
311.000,0.00,-80.00,0.000000,0.00,0.000000,0.00,0.999999,0.00
311.050,0.00,-80.00,0.000000,0.00,0.000000,0.00,0.999999,0.00
311.100,0.00,-80.00,0.000000,0.00,0.000000,0.00,0.999999,0.00
311.150,0.00,-80.00,0.000000,0.00,0.000000,0.00,0.999999,0.00
311.200,0.00,-80.00,0.000000,0.00,0.000000,0.00,0.999999,0.00
311.250,0.00,-80.00,0.000000,0.00,0.000000,0.00,0.999999,0.00
311.300,0.00,-80.00,0.000000,0.00,0.000000,0.00,0.999999,0.00
311.350,0.00,-80.00,0.000000,0.00,0.000000,0.00,0.999999,0.00
311.400,0.00,-80.00,0.000000,0.00,0.000000,0.00,0.999999,0.00
311.450,0.00,-80.00,0.000000,0.00,0.000000,0.00,0.999999,0.00
311.500,0.00,-80.00,0.000000,0.00,0.000000,0.00,0.999999,0.00
311.550,0.00,-80.00,0.000000,0.00,0.000000,0.00,0.999999,0.00
311.600,0.00,-80.00,0.000000,0.00,0.000000,0.00,0.999999,0.00
311.650,0.00,-80.00,0.000000,0.00,0.000000,0.00,0.999999,0.00
311.700,0.00,-80.00,0.000000,0.00,0.000000,0.00,0.999999,0.00
311.750,0.00,-80.00,0.000000,0.00,0.000000,0.00,0.999999,0.00
311.800,0.00,-80.00,0.000000,0.00,0.000000,0.00,0.999999,0.00
311.850,0.00,-80.00,0.000000,0.00,0.000000,0.00,0.999999,0.00
311.900,0.00,-80.00,0.000000,0.00,0.000000,0.00,0.999999,0.00
311.950,0.00,-80.00,0.000000,0.00,0.000000,0.00,0.999999,0.00
312.000,0.00,-80.00,0.000000,0.00,0.000000,0.00,0.999999,0.00
312.050,0.00,-80.00,0.000000,0.00,0.000000,0.00,0.999999,0.00
312.100,0.00,-80.00,0.000000,0.00,0.000000,0.00,0.999999,0.00
312.150,0.00,-80.00,0.000000,0.00,0.000000,0.00,0.999999,0.00
312.200,0.00,-80.00,0.000000,0.00,0.000000,0.00,0.999999,0.00
312.250,0.00,-80.00,0.000000,0.00,0.000000,0.00,0.999999,0.00
312.300,0.00,-80.00,0.000000,0.00,0.000000,0.00,0.999999,0.00
312.350,0.00,-80.00,0.000000,0.00,0.000000,0.00,0.999999,0.00
312.400,0.00,-80.00,0.000000,0.00,0.000000,0.00,0.999999,0.00
312.450,0.00,-80.00,0.000000,0.00,0.000000,0.00,0.999999,0.00
312.500,0.00,-80.00,0.000000,0.00,0.000000,0.00,0.999999,0.00
312.550,0.00,-80.00,0.000000,0.00,0.000000,0.00,0.999999,0.00
312.600,0.00,-80.00,0.000000,0.00,0.000000,0.00,0.999999,0.00
312.650,0.00,-80.00,0.000000,0.00,0.000000,0.00,0.999999,0.00
312.700,0.00,-80.00,0.000000,0.00,0.000000,0.00,0.999999,0.00
312.750,0.00,-80.00,0.000000,0.00,0.000000,0.00,0.999999,0.00
312.800,0.00,-80.00,0.000000,0.00,0.000000,0.00,0.999999,0.00
312.850,0.00,-80.00,0.000000,0.00,0.000000,0.00,0.999999,0.00
312.900,0.00,-80.00,0.000000,0.00,0.000000,0.00,0.999999,0.00
312.950,0.00,-80.00,0.000000,0.00,0.000000,0.00,0.999999,0.00
313.000,0.00,-80.00,0.000000,0.00,0.000000,0.00,0.999999,0.00
313.050,0.00,-80.00,0.000000,0.00,0.000000,0.00,0.999999,0.00
313.100,0.00,-80.00,0.000000,0.00,0.000000,0.00,0.999999,0.00
313.150,0.00,-80.00,0.000000,0.00,0.000000,0.00,0.999999,0.00
313.200,0.00,-80.00,0.000000,0.00,0.000000,0.00,0.999999,0.00
313.250,0.00,-80.00,0.000000,0.00,0.000000,0.00,0.999999,0.00
313.300,0.00,-80.00,0.000000,0.00,0.000000,0.00,0.999999,0.00
313.350,0.00,-80.00,0.000000,0.00,0.000000,0.00,0.999999,0.00
313.400,0.00,-80.00,0.000000,0.00,0.000000,0.00,0.999999,0.00
313.450,0.00,-80.00,0.000000,0.00,0.000000,0.00,0.999999,0.00
313.500,0.00,-80.00,0.000000,0.00,0.000000,0.00,0.999999,0.00
313.550,0.00,-80.00,0.000000,0.00,0.000000,0.00,0.999999,0.00
313.600,0.00,-80.00,0.000000,0.00,0.000000,0.00,0.999999,0.00
313.650,0.00,-80.00,0.000000,0.00,0.000000,0.00,0.999999,0.00
313.700,0.00,-80.00,0.000000,0.00,0.000000,0.00,0.999999,0.00
313.750,0.00,-80.00,0.000000,0.00,0.000000,0.00,0.999999,0.00
313.800,0.00,-80.00,0.000000,0.00,0.000000,0.00,0.999999,0.00
313.850,0.00,-80.00,0.000000,0.00,0.000000,0.00,0.999999,0.00
313.900,0.00,-80.00,0.000000,0.00,0.000000,0.00,0.999999,0.00
313.950,0.00,-80.00,0.000000,0.00,0.000000,0.00,0.999999,0.00
314.000,0.00,-80.00,0.000000,0.00,0.000000,0.00,0.999999,0.00
314.050,0.00,-80.00,0.000000,0.00,0.000000,0.00,0.999999,0.00
314.100,0.00,-80.00,0.000000,0.00,0.000000,0.00,0.999999,0.00
314.150,0.00,-80.00,0.000000,0.00,0.000000,0.00,0.999999,0.00
314.200,0.00,-80.00,0.000000,0.00,0.000000,0.00,0.999999,0.00
314.250,0.00,-80.00,0.000000,0.00,0.000000,0.00,0.999999,0.00
314.300,0.00,-80.00,0.000000,0.00,0.000000,0.00,0.999999,0.00
314.350,0.00,-80.00,0.000000,0.00,0.000000,0.00,0.999999,0.00
314.400,0.00,-80.00,0.000000,0.00,0.000000,0.00,0.999999,0.00
314.450,0.00,-80.00,0.000000,0.00,0.000000,0.00,0.999999,0.00
314.500,0.00,-80.00,0.000000,0.00,0.000000,0.00,0.999999,0.00
314.550,0.00,-80.00,0.000000,0.00,0.000000,0.00,0.999999,0.00
314.600,0.00,-80.00,0.000000,0.00,0.000000,0.00,0.999999,0.00
314.650,0.00,-80.00,0.000000,0.00,0.000000,0.00,0.999999,0.00
314.700,0.00,-80.00,0.000000,0.00,0.000000,0.00,0.999999,0.00
314.750,0.00,-80.00,0.000000,0.00,0.000000,0.00,0.999999,0.00
314.800,0.00,-80.00,0.000000,0.00,0.000000,0.00,0.999999,0.00
314.850,0.00,-80.00,0.000000,0.00,0.000000,0.00,0.999999,0.00
314.900,0.00,-80.00,0.000000,0.00,0.000000,0.00,0.999999,0.00
314.950,0.00,-80.00,0.000000,0.00,0.000000,0.00,0.999999,0.00
315.000,0.00,-80.00,0.000000,0.00,0.000000,0.00,0.999999,0.00
315.050,0.00,-80.00,0.000000,0.00,0.000000,0.00,0.999999,0.00
315.100,0.00,-80.00,0.000000,0.00,0.000000,0.00,0.999999,0.00
315.150,0.00,-80.00,0.000000,0.00,0.000000,0.00,0.999999,0.00
315.200,0.00,-80.00,0.000000,0.00,0.000000,0.00,0.999999,0.00
315.250,0.00,-80.00,0.000000,0.00,0.000000,0.00,0.999999,0.00
315.300,0.00,-80.00,0.000000,0.00,0.000000,0.00,0.999999,0.00
315.350,0.00,-80.00,0.000000,0.00,0.000000,0.00,0.999999,0.00
315.400,0.00,-80.00,0.000000,0.00,0.000000,0.00,0.999999,0.00
315.450,0.00,-80.00,0.000000,0.00,0.000000,0.00,0.999999,0.00
315.500,0.00,-80.00,0.000000,0.00,0.000000,0.00,0.999999,0.00
315.550,0.00,-80.00,0.000000,0.00,0.000000,0.00,0.999999,0.00
315.600,0.00,-80.00,0.000000,0.00,0.000000,0.00,0.999999,0.00
315.650,0.00,-80.00,0.000000,0.00,0.000000,0.00,0.999999,0.00
315.700,0.00,-80.00,0.000000,0.00,0.000000,0.00,0.999999,0.00
315.750,0.00,-80.00,0.000000,0.00,0.000000,0.00,0.999999,0.00
315.800,0.00,-80.00,0.000000,0.00,0.000000,0.00,0.999999,0.00
315.850,0.00,-80.00,0.000000,0.00,0.000000,0.00,0.999999,0.00
315.900,0.00,-80.00,0.000000,0.00,0.000000,0.00,0.999999,0.00
315.950,0.00,-80.00,0.000000,0.00,0.000000,0.00,0.999999,0.00
316.000,0.00,-80.00,0.000000,0.00,0.000000,0.00,0.999999,0.00
316.050,0.00,-80.00,0.000000,0.00,0.000000,0.00,0.999999,0.00
316.100,0.00,-80.00,0.000000,0.00,0.000000,0.00,0.999999,0.00
316.150,0.00,-80.00,0.000000,0.00,0.000000,0.00,0.999999,0.00
316.200,0.00,-80.00,0.000000,0.00,0.000000,0.00,0.999999,0.00
316.250,0.00,-80.00,0.000000,0.00,0.000000,0.00,0.999999,0.00
316.300,0.00,-80.00,0.000000,0.00,0.000000,0.00,0.999999,0.00
316.350,0.00,-80.00,0.000000,0.00,0.000000,0.00,0.999999,0.00
316.400,0.00,-80.00,0.000000,0.00,0.000000,0.00,0.999999,0.00
316.450,0.00,-80.00,0.000000,0.00,0.000000,0.00,0.999999,0.00
316.500,0.00,-80.00,0.000000,0.00,0.000000,0.00,0.999999,0.00
316.550,0.00,-80.00,0.000000,0.00,0.000000,0.00,0.999999,0.00
316.600,0.00,-80.00,0.000000,0.00,0.000000,0.00,0.999999,0.00
316.650,0.00,-80.00,0.000000,0.00,0.000000,0.00,0.999999,0.00
316.700,0.00,-80.00,0.000000,0.00,0.000000,0.00,0.999999,0.00
316.750,0.00,-80.00,0.000000,0.00,0.000000,0.00,0.999999,0.00
316.800,0.00,-80.00,0.000000,0.00,0.000000,0.00,0.999999,0.00
316.850,0.00,-80.00,0.000000,0.00,0.000000,0.00,0.999999,0.00
316.900,0.00,-80.00,0.000000,0.00,0.000000,0.00,0.999999,0.00
316.950,0.00,-80.00,0.000000,0.00,0.000000,0.00,0.999999,0.00
317.000,0.00,-80.00,0.000000,0.00,0.000000,0.00,0.999999,0.00
317.050,0.00,-80.00,0.000000,0.00,0.000000,0.00,0.999999,0.00
317.100,0.00,-80.00,0.000000,0.00,0.000000,0.00,0.999999,0.00
317.150,0.00,-80.00,0.000000,0.00,0.000000,0.00,0.999999,0.00
317.200,0.00,-80.00,0.000000,0.00,0.000000,0.00,0.999999,0.00
317.250,0.00,-80.00,0.000000,0.00,0.000000,0.00,0.999999,0.00
317.300,0.00,-80.00,0.000000,0.00,0.000000,0.00,0.999999,0.00
317.350,0.00,-80.00,0.000000,0.00,0.000000,0.00,0.999999,0.00
317.400,0.00,-80.00,0.000000,0.00,0.000000,0.00,0.999999,0.00
317.450,0.00,-80.00,0.000000,0.00,0.000000,0.00,0.999999,0.00
317.500,0.00,-80.00,0.000000,0.00,0.000000,0.00,0.999999,0.00
317.550,0.00,-80.00,0.000000,0.00,0.000000,0.00,0.999999,0.00
317.600,0.00,-80.00,0.000000,0.00,0.000000,0.00,0.999999,0.00
317.650,0.00,-80.00,0.000000,0.00,0.000000,0.00,0.999999,0.00
317.700,0.00,-80.00,0.000000,0.00,0.000000,0.00,0.999999,0.00
317.750,0.00,-80.00,0.000000,0.00,0.000000,0.00,0.999999,0.00
317.800,0.00,-80.00,0.000000,0.00,0.000000,0.00,0.999999,0.00
317.850,0.00,-80.00,0.000000,0.00,0.000000,0.00,0.999999,0.00
317.900,0.00,-80.00,0.000000,0.00,0.000000,0.00,0.999999,0.00
317.950,0.00,-80.00,0.000000,0.00,0.000000,0.00,0.999999,0.00
318.000,0.00,-80.00,0.000000,0.00,0.000000,0.00,0.999999,0.00
318.050,0.00,-80.00,0.000000,0.00,0.000000,0.00,0.999999,0.00
318.100,0.00,-80.00,0.000000,0.00,0.000000,0.00,0.999999,0.00
318.150,0.00,-80.00,0.000000,0.00,0.000000,0.00,0.999999,0.00
318.200,0.00,-80.00,0.000000,0.00,0.000000,0.00,0.999999,0.00
318.250,0.00,-80.00,0.000000,0.00,0.000000,0.00,0.999999,0.00
318.300,0.00,-80.00,0.000000,0.00,0.000000,0.00,0.999999,0.00
318.350,0.00,-80.00,0.000000,0.00,0.000000,0.00,0.999999,0.00
318.400,0.00,-80.00,0.000000,0.00,0.000000,0.00,0.999999,0.00
318.450,0.00,-80.00,0.000000,0.00,0.000000,0.00,0.999999,0.00
318.500,0.00,-80.00,0.000000,0.00,0.000000,0.00,0.999999,0.00
318.550,0.00,-80.00,0.000000,0.00,0.000000,0.00,0.999999,0.00
318.600,0.00,-80.00,0.000000,0.00,0.000000,0.00,0.999999,0.00
318.650,0.00,-80.00,0.000000,0.00,0.000000,0.00,0.999999,0.00
318.700,0.00,-80.00,0.000000,0.00,0.000000,0.00,0.999999,0.00
318.750,0.00,-80.00,0.000000,0.00,0.000000,0.00,0.999999,0.00
318.800,0.00,-80.00,0.000000,0.00,0.000000,0.00,0.999999,0.00
318.850,0.00,-80.00,0.000000,0.00,0.000000,0.00,0.999999,0.00
318.900,0.00,-80.00,0.000000,0.00,0.000000,0.00,0.999999,0.00
318.950,0.00,-80.00,0.000000,0.00,0.000000,0.00,0.999999,0.00
319.000,0.00,-80.00,0.000000,0.00,0.000000,0.00,0.999999,0.00
319.050,0.00,-80.00,0.000000,0.00,0.000000,0.00,0.999999,0.00
319.100,0.00,-80.00,0.000000,0.00,0.000000,0.00,0.999999,0.00
319.150,0.00,-80.00,0.000000,0.00,0.000000,0.00,0.999999,0.00
319.200,0.00,-80.00,0.000000,0.00,0.000000,0.00,0.999999,0.00
319.250,0.00,-80.00,0.000000,0.00,0.000000,0.00,0.999999,0.00
319.300,0.00,-80.00,0.000000,0.00,0.000000,0.00,0.999999,0.00
319.350,0.00,-80.00,0.000000,0.00,0.000000,0.00,0.999999,0.00
319.400,0.00,-80.00,0.000000,0.00,0.000000,0.00,0.999999,0.00
319.450,0.00,-80.00,0.000000,0.00,0.000000,0.00,0.999999,0.00
319.500,0.00,-80.00,0.000000,0.00,0.000000,0.00,0.999999,0.00
319.550,0.00,-80.00,0.000000,0.00,0.000000,0.00,0.999999,0.00
319.600,0.00,-80.00,0.000000,0.00,0.000000,0.00,0.999999,0.00
319.650,0.00,-80.00,0.000000,0.00,0.000000,0.00,0.999999,0.00
319.700,0.00,-80.00,0.000000,0.00,0.000000,0.00,0.999999,0.00
319.750,0.00,-80.00,0.000000,0.00,0.000000,0.00,0.999999,0.00
319.800,0.00,-80.00,0.000000,0.00,0.000000,0.00,0.999999,0.00
319.850,0.00,-80.00,0.000000,0.00,0.000000,0.00,0.999999,0.00
319.900,0.00,-80.00,0.000000,0.00,0.000000,0.00,0.999999,0.00
319.950,0.00,-80.00,0.000000,0.00,0.000000,0.00,0.999999,0.00
320.000,0.00,-80.00,0.000000,0.00,0.000000,0.00,0.999999,0.00
320.050,0.00,-80.00,0.000000,0.00,0.000000,0.00,0.999999,0.00
320.100,0.00,-80.00,0.000000,0.00,0.000000,0.00,0.999999,0.00
320.150,0.00,-80.00,0.000000,0.00,0.000000,0.00,0.999999,0.00
320.200,0.00,-80.00,0.000000,0.00,0.000000,0.00,0.999999,0.00
320.250,0.00,-80.00,0.000000,0.00,0.000000,0.00,0.999999,0.00
320.300,0.00,-80.00,0.000000,0.00,0.000000,0.00,0.999999,0.00
320.350,0.00,-80.00,0.000000,0.00,0.000000,0.00,0.999999,0.00
320.400,0.00,-80.00,0.000000,0.00,0.000000,0.00,0.999999,0.00
320.450,0.00,-80.00,0.000000,0.00,0.000000,0.00,0.999999,0.00
320.500,0.00,-80.00,0.000000,0.00,0.000000,0.00,0.999999,0.00
320.550,0.00,-80.00,0.000000,0.00,0.000000,0.00,0.999999,0.00
320.600,0.00,-80.00,0.000000,0.00,0.000000,0.00,0.999999,0.00
320.650,0.00,-80.00,0.000000,0.00,0.000000,0.00,0.999999,0.00
320.700,0.00,-80.00,0.000000,0.00,0.000000,0.00,0.999999,0.00
320.750,0.00,-80.00,0.000000,0.00,0.000000,0.00,0.999999,0.00
320.800,0.00,-80.00,0.000000,0.00,0.000000,0.00,0.999999,0.00
320.850,0.00,-80.00,0.000000,0.00,0.000000,0.00,0.999999,0.00
320.900,0.00,-80.00,0.000000,0.00,0.000000,0.00,0.999999,0.00
320.950,0.00,-80.00,0.000000,0.00,0.000000,0.00,0.999999,0.00
321.000,4919.75,-80.00,0.000000,3765.00,0.000000,3464.55,0.999999,7825.00
321.050,2186.09,-80.00,0.000115,55.00,0.714679,2387.25,0.000377,3980.00
321.100,1956.95,-79.17,0.003066,60.00,18.538527,2308.18,0.000031,3755.00
321.150,2121.65,-77.65,0.008012,80.00,33.811672,2465.63,0.000062,3845.00
321.200,3282.18,-74.45,0.015087,75.00,60.255882,3416.72,0.000183,7705.00
321.250,2907.20,-71.81,0.030630,55.00,116.214821,3117.06,0.000128,6090.00
321.300,2457.59,-71.28,0.042825,55.00,137.674683,2479.80,0.000074,4245.00
321.350,3100.13,-69.41,0.046108,685.00,147.423080,3089.76,0.000137,6560.00
321.400,3454.64,-68.69,0.047138,685.00,145.633682,3398.98,0.000165,7670.00
321.450,2851.28,-70.79,0.041063,825.00,146.144913,2954.63,0.000104,6060.00
321.500,3220.62,-68.88,0.051199,1210.00,228.373184,3307.40,0.000133,7615.00
321.550,3160.01,-66.18,0.095092,1225.00,352.433197,3206.09,0.000099,7460.00
321.600,2837.30,-66.37,0.112341,1225.00,337.212280,2708.07,0.000066,5760.00
321.650,2945.50,-65.99,0.110376,1480.00,343.003021,2622.33,0.000080,5505.00
321.700,2886.38,-66.05,0.117541,1330.00,350.097900,2649.31,0.000079,5380.00
321.750,2674.38,-66.83,0.128062,1330.00,393.442047,2399.82,0.000048,4665.00
321.800,2641.20,-66.93,0.123953,1390.00,410.652527,2320.73,0.000042,4675.00
321.850,2575.87,-66.97,0.125559,1390.00,373.614227,2287.19,0.000045,4510.00
321.900,2538.59,-67.06,0.121621,1390.00,386.205353,2218.35,0.000048,4285.00
321.950,2444.57,-67.93,0.101921,1225.00,367.945496,2250.17,0.000050,4135.00
322.000,2307.11,-68.94,0.087475,55.00,445.305176,2580.52,0.000053,4110.00
322.050,2419.30,-69.32,0.079567,55.00,247.463455,2845.69,0.000053,4490.00
322.100,2679.01,-67.89,0.080655,35.00,372.988983,2710.94,0.000082,5665.00
322.150,2654.57,-66.77,0.110556,1390.00,357.125763,2407.64,0.000060,5060.00
322.200,2496.19,-67.05,0.120433,1355.00,373.636871,2175.68,0.000043,4125.00
322.250,2618.91,-66.90,0.117059,695.00,386.183746,2158.99,0.000047,4255.00
322.300,2699.95,-67.12,0.109343,700.00,371.112610,2176.11,0.000051,4315.00
322.350,2794.24,-66.98,0.105258,910.00,324.636719,2264.47,0.000062,4555.00
322.400,3031.94,-65.11,0.108484,915.00,375.863068,2595.45,0.000108,5355.00
322.450,2946.89,-64.64,0.121752,60.00,399.744385,2629.17,0.000105,5310.00
322.500,2772.47,-66.14,0.114968,55.00,382.830688,2349.09,0.000067,4650.00
322.550,2777.81,-66.92,0.105462,920.00,395.477631,2237.96,0.000052,4610.00
322.600,2690.20,-67.05,0.108047,920.00,336.151855,2229.38,0.000049,4455.00
322.650,2593.52,-67.34,0.109916,1390.00,380.244659,2234.37,0.000044,4305.00
322.700,2451.10,-68.29,0.102785,1390.00,325.161102,2214.64,0.000036,4075.00
322.750,2320.26,-68.69,0.098788,990.00,386.948669,2202.29,0.000033,3950.00
322.800,2335.20,-68.47,0.104576,995.00,358.643738,2242.33,0.000035,4030.00
322.850,2334.89,-68.22,0.113690,1225.00,354.005798,2207.54,0.000032,4045.00
322.900,2349.60,-68.46,0.112712,1230.00,353.905365,2176.40,0.000026,4040.00
322.950,2389.09,-68.93,0.096677,1225.00,347.997101,2272.91,0.000035,4115.00
323.000,2759.61,-67.86,0.090862,1350.00,360.938293,2747.03,0.000061,5760.00
323.050,2749.46,-67.40,0.096983,1350.00,287.888062,2689.80,0.000066,5400.00
323.100,2504.15,-68.16,0.099369,1345.00,328.292816,2479.11,0.000056,4360.00
323.150,3579.11,-64.93,0.099097,1345.00,311.030121,3450.21,0.000142,8045.00
323.200,3936.54,-64.69,0.086334,1260.00,313.321869,3609.30,0.000186,8330.00
323.250,3337.46,-67.43,0.061818,75.00,318.825226,3160.42,0.000159,7345.00
323.300,4152.90,-64.33,0.075063,75.00,282.592133,3352.25,0.000269,8210.00
323.350,4433.25,-63.02,0.084956,2225.00,238.755081,3299.87,0.000306,8285.00
323.400,4338.01,-64.70,0.074087,905.00,322.163788,3444.10,0.000214,8385.00
323.450,3864.83,-66.39,0.071200,905.00,239.399658,3497.08,0.000150,8260.00
323.500,3331.70,-66.31,0.079810,900.00,296.071411,3043.55,0.000135,6935.00
323.550,2951.33,-66.07,0.105272,1280.00,363.567993,2625.78,0.000090,5550.00
323.600,2606.89,-66.92,0.120223,1245.00,373.582001,2281.34,0.000056,4400.00
323.650,2444.16,-68.06,0.119946,1270.00,372.403534,2097.05,0.000033,4000.00
323.700,2408.94,-68.32,0.104964,1270.00,366.114929,2138.78,0.000035,3995.00
323.750,2568.94,-67.69,0.092708,1385.00,361.576721,2303.53,0.000052,4380.00
323.800,2856.98,-67.13,0.086262,245.00,301.402496,2453.68,0.000070,5150.00
323.850,2977.74,-66.34,0.090251,1390.00,291.654419,2616.01,0.000099,5845.00
323.900,3035.36,-64.54,0.112481,1405.00,382.787964,2895.10,0.000114,6485.00
323.950,2768.96,-65.01,0.127330,75.00,403.024048,2706.22,0.000087,5605.00
324.000,2578.38,-66.79,0.127134,1380.00,435.360413,2231.99,0.000045,4530.00
324.050,2557.77,-67.31,0.135144,1380.00,407.806763,2118.03,0.000028,4485.00
324.100,2593.92,-67.40,0.135486,1390.00,456.162292,2150.74,0.000026,4535.00
324.150,2617.27,-67.40,0.130212,1400.00,408.908295,2186.90,0.000030,4485.00
324.200,2666.33,-67.23,0.127299,1320.00,407.239929,2187.05,0.000036,4490.00
324.250,2623.73,-67.36,0.132928,1105.00,418.150940,2155.56,0.000035,4375.00
324.300,2504.00,-67.86,0.121169,1425.00,418.029297,2145.83,0.000035,4145.00
324.350,2287.61,-68.26,0.112990,1445.00,435.722168,2187.73,0.000032,3920.00
324.400,2097.86,-69.84,0.091807,75.00,372.959808,2194.36,0.000025,3735.00
324.450,2418.52,-70.08,0.061857,75.00,332.927032,2372.34,0.000048,4505.00
324.500,3101.77,-66.18,0.098946,770.00,398.572205,2571.83,0.000074,6215.00
324.550,3207.79,-65.33,0.108034,775.00,300.634247,2536.35,0.000081,6210.00
324.600,2984.21,-66.20,0.105976,1045.00,410.477692,2319.29,0.000061,5360.00
324.650,2851.09,-66.44,0.116033,1055.00,330.973938,2229.39,0.000054,4880.00
324.700,2900.16,-66.57,0.115706,1230.00,382.814270,2204.93,0.000054,4855.00
324.750,2991.47,-65.92,0.113385,1015.00,370.719849,2406.75,0.000085,5090.00
324.800,3199.85,-64.12,0.112629,1230.00,384.374542,2797.12,0.000146,6130.00
324.850,3081.65,-64.95,0.110294,1140.00,374.088043,2626.54,0.000118,5655.00
324.900,2874.21,-66.77,0.108075,1145.00,376.628601,2271.88,0.000051,5070.00
324.950,2768.54,-67.46,0.102747,1145.00,344.353821,2200.55,0.000042,4750.00
325.000,2664.30,-67.70,0.100350,1040.00,391.819672,2156.18,0.000045,4365.00
325.050,2851.22,-66.87,0.097017,975.00,331.162689,2544.80,0.000080,4880.00
325.100,3594.70,-65.11,0.081516,770.00,331.822205,3235.14,0.000160,7225.00
325.150,3441.85,-66.47,0.079579,765.00,319.861420,3048.67,0.000107,6800.00
325.200,3293.15,-66.75,0.077453,765.00,264.203064,2942.88,0.000113,6505.00
325.250,4290.34,-64.64,0.076541,780.00,267.642822,3562.56,0.000198,8685.00
325.300,3910.08,-66.39,0.063522,1930.00,220.659454,3456.45,0.000163,8240.00
325.350,2705.60,-70.91,0.045310,1280.00,261.045258,2640.47,0.000066,5110.00
325.400,2337.26,-71.82,0.058140,1155.00,191.016739,2234.56,0.000025,3945.00
325.450,2398.11,-71.21,0.060033,1275.00,167.231461,2141.40,0.000028,4120.00
325.500,2373.39,-71.10,0.057905,75.00,180.237259,2122.00,0.000026,4050.00
325.550,2287.56,-71.33,0.058098,75.00,185.352890,2104.74,0.000023,3930.00
325.600,2459.54,-70.85,0.055727,75.00,188.897690,2264.88,0.000035,4260.00
325.650,3401.74,-67.32,0.059392,75.00,221.645508,3103.23,0.000146,7090.00
325.700,3783.79,-64.19,0.091069,95.00,329.732330,3323.41,0.000172,7670.00
325.750,3498.15,-65.76,0.089654,50.00,321.257690,3186.28,0.000115,7175.00
325.800,2430.31,-70.12,0.089514,50.00,358.290527,2573.04,0.000023,5060.00
325.850,1976.40,-71.49,0.105067,50.00,312.608398,2166.20,0.000009,3555.00
325.900,2106.27,-70.96,0.112877,50.00,271.875122,2214.46,0.000008,3760.00
325.950,2955.28,-66.89,0.112326,50.00,380.692902,2838.54,0.000051,6200.00
326.000,3465.80,-64.37,0.113603,50.00,358.919159,3101.27,0.000113,7390.00
326.050,3007.53,-65.74,0.109574,50.00,336.318268,2753.08,0.000087,5990.00
326.100,2654.02,-67.53,0.102314,50.00,322.121338,2432.32,0.000047,4800.00
326.150,3249.69,-67.28,0.082760,50.00,311.862762,3077.05,0.000078,7355.00
326.200,4010.60,-67.68,0.071485,50.00,252.972504,3568.71,0.000086,8625.00
326.250,3806.00,-66.47,0.079263,50.00,226.611862,3566.11,0.000117,8370.00
326.300,3490.02,-63.57,0.114169,45.00,429.486420,3327.95,0.000160,7670.00
326.350,2884.08,-64.78,0.127421,820.00,402.632660,2782.70,0.000090,5880.00
326.400,2727.86,-66.23,0.119743,990.00,418.127350,2470.72,0.000051,5070.00
326.450,3036.41,-65.24,0.114027,815.00,373.885284,2687.19,0.000074,5935.00
326.500,2760.94,-66.37,0.116663,815.00,376.792084,2377.78,0.000050,4840.00
326.550,2501.38,-67.83,0.104937,1120.00,342.884338,2115.67,0.000030,4200.00
326.600,2313.99,-69.43,0.086365,1260.00,350.507172,2094.64,0.000024,3895.00
326.650,2272.94,-71.15,0.059632,1260.00,265.289246,2187.09,0.000026,3905.00
326.700,2497.96,-70.44,0.048233,75.00,261.794739,2552.46,0.000051,4760.00
326.750,2463.95,-68.58,0.093192,75.00,380.543976,2817.49,0.000032,5410.00
326.800,3256.41,-67.03,0.092140,50.00,244.346512,3393.42,0.000061,8265.00
326.850,3666.09,-66.75,0.065110,35.00,359.158966,3346.44,0.000150,8390.00
326.900,3101.30,-66.02,0.092710,1480.00,344.561798,2730.00,0.000101,6215.00
326.950,2618.76,-66.58,0.115630,795.00,343.800720,2376.73,0.000043,5115.00
327.000,2353.02,-67.95,0.107219,790.00,346.362488,2107.51,0.000033,3950.00
327.050,2319.90,-68.58,0.096055,725.00,344.969757,2131.56,0.000029,3875.00
327.100,2313.84,-69.73,0.072842,730.00,287.480408,2210.04,0.000030,3875.00
327.150,3666.21,-67.54,0.059495,75.00,302.323456,3423.69,0.000135,8130.00
327.200,3894.61,-66.41,0.096024,60.00,403.559601,3758.04,0.000076,8320.00
327.250,2776.89,-69.14,0.089179,60.00,235.901016,3282.60,0.000037,6845.00
327.300,2211.87,-71.86,0.052355,35.00,393.382355,2429.27,0.000032,4055.00
327.350,2804.33,-70.11,0.063333,1510.00,230.494247,2920.70,0.000036,6605.00
327.400,3542.04,-68.51,0.069458,1380.00,223.423767,3302.61,0.000047,8235.00
327.450,3312.06,-68.49,0.062385,1385.00,221.212769,3138.46,0.000058,7740.00
327.500,2677.87,-67.95,0.082349,30.00,334.056427,2551.68,0.000052,5470.00
327.550,2509.48,-67.28,0.114234,825.00,371.718719,2177.39,0.000032,4330.00
327.600,2433.94,-67.49,0.124088,825.00,352.278259,2025.97,0.000028,4075.00
327.650,2461.34,-67.94,0.113480,825.00,362.402649,2032.55,0.000031,4080.00
327.700,2525.49,-67.71,0.115789,790.00,384.906281,2065.44,0.000033,4225.00
327.750,2512.28,-67.66,0.108934,795.00,343.223206,2116.70,0.000042,4085.00
327.800,2546.50,-68.59,0.080281,725.00,341.121582,2289.88,0.000057,4065.00
327.850,2540.05,-70.57,0.050981,30.00,291.179688,2434.20,0.000060,4320.00
327.900,3720.82,-67.09,0.059400,970.00,231.086502,3447.97,0.000149,8240.00
327.950,3427.70,-65.39,0.093065,1275.00,313.596558,3286.49,0.000113,8030.00
328.000,2623.44,-67.31,0.101629,1250.00,314.146240,2609.36,0.000067,4655.00
328.050,3529.86,-64.77,0.088830,1245.00,333.900421,3265.85,0.000181,7575.00
328.100,3952.21,-63.34,0.094309,590.00,318.976379,3366.14,0.000236,8185.00
328.150,3354.77,-64.44,0.105403,845.00,322.170868,3145.22,0.000129,7115.00
328.200,3091.48,-65.82,0.095646,830.00,309.507111,2921.80,0.000092,6320.00
328.250,3042.51,-66.89,0.082915,830.00,308.456024,2846.60,0.000086,6175.00
328.300,2918.39,-68.47,0.063611,815.00,241.935867,2862.61,0.000085,5925.00
328.350,2766.24,-69.46,0.055054,1235.00,219.806580,2767.70,0.000073,5665.00
328.400,2544.29,-68.41,0.078519,795.00,294.771881,2466.61,0.000058,4615.00
328.450,2460.39,-68.09,0.098038,810.00,291.404724,2311.77,0.000038,4345.00
328.500,2680.58,-67.89,0.087106,1350.00,306.179108,2574.49,0.000044,5175.00
328.550,3392.73,-67.34,0.067277,75.00,283.392700,3207.29,0.000081,8160.00
328.600,3911.81,-68.13,0.047394,75.00,235.926315,3548.10,0.000145,8600.00
328.650,3611.76,-66.46,0.074774,75.00,323.260162,3636.85,0.000123,8330.00
328.700,3064.50,-65.22,0.118632,75.00,372.714355,3274.64,0.000082,7400.00
328.750,2530.99,-67.41,0.108581,60.00,433.651489,2428.77,0.000050,4605.00
328.800,2528.09,-68.02,0.110197,805.00,386.240173,2146.87,0.000027,4315.00
328.850,2550.56,-68.00,0.106989,1075.00,360.966003,2172.97,0.000028,4375.00
328.900,2498.46,-68.10,0.100817,1080.00,340.411285,2146.51,0.000030,4320.00
328.950,2136.76,-68.99,0.102796,1080.00,399.498291,2095.32,0.000020,3880.00
329.000,1818.85,-70.79,0.103837,60.00,373.761810,2046.12,0.000010,3535.00
329.050,2032.26,-71.92,0.063135,60.00,348.482147,2316.84,0.000017,3925.00
329.100,2610.09,-70.34,0.049655,75.00,243.368622,2677.30,0.000047,5415.00
329.150,3368.91,-67.99,0.060348,75.00,174.448883,3248.63,0.000071,8135.00
329.200,4049.20,-67.26,0.054264,80.00,202.078568,3572.05,0.000148,8675.00
329.250,3236.45,-66.59,0.083368,115.00,342.669983,3174.11,0.000099,7535.00
329.300,2725.89,-66.38,0.118092,60.00,365.664124,2733.05,0.000050,5740.00
329.350,2318.11,-68.10,0.107962,60.00,379.265289,2288.91,0.000024,4420.00
329.400,2333.57,-69.03,0.083409,35.00,345.294495,2161.90,0.000026,4065.00
329.450,2366.26,-69.66,0.065012,75.00,282.395355,2273.82,0.000033,4180.00
329.500,3322.01,-68.90,0.045213,75.00,236.020630,3133.02,0.000142,7835.00
329.550,4288.98,-65.93,0.087270,75.00,398.487976,3893.51,0.000110,8690.00
329.600,3583.19,-66.88,0.119326,55.00,339.557556,3853.28,0.000044,8345.00
329.650,2301.67,-71.16,0.078116,60.00,358.486237,2893.26,0.000024,4695.00
329.700,2893.23,-71.02,0.048150,75.00,325.096161,3094.57,0.000046,7390.00
329.750,4697.39,-67.91,0.050762,30.00,176.091797,3571.16,0.000120,8945.00
329.800,4884.31,-66.15,0.058712,30.00,158.970856,3638.21,0.000192,9045.00
329.850,4150.58,-64.16,0.093015,65.00,380.753632,3769.87,0.000158,8605.00
329.900,3176.97,-64.41,0.132767,55.00,440.399048,3261.55,0.000076,7685.00
329.950,2545.12,-66.62,0.133112,50.00,464.218872,2475.57,0.000043,4755.00
330.000,2970.99,-65.84,0.118454,50.00,380.487732,2818.55,0.000065,5875.00
330.050,2813.71,-66.51,0.113168,50.00,335.625732,2573.83,0.000052,5155.00
330.100,2512.55,-67.95,0.117773,50.00,315.805206,2198.68,0.000026,4365.00
330.150,2125.87,-69.29,0.117451,55.00,427.595398,2187.57,0.000014,3930.00
330.200,1909.29,-71.23,0.097244,55.00,308.202576,2230.07,0.000009,3775.00
330.250,2458.02,-69.81,0.067438,60.00,402.292114,2488.25,0.000029,4980.00
330.300,2683.28,-67.60,0.094981,1255.00,385.349640,2432.03,0.000033,5195.00
330.350,2552.17,-67.27,0.113293,1395.00,339.926758,2383.36,0.000038,4715.00
330.400,2711.61,-66.89,0.102545,1270.00,326.124969,2836.06,0.000071,5965.00
330.450,3460.06,-64.24,0.100588,60.00,401.174774,3304.86,0.000149,7700.00
330.500,3087.72,-65.00,0.117983,55.00,396.066864,2982.48,0.000080,6470.00
330.550,2485.15,-68.07,0.118499,50.00,402.793365,2354.18,0.000018,4725.00
330.600,2452.37,-68.41,0.102783,50.00,323.020355,2307.46,0.000010,4650.00
330.650,2292.54,-68.97,0.106716,65.00,421.330475,2304.18,0.000014,4415.00
330.700,3124.53,-66.70,0.116435,1280.00,414.351288,3098.32,0.000055,7645.00
330.750,3790.23,-64.68,0.113370,1280.00,376.726593,3519.37,0.000108,8315.00
330.800,3080.61,-66.54,0.103183,55.00,447.366638,3089.57,0.000070,6910.00
330.850,3605.98,-66.40,0.088300,795.00,377.203308,3205.95,0.000094,8205.00
330.900,4324.55,-64.20,0.090650,775.00,351.438385,3536.13,0.000170,8490.00
330.950,3490.83,-66.06,0.096375,725.00,361.732208,3217.53,0.000082,8095.00
331.000,3778.93,-65.91,0.099654,715.00,350.122253,3338.38,0.000086,8270.00
331.050,4820.36,-63.75,0.105491,690.00,425.001556,3706.49,0.000147,8585.00
331.100,4779.02,-64.26,0.094066,50.00,330.771118,3720.75,0.000131,8720.00
331.150,4763.93,-64.38,0.080490,620.00,331.604187,3730.29,0.000190,8920.00
331.200,5014.54,-63.36,0.081589,75.00,284.281250,3801.31,0.000257,9130.00
331.250,4504.59,-64.62,0.080534,1510.00,263.325836,3595.53,0.000181,8745.00
331.300,4250.20,-65.79,0.075865,915.00,223.907501,3408.02,0.000111,8520.00
331.350,3908.58,-65.66,0.075540,6830.00,262.394226,3384.11,0.000088,8330.00
331.400,3873.81,-66.20,0.072075,180.00,251.081192,3407.06,0.000084,8415.00
331.450,3651.56,-66.98,0.071934,115.00,270.812683,3375.84,0.000079,8315.00
331.500,3019.02,-67.89,0.092677,95.00,318.230164,3299.58,0.000041,7685.00
331.550,2969.86,-68.81,0.076442,95.00,275.169220,3243.47,0.000055,7590.00
331.600,3290.29,-67.63,0.068563,35.00,322.388672,2997.39,0.000106,6830.00
331.650,3982.54,-65.71,0.083188,75.00,272.519409,2903.40,0.000114,7420.00
331.700,3837.68,-66.80,0.062879,75.00,243.416229,2925.09,0.000093,7225.00
331.750,2995.75,-69.73,0.048993,180.00,244.868301,2841.20,0.000055,6415.00
331.800,3152.42,-69.92,0.047120,180.00,149.344757,2895.55,0.000056,6990.00
331.850,3527.61,-69.04,0.046846,75.00,153.025360,3143.96,0.000118,7835.00
331.900,4943.58,-63.64,0.069704,80.00,276.000824,3779.65,0.000307,9165.00
331.950,4665.48,-62.03,0.092683,80.00,269.913818,3753.62,0.000290,9070.00
332.000,3215.09,-65.00,0.094911,75.00,383.346252,3020.69,0.000115,6650.00
332.050,2633.54,-67.92,0.103743,2060.00,368.992218,2264.41,0.000033,4780.00
332.100,2562.56,-68.18,0.110976,2065.00,332.514130,2167.63,0.000027,4390.00
332.150,2611.22,-68.04,0.105655,2035.00,347.098694,2202.74,0.000035,4710.00
332.200,2625.87,-68.30,0.097553,2035.00,354.326324,2219.44,0.000037,4765.00
332.250,2623.03,-68.15,0.100891,990.00,366.731384,2200.53,0.000037,4685.00
332.300,2593.65,-68.16,0.116294,860.00,412.579315,2150.35,0.000029,4510.00
332.350,2637.97,-68.23,0.119034,910.00,420.334290,2137.78,0.000028,4540.00
332.400,2666.07,-68.02,0.110743,910.00,397.436462,2111.30,0.000034,4510.00
332.450,2607.21,-68.12,0.109136,1100.00,410.870819,2190.21,0.000041,4460.00
332.500,2911.40,-66.74,0.106589,1095.00,372.133087,2692.99,0.000073,5255.00
332.550,2996.08,-66.55,0.101359,915.00,376.592590,2792.43,0.000081,5635.00
332.600,2870.08,-66.81,0.107267,835.00,374.370361,2592.88,0.000072,5000.00
332.650,4068.60,-63.32,0.105455,840.00,397.554932,3582.58,0.000203,8440.00
332.700,4233.71,-63.35,0.109829,1055.00,346.919006,3658.41,0.000177,8740.00
332.750,3139.41,-66.16,0.106210,1060.00,375.880951,2942.88,0.000090,6345.00
332.800,4104.83,-62.83,0.101697,860.00,365.520660,3499.03,0.000248,8380.00
332.850,4560.82,-62.08,0.097195,860.00,351.365997,3499.06,0.000317,8820.00
332.900,4417.97,-63.84,0.088207,865.00,362.738434,3533.74,0.000210,8675.00
332.950,3883.99,-64.75,0.096438,1305.00,292.919647,3520.48,0.000153,8310.00
333.000,3384.46,-65.17,0.107897,1300.00,444.777130,3246.54,0.000116,7495.00
333.050,2995.08,-66.50,0.138688,1260.00,564.965881,2879.89,0.000043,6330.00
333.100,2779.55,-67.76,0.151773,1265.00,508.850830,2589.54,0.000022,5090.00
333.150,2619.98,-67.84,0.125178,1265.00,439.593658,2332.80,0.000034,4415.00
333.200,2560.40,-67.49,0.113537,1230.00,529.380676,2259.06,0.000047,4220.00
333.250,2507.02,-67.62,0.115791,985.00,414.217926,2208.82,0.000040,4135.00
333.300,2468.73,-67.94,0.124150,985.00,374.024048,2141.27,0.000030,4020.00
333.350,2652.33,-67.21,0.121474,1005.00,462.946503,2409.67,0.000045,4340.00
333.400,3139.67,-64.90,0.116375,1010.00,416.135651,3104.66,0.000093,6860.00
333.450,2867.39,-65.56,0.117703,60.00,428.591705,3042.47,0.000081,6575.00
333.500,2382.88,-67.98,0.117558,970.00,427.713226,2384.09,0.000037,4080.00
333.550,2336.70,-68.08,0.125466,920.00,387.927673,2210.59,0.000024,3940.00
333.600,2287.40,-68.54,0.121974,920.00,397.372833,2145.30,0.000022,3775.00
333.650,2461.51,-68.20,0.118197,920.00,383.079865,2167.21,0.000028,4050.00
333.700,2668.86,-67.09,0.118423,1095.00,391.074036,2250.39,0.000045,4375.00
333.750,2703.03,-66.97,0.116382,985.00,378.055634,2304.56,0.000051,4785.00
333.800,2821.87,-66.98,0.106627,1685.00,398.673706,2370.16,0.000056,5480.00
333.850,2588.54,-67.07,0.117083,1105.00,415.530029,2340.49,0.000043,4665.00
333.900,2540.52,-67.12,0.119964,60.00,413.967499,2346.09,0.000036,4925.00
333.950,2955.90,-66.54,0.109019,1030.00,422.696381,2433.56,0.000053,6055.00
334.000,3306.63,-65.73,0.110538,990.00,424.046997,2545.98,0.000073,6400.00
334.050,3108.87,-65.56,0.115740,990.00,407.425079,2530.45,0.000070,6230.00
334.100,2726.51,-67.10,0.119272,950.00,393.581207,2335.51,0.000044,5325.00
334.150,2677.86,-67.90,0.110454,950.00,387.411652,2335.03,0.000036,5295.00
334.200,2667.32,-67.67,0.115331,965.00,351.279694,2334.35,0.000037,5180.00
334.250,2853.87,-66.22,0.114894,1055.00,394.713470,2562.17,0.000076,5740.00
334.300,3155.24,-64.32,0.120047,1060.00,398.273682,2962.69,0.000126,6590.00
334.350,2954.45,-65.28,0.118557,1140.00,434.220947,2788.28,0.000099,6205.00
334.400,2741.90,-67.19,0.114597,1140.00,424.959045,2375.87,0.000052,5380.00
334.450,2658.38,-67.04,0.124790,1335.00,422.524506,2292.09,0.000049,4565.00
334.500,2556.43,-67.23,0.132735,1325.00,433.577209,2216.26,0.000042,4195.00
334.550,2663.12,-66.98,0.120655,1020.00,464.368988,2447.81,0.000057,4565.00
334.600,2963.92,-65.39,0.120146,1015.00,472.442474,2884.86,0.000091,5995.00
334.650,2716.86,-66.11,0.126432,1280.00,459.887115,2630.59,0.000066,5015.00
334.700,2748.18,-65.87,0.124585,1325.00,441.372040,2705.76,0.000076,5150.00
334.750,3183.26,-64.67,0.123732,1295.00,457.140930,3180.41,0.000107,6810.00
334.800,2796.49,-66.02,0.120204,1290.00,352.366150,2761.18,0.000075,5155.00
334.850,2410.70,-67.86,0.116976,1005.00,446.699249,2181.58,0.000042,4080.00
334.900,2503.51,-67.45,0.119119,1080.00,380.288574,2205.32,0.000043,4295.00
334.950,2606.56,-67.21,0.120610,1015.00,423.770782,2285.75,0.000045,4680.00
335.000,2588.70,-67.27,0.126488,1010.00,448.752472,2265.28,0.000043,4310.00
335.050,2562.53,-67.50,0.129738,2130.00,417.236176,2199.52,0.000036,4155.00
335.100,2571.46,-67.93,0.119800,1140.00,458.965393,2185.12,0.000036,4135.00
335.150,2728.06,-66.78,0.105703,720.00,439.295807,2556.73,0.000074,4900.00
335.200,2931.53,-64.96,0.111827,1495.00,393.533081,2877.76,0.000110,5900.00
335.250,2632.29,-66.36,0.123510,55.00,388.204285,2591.04,0.000061,5020.00
335.300,2424.49,-68.19,0.120234,50.00,412.588654,2280.51,0.000031,4450.00
335.350,2491.50,-67.95,0.120992,50.00,377.712128,2271.78,0.000031,4645.00
335.400,2482.56,-67.92,0.125272,50.00,321.721863,2220.90,0.000030,4565.00
335.450,2980.33,-66.03,0.116457,50.00,318.953522,2886.93,0.000076,5915.00
335.500,3436.73,-64.60,0.109518,50.00,361.390320,3259.41,0.000123,7040.00
335.550,2926.81,-65.92,0.116266,50.00,321.629700,2719.46,0.000075,5590.00
335.600,2721.94,-66.87,0.122662,50.00,296.579346,2322.71,0.000044,4950.00
335.650,2686.81,-66.96,0.122606,50.00,326.939789,2268.84,0.000041,4860.00
335.700,2603.32,-67.65,0.116705,50.00,354.679626,2226.65,0.000037,4525.00
335.750,2737.09,-67.12,0.109027,50.00,339.491364,2557.15,0.000057,5015.00
335.800,2833.93,-65.96,0.112441,45.00,402.569336,2731.15,0.000077,5615.00
335.850,2509.02,-66.84,0.115807,1300.00,365.140656,2373.22,0.000059,4355.00
335.900,2583.36,-66.36,0.115348,1300.00,402.525818,2432.02,0.000068,4455.00
335.950,2764.12,-65.97,0.112444,685.00,372.650848,2655.67,0.000071,5260.00
336.000,2559.32,-67.27,0.112673,1270.00,381.868195,2395.21,0.000050,4500.00
336.050,2443.33,-67.75,0.117239,1270.00,367.797089,2240.81,0.000034,4385.00
336.100,2462.99,-67.91,0.116731,1290.00,383.029694,2269.47,0.000032,4410.00
336.150,2449.86,-68.25,0.120489,1280.00,402.562897,2246.17,0.000028,4375.00
336.200,2317.07,-68.63,0.124834,1270.00,404.632080,2195.61,0.000024,4290.00
336.250,2199.19,-68.96,0.117500,1250.00,468.144501,2174.99,0.000024,4190.00
336.300,2205.20,-68.90,0.125927,1250.00,402.794037,2172.64,0.000021,4080.00
336.350,2327.32,-68.30,0.129678,1245.00,472.517120,2208.53,0.000021,4160.00
336.400,2574.26,-67.56,0.124790,690.00,462.726746,2353.97,0.000023,4910.00
336.450,2463.81,-68.13,0.125730,690.00,368.802246,2305.17,0.000019,4585.00
336.500,2282.34,-68.67,0.133523,700.00,452.380920,2205.25,0.000017,4130.00
336.550,2366.59,-68.54,0.142562,705.00,489.021179,2256.10,0.000017,4175.00
336.600,2502.51,-68.32,0.128850,705.00,420.369049,2396.25,0.000025,4500.00
336.650,2784.15,-66.40,0.124201,705.00,421.835785,2797.89,0.000053,6080.00
336.700,2764.32,-65.90,0.125095,710.00,421.424805,2849.26,0.000057,6145.00
336.750,2440.70,-67.16,0.126092,710.00,439.945068,2427.22,0.000043,4425.00
336.800,2382.07,-67.76,0.124483,1260.00,460.190002,2315.65,0.000032,4290.00
336.850,2448.19,-68.14,0.118860,1255.00,374.770111,2436.21,0.000030,4660.00
336.900,2446.28,-68.53,0.121996,1255.00,364.560730,2354.12,0.000026,4445.00
336.950,2358.94,-68.83,0.122701,1255.00,346.424255,2257.85,0.000024,4025.00
337.000,2341.87,-68.86,0.114138,705.00,437.194122,2263.03,0.000028,4010.00
337.050,2376.59,-68.93,0.108194,720.00,340.790588,2284.24,0.000029,4065.00
337.100,2320.48,-68.71,0.116604,720.00,315.249908,2230.81,0.000028,3900.00
337.150,2273.79,-68.91,0.118502,730.00,389.980774,2169.48,0.000026,3760.00
337.200,2300.61,-68.81,0.122654,720.00,402.777924,2148.92,0.000023,3790.00
337.250,2354.58,-68.59,0.118672,720.00,373.123962,2195.60,0.000026,3925.00
337.300,2332.58,-68.50,0.122813,730.00,429.692322,2239.54,0.000027,4005.00
337.350,2290.36,-68.67,0.126756,660.00,405.308167,2204.35,0.000023,3895.00
337.400,2285.21,-68.75,0.124978,665.00,434.680695,2136.07,0.000022,3765.00
337.450,2249.73,-68.69,0.128635,665.00,324.469696,2098.41,0.000022,3720.00
337.500,2185.42,-69.24,0.118722,665.00,425.691925,2077.97,0.000021,3655.00
337.550,2252.02,-69.35,0.112588,655.00,411.222076,2120.23,0.000022,3800.00
337.600,2252.56,-69.28,0.113654,650.00,404.112732,2110.11,0.000023,3740.00
337.650,2361.83,-68.77,0.118875,645.00,406.019531,2251.28,0.000031,3900.00
337.700,2446.66,-68.22,0.128169,650.00,373.294983,2351.66,0.000036,4060.00
337.750,2440.61,-68.36,0.122774,650.00,399.332397,2310.60,0.000032,4235.00
337.800,2456.55,-68.19,0.120584,655.00,402.661713,2282.16,0.000024,4505.00
337.850,2435.48,-68.38,0.114895,765.00,403.874664,2288.94,0.000020,4580.00
337.900,2557.23,-67.90,0.107989,695.00,424.926270,2353.75,0.000031,4795.00
337.950,2632.74,-67.35,0.114439,695.00,345.332825,2365.90,0.000035,4800.00
338.000,2552.08,-67.64,0.113981,825.00,368.309387,2350.94,0.000037,4540.00
338.050,2481.80,-67.71,0.115076,750.00,374.392914,2319.17,0.000040,4240.00
338.100,2538.62,-67.23,0.118606,795.00,389.540985,2375.88,0.000044,4565.00
338.150,2669.27,-66.89,0.114083,800.00,395.996857,2407.02,0.000049,4820.00
338.200,2576.24,-67.63,0.110453,800.00,329.061035,2302.39,0.000041,4440.00
338.250,2548.24,-68.05,0.107853,795.00,355.622925,2275.67,0.000040,4380.00
338.300,2570.73,-67.72,0.117322,795.00,364.229889,2344.67,0.000038,4405.00
338.350,2465.74,-67.64,0.121149,795.00,377.014832,2315.31,0.000038,4235.00
338.400,2379.91,-67.86,0.121244,685.00,378.846283,2316.20,0.000034,4070.00
338.450,2365.36,-68.11,0.119388,770.00,389.801788,2299.83,0.000032,4010.00
338.500,2454.22,-68.19,0.112187,890.00,389.324127,2302.78,0.000030,4410.00
338.550,2439.97,-68.07,0.123679,605.00,391.077209,2291.54,0.000024,4390.00
338.600,2445.26,-68.10,0.131480,665.00,431.923431,2308.71,0.000024,4405.00
338.650,2470.75,-67.89,0.124177,1365.00,403.624390,2314.21,0.000032,4390.00
338.700,2521.86,-68.02,0.112260,655.00,377.474213,2319.18,0.000037,4510.00
338.750,2608.53,-68.15,0.104173,675.00,330.810211,2361.89,0.000041,4670.00
338.800,2566.53,-68.05,0.111787,1395.00,369.298645,2360.94,0.000038,4645.00
338.850,2497.54,-68.11,0.116535,1395.00,357.856873,2274.95,0.000031,4560.00
338.900,2443.89,-67.94,0.119588,890.00,430.709930,2261.11,0.000030,4560.00
338.950,2424.13,-68.15,0.126728,890.00,417.778961,2265.05,0.000025,4490.00
339.000,2446.54,-68.36,0.121123,885.00,367.581421,2284.77,0.000025,4520.00
339.050,2523.32,-68.28,0.115318,880.00,416.279633,2388.45,0.000029,4680.00
339.100,2562.18,-67.67,0.122662,880.00,341.320923,2428.85,0.000033,4700.00
339.150,2480.79,-67.63,0.129925,875.00,431.967407,2364.50,0.000032,4360.00
339.200,2426.52,-68.21,0.121356,875.00,384.557007,2304.92,0.000029,4300.00
339.250,2418.20,-68.41,0.116148,875.00,356.967377,2287.63,0.000028,4170.00
339.300,2429.62,-68.15,0.120135,870.00,379.762207,2306.42,0.000028,4175.00
339.350,2481.63,-67.99,0.123212,870.00,362.755341,2327.22,0.000027,4365.00
339.400,2448.65,-67.72,0.126644,870.00,370.598999,2261.64,0.000032,4065.00
339.450,2406.52,-67.71,0.129608,870.00,419.993103,2205.17,0.000033,3995.00
339.500,2456.49,-67.60,0.125447,865.00,384.281525,2247.77,0.000034,4175.00
339.550,2503.62,-67.92,0.115721,695.00,368.277985,2277.96,0.000033,4305.00
339.600,2498.16,-67.99,0.116658,695.00,354.217255,2290.42,0.000033,4310.00
339.650,2391.72,-68.25,0.126704,695.00,360.344330,2259.19,0.000026,4165.00
339.700,2325.39,-68.64,0.124890,700.00,381.773987,2236.72,0.000022,4015.00
339.750,2395.41,-68.27,0.126979,850.00,416.833740,2216.97,0.000024,4090.00
339.800,2422.96,-68.43,0.120549,850.00,337.796143,2237.76,0.000025,4235.00
339.850,2461.35,-68.68,0.109349,855.00,358.357483,2267.40,0.000026,4415.00
339.900,2560.88,-67.97,0.113472,675.00,318.705658,2347.16,0.000030,4700.00
339.950,2497.35,-68.12,0.115602,675.00,348.895416,2337.20,0.000028,4655.00
340.000,2392.21,-68.32,0.121612,845.00,373.819000,2249.92,0.000024,4435.00
340.050,2376.97,-68.22,0.120593,840.00,336.152802,2235.70,0.000025,4390.00
340.100,2401.77,-68.48,0.112326,845.00,374.273956,2235.98,0.000027,4445.00
340.150,2460.22,-68.68,0.105277,845.00,278.616882,2227.78,0.000029,4510.00
340.200,2530.02,-68.75,0.103739,750.00,381.714111,2311.44,0.000029,4730.00
340.250,2440.70,-68.69,0.120125,815.00,382.218567,2301.35,0.000022,4530.00
340.300,2397.06,-68.37,0.126784,810.00,353.544830,2260.32,0.000020,4395.00
340.350,2369.75,-68.32,0.125099,810.00,382.720978,2213.50,0.000022,4185.00
340.400,2440.06,-68.18,0.119037,810.00,361.850433,2238.22,0.000027,4435.00
340.450,2440.18,-68.34,0.118152,805.00,379.202271,2209.41,0.000026,4320.00
340.500,2437.29,-68.48,0.115785,800.00,375.507050,2228.92,0.000025,4320.00
340.550,2437.37,-68.45,0.120993,800.00,371.997528,2252.54,0.000026,4340.00
340.600,2380.84,-68.50,0.119141,745.00,305.373627,2233.54,0.000027,4270.00
340.650,2384.69,-68.75,0.106252,670.00,387.359436,2194.01,0.000030,4135.00
340.700,2428.58,-68.23,0.111907,765.00,362.696533,2246.43,0.000035,4195.00
340.750,2517.30,-67.48,0.124729,1285.00,364.865417,2366.14,0.000042,4505.00
340.800,2607.03,-67.24,0.121729,1535.00,377.789703,2399.96,0.000050,4625.00
340.850,2599.91,-67.39,0.118819,675.00,375.016724,2371.80,0.000051,4475.00
340.900,2568.04,-67.55,0.112061,840.00,345.914490,2368.27,0.000052,4440.00
340.950,2498.13,-67.83,0.112485,840.00,370.530457,2321.48,0.000045,4260.00
341.000,2394.50,-67.87,0.125934,725.00,366.931793,2230.48,0.000034,3980.00
341.050,2349.28,-67.87,0.128927,725.00,331.842010,2175.01,0.000031,3855.00
341.100,2302.11,-68.55,0.121983,725.00,396.468506,2135.52,0.000026,3775.00
341.150,2260.85,-68.82,0.122835,720.00,430.778198,2142.62,0.000023,3705.00
341.200,2268.02,-68.71,0.125243,740.00,385.212189,2144.60,0.000025,3670.00
341.250,2303.45,-68.50,0.124710,740.00,315.242493,2172.44,0.000029,3715.00
341.300,2369.24,-68.33,0.119479,740.00,377.042755,2186.95,0.000030,3905.00
341.350,2406.44,-68.24,0.118533,665.00,372.295990,2216.98,0.000025,4060.00
341.400,2361.43,-68.20,0.118076,800.00,353.514069,2214.60,0.000029,4005.00
341.450,2484.69,-67.90,0.114615,970.00,387.674652,2349.42,0.000039,4660.00
341.500,2461.97,-67.78,0.119984,970.00,352.640350,2335.07,0.000039,4585.00
341.550,2380.90,-68.15,0.121891,770.00,371.495483,2256.06,0.000027,4180.00
341.600,2304.52,-68.74,0.114016,770.00,349.083588,2229.60,0.000024,3960.00
341.650,2311.35,-68.80,0.113028,735.00,421.234192,2209.13,0.000025,3980.00
341.700,2317.63,-68.48,0.119663,735.00,348.894989,2165.52,0.000027,3950.00
341.750,2261.44,-68.55,0.126421,690.00,398.974579,2102.50,0.000025,3760.00
341.800,2321.78,-68.48,0.122844,1470.00,374.440796,2192.08,0.000027,3950.00
341.850,2329.63,-68.55,0.122910,1405.00,397.652191,2192.93,0.000025,4050.00
341.900,2295.73,-68.99,0.122569,695.00,365.616730,2191.40,0.000020,3980.00
341.950,2335.84,-68.88,0.119810,700.00,388.966461,2226.58,0.000020,4035.00
342.000,2345.51,-68.84,0.123215,700.00,390.272614,2238.42,0.000020,4105.00
342.050,2326.30,-68.95,0.131204,700.00,364.209686,2209.32,0.000016,3970.00
342.100,2280.40,-68.85,0.135506,795.00,357.628448,2189.48,0.000017,3740.00
342.150,2263.89,-68.79,0.131377,795.00,443.274414,2189.17,0.000019,3670.00
342.200,2292.07,-69.06,0.123804,800.00,446.743225,2191.84,0.000017,3790.00
342.250,2300.90,-68.96,0.123760,800.00,381.087677,2206.07,0.000018,3865.00
342.300,2245.47,-69.02,0.122668,795.00,406.223907,2180.91,0.000015,3820.00
342.350,2436.23,-68.35,0.123594,760.00,406.150146,2334.44,0.000015,4395.00
342.400,2698.36,-67.82,0.120481,810.00,373.633514,2564.26,0.000022,5435.00
342.450,2505.43,-68.49,0.112034,810.00,382.062897,2385.37,0.000028,4655.00
342.500,2353.73,-68.83,0.119687,1500.00,359.921906,2292.07,0.000028,3930.00
342.550,2284.66,-69.36,0.125518,730.00,407.776398,2235.69,0.000019,3810.00
342.600,2221.60,-70.00,0.117666,725.00,397.897461,2139.36,0.000016,3710.00
342.650,2384.35,-69.50,0.115845,725.00,411.669434,2399.14,0.000023,4220.00
342.700,2495.45,-68.85,0.119484,720.00,300.362671,2566.79,0.000028,4615.00
342.750,2336.09,-69.33,0.110545,725.00,353.617615,2257.63,0.000026,3945.00
342.800,2343.36,-69.07,0.112132,725.00,381.335266,2190.26,0.000022,3935.00
342.850,2320.27,-68.84,0.118035,1265.00,389.650421,2172.73,0.000024,3815.00
342.900,2335.18,-68.73,0.122826,820.00,405.098206,2163.64,0.000024,3855.00
342.950,2401.72,-68.70,0.117872,1290.00,436.045166,2213.97,0.000027,4080.00
343.000,2402.93,-68.69,0.117372,820.00,341.166870,2246.37,0.000028,4130.00
343.050,2395.34,-68.85,0.105844,1130.00,358.066925,2195.72,0.000032,4000.00
343.100,2362.70,-68.77,0.112828,1130.00,349.318512,2157.16,0.000026,3865.00
343.150,2389.26,-68.44,0.118914,820.00,356.781525,2184.89,0.000023,3940.00
343.200,2397.14,-68.56,0.118122,1370.00,423.126221,2231.61,0.000023,4135.00
343.250,2429.65,-68.64,0.115232,755.00,345.854706,2262.71,0.000024,4255.00
343.300,2366.32,-69.00,0.109305,815.00,390.474457,2230.81,0.000022,4075.00
343.350,2456.41,-68.50,0.109067,820.00,354.301300,2273.84,0.000028,4410.00
343.400,2434.51,-68.28,0.117085,820.00,331.287079,2282.01,0.000027,4435.00
343.450,2363.96,-68.51,0.125568,735.00,362.776001,2210.63,0.000020,4045.00
343.500,2308.98,-68.77,0.120262,735.00,357.961914,2138.16,0.000020,3875.00
343.550,2417.73,-68.60,0.111766,820.00,381.159088,2251.38,0.000026,4070.00
343.600,2343.38,-68.78,0.116956,815.00,326.860443,2243.33,0.000023,3935.00
343.650,2193.23,-69.37,0.120477,815.00,327.228790,2159.79,0.000017,3740.00
343.700,2243.49,-69.09,0.118221,820.00,413.606995,2166.19,0.000023,3780.00
343.750,2232.20,-69.13,0.126316,800.00,372.102692,2132.15,0.000020,3725.00
343.800,2230.87,-69.29,0.121177,730.00,425.069000,2109.65,0.000020,3780.00
343.850,2294.44,-69.16,0.120048,725.00,370.052826,2185.98,0.000020,3925.00
343.900,2385.55,-68.98,0.117327,730.00,405.562256,2253.73,0.000023,4065.00
343.950,2349.35,-69.23,0.117647,730.00,256.558960,2245.88,0.000020,4110.00
344.000,2317.56,-69.23,0.111256,730.00,316.997620,2208.11,0.000020,4175.00
344.050,2354.25,-69.06,0.112344,730.00,293.466949,2183.82,0.000022,4185.00
344.100,2305.40,-69.26,0.116130,730.00,383.644806,2152.81,0.000018,4005.00
344.150,2303.47,-69.18,0.121106,725.00,374.700104,2176.08,0.000017,3905.00
344.200,2322.51,-68.54,0.129270,725.00,400.646301,2218.30,0.000023,3905.00
344.250,2315.43,-68.69,0.124161,805.00,366.023285,2221.32,0.000023,3975.00
344.300,2278.38,-69.07,0.117219,800.00,409.199371,2182.74,0.000023,3915.00
344.350,2299.40,-68.92,0.117131,805.00,403.884827,2194.91,0.000025,3890.00
344.400,2340.10,-68.89,0.116359,805.00,350.059387,2241.33,0.000028,3945.00
344.450,2353.57,-68.90,0.117988,805.00,357.287872,2254.01,0.000027,3870.00
344.500,2363.20,-69.20,0.116835,1225.00,402.726227,2229.81,0.000024,3990.00
344.550,2402.53,-69.13,0.112755,745.00,336.488495,2182.72,0.000024,4085.00
344.600,2394.78,-68.61,0.120843,670.00,372.840454,2202.81,0.000026,4070.00
344.650,2341.40,-68.70,0.124279,670.00,371.456909,2201.84,0.000022,4080.00
344.700,2405.04,-69.21,0.113880,665.00,328.644531,2233.68,0.000018,4385.00
344.750,2404.69,-69.24,0.112293,665.00,397.100189,2277.09,0.000018,4480.00
344.800,2335.32,-69.21,0.121584,665.00,369.730042,2232.02,0.000017,4240.00
344.850,2237.70,-69.36,0.126870,810.00,446.962433,2146.84,0.000016,3970.00
344.900,2195.36,-69.39,0.123381,805.00,400.594177,2105.71,0.000016,3765.00
344.950,2259.04,-69.03,0.118307,780.00,434.272552,2134.57,0.000020,3805.00
345.000,2190.76,-69.28,0.117974,780.00,402.225037,2069.49,0.000018,3750.00
345.050,2203.66,-69.64,0.104924,740.00,386.773529,2098.87,0.000021,3730.00
345.100,2261.97,-69.65,0.096384,1275.00,310.208923,2139.87,0.000024,3785.00
345.150,2261.43,-69.82,0.102850,1380.00,386.545929,2099.52,0.000018,3775.00
345.200,2206.53,-70.03,0.120656,1375.00,372.401337,2051.24,0.000010,3655.00
345.250,2161.86,-69.88,0.122010,1375.00,359.935730,2022.54,0.000010,3635.00
345.300,2198.86,-69.81,0.108176,725.00,385.993927,2089.19,0.000017,3650.00
345.350,2224.13,-70.07,0.106355,710.00,350.335052,2133.89,0.000018,3685.00
345.400,2222.58,-69.91,0.118492,710.00,347.722778,2166.60,0.000015,3710.00
345.450,2176.01,-70.06,0.121664,705.00,393.515289,2121.18,0.000014,3720.00
345.500,2179.44,-70.06,0.116767,705.00,376.576263,2059.50,0.000014,3735.00
345.550,2138.50,-69.67,0.124923,705.00,409.490204,1996.81,0.000013,3655.00
345.600,2078.16,-70.10,0.132800,1370.00,413.750366,1944.85,0.000009,3530.00
345.650,2082.55,-70.51,0.121031,1395.00,424.785431,1985.38,0.000009,3520.00
345.700,2169.05,-70.06,0.112484,1395.00,343.193878,2085.76,0.000011,3730.00
345.750,2150.97,-70.28,0.105794,1395.00,348.756073,2061.58,0.000012,3710.00
345.800,2130.73,-70.29,0.105917,710.00,320.910400,2039.17,0.000013,3615.00
345.850,2088.09,-70.35,0.114613,695.00,388.416870,2009.58,0.000012,3495.00
345.900,2205.37,-70.01,0.119789,695.00,388.217773,2117.16,0.000012,3745.00
345.950,2223.12,-69.80,0.122569,695.00,337.053650,2152.49,0.000013,3805.00
346.000,2274.59,-69.59,0.124999,1385.00,360.875885,2198.59,0.000014,3865.00
346.050,2325.41,-69.50,0.117463,1385.00,335.629333,2221.72,0.000016,4040.00
346.100,2187.77,-69.93,0.112885,1385.00,296.472504,2038.62,0.000014,3675.00
346.150,2157.71,-69.85,0.114087,1385.00,337.678619,2013.99,0.000014,3605.00
346.200,2133.97,-70.30,0.111818,1390.00,342.420532,2020.75,0.000013,3595.00
346.250,2237.29,-69.93,0.104905,1390.00,347.773224,2136.31,0.000018,3710.00
346.300,2185.69,-69.78,0.112398,1390.00,303.675293,2123.56,0.000016,3660.00
346.350,2055.32,-70.14,0.112787,700.00,385.607788,2022.55,0.000014,3470.00
346.400,2002.38,-70.03,0.123431,700.00,326.157166,2011.52,0.000012,3360.00
346.450,2068.73,-70.18,0.113678,755.00,411.619507,1995.92,0.000013,3515.00
346.500,2092.37,-70.35,0.104542,1410.00,359.696228,2020.13,0.000012,3680.00
346.550,2159.18,-70.14,0.101676,1410.00,327.056152,2053.15,0.000014,3790.00
346.600,2151.43,-70.25,0.104573,760.00,353.610809,2053.24,0.000014,3800.00
346.650,2110.40,-70.28,0.104243,760.00,352.957550,1985.42,0.000013,3635.00
346.700,2046.20,-70.52,0.101850,755.00,346.598846,1921.31,0.000013,3525.00
346.750,2032.31,-70.68,0.102149,755.00,368.909882,1926.52,0.000010,3520.00
346.800,1974.73,-70.78,0.107445,750.00,342.610504,1915.98,0.000010,3495.00
346.850,1998.85,-70.95,0.104299,740.00,367.994873,2025.26,0.000011,3525.00
346.900,2097.09,-71.01,0.083705,715.00,352.887024,2166.73,0.000017,3625.00
346.950,2227.90,-70.91,0.069107,910.00,299.261902,2242.97,0.000025,4035.00
347.000,2215.75,-70.44,0.079739,1245.00,261.473389,2173.69,0.000018,3920.00
347.050,2056.07,-70.88,0.090525,1245.00,244.277023,1972.93,0.000009,3510.00
347.100,2101.35,-71.15,0.077153,1240.00,276.576782,1976.22,0.000012,3630.00
347.150,2158.57,-70.99,0.073200,1240.00,260.139069,2074.05,0.000017,3750.00
347.200,2236.94,-70.50,0.083698,1245.00,263.325867,2110.98,0.000016,3910.00
347.250,2322.97,-69.70,0.087160,1285.00,287.968781,2116.00,0.000020,4060.00
347.300,2321.66,-69.79,0.090128,1255.00,285.060120,2111.04,0.000022,4005.00
347.350,2064.94,-70.28,0.106642,715.00,336.563263,1979.37,0.000016,3495.00
347.400,1919.77,-70.86,0.114732,710.00,341.289459,1874.64,0.000011,3270.00
347.450,1997.32,-70.80,0.093906,1380.00,412.924042,1918.19,0.000016,3295.00
347.500,2055.05,-70.73,0.100560,1195.00,378.047211,1916.24,0.000011,3365.00
347.550,2017.39,-70.94,0.089797,1320.00,291.603058,1914.91,0.000013,3415.00
347.600,2031.14,-70.59,0.091207,1250.00,365.474335,1921.60,0.000019,3335.00
347.650,2084.38,-70.27,0.094759,1250.00,299.975372,1919.80,0.000021,3330.00
347.700,1985.79,-70.73,0.093480,435.00,374.197876,1873.63,0.000017,3280.00
347.750,1938.96,-71.09,0.096786,1270.00,303.809448,1857.40,0.000012,3230.00
347.800,1918.45,-71.21,0.102190,1300.00,368.081207,1803.41,0.000009,3160.00
347.850,1902.96,-71.27,0.113304,1310.00,382.440643,1781.70,0.000008,3105.00
347.900,1879.52,-71.45,0.110257,1325.00,383.198669,1788.12,0.000008,3095.00
347.950,1840.56,-71.57,0.110954,1330.00,450.638000,1843.62,0.000007,3100.00
348.000,1895.87,-71.49,0.121668,1345.00,401.875610,1878.10,0.000005,3205.00
348.050,1872.89,-71.69,0.114150,1350.00,442.566803,1801.23,0.000006,3225.00
348.100,1955.98,-71.84,0.094120,1355.00,336.100281,1869.60,0.000010,3325.00
348.150,2225.87,-71.76,0.063456,1355.00,301.396820,2209.79,0.000024,3735.00
348.200,2405.87,-71.34,0.056427,1455.00,276.794098,2417.24,0.000038,4120.00
348.250,2304.99,-71.00,0.062088,1455.00,196.233902,2289.13,0.000033,3950.00
348.300,2083.27,-70.40,0.098828,655.00,423.159576,2076.06,0.000014,3460.00
348.350,1972.15,-70.61,0.132978,660.00,416.206268,1983.58,0.000007,3345.00
348.400,2048.60,-70.60,0.113501,665.00,368.609192,2020.29,0.000011,3400.00
348.450,2049.70,-70.37,0.096629,1365.00,408.530029,2015.91,0.000019,3400.00
348.500,1937.04,-71.36,0.070174,75.00,339.179749,2050.14,0.000023,3345.00
348.550,1920.47,-72.17,0.053179,75.00,236.171402,2174.25,0.000021,3525.00
348.600,2279.16,-71.62,0.046916,75.00,172.223999,2359.27,0.000018,4190.00
348.650,2527.11,-70.80,0.051839,75.00,181.047546,2374.82,0.000022,4530.00
348.700,2437.69,-70.59,0.061468,75.00,194.861786,2341.15,0.000026,4085.00
348.750,2371.93,-70.63,0.063895,670.00,200.659744,2440.39,0.000033,4180.00
348.800,2149.56,-70.17,0.087491,640.00,348.410858,2189.50,0.000022,3550.00
348.850,2092.66,-70.49,0.093055,645.00,273.210083,2031.66,0.000018,3420.00
348.900,2196.29,-70.29,0.080086,365.00,336.805115,2183.40,0.000026,3510.00
348.950,2181.22,-70.29,0.092195,645.00,348.046997,2244.40,0.000022,3635.00
349.000,2046.08,-70.97,0.091685,650.00,276.928131,2185.56,0.000018,3430.00
349.050,1903.96,-72.14,0.076167,470.00,374.842102,2102.25,0.000014,3395.00
349.100,1899.37,-72.05,0.079011,495.00,337.771301,2020.66,0.000009,3370.00
349.150,1947.73,-71.61,0.099062,495.00,328.570770,2028.52,0.000008,3355.00
349.200,2066.99,-71.06,0.085201,500.00,276.426605,2111.03,0.000015,3445.00
349.250,2145.96,-70.85,0.075080,1420.00,313.776611,2126.96,0.000022,3455.00
349.300,2177.11,-70.88,0.066330,75.00,234.254486,2162.31,0.000026,3625.00
349.350,2084.50,-71.02,0.067566,75.00,239.620407,2091.43,0.000022,3520.00
349.400,2001.89,-71.47,0.077652,525.00,281.230988,2007.05,0.000014,3390.00
349.450,2029.05,-71.57,0.093270,530.00,311.851654,2004.91,0.000008,3400.00
349.500,1977.40,-71.74,0.095765,530.00,268.027222,1956.88,0.000007,3385.00
349.550,1963.53,-72.00,0.077763,530.00,300.949249,1861.34,0.000009,3375.00
349.600,2026.13,-72.32,0.063996,75.00,253.999695,1932.78,0.000013,3385.00
349.650,2204.23,-71.90,0.057138,75.00,232.862152,2001.90,0.000018,3465.00
349.700,2287.74,-70.67,0.080405,75.00,277.102997,1858.11,0.000013,3425.00
349.750,2290.74,-70.24,0.098721,1375.00,294.584747,1779.33,0.000009,3440.00
349.800,2219.73,-70.86,0.091463,355.00,327.452789,1767.87,0.000008,3440.00
349.850,2114.01,-71.53,0.084984,1520.00,410.204071,1792.83,0.000007,3400.00
349.900,2091.98,-72.06,0.091618,1520.00,269.854675,1889.00,0.000006,3415.00
349.950,2074.62,-72.54,0.064185,1425.00,297.742645,2013.96,0.000011,3430.00
350.000,2064.08,-73.06,0.042336,1425.00,259.299988,2192.44,0.000022,3695.00
350.050,2426.87,-72.56,0.032433,75.00,152.595016,2369.58,0.000047,4450.00
350.100,2595.41,-71.70,0.036903,75.00,125.509613,2264.70,0.000051,4400.00
350.150,2587.39,-70.90,0.049388,75.00,160.483047,2181.91,0.000043,4255.00
350.200,2476.27,-70.32,0.066065,75.00,231.410873,2195.50,0.000036,4200.00
350.250,2401.44,-69.90,0.084261,1175.00,274.017853,2149.81,0.000028,3910.00
350.300,2459.29,-69.41,0.084273,1230.00,285.441437,2178.42,0.000035,4020.00
350.350,2430.70,-68.92,0.094269,1310.00,326.791229,2197.47,0.000036,3935.00
350.400,2430.82,-68.85,0.094397,1055.00,285.761261,2239.60,0.000035,4025.00
350.450,2400.71,-68.89,0.094916,1335.00,369.463501,2160.75,0.000031,4050.00
350.500,2346.03,-68.52,0.103055,1335.00,322.392273,2103.24,0.000028,4005.00
350.550,2347.14,-68.67,0.107143,1055.00,346.045471,2085.10,0.000027,4010.00
350.600,2285.51,-69.08,0.107187,800.00,346.264160,2043.97,0.000023,3845.00
350.650,2318.32,-69.30,0.098387,930.00,345.927216,2019.91,0.000024,3915.00
350.700,2407.76,-69.03,0.094392,820.00,323.115265,2055.81,0.000030,4110.00
350.750,2409.10,-68.98,0.100080,795.00,338.877686,2077.98,0.000028,4070.00
350.800,2335.74,-69.25,0.104084,800.00,312.542023,2025.48,0.000021,3865.00
350.850,2291.21,-69.69,0.100870,1315.00,317.366150,2034.52,0.000018,3840.00
350.900,2286.81,-69.59,0.098307,800.00,304.318787,2057.65,0.000019,3895.00
350.950,2289.65,-69.60,0.097180,800.00,353.632416,2063.74,0.000020,3905.00
351.000,2265.94,-69.69,0.096539,800.00,298.997009,2058.19,0.000021,3775.00
351.050,2314.09,-69.43,0.088951,800.00,305.117310,2115.26,0.000026,3855.00
351.100,2243.00,-69.55,0.093876,795.00,312.157166,2055.20,0.000025,3650.00
351.150,2232.56,-69.91,0.096229,795.00,298.991730,2047.95,0.000021,3630.00
351.200,2154.62,-70.37,0.092688,795.00,309.171509,2025.25,0.000019,3605.00
351.250,2083.31,-70.56,0.096062,950.00,314.759674,2020.10,0.000017,3485.00
351.300,2151.69,-70.21,0.094636,945.00,304.845215,2074.22,0.000018,3640.00
351.350,2088.37,-70.17,0.091180,945.00,289.774536,1983.29,0.000018,3525.00
351.400,2100.68,-70.42,0.086056,700.00,296.967010,1975.59,0.000018,3470.00
351.450,2054.18,-70.38,0.093136,740.00,290.687195,1948.32,0.000017,3500.00
351.500,2106.76,-70.36,0.088509,1015.00,276.827515,1974.91,0.000018,3625.00
351.550,2117.89,-70.58,0.081564,785.00,267.193512,1983.37,0.000015,3605.00
351.600,2043.16,-71.15,0.074014,785.00,265.197296,1984.09,0.000013,3485.00
351.650,2050.88,-71.27,0.074148,1365.00,274.027832,1991.99,0.000015,3525.00
351.700,2056.11,-71.29,0.080278,1350.00,239.909393,1994.51,0.000015,3490.00
351.750,2040.60,-71.41,0.080820,1365.00,245.625656,1955.27,0.000014,3420.00
351.800,1943.99,-71.71,0.079053,775.00,281.902863,1882.15,0.000014,3330.00
351.850,2088.72,-71.30,0.072581,765.00,301.944305,2060.35,0.000020,3465.00
351.900,2371.29,-70.55,0.067574,750.00,274.641937,2329.56,0.000032,4010.00
351.950,2515.83,-70.05,0.066076,715.00,223.542267,2336.67,0.000038,4220.00
352.000,2426.85,-70.73,0.060950,1370.00,227.482132,2154.20,0.000030,3880.00
352.050,2308.51,-71.65,0.054345,915.00,192.084122,2067.67,0.000029,3735.00
352.100,2174.93,-71.78,0.053782,915.00,196.199951,2058.46,0.000028,3590.00
352.150,2090.08,-71.82,0.058726,960.00,210.911514,2049.51,0.000023,3530.00
352.200,2128.18,-72.18,0.056602,965.00,210.325256,2185.55,0.000021,3590.00
352.250,2121.17,-72.65,0.063289,560.00,238.080109,2151.79,0.000013,3555.00
352.300,2029.44,-72.70,0.065080,560.00,200.252945,2049.92,0.000011,3435.00
352.350,2040.21,-72.85,0.061484,935.00,256.560242,2085.17,0.000014,3485.00
352.400,2039.87,-73.28,0.054049,935.00,176.264908,2131.32,0.000015,3570.00
352.450,1928.70,-73.58,0.056460,955.00,218.118362,2072.51,0.000011,3415.00
352.500,1991.03,-73.37,0.053867,955.00,163.388245,2088.95,0.000011,3545.00
352.550,2093.40,-72.60,0.053534,555.00,189.627548,2086.37,0.000016,3695.00
352.600,2111.87,-72.37,0.057880,565.00,200.546463,2069.56,0.000015,3755.00
352.650,2080.94,-73.23,0.048650,570.00,214.468216,2036.80,0.000014,3535.00
352.700,2077.81,-73.75,0.041728,895.00,192.615570,1967.80,0.000012,3415.00
352.750,2186.96,-73.58,0.035445,1085.00,151.922821,1967.94,0.000017,3685.00
352.800,2339.55,-73.94,0.026537,1115.00,121.116478,2109.66,0.000029,3910.00
352.850,2344.86,-74.31,0.024613,625.00,116.941895,2216.19,0.000034,3800.00
352.900,2246.34,-74.72,0.029781,1550.00,101.038048,2147.17,0.000022,3560.00
352.950,2260.47,-74.50,0.029948,1550.00,97.421715,1936.76,0.000018,3410.00
353.000,2275.01,-73.88,0.034341,2035.00,145.086685,1828.59,0.000012,3400.00
353.050,2281.23,-73.88,0.034071,2015.00,102.096107,1900.97,0.000010,3480.00
353.100,2266.11,-74.68,0.024191,2040.00,107.873322,1981.26,0.000015,3575.00
353.150,2249.81,-75.74,0.014400,75.00,96.640739,2109.26,0.000028,3720.00
353.200,2334.24,-76.10,0.013212,75.00,56.327129,2198.02,0.000035,3990.00
353.250,2388.06,-76.17,0.013083,75.00,42.981030,2177.36,0.000035,4005.00
353.300,2262.63,-76.65,0.011970,75.00,44.859436,2181.50,0.000032,3835.00
353.350,2209.17,-77.00,0.011795,1200.00,39.463509,2169.53,0.000025,3910.00
353.400,2158.93,-77.09,0.010834,75.00,37.778717,2114.05,0.000027,3845.00
353.450,2289.96,-76.82,0.010405,75.00,41.391670,2248.31,0.000040,3905.00
353.500,2091.80,-76.58,0.012424,75.00,45.012638,2147.78,0.000027,3435.00
353.550,1842.16,-76.82,0.014035,705.00,44.902588,1913.02,0.000014,3300.00
353.600,1770.04,-77.38,0.012473,820.00,49.039001,1816.32,0.000010,3155.00
353.650,1881.87,-78.01,0.008692,820.00,41.964424,1973.90,0.000013,3330.00
353.700,2000.43,-78.40,0.005686,75.00,32.454975,2097.53,0.000022,3390.00
353.750,2200.37,-78.17,0.005846,1200.00,22.292242,2148.55,0.000022,3695.00
353.800,2189.43,-78.22,0.006242,635.00,23.013390,2149.50,0.000017,3720.00
353.850,1978.08,-78.51,0.005372,630.00,21.807148,1984.37,0.000018,3410.00
353.900,1850.53,-78.95,0.004479,1035.00,20.809191,1915.33,0.000019,3335.00
353.950,1806.87,-79.53,0.002314,1035.00,15.586717,1995.29,0.000035,3365.00
354.000,1941.69,-79.97,0.000324,1025.00,12.761312,2281.02,0.000249,3470.00
354.050,2219.74,-80.00,0.000011,45.00,2.001995,3639.56,0.002316,5475.00
354.100,3117.41,-80.00,0.000000,55.00,0.069076,4263.21,0.977805,8120.00
354.150,0.00,-80.00,0.000000,0.00,0.000145,0.00,0.999999,0.00
354.200,0.00,-80.00,0.000000,0.00,0.000000,0.00,0.999999,0.00
354.250,0.00,-80.00,0.000000,0.00,0.000000,0.00,0.999999,0.00
354.300,0.00,-80.00,0.000000,0.00,0.000000,0.00,0.999999,0.00

=== STATISTIKEN ===

Feature,Minimum,Maximum,Durchschnitt
Spektral Centroid (Hz),0.00,8473.99,3116.53
Power (dB),-80.00,-57.53,-68.29
Energy,0.00,0.34,0.17
Peak Frequenz (Hz),0.00,14475.00,234.14
Spectral Flux,0.00,1268.88,450.21
Bandbreite (Hz),0.00,5910.00,3460.96
Spectral Flatness,0.00,1.00,0.03
Spectral Rolloff (Hz),0.00,14450.00,6880.24
