Zeit (s),Spektral Centroid (Hz),Power (dB),Energy,Peak Frequenz (Hz),Spectral Flux,Bandbreite (Hz),Spectral Flatness,Spectral Rolloff (Hz)
0.000,3658.72,-79.90,0.000335,1570.00,0.000000,3920.82,0.003095,8040.00
0.050,3475.02,-79.68,0.000633,1660.00,2.403575,3747.33,0.001185,6995.00
0.100,2375.72,-77.77,0.009262,1675.00,55.164986,1944.98,0.000012,4130.00
0.150,2289.15,-76.26,0.017988,1670.00,63.668816,1678.21,0.000007,3745.00
0.200,2198.02,-76.31,0.018948,1485.00,73.919235,1634.30,0.000006,3675.00
0.250,2063.18,-76.06,0.020819,1250.00,106.114029,1555.14,0.000005,3330.00
0.300,2096.02,-76.19,0.031160,1250.00,107.336990,1515.96,0.000002,3350.00
0.350,1964.41,-75.64,0.030248,1250.00,140.913803,1453.56,0.000002,3670.00
0.400,1918.47,-74.68,0.055329,940.00,233.604279,1307.89,0.000001,3435.00
0.450,1934.64,-74.85,0.066396,1875.00,230.528214,1238.56,0.000001,3335.00
0.500,1915.71,-76.25,0.052360,1670.00,206.673370,1211.15,0.000001,3325.00
0.550,1736.52,-77.74,0.029731,1670.00,176.098389,1268.46,0.000001,2920.00
0.600,1522.09,-78.59,0.017360,1665.00,96.097366,1341.65,0.000001,2335.00
0.650,1224.55,-78.09,0.012333,415.00,55.999336,1297.51,0.000002,2070.00
0.700,1554.95,-75.45,0.049661,375.00,275.745697,1242.78,0.000001,2965.00
0.750,1838.17,-74.66,0.094767,745.00,347.363739,1252.45,0.000000,2990.00
0.800,2119.60,-75.72,0.086694,1490.00,251.927994,1234.69,0.000000,3300.00
0.850,2141.28,-77.21,0.052264,1485.00,274.574829,1205.27,0.000000,2990.00
0.900,1879.21,-78.38,0.027727,1485.00,182.902328,1279.06,0.000000,2975.00
0.950,1234.89,-77.62,0.019376,1485.00,98.731247,1167.58,0.000001,2230.00
1.000,1303.15,-75.65,0.055099,625.00,293.111176,1056.29,0.000000,2485.00
1.050,1538.61,-75.17,0.093973,630.00,325.507874,1075.98,0.000000,2510.00
1.100,1772.61,-76.27,0.082403,1255.00,261.499268,1092.91,0.000000,2525.00
1.150,1805.01,-77.46,0.050371,1250.00,271.949219,1089.40,0.000000,2515.00
1.200,1715.17,-78.35,0.028059,1250.00,165.654175,1136.85,0.000000,2505.00
1.250,1095.93,-77.38,0.021264,1250.00,128.383392,1022.63,0.000001,1935.00
1.300,1200.00,-76.04,0.056166,560.00,277.427368,944.65,0.000000,2215.00
1.350,1404.03,-76.04,0.081806,560.00,256.314484,957.69,0.000000,2240.00
1.400,1563.98,-77.04,0.066268,1115.00,212.998032,990.67,0.000000,2245.00
1.450,1581.72,-78.00,0.039771,1115.00,223.668243,1004.44,0.000000,2240.00
1.500,1504.60,-78.55,0.022645,1115.00,127.413643,1075.40,0.000000,2230.00
1.550,1177.47,-76.78,0.027204,1115.00,160.865662,1008.32,0.000001,2220.00
1.600,1415.98,-75.60,0.067135,625.00,292.438293,1045.22,0.000000,2500.00
1.650,1659.39,-76.00,0.080024,630.00,231.151031,1067.61,0.000000,2515.00
1.700,1788.87,-77.18,0.055611,1250.00,232.135040,1089.54,0.000000,2515.00
1.750,1784.93,-78.14,0.031928,1250.00,180.506409,1095.45,0.000000,2510.00
1.800,1560.10,-78.87,0.016776,1250.00,108.958717,1211.31,0.000001,2500.00
1.850,1202.28,-78.49,0.011441,1250.00,50.715874,1216.79,0.000001,2190.00
1.900,2783.90,-70.10,0.043826,375.00,254.309387,3664.35,0.000067,5090.00
1.950,4581.66,-56.92,0.169207,110.00,893.528381,4890.99,0.000198,11600.00
2.000,4745.86,-54.14,0.300702,65.00,1164.695801,5034.88,0.000144,12020.00
2.050,4075.16,-57.40,0.327171,50.00,1257.394897,4857.87,0.000048,11120.00
2.100,2385.94,-64.57,0.272569,40.00,1054.949585,3867.06,0.000009,5935.00
2.150,1770.91,-69.59,0.190433,35.00,745.005981,3338.25,0.000004,2515.00
2.200,2060.65,-71.23,0.107590,80.00,698.840088,3681.53,0.000008,4110.00
2.250,1651.96,-75.95,0.055176,80.00,407.460938,3188.86,0.000006,2190.00
2.300,3416.67,-71.90,0.023144,235.00,255.734512,4373.63,0.000109,9440.00
2.350,2946.91,-68.36,0.053505,310.00,247.137817,3849.74,0.000068,6725.00
2.400,2399.82,-71.14,0.063936,310.00,139.411591,3294.15,0.000021,4175.00
2.450,2539.89,-76.11,0.041736,310.00,168.390549,3577.48,0.000009,4565.00
2.500,4368.77,-68.43,0.028671,310.00,111.738831,4197.21,0.000169,9785.00
2.550,3950.60,-65.49,0.031620,310.00,121.899963,3481.10,0.000358,6920.00
2.600,4347.69,-63.08,0.034674,310.00,123.498550,3611.14,0.000898,8385.00
2.650,5243.16,-52.69,0.142089,1720.00,714.137512,4189.63,0.001212,10625.00
2.700,5397.10,-50.49,0.199912,210.00,531.761414,4420.91,0.001130,11285.00
2.750,5564.82,-54.41,0.113397,225.00,672.266602,4644.98,0.000859,11895.00
2.800,5394.09,-63.09,0.030482,80.00,562.677368,4741.43,0.000721,11880.00
2.850,3833.29,-57.48,0.111725,670.00,584.028198,3507.38,0.000405,7500.00
2.900,3749.89,-55.44,0.160305,680.00,442.893982,3537.33,0.000378,7370.00
2.950,2973.62,-59.25,0.159966,685.00,610.131226,3364.64,0.000134,6300.00
3.000,1985.89,-63.97,0.176693,140.00,727.000671,2786.65,0.000032,3575.00
3.050,1600.97,-64.06,0.284751,65.00,1191.906982,2770.02,0.000012,2975.00
3.100,1661.07,-64.90,0.316543,50.00,1202.888184,2791.32,0.000007,3115.00
3.150,3134.37,-61.14,0.268355,40.00,1139.072632,4289.80,0.000032,8610.00
3.200,5893.86,-55.09,0.196884,35.00,872.135681,5133.10,0.000283,12795.00
3.250,6034.64,-54.72,0.153913,65.00,754.249390,5089.88,0.000523,12815.00
3.300,4727.93,-59.18,0.147240,60.00,609.234558,4891.19,0.000150,11675.00
3.350,5327.09,-58.32,0.130063,470.00,387.685547,5086.69,0.000297,12505.00
3.400,6362.74,-54.73,0.137055,80.00,614.999939,5112.95,0.000727,12990.00
3.450,5127.87,-56.31,0.159797,80.00,567.791504,5018.08,0.000334,12215.00
3.500,3009.42,-61.06,0.158459,80.00,521.087280,3903.97,0.000076,7625.00
3.550,2481.82,-64.51,0.133140,80.00,439.355377,3196.54,0.000037,4510.00
3.600,3105.51,-65.64,0.100225,80.00,387.042328,3745.20,0.000036,7515.00
3.650,4666.38,-61.94,0.101775,80.00,281.363434,3513.50,0.000093,8430.00
3.700,5353.55,-57.71,0.129131,80.00,335.001801,3401.89,0.000207,9015.00
3.750,5196.23,-57.70,0.128824,80.00,250.862244,3502.18,0.000214,9005.00
3.800,3727.36,-61.33,0.113371,155.00,443.202911,3469.17,0.000106,7890.00
3.850,2649.37,-65.16,0.099611,385.00,444.212311,3036.56,0.000052,5625.00
3.900,1664.21,-65.15,0.199222,110.00,927.594543,2911.97,0.000018,3215.00
3.950,1558.38,-63.25,0.310577,60.00,1126.410278,2691.75,0.000013,2990.00
4.000,1663.39,-63.23,0.324661,45.00,1241.470337,2415.92,0.000012,3205.00
4.050,3888.60,-55.44,0.274812,40.00,1028.913574,4376.85,0.000126,9570.00
4.100,4956.98,-50.71,0.260938,40.00,1018.957520,4484.22,0.000518,10885.00
4.150,4671.85,-51.83,0.229661,370.00,823.266052,4332.01,0.000465,10225.00
4.200,3746.78,-58.66,0.147712,80.00,823.490784,4121.13,0.000144,8920.00
4.250,3109.82,-58.62,0.155534,75.00,515.725464,3348.06,0.000161,6530.00
4.300,3377.17,-55.75,0.196173,155.00,507.371368,3435.94,0.000241,6890.00
4.350,3137.43,-59.29,0.161116,155.00,553.646423,3458.81,0.000119,6675.00
4.400,2002.97,-68.05,0.116842,155.00,478.806824,3091.03,0.000018,3585.00
4.450,2135.21,-66.27,0.101347,80.00,451.547852,3065.71,0.000044,3385.00
4.500,2019.12,-63.33,0.180118,620.00,765.965759,2473.06,0.000038,3335.00
4.550,2037.08,-63.18,0.206731,620.00,523.976440,2390.62,0.000029,3470.00
4.600,1708.02,-63.38,0.236623,70.00,1044.820923,2506.64,0.000023,2920.00
4.650,1411.16,-64.72,0.307427,60.00,1206.287231,2557.85,0.000009,2355.00
4.700,1152.92,-68.86,0.305109,50.00,1280.160522,2301.54,0.000003,2070.00
4.750,3871.58,-59.26,0.255710,40.00,1014.753113,4932.84,0.000058,11065.00
4.800,4854.65,-54.19,0.294781,35.00,1248.804199,5172.56,0.000192,12270.00
4.850,4240.91,-55.07,0.323476,50.00,1003.784180,4861.73,0.000123,11275.00
4.900,3028.18,-59.39,0.260944,50.00,1064.789185,3927.72,0.000045,7625.00
4.950,2457.74,-64.16,0.177105,35.00,897.961304,3278.42,0.000024,4625.00
5.000,2774.27,-67.00,0.109133,35.00,537.544739,3836.09,0.000022,7210.00
5.050,2351.80,-71.84,0.085425,40.00,390.098755,3787.00,0.000008,6515.00
5.100,2123.70,-74.45,0.084843,40.00,71.328194,3924.16,0.000004,5685.00
5.150,2770.39,-69.78,0.088729,40.00,120.542351,4242.25,0.000015,8050.00
5.200,2029.71,-70.25,0.103784,40.00,233.422485,3373.57,0.000012,2775.00
5.250,1218.37,-74.59,0.097245,40.00,176.976746,2340.22,0.000003,1960.00
5.300,1176.46,-69.24,0.167271,80.00,765.828857,2592.21,0.000008,1560.00
5.350,1484.28,-64.84,0.287771,60.00,1084.004272,2808.50,0.000009,3320.00
5.400,1699.50,-66.06,0.303761,50.00,1234.530640,2823.20,0.000005,4255.00
5.450,4424.51,-55.07,0.258234,40.00,1145.407227,4243.86,0.000145,9680.00
5.500,5181.30,-50.30,0.243904,40.00,1009.255188,4427.20,0.000650,10990.00
5.550,5447.53,-52.14,0.164320,185.00,797.397888,4556.32,0.000776,11600.00
5.600,5874.35,-59.92,0.049130,420.00,779.868408,4779.94,0.000718,12240.00
5.650,3867.43,-59.68,0.073055,665.00,381.018890,3599.71,0.000431,7915.00
5.700,3906.12,-55.28,0.151945,370.00,535.356384,3616.98,0.000422,7900.00
5.750,3613.67,-57.43,0.153809,300.00,579.879150,3695.82,0.000229,7640.00
5.800,2410.14,-63.13,0.152867,305.00,526.467346,3221.98,0.000051,6010.00
5.850,1809.12,-63.52,0.245943,65.00,1130.826782,2953.00,0.000018,3375.00
5.900,1769.59,-63.96,0.310919,50.00,1148.734985,2884.77,0.000009,3400.00
5.950,1622.47,-67.60,0.290249,45.00,1240.203735,2629.92,0.000003,3235.00
6.000,1874.87,-67.41,0.212047,40.00,923.467712,3105.34,0.000006,3570.00
6.050,2596.01,-63.04,0.153052,35.00,812.955933,3377.19,0.000043,6055.00
6.100,3612.74,-60.25,0.135264,60.00,660.649048,3528.73,0.000104,7980.00
6.150,5102.79,-57.96,0.115227,60.00,340.092621,4142.65,0.000252,9950.00
6.200,6672.76,-55.57,0.105338,60.00,467.893494,4680.98,0.000603,12745.00
6.250,6362.98,-55.37,0.119487,80.00,450.298798,4837.92,0.000501,12740.00
6.300,4614.97,-58.19,0.128392,80.00,432.442535,4420.36,0.000212,10445.00
6.350,2910.13,-62.48,0.135587,535.00,441.735229,3153.67,0.000069,5615.00
6.400,2689.65,-63.74,0.138781,80.00,417.813080,2994.05,0.000043,4195.00
6.450,2661.10,-65.46,0.121519,80.00,461.991852,2887.91,0.000031,4085.00
6.500,2358.48,-68.27,0.112217,80.00,377.697388,2780.39,0.000018,3780.00
6.550,2662.48,-67.73,0.117665,80.00,262.528809,3424.52,0.000018,4465.00
6.600,2578.74,-65.16,0.144183,80.00,519.791138,3010.29,0.000028,3945.00
6.650,2554.72,-65.17,0.161179,360.00,389.627319,2695.52,0.000023,4025.00
6.700,2315.87,-63.66,0.168022,75.00,790.485413,3182.02,0.000036,4750.00
6.750,2197.10,-61.23,0.284394,65.00,1127.428101,3421.03,0.000027,5110.00
6.800,2228.02,-61.13,0.322861,50.00,1223.591064,3078.15,0.000022,4610.00
6.850,3273.55,-58.55,0.281967,40.00,1070.073120,4036.87,0.000049,7975.00
6.900,4961.97,-51.70,0.247127,40.00,1023.829102,4487.07,0.000447,10985.00
6.950,4690.78,-50.60,0.242628,40.00,999.801208,4285.78,0.000651,10200.00
7.000,3536.17,-55.03,0.222541,740.00,971.036926,3775.75,0.000212,7945.00
7.050,2694.30,-59.83,0.180046,725.00,682.356812,3034.17,0.000093,5285.00
7.100,3316.48,-55.62,0.191859,1410.00,826.718140,3367.58,0.000251,6720.00
7.150,3198.88,-56.69,0.192773,80.00,586.018250,3368.33,0.000187,6610.00
7.200,2271.79,-62.31,0.190064,80.00,656.462341,2734.75,0.000044,3865.00
7.250,2339.04,-61.88,0.183371,685.00,619.226929,3048.61,0.000058,3975.00
7.300,2560.84,-61.16,0.182115,95.00,734.008850,3235.44,0.000074,4870.00
7.350,2317.12,-63.19,0.193208,95.00,572.654419,2714.71,0.000039,3775.00
7.400,3922.74,-56.58,0.208533,90.00,773.480835,4495.27,0.000157,10095.00
7.450,4715.03,-54.03,0.289018,65.00,1197.796021,5024.36,0.000158,12075.00
7.500,4076.14,-56.17,0.322589,50.00,1242.487061,4802.94,0.000069,11055.00
7.550,3138.46,-60.14,0.274354,40.00,1118.716675,4283.83,0.000033,8665.00
7.600,4821.51,-55.06,0.268479,35.00,1300.595093,5151.13,0.000143,12225.00
7.650,4663.02,-54.10,0.338264,60.00,1206.087769,5013.84,0.000116,11910.00
7.700,3358.81,-57.38,0.320888,45.00,1249.734985,4128.17,0.000053,8285.00
7.750,2445.75,-62.14,0.258365,40.00,1017.493896,3082.93,0.000023,4045.00
7.800,2429.63,-64.71,0.179663,35.00,726.595764,3279.23,0.000021,4275.00
7.850,2747.10,-67.80,0.099454,60.00,739.948364,3670.93,0.000023,7490.00
7.900,2399.51,-71.49,0.090786,60.00,191.592651,3641.60,0.000008,7275.00
7.950,2688.93,-69.73,0.088782,60.00,122.181976,4148.54,0.000015,7875.00
8.000,2412.41,-69.44,0.075623,60.00,294.264374,3758.32,0.000026,5180.00
8.050,1971.85,-73.70,0.061067,295.00,295.188354,3073.65,0.000011,2520.00
8.100,1162.60,-72.19,0.110324,295.00,538.687561,2507.06,0.000007,1475.00
8.150,1138.48,-67.68,0.256939,65.00,1100.558594,2697.76,0.000006,1350.00
8.200,1527.16,-65.82,0.308212,50.00,1166.107422,2783.44,0.000005,3670.00
8.250,3119.41,-62.38,0.271014,40.00,1186.868774,4199.45,0.000019,7805.00
8.300,5491.84,-52.55,0.217979,40.00,1036.670288,4632.23,0.000491,11710.00
8.350,5273.06,-49.93,0.222331,35.00,957.881836,4433.94,0.001058,11065.00
8.400,4812.71,-53.72,0.148336,225.00,731.605286,4273.80,0.000702,10185.00
8.450,4004.20,-61.17,0.055953,80.00,672.467529,3948.95,0.000458,8720.00
8.500,3946.73,-55.84,0.134032,660.00,593.766846,3625.75,0.000453,8050.00
8.550,3799.82,-55.69,0.157007,350.00,469.189117,3594.50,0.000366,7775.00
8.600,3042.37,-60.62,0.139018,1410.00,520.923279,3292.97,0.000120,6575.00
8.650,1877.22,-64.36,0.192118,70.00,1009.199036,3066.89,0.000024,3635.00
8.700,1822.78,-63.02,0.297943,60.00,1115.965454,3160.67,0.000014,3660.00
8.750,2022.80,-62.47,0.311520,50.00,1289.090942,2888.41,0.000015,3630.00
8.800,3562.37,-56.91,0.269370,40.00,1077.501709,4277.59,0.000094,9105.00
8.850,5503.33,-53.79,0.199464,35.00,841.962158,5004.92,0.000352,12590.00
8.900,5106.64,-55.06,0.168800,60.00,779.319763,4892.55,0.000340,12155.00
8.950,3691.61,-59.38,0.150916,55.00,490.408264,4126.44,0.000127,9000.00
9.000,5525.46,-55.70,0.133683,55.00,523.807678,4923.16,0.000408,12440.00
9.050,5612.15,-53.76,0.170160,60.00,646.912170,4922.66,0.000460,12460.00
9.100,4121.89,-56.32,0.184944,60.00,598.133972,4351.15,0.000205,10020.00
9.150,2748.61,-61.66,0.161474,60.00,556.097900,3123.99,0.000067,4150.00
9.200,2710.38,-65.13,0.114041,60.00,513.335876,3138.84,0.000045,4105.00
9.250,2600.22,-67.80,0.096591,60.00,311.947845,3475.78,0.000023,4785.00
9.300,2085.87,-67.50,0.123166,60.00,365.512146,2548.79,0.000019,3505.00
9.350,2334.97,-64.33,0.150295,60.00,381.628387,2868.58,0.000034,3795.00
9.400,2515.04,-64.11,0.144659,60.00,430.267731,3238.47,0.000036,4975.00
9.450,2152.87,-67.50,0.125644,60.00,399.211334,3128.07,0.000018,4150.00
9.500,1587.10,-69.69,0.104104,405.00,440.116455,2870.83,0.000016,2680.00
9.550,1456.90,-65.89,0.245520,65.00,1147.183594,3016.43,0.000009,2540.00
9.600,1673.11,-62.76,0.348259,60.00,1183.697632,2850.48,0.000011,3450.00
9.650,1914.53,-61.68,0.313974,45.00,1313.374756,2867.94,0.000020,3615.00
9.700,4243.25,-53.00,0.266193,40.00,1091.792358,4331.01,0.000257,9930.00
9.750,4913.56,-50.37,0.247656,55.00,923.753845,4421.95,0.000606,10730.00
9.800,4691.74,-53.67,0.171234,60.00,827.931580,4413.47,0.000467,10470.00
9.850,4018.82,-60.68,0.108533,60.00,656.435181,4258.38,0.000133,9305.00
9.900,3784.82,-56.23,0.151305,60.00,603.226990,3589.90,0.000294,8105.00
9.950,3537.00,-55.25,0.190711,60.00,444.660797,3452.74,0.000275,7305.00
10.000,3063.43,-60.33,0.148662,60.00,588.212708,3262.49,0.000106,6335.00
10.050,3001.25,-64.85,0.105920,60.00,442.013916,3560.63,0.000046,7555.00
10.100,3125.79,-61.27,0.123103,60.00,418.954926,3622.02,0.000101,7995.00
10.150,2739.15,-60.90,0.161798,60.00,496.395691,3112.43,0.000076,6150.00
10.200,3413.49,-58.13,0.165418,145.00,531.515686,3793.91,0.000160,7880.00
10.250,4742.51,-53.92,0.244196,65.00,1017.411865,4833.27,0.000228,11585.00
10.300,4983.27,-54.28,0.304403,50.00,1141.271851,4981.39,0.000125,11990.00
10.350,5612.78,-55.51,0.288872,45.00,1227.463013,4579.89,0.000088,10900.00
10.400,5930.56,-53.62,0.254563,40.00,1024.563721,4639.81,0.000213,11245.00
10.450,5680.48,-52.32,0.299528,60.00,1095.655396,4821.48,0.000233,11605.00
10.500,4762.59,-54.27,0.310304,50.00,1097.631592,4653.12,0.000119,10535.00
10.550,3140.80,-59.66,0.264124,40.00,1103.510254,3788.20,0.000038,7755.00
10.600,2492.51,-64.72,0.176192,35.00,761.818054,3299.94,0.000020,5455.00
10.650,3125.79,-68.24,0.067419,35.00,723.470032,3976.98,0.000038,8040.00
10.700,3582.71,-73.28,0.020578,235.00,360.842773,4043.94,0.000080,8765.00
10.750,4336.54,-72.68,0.015789,235.00,55.915611,4750.42,0.000159,11215.00
10.800,3304.76,-69.44,0.036413,1330.00,183.396286,4254.70,0.000097,9070.00
10.850,2434.50,-71.80,0.053254,295.00,152.946274,3504.04,0.000025,4080.00
10.900,1229.74,-74.05,0.074384,295.00,296.709564,2423.80,0.000008,1695.00
10.950,1264.62,-67.02,0.219793,70.00,1056.922119,2688.07,0.000009,1900.00
11.000,1560.39,-64.85,0.305581,55.00,1111.783936,2812.68,0.000007,3690.00
11.050,2372.44,-63.50,0.290692,45.00,1254.833130,3358.29,0.000018,5695.00
11.100,4770.52,-53.00,0.250313,40.00,1169.137451,4305.42,0.000527,10285.00
11.150,5295.22,-50.47,0.231488,40.00,861.194702,4502.24,0.001164,11405.00
11.200,5612.97,-54.08,0.121705,185.00,865.490112,4655.90,0.000931,11995.00
11.250,5851.60,-63.20,0.030182,80.00,614.517090,4873.07,0.000673,12315.00
11.300,3949.34,-57.81,0.098072,670.00,525.624268,3644.44,0.000436,8135.00
11.350,3833.57,-54.91,0.170380,345.00,586.508606,3624.46,0.000375,7825.00
11.400,3351.20,-57.80,0.185102,350.00,675.212341,3379.08,0.000148,6805.00
11.450,2445.67,-62.18,0.193257,350.00,763.718872,2934.20,0.000045,4100.00
11.500,1887.15,-62.48,0.281249,65.00,1157.514526,2798.59,0.000017,3615.00
11.550,1966.75,-62.62,0.313027,50.00,1236.921509,2734.40,0.000013,3625.00
11.600,2778.43,-60.92,0.275207,40.00,1153.408936,3784.97,0.000035,6760.00
11.650,5620.14,-55.18,0.202077,40.00,902.452820,5127.99,0.000272,12675.00
11.700,5809.20,-54.36,0.165561,60.00,806.250488,5077.93,0.000531,12670.00
11.750,4575.22,-58.66,0.160086,60.00,669.861084,4784.20,0.000146,11465.00
11.800,4994.17,-58.85,0.115993,60.00,457.253662,4879.88,0.000223,11860.00
11.850,5882.78,-54.82,0.140389,185.00,694.973022,5022.92,0.000491,12725.00
11.900,4613.69,-55.73,0.195840,60.00,669.824890,4784.82,0.000219,11525.00
11.950,3050.16,-61.12,0.164955,60.00,546.777710,3856.20,0.000072,7420.00
12.000,2458.89,-65.13,0.102843,65.00,641.509155,3344.14,0.000054,5020.00
12.050,2239.14,-63.11,0.154591,120.00,524.829895,3099.59,0.000048,4160.00
12.100,2406.04,-62.34,0.176398,120.00,452.057251,3299.12,0.000047,4280.00
12.150,4455.38,-60.60,0.140390,115.00,529.817139,4780.30,0.000096,11050.00
12.200,5367.76,-59.41,0.126461,115.00,335.932556,4986.96,0.000148,11750.00
12.250,3244.92,-60.28,0.164266,60.00,556.725952,4097.54,0.000087,8895.00
12.300,1940.40,-65.40,0.157209,60.00,339.320862,2768.35,0.000024,3515.00
12.350,2025.18,-64.10,0.187068,60.00,914.831665,3318.59,0.000027,4270.00
12.400,2451.32,-60.12,0.319573,60.00,1200.668457,3493.75,0.000030,6075.00
12.450,2412.44,-60.20,0.329549,50.00,1195.974365,3121.14,0.000029,5355.00
12.500,3868.15,-55.99,0.271612,40.00,1073.100098,4323.53,0.000102,9425.00
12.550,5118.72,-50.78,0.254812,40.00,968.198425,4521.39,0.000484,11135.00
12.600,4884.59,-51.38,0.226263,175.00,823.853149,4403.86,0.000524,10555.00
12.650,3966.83,-56.95,0.161078,215.00,781.367615,4093.10,0.000213,9040.00
12.700,4076.04,-54.74,0.212549,200.00,748.797852,4420.01,0.000244,9910.00
12.750,4024.35,-51.91,0.312295,60.00,1127.339600,4397.83,0.000272,9815.00
12.800,3312.07,-54.44,0.329227,50.00,1259.649780,4033.90,0.000127,8140.00
12.850,2108.89,-60.31,0.300589,40.00,998.945557,2945.59,0.000033,3460.00
12.900,2100.13,-61.16,0.232721,35.00,917.565552,2839.78,0.000046,3465.00
12.950,2572.74,-60.47,0.181714,75.00,932.376038,3253.76,0.000087,5040.00
13.000,2412.97,-62.50,0.168633,75.00,640.149719,2975.54,0.000057,4055.00
13.050,2523.49,-59.07,0.220299,115.00,882.634033,3161.17,0.000079,5615.00
13.100,2861.48,-55.91,0.301620,60.00,1079.854004,3450.46,0.000104,6385.00
13.150,2767.11,-58.84,0.306863,50.00,1268.207275,3531.95,0.000039,6385.00
13.200,3552.79,-59.78,0.265748,40.00,1001.858643,4749.46,0.000034,10280.00
13.250,4998.04,-54.16,0.283224,65.00,1171.759644,5166.30,0.000159,12300.00
13.300,4493.39,-54.32,0.319964,50.00,1126.655396,4965.82,0.000123,11590.00
13.350,2815.92,-58.41,0.312445,45.00,1200.505615,3904.14,0.000047,7090.00
13.400,2137.98,-62.83,0.238640,40.00,956.059875,2989.21,0.000024,3530.00
13.450,2379.89,-65.33,0.142622,35.00,788.188965,3421.47,0.000026,5285.00
13.500,2257.35,-70.43,0.074061,80.00,603.208557,3450.54,0.000019,4770.00
13.550,2568.68,-74.49,0.030723,75.00,297.409332,3986.84,0.000030,6685.00
13.600,3345.86,-69.16,0.034947,1410.00,188.504562,4290.01,0.000117,9230.00
13.650,2757.36,-69.49,0.056959,310.00,181.349548,3777.40,0.000045,6125.00
13.700,2224.63,-75.20,0.048962,310.00,140.686661,3213.22,0.000009,3000.00
13.750,3981.08,-71.48,0.037088,310.00,86.141182,4474.00,0.000048,10165.00
13.800,4229.09,-65.68,0.030640,310.00,142.083984,3828.31,0.000350,8335.00
13.850,3781.52,-66.09,0.029924,310.00,85.951874,3255.83,0.000346,6635.00
13.900,5079.82,-56.03,0.088961,1885.00,450.930878,4060.54,0.000817,10160.00
13.950,5343.96,-50.62,0.200074,1885.00,766.441833,4333.35,0.000873,10990.00
14.000,5469.10,-51.86,0.168179,185.00,484.696228,4502.14,0.000812,11490.00
14.050,5821.32,-59.24,0.056511,80.00,764.960388,4747.17,0.000682,12210.00
14.100,4013.48,-60.68,0.059671,670.00,328.370972,3746.79,0.000502,8455.00
14.150,3866.54,-55.71,0.146350,1105.00,576.471802,3583.28,0.000422,7855.00
14.200,3375.52,-57.11,0.168617,1105.00,544.274292,3507.48,0.000223,6940.00
14.250,2162.59,-62.73,0.177151,185.00,596.663391,2842.05,0.000048,3895.00
14.300,1649.76,-63.67,0.250805,65.00,1157.946045,2640.36,0.000018,2785.00
14.350,1592.45,-64.28,0.314902,55.00,1165.805298,2732.60,0.000009,2870.00
14.400,1836.25,-65.42,0.295774,45.00,1276.956177,2974.84,0.000009,3225.00
14.450,5163.88,-56.65,0.228187,40.00,959.786011,5113.96,0.000133,12425.00
14.500,6285.86,-53.79,0.174446,35.00,819.353638,5120.86,0.000501,12985.00
14.550,5511.83,-56.13,0.153988,60.00,768.909058,5020.81,0.000321,12385.00
14.600,4258.76,-60.15,0.145393,480.00,391.146179,4757.47,0.000126,10945.00
14.650,6304.43,-55.34,0.123304,475.00,565.867737,5106.19,0.000657,12960.00
14.700,6020.85,-55.17,0.146840,80.00,622.351196,5118.26,0.000515,12790.00
14.750,4116.31,-59.35,0.156441,80.00,534.343079,4624.74,0.000124,10665.00
14.800,2714.57,-63.69,0.141277,80.00,428.968628,3288.51,0.000043,5735.00
14.850,2980.39,-65.39,0.104754,80.00,407.473663,3557.18,0.000039,7045.00
14.900,4681.81,-63.37,0.096776,80.00,304.932526,3696.20,0.000066,8620.00
14.950,5675.99,-58.07,0.122852,80.00,347.476868,3396.57,0.000204,9265.00
15.000,5753.47,-56.88,0.130011,80.00,233.904663,3454.80,0.000265,9490.00
15.050,4415.79,-59.51,0.125271,80.00,484.151489,3617.86,0.000138,8430.00
15.100,2581.87,-65.59,0.124754,375.00,445.232056,2767.75,0.000028,4255.00
15.150,1802.63,-66.34,0.143806,340.00,682.299500,2702.43,0.000023,3365.00
15.200,1530.39,-64.16,0.267437,65.00,1085.551025,2792.10,0.000013,2820.00
15.250,1584.52,-63.15,0.331999,50.00,1208.091309,2484.78,0.000012,3090.00
15.300,2746.82,-59.10,0.294552,40.00,1142.517456,3792.30,0.000040,6745.00
15.350,4874.00,-52.17,0.258235,40.00,1034.918823,4557.39,0.000340,11035.00
15.400,4958.11,-51.02,0.245527,370.00,896.289368,4466.44,0.000518,10940.00
15.450,4497.70,-55.38,0.160355,370.00,817.389343,4345.28,0.000305,10135.00
15.500,3051.32,-60.83,0.139588,370.00,493.613617,3523.02,0.000094,6815.00
15.550,3483.07,-55.74,0.183370,80.00,635.294189,3493.85,0.000263,7160.00
15.600,3591.26,-56.68,0.164400,155.00,413.885376,3597.11,0.000239,7390.00
15.650,2674.30,-64.38,0.120872,155.00,535.591370,3378.59,0.000046,5890.00
15.700,2188.95,-67.96,0.096448,155.00,306.567932,3445.31,0.000026,3750.00
15.750,2046.53,-64.28,0.135592,235.00,653.355957,2683.14,0.000049,3390.00
15.800,1957.13,-63.71,0.189692,1235.00,584.642151,2266.66,0.000031,3400.00
15.850,1857.10,-63.62,0.200286,1235.00,686.551331,2377.39,0.000029,3345.00
15.900,1529.54,-63.64,0.284497,65.00,1190.602905,2520.74,0.000015,2515.00
15.950,1251.27,-66.52,0.316119,50.00,1240.217529,2388.18,0.000005,1965.00
16.000,2347.42,-63.92,0.276149,40.00,1186.052856,3961.54,0.000013,6165.00
16.050,4669.08,-55.84,0.270078,35.00,1249.559692,5172.66,0.000125,12200.00
16.100,4654.22,-54.24,0.322449,50.00,1022.337585,5080.28,0.000138,12080.00
16.150,3612.68,-57.30,0.290560,50.00,1027.967651,4361.36,0.000067,9495.00
16.200,2571.44,-62.71,0.211285,40.00,1002.820190,3222.95,0.000028,4040.00
16.250,2581.83,-66.03,0.140490,35.00,613.340637,3492.82,0.000021,5095.00
16.300,2625.83,-69.94,0.090791,35.00,469.894867,4005.50,0.000013,7265.00
16.350,1740.44,-74.92,0.085965,40.00,151.148468,3369.82,0.000003,3415.00
16.400,2802.26,-71.03,0.086341,40.00,60.401360,4356.85,0.000010,8450.00
16.450,2375.63,-68.80,0.097808,40.00,223.669556,3722.61,0.000019,5165.00
16.500,1651.63,-72.11,0.100970,40.00,147.396790,2872.31,0.000007,2495.00
16.550,1124.19,-72.09,0.115000,80.00,502.734467,2449.61,0.000007,1555.00
16.600,1375.40,-65.77,0.249793,65.00,1060.683228,2780.10,0.000010,2545.00
16.650,1628.73,-65.13,0.308642,50.00,1136.943604,2835.12,0.000006,3965.00
16.700,3321.94,-59.82,0.277433,40.00,1212.970459,3915.27,0.000030,7625.00
16.750,4933.90,-51.63,0.247273,40.00,1160.292358,4345.06,0.000420,10430.00
16.800,5282.41,-50.76,0.210047,40.00,789.610291,4464.36,0.000732,11200.00
16.850,5635.31,-55.95,0.089062,225.00,872.158875,4613.15,0.000757,11930.00
16.900,4461.54,-62.84,0.036015,80.00,424.984497,4268.41,0.000628,9965.00
16.950,3837.03,-56.44,0.130222,665.00,618.359253,3567.29,0.000420,7735.00
17.000,3771.10,-55.68,0.163460,315.00,485.242889,3678.75,0.000342,7860.00
17.050,2904.02,-60.47,0.168928,320.00,643.746216,3484.57,0.000085,6510.00
17.100,1938.84,-63.62,0.199584,75.00,944.670166,2876.74,0.000029,3460.00
17.150,1790.38,-62.62,0.295467,60.00,1098.608276,2832.76,0.000017,3400.00
17.200,1811.55,-64.34,0.311059,50.00,1264.482788,2789.59,0.000008,3395.00
17.250,1634.51,-68.68,0.248149,40.00,1045.289551,2806.21,0.000003,2995.00
17.300,2351.53,-64.37,0.179883,35.00,817.282959,3341.03,0.000023,5160.00
17.350,2909.04,-61.30,0.158925,335.00,772.160095,3343.48,0.000063,6705.00
17.400,4742.43,-58.30,0.130474,60.00,481.549103,3868.38,0.000178,9065.00
17.450,6406.32,-55.87,0.103616,60.00,490.146210,4367.58,0.000560,11740.00
17.500,6683.78,-54.96,0.117249,80.00,481.987946,4782.11,0.000595,12800.00
17.550,5246.10,-56.23,0.142354,80.00,480.723877,4636.31,0.000308,11590.00
17.600,3281.05,-60.14,0.155365,80.00,514.611084,3392.12,0.000106,6955.00
17.650,2764.56,-63.07,0.162532,370.00,451.896210,2846.01,0.000044,3885.00
17.700,2625.53,-64.35,0.144093,80.00,500.484375,2834.87,0.000035,3895.00
17.750,2287.59,-67.92,0.113361,80.00,468.010010,2568.22,0.000018,3685.00
17.800,2341.02,-69.27,0.114187,80.00,373.815063,3113.63,0.000012,3625.00
17.850,2891.32,-65.89,0.115700,80.00,238.326111,3280.79,0.000031,4475.00
17.900,2769.19,-65.04,0.128447,80.00,385.718903,2829.56,0.000035,4055.00
17.950,2564.71,-64.79,0.120763,75.00,468.400726,2976.13,0.000048,4745.00
18.000,2312.38,-62.23,0.220630,65.00,902.974609,3471.52,0.000033,5380.00
18.050,2305.91,-60.71,0.310297,50.00,1118.134033,3245.13,0.000027,4855.00
18.100,2358.02,-61.71,0.302168,45.00,1145.897827,3105.15,0.000021,4855.00
18.150,4769.38,-53.54,0.249686,40.00,1013.982788,4546.77,0.000243,11025.00
18.200,4965.07,-50.05,0.255496,40.00,1060.012573,4446.37,0.000664,10945.00
18.250,4125.76,-52.35,0.245869,1435.00,985.857056,4115.16,0.000380,9420.00
18.300,2849.78,-58.87,0.208971,725.00,945.934448,3270.92,0.000087,5475.00
18.350,2958.91,-56.96,0.208427,550.00,820.002686,3160.87,0.000156,6030.00
18.400,3202.25,-55.59,0.221304,80.00,740.701904,3316.74,0.000202,6540.00
18.450,2725.48,-59.87,0.198019,80.00,817.419922,3050.68,0.000075,5360.00
18.500,2171.91,-63.07,0.183958,80.00,665.272400,2692.39,0.000041,3635.00
18.550,2412.02,-61.03,0.192145,650.00,772.822388,3133.02,0.000069,4060.00
18.600,2270.12,-62.41,0.202850,95.00,695.079407,2840.57,0.000044,3760.00
18.650,2921.77,-59.91,0.184117,95.00,552.103577,3634.03,0.000093,6075.00
18.700,4826.42,-54.08,0.227569,70.00,1054.581665,4933.24,0.000256,11905.00
18.750,4859.54,-53.94,0.306264,55.00,1154.470337,5005.73,0.000144,12085.00
18.800,3584.74,-58.28,0.300639,45.00,1188.182495,4456.63,0.000043,9715.00
18.850,4182.43,-56.60,0.253767,40.00,1061.997437,4893.36,0.000103,11315.00
18.900,4865.35,-53.64,0.311685,65.00,1188.469360,5127.26,0.000164,12245.00
18.950,3978.72,-55.29,0.339931,50.00,1110.213013,4635.72,0.000088,10500.00
19.000,2705.32,-60.23,0.292856,40.00,1166.638916,3492.93,0.000031,5340.00
19.050,2279.66,-64.31,0.219348,40.00,803.545166,3092.42,0.000016,3805.00
19.100,2488.89,-66.89,0.124583,55.00,768.157532,3631.88,0.000020,5760.00
19.150,2021.81,-71.94,0.092230,60.00,408.389221,3388.48,0.000007,3965.00
19.200,2297.29,-72.62,0.091440,60.00,116.536720,4042.42,0.000006,6460.00
19.250,2585.93,-68.71,0.083324,60.00,241.137070,3990.08,0.000027,6615.00
19.300,2201.31,-70.44,0.069627,295.00,309.163757,3378.83,0.000024,3495.00
19.350,1309.54,-74.49,0.064993,295.00,249.579590,2485.45,0.000008,1895.00
19.400,1118.34,-69.20,0.205037,70.00,1019.665222,2675.65,0.000006,1325.00
19.450,1313.44,-66.23,0.302432,55.00,1101.909668,2767.02,0.000005,2640.00
19.500,1878.11,-66.13,0.294500,45.00,1262.268555,2908.06,0.000004,4470.00
19.550,5279.92,-56.04,0.230505,40.00,1009.900574,4779.94,0.000112,11810.00
19.600,5408.70,-50.76,0.217200,35.00,991.308594,4480.19,0.000663,11445.00
19.650,4982.76,-51.68,0.187062,185.00,758.744080,4300.41,0.000683,10425.00
19.700,4531.32,-58.44,0.080274,185.00,758.379089,4199.46,0.000458,9785.00
19.750,3836.78,-58.06,0.096989,475.00,479.984222,3593.72,0.000415,7920.00
19.800,3742.31,-55.21,0.176031,495.00,617.126587,3534.71,0.000325,7625.00
19.850,3336.78,-58.41,0.172701,500.00,584.356079,3391.27,0.000141,6890.00
19.900,2213.30,-64.13,0.150115,505.00,783.215271,3081.76,0.000039,4445.00
19.950,1810.56,-63.25,0.264252,65.00,1152.563965,3106.20,0.000015,3570.00
20.000,2029.56,-61.99,0.314265,50.00,1179.956543,2985.70,0.000015,3695.00
20.050,2746.66,-59.81,0.285681,40.00,1214.562866,3521.67,0.000037,6250.00
20.100,5175.12,-54.34,0.224339,40.00,934.790771,4855.62,0.000233,12015.00
20.150,5641.87,-53.57,0.182364,60.00,818.896973,4947.12,0.000425,12550.00
20.200,4374.78,-57.06,0.170194,55.00,718.964783,4516.38,0.000206,10570.00
20.250,4469.46,-57.59,0.138403,55.00,475.155365,4557.47,0.000305,10685.00
20.300,5872.78,-53.86,0.135291,60.00,623.249390,4872.12,0.000849,12575.00
20.350,4755.39,-54.72,0.199369,615.00,749.991333,4597.50,0.000341,11300.00
20.400,3236.79,-59.35,0.196084,60.00,515.341797,3600.64,0.000088,6965.00
20.450,2591.91,-64.20,0.133971,60.00,634.607544,2864.07,0.000045,3900.00
20.500,2791.49,-66.96,0.098100,60.00,442.849670,3560.44,0.000029,5325.00
20.550,2078.15,-68.90,0.103502,60.00,212.966431,2855.35,0.000017,3585.00
20.600,2211.90,-65.80,0.132889,60.00,365.785919,2647.16,0.000028,3690.00
20.650,2485.27,-63.55,0.160332,60.00,471.754211,3099.36,0.000036,4650.00
20.700,2288.56,-65.27,0.168594,405.00,443.852509,3145.24,0.000018,4795.00
20.750,1731.82,-69.43,0.116316,410.00,520.955627,2774.58,0.000011,3340.00
20.800,1300.68,-68.13,0.187874,70.00,989.595581,2853.03,0.000008,1620.00
20.850,1584.35,-63.81,0.329507,60.00,1220.720825,2923.67,0.000008,3340.00
20.900,1779.32,-62.69,0.333704,50.00,1291.640137,2640.46,0.000013,3500.00
20.950,3455.25,-55.92,0.279610,40.00,1263.391235,4064.90,0.000105,8380.00
21.000,4840.89,-50.96,0.258268,40.00,1024.321289,4422.78,0.000469,10675.00
21.050,4827.37,-51.86,0.214055,175.00,862.769287,4395.17,0.000515,10560.00
21.100,4282.78,-57.97,0.130880,60.00,757.809998,4359.31,0.000217,9825.00
21.150,3788.58,-58.10,0.124976,60.00,447.550171,3654.21,0.000235,8220.00
21.200,3670.86,-55.29,0.178447,60.00,513.354065,3491.14,0.000302,7510.00
21.250,3459.08,-57.97,0.150718,60.00,494.318146,3493.19,0.000193,7160.00
21.300,2671.00,-65.54,0.115394,60.00,479.692139,3311.42,0.000034,5785.00
21.350,3186.29,-62.65,0.110041,60.00,333.291595,3768.84,0.000081,8120.00
21.400,2657.10,-60.99,0.163407,60.00,561.481201,3232.62,0.000074,5795.00
21.450,2493.65,-61.17,0.179888,120.00,487.101898,2991.87,0.000067,3830.00
21.500,4488.61,-54.90,0.201409,65.00,801.839844,4685.12,0.000263,11120.00
21.550,5089.28,-53.59,0.292207,60.00,1141.827393,5009.47,0.000171,12230.00
21.600,5380.40,-54.99,0.305440,50.00,1246.098145,4762.11,0.000091,11320.00
21.650,6175.30,-54.19,0.263669,40.00,1019.958496,4456.05,0.000154,11000.00
21.700,6003.89,-52.06,0.280536,35.00,1258.471558,4803.12,0.000279,11735.00
21.750,5214.90,-52.87,0.311613,50.00,1131.954102,4807.40,0.000183,11395.00
21.800,3540.58,-57.47,0.294318,45.00,1231.746460,4079.60,0.000059,8435.00
21.850,2428.01,-63.60,0.218473,40.00,907.399902,3130.58,0.000020,4630.00
21.900,2717.92,-67.07,0.111014,35.00,734.791443,3657.47,0.000024,6420.00
21.950,3329.33,-72.43,0.029897,235.00,576.852966,4159.19,0.000056,8605.00
22.000,3822.05,-75.60,0.016865,235.00,105.353363,4574.09,0.000065,10160.00
22.050,3705.06,-69.59,0.027170,290.00,141.243500,4469.98,0.000163,10025.00
22.100,2641.87,-69.23,0.060838,295.00,237.654327,3654.48,0.000044,5425.00
22.150,1850.60,-74.02,0.058541,295.00,129.178818,2820.53,0.000011,2400.00
22.200,1217.83,-69.71,0.149327,150.00,813.783264,2656.70,0.000010,1580.00
22.250,1468.32,-64.80,0.283836,60.00,1104.928589,2829.96,0.000010,3130.00
22.300,1682.16,-65.78,0.306690,50.00,1228.973145,2812.85,0.000006,4215.00
22.350,4274.87,-56.12,0.262560,40.00,1157.801270,4239.13,0.000136,9545.00
22.400,5155.96,-50.59,0.246052,40.00,1077.938354,4424.36,0.000786,11025.00
22.450,5385.95,-51.71,0.177696,40.00,779.498474,4537.93,0.000941,11545.00
22.500,5751.10,-58.86,0.057959,420.00,817.522156,4742.18,0.000706,12195.00
22.550,3948.66,-60.79,0.059525,665.00,329.474976,3684.07,0.000459,8190.00
22.600,3817.27,-55.39,0.159213,335.00,668.840515,3534.37,0.000371,7635.00
22.650,3536.07,-56.06,0.208568,340.00,709.391663,3439.19,0.000188,7230.00
22.700,2916.83,-60.36,0.191496,520.00,634.674561,2995.09,0.000070,6055.00
22.750,2152.67,-61.86,0.232195,70.00,1144.862915,2861.80,0.000034,3805.00
22.800,2041.04,-61.22,0.306981,55.00,1120.416748,2826.77,0.000023,3725.00
22.850,2225.91,-61.85,0.302561,45.00,1302.682861,2908.60,0.000019,3890.00
22.900,4863.33,-56.56,0.238283,40.00,969.274719,4979.09,0.000107,12005.00
22.950,5997.44,-54.05,0.190632,35.00,874.682312,5138.87,0.000357,12845.00
23.000,5262.86,-56.32,0.177780,1060.00,791.658691,4992.82,0.000207,12240.00
23.050,4071.54,-61.08,0.128361,60.00,505.237183,4562.19,0.000097,10215.00
23.100,6101.89,-55.86,0.103074,65.00,615.109863,4972.14,0.000629,12760.00
23.150,5569.35,-54.61,0.171656,600.00,654.567261,4965.69,0.000362,12420.00
23.200,4167.86,-58.29,0.173606,60.00,476.970795,4519.49,0.000126,10470.00
23.250,2791.83,-64.37,0.107777,60.00,630.815308,3634.03,0.000059,6595.00
23.300,2388.84,-63.61,0.139229,435.00,563.140686,3267.22,0.000046,5320.00
23.350,2302.40,-62.62,0.171540,60.00,488.810730,3133.95,0.000045,4695.00
23.400,3610.07,-61.04,0.148543,60.00,560.553223,4309.27,0.000081,9660.00
23.450,5156.80,-60.06,0.130605,60.00,369.256317,4852.78,0.000117,11230.00
23.500,3434.14,-60.23,0.149531,60.00,539.717896,4194.17,0.000102,9355.00
23.550,2034.46,-64.25,0.162667,60.00,351.142700,2876.53,0.000033,3530.00
23.600,1854.13,-65.71,0.147712,115.00,635.417908,3018.61,0.000027,3445.00
23.650,2443.56,-60.67,0.278637,65.00,1101.012817,3557.56,0.000031,6050.00
23.700,2541.67,-59.62,0.331182,50.00,1143.179321,3253.51,0.000031,5550.00
23.750,2984.65,-58.77,0.285237,40.00,1219.999146,3729.43,0.000051,6560.00
23.800,5143.07,-51.73,0.253655,40.00,1001.604736,4580.91,0.000413,11310.00
23.850,5237.10,-50.24,0.233799,55.00,898.091248,4485.68,0.000735,11135.00
23.900,4546.40,-54.46,0.166100,60.00,717.154236,4286.11,0.000390,10050.00
23.950,3998.08,-56.43,0.174131,60.00,742.549011,4390.67,0.000217,9880.00
24.000,4164.98,-52.33,0.307274,60.00,1102.165405,4566.58,0.000249,10350.00
24.050,3481.96,-53.32,0.356649,55.00,1265.711670,4160.42,0.000149,8650.00
24.100,3300.04,-54.78,0.314516,40.00,1287.199707,3771.62,0.000119,8060.00
24.150,4504.01,-53.00,0.255108,40.00,1048.182007,4084.65,0.000263,9525.00
24.200,4997.68,-52.56,0.203797,75.00,948.534058,4126.98,0.000482,10045.00
24.250,4196.54,-54.58,0.209862,75.00,923.941589,3937.78,0.000276,9240.00
24.300,2448.64,-59.22,0.250090,435.00,807.001404,2984.13,0.000065,5025.00
24.350,2687.48,-55.87,0.300957,65.00,1144.201416,3241.24,0.000109,5810.00
24.400,2856.84,-56.36,0.319098,50.00,1295.609741,3430.64,0.000077,6395.00
24.450,2508.50,-61.41,0.284144,40.00,1145.264160,3714.28,0.000026,6080.00
24.500,4710.80,-55.42,0.261769,35.00,1100.673828,5127.45,0.000166,12025.00
24.550,4724.80,-53.60,0.307006,50.00,1013.392822,5032.26,0.000208,11905.00
24.600,3423.92,-56.62,0.321881,50.00,1130.487183,4357.94,0.000076,9245.00
24.650,2329.22,-61.37,0.265326,40.00,1013.714905,3169.51,0.000029,3715.00
24.700,2235.72,-64.50,0.182232,35.00,744.951172,3095.03,0.000023,3610.00
24.750,2338.19,-67.97,0.099973,80.00,718.221191,3408.93,0.000024,3965.00
24.800,1998.01,-74.12,0.045875,80.00,378.867096,3256.31,0.000015,3485.00
24.850,2873.43,-68.75,0.034638,320.00,246.171677,3781.44,0.000133,6670.00
24.900,3068.16,-61.83,0.098807,1405.00,447.365662,3572.32,0.000133,7345.00
24.950,5125.59,-56.59,0.114788,315.00,338.870911,3998.11,0.000355,9800.00
25.000,6775.71,-56.19,0.101320,310.00,491.521790,3363.53,0.000504,10250.00
25.050,6441.53,-56.05,0.098544,465.00,345.463593,3437.63,0.000566,10015.00
25.100,4475.99,-56.86,0.160233,450.00,769.451660,3708.50,0.000191,8845.00
25.150,3303.50,-58.49,0.196214,445.00,613.212402,3412.98,0.000149,7010.00
25.200,4973.09,-51.07,0.215294,670.00,877.371216,4279.12,0.000857,10440.00
25.250,5352.37,-50.33,0.210090,405.00,692.800171,4500.04,0.001066,11405.00
25.300,5517.99,-55.03,0.106917,405.00,796.409668,4616.48,0.000761,11735.00
25.350,5747.10,-57.03,0.070745,265.00,461.417542,3848.48,0.000812,10020.00
25.400,4837.34,-53.52,0.142404,670.00,595.867188,3785.29,0.000682,9355.00
25.450,4649.59,-53.59,0.150793,1495.00,383.596832,3860.79,0.000617,9345.00
25.500,4120.05,-58.38,0.125224,225.00,632.128418,3692.16,0.000224,8595.00
25.550,2191.89,-63.81,0.195149,230.00,918.470581,2710.55,0.000027,3735.00
25.600,1726.38,-64.49,0.299238,60.00,1163.587524,2595.86,0.000010,3655.00
25.650,1614.51,-67.02,0.311370,50.00,1275.419067,2492.00,0.000004,3590.00
25.700,4325.53,-60.12,0.254186,40.00,1072.091187,4916.59,0.000030,11430.00
25.750,6614.56,-54.92,0.189834,35.00,843.711792,5150.27,0.000239,13025.00
25.800,6747.67,-55.74,0.132982,60.00,722.965027,5114.18,0.000383,13020.00
25.850,5845.70,-61.73,0.100860,60.00,474.076050,5156.86,0.000110,12560.00
25.900,5997.93,-57.50,0.091811,60.00,378.428833,4894.82,0.000502,12640.00
25.950,6124.53,-54.59,0.130994,80.00,548.441345,4960.02,0.000627,12715.00
26.000,4585.36,-56.79,0.180637,80.00,666.227966,4825.01,0.000184,11550.00
26.050,2773.46,-62.10,0.193296,80.00,666.348267,3688.97,0.000039,6740.00
26.100,2669.09,-65.44,0.174684,1290.00,523.776733,3356.96,0.000016,6405.00
26.150,2639.45,-66.33,0.145990,80.00,511.450256,3453.68,0.000016,6580.00
26.200,4080.09,-62.33,0.110950,80.00,476.571991,4160.65,0.000077,9710.00
26.250,5974.44,-57.47,0.122890,80.00,414.266724,4003.17,0.000244,10535.00
26.300,6166.57,-56.16,0.128235,80.00,280.850311,3836.22,0.000320,10470.00
26.350,5197.53,-58.01,0.113295,80.00,430.783325,3824.41,0.000222,9730.00
26.400,3154.35,-63.70,0.099160,215.00,439.040741,3158.65,0.000075,6370.00
26.450,1905.67,-63.61,0.239595,80.00,1153.378296,2953.88,0.000018,3755.00
26.500,1952.69,-61.09,0.343775,55.00,1172.069946,2667.00,0.000020,3750.00
26.550,2133.14,-61.13,0.324784,45.00,1361.047729,2626.37,0.000023,3855.00
26.600,4429.27,-53.57,0.269741,40.00,1057.271118,4426.66,0.000219,10215.00
26.650,5329.59,-49.99,0.249714,40.00,940.408325,4448.81,0.000684,10960.00
26.700,5272.89,-51.60,0.200943,80.00,793.694336,4338.86,0.000613,10490.00
26.750,5404.19,-56.96,0.122915,80.00,732.843506,4449.72,0.000291,10740.00
26.800,4674.84,-54.65,0.145904,75.00,542.306885,4263.94,0.000458,10375.00
26.850,4559.53,-53.31,0.171670,80.00,379.780975,4123.56,0.000512,10065.00
26.900,4220.83,-58.15,0.122127,80.00,567.546814,4106.57,0.000237,9715.00
26.950,2388.81,-66.77,0.106360,80.00,368.815155,3256.03,0.000030,4345.00
27.000,2431.12,-61.59,0.190385,610.00,915.824768,2814.84,0.000051,3815.00
27.050,2254.46,-61.19,0.284665,610.00,963.826294,2399.50,0.000030,3710.00
27.100,2156.48,-63.39,0.255663,615.00,976.238953,2360.57,0.000020,3705.00
27.150,1674.22,-64.25,0.260349,70.00,1330.953003,2634.11,0.000015,2710.00
27.200,1529.75,-64.44,0.309764,55.00,1278.803345,2918.83,0.000009,2345.00
27.250,3200.25,-61.46,0.292983,45.00,1296.629028,4223.28,0.000021,8805.00
27.300,4920.68,-56.70,0.247650,40.00,1011.560425,5122.49,0.000121,11810.00
27.350,5095.74,-53.66,0.302435,50.00,1227.331665,5233.69,0.000210,12570.00
27.400,4575.75,-56.16,0.311869,50.00,1096.532349,5067.41,0.000096,11940.00
27.450,3075.33,-62.88,0.239547,40.00,1062.955322,4380.24,0.000017,9050.00
27.500,3815.82,-62.92,0.167550,35.00,840.589783,4203.56,0.000030,9320.00
27.550,6142.06,-56.97,0.125815,35.00,553.829712,4083.20,0.000289,10795.00
27.600,6164.71,-55.93,0.122822,40.00,423.456451,3999.40,0.000400,10765.00
27.650,4543.89,-59.97,0.114657,40.00,326.339325,4014.40,0.000144,9690.00
27.700,2727.17,-63.67,0.118834,40.00,418.191223,3351.69,0.000060,4975.00
27.750,2443.76,-62.01,0.205853,470.00,779.697388,2788.47,0.000036,3875.00
27.800,2220.61,-63.68,0.216837,465.00,653.835510,2514.93,0.000022,3805.00
27.850,1793.01,-64.06,0.230850,80.00,1147.864258,2702.89,0.000020,3360.00
27.900,1814.86,-62.59,0.305129,55.00,1244.086182,2873.19,0.000015,3960.00
27.950,2065.13,-63.95,0.300544,50.00,1272.389526,3042.45,0.000008,4835.00
28.000,4697.62,-53.85,0.252126,40.00,1119.580322,4318.76,0.000193,10165.00
28.050,5109.45,-50.17,0.252889,35.00,1027.559692,4435.98,0.000593,10935.00
28.100,4720.75,-52.37,0.220195,430.00,905.680298,4400.09,0.000434,10465.00
28.150,3552.39,-58.43,0.182443,660.00,925.578674,3651.62,0.000125,8180.00
28.200,3468.52,-57.98,0.171980,1790.00,762.666138,3263.35,0.000163,7030.00
28.250,3752.38,-55.05,0.180222,665.00,613.659363,3508.83,0.000333,7555.00
28.300,3815.32,-58.44,0.117029,370.00,636.779358,3631.41,0.000282,7645.00
28.350,3297.50,-63.08,0.116520,185.00,684.200500,4417.78,0.000075,9605.00
28.400,3214.97,-60.21,0.258667,65.00,1102.968384,4617.97,0.000037,10215.00
28.450,3145.82,-59.37,0.316794,50.00,1198.565918,4360.41,0.000031,9450.00
28.500,2232.82,-62.31,0.299186,40.00,1250.196167,3308.35,0.000017,4635.00
28.550,2207.50,-63.85,0.224288,40.00,951.994324,3011.17,0.000020,3910.00
28.600,2597.49,-62.95,0.177742,60.00,914.605225,3228.37,0.000039,6470.00
28.650,2492.09,-65.53,0.142600,60.00,669.642517,2949.99,0.000031,5690.00
28.700,4828.07,-59.96,0.100410,60.00,469.474915,4768.66,0.000257,11445.00
28.750,6547.69,-55.25,0.109594,80.00,505.584930,4962.03,0.000769,12880.00
28.800,5849.74,-55.84,0.137768,80.00,471.243317,5047.42,0.000430,12570.00
28.850,4396.23,-61.01,0.125526,80.00,384.560547,4747.31,0.000100,11135.00
28.900,4329.95,-61.74,0.090771,80.00,435.138580,3773.09,0.000142,8420.00
28.950,5464.66,-57.63,0.120066,80.00,410.888550,3538.48,0.000268,9075.00
29.000,5177.86,-57.75,0.125118,80.00,378.349487,3591.55,0.000227,9220.00
29.050,3524.38,-61.31,0.140207,80.00,453.356201,3194.18,0.000077,7065.00
29.100,2776.54,-63.27,0.158361,80.00,567.082336,3024.57,0.000037,5110.00
29.150,2553.49,-63.13,0.183297,80.00,552.668457,2965.31,0.000033,4230.00
29.200,2956.73,-61.85,0.148097,80.00,570.689453,3664.67,0.000071,7800.00
29.250,3969.31,-60.14,0.154287,75.00,868.158447,4897.86,0.000098,11115.00
29.300,3704.07,-57.44,0.272671,60.00,1071.560547,4671.97,0.000072,10705.00
29.350,2886.69,-57.65,0.324995,50.00,1208.795776,3704.12,0.000055,6285.00
29.400,3564.15,-55.79,0.288412,40.00,1026.933350,4059.39,0.000135,8275.00
29.450,5167.92,-50.32,0.251622,40.00,1004.862976,4513.27,0.000742,11210.00
29.500,5094.83,-50.60,0.214932,210.00,867.027222,4395.32,0.000921,10850.00
29.550,4453.27,-56.65,0.123150,210.00,762.091919,4154.76,0.000354,9695.00
29.600,3286.86,-58.95,0.132451,410.00,528.511963,3362.56,0.000182,6765.00
29.650,3327.99,-55.12,0.221622,420.00,742.880493,3347.17,0.000223,6720.00
29.700,3173.03,-57.65,0.187168,80.00,687.570618,3357.80,0.000152,6550.00
29.750,2423.18,-65.34,0.113030,80.00,687.559448,3213.09,0.000043,4925.00
29.800,3441.18,-62.19,0.103653,75.00,533.234497,4224.42,0.000124,9245.00
29.850,2564.81,-60.20,0.209850,95.00,945.659546,3391.13,0.000072,5930.00
29.900,2221.30,-61.13,0.276030,1285.00,799.651306,2754.74,0.000035,3635.00
29.950,3890.83,-55.32,0.262476,1285.00,965.309631,4461.39,0.000150,10025.00
30.000,4750.96,-53.48,0.294682,60.00,1291.125366,4981.02,0.000183,11845.00
30.050,4038.82,-56.57,0.310350,50.00,1261.426392,4841.62,0.000067,11025.00
30.100,3583.90,-59.95,0.255701,40.00,1043.486206,4736.32,0.000038,10245.00
30.150,5124.14,-54.88,0.277014,65.00,1273.944458,5260.16,0.000139,12610.00
30.200,4750.70,-54.99,0.342428,60.00,1192.963013,5145.33,0.000088,12210.00
30.250,3341.14,-60.38,0.308665,45.00,1230.760864,4562.38,0.000022,9795.00
30.300,1870.30,-67.56,0.235205,40.00,880.839661,3402.12,0.000005,2985.00
30.350,2474.06,-63.62,0.173697,55.00,781.517700,3268.89,0.000031,5645.00
30.400,2615.38,-62.08,0.195493,60.00,855.954346,2799.43,0.000040,3980.00
30.450,2408.59,-65.28,0.156738,60.00,426.277283,2577.80,0.000023,3705.00
30.500,2579.42,-66.06,0.099172,60.00,641.096924,3478.60,0.000040,5290.00
30.550,2950.88,-62.03,0.134269,225.00,570.594543,3176.68,0.000078,6435.00
30.600,3994.19,-58.57,0.133062,225.00,374.172882,3487.05,0.000178,8325.00
30.650,5047.94,-55.96,0.154101,145.00,830.814331,4217.90,0.000273,9750.00
30.700,4786.95,-55.86,0.279364,65.00,1117.423340,4478.19,0.000094,9850.00
30.750,3985.98,-57.44,0.310862,50.00,1210.501953,4138.82,0.000044,8980.00
30.800,3791.23,-59.14,0.260709,40.00,1107.302734,4408.24,0.000052,9390.00
30.850,5463.49,-51.57,0.217638,40.00,1001.960205,4586.00,0.000673,11610.00
30.900,5136.25,-50.04,0.228073,225.00,959.279297,4359.06,0.000994,10825.00
30.950,4437.29,-54.34,0.177350,225.00,782.550110,4009.84,0.000422,9365.00
31.000,3748.00,-58.87,0.106957,225.00,624.816162,3484.29,0.000270,7450.00
31.050,4403.03,-53.98,0.151733,665.00,622.880920,3663.33,0.000542,8555.00
31.100,4533.51,-54.66,0.138617,175.00,414.610016,3686.63,0.000520,8770.00
31.150,3570.36,-61.32,0.103163,175.00,573.946106,3618.41,0.000136,7550.00
31.200,1541.70,-66.53,0.202110,70.00,981.958496,3022.79,0.000012,2320.00
31.250,1527.95,-64.13,0.306183,55.00,1112.164307,2981.76,0.000011,2645.00
31.300,1363.04,-65.32,0.319108,45.00,1320.821289,2522.63,0.000009,2165.00
31.350,3992.93,-57.34,0.270670,40.00,1132.099487,4844.40,0.000095,10980.00
31.400,6017.93,-54.18,0.217430,35.00,1035.487061,5183.35,0.000314,12865.00
31.450,5939.26,-56.77,0.161056,445.00,809.892029,5186.67,0.000247,12790.00
31.500,4767.36,-62.30,0.105134,55.00,549.888489,5034.93,0.000093,11855.00
31.550,6350.78,-56.61,0.103795,60.00,457.193329,4945.65,0.000471,12800.00
31.600,5366.14,-54.74,0.181766,410.00,734.636963,4888.77,0.000314,12220.00
31.650,4146.55,-58.36,0.194412,410.00,546.729980,4447.21,0.000107,10175.00
31.700,2762.12,-65.14,0.145745,60.00,517.568848,3500.09,0.000030,6290.00
31.750,2691.53,-66.55,0.113743,60.00,512.917297,3587.67,0.000027,6160.00
31.800,2634.51,-67.03,0.114924,60.00,252.771057,3269.85,0.000022,4110.00
31.850,2128.63,-69.57,0.108517,60.00,310.675293,2555.43,0.000013,3715.00
31.900,2876.83,-63.03,0.136759,60.00,372.239136,3281.46,0.000053,6480.00
31.950,2752.33,-59.73,0.210528,60.00,756.845581,3089.71,0.000066,6285.00
32.000,2557.71,-61.24,0.195719,430.00,640.250305,2990.13,0.000049,5955.00
32.050,4181.17,-59.02,0.138775,430.00,807.810608,4221.38,0.000153,9240.00
32.100,4634.05,-56.53,0.272422,65.00,1230.875732,4447.38,0.000082,9505.00
32.150,4267.23,-55.42,0.343154,50.00,1174.875366,4207.35,0.000073,9155.00
32.200,3640.71,-56.71,0.301697,40.00,1311.190552,3853.90,0.000071,8335.00
32.250,4776.11,-51.89,0.271284,40.00,1021.015381,4436.43,0.000323,10625.00
32.300,5116.37,-50.54,0.239032,55.00,903.033508,4455.28,0.000615,11045.00
32.350,4719.30,-54.69,0.150589,60.00,829.878784,4362.47,0.000441,10275.00
32.400,3434.98,-61.72,0.102214,60.00,544.217102,3846.67,0.000122,8030.00
32.450,3499.48,-56.23,0.164484,60.00,623.159424,3434.61,0.000258,7015.00
32.500,3399.13,-55.94,0.182439,60.00,415.382751,3461.39,0.000243,6890.00
32.550,2712.93,-62.72,0.128875,60.00,607.680115,3317.50,0.000071,5700.00
32.600,2713.75,-63.86,0.114071,60.00,359.921356,3628.22,0.000061,6930.00
32.650,2150.81,-61.14,0.202993,60.00,879.812439,2922.14,0.000057,3455.00
32.700,1859.68,-62.70,0.273366,1270.00,911.336182,2202.39,0.000023,2910.00
32.750,3202.13,-57.23,0.256864,1290.00,1015.882446,3963.55,0.000096,8050.00
32.800,4751.94,-53.51,0.278420,65.00,1290.759399,4977.45,0.000200,11930.00
32.850,4714.71,-54.94,0.310674,50.00,1266.513428,5070.95,0.000100,12010.00
32.900,3569.90,-60.43,0.276652,45.00,1205.039307,4700.73,0.000030,10150.00
32.950,5035.85,-56.02,0.253058,35.00,1168.156250,5273.42,0.000136,12565.00
33.000,5235.57,-54.32,0.305920,65.00,1035.558838,5258.48,0.000153,12605.00
33.050,4226.85,-58.23,0.307700,50.00,1194.359009,4996.25,0.000044,11550.00
33.100,2658.58,-64.53,0.244488,40.00,1001.242615,4000.15,0.000010,7215.00
33.150,4983.18,-59.97,0.154726,35.00,728.156006,4008.02,0.000079,9730.00
33.200,5884.57,-57.04,0.096664,230.00,728.168457,3709.86,0.000492,10080.00
33.250,5399.33,-58.74,0.084329,210.00,361.959381,4021.38,0.000364,10035.00
33.300,6050.39,-62.16,0.041590,210.00,331.752258,4884.41,0.000490,12130.00
33.350,4918.62,-59.72,0.078951,295.00,398.749939,4482.85,0.000343,10910.00
33.400,3896.96,-58.78,0.152124,235.00,553.025635,3570.49,0.000149,8245.00
33.450,3005.18,-61.86,0.149655,235.00,529.360474,2929.01,0.000073,6270.00
33.500,1732.96,-63.68,0.244751,65.00,1197.282104,2879.04,0.000018,3670.00
33.550,1770.13,-63.01,0.316327,50.00,1152.762695,2903.97,0.000012,3940.00
33.600,3219.56,-59.61,0.288985,45.00,1250.573975,4101.89,0.000030,8200.00
33.650,5217.87,-51.73,0.248802,40.00,1139.327759,4481.78,0.000390,11190.00
33.700,5447.80,-50.44,0.223922,40.00,842.636475,4561.59,0.000694,11570.00
33.750,5229.58,-54.72,0.148029,230.00,948.455566,4701.39,0.000435,11695.00
33.800,4220.47,-60.94,0.122251,470.00,540.870178,4317.47,0.000098,9990.00
33.850,3780.90,-55.95,0.154754,230.00,748.106873,3606.22,0.000320,7725.00
33.900,4043.68,-54.66,0.164962,1410.00,460.656464,3712.28,0.000411,8220.00
33.950,5583.37,-57.04,0.096808,350.00,659.142151,4181.91,0.000476,10415.00
34.000,4329.08,-58.95,0.156014,110.00,844.176697,4726.76,0.000128,10565.00
34.050,2877.13,-57.52,0.293904,60.00,1153.060059,3823.56,0.000068,7720.00
34.100,2346.71,-59.32,0.332481,50.00,1299.960205,2835.45,0.000034,3775.00
34.150,3393.84,-57.95,0.281061,40.00,1142.077515,3872.62,0.000060,7925.00
34.200,5681.09,-54.15,0.204572,35.00,909.530090,4981.38,0.000275,12635.00
34.250,6250.11,-54.12,0.154610,180.00,814.433044,4913.81,0.000462,12610.00
34.300,6910.15,-56.02,0.130752,60.00,557.239685,4152.67,0.000358,11160.00
34.350,7439.56,-55.96,0.105105,60.00,411.474457,3911.95,0.000544,11480.00
34.400,6500.77,-53.82,0.129962,65.00,477.969818,4533.48,0.000665,12200.00
34.450,5166.13,-55.71,0.159073,60.00,532.090027,4503.76,0.000301,11470.00
34.500,3761.55,-60.02,0.133945,60.00,419.163055,3765.14,0.000129,8125.00
34.550,4208.51,-60.79,0.096860,65.00,533.216858,4103.94,0.000177,9240.00
34.600,3001.28,-60.50,0.155759,60.00,631.622070,3520.25,0.000093,7330.00
34.650,2571.30,-61.77,0.193539,60.00,479.570404,2851.75,0.000045,5420.00
34.700,2514.20,-64.26,0.145154,60.00,649.403381,3055.30,0.000037,4645.00
34.750,2929.52,-61.33,0.147460,115.00,444.469513,3725.47,0.000077,7730.00
34.800,2353.71,-61.01,0.220832,440.00,832.920288,2940.75,0.000046,3805.00
34.850,2154.63,-63.90,0.227432,445.00,606.094910,2381.55,0.000021,3595.00
34.900,2151.71,-61.88,0.263647,450.00,1154.216064,3098.02,0.000028,3815.00
34.950,2289.51,-60.26,0.341903,60.00,1238.195679,3326.83,0.000026,5260.00
35.000,2165.92,-62.13,0.318602,45.00,1352.582153,2991.01,0.000018,4440.00
35.050,4566.47,-54.59,0.252651,40.00,1177.087280,4502.88,0.000184,10565.00
35.100,5083.46,-50.25,0.254564,40.00,1030.369141,4480.95,0.000645,11045.00
35.150,4491.25,-52.03,0.251765,445.00,975.581848,4325.45,0.000387,10105.00
35.200,3674.36,-57.49,0.178613,60.00,769.472473,4129.54,0.000202,8520.00
35.250,4777.35,-52.75,0.226619,65.00,1059.115234,4806.92,0.000453,11470.00
35.300,4483.28,-51.59,0.344278,60.00,1184.982300,4609.20,0.000284,10700.00
35.350,3439.37,-55.95,0.331887,45.00,1274.874878,4092.88,0.000081,8355.00
35.400,2001.97,-63.68,0.246080,40.00,1092.725342,3094.57,0.000017,3610.00
35.450,2119.96,-62.39,0.191843,35.00,876.330627,3303.69,0.000048,4045.00
35.500,2246.48,-60.20,0.252763,900.00,1115.448975,3089.76,0.000057,4045.00
35.550,2108.44,-61.83,0.251720,905.00,705.550415,2776.06,0.000036,3615.00
35.600,2611.85,-57.58,0.266626,145.00,1101.934082,3255.41,0.000085,6065.00
35.650,2888.42,-55.53,0.313911,55.00,1183.058960,3419.40,0.000106,6415.00
35.700,2506.87,-59.32,0.307100,45.00,1224.896606,3330.01,0.000039,5955.00
35.750,3903.28,-58.04,0.260320,40.00,1053.433716,4900.08,0.000076,10970.00
35.800,4989.00,-54.15,0.305505,60.00,1166.147827,5198.85,0.000165,12375.00
35.850,4526.20,-55.91,0.323529,50.00,1105.588379,5034.74,0.000082,11770.00
35.900,2912.32,-61.74,0.286817,40.00,1133.687134,4215.66,0.000017,8210.00
35.950,1789.72,-65.71,0.216933,40.00,871.941711,2993.97,0.000011,2905.00
36.000,2324.99,-60.52,0.218520,75.00,1073.528198,3055.41,0.000053,5020.00
36.050,3702.12,-57.13,0.186256,755.00,567.250671,3886.52,0.000154,8795.00
36.100,6394.30,-57.82,0.070903,235.00,902.970276,3928.88,0.000678,10400.00
36.150,5985.94,-59.53,0.059190,310.00,292.298187,3952.48,0.000577,10080.00
36.200,3175.54,-63.16,0.084600,310.00,353.858307,3687.17,0.000123,7885.00
36.250,2722.83,-62.78,0.135108,485.00,533.605530,2990.35,0.000067,5155.00
36.300,3187.50,-62.72,0.147760,485.00,453.394257,3123.09,0.000057,6690.00
36.350,3336.32,-62.15,0.104835,480.00,542.065735,3240.67,0.000114,6665.00
36.400,3011.10,-63.82,0.115765,475.00,497.432220,2937.68,0.000057,5675.00
36.450,4866.28,-53.80,0.160608,1185.00,645.666992,4081.97,0.000489,9975.00
36.500,5290.29,-50.17,0.224215,1180.00,722.394226,4344.03,0.000742,10980.00
36.550,5292.95,-52.49,0.165547,235.00,706.267151,4527.54,0.000661,11445.00
36.600,4436.29,-59.44,0.135259,485.00,822.515442,4345.03,0.000130,10015.00
36.650,3659.12,-57.99,0.148648,485.00,518.045898,3524.95,0.000209,7425.00
36.700,3896.14,-54.99,0.172741,490.00,585.423279,3603.09,0.000379,7735.00
36.750,3944.82,-57.87,0.128166,185.00,614.108398,3648.69,0.000275,7765.00
36.800,3225.13,-62.71,0.115864,180.00,607.758667,3639.75,0.000075,7535.00
36.850,4192.37,-56.96,0.244100,65.00,1108.059692,4065.68,0.000078,8810.00
36.900,4773.80,-55.32,0.311214,50.00,1136.019165,4118.63,0.000071,9345.00
36.950,4107.91,-56.47,0.291631,40.00,1254.030029,3952.99,0.000070,8890.00
37.000,5144.23,-54.11,0.242526,40.00,992.339294,4647.57,0.000215,11580.00
37.050,6026.24,-53.44,0.189268,35.00,824.906311,4822.63,0.000412,12665.00
37.100,5256.78,-56.80,0.146830,60.00,792.844177,4644.53,0.000278,11770.00
37.150,5048.59,-59.00,0.119083,220.00,498.982086,4828.07,0.000261,11805.00
37.200,6795.85,-54.80,0.123127,220.00,493.130249,4989.37,0.000762,13010.00
37.250,5588.77,-55.17,0.158955,80.00,650.904297,4940.48,0.000435,12390.00
37.300,3728.66,-60.13,0.185296,1830.00,584.826355,4149.17,0.000060,9175.00
37.350,2702.10,-65.48,0.178922,1825.00,577.247864,3041.76,0.000015,3895.00
37.400,2705.79,-66.28,0.168471,1825.00,329.209717,3200.34,0.000013,4565.00
37.450,2328.44,-66.67,0.153955,80.00,497.078156,2691.00,0.000016,3640.00
37.500,2212.83,-67.40,0.140565,80.00,543.863525,2563.22,0.000018,3575.00
37.550,2504.80,-67.36,0.125652,80.00,389.031799,3249.45,0.000020,3775.00
37.600,2333.75,-66.63,0.132287,80.00,426.760986,2968.20,0.000023,3710.00
37.650,2011.53,-68.72,0.110877,220.00,329.045319,2442.03,0.000018,3545.00
37.700,1429.04,-68.26,0.156446,220.00,796.044617,2637.68,0.000012,2390.00
37.750,1497.16,-63.88,0.282516,60.00,1100.838623,2542.46,0.000014,2545.00
37.800,1715.11,-62.66,0.328306,50.00,1180.152588,2388.09,0.000015,3115.00
37.850,3506.86,-56.75,0.274257,40.00,1082.827515,4185.76,0.000094,8705.00
37.900,5209.64,-50.36,0.250660,40.00,1032.889893,4516.72,0.000653,11210.00
37.950,4858.52,-50.13,0.267979,420.00,1033.397583,4338.07,0.000627,10425.00
38.000,3641.10,-55.22,0.242003,420.00,849.308350,3725.48,0.000167,7845.00
38.050,2901.77,-59.21,0.186130,75.00,901.659302,2989.63,0.000103,5350.00
38.100,3461.36,-55.33,0.204882,80.00,664.909790,3353.56,0.000248,6855.00
38.150,3504.87,-57.18,0.165356,80.00,587.309570,3449.00,0.000212,7015.00
38.200,2598.14,-65.52,0.120254,80.00,584.483643,3268.74,0.000034,5590.00
38.250,2365.82,-63.86,0.120688,75.00,448.357117,3093.05,0.000058,3955.00
38.300,2142.06,-61.16,0.217762,440.00,915.648010,2511.09,0.000049,3565.00
38.350,2047.67,-62.11,0.266197,675.00,847.382751,2147.45,0.000029,3475.00
38.400,1845.51,-63.23,0.260953,1345.00,1088.887939,2201.56,0.000022,3230.00
38.450,1523.03,-63.91,0.305090,65.00,1284.193604,2407.23,0.000012,2395.00
38.500,1383.28,-66.42,0.311259,50.00,1320.819092,2437.93,0.000005,2340.00
38.550,3372.53,-61.18,0.258223,40.00,1075.990845,4703.43,0.000033,10005.00
38.600,5163.91,-54.40,0.269877,35.00,1208.911499,5279.81,0.000215,12625.00
38.650,4988.72,-54.44,0.314388,50.00,983.396179,5191.66,0.000156,12350.00
38.700,3794.80,-60.03,0.278572,50.00,999.443420,4795.14,0.000031,10745.00
38.750,2173.73,-66.91,0.197045,40.00,996.016663,3643.55,0.000008,4905.00
38.800,2038.61,-66.64,0.142394,35.00,589.285156,3263.48,0.000019,3410.00
38.850,1804.11,-63.42,0.219364,745.00,1056.477661,2255.49,0.000028,2965.00
38.900,1909.95,-61.71,0.286102,765.00,752.905640,2119.21,0.000028,3305.00
38.950,2191.84,-61.03,0.252954,795.00,849.143311,2367.72,0.000040,3625.00
39.000,2302.06,-62.51,0.221196,830.00,1068.247559,2622.79,0.000031,3695.00
39.050,2128.04,-66.61,0.195347,835.00,801.443604,2617.00,0.000011,3570.00
39.100,1700.84,-65.78,0.199366,1250.00,876.486755,2595.81,0.000016,3100.00
39.150,1612.53,-63.51,0.284121,60.00,1183.412109,2791.89,0.000014,3295.00
39.200,1963.38,-62.91,0.312397,50.00,1214.365112,2938.65,0.000012,4500.00
39.250,3595.70,-57.16,0.272937,40.00,1175.319946,3965.79,0.000069,8205.00
39.300,4953.40,-50.90,0.258750,40.00,1143.242798,4381.97,0.000479,10690.00
39.350,5131.64,-51.06,0.228569,440.00,886.766602,4494.01,0.000562,11180.00
39.400,4817.95,-56.88,0.143702,435.00,870.458374,4534.18,0.000238,11020.00
39.450,3613.46,-60.73,0.114563,430.00,595.443420,3673.37,0.000132,8015.00
39.500,3797.93,-55.47,0.163391,425.00,665.442444,3589.54,0.000348,7820.00
39.550,3696.74,-55.97,0.174357,630.00,560.038696,3602.30,0.000277,7575.00
39.600,2720.12,-61.68,0.158771,605.00,668.354187,3127.52,0.000074,5855.00
39.650,1913.24,-63.21,0.229213,70.00,1084.675659,2873.25,0.000024,3600.00
39.700,1685.55,-63.56,0.314262,55.00,1162.857910,2727.80,0.000011,2820.00
39.750,1719.29,-66.52,0.308102,45.00,1331.430176,2490.26,0.000005,2990.00
39.800,1937.66,-67.01,0.243412,40.00,947.839111,2719.92,0.000006,3595.00
39.850,2140.99,-65.52,0.175412,35.00,854.788574,3098.66,0.000019,3760.00
39.900,2142.31,-66.34,0.164993,625.00,761.723755,2809.22,0.000017,3670.00
39.950,3222.61,-62.13,0.173214,625.00,489.633057,3907.39,0.000047,7870.00
40.000,5407.77,-54.13,0.169717,625.00,606.574158,4805.24,0.000421,12275.00
40.050,5480.27,-52.94,0.186826,630.00,615.709717,4727.84,0.000508,12205.00
40.100,4287.40,-56.39,0.181404,80.00,580.477600,4162.75,0.000215,9735.00
40.150,2878.37,-62.44,0.157211,415.00,591.207825,3076.51,0.000058,4020.00
40.200,2838.90,-61.54,0.148515,80.00,572.619690,3169.09,0.000077,5925.00
40.250,4653.12,-58.09,0.130935,80.00,521.205566,4076.65,0.000205,9225.00
40.300,6499.26,-57.05,0.123940,80.00,482.319519,3949.97,0.000294,10245.00
40.350,6108.81,-56.56,0.135933,80.00,359.206696,3994.28,0.000291,9945.00
40.400,4124.49,-57.61,0.186132,80.00,716.325012,3819.08,0.000124,8680.00
40.450,2523.19,-63.08,0.174781,430.00,354.178497,2858.74,0.000033,5305.00
40.500,1775.93,-68.04,0.118153,75.00,854.831177,2959.13,0.000021,3320.00
40.550,2189.70,-62.78,0.248690,65.00,1026.993652,3652.37,0.000023,5505.00
40.600,2339.98,-60.08,0.323722,50.00,1179.908325,3266.02,0.000030,4740.00
40.650,2831.81,-59.06,0.302544,40.00,1163.232300,3512.24,0.000040,6105.00
40.700,4925.20,-51.97,0.261233,40.00,1071.645264,4547.38,0.000341,11000.00
40.750,4981.83,-49.94,0.266486,210.00,974.790955,4415.71,0.000612,10810.00
40.800,4563.20,-53.68,0.177580,420.00,856.536072,4248.00,0.000442,9910.00
40.850,3726.00,-61.01,0.076307,180.00,780.207886,3959.81,0.000262,8530.00
40.900,3357.20,-55.91,0.178854,395.00,778.099487,3415.27,0.000259,6975.00
40.950,3303.90,-55.83,0.213407,400.00,538.638489,3454.23,0.000194,6910.00
41.000,2673.44,-62.12,0.146742,80.00,722.020752,3295.49,0.000065,5855.00
41.050,2196.71,-64.13,0.139008,195.00,518.692932,3080.55,0.000049,3535.00
41.100,2319.32,-59.94,0.248007,625.00,1060.336304,3032.93,0.000060,3730.00
41.150,2256.06,-60.72,0.298530,1255.00,980.732483,2652.58,0.000034,3590.00
41.200,3110.92,-57.65,0.261652,1255.00,831.543274,3726.04,0.000084,6685.00
41.250,4670.59,-53.59,0.265920,65.00,1346.173584,4882.40,0.000215,11770.00
41.300,4966.29,-54.82,0.304439,50.00,1268.057129,5114.52,0.000107,12270.00
41.350,3837.88,-60.45,0.279228,45.00,1191.614380,4826.49,0.000024,10750.00
41.400,4970.18,-56.54,0.248337,40.00,1100.500000,5230.71,0.000099,12365.00
41.450,5071.95,-54.26,0.323779,65.00,1170.406128,5196.83,0.000117,12370.00
41.500,4060.57,-57.82,0.331485,50.00,1141.497192,4927.60,0.000039,11275.00
41.550,2370.58,-65.29,0.258879,40.00,1147.225464,3922.66,0.000008,6265.00
41.600,1991.31,-66.84,0.189733,35.00,736.296509,3343.31,0.000010,3600.00
41.650,2345.38,-65.31,0.148404,55.00,761.303772,3202.88,0.000026,3810.00
41.700,1965.16,-68.62,0.129505,60.00,368.001770,2820.18,0.000012,3540.00
41.750,5157.60,-60.07,0.109057,60.00,471.144836,3718.86,0.000146,9160.00
41.800,5803.71,-54.58,0.137943,60.00,531.704529,3519.02,0.000481,9655.00
41.850,5681.10,-54.20,0.136002,295.00,468.902618,3649.03,0.000533,9815.00
41.900,4162.23,-57.18,0.156457,475.00,747.669189,3781.41,0.000187,8695.00
41.950,2020.52,-62.02,0.273405,70.00,1142.924927,2808.71,0.000024,3570.00
42.000,1806.59,-63.53,0.315627,50.00,1227.825317,2699.06,0.000011,3605.00
42.050,2252.02,-64.35,0.284948,45.00,1311.575684,3303.72,0.000008,4895.00
42.100,5319.29,-54.16,0.226502,40.00,1031.880737,4690.19,0.000224,11645.00
42.150,5379.58,-50.02,0.233002,35.00,1002.231445,4442.50,0.000776,11240.00
42.200,4866.25,-51.85,0.199929,450.00,825.065613,4224.30,0.000591,10215.00
42.250,3915.20,-58.82,0.129199,445.00,732.190735,3707.85,0.000191,8305.00
42.300,3873.26,-56.29,0.137259,2235.00,631.610107,3574.11,0.000392,7935.00
42.350,3918.02,-54.89,0.174994,220.00,449.244568,3616.37,0.000373,8000.00
42.400,3976.03,-58.38,0.126026,1410.00,645.207153,3789.29,0.000234,8345.00
42.450,4574.33,-57.80,0.156779,155.00,846.789001,4416.92,0.000164,9725.00
42.500,3984.31,-56.92,0.281426,60.00,1102.433472,4297.95,0.000072,9225.00
42.550,2947.44,-59.19,0.319088,50.00,1279.199341,3640.29,0.000031,7960.00
42.600,3380.65,-59.92,0.279485,40.00,1131.395020,4202.97,0.000035,8430.00
42.650,6014.22,-54.89,0.205588,40.00,905.950134,5082.29,0.000235,12855.00
42.700,6043.73,-54.82,0.164646,60.00,753.415344,5017.38,0.000370,12750.00
42.750,4662.84,-59.02,0.155942,425.00,581.232788,4587.93,0.000117,11075.00
42.800,5204.54,-57.02,0.154698,430.00,542.885681,4739.29,0.000221,11845.00
42.850,6185.80,-54.20,0.165458,450.00,693.145325,4907.48,0.000416,12795.00
42.900,5399.04,-56.46,0.174064,450.00,515.077759,4831.41,0.000202,12210.00
42.950,3455.00,-61.49,0.169419,450.00,552.523254,3911.53,0.000057,8320.00
43.000,4436.06,-60.11,0.130069,60.00,515.118591,4065.56,0.000114,9200.00
43.050,6648.74,-58.79,0.112103,60.00,466.069489,3948.15,0.000211,10325.00
43.100,6236.09,-57.86,0.119336,60.00,253.911880,3916.08,0.000256,9925.00
43.150,4337.98,-58.91,0.163548,60.00,620.705322,3710.62,0.000116,8585.00
43.200,2939.49,-63.57,0.182450,60.00,451.993713,2998.86,0.000029,5035.00
43.250,2545.49,-67.67,0.158220,445.00,510.555206,2629.72,0.000013,3780.00
43.300,2188.92,-68.97,0.135952,440.00,623.215332,2256.10,0.000012,3710.00
43.350,1633.85,-65.98,0.223883,70.00,1070.828735,2594.07,0.000012,3480.00
43.400,1762.86,-62.80,0.340401,60.00,1237.834717,2791.17,0.000012,3695.00
43.450,2113.64,-62.40,0.323606,45.00,1282.922119,2811.08,0.000014,4230.00
43.500,4520.62,-54.19,0.262017,40.00,1037.727905,4451.11,0.000165,10280.00
43.550,5203.92,-50.14,0.258580,55.00,995.231445,4502.60,0.000572,11250.00
43.600,4500.70,-51.68,0.261396,60.00,1040.078979,4260.76,0.000382,10085.00
43.650,3111.95,-57.69,0.240503,470.00,805.379578,3278.03,0.000093,5625.00
43.700,3289.18,-57.67,0.167359,60.00,859.609558,3276.80,0.000189,6585.00
43.750,3568.21,-55.19,0.190139,60.00,643.817688,3513.29,0.000298,7275.00
43.800,3023.67,-58.62,0.174836,60.00,533.706421,3387.87,0.000133,6500.00
43.850,2097.96,-66.80,0.117677,60.00,545.688110,2970.74,0.000027,3580.00
43.900,2149.71,-63.84,0.136920,60.00,507.848297,2940.79,0.000054,3355.00
43.950,1996.57,-61.55,0.232945,60.00,887.798218,2459.33,0.000042,3265.00
44.000,2343.60,-59.99,0.260833,675.00,789.413086,2875.60,0.000047,3550.00
44.050,3866.08,-54.45,0.270978,65.00,1171.698364,4515.87,0.000177,10120.00
44.100,4496.44,-53.75,0.310576,55.00,1317.293701,4940.15,0.000152,11690.00
44.150,3993.45,-58.08,0.296330,45.00,1312.339233,4858.80,0.000045,11030.00
44.200,4257.43,-58.62,0.244204,40.00,969.259460,5068.12,0.000057,11555.00
44.250,5277.98,-54.42,0.283936,65.00,1163.192993,5265.25,0.000144,12605.00
44.300,4799.52,-55.85,0.314994,50.00,1067.279663,5150.66,0.000078,12200.00
44.350,3251.58,-61.70,0.276786,40.00,1196.628296,4474.30,0.000018,9430.00
44.400,2266.06,-66.77,0.189976,40.00,859.630127,3539.15,0.000009,4990.00
44.450,2315.26,-66.18,0.099427,40.00,717.286926,3264.74,0.000042,3900.00
44.500,2265.32,-63.07,0.158311,640.00,852.830383,2376.85,0.000052,3820.00
44.550,2434.16,-62.62,0.154135,455.00,264.574982,2509.42,0.000060,3965.00
44.600,2834.49,-61.84,0.127884,490.00,769.370605,3158.01,0.000093,5905.00
44.650,2691.08,-60.76,0.198233,495.00,643.281616,2898.88,0.000061,4710.00
44.700,2632.70,-64.21,0.154869,495.00,582.361877,2868.07,0.000037,4355.00
44.750,1735.14,-65.05,0.189054,75.00,1096.988647,2842.26,0.000022,3310.00
44.800,1685.04,-63.35,0.296891,60.00,1135.025879,2895.50,0.000013,3750.00
44.850,1903.97,-64.08,0.304138,50.00,1247.037354,2872.78,0.000046,4350.00
44.900,4484.89,-54.25,0.254567,40.00,1129.741333,4289.35,0.001622,9870.00
44.950,5128.07,-50.05,0.250287,35.00,1025.808350,4407.97,0.004706,10945.00
45.000,4990.51,-52.22,0.220508,445.00,929.721741,4430.05,0.001865,10925.00
45.050,4619.27,-59.28,0.113316,450.00,796.396362,4353.61,0.000194,10225.00
45.100,4247.24,-58.04,0.082383,670.00,634.647888,3778.34,0.000590,8660.00
45.150,4005.40,-54.84,0.153957,660.00,503.227325,3670.01,0.000489,8190.00
45.200,3294.80,-57.35,0.193541,650.00,783.619446,3509.04,0.000162,6890.00
45.250,1978.48,-63.39,0.240143,645.00,750.194031,2602.78,0.000022,3455.00
45.300,1586.65,-64.25,0.264801,65.00,1253.914917,2643.86,0.000015,2600.00
45.350,1441.71,-65.66,0.312768,50.00,1198.411743,2720.60,0.000007,2360.00
45.400,1695.42,-68.03,0.283565,45.00,1256.601074,3381.70,0.000004,2820.00
45.450,5394.96,-56.92,0.217253,40.00,963.993530,5209.46,0.000127,12650.00
45.500,4925.91,-53.45,0.241214,35.00,1131.840576,5021.16,0.000335,12165.00
45.550,4011.58,-56.13,0.241815,710.00,916.008789,4651.36,0.000146,10550.00
45.600,3881.36,-59.25,0.167659,710.00,808.336426,4345.98,0.000144,9475.00
45.650,5972.10,-54.96,0.121030,65.00,677.301025,4876.15,0.000828,12565.00
45.700,6473.07,-54.54,0.129062,60.00,566.627441,4690.16,0.000748,12440.00
45.750,5148.60,-56.46,0.143553,60.00,519.014038,4427.10,0.000279,10685.00
45.800,2926.44,-61.67,0.188998,670.00,722.919922,3411.11,0.000048,6715.00
45.850,2304.89,-64.32,0.192069,1345.00,472.101868,2788.86,0.000026,3590.00
45.900,2029.17,-66.51,0.165829,120.00,772.182678,2314.26,0.000019,3615.00
45.950,2042.36,-68.42,0.158533,115.00,467.118500,2137.54,0.000012,3675.00
46.000,2476.23,-66.49,0.134270,115.00,412.286072,3157.54,0.000022,3785.00
46.050,2427.57,-63.96,0.157886,60.00,591.901245,2825.01,0.000036,3735.00
46.100,2247.18,-64.25,0.204934,440.00,559.800232,2493.42,0.000020,3670.00
46.150,2077.40,-63.30,0.204160,435.00,815.029175,2840.63,0.000028,3605.00
46.200,2213.28,-61.29,0.315152,60.00,1276.387451,3466.76,0.000021,5475.00
46.250,2294.13,-61.29,0.342135,50.00,1217.408325,3287.10,0.000017,5360.00
46.300,4194.66,-55.60,0.280209,40.00,1298.732300,4078.98,0.000102,9130.00
46.350,5334.49,-50.23,0.263058,40.00,1076.673340,4359.48,0.000549,10920.00
46.400,4917.17,-50.08,0.275278,55.00,1053.885376,4334.49,0.000552,10510.00
46.450,3648.89,-54.59,0.241453,445.00,884.845276,3860.66,0.000207,8240.00
46.500,3883.57,-54.85,0.211116,60.00,866.285828,4320.90,0.000269,9595.00
46.550,4582.89,-51.76,0.302947,60.00,1153.663696,4684.29,0.000295,11075.00
46.600,3971.79,-53.87,0.336696,50.00,1181.721313,4490.81,0.000127,9990.00
46.650,2402.99,-60.85,0.281961,40.00,1156.654297,3610.21,0.000027,5260.00
46.700,2138.49,-64.17,0.196010,35.00,907.807068,3333.95,0.000024,4025.00
46.750,2469.87,-59.98,0.214270,1190.00,1157.594849,3193.48,0.000076,4385.00
46.800,2314.09,-59.82,0.278227,685.00,860.783081,2728.52,0.000050,3635.00
46.850,2152.38,-59.82,0.276461,75.00,948.908020,2586.76,0.000048,3645.00
46.900,2640.19,-55.85,0.316350,75.00,1310.549683,3193.21,0.000099,5675.00
46.950,2832.98,-57.31,0.322054,50.00,1334.804565,3451.00,0.000056,6375.00
47.000,2918.78,-61.69,0.275086,40.00,1096.176636,4312.26,0.000022,8235.00
47.050,4921.11,-55.34,0.272112,35.00,1213.571289,5223.39,0.000143,12370.00
47.100,4928.94,-54.58,0.317834,50.00,1098.657715,5160.61,0.000129,12250.00
47.150,3852.94,-59.28,0.307630,45.00,1217.287476,4811.78,0.000030,10835.00
47.200,3478.66,-60.99,0.242426,40.00,948.223450,4152.73,0.000026,9030.00
47.250,5506.85,-56.55,0.166946,35.00,711.752258,4281.10,0.000187,10575.00
47.300,5644.15,-55.97,0.119513,80.00,715.672424,4164.84,0.000418,10625.00
47.350,4208.59,-60.12,0.106343,360.00,467.298004,3914.89,0.000153,9265.00
47.400,2525.30,-63.70,0.123265,380.00,579.411743,3224.09,0.000057,5425.00
47.450,2058.27,-63.06,0.201782,635.00,787.007812,2665.30,0.000033,2905.00
47.500,2273.00,-63.59,0.184790,640.00,638.201660,2679.42,0.000032,3605.00
47.550,2723.74,-65.56,0.102593,475.00,753.378784,3098.93,0.000050,4700.00
47.600,2978.04,-64.58,0.067614,220.00,479.749084,3539.46,0.000122,6370.00
47.650,3238.05,-61.86,0.087039,195.00,303.947571,3507.14,0.000163,7125.00
47.700,4795.96,-56.74,0.085533,190.00,395.258392,4016.90,0.000706,9580.00
47.750,5284.86,-50.84,0.192688,1885.00,783.021423,4301.25,0.000835,10925.00
47.800,5264.24,-50.95,0.202124,185.00,510.917450,4470.75,0.000739,11380.00
47.850,4398.86,-55.33,0.163010,510.00,844.512756,4265.63,0.000326,9815.00
47.900,3831.89,-57.31,0.147694,505.00,555.092773,3649.95,0.000242,8565.00
47.950,4316.96,-53.82,0.159232,480.00,709.201172,3756.69,0.000544,8950.00
48.000,4390.78,-54.38,0.148858,175.00,522.545715,3812.37,0.000526,8985.00
48.050,3842.17,-59.20,0.132734,340.00,620.115112,3795.31,0.000163,8515.00
48.100,1914.45,-63.49,0.207779,70.00,990.129456,3015.37,0.000026,3750.00
48.150,1547.39,-62.77,0.322954,60.00,1191.226562,2557.71,0.000015,2450.00
48.200,1794.90,-62.46,0.327329,45.00,1345.679443,2515.45,0.000015,3035.00
48.250,3888.80,-57.46,0.253153,40.00,1126.212036,4494.93,0.000075,10015.00
48.300,5959.77,-54.23,0.183137,35.00,871.411377,5085.60,0.000323,12775.00
48.350,5222.33,-54.83,0.163625,60.00,808.083252,4958.05,0.000363,12165.00
48.400,5145.42,-56.31,0.135599,60.00,445.143311,4465.55,0.000323,10475.00
48.450,6712.50,-55.51,0.101476,60.00,541.573669,4422.63,0.000650,12080.00
48.500,6624.03,-54.83,0.125800,80.00,505.385254,4774.02,0.000521,12735.00
48.550,4557.13,-56.78,0.155817,80.00,581.753052,4549.98,0.000229,10890.00
48.600,3006.77,-59.99,0.176065,80.00,556.611877,3243.97,0.000088,6005.00
48.650,3864.52,-58.62,0.147491,80.00,437.906403,3656.02,0.000148,8380.00
48.700,5223.38,-57.78,0.111812,80.00,514.357178,4115.50,0.000271,10100.00
48.750,4959.56,-58.38,0.109164,80.00,309.443390,4128.44,0.000244,9995.00
48.800,3447.45,-61.79,0.118209,80.00,342.471802,3777.26,0.000090,8460.00
48.850,2090.76,-63.66,0.169133,80.00,687.877197,2899.52,0.000037,3575.00
48.900,1967.83,-63.54,0.211407,595.00,673.720337,2585.03,0.000028,2995.00
48.950,2133.52,-64.04,0.177869,460.00,846.105225,2802.83,0.000031,3650.00
49.000,1742.23,-64.03,0.242316,65.00,1165.791626,2949.22,0.000016,3040.00
49.050,1772.79,-63.06,0.314691,50.00,1198.944214,2777.40,0.000012,3650.00
49.100,2241.07,-61.25,0.305991,45.00,1176.977051,3314.81,0.000029,4690.00
49.150,4836.53,-52.39,0.255100,40.00,1060.212036,4606.51,0.000417,11015.00
49.200,5053.84,-49.62,0.256835,80.00,962.096741,4488.93,0.000919,10985.00
49.250,4521.65,-53.18,0.199020,345.00,839.862854,4326.61,0.000516,10075.00
49.300,3129.62,-60.21,0.146214,345.00,694.623596,3642.13,0.000104,7455.00
49.350,3246.13,-56.33,0.192127,80.00,702.105774,3353.97,0.000210,6750.00
49.400,3418.83,-55.55,0.205851,80.00,569.287415,3459.49,0.000227,6985.00
49.450,3197.93,-60.95,0.139216,80.00,683.462830,3573.62,0.000093,7280.00
49.500,5503.92,-60.64,0.101127,80.00,479.680695,4291.62,0.000139,10180.00
49.550,5336.25,-56.52,0.114494,230.00,478.499420,4185.10,0.000393,10140.00
49.600,3642.81,-57.41,0.202222,235.00,864.692017,3827.72,0.000125,8525.00
49.650,2230.04,-62.37,0.222965,480.00,610.458740,2804.89,0.000032,3795.00
49.700,1589.87,-63.39,0.272272,65.00,1228.232300,2486.76,0.000019,2365.00
49.750,1436.97,-63.79,0.331007,50.00,1238.170288,2417.27,0.000012,2060.00
49.800,1627.01,-64.90,0.295655,45.00,1283.050659,2826.10,0.000015,2270.00
49.850,4499.57,-56.18,0.253657,35.00,1208.694702,5138.63,0.000169,11905.00
49.900,5058.90,-53.79,0.311421,50.00,999.408020,5230.59,0.000216,12510.00
49.950,4425.20,-57.18,0.300022,50.00,1092.444336,5009.49,0.000079,11630.00
50.000,2881.73,-63.64,0.217286,40.00,1026.405029,4164.08,0.000016,8055.00
50.050,3704.62,-63.34,0.150773,35.00,705.613037,4143.32,0.000031,8915.00
50.100,5667.04,-57.55,0.116340,35.00,539.321045,4044.35,0.000271,10390.00
50.150,5255.97,-56.77,0.143338,40.00,491.919708,4074.71,0.000227,10135.00
50.200,5574.70,-57.74,0.131502,40.00,272.462372,4768.54,0.000205,11510.00
50.250,7007.59,-57.07,0.108720,40.00,500.944885,4939.11,0.000362,12225.00
50.300,5483.51,-56.48,0.140831,40.00,472.979004,4851.39,0.000289,11455.00
50.350,3232.72,-59.04,0.194824,475.00,687.947021,3842.36,0.000093,8400.00
50.400,1864.16,-62.80,0.248615,80.00,1003.537170,2768.63,0.000024,3570.00
50.450,1765.41,-62.75,0.309548,55.00,1239.533325,2713.54,0.000014,3655.00
50.500,2366.87,-61.57,0.294113,45.00,1261.713623,3171.38,0.000019,5190.00
50.550,4790.41,-52.46,0.252216,40.00,1142.084961,4326.17,0.000302,10350.00
50.600,5223.06,-50.12,0.241090,40.00,885.560425,4500.09,0.000667,11220.00
50.650,4752.11,-53.50,0.183248,180.00,974.576294,4592.33,0.000432,11055.00
50.700,2997.85,-60.29,0.139246,175.00,635.832703,3867.80,0.000124,7730.00
50.750,4109.34,-55.77,0.125442,670.00,695.257202,3631.77,0.000485,8340.00
50.800,4459.30,-53.37,0.163128,185.00,432.187561,3798.45,0.000597,8995.00
50.850,4784.51,-57.37,0.107350,185.00,611.259949,4089.13,0.000383,9875.00
50.900,2798.52,-63.56,0.139291,145.00,718.665466,3918.88,0.000047,8365.00
50.950,1978.75,-62.04,0.277111,65.00,1114.784180,3033.35,0.000022,3770.00
51.000,2147.25,-61.22,0.327982,50.00,1265.073608,2706.49,0.000021,3765.00
51.050,3048.86,-59.49,0.276843,40.00,1156.312012,3251.13,0.000036,6575.00
51.100,5151.76,-56.29,0.192511,40.00,975.976685,3975.32,0.000156,9695.00
51.150,5582.48,-55.05,0.147853,60.00,735.487183,3979.77,0.000367,10220.00
51.200,4795.16,-57.20,0.134088,60.00,576.874634,3864.03,0.000241,9515.00
51.250,5260.04,-56.89,0.126057,60.00,450.648987,4734.90,0.000293,11565.00
51.300,5671.82,-53.70,0.175543,220.00,740.368896,4959.98,0.000420,12560.00
51.350,4633.64,-54.74,0.220246,690.00,782.469604,4606.60,0.000217,11080.00
51.400,3302.41,-59.55,0.193297,465.00,690.204468,3674.91,0.000082,8170.00
51.450,2658.95,-65.46,0.115098,80.00,730.288330,3263.04,0.000041,4535.00
51.500,2559.14,-66.40,0.107708,80.00,458.532288,3298.03,0.000034,3990.00
51.550,2542.92,-66.89,0.122407,80.00,306.312378,2731.89,0.000023,3880.00
51.600,2875.91,-65.62,0.111367,80.00,338.164703,3358.53,0.000034,5720.00
51.650,2953.99,-62.72,0.150054,80.00,583.312988,3622.63,0.000045,7750.00
51.700,2473.12,-62.91,0.217971,455.00,620.274597,3134.53,0.000024,5045.00
51.750,3054.96,-62.52,0.146504,450.00,629.466614,3714.57,0.000054,8350.00
51.800,2822.45,-59.85,0.211766,75.00,1007.248901,3742.51,0.000064,7825.00
51.850,2269.43,-59.61,0.329221,55.00,1168.376221,3265.36,0.000033,5075.00
51.900,2326.14,-60.45,0.322263,45.00,1283.297485,3272.59,0.000025,5060.00
51.950,4760.17,-54.48,0.258600,40.00,1076.176758,4627.03,0.000157,10915.00
52.000,5313.59,-50.17,0.243644,40.00,978.684998,4471.24,0.000638,11095.00
52.050,4895.97,-51.42,0.209781,185.00,882.147095,4332.73,0.000598,10460.00
52.100,3935.27,-58.38,0.137932,220.00,853.597839,4133.35,0.000177,9140.00
52.150,3182.16,-58.51,0.152879,225.00,535.694275,3412.16,0.000168,6645.00
52.200,3455.65,-55.19,0.208165,225.00,576.732361,3511.03,0.000242,7060.00
52.250,3433.00,-58.77,0.163564,80.00,601.077271,3605.21,0.000126,7295.00
52.300,2741.79,-64.71,0.124627,80.00,493.044586,3269.76,0.000041,6365.00
52.350,3001.69,-60.14,0.168016,235.00,747.638794,3432.61,0.000101,6700.00
52.400,2682.39,-59.94,0.232478,470.00,779.179382,3163.92,0.000061,5915.00
52.450,2665.46,-60.82,0.236237,695.00,900.228760,3317.53,0.000042,5885.00
52.500,4422.04,-55.14,0.264894,695.00,1014.398132,4867.63,0.000144,11485.00
52.550,4718.13,-54.33,0.312034,60.00,1203.596802,5109.05,0.000133,12190.00
52.600,3968.80,-58.38,0.299706,50.00,1282.959473,4904.98,0.000044,11150.00
52.650,4134.92,-59.40,0.241076,40.00,953.709595,5043.99,0.000048,11500.00
52.700,5130.51,-54.57,0.289694,60.00,1265.317261,5260.46,0.000136,12595.00
52.750,4590.27,-55.73,0.340950,60.00,1097.894531,5097.78,0.000070,12010.00
52.800,3038.92,-61.78,0.289478,40.00,1239.639771,4375.64,0.000018,8920.00
52.850,1721.06,-67.48,0.215522,40.00,838.363464,3102.38,0.000007,2425.00
52.900,1970.73,-63.21,0.189130,55.00,918.888550,2553.20,0.000037,3375.00
52.950,2081.01,-61.11,0.230635,60.00,847.129761,2236.29,0.000049,3490.00
53.000,2325.52,-60.93,0.210728,60.00,720.636719,2270.84,0.000057,3675.00
53.050,2713.75,-61.83,0.169543,60.00,820.293457,2602.15,0.000054,3940.00
53.100,2626.47,-64.86,0.140240,460.00,620.788940,2727.05,0.000033,3965.00
53.150,2145.19,-70.04,0.086767,295.00,482.719910,2437.96,0.000019,3725.00
53.200,1711.23,-65.62,0.168326,145.00,897.830322,2943.14,0.000023,3365.00
53.250,1888.90,-61.70,0.302263,60.00,1143.151733,2910.12,0.000023,3725.00
53.300,1992.58,-62.55,0.317840,50.00,1282.643311,2657.66,0.000014,3790.00
53.350,3899.39,-57.67,0.255747,40.00,1088.986084,4382.23,0.000073,9635.00
53.400,5335.73,-50.91,0.229153,35.00,1018.269165,4527.90,0.000593,11395.00
53.450,5009.31,-50.48,0.230252,225.00,885.372437,4336.63,0.000687,10630.00
53.500,4183.59,-55.80,0.166066,230.00,812.432251,3951.60,0.000269,8975.00
53.550,3551.52,-58.77,0.113860,470.00,595.580322,3456.75,0.000254,7090.00
53.600,3908.11,-54.95,0.165322,220.00,575.640686,3614.69,0.000389,7960.00
53.650,3799.84,-57.40,0.133923,175.00,517.130615,3647.95,0.000290,7740.00
53.700,4528.50,-58.89,0.111457,175.00,599.507629,3877.57,0.000225,9325.00
53.750,4331.10,-55.51,0.239080,70.00,1079.759888,4131.70,0.000139,9550.00
53.800,3312.14,-56.99,0.317673,50.00,1172.967285,3981.98,0.000056,8585.00
53.850,2088.78,-62.75,0.310691,45.00,1306.118774,3114.91,0.000014,3595.00
53.900,5004.33,-56.29,0.246567,40.00,1004.413147,4950.31,0.000113,12070.00
53.950,6276.76,-54.12,0.176096,40.00,838.947144,5056.76,0.000391,12880.00
54.000,5189.46,-56.62,0.157684,55.00,755.624878,4903.42,0.000241,12185.00
54.050,3684.82,-59.00,0.187951,615.00,582.931885,4255.86,0.000103,9415.00
54.100,5126.72,-53.49,0.200678,615.00,753.302124,4881.71,0.000404,12205.00
54.150,5282.91,-53.96,0.208713,1315.00,836.938599,4893.26,0.000310,12225.00
54.200,4007.10,-59.40,0.208448,660.00,734.418213,4394.62,0.000066,10085.00
54.250,2339.87,-65.41,0.194944,660.00,448.191467,3021.11,0.000016,3670.00
54.300,2261.77,-66.80,0.138719,60.00,646.877380,3197.01,0.000019,3710.00
54.350,2026.91,-67.95,0.129924,60.00,497.052917,3020.95,0.000015,3685.00
54.400,1879.37,-68.68,0.130528,60.00,302.539001,2537.87,0.000014,3355.00
54.450,2723.43,-67.07,0.113026,60.00,376.505280,3519.06,0.000023,5070.00
54.500,2877.82,-64.58,0.119365,60.00,363.013062,3536.31,0.000041,6560.00
54.550,2418.05,-65.33,0.144282,385.00,462.163574,3015.17,0.000026,5735.00
54.600,2452.49,-63.40,0.154034,385.00,735.137146,3524.88,0.000041,6480.00
54.650,2306.95,-60.58,0.279412,60.00,1142.764404,3556.59,0.000029,6360.00
54.700,1918.66,-60.66,0.340578,50.00,1278.501465,2709.73,0.000022,3670.00
54.750,2778.79,-57.85,0.318285,40.00,1119.386353,3503.38,0.000054,6185.00
54.800,4667.93,-51.06,0.285452,40.00,1100.982178,4363.13,0.000395,10205.00
54.850,4907.51,-50.76,0.245848,60.00,1010.547424,4413.94,0.000562,10570.00
54.900,4626.38,-55.24,0.166785,60.00,864.500122,4383.93,0.000309,10060.00
54.950,5113.47,-55.74,0.139751,60.00,501.493225,4070.15,0.000342,9610.00
55.000,4694.93,-52.57,0.186067,60.00,665.453003,3895.34,0.000522,9145.00
55.050,4265.44,-53.94,0.186496,60.00,501.766510,3862.68,0.000370,8650.00
55.100,3010.84,-60.49,0.165277,60.00,688.513550,3454.11,0.000078,6930.00
55.150,2163.97,-65.04,0.163003,195.00,507.932129,2933.89,0.000023,3470.00
55.200,2352.98,-61.59,0.210729,195.00,747.199463,2631.45,0.000043,3610.00
55.250,2325.43,-61.87,0.245319,440.00,832.547119,2368.75,0.000034,3605.00
55.300,3732.32,-56.31,0.251112,440.00,907.876282,4224.87,0.000127,9305.00
55.350,4763.14,-53.58,0.300840,440.00,1156.741699,4934.42,0.000181,11945.00
55.400,4442.50,-55.58,0.315981,50.00,1324.435547,4826.89,0.000089,11505.00
55.450,3280.52,-59.77,0.278986,40.00,1168.075317,4153.36,0.000035,8425.00
55.500,4637.90,-54.66,0.279675,35.00,1237.690796,4993.14,0.000147,11820.00
55.550,4746.13,-53.95,0.317872,50.00,1089.216309,5024.88,0.000137,12025.00
55.600,3646.61,-58.34,0.304315,45.00,1242.978760,4606.25,0.000042,10130.00
55.650,2145.27,-66.49,0.226989,40.00,977.921326,3574.80,0.000008,3880.00
55.700,2525.77,-68.34,0.129037,35.00,670.260071,3914.54,0.000012,6695.00
55.750,3386.12,-69.71,0.038783,235.00,617.427551,4132.36,0.000073,8545.00
55.800,3329.48,-72.65,0.019398,235.00,169.648788,3703.96,0.000105,7755.00
55.850,3804.80,-69.65,0.022102,235.00,98.528442,4454.77,0.000213,10030.00
55.900,2130.55,-64.94,0.113907,1160.00,618.195068,2814.55,0.000054,3405.00
55.950,1974.79,-62.26,0.236922,605.00,887.411377,2269.50,0.000034,3375.00
56.000,1805.27,-63.06,0.220202,440.00,771.828369,2194.78,0.000033,3325.00
56.050,1623.62,-63.54,0.271477,65.00,1384.245361,2581.60,0.000017,3390.00
56.100,1926.25,-62.27,0.322967,50.00,1212.205078,2640.39,0.000015,3775.00
56.150,3114.74,-57.88,0.288593,40.00,1237.711914,3603.17,0.000380,6880.00
56.200,4933.20,-50.76,0.253161,40.00,1150.039917,4372.52,0.003255,10515.00
56.250,5237.15,-50.62,0.219280,445.00,851.845581,4464.44,0.003716,11075.00
56.300,4915.77,-55.92,0.152126,445.00,867.489746,4447.25,0.000344,10915.00
56.350,3648.94,-61.26,0.089478,440.00,525.196594,3724.55,0.000191,7935.00
56.400,3667.04,-55.86,0.164731,440.00,660.445190,3483.23,0.000314,7450.00
56.450,3606.71,-56.01,0.190829,435.00,451.494751,3494.39,0.000236,7230.00
56.500,4071.12,-59.75,0.111588,175.00,732.254578,3752.90,0.000192,8410.00
56.550,4324.60,-56.14,0.198227,70.00,989.794189,4077.51,0.000174,9345.00
56.600,3385.47,-56.19,0.309126,60.00,1142.976318,3994.69,0.000078,8670.00
56.650,2102.35,-62.12,0.321698,50.00,1368.333862,3060.37,0.000015,3815.00
56.700,3883.52,-58.37,0.275241,40.00,1055.364136,4556.94,0.000050,10125.00
56.750,5861.38,-54.28,0.198346,35.00,922.170715,5063.61,0.000284,12785.00
56.800,5560.03,-55.32,0.164109,60.00,889.211426,4975.29,0.000319,12480.00
56.850,3643.92,-59.49,0.196049,650.00,673.665466,4189.04,0.000080,9110.00
56.900,4995.09,-54.54,0.202023,645.00,675.977783,4808.34,0.000283,11840.00
56.950,5298.67,-53.02,0.218079,1365.00,917.228577,4880.88,0.000372,12250.00
57.000,4454.38,-57.05,0.223816,685.00,865.065674,4574.23,0.000107,10965.00
57.050,2702.76,-63.45,0.208153,685.00,485.161957,3393.71,0.000021,4915.00
57.100,2100.47,-65.81,0.152315,680.00,755.726257,2927.57,0.000023,3685.00
57.150,1914.57,-65.83,0.151447,440.00,718.961853,2799.99,0.000024,3505.00
57.200,1933.54,-66.79,0.153408,60.00,489.654968,2452.27,0.000019,3565.00
57.250,2358.29,-66.73,0.128302,60.00,451.539001,3134.57,0.000023,4120.00
57.300,2839.61,-63.91,0.120656,60.00,303.080780,3550.66,0.000052,6820.00
57.350,2404.36,-63.25,0.175246,410.00,595.392151,3011.10,0.000033,5545.00
57.400,2510.05,-62.92,0.159868,60.00,417.594360,3313.19,0.000045,6355.00
57.450,2753.78,-60.42,0.251211,65.00,1159.942261,3908.94,0.000038,7815.00
57.500,2342.27,-59.22,0.356174,60.00,1256.851318,3359.66,0.000030,5865.00
57.550,2173.23,-60.57,0.337964,45.00,1360.342285,2953.86,0.000024,4145.00
57.600,4481.43,-52.91,0.275813,40.00,1059.182861,4488.87,0.000233,10465.00
57.650,5054.81,-50.06,0.257568,55.00,1043.321045,4432.31,0.000604,10920.00
57.700,4511.00,-52.89,0.206768,60.00,835.354797,4249.12,0.000411,9920.00
57.750,4098.64,-57.60,0.146394,60.00,760.542053,4470.99,0.000213,9765.00
57.800,4973.02,-51.97,0.249430,60.00,1003.085083,4680.51,0.000371,11070.00
57.850,4599.65,-51.47,0.334968,60.00,1128.774902,4520.91,0.000245,10300.00
57.900,3316.85,-56.40,0.311505,45.00,1249.346802,4035.60,0.000075,8170.00
57.950,1839.35,-64.10,0.241471,40.00,972.834412,2864.35,0.000016,3340.00
58.000,2273.84,-62.58,0.180954,35.00,851.755920,3375.31,0.000047,4815.00
58.050,2263.32,-61.55,0.208157,75.00,945.531677,3121.58,0.000055,4040.00
58.100,2036.43,-62.48,0.241015,465.00,850.940979,2653.47,0.000031,3295.00
58.150,2603.39,-57.15,0.286144,75.00,1166.010742,3069.30,0.000089,5530.00
58.200,2874.42,-55.90,0.333170,55.00,1252.639526,3294.45,0.000089,6130.00
58.250,2515.36,-59.96,0.311791,45.00,1308.671265,3176.47,0.000030,5215.00
58.300,3975.39,-55.96,0.274870,40.00,1131.777222,4710.57,0.000113,10590.00
58.350,4858.56,-53.64,0.293780,65.00,1008.237732,5053.78,0.000183,12170.00
58.400,4137.73,-56.41,0.312080,50.00,1189.303223,4798.16,0.000071,11070.00
58.450,2479.57,-63.52,0.269587,40.00,1023.261658,3839.21,0.000013,6135.00
58.500,1775.93,-67.81,0.189540,35.00,745.838928,3140.83,0.000008,2515.00
58.550,2215.55,-62.30,0.181836,80.00,1029.605957,2583.37,0.000046,3780.00
58.600,2521.03,-60.07,0.243323,700.00,801.170715,2505.93,0.000048,4270.00
58.650,2864.44,-61.98,0.142953,700.00,800.911133,2917.77,0.000074,5635.00
58.700,3838.26,-62.41,0.064425,315.00,694.187317,3927.57,0.000246,8975.00
58.750,3192.71,-61.77,0.123853,230.00,485.824005,3368.28,0.000095,7515.00
58.800,2917.21,-64.27,0.112887,230.00,202.581711,3082.20,0.000055,6405.00
58.850,4074.79,-62.76,0.058696,190.00,476.898102,3988.92,0.000240,9240.00
58.900,3182.62,-60.39,0.149591,425.00,713.800659,3274.81,0.000092,6695.00
58.950,2897.80,-61.08,0.193730,420.00,476.717377,2968.72,0.000055,6065.00
59.000,4784.67,-52.63,0.190512,410.00,814.011719,4173.62,0.000551,10030.00
59.050,5018.04,-50.14,0.246938,405.00,807.068176,4359.21,0.000678,10685.00
59.100,4531.52,-53.21,0.215851,1610.00,906.272766,4353.66,0.000340,10240.00
59.150,4109.20,-59.46,0.136632,1610.00,775.970947,4176.08,0.000125,9555.00
59.200,4596.94,-55.51,0.121279,690.00,718.230591,3889.77,0.000535,9485.00
59.250,4187.09,-53.73,0.188336,640.00,615.140869,3785.12,0.000418,8715.00
59.300,3308.96,-57.88,0.196683,640.00,735.539490,3548.53,0.000127,7350.00
59.350,3151.54,-59.72,0.169753,635.00,844.432007,3783.29,0.000092,8000.00
59.400,3607.32,-57.46,0.268425,65.00,1201.255981,4165.39,0.000066,9160.00
59.450,3335.49,-58.80,0.312541,50.00,1190.679321,3905.31,0.000033,8390.00
59.500,3213.84,-60.81,0.277098,40.00,1181.750977,3899.35,0.000027,7445.00
59.550,5940.99,-55.50,0.199457,40.00,894.628113,5064.79,0.000199,12730.00
59.600,6015.47,-54.87,0.159054,65.00,832.013550,5143.25,0.000381,12760.00
59.650,4450.87,-58.84,0.177872,60.00,685.755310,4928.54,0.000097,11560.00
59.700,4998.44,-58.65,0.119496,60.00,488.333679,4974.00,0.000204,11810.00
59.750,6714.53,-55.10,0.108964,80.00,619.092590,4910.64,0.000656,12860.00
59.800,4753.80,-55.01,0.200645,80.00,922.014648,4788.64,0.000248,11450.00
59.850,2683.30,-59.06,0.264694,645.00,833.361572,3557.13,0.000058,5875.00
59.900,2146.78,-64.63,0.225431,1125.00,1068.566162,2803.41,0.000016,3365.00
59.950,2520.22,-65.51,0.200831,1125.00,530.466919,3253.70,0.000012,6010.00
60.000,2161.53,-66.79,0.176433,80.00,777.419128,2833.75,0.000011,4155.00
60.050,2105.58,-66.71,0.156445,80.00,653.740784,2770.23,0.000016,3535.00
60.100,2423.07,-66.20,0.131576,80.00,515.486267,3308.48,0.000023,4580.00
60.150,2254.34,-65.85,0.129341,410.00,479.106323,3018.27,0.000027,3950.00
60.200,3308.34,-61.20,0.124607,405.00,451.064362,3335.13,0.000096,7400.00
60.250,4358.29,-55.89,0.185889,70.00,888.282959,3734.74,0.000213,8790.00
60.300,4355.85,-53.93,0.292457,60.00,1092.837769,3730.61,0.000162,8710.00
60.350,3665.66,-55.94,0.317801,50.00,1195.589233,3464.27,0.000079,7405.00
60.400,4068.98,-55.24,0.278377,40.00,1071.259521,4139.79,0.000124,9275.00
60.450,5015.35,-50.38,0.272568,40.00,1026.175171,4398.95,0.000514,10910.00
60.500,4791.15,-51.33,0.243032,215.00,932.267212,4293.63,0.000469,10295.00
60.550,3876.14,-57.64,0.164612,210.00,850.099792,3894.89,0.000159,8305.00
60.600,3121.65,-58.61,0.164678,80.00,663.649719,3222.75,0.000137,6350.00
60.650,3503.69,-55.34,0.196923,155.00,551.481384,3465.45,0.000255,7035.00
60.700,3325.29,-58.19,0.174799,155.00,545.449158,3464.09,0.000139,6850.00
60.750,2384.45,-64.90,0.146598,155.00,452.376373,2891.58,0.000029,3975.00
60.800,2307.06,-65.30,0.110910,155.00,482.481018,3136.97,0.000047,3680.00
60.850,2202.31,-62.07,0.208735,405.00,936.160217,2473.78,0.000041,3540.00
60.900,2236.71,-62.17,0.274896,410.00,937.421021,2251.68,0.000024,3585.00
60.950,1993.08,-62.72,0.284474,445.00,1276.033691,2443.80,0.000020,3485.00
61.000,1819.55,-62.74,0.321217,60.00,1232.046509,2653.60,0.000014,3420.00
61.050,2056.41,-64.15,0.316851,50.00,1400.642578,2694.48,0.000009,3735.00
61.100,3571.01,-58.47,0.268441,40.00,1116.460083,4295.53,0.000058,8770.00
61.150,4628.39,-53.68,0.287954,35.00,1278.899170,4955.18,0.000198,11790.00
61.200,4511.36,-54.69,0.316166,50.00,1103.254883,4954.88,0.000118,11735.00
61.250,3368.06,-60.82,0.267706,45.00,1041.024414,4515.06,0.000026,9715.00
61.300,2014.14,-68.46,0.191872,35.00,972.234375,3534.36,0.000006,3470.00
61.350,2293.66,-66.38,0.134532,35.00,516.179382,3530.56,0.000021,5155.00
61.400,2196.44,-63.96,0.161105,40.00,775.653137,2585.63,0.000035,3505.00
61.450,3043.40,-59.97,0.179184,40.00,357.715759,3085.92,0.000078,6200.00
61.500,5442.33,-56.34,0.125105,40.00,696.939758,3880.96,0.000346,9815.00
61.550,5265.66,-55.93,0.132586,40.00,323.316833,3986.24,0.000346,9795.00
61.600,3698.08,-60.06,0.124804,40.00,359.522491,3655.73,0.000126,8180.00
61.650,1953.30,-64.60,0.166898,80.00,761.792358,3017.16,0.000030,4015.00
61.700,2285.33,-60.36,0.296308,60.00,1143.076050,3172.93,0.000033,5520.00
61.750,2582.88,-60.20,0.325264,50.00,1280.265747,3137.43,0.000027,6060.00
61.800,3988.74,-54.84,0.270340,40.00,1177.680664,4007.19,0.000147,8865.00
61.850,5141.58,-50.15,0.249788,35.00,1034.254028,4382.81,0.000632,10855.00
61.900,5539.08,-50.83,0.189242,230.00,797.876038,4384.96,0.000825,11290.00
61.950,4913.92,-54.95,0.144227,460.00,849.770264,4090.92,0.000395,9950.00
62.000,3089.46,-58.67,0.195483,460.00,658.699890,3172.14,0.000092,6135.00
62.050,3600.91,-55.13,0.205715,690.00,710.963196,3432.89,0.000236,7115.00
62.100,3709.31,-56.97,0.152243,685.00,637.682739,3534.87,0.000248,7300.00
62.150,2708.82,-64.61,0.100413,185.00,668.843079,3340.09,0.000068,6065.00
62.200,2140.27,-62.61,0.227197,70.00,1065.910645,3353.19,0.000028,4480.00
62.250,2255.57,-60.43,0.321682,55.00,1180.138428,3132.85,0.000027,4320.00
62.300,2165.99,-62.65,0.312599,45.00,1269.531616,2629.21,0.000015,3810.00
62.350,3247.24,-61.41,0.216526,40.00,1046.452759,3682.86,0.000031,7740.00
62.400,4406.98,-58.14,0.154064,35.00,780.150085,4010.06,0.000150,9230.00
62.450,3388.23,-59.91,0.152052,60.00,738.066956,3315.01,0.000104,6755.00
62.500,3614.20,-61.04,0.129248,60.00,330.851715,3935.49,0.000106,8125.00
62.550,6555.57,-56.22,0.110263,60.00,541.140625,4956.17,0.000478,12930.00
62.600,5350.21,-54.33,0.186897,440.00,894.980957,4744.90,0.000326,12015.00
62.650,3677.46,-57.19,0.246986,440.00,709.750183,3879.78,0.000093,8385.00
62.700,2633.00,-63.35,0.176940,440.00,687.410950,2904.18,0.000035,3845.00
62.750,2405.96,-65.81,0.127086,80.00,679.637085,3154.48,0.000032,3830.00
62.800,2156.99,-68.93,0.110220,80.00,475.220428,3213.43,0.000015,3830.00
62.850,1650.94,-71.68,0.113964,80.00,307.690033,2501.14,0.000007,2970.00
62.900,2972.70,-65.45,0.114749,80.00,278.017639,3649.14,0.000033,7130.00
62.950,2995.17,-62.51,0.133807,80.00,452.263031,3617.59,0.000060,7465.00
63.000,2302.71,-63.86,0.188064,640.00,633.327026,2931.88,0.000024,4330.00
63.050,1855.90,-65.38,0.194847,640.00,793.972656,2861.95,0.000019,3420.00
63.100,1915.10,-62.75,0.294644,75.00,1264.390015,3344.12,0.000019,4040.00
63.150,2059.36,-61.83,0.328764,50.00,1238.044556,3079.06,0.000019,4285.00
63.200,2961.83,-59.46,0.285553,40.00,1115.273193,3916.24,0.000039,6950.00
63.250,5042.55,-51.37,0.250185,40.00,1069.119507,4523.07,0.000448,11015.00
63.300,4921.84,-49.89,0.267240,210.00,1065.569702,4376.44,0.000623,10535.00
63.350,4074.12,-54.16,0.237912,455.00,996.137207,4002.04,0.000230,8960.00
63.400,2925.91,-60.21,0.178900,455.00,772.872620,3151.26,0.000076,5710.00
63.450,3276.67,-55.63,0.201480,420.00,911.497986,3362.14,0.000230,6695.00
63.500,3495.92,-56.46,0.175957,80.00,592.167969,3486.39,0.000223,7020.00
63.550,2928.85,-63.90,0.113114,80.00,608.289001,3365.62,0.000060,6200.00
63.600,3796.60,-61.64,0.093098,75.00,437.105072,4115.37,0.000166,9135.00
63.650,3665.26,-57.56,0.166667,95.00,750.895325,3787.94,0.000200,8515.00
63.700,2989.36,-58.34,0.255221,1980.00,839.305298,2987.98,0.000079,5775.00
63.750,3632.34,-55.92,0.251817,420.00,812.759583,3905.70,0.000136,8110.00
63.800,4747.99,-53.39,0.291725,65.00,1218.123657,4846.74,0.000198,11680.00
63.850,4489.36,-55.44,0.315398,50.00,1286.696411,4858.02,0.000092,11525.00
63.900,3376.91,-60.00,0.281767,40.00,1135.814941,4281.46,0.000032,8880.00
63.950,4694.00,-54.94,0.273327,35.00,1253.826416,5054.81,0.000144,11980.00
64.000,4898.36,-54.08,0.339294,60.00,1223.980591,5159.57,0.000118,12255.00
64.050,3838.10,-58.95,0.325889,50.00,1237.007690,4849.39,0.000031,10850.00
64.100,2123.62,-66.93,0.239316,40.00,1128.264160,3707.47,0.000006,4825.00
64.150,2040.90,-69.76,0.163715,35.00,678.864075,3740.25,0.000005,4080.00
64.200,2100.87,-68.89,0.107669,60.00,638.621460,3457.89,0.000016,5040.00
64.250,1887.81,-66.19,0.147660,60.00,602.178833,2742.67,0.000020,3530.00
64.300,2140.96,-63.94,0.185982,480.00,496.130280,3040.44,0.000025,4855.00
64.350,2276.34,-65.22,0.126428,480.00,567.644592,3235.72,0.000035,4950.00
64.400,2068.05,-70.69,0.067255,295.00,560.585571,2985.04,0.000023,3570.00
64.450,1362.52,-70.87,0.099680,145.00,473.378113,2668.46,0.000012,1995.00
64.500,1877.66,-62.28,0.255072,65.00,1140.935303,2898.75,0.000025,3470.00
64.550,2311.65,-59.52,0.336495,50.00,1244.538574,2793.07,0.000031,3935.00
64.600,2777.53,-59.88,0.302774,40.00,1282.770386,3121.56,0.000032,5050.00
64.650,5043.61,-53.18,0.233722,40.00,1036.281860,4506.35,0.000294,11120.00
64.700,5270.40,-50.12,0.226860,35.00,962.684814,4396.30,0.000763,11025.00
64.750,4879.13,-52.94,0.163045,205.00,743.809814,4243.95,0.000621,10245.00
64.800,3884.79,-59.94,0.085302,210.00,655.598694,3805.66,0.000299,8305.00
64.850,3857.04,-55.39,0.161576,225.00,693.878052,3568.55,0.000365,7785.00
64.900,4639.65,-53.37,0.164409,445.00,406.603241,3823.00,0.000589,9095.00
64.950,6306.90,-55.57,0.119951,1410.00,724.326660,3910.50,0.000504,10170.00
65.000,5113.10,-57.12,0.188371,75.00,923.468811,4365.89,0.000153,9805.00
65.050,4105.49,-57.29,0.294927,60.00,1121.472778,4416.35,0.000061,9425.00
65.100,5675.15,-55.85,0.307489,50.00,1269.162231,4580.59,0.000074,10565.00
65.150,7004.73,-55.08,0.251761,40.00,1046.496704,4329.65,0.000139,11420.00
65.200,6861.47,-53.16,0.190975,40.00,869.502197,4548.95,0.000413,12250.00
65.250,5250.45,-53.73,0.208316,445.00,1026.195801,4656.81,0.000325,11355.00
65.300,3443.06,-58.50,0.208952,455.00,623.446289,3878.91,0.000132,7900.00
65.350,5200.26,-56.97,0.120406,60.00,796.715698,4759.96,0.000548,11775.00
65.400,7013.89,-55.63,0.108388,60.00,580.421448,4899.38,0.000883,13015.00
65.450,5743.29,-57.75,0.123508,60.00,404.696930,4914.41,0.000330,12375.00
65.500,3607.40,-63.36,0.117276,60.00,290.357208,4030.97,0.000063,8690.00
65.550,3256.41,-64.71,0.104539,60.00,306.063660,3587.40,0.000051,7235.00
65.600,3189.59,-64.10,0.115712,60.00,256.639435,3508.90,0.000048,7375.00
65.650,2586.00,-67.47,0.107711,60.00,251.734116,3164.66,0.000022,6205.00
65.700,3407.11,-63.86,0.116197,60.00,313.469910,3584.76,0.000049,7980.00
65.750,3909.47,-59.47,0.137432,60.00,418.300964,3798.88,0.000126,8795.00
65.800,2926.09,-59.74,0.209758,435.00,779.426758,3181.14,0.000059,6280.00
65.850,2365.86,-62.89,0.213754,435.00,659.947144,2321.87,0.000029,3580.00
65.900,2056.44,-62.49,0.274788,65.00,1295.919922,2473.11,0.000022,3605.00
65.950,2386.85,-59.78,0.353415,60.00,1230.780029,3102.59,0.000023,5035.00
66.000,4188.20,-55.90,0.312401,45.00,1341.842651,4117.30,0.000075,9125.00
66.050,5507.04,-51.52,0.259876,40.00,1072.519653,4339.22,0.000377,10425.00
66.100,5587.90,-49.31,0.256733,55.00,979.355591,4369.26,0.000748,10815.00
66.150,5484.37,-51.31,0.204223,60.00,853.331970,4310.37,0.000633,10545.00
66.200,4152.01,-56.86,0.182493,60.00,803.664429,3753.04,0.000186,8655.00
66.250,3312.33,-56.25,0.220175,60.00,766.380371,3127.08,0.000165,6375.00
66.300,3508.10,-54.98,0.216938,60.00,661.582458,3274.37,0.000244,6765.00
66.350,3289.31,-60.36,0.142632,60.00,749.815491,3299.89,0.000111,6585.00
66.400,2346.08,-69.34,0.103151,60.00,463.872498,3294.92,0.000015,3715.00
66.450,2399.08,-65.19,0.115826,60.00,407.104645,3138.82,0.000047,3620.00
66.500,2425.22,-62.55,0.165091,60.00,495.075806,2962.74,0.000055,3600.00
66.550,4515.86,-57.53,0.141434,235.00,469.253632,4681.39,0.000239,11040.00
66.600,6057.45,-53.77,0.221974,65.00,1002.351685,5209.26,0.000271,12705.00
66.650,5803.87,-53.50,0.306691,55.00,1106.897461,5244.39,0.000157,12510.00
66.700,3787.52,-56.28,0.319333,45.00,1388.869019,4605.91,0.000071,10260.00
66.750,3754.46,-56.33,0.279948,40.00,1034.378906,4679.55,0.000105,10190.00
66.800,5008.83,-54.14,0.298340,60.00,1266.524170,5201.51,0.000155,12435.00
66.850,4443.57,-56.43,0.313896,50.00,1100.112793,5023.93,0.000069,11680.00
66.900,2773.25,-61.47,0.272965,40.00,1157.097290,4015.98,0.000022,7770.00
66.950,1911.34,-66.32,0.195001,40.00,805.090759,3196.63,0.000011,3080.00
67.000,2157.05,-67.96,0.105512,195.00,748.243103,3466.65,0.000022,3650.00
67.050,1795.96,-70.62,0.101412,400.00,465.182800,2888.53,0.000010,2585.00
67.100,2017.92,-70.07,0.086264,180.00,380.043304,3118.02,0.000016,3070.00
67.150,2494.06,-67.51,0.087534,180.00,364.443024,3612.02,0.000034,4915.00
67.200,2256.18,-65.71,0.121820,185.00,512.967041,2603.04,0.000036,3470.00
67.250,2447.00,-65.14,0.143636,225.00,484.602905,2355.09,0.000030,3625.00
67.300,1988.77,-63.15,0.216990,70.00,1076.225220,2836.39,0.000026,3690.00
67.350,2152.53,-61.25,0.305708,55.00,1103.431152,3050.93,0.000022,4475.00
67.400,3288.18,-59.17,0.297377,45.00,1250.669067,4065.39,0.000034,8375.00
67.450,5133.96,-52.47,0.251722,40.00,1140.469604,4481.34,0.000297,11075.00
67.500,5445.83,-49.64,0.248548,40.00,937.788635,4508.89,0.000715,11485.00
67.550,5004.36,-52.22,0.210959,445.00,1030.585327,4595.26,0.000481,11235.00
67.600,3472.99,-59.85,0.164414,440.00,708.689636,4171.09,0.000096,8830.00
67.650,3793.04,-57.82,0.109990,1110.00,767.381897,3581.51,0.000377,7890.00
67.700,3901.58,-54.93,0.167203,455.00,520.224670,3620.47,0.000403,7920.00
67.750,3469.43,-58.16,0.157738,435.00,614.832642,3601.19,0.000180,7235.00
67.800,1928.73,-65.62,0.147168,210.00,716.403076,2964.02,0.000029,3615.00
67.850,1375.64,-66.64,0.258080,65.00,1158.662964,2830.09,0.000008,2315.00
67.900,1355.55,-66.50,0.316506,50.00,1193.875366,2813.88,0.000005,2400.00
67.950,2555.93,-62.84,0.295133,40.00,1236.695923,4023.96,0.000013,7300.00
68.000,5728.18,-55.24,0.221995,40.00,967.825012,5128.36,0.000173,12695.00
68.050,5884.20,-53.74,0.192261,430.00,917.870117,5068.93,0.000368,12715.00
68.100,5070.23,-57.94,0.142058,60.00,658.042542,4970.54,0.000198,12085.00
68.150,5597.42,-60.11,0.084023,60.00,537.775269,4989.09,0.000267,12360.00
68.200,6190.00,-54.45,0.126138,65.00,470.498138,4913.07,0.000647,12660.00
68.250,5165.20,-54.43,0.175844,60.00,581.744568,4757.07,0.000378,11615.00
68.300,3690.34,-58.67,0.174222,60.00,559.372253,3959.92,0.000119,8415.00
68.350,2699.09,-62.16,0.156322,225.00,631.205200,3033.74,0.000059,5395.00
68.400,2249.38,-61.29,0.215825,465.00,809.773438,2659.02,0.000044,3650.00
68.450,2041.64,-62.17,0.241191,885.00,913.848877,2311.43,0.000028,3525.00
68.500,2115.77,-62.97,0.246554,885.00,841.256409,2366.66,0.000022,3535.00
68.550,2155.06,-62.40,0.229928,885.00,681.352783,2544.36,0.000030,3535.00
68.600,2110.19,-62.56,0.203464,60.00,816.205688,2457.59,0.000034,3455.00
68.650,2178.01,-63.97,0.175784,60.00,689.825684,2326.75,0.000031,3495.00
68.700,2114.04,-62.17,0.216101,60.00,915.021118,2725.36,0.000040,3530.00
68.750,2130.32,-61.05,0.325549,60.00,1230.219971,3219.13,0.000024,4120.00
68.800,2066.89,-61.95,0.332118,50.00,1191.444580,2922.51,0.000018,4125.00
68.850,3763.54,-56.38,0.277223,40.00,1089.231934,4294.52,0.000093,9240.00
68.900,5072.96,-50.63,0.267491,35.00,1019.065308,4498.40,0.000499,11030.00
68.950,4708.25,-50.86,0.255596,60.00,938.821411,4379.74,0.000517,10340.00
69.000,3289.07,-55.68,0.232405,405.00,884.540649,3811.89,0.000178,7610.00
69.050,3901.15,-54.18,0.240153,60.00,984.836731,4328.48,0.000251,9620.00
69.100,4359.78,-51.82,0.321296,60.00,1201.924927,4570.76,0.000260,10490.00
69.150,3968.35,-54.91,0.316717,50.00,1265.784790,4458.41,0.000103,9815.00
69.200,2618.95,-63.13,0.259175,40.00,990.256531,3873.32,0.000014,6470.00
69.250,2288.85,-66.75,0.177719,35.00,768.604004,3729.72,0.000012,5800.00
69.300,3044.79,-65.08,0.129788,75.00,794.266968,4067.60,0.000039,7935.00
69.350,2324.64,-67.82,0.142388,75.00,482.681183,3322.64,0.000018,4355.00
69.400,2513.23,-60.33,0.202838,75.00,763.733704,3257.84,0.000065,5875.00
69.450,2925.23,-55.81,0.316966,75.00,1144.182617,3476.63,0.000098,6510.00
69.500,2944.88,-58.37,0.316628,50.00,1269.239014,3623.17,0.000041,6675.00
69.550,3695.88,-61.00,0.261352,40.00,1002.980042,4920.87,0.000031,10915.00
69.600,5007.22,-54.39,0.273131,75.00,1160.151978,5230.43,0.000205,12535.00
69.650,4571.73,-54.43,0.322732,50.00,1125.939331,5019.98,0.000142,11815.00
69.700,3378.59,-59.41,0.300706,45.00,1200.071167,4407.44,0.000031,9390.00
69.750,2066.96,-66.10,0.223357,40.00,927.147339,3283.28,0.000009,3400.00
69.800,2180.19,-68.54,0.139613,35.00,668.201477,3675.08,0.000010,4255.00
69.850,2144.92,-72.92,0.073665,80.00,576.085022,3740.14,0.000009,4780.00
69.900,2625.77,-75.46,0.029860,80.00,293.232025,4083.40,0.000024,7270.00
69.950,3494.21,-69.21,0.033559,315.00,191.507721,4311.92,0.000129,9425.00
70.000,2725.22,-69.16,0.064116,310.00,222.726059,3687.65,0.000041,5775.00
70.050,2149.41,-74.80,0.054766,310.00,140.610611,3067.50,0.000009,2950.00
70.100,4013.98,-72.32,0.034065,310.00,135.563156,4481.19,0.000043,10200.00
70.150,4253.47,-65.88,0.029593,310.00,132.549652,3845.15,0.000332,8620.00
70.200,3753.01,-65.85,0.031526,310.00,80.141830,3257.66,0.000316,6645.00
70.250,5077.51,-56.50,0.080186,1970.00,394.990509,4071.87,0.000806,10095.00
70.300,5337.81,-50.70,0.193696,215.00,774.571960,4329.58,0.000839,11000.00
70.350,5379.62,-51.61,0.176144,225.00,454.641327,4472.33,0.000770,11425.00
70.400,5596.63,-58.46,0.063810,80.00,769.364441,4663.82,0.000669,11950.00
70.450,3993.23,-60.58,0.059532,670.00,339.656342,3740.32,0.000514,8250.00
70.500,3907.69,-55.14,0.151468,665.00,603.088867,3597.77,0.000465,7720.00
70.550,3517.18,-56.25,0.170126,680.00,563.265747,3555.97,0.000282,7130.00
70.600,2476.65,-61.96,0.160039,185.00,549.775757,3053.05,0.000070,4845.00
70.650,1725.73,-64.01,0.227489,70.00,1090.336792,2754.32,0.000019,3180.00
70.700,1625.79,-64.03,0.309542,55.00,1128.328857,2790.60,0.000009,2955.00
70.750,1892.05,-65.13,0.296033,45.00,1268.499756,3014.87,0.000009,3555.00
70.800,5132.87,-57.17,0.227521,40.00,963.240356,5082.49,0.000115,12405.00
70.850,6451.79,-54.20,0.170314,35.00,779.993774,5105.28,0.000472,13025.00
70.900,5713.45,-56.40,0.151257,60.00,771.909058,5066.15,0.000304,12595.00
70.950,4368.49,-60.56,0.140273,470.00,363.188110,4812.78,0.000114,11125.00
71.000,6452.81,-55.60,0.119625,475.00,591.213928,5075.13,0.000620,12975.00
71.050,6174.56,-54.93,0.137407,80.00,531.584839,5086.37,0.000588,12815.00
71.100,4093.20,-58.78,0.151833,80.00,556.365234,4651.54,0.000153,10730.00
71.150,2464.68,-63.72,0.144292,80.00,460.459961,3287.35,0.000042,4460.00
71.200,2823.45,-65.17,0.110658,80.00,400.991486,3600.76,0.000039,6975.00
71.250,3817.09,-65.38,0.094717,80.00,307.711182,3821.85,0.000040,8130.00
71.300,5187.39,-59.26,0.113441,80.00,319.293701,3450.23,0.000180,8885.00
71.350,5434.36,-57.26,0.128637,80.00,256.378113,3442.31,0.000246,9175.00
71.400,4434.30,-58.83,0.117678,80.00,365.609772,3576.31,0.000182,8585.00
71.450,2692.66,-64.12,0.115435,350.00,473.555084,2912.80,0.000053,4745.00
71.500,1835.75,-66.06,0.148283,355.00,645.274597,2715.69,0.000022,3515.00
71.550,1545.43,-64.01,0.261322,65.00,1085.032227,2805.31,0.000015,2930.00
71.600,1656.87,-62.61,0.321138,50.00,1178.641968,2532.72,0.000014,3210.00
71.650,2433.61,-59.31,0.307638,40.00,1220.515625,3489.89,0.000042,5140.00
71.700,4756.92,-51.66,0.290992,40.00,1105.098633,4568.46,0.000341,10990.00
71.750,5027.21,-50.03,0.260690,370.00,987.459717,4489.71,0.000664,11025.00
71.800,4415.52,-54.42,0.187972,375.00,831.757385,4327.30,0.000324,9990.00
71.850,2948.84,-60.79,0.152920,360.00,636.089539,3552.25,0.000082,6745.00
71.900,3404.93,-55.78,0.191339,80.00,695.412292,3460.48,0.000242,7000.00
71.950,3418.12,-56.31,0.186381,80.00,484.736877,3530.81,0.000216,7050.00
72.000,2633.50,-63.51,0.130111,80.00,635.973022,3343.42,0.000055,5790.00
72.050,2081.28,-66.67,0.104520,80.00,379.062439,3072.64,0.000036,3340.00
72.100,1934.29,-63.26,0.175022,550.00,779.783447,2534.74,0.000042,3135.00
72.150,1961.09,-62.71,0.219466,1280.00,676.538086,2333.79,0.000030,3215.00
72.200,1827.62,-63.56,0.211987,115.00,777.721130,2357.56,0.000028,2910.00
72.250,1468.29,-63.84,0.279238,65.00,1211.249146,2435.29,0.000017,2355.00
72.300,1220.60,-66.65,0.314772,50.00,1226.799072,2379.60,0.000006,1875.00
72.350,2166.62,-65.15,0.275282,45.00,1223.955444,3818.66,0.000007,5010.00
72.400,4753.99,-56.02,0.258755,35.00,1211.184204,5169.47,0.000106,12205.00
72.450,4686.89,-53.93,0.320143,50.00,1022.450867,5053.26,0.000138,12025.00
72.500,3643.56,-56.74,0.298675,50.00,1059.796387,4435.61,0.000072,9665.00
72.550,2643.30,-61.93,0.214620,40.00,994.737915,3482.34,0.000033,5860.00
72.600,2632.03,-65.75,0.139601,35.00,679.335022,3645.63,0.000022,6260.00
72.650,2723.87,-69.35,0.092235,35.00,436.982269,4017.10,0.000015,7525.00
72.700,1780.58,-74.65,0.086199,40.00,179.938202,3409.17,0.000003,3555.00
72.750,2700.19,-70.81,0.086722,40.00,84.251999,4292.03,0.000011,8280.00
72.800,2153.37,-66.56,0.112199,40.00,373.165222,3470.14,0.000031,4785.00
72.850,1569.79,-66.60,0.170180,465.00,633.460815,2584.07,0.000017,2520.00
72.900,1285.09,-67.70,0.211581,470.00,668.696655,2292.62,0.000009,1555.00
72.950,1333.03,-65.05,0.271836,70.00,1221.167603,2636.01,0.000012,2125.00
73.000,1634.92,-64.56,0.314421,50.00,1250.752075,2783.64,0.000007,3955.00
73.050,3016.44,-60.13,0.284007,45.00,1237.001099,3774.57,0.000027,7145.00
73.100,4907.91,-51.52,0.257392,40.00,1234.295898,4394.53,0.000405,10665.00
73.150,5281.44,-50.39,0.229876,40.00,854.682190,4537.29,0.000699,11480.00
73.200,5336.39,-55.25,0.116838,520.00,933.382629,4674.82,0.000573,11765.00
73.250,4104.39,-62.80,0.071530,480.00,566.724365,4387.87,0.000161,9950.00
73.300,3814.56,-56.26,0.138124,460.00,674.010132,3614.53,0.000377,7790.00
73.350,3828.61,-55.18,0.169334,440.00,486.950836,3692.09,0.000363,7910.00
73.400,3184.61,-60.22,0.151173,300.00,624.709351,3616.05,0.000108,7165.00
73.450,2012.30,-63.99,0.181011,155.00,818.794373,3012.01,0.000030,3630.00
73.500,1757.75,-63.23,0.287907,60.00,1124.118042,2927.95,0.000014,3365.00
73.550,1706.43,-65.23,0.309811,50.00,1252.247681,2766.68,0.000006,3300.00
73.600,1632.09,-68.40,0.253510,40.00,1062.780762,2702.97,0.000003,3150.00
73.650,2301.66,-64.76,0.177446,35.00,811.574463,3327.40,0.000019,4600.00
73.700,3104.81,-61.14,0.140511,60.00,721.222961,3440.59,0.000080,7340.00
73.750,4358.65,-59.25,0.127005,60.00,457.007629,3759.52,0.000154,8880.00
73.800,6132.43,-56.49,0.100815,60.00,410.195038,4525.01,0.000539,11885.00
73.850,6749.87,-54.74,0.112939,80.00,479.939484,4778.06,0.000714,12855.00
73.900,5748.59,-56.45,0.125884,80.00,430.412659,4802.39,0.000350,12225.00
73.950,3571.26,-60.38,0.132079,80.00,427.806732,3804.97,0.000117,8150.00
74.000,2738.66,-63.24,0.138674,365.00,450.846924,3044.88,0.000051,4445.00
74.050,2697.54,-64.09,0.132851,80.00,465.681244,3011.23,0.000042,4135.00
74.100,2505.15,-67.17,0.113407,80.00,412.255676,2780.67,0.000021,3960.00
74.150,2469.06,-68.30,0.114556,80.00,346.437927,3126.21,0.000016,3930.00
74.200,2724.27,-65.88,0.123914,80.00,323.998077,3321.24,0.000028,4440.00
74.250,2587.76,-64.70,0.161580,360.00,521.336548,2802.04,0.000027,3970.00
74.300,2523.23,-64.95,0.142125,360.00,427.150146,2871.02,0.000034,4320.00
74.350,2391.14,-62.31,0.205267,65.00,921.506592,3554.17,0.000037,6035.00
74.400,2360.42,-60.64,0.299755,55.00,1074.186523,3354.38,0.000029,5715.00
74.450,2288.44,-62.06,0.300149,45.00,1129.150269,3014.39,0.000019,4840.00
74.500,4675.22,-54.20,0.243448,40.00,974.738220,4525.48,0.000194,10790.00
74.550,5073.55,-50.10,0.245089,40.00,1024.124512,4448.75,0.000670,11040.00
74.600,4458.19,-52.05,0.225813,720.00,934.279968,4242.30,0.000469,9915.00
74.650,3051.33,-58.70,0.182689,740.00,832.676392,3524.05,0.000114,6580.00
74.700,3069.18,-57.40,0.170311,545.00,757.884583,3286.77,0.000192,6385.00
74.750,3342.91,-55.18,0.210903,80.00,626.110474,3434.07,0.000236,6895.00
74.800,2921.31,-58.84,0.181707,80.00,687.407959,3257.98,0.000116,6200.00
74.850,2132.14,-63.10,0.176132,80.00,552.967590,2766.83,0.000044,3605.00
74.900,2493.91,-60.74,0.178692,95.00,730.659363,3271.95,0.000086,4640.00
74.950,2417.43,-60.83,0.206155,95.00,643.106079,3003.03,0.000065,4045.00
75.000,2785.01,-59.13,0.202384,95.00,619.149353,3421.13,0.000096,5875.00
75.050,4461.27,-53.78,0.239905,70.00,1055.395142,4801.88,0.000263,11390.00
75.100,4466.39,-53.24,0.321418,55.00,1165.420654,4869.35,0.000168,11530.00
75.150,3293.15,-56.97,0.316448,45.00,1221.285645,4191.90,0.000061,8600.00
75.200,3571.64,-57.21,0.260665,40.00,1108.650024,4529.24,0.000087,9790.00
75.250,4865.80,-54.03,0.294501,65.00,1167.339111,5117.44,0.000160,12200.00
75.300,4146.82,-54.95,0.317949,50.00,1030.524048,4694.06,0.000106,10805.00
75.350,2940.63,-59.37,0.282836,40.00,1060.394043,3665.75,0.000040,6780.00
75.400,2332.16,-63.81,0.224047,40.00,843.455994,3155.58,0.000017,4025.00
75.450,2525.09,-65.93,0.139574,60.00,739.383179,3553.99,0.000021,6285.00
75.500,2492.35,-69.50,0.102631,60.00,462.667938,3563.30,0.000012,6590.00
75.550,2630.64,-70.06,0.093099,60.00,174.520813,3936.68,0.000012,7600.00
75.600,2777.21,-68.49,0.079874,60.00,231.800018,4117.64,0.000028,7725.00
75.650,2286.32,-70.79,0.065252,295.00,315.896759,3538.08,0.000024,3855.00
75.700,1328.20,-74.82,0.065702,295.00,223.139984,2468.99,0.000007,1920.00
75.750,1139.16,-69.20,0.196290,70.00,989.013489,2689.38,0.000007,1330.00
75.800,1318.07,-66.19,0.298550,55.00,1099.552612,2808.29,0.000006,2555.00
75.850,1848.11,-65.95,0.294638,45.00,1251.425171,2808.45,0.000006,4430.00
75.900,4904.58,-56.94,0.227773,40.00,1000.388123,4754.14,0.000110,11520.00
75.950,5383.55,-50.81,0.216824,35.00,1013.805298,4497.63,0.000778,11465.00
76.000,5052.38,-51.29,0.200644,210.00,763.493164,4340.77,0.000777,10680.00
76.050,4606.96,-57.53,0.091391,185.00,789.687927,4227.41,0.000470,9820.00
76.100,3957.69,-58.20,0.090655,665.00,485.823151,3704.82,0.000459,8325.00
76.150,4003.66,-54.80,0.159963,150.00,505.851379,3661.33,0.000439,8195.00
76.200,3625.43,-57.38,0.150067,350.00,562.313599,3527.63,0.000243,7575.00
76.250,2374.59,-63.29,0.148547,350.00,624.669434,3112.74,0.000051,5810.00
76.300,1757.63,-63.79,0.252291,65.00,1146.312622,3147.50,0.000016,3515.00
76.350,1977.08,-62.55,0.308560,50.00,1150.385742,3074.78,0.000014,3805.00
76.400,2437.95,-60.55,0.291274,40.00,1269.531006,3285.93,0.000030,4830.00
76.450,4811.14,-54.78,0.230668,40.00,938.045471,4842.88,0.000202,11640.00
76.500,5645.34,-53.75,0.178768,50.00,779.167664,5004.27,0.000427,12550.00
76.550,4527.48,-56.69,0.166733,55.00,716.244385,4614.41,0.000229,11140.00
76.600,4406.03,-58.08,0.139348,55.00,418.879059,4561.75,0.000261,10785.00
76.650,5912.23,-53.92,0.153745,60.00,665.311646,5000.69,0.000664,12725.00
76.700,5088.81,-54.34,0.185059,60.00,580.573547,4803.54,0.000424,12000.00
76.750,3425.75,-58.54,0.172024,60.00,614.387573,3854.52,0.000139,8165.00
76.800,2587.89,-63.97,0.132724,60.00,490.769257,2963.70,0.000051,3940.00
76.850,2856.28,-66.45,0.101116,60.00,424.449951,3546.69,0.000032,5595.00
76.900,2212.25,-67.95,0.109042,60.00,263.696228,2914.47,0.000020,3700.00
76.950,2193.01,-65.75,0.142289,60.00,410.979401,2629.46,0.000026,3610.00
77.000,2448.37,-63.77,0.153012,60.00,397.237518,3093.28,0.000037,4510.00
77.050,2385.31,-65.64,0.136016,60.00,409.394287,3246.20,0.000026,4955.00
77.100,1930.69,-69.52,0.105814,60.00,390.591492,3000.67,0.000013,3650.00
77.150,1470.07,-67.91,0.159764,65.00,799.270935,2999.58,0.000012,2325.00
77.200,1591.32,-63.81,0.319967,60.00,1243.821533,3000.63,0.000009,3350.00
77.250,1701.22,-62.71,0.350083,50.00,1272.846558,2629.97,0.000011,3370.00
77.300,3153.31,-56.90,0.282749,40.00,1274.088257,3944.42,0.000089,7805.00
77.350,4839.42,-50.94,0.259486,35.00,1059.575073,4459.75,0.000507,10710.00
77.400,4976.70,-51.17,0.216530,55.00,809.596252,4441.30,0.000635,10810.00
77.450,4395.64,-57.22,0.130732,60.00,808.179749,4400.65,0.000262,10100.00
77.500,3801.81,-58.18,0.123963,60.00,460.806915,3744.77,0.000247,8335.00
77.550,3664.66,-54.59,0.195890,60.00,639.963318,3555.77,0.000321,7610.00
77.600,3273.48,-56.75,0.203186,175.00,654.435181,3436.84,0.000167,6820.00
77.650,2523.69,-63.83,0.156537,60.00,617.470032,3100.78,0.000035,4980.00
77.700,3102.76,-62.91,0.110806,60.00,521.675964,3734.99,0.000074,8045.00
77.750,2822.94,-60.99,0.141030,60.00,499.501434,3362.07,0.000093,7090.00
77.800,2615.13,-61.16,0.165156,60.00,528.102661,2903.43,0.000081,4370.00
77.850,4214.49,-55.11,0.202520,115.00,789.347656,4459.60,0.000259,10325.00
77.900,4971.90,-53.54,0.289381,60.00,1123.770996,4974.87,0.000187,12190.00
77.950,5109.54,-55.45,0.302024,50.00,1234.185913,4872.44,0.000088,11570.00
78.000,6051.85,-54.71,0.257354,40.00,1049.913086,4503.58,0.000140,10975.00
78.050,6091.72,-52.22,0.271834,35.00,1227.977173,4739.67,0.000285,11650.00
78.100,5555.94,-52.33,0.313893,50.00,1117.174561,4809.57,0.000207,11490.00
78.150,3913.36,-56.17,0.298563,45.00,1247.676147,4296.49,0.000080,9245.00
78.200,2573.95,-62.21,0.220535,40.00,963.722412,3256.89,0.000028,5730.00
78.250,2719.89,-65.15,0.122507,35.00,687.626648,3474.57,0.000035,6145.00
78.300,3247.85,-68.29,0.038774,235.00,597.059204,3651.39,0.000118,7580.00
78.350,3570.22,-72.69,0.018832,235.00,160.328690,4056.43,0.000113,8455.00
78.400,3818.68,-69.83,0.024459,235.00,107.418800,4555.83,0.000170,10195.00
78.450,2783.39,-69.57,0.052536,295.00,208.609238,3836.48,0.000049,6555.00
78.500,1958.81,-74.40,0.054157,295.00,125.980331,2999.14,0.000010,2505.00
78.550,1209.70,-70.34,0.137939,145.00,755.197510,2647.51,0.000009,1480.00
78.600,1468.80,-65.05,0.275575,65.00,1098.532471,2838.49,0.000010,3150.00
78.650,1736.90,-65.48,0.304274,50.00,1203.148682,2857.27,0.000005,4350.00
78.700,4062.21,-56.96,0.259740,40.00,1153.876953,4095.92,0.000070,8925.00
78.750,5108.79,-50.55,0.248012,40.00,1123.780396,4369.80,0.000532,10930.00
78.800,5376.88,-51.19,0.191884,40.00,764.568848,4525.45,0.000725,11560.00
78.850,5697.94,-57.78,0.069707,420.00,851.744263,4718.71,0.000684,12205.00
78.900,4033.91,-60.92,0.055355,670.00,345.807251,3792.89,0.000501,8480.00
78.950,3916.45,-55.24,0.150653,665.00,627.582764,3591.23,0.000429,7925.00
79.000,3691.54,-55.69,0.178387,505.00,615.177673,3545.14,0.000278,7560.00
79.050,2954.79,-60.26,0.175808,510.00,610.823853,3135.74,0.000081,6075.00
79.100,2161.17,-62.18,0.226014,70.00,1091.308716,2969.97,0.000032,3865.00
79.150,1953.67,-61.75,0.304435,55.00,1111.486450,2816.44,0.000020,3680.00
79.200,2058.59,-63.58,0.294179,45.00,1282.961060,2757.22,0.000012,3700.00
79.250,4591.19,-57.32,0.227063,40.00,955.143555,4891.35,0.000088,11560.00
79.300,6041.78,-54.00,0.181958,35.00,848.333984,5125.12,0.000364,12860.00
79.350,5302.53,-55.74,0.171635,60.00,770.179199,5009.30,0.000264,12330.00
79.400,3910.94,-60.89,0.139545,60.00,488.751221,4522.88,0.000093,10140.00
79.450,5974.65,-56.15,0.099777,65.00,618.919373,4964.01,0.000654,12700.00
79.500,5477.08,-54.54,0.170737,60.00,675.932251,4986.81,0.000375,12425.00
79.550,4039.74,-57.61,0.186991,60.00,532.617798,4538.41,0.000138,10410.00
79.600,2686.99,-63.70,0.121242,60.00,610.449341,3582.62,0.000060,6105.00
79.650,2485.81,-63.62,0.120845,55.00,460.703033,3352.80,0.000060,5640.00
79.700,2203.71,-63.01,0.175239,120.00,543.565247,3011.28,0.000040,3975.00
79.750,3436.86,-61.09,0.152586,120.00,473.059113,4255.73,0.000078,9490.00
79.800,5596.39,-59.88,0.126428,115.00,437.493103,5036.98,0.000130,11915.00
79.850,4221.60,-59.59,0.142280,115.00,478.511871,4647.42,0.000124,10665.00
79.900,2320.14,-62.95,0.171649,60.00,429.523712,3246.41,0.000041,4135.00
79.950,1807.54,-66.07,0.149459,115.00,644.923645,2910.06,0.000025,3355.00
80.000,2352.03,-61.31,0.272522,65.00,1127.144775,3548.69,0.000029,6065.00
80.050,2530.63,-59.74,0.342097,60.00,1153.182983,3313.03,0.000031,6045.00
80.100,2677.21,-59.46,0.294638,40.00,1274.738403,3427.00,0.000041,6060.00
80.150,4844.23,-52.20,0.253436,40.00,1020.759888,4506.78,0.000344,10920.00
80.200,4996.35,-49.87,0.262935,55.00,943.504822,4414.57,0.000633,10805.00
80.250,4426.00,-53.35,0.207681,200.00,820.307861,4270.55,0.000365,9875.00
80.300,3834.74,-56.92,0.187820,200.00,631.962708,4295.52,0.000169,9420.00
80.350,4135.32,-52.38,0.291966,60.00,1052.789551,4497.81,0.000275,10105.00
80.400,3650.18,-52.87,0.344773,55.00,1216.356201,4215.92,0.000181,8955.00
80.450,2479.29,-57.76,0.314757,40.00,1294.413452,3331.18,0.000059,4650.00
80.500,1905.31,-61.95,0.254110,40.00,937.175537,2611.26,0.000031,3180.00
80.550,2375.10,-60.89,0.193086,35.00,932.459351,3157.18,0.000073,4030.00
80.600,2559.83,-61.58,0.176753,75.00,742.168701,3202.17,0.000068,5215.00
80.650,2380.49,-61.76,0.178361,75.00,654.119263,2990.86,0.000059,4850.00
80.700,2922.17,-56.10,0.263993,65.00,1038.275879,3396.36,0.000126,6400.00
80.750,3025.63,-56.07,0.311031,50.00,1198.109741,3535.03,0.000089,6675.00
80.800,2546.08,-61.63,0.282251,45.00,1132.004150,3684.45,0.000020,6205.00
80.850,4760.60,-55.73,0.256965,40.00,1134.391968,5151.22,0.000125,12185.00
80.900,4973.39,-53.30,0.305431,60.00,1000.125000,5106.13,0.000183,12210.00
80.950,3649.42,-55.75,0.325737,50.00,1155.587158,4478.59,0.000086,9775.00
81.000,2353.85,-60.69,0.278903,40.00,1026.410156,3219.83,0.000032,3900.00
81.050,2199.09,-63.91,0.196308,35.00,795.817810,3168.33,0.000023,3735.00
81.100,2292.74,-67.77,0.107853,80.00,714.933105,3501.34,0.000021,4875.00
81.150,1861.12,-74.24,0.052533,80.00,403.672607,3186.25,0.000011,3190.00
81.200,3528.62,-71.32,0.025461,235.00,233.325287,4496.69,0.000108,9975.00
81.250,3010.34,-68.37,0.052701,315.00,237.147354,3979.57,0.000069,7435.00
81.300,2419.51,-71.57,0.059776,310.00,132.108765,3385.73,0.000021,4220.00
81.350,2759.60,-75.58,0.041122,310.00,146.691742,3814.64,0.000012,6280.00
81.400,4393.75,-67.58,0.029691,310.00,114.374977,4156.23,0.000199,9655.00
81.450,4000.98,-65.01,0.032518,310.00,129.775635,3498.49,0.000379,7095.00
81.500,4527.40,-61.53,0.041398,315.00,157.157867,3737.33,0.000709,8825.00
81.550,5269.78,-51.98,0.158248,1720.00,772.825684,4222.50,0.000902,10665.00
81.600,5392.84,-50.31,0.207626,210.00,523.832581,4428.04,0.000863,11235.00
81.650,5550.36,-54.80,0.110213,185.00,732.472717,4631.78,0.000722,11860.00
81.700,5121.30,-62.69,0.033107,80.00,540.666016,4620.45,0.000775,11365.00
81.750,4070.16,-56.25,0.121306,665.00,616.110840,3687.34,0.000498,8195.00
81.800,3894.72,-54.85,0.166783,1105.00,469.220703,3677.70,0.000416,7930.00
81.850,2878.78,-59.53,0.172064,1305.00,668.901367,3348.50,0.000112,6090.00
81.900,1855.18,-63.56,0.199440,185.00,854.175903,2690.17,0.000030,3010.00
81.950,1652.39,-63.51,0.289247,60.00,1174.072876,2786.73,0.000014,2870.00
82.000,1664.66,-65.36,0.308104,50.00,1249.703735,2765.23,0.000006,3000.00
82.050,3641.01,-60.02,0.255685,40.00,1060.123413,4585.82,0.000045,9875.00
82.100,6122.78,-54.39,0.191508,35.00,858.165710,5145.12,0.000363,12930.00
82.150,6025.16,-54.41,0.159390,60.00,740.556641,5112.24,0.000524,12855.00
82.200,4531.82,-59.23,0.153490,480.00,588.119690,4798.27,0.000114,11215.00
82.250,5480.84,-58.11,0.129101,480.00,395.973175,5046.29,0.000209,12545.00
82.300,6450.95,-54.94,0.127519,80.00,644.449158,5043.43,0.000539,12945.00
82.350,5294.40,-56.77,0.150105,80.00,554.790161,5001.81,0.000249,12245.00
82.400,3285.75,-61.29,0.151518,80.00,484.215363,3965.66,0.000073,8130.00
82.450,2801.12,-64.44,0.123080,80.00,385.054565,3306.22,0.000043,6365.00
82.500,3617.90,-65.34,0.096695,80.00,375.871674,3845.76,0.000039,8005.00
82.550,5396.31,-59.85,0.109643,80.00,308.520782,3493.90,0.000154,9015.00
82.600,5746.81,-56.99,0.132183,80.00,292.019989,3407.20,0.000252,9395.00
82.650,5192.05,-57.87,0.123746,80.00,329.270935,3605.85,0.000224,9050.00
82.700,3340.29,-62.52,0.125927,375.00,514.776367,3285.18,0.000066,7000.00
82.750,2114.85,-67.27,0.115487,375.00,451.556976,2557.33,0.000024,3650.00
82.800,1574.41,-65.26,0.213093,170.00,989.274048,2826.19,0.000015,2970.00
82.850,1574.51,-63.11,0.314040,55.00,1137.741943,2672.77,0.000013,2990.00
82.900,1815.77,-62.87,0.316712,45.00,1185.780029,2646.06,0.000014,3580.00
82.950,4365.52,-54.10,0.260086,40.00,1040.019165,4520.84,0.000181,10290.00
83.000,5045.61,-50.02,0.266596,40.00,999.871643,4507.02,0.000580,10970.00
83.050,4778.77,-51.92,0.219276,80.00,796.938843,4388.58,0.000487,10510.00
83.100,3830.58,-59.57,0.127075,75.00,820.444275,4171.62,0.000152,9135.00
83.150,3207.69,-58.25,0.148854,75.00,522.849609,3354.24,0.000182,6685.00
83.200,3517.19,-55.52,0.185462,80.00,444.760742,3463.03,0.000269,7050.00
83.250,3339.38,-59.35,0.139362,80.00,527.101990,3551.70,0.000147,6965.00
83.300,2166.27,-67.87,0.099647,80.00,407.471863,3254.03,0.000025,4005.00
83.350,2133.86,-64.18,0.129563,75.00,591.427673,2943.63,0.000053,3495.00
83.400,2052.61,-61.83,0.227186,580.00,839.774597,2443.07,0.000039,3450.00
83.450,2080.18,-62.21,0.232956,1435.00,631.035034,2324.55,0.000032,3500.00
83.500,1759.63,-62.92,0.250050,115.00,1204.710938,2456.51,0.000024,3115.00
83.550,1406.98,-64.69,0.312390,55.00,1256.259033,2494.63,0.000009,2395.00
83.600,1145.41,-69.18,0.300226,45.00,1307.105225,2207.62,0.000003,2145.00
83.650,4145.12,-58.19,0.249344,40.00,1029.440430,5038.42,0.000073,11515.00
83.700,4895.25,-53.63,0.296021,50.00,1175.268555,5170.83,0.000199,12305.00
83.750,4209.50,-54.68,0.315548,50.00,1033.516479,4747.33,0.000132,11025.00
83.800,3041.89,-59.31,0.250654,50.00,1032.488159,3715.76,0.000051,6870.00
83.850,2546.94,-64.51,0.168787,35.00,886.112000,3187.84,0.000024,4335.00
83.900,2699.27,-67.87,0.105880,35.00,493.458008,3903.08,0.000019,6945.00
83.950,2141.54,-73.69,0.086209,40.00,338.723083,3825.50,0.000005,5595.00
84.000,2206.74,-74.35,0.085975,40.00,59.699856,4092.08,0.000004,6495.00
84.050,2638.69,-68.78,0.091658,40.00,164.515564,4096.37,0.000020,7265.00
84.100,1994.39,-69.36,0.104796,40.00,211.764954,3300.12,0.000015,3010.00
84.150,1356.01,-73.46,0.091385,40.00,203.034027,2617.68,0.000006,2040.00
84.200,1288.15,-68.35,0.175184,80.00,808.830261,2780.92,0.000010,1725.00
84.250,1568.41,-64.49,0.290554,60.00,1074.501587,2891.84,0.000009,3565.00
84.300,1803.66,-65.76,0.297656,50.00,1235.267212,2883.07,0.000005,4415.00
84.350,4611.93,-54.46,0.249773,40.00,1139.487061,4275.62,0.000166,10005.00
84.400,5156.94,-50.38,0.243842,35.00,1008.429443,4402.79,0.000619,10915.00
84.450,5295.50,-52.57,0.159967,225.00,789.464966,4507.87,0.000713,11345.00
84.500,5669.21,-60.74,0.045649,80.00,772.403931,4777.79,0.000656,12160.00
84.550,3837.56,-59.33,0.078690,665.00,405.183197,3574.04,0.000414,7945.00
84.600,3895.99,-54.89,0.159878,305.00,561.212463,3659.26,0.000413,8020.00
84.650,3505.22,-57.17,0.171528,320.00,621.585938,3713.88,0.000192,7505.00
84.700,2309.41,-62.73,0.167242,320.00,568.294922,3121.31,0.000050,5085.00
84.750,1794.37,-63.29,0.251253,65.00,1120.363037,2836.51,0.000019,3325.00
84.800,1774.91,-63.22,0.316092,50.00,1128.255615,2785.09,0.000011,3320.00
84.850,1669.48,-67.02,0.281175,45.00,1224.536743,2670.59,0.000004,3030.00
84.900,2048.00,-66.80,0.198113,40.00,928.996521,3184.46,0.000009,3995.00
84.950,2610.17,-62.68,0.158887,35.00,798.008118,3252.52,0.000046,5625.00
85.000,3854.13,-59.51,0.146205,60.00,628.262756,3613.60,0.000114,8215.00
85.050,5607.60,-57.14,0.112883,60.00,462.017639,4071.23,0.000335,10170.00
85.100,6752.13,-55.38,0.105536,60.00,490.674286,4615.04,0.000629,12695.00
85.150,6210.19,-55.40,0.128974,80.00,476.686951,4842.50,0.000437,12600.00
85.200,4200.37,-57.80,0.147988,80.00,478.131287,4133.09,0.000195,9410.00
85.250,2878.77,-62.45,0.157122,370.00,525.482361,2903.48,0.000055,4065.00
85.300,2711.98,-63.45,0.155746,80.00,412.718872,2894.97,0.000040,3930.00
85.350,2533.78,-66.02,0.123380,80.00,513.586426,2799.83,0.000027,3890.00
85.400,2120.78,-69.52,0.109075,80.00,408.656311,2712.23,0.000013,3570.00
85.450,2807.09,-67.40,0.111114,80.00,210.606659,3468.26,0.000021,4660.00
85.500,2858.58,-64.91,0.122358,80.00,360.804260,3057.54,0.000039,4235.00
85.550,2720.60,-65.30,0.123816,80.00,299.082367,2805.55,0.000036,4340.00
85.600,2280.43,-63.61,0.174181,75.00,838.934570,3243.58,0.000035,4535.00
85.650,2161.53,-61.19,0.309364,75.00,1156.082275,3349.63,0.000025,4485.00
85.700,2238.80,-61.60,0.321480,50.00,1278.357788,3041.36,0.000020,4550.00
85.750,3617.05,-57.81,0.269159,40.00,1027.112671,4195.76,0.000066,8705.00
85.800,4896.57,-50.88,0.254559,40.00,1087.052490,4429.28,0.000518,10790.00
85.850,4423.63,-50.38,0.282456,570.00,1105.344727,4216.09,0.000515,9895.00
85.900,3261.14,-55.19,0.254775,675.00,1047.837280,3566.41,0.000171,6965.00
85.950,2642.40,-59.25,0.198304,725.00,821.415894,2944.79,0.000094,5025.00
86.000,3230.80,-55.21,0.217945,80.00,837.753723,3333.13,0.000238,6590.00
86.050,3161.13,-56.76,0.208711,80.00,732.259583,3343.92,0.000161,6510.00
86.100,2220.94,-62.78,0.187886,80.00,709.884766,2666.57,0.000040,3725.00
86.150,2389.53,-61.60,0.183128,1330.00,752.381897,3105.83,0.000064,4035.00
86.200,2458.78,-60.98,0.213142,810.00,767.520691,3158.38,0.000058,4075.00
86.250,2189.04,-62.48,0.217002,95.00,596.835083,2608.03,0.000039,3635.00
86.300,3837.47,-55.68,0.212798,90.00,908.461121,4449.08,0.000217,10000.00
86.350,4732.47,-53.50,0.289115,65.00,1164.332397,4995.82,0.000199,11985.00
86.400,4089.22,-55.72,0.315227,50.00,1231.908325,4716.18,0.000083,10790.00
86.450,3125.21,-59.04,0.271778,40.00,1049.464233,4170.51,0.000061,8385.00
86.500,4788.20,-54.47,0.276607,35.00,1331.573364,5125.55,0.000195,12160.00
86.550,4559.95,-54.06,0.335776,60.00,1131.853149,4970.27,0.000151,11715.00
86.600,3294.35,-57.88,0.312070,45.00,1288.276611,4089.97,0.000050,8175.00
86.650,2318.40,-63.74,0.240136,40.00,1064.450073,3028.48,0.000017,3800.00
86.700,2261.73,-66.41,0.160055,35.00,722.209412,3352.61,0.000015,3880.00
86.750,2170.72,-70.83,0.103499,115.00,640.926819,3605.40,0.000008,3990.00
86.800,1536.69,-75.73,0.095065,60.00,148.844147,3260.45,0.000002,2330.00
86.850,2640.88,-69.94,0.090008,60.00,135.860458,4173.02,0.000014,7650.00
86.900,2389.95,-68.56,0.079268,60.00,333.032013,3636.64,0.000031,4935.00
86.950,1988.70,-73.10,0.060918,295.00,283.174194,3000.07,0.000013,2770.00
87.000,1149.75,-71.81,0.120115,145.00,618.707458,2576.25,0.000008,1425.00
87.050,1177.14,-67.27,0.264533,65.00,1094.959229,2750.32,0.000006,1440.00
87.100,1644.23,-65.59,0.305051,50.00,1176.050537,2836.25,0.000005,4135.00
87.150,3603.27,-61.34,0.258315,40.00,1145.346313,4415.35,0.000026,9260.00
87.200,5509.88,-51.92,0.212322,40.00,1054.505005,4567.61,0.000622,11630.00
87.250,5243.47,-49.98,0.225315,40.00,916.111145,4383.70,0.001023,11030.00
87.300,4790.65,-54.14,0.141780,185.00,737.852356,4227.24,0.000615,10185.00
87.350,3814.53,-60.91,0.062622,85.00,636.969116,3828.30,0.000397,8290.00
87.400,3785.00,-55.42,0.156829,345.00,682.564514,3600.75,0.000381,7750.00
87.450,3624.65,-55.61,0.190811,505.00,593.537598,3569.91,0.000258,7420.00
87.500,2894.04,-61.29,0.155394,505.00,606.144287,3323.47,0.000080,6090.00
87.550,1886.32,-64.06,0.203682,70.00,1102.518799,3159.17,0.000023,3715.00
87.600,1957.35,-62.03,0.299655,55.00,1122.032959,3106.97,0.000018,3715.00
87.650,2144.33,-62.20,0.306803,45.00,1285.683960,2852.21,0.000017,3685.00
87.700,3988.78,-56.56,0.249510,40.00,1033.495972,4432.14,0.000106,9915.00
87.750,5711.08,-53.45,0.193786,40.00,795.688843,4995.13,0.000381,12680.00
87.800,5137.18,-54.89,0.177966,530.00,772.024841,4862.41,0.000313,12120.00
87.850,3709.25,-59.26,0.155279,55.00,475.341675,4157.64,0.000169,8920.00
87.900,5624.64,-55.38,0.121396,60.00,597.698181,4894.99,0.000694,12480.00
87.950,5399.60,-53.87,0.173656,60.00,717.613586,4828.34,0.000576,12195.00
88.000,3977.74,-56.85,0.207609,620.00,595.604370,4212.99,0.000176,9530.00
88.050,2752.47,-62.24,0.164334,60.00,607.378052,3062.67,0.000056,4060.00
88.100,2719.30,-65.37,0.111740,60.00,557.901123,3227.15,0.000040,4170.00
88.150,2397.88,-68.40,0.101048,60.00,290.795410,3477.22,0.000018,4175.00
88.200,2021.14,-67.39,0.121541,60.00,333.455780,2507.00,0.000020,3475.00
88.250,2298.42,-63.12,0.163932,60.00,503.389648,2820.45,0.000041,3755.00
88.300,2292.67,-62.18,0.203609,405.00,644.778748,2959.00,0.000035,3880.00
88.350,2127.93,-64.76,0.176507,410.00,525.959839,2879.04,0.000021,3875.00
88.400,1818.10,-67.60,0.115990,410.00,721.343872,3054.11,0.000023,3515.00
88.450,1825.75,-64.19,0.260091,65.00,1197.103394,3449.22,0.000012,4230.00
88.500,1966.44,-61.38,0.346902,60.00,1178.796509,3116.53,0.000016,4215.00
88.550,2261.36,-60.13,0.311655,45.00,1364.013428,3120.05,0.000033,4400.00
88.600,4382.94,-52.51,0.268335,40.00,1074.173218,4367.65,0.000319,10020.00
88.650,4895.71,-50.56,0.257095,55.00,1032.301270,4434.03,0.000592,10675.00
88.700,4576.47,-54.21,0.178940,60.00,829.519653,4410.47,0.000377,10250.00
88.750,4066.14,-60.08,0.111982,60.00,686.215271,4143.34,0.000155,9175.00
88.800,3748.90,-55.94,0.157236,60.00,639.407532,3533.26,0.000306,7860.00
88.850,3617.07,-55.46,0.178751,60.00,387.391632,3474.88,0.000291,7305.00
88.900,3174.30,-61.15,0.133419,60.00,608.165283,3354.02,0.000099,6535.00
88.950,2932.01,-64.71,0.107522,60.00,364.076813,3564.07,0.000049,7400.00
89.000,2959.71,-61.51,0.126180,60.00,427.009247,3535.61,0.000097,7570.00
89.050,2482.90,-61.86,0.163042,60.00,491.254547,2920.47,0.000062,4215.00
89.100,3572.91,-57.88,0.163569,480.00,569.214600,4063.88,0.000183,8465.00
89.150,5008.96,-53.70,0.246891,65.00,1029.802612,4941.54,0.000240,12095.00
89.200,5279.20,-54.17,0.305272,50.00,1142.710205,5008.56,0.000126,12175.00
89.250,6091.19,-54.99,0.279963,45.00,1201.312378,4466.97,0.000107,10885.00
89.300,6210.54,-52.87,0.249898,40.00,1098.066650,4629.24,0.000267,11335.00
89.350,5710.60,-51.91,0.299183,60.00,1039.281494,4859.11,0.000260,11725.00
89.400,4428.23,-54.36,0.312069,50.00,1149.378906,4608.11,0.000123,10285.00
89.450,2836.69,-60.17,0.258902,40.00,1047.663208,3522.89,0.000038,6230.00
89.500,2475.80,-65.26,0.158427,35.00,793.043701,3215.18,0.000021,4685.00
89.550,2993.81,-69.43,0.057411,35.00,679.377502,3988.12,0.000038,7510.00
89.600,3103.31,-76.00,0.018549,935.00,298.028625,4081.62,0.000045,8160.00
89.650,4362.29,-72.30,0.014853,935.00,60.729881,4802.61,0.000221,11435.00
89.700,3093.69,-68.53,0.047013,295.00,236.779678,4054.25,0.000084,7860.00
89.750,2327.69,-70.99,0.063759,295.00,152.543243,3307.35,0.000023,3960.00
89.800,1259.45,-74.00,0.072456,295.00,311.311127,2491.28,0.000009,1760.00
89.850,1359.39,-66.48,0.217748,70.00,1050.142700,2804.98,0.000011,2365.00
89.900,1666.07,-64.35,0.303782,55.00,1107.909790,2908.17,0.000008,4055.00
89.950,2714.70,-62.21,0.284989,45.00,1241.334106,3627.16,0.000018,6470.00
90.000,5019.51,-51.91,0.243692,40.00,1180.464844,4387.62,0.000471,10695.00
90.050,5386.55,-49.88,0.230572,40.00,845.309448,4501.81,0.000941,11355.00
90.100,5623.06,-54.08,0.119867,225.00,854.889893,4634.36,0.000867,11925.00
90.150,5606.34,-63.03,0.030754,80.00,605.603027,4820.33,0.000711,12115.00
90.200,3942.06,-56.88,0.113292,670.00,599.386353,3682.30,0.000465,8195.00
90.250,3799.28,-54.41,0.200418,340.00,731.205505,3652.82,0.000340,7900.00
90.300,3366.81,-57.50,0.210056,340.00,669.239075,3357.51,0.000131,6900.00
90.350,2454.82,-61.56,0.198422,520.00,912.091675,2894.95,0.000050,4125.00
90.400,2003.00,-61.51,0.285140,65.00,1168.182861,2830.73,0.000024,3685.00
90.450,2130.76,-61.50,0.312798,50.00,1242.882568,2803.17,0.000019,3780.00
90.500,3278.71,-59.04,0.264785,40.00,1094.821411,4147.47,0.000059,8525.00
90.550,5866.55,-54.31,0.197118,35.00,949.704102,5164.24,0.000372,12865.00
90.600,5678.87,-54.33,0.191072,1060.00,831.727539,5089.12,0.000409,12675.00
90.650,4533.09,-59.17,0.159481,1060.00,589.502625,4757.24,0.000132,11290.00
90.700,5296.01,-58.16,0.099915,60.00,555.556213,4921.57,0.000456,12150.00
90.750,6007.66,-54.12,0.139299,65.00,623.914612,4981.89,0.000755,12710.00
90.800,4959.37,-55.76,0.186980,600.00,577.411255,4842.34,0.000280,11800.00
90.850,3515.13,-61.20,0.136908,60.00,517.341858,4176.14,0.000091,8850.00
90.900,2516.94,-64.85,0.109599,65.00,623.701721,3429.55,0.000051,5915.00
90.950,2309.48,-63.01,0.163183,435.00,522.438660,3155.55,0.000043,4755.00
91.000,2801.30,-61.65,0.159372,60.00,502.940704,3720.24,0.000064,7375.00
91.050,4772.46,-60.30,0.138073,115.00,498.927887,4784.94,0.000099,11045.00
91.100,4294.95,-59.73,0.136923,60.00,404.216949,4641.65,0.000125,10575.00
91.150,2503.60,-62.03,0.168977,60.00,498.390778,3443.46,0.000054,5415.00
91.200,1768.36,-66.80,0.140261,60.00,406.846130,2588.57,0.000020,3230.00
91.250,2200.37,-62.88,0.203802,60.00,958.957336,3369.48,0.000029,4720.00
91.300,2472.71,-59.76,0.330274,60.00,1179.442017,3346.76,0.000029,5605.00
91.350,2351.21,-60.84,0.321328,45.00,1249.352295,2949.80,0.000024,4490.00
91.400,4288.92,-54.87,0.257375,40.00,1121.146729,4450.93,0.000171,10160.00
91.450,5164.38,-50.26,0.250893,35.00,985.213013,4524.80,0.000659,11230.00
91.500,4866.07,-51.64,0.215196,195.00,797.885925,4408.75,0.000569,10545.00
91.550,3806.33,-57.53,0.151968,60.00,735.451843,4107.65,0.000207,8605.00
91.600,4310.50,-53.50,0.222969,60.00,918.128540,4614.09,0.000324,10565.00
91.650,4106.49,-51.58,0.334168,60.00,1175.827759,4487.64,0.000264,10105.00
91.700,3188.44,-55.22,0.326086,50.00,1236.301514,3987.85,0.000104,7815.00
91.750,1983.43,-61.40,0.268298,40.00,1022.383179,2837.24,0.000031,3340.00
91.800,2132.03,-61.75,0.205885,35.00,828.064636,2970.27,0.000048,3515.00
91.850,2611.83,-61.37,0.163171,75.00,847.004822,3363.26,0.000082,5765.00
91.900,2297.99,-63.36,0.166549,75.00,550.760925,2935.22,0.000046,3785.00
91.950,2526.15,-58.54,0.236723,75.00,863.079163,3149.16,0.000079,5500.00
92.000,2896.67,-55.75,0.314654,55.00,1127.952759,3413.33,0.000100,6360.00
92.050,2816.94,-59.17,0.304060,50.00,1292.526855,3566.77,0.000035,6485.00
92.100,3904.86,-59.40,0.256652,40.00,956.124023,4936.95,0.000041,11110.00
92.150,4881.07,-54.10,0.297692,75.00,1209.374634,5132.36,0.000149,12200.00
92.200,4344.70,-54.77,0.333004,50.00,1107.829712,4904.94,0.000100,11440.00
92.250,2920.59,-59.15,0.298187,40.00,1186.712769,3942.51,0.000038,7315.00
92.300,2104.15,-63.66,0.221706,40.00,934.275696,2962.92,0.000020,3400.00
92.350,2003.61,-64.09,0.154894,80.00,799.544861,2954.20,0.000038,3225.00
92.400,1780.21,-66.70,0.132515,80.00,622.037048,2668.06,0.000025,2750.00
92.450,1802.20,-69.25,0.094781,185.00,484.847107,2778.22,0.000021,2705.00
92.500,2256.45,-64.70,0.127178,185.00,651.792786,2928.31,0.000047,3440.00
92.550,2138.68,-63.69,0.203655,1335.00,683.375610,2555.55,0.000026,3345.00
92.600,2084.22,-66.98,0.161466,1340.00,590.109436,2440.20,0.000014,3260.00
92.650,2223.14,-67.39,0.095061,215.00,655.964111,2992.66,0.000034,3460.00
92.700,2629.59,-63.84,0.124066,210.00,612.124817,3157.43,0.000054,4950.00
92.750,2581.99,-64.05,0.130145,210.00,285.123657,2906.90,0.000045,4835.00
92.800,4692.84,-54.67,0.129990,210.00,667.084717,4084.03,0.000569,9840.00
92.850,5155.66,-50.33,0.222016,220.00,805.676941,4363.93,0.000729,10915.00
92.900,4879.71,-52.10,0.225936,460.00,818.380615,4533.12,0.000427,11040.00
92.950,3818.30,-58.84,0.153113,460.00,781.337463,4263.05,0.000128,9520.00
93.000,3564.44,-58.85,0.106986,450.00,691.872437,3518.66,0.000293,7345.00
93.050,3878.59,-54.77,0.164150,420.00,540.588928,3576.88,0.000424,7760.00
93.100,3854.22,-57.29,0.134959,415.00,522.931946,3615.59,0.000288,7700.00
93.150,2620.78,-64.62,0.119551,185.00,602.580566,3263.97,0.000048,6055.00
93.200,1701.64,-64.87,0.237417,65.00,1078.793457,2979.86,0.000012,3475.00
93.250,1651.60,-65.01,0.306680,50.00,1132.404053,2900.20,0.000006,3370.00
93.300,2204.51,-65.08,0.284089,45.00,1223.851074,3481.51,0.000009,4625.00
93.350,5938.04,-56.82,0.210234,40.00,942.776306,5198.21,0.000130,12880.00
93.400,6927.68,-54.56,0.153545,35.00,746.148804,4975.49,0.000465,13025.00
93.450,6979.51,-55.26,0.126761,60.00,663.814148,4311.04,0.000504,12015.00
93.500,7016.20,-56.15,0.114215,60.00,320.175964,3803.94,0.000457,10775.00
93.550,6988.55,-54.48,0.112577,85.00,496.231812,4267.43,0.000741,12000.00
93.600,6140.58,-54.58,0.140640,80.00,522.980530,4658.74,0.000487,12170.00
93.650,4490.31,-58.80,0.144312,80.00,450.217865,4432.55,0.000147,10245.00
93.700,3049.18,-64.39,0.121165,80.00,389.233887,3577.16,0.000042,7330.00
93.750,2800.42,-64.30,0.126436,80.00,370.465973,3589.43,0.000040,7070.00
93.800,2251.35,-64.44,0.169161,350.00,456.371948,2907.92,0.000026,3715.00
93.850,2151.35,-64.84,0.166592,80.00,460.212158,2572.30,0.000026,3450.00
93.900,2591.33,-63.67,0.142827,80.00,511.910950,3000.96,0.000044,3955.00
93.950,2804.28,-64.08,0.128481,80.00,491.480927,3075.41,0.000044,4450.00
94.000,2653.31,-66.05,0.100029,225.00,365.276276,2801.00,0.000039,3925.00
94.050,1791.72,-66.63,0.144275,110.00,766.423218,2988.00,0.000021,3400.00
94.100,1578.62,-63.79,0.283762,65.00,1123.090698,2756.80,0.000014,3080.00
94.150,1781.68,-62.41,0.332286,50.00,1241.939453,2536.06,0.000014,3480.00
94.200,2889.76,-58.28,0.287998,40.00,1074.185181,3833.26,0.000054,7020.00
94.250,4765.58,-51.26,0.253807,40.00,1134.150879,4502.18,0.000466,10900.00
94.300,4768.49,-50.66,0.250318,80.00,904.089294,4411.42,0.000569,10570.00
94.350,3926.79,-55.63,0.194304,80.00,837.335144,4200.12,0.000219,9380.00
94.400,2712.22,-60.41,0.174297,75.00,617.314941,3326.96,0.000082,5725.00
94.450,3430.89,-55.39,0.198785,80.00,747.279846,3492.42,0.000261,7020.00
94.500,3304.02,-56.44,0.197804,80.00,605.651184,3460.33,0.000193,6865.00
94.550,2299.77,-62.34,0.190352,600.00,719.987610,2827.34,0.000042,3850.00
94.600,2148.95,-63.43,0.181992,585.00,672.477478,2786.76,0.000035,3370.00
94.650,2291.84,-63.29,0.152285,530.00,756.585327,2814.67,0.000050,3750.00
94.700,2404.20,-64.94,0.150177,525.00,563.526123,2635.04,0.000030,3775.00
94.750,2105.21,-64.33,0.165832,120.00,708.442688,2746.80,0.000030,3735.00
94.800,1688.48,-64.09,0.272772,65.00,1140.015503,2837.86,0.000013,2935.00
94.850,1308.04,-67.77,0.304563,50.00,1194.740845,2659.78,0.000003,2415.00
94.900,3049.95,-63.27,0.260160,40.00,1091.326782,4632.51,0.000016,9535.00
94.950,5000.03,-55.18,0.269437,35.00,1229.336426,5248.04,0.000160,12520.00
95.000,4850.68,-54.52,0.321947,50.00,981.532959,5159.48,0.000139,12250.00
95.050,3740.69,-58.94,0.279289,50.00,1048.033813,4678.56,0.000045,10275.00
95.100,2389.57,-65.17,0.190736,40.00,1004.046326,3616.52,0.000015,5605.00
95.150,2488.22,-67.23,0.135010,35.00,537.481262,3821.45,0.000015,6910.00
95.200,2451.46,-69.37,0.097743,80.00,415.428223,3833.12,0.000014,6950.00
95.250,1969.15,-72.34,0.090379,40.00,178.600647,3363.96,0.000006,4145.00
95.300,2514.96,-69.01,0.091960,40.00,139.993668,3974.27,0.000018,6730.00
95.350,2190.86,-64.75,0.135790,40.00,487.725159,3181.05,0.000037,3720.00
95.400,2285.92,-64.15,0.141851,40.00,207.802887,3136.14,0.000040,4030.00
95.450,2550.38,-63.69,0.127515,80.00,635.483215,3828.75,0.000054,7110.00
95.500,2146.32,-61.57,0.259208,65.00,1081.055420,3461.22,0.000026,4790.00
95.550,2678.04,-60.20,0.308592,50.00,1149.369507,3821.92,0.000024,6740.00
95.600,4789.98,-56.15,0.269015,40.00,1181.741211,4701.92,0.000082,11130.00
95.650,5243.69,-50.74,0.247921,40.00,1162.149658,4495.04,0.000507,11170.00
95.700,5022.00,-50.76,0.249231,475.00,965.933655,4520.16,0.000517,11065.00
95.750,4346.08,-56.16,0.178546,470.00,875.035034,4488.99,0.000206,10460.00
95.800,3439.49,-61.70,0.086974,1155.00,727.759460,3788.91,0.000176,7970.00
95.850,3808.14,-55.68,0.145728,210.00,626.125916,3557.60,0.000412,7730.00
95.900,3823.80,-55.59,0.162854,205.00,413.883087,3648.38,0.000350,7865.00
95.950,3169.91,-61.67,0.116524,185.00,622.064087,3632.44,0.000116,6865.00
96.000,1507.53,-67.35,0.189358,70.00,978.048950,2901.99,0.000012,2445.00
96.050,1335.51,-66.45,0.295245,55.00,1093.084229,2775.09,0.000006,2315.00
96.100,1528.88,-66.92,0.303563,50.00,1254.334473,2660.24,0.000004,2735.00
96.150,1886.52,-66.84,0.241517,40.00,976.318115,2905.02,0.000006,3575.00
96.200,2023.17,-66.59,0.173631,35.00,814.555420,3362.70,0.000012,3930.00
96.250,1802.49,-69.04,0.133684,60.00,631.629211,3083.50,0.000011,2650.00
96.300,3198.36,-66.39,0.108145,60.00,405.353485,4220.01,0.000046,8310.00
96.350,6583.87,-56.77,0.112703,175.00,449.880768,5035.33,0.000616,13010.00
96.400,6669.54,-54.61,0.138471,80.00,497.083405,5020.26,0.000747,13005.00
96.450,5595.51,-57.92,0.126107,80.00,464.545319,4949.80,0.000275,12320.00
96.500,3511.03,-64.03,0.100564,80.00,350.691589,4152.19,0.000063,8750.00
96.550,2736.97,-66.50,0.089240,80.00,321.012360,3793.49,0.000042,6925.00
96.600,2719.52,-66.59,0.102941,80.00,297.988251,3739.36,0.000029,7285.00
96.650,2405.49,-68.51,0.104930,80.00,280.453491,3129.91,0.000015,5015.00
96.700,2491.78,-67.50,0.119910,80.00,276.871338,3307.79,0.000018,4450.00
96.750,2257.08,-66.16,0.128663,80.00,350.776520,3196.47,0.000028,3355.00
96.800,1708.98,-68.11,0.130413,80.00,337.167328,2604.18,0.000018,2695.00
96.850,1491.27,-69.21,0.116886,75.00,543.044006,2713.23,0.000016,2370.00
96.900,1993.38,-63.62,0.245831,65.00,984.511963,3546.33,0.000019,4655.00
96.950,2064.21,-61.43,0.323255,50.00,1152.466919,3264.44,0.000020,4505.00
97.000,2260.88,-61.99,0.300044,45.00,1176.237793,3251.37,0.000022,4910.00
97.050,4905.45,-53.01,0.245034,40.00,1051.127808,4507.32,0.000342,10905.00
97.100,5137.67,-50.12,0.243509,40.00,978.595886,4420.85,0.000826,10960.00
97.150,4845.73,-53.13,0.179525,190.00,823.882507,4326.75,0.000554,10370.00
97.200,3911.80,-60.54,0.093116,190.00,703.803223,4069.42,0.000201,8830.00
97.250,3278.28,-56.37,0.171118,370.00,775.387146,3407.27,0.000248,6825.00
97.300,3352.88,-55.38,0.204409,80.00,539.350220,3452.53,0.000240,6880.00
97.350,2835.04,-60.76,0.158504,80.00,709.107849,3250.80,0.000085,5890.00
97.400,2335.02,-64.42,0.133819,80.00,431.680359,3195.87,0.000047,4175.00
97.450,2801.18,-61.34,0.146228,95.00,639.186157,3633.17,0.000098,6145.00
97.500,2581.59,-61.70,0.174176,95.00,571.412231,3206.29,0.000066,5430.00
97.550,3263.52,-58.97,0.179064,95.00,582.268127,3922.18,0.000114,7790.00
97.600,4918.70,-54.18,0.239177,65.00,1037.760010,4994.43,0.000226,12175.00
97.650,5204.40,-55.11,0.300822,55.00,1149.380249,5192.57,0.000102,12430.00
97.700,4231.97,-60.80,0.281593,45.00,1168.477417,5080.16,0.000024,11565.00
97.750,4940.90,-56.83,0.242014,40.00,1044.153809,5266.66,0.000115,12440.00
97.800,5127.36,-53.85,0.319132,65.00,1184.313110,5225.05,0.000162,12490.00
97.850,4030.68,-56.66,0.337201,50.00,1168.054321,4857.78,0.000062,11025.00
97.900,2492.83,-62.29,0.275825,40.00,1220.193970,3749.96,0.000017,6245.00
97.950,2012.01,-65.41,0.202921,35.00,760.749878,3234.47,0.000013,3670.00
98.000,2130.92,-63.91,0.160870,55.00,799.221802,2913.99,0.000035,3585.00
98.050,1989.76,-64.19,0.198258,60.00,664.321411,2466.93,0.000024,3240.00
98.100,1895.06,-64.79,0.184298,60.00,474.663727,2638.04,0.000022,2985.00
98.150,2009.94,-65.38,0.129770,60.00,664.848999,3108.62,0.000038,3440.00
98.200,2224.42,-65.29,0.125739,415.00,527.236328,2975.14,0.000039,4380.00
98.250,2567.74,-64.62,0.101937,295.00,385.269379,3114.17,0.000055,5980.00
98.300,3223.72,-59.61,0.219570,70.00,1094.186646,3611.39,0.000053,7685.00
98.350,3363.50,-58.41,0.306854,55.00,1098.855103,3686.77,0.000037,7820.00
98.400,4479.34,-57.20,0.288830,45.00,1239.623901,4095.40,0.000050,9105.00
98.450,5915.41,-53.04,0.226199,40.00,1025.528809,4305.38,0.000271,10845.00
98.500,5460.95,-49.95,0.232858,35.00,1007.097290,4316.59,0.000719,10720.00
98.550,5005.06,-51.56,0.204094,205.00,791.309692,4234.69,0.000579,10250.00
98.600,4333.59,-58.38,0.109067,200.00,789.934387,4048.55,0.000268,9275.00
98.650,3666.40,-57.12,0.149054,405.00,589.046753,3519.57,0.000254,7575.00
98.700,3710.59,-55.39,0.183548,400.00,566.869690,3566.15,0.000291,7580.00
98.750,3395.00,-59.80,0.133923,365.00,667.987366,3585.53,0.000148,7265.00
98.800,3188.13,-61.91,0.143020,160.00,793.791565,3974.68,0.000070,8470.00
98.850,3751.87,-58.28,0.271718,65.00,1118.908447,4285.42,0.000053,9000.00
98.900,4095.37,-58.41,0.308618,50.00,1187.590454,4307.85,0.000036,9235.00
98.950,4228.20,-59.63,0.260626,40.00,1140.435181,4528.00,0.000036,9765.00
99.000,6256.50,-55.62,0.193311,40.00,919.603333,5094.62,0.000212,12950.00
99.050,6559.05,-54.92,0.143736,60.00,708.207703,5008.78,0.000459,12955.00
99.100,5474.84,-58.98,0.117875,55.00,541.093933,4881.31,0.000218,12210.00
99.150,5727.97,-59.00,0.100755,55.00,323.237213,4908.61,0.000333,12405.00
99.200,6852.58,-55.19,0.114463,60.00,473.217651,4907.37,0.000752,12990.00
99.250,5747.73,-56.43,0.139088,60.00,468.233826,4965.84,0.000368,12465.00
99.300,3806.54,-61.62,0.141904,60.00,368.439148,4338.73,0.000065,9540.00
99.350,2597.54,-65.94,0.126965,60.00,353.273163,3489.81,0.000025,5795.00
99.400,2388.93,-65.54,0.130656,60.00,346.768677,3339.47,0.000027,4935.00
99.450,1990.70,-67.13,0.135274,60.00,295.026764,2839.35,0.000017,3465.00
99.500,2101.45,-67.99,0.120868,60.00,342.191193,2949.57,0.000017,3540.00
99.550,3023.74,-64.27,0.113823,60.00,290.359070,3590.69,0.000048,6965.00
99.600,2630.75,-63.04,0.150119,60.00,565.136292,3059.04,0.000047,4715.00
99.650,2242.37,-64.92,0.161996,645.00,544.095093,2451.59,0.000027,3695.00
99.700,1666.56,-65.07,0.228903,70.00,1125.569824,2546.37,0.000015,2775.00
99.750,1551.65,-63.82,0.315989,60.00,1173.114502,2634.90,0.000011,3060.00
99.800,1717.42,-64.06,0.319469,50.00,1361.597412,2412.18,0.000012,3450.00
99.850,4086.27,-54.96,0.259564,40.00,1130.412109,4320.70,0.000201,9615.00
99.900,5073.29,-49.92,0.251875,40.00,991.254822,4439.09,0.000859,10960.00
99.950,4776.69,-51.49,0.220528,175.00,813.328125,4358.39,0.000713,10430.00
100.000,3756.62,-58.32,0.139173,60.00,750.041016,4031.74,0.000196,8675.00
100.050,3345.12,-58.81,0.128589,60.00,507.907440,3467.93,0.000202,7030.00
100.100,3447.35,-55.52,0.187338,60.00,568.302734,3496.55,0.000276,7070.00
100.150,2957.95,-58.68,0.179482,60.00,562.089172,3371.28,0.000127,6330.00
100.200,1972.45,-66.56,0.135525,60.00,507.444305,2808.44,0.000025,3365.00
100.250,2442.03,-66.07,0.109954,60.00,428.395630,3571.85,0.000035,5060.00
100.300,2132.18,-64.77,0.149765,60.00,491.152740,3050.15,0.000032,3350.00
100.350,2460.59,-63.36,0.147550,295.00,344.827911,3337.56,0.000047,3945.00
100.400,4777.96,-55.46,0.191073,115.00,879.508118,4949.86,0.000230,11915.00
100.450,5226.23,-53.98,0.290110,60.00,1092.287964,5135.23,0.000150,12480.00
100.500,4714.59,-57.60,0.297467,50.00,1220.435303,4986.76,0.000048,11725.00
100.550,4703.45,-57.63,0.245515,40.00,977.536194,4867.92,0.000074,10925.00
100.600,5362.62,-53.67,0.279515,65.00,1200.757812,5115.23,0.000193,12250.00
100.650,4692.01,-54.63,0.319623,50.00,1079.415161,5000.42,0.000112,11650.00
100.700,3170.54,-60.31,0.282568,45.00,1210.102783,4344.33,0.000028,8775.00
100.750,2131.36,-66.20,0.195161,40.00,914.698853,3376.79,0.000010,4425.00
100.800,2914.55,-66.01,0.101139,35.00,674.679871,3864.25,0.000034,7605.00
100.850,3564.15,-67.49,0.039335,300.00,509.701752,3712.49,0.000127,7890.00
100.900,3832.22,-69.41,0.021676,235.00,146.700439,3718.43,0.000213,7960.00
100.950,3614.95,-65.52,0.040658,285.00,187.790039,3884.32,0.000219,8310.00
101.000,2748.64,-62.09,0.122869,290.00,564.241150,3188.04,0.000088,5805.00
101.050,2470.50,-61.29,0.189110,440.00,638.238098,2814.06,0.000049,4885.00
101.100,2027.94,-61.92,0.223623,445.00,969.613037,2666.57,0.000035,3565.00
101.150,1710.48,-62.97,0.296136,60.00,1216.047119,2781.58,0.000015,3530.00
101.200,2710.36,-61.68,0.298914,50.00,1273.096313,3964.79,0.000023,6820.00
101.250,4795.83,-54.65,0.248702,40.00,1112.052490,4440.06,0.000302,10575.00
101.300,5217.43,-50.09,0.241997,35.00,1048.141479,4445.92,0.001229,11070.00
101.350,5143.43,-51.59,0.199558,445.00,858.746887,4556.03,0.001066,11275.00
101.400,4074.88,-58.19,0.167779,445.00,848.237549,4421.51,0.000131,9995.00
101.450,3354.08,-59.55,0.113220,445.00,625.152771,3526.43,0.000228,7160.00
101.500,3722.99,-54.91,0.181180,385.00,715.276917,3582.01,0.000351,7650.00
101.550,3604.39,-56.83,0.171938,575.00,527.891357,3580.47,0.000218,7380.00
101.600,2683.43,-62.49,0.132118,175.00,695.360107,3289.95,0.000075,6075.00
101.650,1906.48,-62.94,0.248358,70.00,1139.398804,3142.42,0.000021,3995.00
101.700,1892.10,-62.91,0.313996,50.00,1157.422363,3014.58,0.000013,3680.00
101.750,2331.72,-63.56,0.286561,45.00,1264.623535,3112.50,0.000012,4465.00
101.800,5244.04,-56.41,0.216972,40.00,1000.359131,4904.65,0.000121,12250.00
101.850,6031.70,-53.74,0.175475,35.00,808.286987,4983.84,0.000410,12760.00
101.900,5718.76,-56.82,0.132922,60.00,698.582092,4969.88,0.000290,12510.00
101.950,5193.87,-62.19,0.090287,60.00,401.472717,5001.84,0.000169,12160.00
102.000,6506.54,-55.97,0.089942,65.00,413.681915,4867.02,0.000985,12890.00
102.050,5346.59,-54.17,0.158598,60.00,607.721191,4708.86,0.000636,11995.00
102.100,3870.26,-57.20,0.200609,425.00,622.648743,4013.20,0.000152,8775.00
102.150,2737.92,-62.77,0.177290,420.00,589.766663,3116.79,0.000039,4825.00
102.200,2487.05,-64.62,0.125160,420.00,584.005310,3394.88,0.000042,5490.00
102.250,3917.67,-61.45,0.107964,60.00,548.074158,3927.84,0.000116,8795.00
102.300,5458.54,-57.72,0.124491,60.00,387.056519,3826.71,0.000249,9630.00
102.350,5626.79,-56.07,0.134986,60.00,310.807770,3760.33,0.000348,9560.00
102.400,4401.72,-56.97,0.140847,60.00,490.479919,3796.85,0.000252,8690.00
102.450,2433.80,-62.51,0.148333,60.00,463.283600,2974.71,0.000056,4890.00
102.500,1664.69,-66.32,0.158051,115.00,661.577332,2669.39,0.000021,2600.00
102.550,2009.79,-62.42,0.296832,65.00,1168.792480,3398.86,0.000018,4100.00
102.600,2079.92,-61.70,0.342704,50.00,1176.741333,3165.75,0.000017,4415.00
102.650,3175.65,-58.72,0.277934,40.00,1291.757812,4019.26,0.000061,7460.00
102.700,5166.06,-51.10,0.249142,40.00,1035.870117,4575.57,0.000585,11450.00
102.750,5065.28,-50.08,0.245141,55.00,917.416199,4432.56,0.000830,10970.00
102.800,4302.88,-54.63,0.180038,60.00,779.234741,4156.76,0.000355,9490.00
102.850,4103.80,-56.18,0.180876,60.00,718.757385,4442.67,0.000229,10065.00
102.900,4339.47,-52.03,0.307612,60.00,1135.200073,4596.38,0.000266,10550.00
102.950,3876.34,-53.56,0.345915,50.00,1215.398193,4383.85,0.000134,9615.00
103.000,2631.49,-59.80,0.289485,40.00,1294.217529,3593.58,0.000036,5630.00
103.050,2087.50,-62.91,0.212735,40.00,910.931030,2852.16,0.000031,3550.00
103.100,2722.84,-60.42,0.173328,75.00,932.348511,3370.10,0.000093,5850.00
103.150,2557.02,-60.91,0.208408,75.00,783.501221,3115.82,0.000058,4650.00
103.200,2292.80,-60.90,0.214939,145.00,769.652771,2876.06,0.000055,4590.00
103.250,2877.37,-56.03,0.282091,60.00,1106.446899,3366.27,0.000122,6285.00
103.300,3005.06,-57.00,0.311246,50.00,1238.108887,3522.77,0.000069,6640.00
103.350,2875.40,-62.04,0.272177,40.00,1102.775391,4185.41,0.000017,7770.00
103.400,5018.92,-55.58,0.257396,35.00,1182.047119,5233.41,0.000127,12475.00
103.450,4885.03,-53.85,0.304562,60.00,1011.596619,5110.38,0.000153,12210.00
103.500,3595.91,-57.33,0.314339,50.00,1131.082275,4478.07,0.000053,9780.00
103.550,2426.79,-63.02,0.245170,40.00,946.781189,3398.82,0.000019,5335.00
103.600,2609.58,-64.68,0.164328,35.00,686.140686,3683.78,0.000022,7305.00
103.650,3481.48,-62.22,0.106781,80.00,667.739075,4019.91,0.000092,8785.00
103.700,2637.01,-62.66,0.150531,225.00,655.715271,3462.11,0.000047,7565.00
103.750,2184.14,-64.53,0.166860,220.00,503.794159,3042.79,0.000027,3670.00
103.800,2110.75,-65.22,0.147244,220.00,556.411743,2975.33,0.000028,3390.00
103.850,1901.77,-69.09,0.117248,225.00,514.906860,2654.64,0.000013,2965.00
103.900,2357.59,-71.39,0.060513,230.00,396.479248,3314.67,0.000021,3910.00
103.950,3646.78,-65.35,0.048539,220.00,246.750275,3800.46,0.000170,7980.00
104.000,3197.69,-62.84,0.096209,235.00,404.990601,3108.17,0.000107,6120.00
104.050,3947.60,-57.94,0.136085,465.00,460.148895,3619.04,0.000215,8135.00
104.100,5095.89,-51.13,0.202664,220.00,825.685608,4246.27,0.000701,10480.00
104.150,5156.64,-50.77,0.222675,220.00,596.031860,4451.57,0.000635,11025.00
104.200,4376.08,-55.72,0.176310,470.00,912.633911,4437.03,0.000239,10220.00
104.250,3138.44,-60.80,0.135857,475.00,575.461060,3486.60,0.000110,6715.00
104.300,3747.87,-55.84,0.155052,225.00,751.164001,3539.23,0.000361,7510.00
104.350,3813.23,-55.44,0.166718,430.00,495.492584,3589.13,0.000343,7595.00
104.400,3453.35,-60.93,0.113696,370.00,619.237061,3450.16,0.000146,6900.00
104.450,1841.63,-65.73,0.182039,70.00,963.891541,2932.66,0.000017,3545.00
104.500,1345.41,-66.40,0.295263,60.00,1089.395142,2793.95,0.000006,2285.00
104.550,1456.56,-67.24,0.303724,50.00,1245.238159,2649.18,0.000004,2510.00
104.600,4309.00,-58.78,0.247886,40.00,1032.764038,4837.78,0.000053,11195.00
104.650,6434.98,-54.72,0.189251,35.00,771.680481,5102.76,0.000291,13010.00
104.700,6574.36,-56.02,0.150478,180.00,720.908203,5100.82,0.000291,13010.00
104.750,5190.59,-61.80,0.120213,180.00,421.137543,5098.58,0.000109,12240.00
104.800,6600.10,-57.19,0.090711,60.00,492.097168,5079.31,0.000701,13025.00
104.850,6661.84,-54.26,0.127221,80.00,492.630432,5030.82,0.000856,13015.00
104.900,5406.75,-57.19,0.140858,80.00,439.546906,4904.66,0.000321,12220.00
104.950,3364.08,-63.16,0.142347,315.00,443.419617,4056.01,0.000043,8195.00
105.000,3066.66,-66.33,0.121018,315.00,328.576630,3789.84,0.000022,7700.00
105.050,3249.32,-67.12,0.098177,80.00,303.997467,3865.68,0.000025,7910.00
105.100,2452.89,-68.13,0.109160,80.00,322.067139,3041.49,0.000018,5285.00
105.150,2519.70,-66.52,0.130175,80.00,327.469604,3200.75,0.000022,5105.00
105.200,2505.74,-65.22,0.132869,155.00,338.321472,3306.15,0.000031,4965.00
105.250,2323.23,-66.89,0.101854,155.00,331.218750,3071.95,0.000033,3685.00
105.300,2480.59,-66.83,0.085273,155.00,511.564362,3869.43,0.000047,6005.00
105.350,2225.64,-62.35,0.228027,65.00,1013.493713,3682.91,0.000028,5120.00
105.400,2249.27,-60.63,0.309897,50.00,1126.462769,3148.64,0.000025,4455.00
105.450,2305.43,-61.86,0.291617,45.00,1134.363281,2967.59,0.000019,4445.00
105.500,4724.56,-53.90,0.238331,40.00,989.407227,4550.85,0.000232,10850.00
105.550,5070.63,-50.32,0.249521,75.00,956.473633,4447.67,0.000619,10975.00
105.600,4514.17,-52.57,0.224726,80.00,808.607239,4247.34,0.000392,9930.00
105.650,3226.35,-59.29,0.180515,80.00,780.878174,3621.80,0.000091,7585.00
105.700,3341.51,-56.82,0.173256,80.00,695.357300,3392.78,0.000217,6815.00
105.750,3652.30,-55.44,0.176073,80.00,418.635376,3497.35,0.000302,7180.00
105.800,3380.32,-60.03,0.132869,80.00,605.162842,3297.51,0.000136,6585.00
105.850,2679.01,-64.66,0.127417,80.00,392.158600,2837.26,0.000044,3985.00
105.900,3483.29,-60.67,0.110027,385.00,464.507294,3609.80,0.000148,8005.00
105.950,4514.01,-59.09,0.113450,235.00,498.782684,3864.17,0.000195,8965.00
106.000,4139.53,-61.09,0.112272,120.00,366.005402,3924.80,0.000117,8805.00
106.050,3208.17,-60.52,0.222043,70.00,1054.582642,4115.21,0.000043,8685.00
106.100,4288.05,-57.42,0.302595,50.00,1102.859009,4481.03,0.000050,9490.00
106.150,6194.57,-55.23,0.289392,45.00,1254.021118,4347.85,0.000094,10560.00
106.200,6387.46,-53.15,0.253107,40.00,1047.127197,4498.17,0.000246,10980.00
106.250,5870.37,-52.12,0.304299,50.00,1121.919556,4835.19,0.000236,11550.00
106.300,4951.56,-54.62,0.304089,50.00,1054.012573,4777.12,0.000115,10960.00
106.350,3107.51,-60.37,0.232621,40.00,1047.138062,3951.66,0.000041,8050.00
106.400,2392.32,-65.18,0.162384,35.00,795.495850,3356.86,0.000022,5360.00
106.450,2885.54,-65.23,0.110662,35.00,466.397827,3661.46,0.000037,7720.00
106.500,2720.78,-65.07,0.109384,40.00,332.343292,3356.68,0.000039,6955.00
106.550,2394.40,-64.11,0.122696,40.00,371.540527,3215.32,0.000050,5505.00
106.600,2108.82,-62.74,0.169207,40.00,570.336243,3023.82,0.000048,3740.00
106.650,1973.64,-62.36,0.212604,675.00,681.240967,2658.27,0.000036,2895.00
106.700,1856.14,-62.96,0.241836,675.00,710.460022,2382.17,0.000023,2580.00
106.750,1623.08,-62.44,0.279967,70.00,1116.022217,2320.31,0.000024,2360.00
106.800,1779.06,-61.40,0.317572,55.00,1234.926758,2667.01,0.000023,2955.00
106.850,3018.71,-59.81,0.287189,45.00,1309.408813,4164.39,0.000031,8025.00
106.900,4969.39,-52.97,0.237515,40.00,1087.336060,4450.67,0.000301,10825.00
106.950,5274.53,-50.40,0.233387,35.00,902.263794,4486.76,0.000672,11405.00
107.000,5144.41,-53.08,0.177930,230.00,865.956848,4519.80,0.000501,11365.00
107.050,3934.21,-58.76,0.139579,235.00,638.080994,3821.43,0.000166,8470.00
107.100,3544.99,-57.43,0.138729,450.00,671.660278,3377.77,0.000260,7130.00
107.150,3910.14,-55.08,0.157641,450.00,472.812927,3639.42,0.000409,8025.00
107.200,4888.58,-57.20,0.099874,370.00,601.807068,3987.62,0.000468,9650.00
107.250,4281.14,-59.96,0.122197,185.00,662.893005,4235.45,0.000146,9360.00
107.300,3534.42,-58.63,0.262000,65.00,1088.970337,4237.17,0.000052,9015.00
107.350,3993.82,-57.73,0.309054,50.00,1168.261475,4290.32,0.000045,9270.00
107.400,3050.71,-61.73,0.274410,40.00,1179.247192,3929.15,0.000018,8210.00
107.450,2157.37,-66.40,0.192159,40.00,867.686340,3505.30,0.000010,6070.00
107.500,2113.38,-66.88,0.138713,65.00,702.946350,3480.74,0.000018,5510.00
107.550,1867.27,-69.70,0.116054,60.00,531.333923,2957.64,0.000011,3165.00
107.600,5253.13,-60.79,0.098151,60.00,356.223419,4942.55,0.000164,12100.00
107.650,6481.07,-55.52,0.112930,80.00,492.946014,4920.45,0.000590,12890.00
107.700,5744.26,-55.80,0.134818,80.00,481.939453,4936.13,0.000386,12485.00
107.750,3991.26,-60.62,0.129645,80.00,425.099976,4407.79,0.000111,10015.00
107.800,2555.06,-65.56,0.123287,320.00,464.302979,3440.22,0.000032,5585.00
107.850,2530.64,-65.78,0.131510,315.00,427.781921,3656.26,0.000024,6415.00
107.900,2625.17,-66.88,0.116587,80.00,350.313751,3417.96,0.000019,6570.00
107.950,2522.64,-67.62,0.105556,80.00,297.373993,3221.04,0.000021,5270.00
108.000,2893.55,-67.59,0.104386,80.00,192.063156,3814.26,0.000021,6715.00
108.050,2069.91,-67.81,0.118852,80.00,365.541138,3262.42,0.000018,3720.00
108.100,1650.58,-67.34,0.155297,335.00,545.396912,2504.40,0.000014,3055.00
108.150,1874.15,-63.46,0.212225,345.00,817.847351,3038.97,0.000028,3505.00
108.200,2148.42,-60.95,0.285800,60.00,1176.733398,3236.94,0.000031,4255.00
108.250,2037.18,-61.99,0.307679,50.00,1141.977295,2835.55,0.000020,4040.00
108.300,4059.76,-56.03,0.252785,40.00,978.307312,4434.72,0.000122,10015.00
108.350,5211.96,-50.50,0.241991,40.00,1017.857056,4468.24,0.000629,11145.00
108.400,5060.33,-51.17,0.206417,210.00,784.518433,4346.84,0.000687,10660.00
108.450,4552.75,-57.52,0.097045,390.00,817.633850,4210.15,0.000423,9890.00
108.500,3079.53,-59.02,0.139652,385.00,610.796631,3252.81,0.000167,6305.00
108.550,3170.34,-55.50,0.224211,80.00,720.613464,3328.91,0.000203,6480.00
108.600,2908.25,-58.34,0.194099,80.00,737.059631,3244.98,0.000122,5955.00
108.650,1969.72,-65.28,0.157892,80.00,641.517029,2547.87,0.000029,2865.00
108.700,2634.30,-62.34,0.132908,155.00,579.367798,3453.89,0.000090,5840.00
108.750,2883.42,-60.95,0.152241,95.00,659.074280,3364.96,0.000101,6030.00
108.800,2593.93,-61.04,0.213803,430.00,716.962646,2883.65,0.000052,4215.00
108.850,4056.94,-54.88,0.240306,430.00,901.460388,4510.58,0.000196,10175.00
108.900,5037.75,-53.70,0.286626,60.00,1239.724243,5060.74,0.000175,12250.00
108.950,4640.61,-57.90,0.303506,50.00,1219.473022,5139.53,0.000042,12080.00
109.000,4162.99,-59.95,0.244077,40.00,970.560913,5074.87,0.000038,11525.00
109.050,5165.45,-54.53,0.278765,65.00,1277.975586,5250.34,0.000153,12565.00
109.100,4483.06,-54.76,0.346510,60.00,1121.761230,5002.87,0.000094,11610.00
109.150,2929.46,-59.03,0.313512,45.00,1275.551147,4042.11,0.000035,7715.00
109.200,2045.63,-63.71,0.234805,40.00,889.861206,3077.42,0.000017,3495.00
109.250,2051.92,-64.27,0.181781,55.00,779.076477,3195.06,0.000025,3470.00
109.300,1869.74,-65.91,0.177172,60.00,626.824341,2799.57,0.000017,3225.00
109.350,1856.41,-67.62,0.146376,60.00,440.135742,2771.10,0.000013,3325.00
109.400,2296.58,-66.27,0.113963,60.00,392.464478,3430.08,0.000030,4790.00
109.450,2331.70,-65.33,0.119732,425.00,465.496948,3189.97,0.000036,4825.00
109.500,2306.05,-67.09,0.114569,425.00,319.406189,2857.29,0.000023,4455.00
109.550,1497.94,-67.27,0.160528,150.00,839.964355,2677.57,0.000015,2500.00
109.600,1611.82,-63.96,0.284594,60.00,1103.641846,2838.74,0.000012,3155.00
109.650,1973.45,-63.78,0.302217,50.00,1196.730347,2858.41,0.000009,4400.00
109.700,4170.22,-58.98,0.236670,40.00,1070.769287,4620.81,0.000049,10315.00
109.750,5452.74,-51.42,0.206632,35.00,1020.936584,4499.83,0.000606,11490.00
109.800,5031.99,-50.38,0.225020,195.00,868.335388,4310.42,0.000719,10490.00
109.850,4344.03,-55.10,0.152343,195.00,751.372253,4068.28,0.000384,9375.00
109.900,3582.90,-59.48,0.101484,410.00,588.078186,3509.55,0.000278,7625.00
109.950,3836.17,-55.49,0.161502,405.00,534.027161,3601.91,0.000372,7880.00
110.000,3761.01,-57.38,0.144287,175.00,534.675598,3673.79,0.000262,7820.00
110.050,3438.74,-62.30,0.110120,180.00,586.699646,3909.67,0.000099,8460.00
110.100,2618.18,-62.11,0.222293,70.00,1091.002686,3900.88,0.000029,8070.00
110.150,1790.56,-64.67,0.306030,55.00,1101.496826,3354.17,0.000008,4565.00
110.200,1662.85,-66.33,0.291374,45.00,1254.551025,2978.15,0.000005,3160.00
110.250,5048.93,-56.97,0.223317,40.00,1011.267395,5070.47,0.000101,12300.00
110.300,6453.06,-54.46,0.176372,40.00,834.178650,5118.86,0.000337,12980.00
110.350,6372.78,-57.23,0.136870,170.00,662.125977,5142.61,0.000230,12915.00
110.400,5193.32,-61.57,0.102919,55.00,427.339142,5110.83,0.000151,12290.00
110.450,6724.45,-55.83,0.108501,60.00,427.437012,5011.66,0.000699,13015.00
110.500,6171.26,-54.87,0.135070,60.00,415.621796,4985.97,0.000630,12765.00
110.550,4663.86,-58.93,0.136407,60.00,426.270142,4687.06,0.000169,11330.00
110.600,2963.51,-64.93,0.118552,60.00,321.339691,3638.08,0.000039,6710.00
110.650,3308.72,-65.08,0.104292,60.00,279.888580,3779.98,0.000042,7985.00
110.700,3122.59,-66.25,0.098781,60.00,148.103012,3654.58,0.000031,7775.00
110.750,2407.26,-68.70,0.104776,60.00,187.953415,3050.12,0.000015,4750.00
110.800,2811.10,-66.89,0.112082,60.00,205.685577,3599.20,0.000023,6190.00
110.850,3033.26,-63.98,0.117380,60.00,295.349792,3563.78,0.000050,7045.00
110.900,2765.23,-65.22,0.101020,60.00,330.445435,3213.80,0.000049,6220.00
110.950,1753.05,-67.49,0.120207,115.00,550.407471,2973.60,0.000022,3470.00
111.000,1613.45,-64.10,0.289660,65.00,1225.837524,2949.75,0.000011,3555.00
111.050,1656.52,-63.24,0.344520,55.00,1181.903442,2606.18,0.000010,3555.00
111.100,2633.32,-59.93,0.278389,40.00,1274.886963,3623.47,0.000034,5985.00
111.150,4520.56,-52.01,0.257425,40.00,1168.138550,4396.48,0.000358,10275.00
111.200,4515.89,-50.90,0.278879,55.00,971.291992,4364.27,0.000430,10250.00
111.250,3989.40,-55.27,0.195525,60.00,929.797180,4211.65,0.000239,9415.00
111.300,4475.68,-57.72,0.119744,60.00,755.360657,4084.55,0.000263,9320.00
111.350,4119.64,-54.13,0.173937,60.00,628.289856,3750.27,0.000409,8600.00
111.400,3884.32,-55.40,0.165902,60.00,366.315460,3673.69,0.000319,8150.00
111.450,3649.90,-61.95,0.121327,60.00,617.193420,3804.01,0.000079,8260.00
111.500,5836.38,-58.28,0.113866,60.00,321.430084,4193.61,0.000213,10330.00
111.550,5575.88,-56.10,0.123791,60.00,352.524414,4183.00,0.000363,10190.00
111.600,4199.24,-58.70,0.126415,60.00,409.381256,3985.09,0.000191,9020.00
111.650,4398.53,-57.61,0.142550,115.00,531.453186,4706.26,0.000227,11060.00
111.700,5285.42,-53.98,0.260451,65.00,1068.373779,5126.82,0.000191,12575.00
111.750,5101.33,-55.91,0.301384,50.00,1133.506714,5145.48,0.000080,12305.00
111.800,3908.51,-61.09,0.257469,40.00,1128.526855,4852.39,0.000031,10785.00
111.850,5107.97,-55.36,0.241165,40.00,1181.273560,5266.90,0.000198,12610.00
111.900,5108.74,-53.51,0.303201,60.00,1009.235352,5185.53,0.000218,12445.00
111.950,4060.56,-57.42,0.296703,50.00,1154.132812,4830.34,0.000070,11010.00
112.000,3879.59,-60.46,0.231505,40.00,973.521912,4833.60,0.000038,11070.00
112.050,5007.91,-60.23,0.150149,35.00,696.024170,5223.80,0.000085,12140.00
112.100,4149.08,-61.95,0.097661,290.00,647.087585,4691.76,0.000123,11005.00
112.150,2417.12,-68.06,0.089451,290.00,286.066193,3179.29,0.000026,4085.00
112.200,2725.52,-68.01,0.071922,330.00,269.320465,3484.91,0.000039,5130.00
112.250,2597.97,-66.21,0.078993,165.00,304.747528,3344.48,0.000063,3960.00
112.300,2133.59,-69.96,0.079242,295.00,269.396210,2937.22,0.000021,3270.00
112.350,1269.89,-71.82,0.103479,150.00,451.943115,2562.63,0.000009,1770.00
112.400,1730.74,-62.91,0.248171,65.00,1094.428467,2705.99,0.000023,3470.00
112.450,2167.14,-59.64,0.319852,50.00,1192.595947,2681.02,0.000037,3900.00
112.500,2792.69,-57.60,0.291785,45.00,1190.506592,3138.93,0.000070,5425.00
112.550,4712.07,-51.56,0.243762,40.00,1124.653931,4241.13,0.000447,10115.00
112.600,5263.95,-50.64,0.214436,40.00,794.616333,4442.87,0.000720,11080.00
112.650,5965.85,-54.00,0.109684,225.00,834.584412,4339.47,0.000885,11110.00
112.700,6540.13,-57.17,0.064417,80.00,473.760040,3829.44,0.000932,10430.00
112.750,4678.80,-54.04,0.136346,665.00,630.465759,3846.85,0.000650,9080.00
112.800,4254.26,-54.15,0.163534,220.00,449.180298,3768.50,0.000478,8490.00
112.850,3690.00,-59.56,0.124606,175.00,587.608948,3449.05,0.000178,7090.00
112.900,2228.10,-63.07,0.168014,75.00,872.474121,2881.36,0.000042,4475.00
112.950,1753.09,-62.99,0.284948,60.00,1100.716309,2690.69,0.000017,3450.00
113.000,1615.50,-65.89,0.298360,50.00,1171.764404,2473.84,0.000007,3205.00
113.050,4221.45,-59.20,0.234893,40.00,1055.836548,4881.43,0.000074,11290.00
113.100,5725.10,-53.56,0.200793,35.00,961.964294,5077.90,0.000501,12715.00
113.150,5215.76,-54.32,0.202295,1140.00,819.156555,4947.88,0.000411,12220.00
113.200,4130.47,-59.70,0.153089,1140.00,610.094666,4621.15,0.000105,10655.00
113.250,6143.44,-58.07,0.089707,65.00,603.979004,4963.83,0.000399,12720.00
113.300,6440.85,-55.04,0.120857,180.00,440.252045,4879.17,0.000555,12815.00
113.350,4979.75,-56.06,0.157180,60.00,538.991333,4508.79,0.000276,11365.00
113.400,3422.11,-60.52,0.154814,60.00,443.654053,3369.99,0.000096,6440.00
113.450,2755.03,-63.29,0.147438,210.00,548.411011,2886.54,0.000049,4495.00
113.500,2382.95,-63.75,0.165186,210.00,527.352112,2769.48,0.000035,4010.00
113.550,2424.45,-65.15,0.164539,60.00,523.137878,2454.37,0.000019,3830.00
113.600,2668.95,-64.01,0.165174,115.00,458.532684,2623.94,0.000026,4025.00
113.650,2511.23,-62.57,0.180169,115.00,551.077759,2693.36,0.000034,3740.00
113.700,2029.38,-64.46,0.181786,60.00,549.171631,2368.86,0.000021,3315.00
113.750,1662.46,-67.74,0.143496,60.00,591.807983,2178.02,0.000018,2830.00
113.800,1953.56,-63.71,0.230821,60.00,1045.782349,3236.59,0.000021,3715.00
113.850,2073.23,-61.32,0.337784,60.00,1174.201050,3239.27,0.000020,4345.00
113.900,2047.91,-62.13,0.301136,45.00,1225.246460,2907.93,0.000020,4060.00
113.950,4651.81,-54.16,0.236855,40.00,1054.157227,4526.61,0.000225,10750.00
114.000,5188.01,-50.33,0.246695,55.00,942.412842,4483.86,0.000627,11220.00
114.050,4803.77,-52.41,0.198892,60.00,701.896851,4372.13,0.000501,10495.00
114.100,4020.15,-58.40,0.131355,60.00,750.779114,4238.93,0.000206,9445.00
114.150,4440.96,-53.10,0.239614,60.00,942.193176,4619.15,0.000313,10720.00
114.200,4182.14,-52.18,0.328904,60.00,1110.301270,4475.86,0.000222,10105.00
114.250,3308.64,-56.85,0.302761,45.00,1274.184448,4036.19,0.000069,8190.00
114.300,2001.02,-63.64,0.237576,40.00,900.866333,2853.57,0.000019,3355.00
114.350,2425.93,-61.29,0.192537,35.00,912.125000,3144.57,0.000060,4045.00
114.400,2792.52,-60.62,0.188825,435.00,733.639832,3274.67,0.000073,5625.00
114.450,2366.49,-62.66,0.177028,430.00,615.803711,2834.76,0.000046,4040.00
114.500,2759.11,-57.36,0.238455,75.00,1003.980347,3301.43,0.000109,6030.00
114.550,3069.82,-55.54,0.308792,55.00,1148.293457,3530.39,0.000106,6630.00
114.600,2836.48,-60.38,0.287910,45.00,1173.785400,3654.11,0.000026,6540.00
114.650,4503.21,-57.90,0.234364,40.00,1010.572998,5105.62,0.000072,11800.00
114.700,4934.59,-53.90,0.285256,65.00,1015.760620,5107.97,0.000168,12225.00
114.750,4112.90,-55.27,0.321117,50.00,1091.620728,4679.73,0.000092,10670.00
114.800,2844.41,-59.85,0.272190,40.00,1073.722534,3579.84,0.000038,6335.00
114.850,2331.98,-64.11,0.186556,40.00,877.134888,3102.39,0.000024,4270.00
114.900,2386.52,-62.89,0.158135,155.00,823.371887,3187.12,0.000045,4515.00
114.950,2051.82,-63.67,0.203952,345.00,789.505554,2743.92,0.000023,3530.00
115.000,2107.28,-66.33,0.158157,350.00,700.040588,2938.18,0.000017,3530.00
115.050,2506.11,-66.86,0.082138,355.00,635.385864,3607.94,0.000050,5625.00
115.100,2400.19,-65.40,0.107808,1405.00,497.746368,2843.02,0.000049,3715.00
115.150,2853.73,-65.06,0.098724,1410.00,251.928925,2917.46,0.000063,5425.00
115.200,4508.07,-63.20,0.048831,310.00,383.146606,3952.61,0.000318,9280.00
115.250,4042.19,-61.09,0.088952,405.00,463.857819,3799.21,0.000179,8675.00
115.300,3125.67,-62.99,0.115837,410.00,244.090607,3350.00,0.000065,7060.00
115.350,5051.69,-53.60,0.134338,410.00,728.482605,4125.57,0.000747,10160.00
115.400,5167.41,-50.11,0.226000,405.00,733.333008,4342.45,0.000783,10795.00
115.450,4482.90,-52.41,0.239809,620.00,932.331482,4386.23,0.000379,10265.00
115.500,3215.87,-59.16,0.197865,1395.00,817.472046,3757.80,0.000088,7580.00
115.550,3722.92,-57.35,0.133584,1395.00,772.361206,3619.94,0.000296,7940.00
115.600,4191.31,-54.78,0.143423,670.00,553.713562,3771.79,0.000525,8540.00
115.650,4790.28,-56.94,0.108536,1495.00,552.450134,4014.81,0.000432,9815.00
115.700,5598.06,-56.47,0.130649,185.00,594.542542,4117.16,0.000311,10490.00
115.750,5099.32,-54.88,0.256314,65.00,1092.706299,4339.55,0.000132,10310.00
115.800,4807.76,-55.31,0.303899,50.00,1104.549561,4333.66,0.000081,10075.00
115.850,3726.82,-57.17,0.270566,40.00,1223.505859,3963.13,0.000073,8455.00
115.900,5119.51,-53.91,0.222622,40.00,968.372559,4731.43,0.000273,11815.00
115.950,5676.29,-53.10,0.186221,65.00,729.492554,4820.02,0.000477,12440.00
116.000,5040.97,-57.27,0.133597,60.00,690.631348,4713.83,0.000248,11715.00
116.050,5355.67,-60.12,0.086036,60.00,455.553955,4947.74,0.000244,12215.00
116.100,5858.72,-54.35,0.130438,80.00,582.631104,4973.86,0.000639,12615.00
116.150,4602.09,-54.01,0.211950,80.00,799.096252,4599.06,0.000306,11075.00
116.200,3405.09,-58.54,0.200994,435.00,571.683960,3666.98,0.000098,7490.00
116.250,2806.52,-64.04,0.139826,80.00,680.319519,3045.63,0.000042,3930.00
116.300,2845.50,-65.32,0.119244,80.00,467.938751,3403.43,0.000034,5770.00
116.350,2510.38,-66.63,0.135108,80.00,391.177155,3034.80,0.000019,4010.00
116.400,2313.11,-67.08,0.134819,80.00,369.834961,2927.82,0.000017,3775.00
116.450,2555.66,-66.94,0.119373,80.00,376.077667,3535.10,0.000021,5210.00
116.500,2598.78,-64.96,0.115388,80.00,396.825775,3153.68,0.000043,5425.00
116.550,2752.30,-66.26,0.091184,210.00,373.198059,2910.65,0.000046,5960.00
116.600,2221.25,-64.68,0.145961,160.00,755.517395,3485.36,0.000033,4270.00
116.650,2118.42,-61.13,0.272860,60.00,1077.414673,3291.23,0.000029,4090.00
116.700,2000.64,-61.20,0.324272,50.00,1168.281738,2667.20,0.000022,3705.00
116.750,3316.78,-55.98,0.294735,40.00,1199.723389,3964.58,0.000104,8055.00
116.800,4785.42,-50.60,0.275261,40.00,1070.855957,4445.35,0.000496,10610.00
116.850,4587.10,-51.04,0.262973,80.00,977.939819,4318.00,0.000465,10150.00
116.900,3616.07,-56.87,0.185889,155.00,826.804199,3937.63,0.000172,8260.00
116.950,3109.26,-59.31,0.136374,75.00,690.316223,3378.88,0.000168,6635.00
117.000,3363.48,-55.63,0.201063,155.00,641.223328,3451.95,0.000236,6925.00
117.050,3112.86,-58.37,0.174154,155.00,434.579529,3463.78,0.000137,6635.00
117.100,2108.78,-67.83,0.110837,155.00,632.416443,3252.79,0.000021,4595.00
117.150,2111.65,-64.68,0.127223,155.00,486.453430,3130.80,0.000044,3720.00
117.200,1834.18,-62.76,0.247749,1060.00,1021.830566,2479.41,0.000025,2950.00
117.250,1809.96,-64.98,0.220788,1095.00,689.996094,2217.13,0.000016,2975.00
117.300,1534.57,-65.59,0.209917,120.00,926.919128,2295.01,0.000017,2420.00
117.350,1324.44,-64.77,0.308757,60.00,1226.189697,2358.42,0.000010,2050.00
117.400,1291.41,-66.45,0.317494,50.00,1302.855835,2282.49,0.000005,1945.00
117.450,3179.07,-60.18,0.250327,40.00,1100.489746,4466.30,0.000056,9345.00
117.500,5076.89,-54.51,0.270484,35.00,1276.578125,5203.72,0.000220,12445.00
117.550,5004.90,-55.03,0.315437,50.00,1065.702271,5178.04,0.000127,12310.00
117.600,3843.59,-60.61,0.260121,50.00,1006.848633,4799.54,0.000027,10835.00
117.650,2144.76,-68.51,0.172531,35.00,957.715698,3697.07,0.000007,4535.00
117.700,2032.67,-67.15,0.129303,35.00,525.898682,3404.31,0.000020,3505.00
117.750,2008.33,-65.35,0.139471,80.00,535.819580,2768.06,0.000030,3280.00
117.800,2235.01,-66.19,0.115787,40.00,265.578796,2964.30,0.000030,4245.00
117.850,3614.02,-64.02,0.095931,40.00,366.648621,4212.97,0.000065,9340.00
117.900,2998.95,-61.84,0.135876,40.00,451.932220,3605.01,0.000074,7605.00
117.950,2328.30,-65.16,0.128437,40.00,207.854782,2969.26,0.000035,5075.00
118.000,3219.60,-61.75,0.144848,80.00,703.910950,4048.79,0.000072,8665.00
118.050,3158.92,-57.79,0.285494,60.00,1147.321777,3955.06,0.000062,8375.00
118.100,2469.99,-60.20,0.324249,50.00,1217.645752,3425.16,0.000024,6680.00
118.150,3983.66,-55.93,0.266445,40.00,1156.978394,4131.13,0.000103,9030.00
118.200,5140.37,-50.55,0.243547,40.00,1082.814819,4404.35,0.000589,10840.00
118.250,5421.56,-51.25,0.186218,225.00,759.609375,4519.55,0.000770,11455.00
118.300,5369.48,-56.93,0.096944,210.00,776.054871,4522.79,0.000469,11270.00
118.350,3605.94,-59.96,0.097771,415.00,337.160553,3649.58,0.000232,7985.00
118.400,3755.66,-55.36,0.167791,400.00,690.053162,3616.46,0.000340,7715.00
118.450,3748.42,-56.92,0.166255,400.00,490.069458,3718.32,0.000221,7780.00
118.500,2805.88,-64.96,0.107348,370.00,656.403198,3598.88,0.000052,6090.00
118.550,2022.07,-63.71,0.208986,70.00,1039.806396,3350.39,0.000023,5440.00
118.600,1946.31,-62.21,0.308140,55.00,1114.640381,3222.09,0.000016,4765.00
118.650,1830.29,-64.49,0.309742,45.00,1302.228516,2882.55,0.000008,3435.00
118.700,1974.55,-66.35,0.252994,40.00,1027.036743,3205.48,0.000006,3960.00
118.750,2026.36,-66.77,0.195526,440.00,839.493103,3424.77,0.000009,4115.00
118.800,1987.13,-67.58,0.150563,60.00,760.755005,3054.90,0.000013,3420.00
118.850,3623.93,-63.35,0.114161,60.00,476.897888,4479.65,0.000087,9530.00
118.900,5957.84,-55.62,0.126500,60.00,580.191101,5053.15,0.000600,12820.00
118.950,5425.98,-54.23,0.194271,80.00,715.594116,4983.69,0.000404,12475.00
119.000,4229.45,-58.30,0.180218,595.00,616.016846,4567.02,0.000129,10510.00
119.050,2723.59,-64.76,0.117942,80.00,608.661804,3600.41,0.000044,6485.00
119.100,2638.69,-66.36,0.099009,80.00,470.146637,3838.91,0.000037,6890.00
119.150,2332.50,-65.59,0.152403,400.00,607.202454,3423.31,0.000020,5180.00
119.200,1861.74,-67.44,0.169920,400.00,357.549988,2776.31,0.000010,3235.00
119.250,2360.62,-66.70,0.131043,80.00,598.788391,3367.64,0.000021,4425.00
119.300,2666.26,-64.41,0.130428,80.00,394.120789,3396.14,0.000040,6395.00
119.350,2569.42,-65.10,0.134577,230.00,325.923645,2967.20,0.000030,5990.00
119.400,2357.89,-64.95,0.126683,75.00,675.493347,3327.09,0.000044,5490.00
119.450,2443.85,-61.13,0.253717,65.00,1056.870605,3701.45,0.000036,6115.00
119.500,2245.56,-60.17,0.332532,50.00,1225.636108,3211.40,0.000030,4875.00
119.550,2428.48,-59.34,0.315533,40.00,1217.265137,3316.42,0.000046,5125.00
119.600,4484.44,-52.08,0.278725,40.00,1089.745850,4463.72,0.000382,10430.00
119.650,4846.97,-50.26,0.263959,620.00,1075.135254,4415.79,0.000699,10660.00
119.700,4220.51,-53.89,0.211658,620.00,851.661011,4156.35,0.000333,9530.00
119.750,2856.69,-60.62,0.158507,615.00,740.911926,3352.41,0.000088,6020.00
119.800,3214.05,-56.27,0.184117,80.00,890.655151,3365.84,0.000228,6615.00
119.850,3273.25,-56.37,0.205843,80.00,597.919617,3412.74,0.000172,6705.00
119.900,2727.31,-62.41,0.169816,80.00,728.968994,3210.10,0.000043,5585.00
119.950,2390.60,-63.57,0.155134,415.00,595.119690,3325.19,0.000045,4190.00
120.000,2444.40,-61.18,0.202000,660.00,907.641235,3344.17,0.000060,4380.00
120.050,2147.69,-62.33,0.262953,660.00,818.527039,2722.48,0.000028,3550.00
120.100,3248.67,-57.37,0.256772,655.00,824.304565,4062.15,0.000095,8175.00
120.150,4564.43,-53.74,0.283922,65.00,1289.787476,4927.33,0.000199,11685.00
120.200,4264.30,-55.39,0.321450,50.00,1289.173950,4912.81,0.000095,11510.00
120.250,2875.83,-60.46,0.292725,40.00,1211.819336,4193.95,0.000028,8110.00
120.300,4489.30,-56.06,0.262392,40.00,1210.766968,5127.70,0.000118,11880.00
120.350,5038.92,-54.56,0.330941,60.00,1200.903076,5251.75,0.000105,12480.00
120.400,4098.50,-58.54,0.330473,50.00,1155.011963,4985.56,0.000032,11425.00
120.450,2260.37,-66.11,0.253521,40.00,1142.071411,3880.01,0.000006,6060.00
120.500,1936.39,-69.56,0.178833,35.00,693.358704,3674.54,0.000005,3790.00
120.550,2354.63,-71.71,0.107430,55.00,645.726013,4088.65,0.000006,6685.00
120.600,1434.71,-76.45,0.095725,60.00,228.861053,3229.82,0.000002,1865.00
120.650,2485.42,-69.36,0.098960,60.00,193.288162,4014.79,0.000014,7765.00
120.700,2632.83,-64.18,0.107594,60.00,424.376282,3658.19,0.000065,7145.00
120.750,2535.68,-64.19,0.109405,230.00,409.128601,3222.78,0.000063,6015.00
120.800,2237.37,-65.54,0.104457,150.00,441.326111,3243.19,0.000047,5280.00
120.850,2100.77,-62.04,0.243617,65.00,1096.051758,3440.40,0.000027,4175.00
120.900,2109.34,-61.21,0.319598,50.00,1152.461426,3201.81,0.000018,4430.00
120.950,2418.81,-62.11,0.286764,45.00,1239.432373,3499.93,0.000016,5435.00
121.000,5176.75,-53.75,0.224383,40.00,1017.962830,4652.43,0.000262,11500.00
121.050,5226.13,-50.03,0.238326,35.00,1045.312378,4439.75,0.000722,11050.00
121.100,4754.45,-52.57,0.209793,415.00,808.441833,4270.94,0.000429,10285.00
121.150,3886.30,-60.38,0.111645,405.00,796.364685,4015.47,0.000148,8680.00
121.200,4003.29,-55.84,0.133567,200.00,736.615601,3641.52,0.000445,8250.00
121.250,4710.90,-53.13,0.162958,1410.00,433.492065,3797.48,0.000625,9060.00
121.300,5988.77,-55.21,0.130159,1410.00,664.302429,3815.22,0.000471,9885.00
121.350,4276.24,-58.64,0.178053,175.00,915.204285,4255.12,0.000110,9210.00
121.400,1609.42,-64.55,0.290999,60.00,1144.760620,3157.00,0.000010,2975.00
121.450,1444.08,-65.18,0.327612,50.00,1371.658447,2497.01,0.000007,2110.00
121.500,2853.71,-58.83,0.314093,40.00,1277.338745,4023.90,0.000039,7645.00
121.550,5738.21,-54.18,0.243960,40.00,1024.943237,5096.84,0.000191,12710.00
121.600,6082.11,-54.80,0.167387,60.00,941.726379,5116.56,0.000335,12830.00
121.650,5122.45,-60.00,0.118898,55.00,626.160950,4981.08,0.000181,12085.00
121.700,6313.10,-58.39,0.088767,55.00,412.906799,4926.83,0.000506,12775.00
121.750,6847.73,-55.05,0.110868,60.00,394.355194,4902.70,0.000860,12970.00
121.800,5038.28,-56.37,0.166866,60.00,708.964966,4821.17,0.000291,11720.00
121.850,2858.46,-61.38,0.207286,400.00,568.111572,3660.02,0.000043,6585.00
121.900,2249.69,-65.97,0.173652,405.00,746.415039,3113.48,0.000017,3445.00
121.950,2328.38,-68.21,0.164385,1235.00,594.939270,3374.17,0.000008,4085.00
122.000,1773.46,-69.83,0.169252,1230.00,453.947876,2548.61,0.000006,2915.00
122.050,1994.24,-68.57,0.144380,60.00,521.975708,2748.20,0.000011,3350.00
122.100,2643.87,-66.98,0.124331,60.00,428.524200,3509.83,0.000020,5955.00
122.150,2368.42,-68.49,0.105629,60.00,290.620911,3317.09,0.000018,5295.00
122.200,2464.44,-68.74,0.072983,55.00,411.082123,3606.83,0.000035,7840.00
122.250,3835.73,-59.90,0.224857,70.00,1062.270508,4406.83,0.000051,9300.00
122.300,4064.12,-55.85,0.339952,60.00,1184.970947,4315.28,0.000069,9325.00
122.350,3264.15,-56.42,0.343443,45.00,1426.542236,3774.37,0.000062,8230.00
122.400,3919.13,-53.63,0.295942,40.00,1177.238892,4147.81,0.000188,8990.00
122.450,4795.68,-50.33,0.275361,35.00,1032.524658,4388.59,0.000534,10500.00
122.500,4641.07,-52.82,0.201493,175.00,885.786133,4393.19,0.000439,10345.00
122.550,3991.19,-61.16,0.106805,60.00,820.581604,4416.70,0.000119,9815.00
122.600,3438.97,-58.07,0.138594,60.00,516.842224,3495.48,0.000223,7195.00
122.650,3441.14,-55.49,0.203555,60.00,623.219727,3506.47,0.000238,7240.00
122.700,3018.27,-59.48,0.165218,60.00,563.477905,3443.94,0.000109,6655.00
122.750,1835.99,-68.05,0.127071,60.00,604.882935,2761.37,0.000017,3055.00
122.800,1850.56,-64.43,0.190264,60.00,865.556763,2650.03,0.000026,2830.00
122.850,1894.31,-63.28,0.286087,655.00,943.808167,2364.62,0.000016,3040.00
122.900,2688.86,-60.92,0.253375,655.00,776.516235,3449.70,0.000036,5100.00
122.950,4306.97,-54.43,0.270785,1090.00,1300.013794,4819.71,0.000176,11245.00
123.000,4555.14,-54.13,0.323586,55.00,1287.490356,5011.97,0.000133,11835.00
123.050,3490.24,-58.75,0.311598,45.00,1374.160156,4615.05,0.000045,10040.00
123.100,3959.97,-57.74,0.258423,40.00,1056.652954,4958.50,0.000101,11205.00
123.150,5227.80,-53.85,0.291674,60.00,1240.976807,5278.20,0.000212,12650.00
123.200,4720.25,-56.02,0.317550,50.00,1096.042480,5130.68,0.000094,12140.00
123.250,3119.28,-62.79,0.278338,40.00,1199.872681,4459.08,0.000013,9345.00
123.300,1909.35,-68.14,0.193899,40.00,845.482910,3369.92,0.000007,2965.00
123.350,2158.14,-65.22,0.139108,455.00,896.995850,3229.88,0.000031,3830.00
123.400,3057.54,-63.34,0.125743,455.00,501.570465,4036.59,0.000056,8400.00
123.450,5871.07,-63.69,0.042047,475.00,563.507507,5155.09,0.000328,12255.00
123.500,4243.97,-60.44,0.088109,425.00,475.894226,4394.27,0.000218,10300.00
123.550,2840.37,-59.87,0.210096,435.00,830.038574,3324.38,0.000061,5895.00
123.600,2123.35,-64.32,0.197770,435.00,568.425720,2485.69,0.000024,3495.00
123.650,1508.76,-65.18,0.208341,70.00,1183.368042,2665.33,0.000018,2305.00
123.700,1735.43,-63.19,0.299176,55.00,1188.047974,3054.56,0.000013,3935.00
123.750,2235.43,-63.18,0.302731,50.00,1265.427002,3262.95,0.000010,5130.00
123.800,4562.31,-53.65,0.260725,40.00,1149.134521,4263.67,0.000191,9920.00
123.850,5142.91,-50.05,0.257456,40.00,979.195923,4436.37,0.000574,10925.00
123.900,5287.11,-52.78,0.174645,190.00,865.312073,4565.51,0.000533,11445.00
123.950,5003.38,-60.92,0.086248,185.00,777.881958,4767.72,0.000182,11600.00
124.000,3654.73,-58.70,0.116405,185.00,447.696472,3577.13,0.000269,7615.00
124.050,3741.64,-55.22,0.180288,190.00,639.823425,3562.93,0.000343,7505.00
124.100,3509.31,-58.28,0.159130,410.00,615.479187,3518.69,0.000175,6995.00
124.150,2291.65,-64.31,0.156339,175.00,726.278809,2975.26,0.000038,3815.00
124.200,1713.02,-63.71,0.272302,65.00,1146.644165,2856.24,0.000016,3580.00
124.250,3098.70,-59.75,0.315932,50.00,1218.097900,3804.54,0.000026,7835.00
124.300,5626.00,-57.25,0.284374,40.00,1256.640869,4127.33,0.000057,9710.00
124.350,6840.48,-54.48,0.218115,40.00,918.894287,4321.74,0.000211,11730.00
124.400,6595.28,-53.58,0.162967,60.00,837.931702,4658.23,0.000488,12450.00
124.450,5351.82,-56.49,0.151321,60.00,726.948059,4748.00,0.000237,11650.00
124.500,4737.20,-59.89,0.120119,60.00,384.101868,4816.20,0.000137,11400.00
124.550,6481.25,-55.42,0.121100,65.00,535.916443,4979.82,0.000485,12895.00
124.600,5500.79,-55.60,0.174555,60.00,629.325806,5030.03,0.000254,12420.00
124.650,3647.92,-60.28,0.176176,60.00,463.821075,4382.00,0.000072,9630.00
124.700,2243.30,-65.89,0.126206,55.00,596.738770,3215.44,0.000034,3670.00
124.750,2146.64,-64.59,0.158836,205.00,629.020813,3050.09,0.000034,3640.00
124.800,1811.71,-66.49,0.169515,60.00,463.056580,2566.68,0.000018,3290.00
124.850,1643.02,-70.46,0.149296,60.00,569.207703,2276.05,0.000007,3275.00
124.900,2254.83,-66.08,0.141729,60.00,356.951721,3193.62,0.000023,3700.00
124.950,2044.47,-64.64,0.164719,60.00,505.557404,2955.26,0.000028,3545.00
125.000,1671.24,-67.44,0.141752,60.00,390.517395,2512.50,0.000016,2825.00
125.050,1782.37,-65.51,0.170529,60.00,765.682434,3100.74,0.000023,3295.00
125.100,2105.44,-61.03,0.317206,60.00,1199.824219,3345.50,0.000024,4840.00
125.150,2137.67,-60.64,0.345555,50.00,1257.539185,2972.82,0.000023,4430.00
125.200,3401.01,-56.89,0.283005,40.00,1251.786987,4068.33,0.000076,8195.00
125.250,5040.31,-51.00,0.258872,40.00,1016.921936,4452.27,0.000452,10895.00
125.300,4982.26,-50.84,0.233802,55.00,830.608948,4380.08,0.000587,10535.00
125.350,5160.81,-53.76,0.156005,60.00,812.685547,4040.55,0.000512,9725.00
125.400,5542.71,-51.75,0.195044,115.00,713.214050,4144.49,0.000601,10165.00
125.450,4943.77,-50.43,0.321676,60.00,1143.123779,4461.44,0.000349,10480.00
125.500,4156.44,-53.80,0.338409,50.00,1224.235352,4406.66,0.000122,9755.00
125.550,2756.59,-61.50,0.263762,40.00,1222.655396,3819.28,0.000023,6695.00
125.600,2985.89,-59.90,0.201926,35.00,883.432007,3759.29,0.000065,7495.00
125.650,2838.85,-58.25,0.250309,655.00,1205.215454,3543.46,0.000079,6685.00
125.700,2512.25,-60.83,0.250987,655.00,711.803772,3144.31,0.000043,5645.00
125.750,2377.44,-59.97,0.242271,660.00,1030.919434,3083.33,0.000054,5315.00
125.800,2795.44,-55.54,0.319544,60.00,1144.047363,3371.50,0.000107,6240.00
125.850,2634.95,-57.40,0.332608,50.00,1374.139160,3367.26,0.000057,6065.00
125.900,2545.87,-60.38,0.290109,40.00,1140.429810,3953.05,0.000032,6585.00
125.950,4642.18,-54.83,0.289731,35.00,1291.053833,5151.39,0.000131,12040.00
126.000,4845.96,-54.78,0.317761,50.00,1109.043335,5154.66,0.000106,12205.00
126.050,3740.45,-60.14,0.302232,45.00,1229.003052,4794.52,0.000024,10665.00
126.100,1851.74,-68.14,0.239076,40.00,935.575012,3450.65,0.000004,2805.00
126.150,2043.63,-69.91,0.152665,35.00,662.205322,3722.31,0.000006,4015.00
126.200,2124.51,-73.22,0.076867,80.00,641.594910,3795.51,0.000008,5045.00
126.250,2273.84,-76.34,0.031486,80.00,305.585266,3852.07,0.000016,5495.00
126.300,2927.19,-68.90,0.037905,315.00,228.901321,3911.57,0.000121,7095.00
126.350,2109.26,-63.72,0.151897,750.00,771.488953,2636.82,0.000047,3425.00
126.400,2068.47,-61.57,0.271695,750.00,885.531250,2289.67,0.000029,3460.00
126.450,2065.00,-62.55,0.230004,1205.00,753.601929,2372.30,0.000031,3400.00
126.500,2646.54,-64.34,0.090137,185.00,1028.156494,3186.01,0.000084,4905.00
126.550,2942.80,-63.76,0.087270,215.00,545.342896,3096.05,0.000098,5580.00
126.600,4365.43,-56.57,0.127026,215.00,424.532257,3860.66,0.000361,8980.00
126.650,5138.97,-50.44,0.222845,210.00,861.616394,4243.61,0.000719,10570.00
126.700,5074.77,-50.98,0.245814,425.00,732.414429,4415.22,0.000507,10945.00
126.750,4719.92,-56.98,0.171333,420.00,857.017151,4503.41,0.000167,10780.00
126.800,3693.45,-60.88,0.093959,415.00,676.847961,3780.47,0.000207,8315.00
126.850,3834.29,-55.85,0.155619,400.00,654.740601,3579.22,0.000366,7820.00
126.900,3767.85,-56.94,0.148940,400.00,405.515717,3604.93,0.000281,7620.00
126.950,3070.13,-64.80,0.104144,185.00,660.465698,3645.25,0.000053,6600.00
127.000,2133.65,-63.72,0.200882,70.00,996.785828,3524.37,0.000023,5635.00
127.050,1986.53,-61.68,0.306674,60.00,1130.746216,3156.02,0.000019,3715.00
127.100,1919.09,-64.48,0.307242,45.00,1278.807251,2667.70,0.000009,3590.00
127.150,5248.57,-58.09,0.236551,40.00,1011.125000,5075.18,0.000068,12465.00
127.200,6699.89,-54.56,0.176272,35.00,770.425171,5044.61,0.000336,13020.00
127.250,5538.56,-55.29,0.170343,60.00,899.101624,4840.80,0.000293,12205.00
127.300,3746.42,-58.34,0.207529,405.00,663.436035,4107.90,0.000134,8525.00
127.350,5423.94,-54.05,0.185614,405.00,840.343140,5000.38,0.000535,12515.00
127.400,6069.76,-53.84,0.188187,650.00,844.661682,5093.37,0.000517,12865.00
127.450,5010.93,-59.02,0.146144,80.00,561.262207,4978.68,0.000163,12155.00
127.500,3301.98,-66.97,0.103859,80.00,539.713684,4325.33,0.000025,9265.00
127.550,2890.68,-67.42,0.099518,80.00,251.573273,3913.50,0.000023,7225.00
127.600,2722.42,-65.78,0.108785,80.00,190.959824,3704.75,0.000035,6505.00
127.650,3941.74,-63.51,0.107039,80.00,274.666992,4581.80,0.000064,10615.00
127.700,4540.23,-62.96,0.110915,80.00,244.143112,4757.80,0.000066,11115.00
127.750,2833.01,-62.47,0.152209,410.00,650.087646,3665.45,0.000054,6575.00
127.800,2196.07,-64.74,0.183141,410.00,522.219177,2821.83,0.000022,3525.00
127.850,1693.81,-67.41,0.147226,410.00,695.589417,2641.20,0.000018,2755.00
127.900,1391.78,-65.36,0.262185,65.00,1223.150635,2801.14,0.000010,2260.00
127.950,1727.86,-62.75,0.331091,50.00,1208.213623,2677.97,0.000012,3530.00
128.000,2518.66,-60.64,0.303982,40.00,1189.786499,3500.55,0.000036,5185.00
128.050,4990.87,-51.90,0.258480,40.00,1069.178345,4571.32,0.000511,11200.00
128.100,5108.22,-49.73,0.254122,155.00,938.869568,4443.79,0.000967,10940.00
128.150,5073.09,-52.55,0.179103,155.00,833.596497,4189.31,0.000692,10035.00
128.200,5776.81,-53.77,0.146906,155.00,685.750793,3569.11,0.000556,9455.00
128.250,4652.13,-52.59,0.194896,80.00,679.275024,3573.76,0.000517,8615.00
128.300,4032.11,-53.94,0.190884,80.00,495.716125,3683.10,0.000380,8175.00
128.350,5057.86,-57.75,0.122767,80.00,678.900696,4674.32,0.000249,11195.00
128.400,6682.23,-59.03,0.097347,80.00,361.327362,5038.59,0.000255,12315.00
128.450,3833.47,-57.72,0.172151,435.00,908.900269,4390.56,0.000161,10065.00
128.500,2253.08,-60.09,0.288812,440.00,1025.361938,3027.63,0.000036,3760.00
128.550,1778.44,-63.54,0.282212,1095.00,833.707886,2422.64,0.000015,2840.00
128.600,1377.18,-64.37,0.301394,65.00,1449.101318,2363.87,0.000012,2085.00
128.650,1186.70,-65.97,0.329306,50.00,1359.404785,2281.68,0.000007,1550.00
128.700,1626.46,-65.36,0.293443,45.00,1277.656006,3050.46,0.000010,2505.00
128.750,4610.03,-56.42,0.258494,35.00,1164.905273,5146.45,0.000127,12060.00
128.800,5002.85,-54.28,0.306863,50.00,1023.596069,5198.95,0.000160,12415.00
128.850,4296.53,-57.87,0.304220,50.00,1070.826538,4999.15,0.000049,11595.00
128.900,2560.58,-65.49,0.230647,40.00,1069.314453,4085.56,0.000009,7270.00
128.950,1943.20,-65.89,0.180725,35.00,728.988098,3150.30,0.000016,3360.00
129.000,2348.54,-63.06,0.162302,35.00,653.044067,3340.70,0.000044,4965.00
129.050,4396.23,-60.82,0.116868,40.00,454.984863,4815.62,0.000117,11095.00
129.100,5431.20,-59.98,0.100886,40.00,381.199280,4694.61,0.000174,11290.00
129.150,3723.64,-59.96,0.125836,40.00,393.357239,3872.21,0.000132,8730.00
129.200,2837.28,-63.10,0.131540,40.00,272.754181,3427.90,0.000054,6430.00
129.250,2057.27,-65.44,0.124339,80.00,536.441406,3106.69,0.000038,3880.00
129.300,1665.67,-62.27,0.270293,70.00,1136.506226,2834.50,0.000024,3300.00
129.350,1618.76,-62.26,0.330812,50.00,1162.572632,2648.19,0.000016,3235.00
129.400,2560.81,-61.06,0.289470,45.00,1360.756958,3487.55,0.000024,6070.00
129.450,4900.09,-51.77,0.254736,40.00,1185.531494,4391.12,0.000398,10630.00
129.500,4990.39,-50.06,0.256389,35.00,994.085632,4503.26,0.000659,10965.00
129.550,4295.92,-54.18,0.236679,650.00,1149.243286,4433.16,0.000229,10135.00
129.600,3034.05,-61.86,0.215895,650.00,878.015503,3741.78,0.000030,7275.00
129.650,3380.60,-56.86,0.202846,1295.00,900.944763,3437.62,0.000154,6900.00
129.700,3832.73,-55.20,0.169313,1280.00,711.537354,3631.86,0.000348,7760.00
129.750,4064.80,-60.08,0.102110,185.00,755.544312,3889.54,0.000203,8500.00
129.800,3372.78,-61.01,0.154757,190.00,781.468201,4108.92,0.000074,8825.00
129.850,2509.18,-59.45,0.292191,65.00,1193.942383,3592.62,0.000037,6830.00
129.900,1854.74,-62.31,0.334625,50.00,1270.119629,2723.17,0.000013,3495.00
129.950,1900.75,-65.73,0.272998,40.00,1166.867065,2631.34,0.000006,3485.00
130.000,2041.80,-66.95,0.183023,35.00,909.711609,3387.72,0.000009,4145.00
130.050,3293.85,-61.29,0.130836,60.00,736.159729,3946.51,0.000089,8345.00
130.100,5791.74,-56.88,0.122794,60.00,518.770081,4222.65,0.000308,10375.00
130.150,7013.24,-55.31,0.117048,60.00,421.782257,3979.32,0.000533,11190.00
130.200,6171.81,-53.73,0.146940,80.00,731.043396,4586.77,0.000566,11980.00
130.250,4371.96,-55.32,0.229436,680.00,905.930847,4514.67,0.000167,10380.00
130.300,2637.94,-60.64,0.228086,675.00,829.238647,3448.17,0.000048,5460.00
130.350,1891.20,-66.12,0.169761,80.00,982.618774,2836.56,0.000020,2825.00
130.400,1920.49,-67.72,0.137780,80.00,705.679871,3228.75,0.000016,2965.00
130.450,1591.05,-71.68,0.110563,80.00,527.690491,2592.92,0.000007,2590.00
130.500,2002.63,-69.70,0.122978,80.00,344.734772,2784.22,0.000010,3025.00
130.550,2527.26,-65.03,0.140311,80.00,427.856293,3194.61,0.000028,3900.00
130.600,2516.74,-64.65,0.157462,430.00,450.457153,2998.17,0.000026,3885.00
130.650,1995.19,-67.67,0.126287,430.00,427.012512,2791.99,0.000018,3660.00
130.700,2085.34,-64.85,0.191576,65.00,921.194458,3678.10,0.000021,5745.00
130.750,2231.34,-60.90,0.297165,55.00,1097.772827,3376.37,0.000028,4850.00
130.800,2136.10,-61.11,0.324374,45.00,1230.482544,2778.35,0.000024,3935.00
130.850,4290.89,-54.59,0.269032,40.00,999.014832,4452.03,0.000167,10155.00
130.900,5161.80,-50.36,0.243823,40.00,990.305725,4482.69,0.000672,11165.00
130.950,4787.23,-51.99,0.218394,410.00,924.790710,4325.35,0.000497,10400.00
131.000,4044.94,-58.96,0.128041,415.00,778.751221,4146.74,0.000164,9255.00
131.050,3276.08,-57.95,0.142027,405.00,663.477295,3386.43,0.000241,6815.00
131.100,3884.10,-53.95,0.208851,80.00,598.095154,3639.70,0.000344,8105.00
131.150,5435.15,-53.94,0.164446,80.00,689.173950,3843.61,0.000453,9690.00
131.200,6515.74,-55.59,0.130131,80.00,518.165283,3674.70,0.000421,10285.00
131.250,5396.55,-56.19,0.123253,95.00,591.911255,4193.70,0.000408,10070.00
131.300,2864.04,-60.07,0.183373,95.00,766.362610,3582.63,0.000087,6645.00
131.350,2306.97,-60.72,0.287651,1130.00,1113.630737,3037.10,0.000032,3765.00
131.400,4043.45,-54.95,0.337354,1125.00,1128.929321,4611.81,0.000098,10480.00
131.450,4362.87,-54.15,0.340047,55.00,1508.437744,4895.78,0.000126,11510.00
131.500,3374.63,-57.91,0.318165,45.00,1468.294312,4509.98,0.000051,9615.00
131.550,3389.46,-58.77,0.261283,40.00,1107.754883,4595.56,0.000059,9860.00
131.600,4922.68,-54.36,0.285784,60.00,1234.814697,5182.81,0.000157,12300.00
131.650,4676.19,-55.59,0.316399,50.00,1018.582947,5111.85,0.000085,12060.00
131.700,3231.74,-61.97,0.286102,40.00,1129.693970,4552.62,0.000017,9590.00
131.750,1748.14,-69.35,0.226890,40.00,854.095825,3430.17,0.000003,2590.00
131.800,2277.95,-65.58,0.147292,60.00,762.795288,3386.50,0.000022,4910.00
131.850,2334.32,-62.60,0.192386,60.00,900.717712,2857.05,0.000037,3710.00
131.900,2399.60,-62.20,0.205273,60.00,509.830902,2874.00,0.000037,3800.00
131.950,2488.93,-62.40,0.152463,60.00,829.099854,3070.36,0.000061,3935.00
132.000,2283.74,-63.11,0.184187,440.00,785.185852,2760.60,0.000039,3715.00
132.050,1983.63,-66.45,0.167746,1145.00,644.280823,2488.55,0.000015,3230.00
132.100,1344.55,-67.14,0.193932,75.00,1100.375854,2620.42,0.000012,1700.00
132.150,1441.79,-64.90,0.295710,60.00,1150.990601,2914.84,0.000008,2635.00
132.200,1898.57,-63.94,0.305191,50.00,1262.687134,2951.64,0.000010,4425.00
132.250,4395.44,-57.24,0.248068,40.00,1036.973022,4682.57,0.000101,10945.00
132.300,5372.87,-50.69,0.227621,35.00,1005.637268,4496.06,0.000819,11400.00
132.350,5003.08,-50.69,0.228419,410.00,880.553894,4317.13,0.000837,10545.00
132.400,4341.75,-56.50,0.138359,410.00,777.563049,4154.86,0.000302,9525.00
132.450,3683.82,-59.19,0.090239,410.00,596.395630,3586.84,0.000347,7740.00
132.500,4030.30,-55.42,0.142641,675.00,468.678833,3627.33,0.000448,8090.00
132.550,4072.66,-57.97,0.112749,180.00,518.727112,3737.21,0.000322,8175.00
132.600,2624.88,-64.57,0.124509,180.00,588.762817,3516.38,0.000045,6230.00
132.650,2026.56,-62.45,0.254280,65.00,1102.929443,3186.73,0.000021,5020.00
132.700,2034.77,-62.38,0.318267,50.00,1175.309082,2988.04,0.000014,4190.00
132.750,2391.36,-63.53,0.287814,45.00,1229.479248,3523.18,0.000014,5710.00
132.800,5937.02,-56.81,0.211774,40.00,981.597717,5162.52,0.000137,12850.00
132.850,6430.15,-54.76,0.158785,60.00,756.327454,5039.86,0.000459,12945.00
132.900,5501.21,-57.67,0.138467,55.00,653.255371,4946.69,0.000232,12240.00
132.950,4792.95,-60.36,0.117634,55.00,329.393738,4874.47,0.000129,11555.00
133.000,6561.32,-55.64,0.120630,60.00,403.760223,5026.14,0.000464,12985.00
133.050,5702.47,-55.33,0.178754,395.00,704.162537,5026.74,0.000247,12520.00
133.100,4171.78,-59.83,0.182344,400.00,413.618286,4584.58,0.000066,10455.00
133.150,2795.59,-65.40,0.137660,60.00,512.870667,3484.89,0.000025,6175.00
133.200,2962.82,-65.66,0.138260,400.00,338.295746,3543.48,0.000023,7120.00
133.250,2612.47,-66.48,0.127584,60.00,335.726257,3192.09,0.000021,5120.00
133.300,2143.37,-68.76,0.118493,60.00,343.047882,2874.11,0.000014,3700.00
133.350,2706.69,-67.90,0.109118,60.00,288.355591,3734.07,0.000019,5615.00
133.400,2287.17,-64.55,0.145232,60.00,633.949890,3129.51,0.000033,3765.00
133.450,2078.83,-64.75,0.212912,595.00,722.315674,2658.17,0.000014,3480.00
133.500,1880.35,-64.70,0.226646,595.00,857.420776,2707.15,0.000015,3380.00
133.550,1901.14,-61.85,0.326491,60.00,1412.758789,3027.89,0.000016,3720.00
133.600,3329.26,-57.19,0.344209,50.00,1294.178223,3924.72,0.000042,8500.00
133.650,4838.62,-53.62,0.286289,40.00,1265.896240,4190.76,0.000164,10055.00
133.700,5208.46,-50.08,0.271774,35.00,1061.255737,4273.99,0.000532,10635.00
133.750,5253.60,-49.99,0.236187,55.00,880.605591,4217.48,0.000699,10545.00
133.800,5139.78,-53.40,0.162585,60.00,800.969910,4003.49,0.000499,10035.00
133.850,3738.02,-56.96,0.160490,60.00,627.363953,3541.43,0.000222,8095.00
133.900,3446.64,-54.86,0.213536,60.00,655.941284,3324.77,0.000260,6705.00
133.950,3488.67,-56.55,0.174952,60.00,579.428040,3431.12,0.000226,6875.00
134.000,2864.58,-65.49,0.115959,60.00,658.183228,3388.01,0.000034,5915.00
134.050,2389.68,-68.78,0.099903,60.00,281.688385,3644.31,0.000018,4455.00
134.100,2015.64,-65.20,0.142267,60.00,503.516022,2839.95,0.000032,3280.00
134.150,1996.22,-63.71,0.182692,120.00,521.360352,2522.02,0.000045,3310.00
134.200,4261.93,-55.78,0.177192,120.00,784.498108,4749.88,0.000342,11070.00
134.250,5414.31,-53.74,0.281947,65.00,1166.979858,5211.35,0.000224,12620.00
134.300,4844.19,-56.47,0.312002,50.00,1213.270264,5119.22,0.000077,12115.00
134.350,4862.10,-57.98,0.267256,40.00,1090.466064,4975.51,0.000050,11390.00
134.400,5581.87,-53.92,0.267996,35.00,1200.389038,5187.04,0.000178,12355.00
134.450,5419.36,-53.34,0.314536,50.00,1058.672852,5154.44,0.000159,12230.00
134.500,5165.77,-55.89,0.304275,45.00,1231.847534,5003.10,0.000076,11520.00
134.550,4605.42,-58.60,0.238485,40.00,985.705078,4872.89,0.000057,11035.00
134.600,2707.09,-62.62,0.182356,35.00,844.201965,3747.77,0.000039,7085.00
134.650,2334.90,-65.20,0.152647,400.00,796.115662,2600.40,0.000029,3365.00
134.700,2637.19,-66.46,0.141184,385.00,698.967468,2407.67,0.000023,3485.00
134.750,3062.24,-65.59,0.130398,385.00,605.916626,3032.45,0.000032,3750.00
134.800,2794.38,-64.63,0.132318,385.00,384.079071,2894.05,0.000044,3675.00
134.850,2620.93,-67.14,0.121514,390.00,514.578857,2530.95,0.000024,3650.00
134.900,1717.06,-68.22,0.141072,150.00,712.348999,2583.46,0.000015,3145.00
134.950,1492.83,-64.57,0.272413,65.00,1141.333496,2758.86,0.000011,2975.00
135.000,1822.61,-63.47,0.316324,50.00,1204.282227,2884.94,0.000010,4080.00
135.050,3898.17,-56.91,0.277622,40.00,1193.093750,4228.15,0.000072,9340.00
135.100,5168.33,-50.68,0.254628,40.00,1108.414185,4451.52,0.000524,10985.00
135.150,5510.27,-50.66,0.205432,40.00,799.880249,4593.20,0.000777,11640.00
135.200,5095.35,-55.55,0.141195,625.00,1000.704041,4731.00,0.000397,11635.00
135.250,2750.44,-59.57,0.233812,620.00,882.608521,3357.62,0.000060,5380.00
135.300,3213.31,-56.01,0.262466,1170.00,1031.109741,3327.10,0.000124,6510.00
135.350,3512.80,-56.73,0.225905,1160.00,1027.097412,3482.00,0.000127,7020.00
135.400,2740.30,-63.13,0.176371,1155.00,930.272522,3292.87,0.000036,6070.00
135.450,1631.46,-65.44,0.227026,70.00,1169.981201,2825.86,0.000015,2805.00
135.500,1359.90,-66.41,0.305125,55.00,1187.550171,2787.01,0.000006,2110.00
135.550,1661.36,-67.54,0.303670,45.00,1291.720093,2935.06,0.000004,3445.00
135.600,4608.25,-58.67,0.246264,40.00,1009.255493,4922.04,0.000071,11500.00
135.650,6288.81,-54.17,0.188121,35.00,807.958435,5047.65,0.000419,12900.00
135.700,5929.59,-55.42,0.147127,60.00,747.335022,4956.51,0.000471,12615.00
135.750,4754.13,-61.15,0.108146,60.00,433.065430,4749.87,0.000117,11425.00
135.800,6526.26,-57.71,0.080516,65.00,419.744904,4820.28,0.000511,12790.00
135.850,6090.73,-54.49,0.126462,60.00,418.864868,4873.89,0.000601,12550.00
135.900,3887.08,-55.62,0.222215,60.00,964.420227,4302.67,0.000183,9690.00
135.950,2512.12,-59.51,0.257435,615.00,789.207581,3075.29,0.000054,4190.00
136.000,2266.98,-62.81,0.207682,1175.00,1089.456665,2927.90,0.000029,3565.00
136.050,1945.21,-65.17,0.189324,60.00,938.000549,2853.37,0.000019,3315.00
136.100,2480.45,-64.55,0.168005,115.00,589.805359,3572.71,0.000027,4310.00
136.150,4451.42,-62.62,0.132559,115.00,525.693848,4873.41,0.000059,11590.00
136.200,4296.92,-60.82,0.122660,60.00,382.211731,4744.52,0.000109,11265.00
136.250,2755.76,-61.93,0.152008,60.00,430.468811,3628.54,0.000061,6660.00
136.300,1866.07,-66.56,0.136791,60.00,496.916534,2880.03,0.000023,3600.00
136.350,2111.12,-63.41,0.262415,65.00,1119.827271,3635.56,0.000016,5735.00
136.400,2521.45,-58.82,0.360150,60.00,1259.451172,3415.20,0.000033,6065.00
136.450,2597.46,-57.76,0.343450,45.00,1448.390625,3198.33,0.000051,5725.00
136.500,4188.17,-52.38,0.295486,40.00,1177.494995,4283.81,0.000263,9670.00
136.550,4728.36,-50.14,0.276301,55.00,1144.294678,4376.96,0.000557,10480.00
136.600,4178.96,-53.29,0.222821,60.00,967.503601,4212.44,0.000340,9670.00
136.650,3487.63,-57.42,0.183206,115.00,904.691528,4280.61,0.000187,8995.00
136.700,4318.57,-52.38,0.282315,65.00,1068.111938,4658.30,0.000310,10685.00
136.750,4210.41,-52.95,0.337078,50.00,1192.446045,4565.36,0.000167,10250.00
136.800,3227.65,-59.36,0.291896,45.00,1271.135864,4252.88,0.000031,8345.00
136.850,2085.98,-65.10,0.218398,40.00,901.000549,3358.52,0.000013,3880.00
136.900,2779.70,-58.81,0.206627,35.00,1092.639404,3358.03,0.000101,5845.00
136.950,2835.78,-57.06,0.265845,225.00,954.182739,2980.23,0.000110,5480.00
137.000,2755.38,-58.20,0.260743,75.00,942.518860,2745.54,0.000080,5335.00
137.050,2809.66,-56.19,0.297331,75.00,1148.277832,3153.22,0.000100,5890.00
137.100,2963.66,-55.80,0.329090,55.00,1247.509399,3373.72,0.000087,6395.00
137.150,2957.18,-60.26,0.296754,45.00,1292.723755,3725.84,0.000024,6915.00
137.200,4900.31,-55.67,0.265440,40.00,1118.148682,4986.22,0.000115,11615.00
137.250,5217.04,-52.55,0.307757,65.00,1024.140991,4919.77,0.000218,11875.00
137.300,4635.78,-54.89,0.323963,50.00,1168.020386,4687.70,0.000093,10830.00
137.350,3160.97,-61.28,0.275699,40.00,1048.816162,4120.38,0.000020,8385.00
137.400,2046.41,-68.28,0.193029,35.00,764.034424,3549.05,0.000006,4350.00
137.450,2164.86,-71.17,0.104251,80.00,716.104126,3787.91,0.000008,4990.00
137.500,1782.36,-76.06,0.050281,80.00,417.929932,3326.60,0.000007,2355.00
137.550,3426.06,-71.19,0.023614,935.00,241.790359,4292.57,0.000129,9250.00
137.600,2873.01,-67.58,0.060540,310.00,275.950775,3714.05,0.000068,6090.00
137.650,2446.99,-70.30,0.065605,310.00,115.843170,3248.39,0.000026,4240.00
137.700,2786.57,-75.78,0.034672,310.00,223.215408,3783.76,0.000015,6180.00
137.750,4370.42,-68.12,0.029643,310.00,83.893059,4214.71,0.000170,9840.00
137.800,3914.49,-65.18,0.034757,310.00,118.099487,3501.36,0.000320,6965.00
137.850,4321.23,-62.76,0.036492,315.00,137.889572,3595.08,0.000612,8275.00
137.900,5241.45,-52.36,0.149046,1885.00,749.226562,4199.11,0.000861,10610.00
137.950,5373.99,-50.30,0.211284,220.00,568.099731,4406.12,0.000816,11170.00
138.000,5504.27,-54.20,0.120906,225.00,704.783264,4600.34,0.000730,11750.00
138.050,5432.91,-62.91,0.033649,80.00,599.700317,4795.61,0.000632,12015.00
138.100,3894.27,-57.44,0.111154,670.00,583.771118,3555.65,0.000403,7840.00
138.150,3729.54,-55.56,0.163750,680.00,467.487732,3535.81,0.000350,7445.00
138.200,2938.50,-59.54,0.162349,685.00,596.954407,3316.07,0.000116,6075.00
138.250,1984.63,-64.00,0.178145,145.00,766.723816,2806.26,0.000030,3555.00
138.300,1610.64,-63.84,0.284870,65.00,1167.096313,2786.16,0.000012,2910.00
138.350,1712.37,-64.86,0.312884,50.00,1220.870239,2870.45,0.000006,3160.00
138.400,3300.09,-61.00,0.267480,40.00,1114.302490,4400.90,0.000024,9045.00
138.450,6042.11,-55.15,0.199480,35.00,860.315186,5111.24,0.000209,12850.00
138.500,6174.58,-54.53,0.155832,60.00,768.398315,5065.18,0.000412,12855.00
138.550,4918.40,-58.94,0.146935,465.00,613.251221,4931.22,0.000183,11890.00
138.600,5525.82,-57.94,0.121910,470.00,404.611359,5120.03,0.000411,12665.00
138.650,6524.83,-54.25,0.132972,80.00,606.583801,5087.19,0.000970,13020.00
138.700,5323.98,-56.01,0.153501,80.00,546.383789,5029.20,0.000435,12280.00
138.750,3125.34,-60.98,0.153535,80.00,515.407959,4006.87,0.000081,8080.00
138.800,2540.30,-64.74,0.127268,80.00,423.594360,3268.78,0.000037,4925.00
138.850,3091.27,-66.39,0.098610,80.00,370.948456,3856.30,0.000030,7775.00
138.900,4728.67,-61.69,0.102676,80.00,273.880463,3560.19,0.000099,8570.00
138.950,5391.95,-57.55,0.131090,80.00,344.488159,3405.22,0.000210,9010.00
139.000,5094.54,-58.00,0.130782,80.00,266.999451,3542.68,0.000188,8950.00
139.050,3491.04,-61.79,0.115410,80.00,447.067902,3421.44,0.000089,7560.00
139.100,2247.81,-66.94,0.097116,380.00,427.805969,2726.94,0.000036,3915.00
139.150,1604.42,-65.55,0.191665,70.00,874.111816,2843.25,0.000018,2980.00
139.200,1587.95,-63.20,0.302834,60.00,1115.957886,2679.85,0.000013,3000.00
139.250,1655.35,-63.24,0.327856,45.00,1233.988892,2411.15,0.000012,3175.00
139.300,3892.73,-55.35,0.296513,40.00,1132.749512,4436.23,0.000109,9780.00
139.350,4999.52,-50.54,0.272036,40.00,1026.654175,4529.14,0.000493,11140.00
139.400,4789.26,-51.69,0.227522,80.00,897.203735,4399.35,0.000486,10520.00
139.450,3714.15,-58.41,0.165064,360.00,838.581482,4103.74,0.000122,8715.00
139.500,3169.75,-58.28,0.169265,365.00,530.975403,3413.27,0.000141,6815.00
139.550,3433.76,-55.58,0.202778,155.00,533.513794,3509.16,0.000222,7140.00
139.600,3093.43,-59.45,0.166519,155.00,585.787231,3496.24,0.000103,6690.00
139.650,1900.94,-68.65,0.113880,155.00,514.802307,3011.99,0.000016,3235.00
139.700,2045.45,-65.82,0.112440,80.00,518.494507,2976.18,0.000042,3275.00
139.750,1998.62,-62.84,0.201154,1310.00,792.972229,2507.31,0.000037,3280.00
139.800,2000.38,-63.05,0.221347,1230.00,579.952942,2378.10,0.000029,3290.00
139.850,1642.94,-63.39,0.248140,120.00,1101.019165,2423.66,0.000022,2585.00
139.900,1379.72,-64.71,0.311963,60.00,1246.136475,2515.47,0.000010,2290.00
139.950,1132.54,-68.99,0.306342,50.00,1312.074219,2303.79,0.000003,2045.00
140.000,3853.60,-59.48,0.257161,40.00,1034.092163,4917.83,0.000046,11015.00
140.050,4934.63,-54.30,0.287658,35.00,1203.205444,5183.94,0.000167,12355.00
140.100,4490.62,-54.85,0.313540,50.00,1115.905762,4929.96,0.000115,11605.00
140.150,3232.78,-58.88,0.266791,50.00,1054.067749,4039.55,0.000047,8100.00
140.200,2525.47,-64.00,0.194132,35.00,936.548401,3276.58,0.000020,4715.00
140.250,2701.17,-66.80,0.125661,35.00,553.307556,3804.56,0.000018,7000.00
140.300,2390.32,-71.21,0.090136,40.00,397.415985,3779.75,0.000009,6830.00
140.350,2245.33,-73.54,0.086669,40.00,81.336601,3906.48,0.000005,6500.00
140.400,2621.59,-68.76,0.092425,40.00,158.928482,3993.34,0.000019,6725.00
140.450,2079.98,-68.32,0.110109,40.00,244.832642,3214.48,0.000018,3725.00
140.500,1411.73,-72.88,0.093872,40.00,192.228836,2494.11,0.000006,2355.00
140.550,1190.48,-69.09,0.165039,80.00,766.403625,2629.12,0.000009,1565.00
140.600,1483.48,-64.83,0.289536,60.00,1081.207153,2802.91,0.000009,3270.00
140.650,1687.31,-66.04,0.307294,50.00,1241.573730,2803.72,0.000006,4210.00
140.700,4457.91,-54.92,0.263348,40.00,1162.933472,4288.32,0.000200,9855.00
140.750,5197.60,-50.17,0.251009,40.00,1047.232910,4446.89,0.000855,11055.00
140.800,5414.16,-52.01,0.169841,225.00,809.527344,4548.62,0.000943,11565.00
140.850,5792.33,-59.90,0.051710,80.00,807.770142,4769.36,0.000626,12220.00
140.900,3790.91,-59.99,0.071777,665.00,373.481018,3543.70,0.000415,7750.00
140.950,3873.25,-55.41,0.151077,300.00,540.236084,3583.17,0.000411,7840.00
141.000,3676.05,-57.38,0.149188,300.00,543.776794,3719.88,0.000243,7905.00
141.050,2479.76,-63.23,0.143627,305.00,514.446289,3264.94,0.000055,6070.00
141.100,1840.28,-63.50,0.242315,70.00,1109.353271,2989.22,0.000019,3425.00
141.150,1767.74,-63.70,0.313204,50.00,1150.964233,2928.23,0.000010,3400.00
141.200,1589.97,-67.54,0.295467,45.00,1259.287964,2594.04,0.000003,3130.00
141.250,1891.03,-66.96,0.220051,40.00,930.980164,3035.38,0.000007,3585.00
141.300,2582.18,-63.02,0.159615,35.00,798.902344,3299.33,0.000039,5865.00
141.350,3745.96,-59.95,0.135194,60.00,685.417847,3613.56,0.000117,8130.00
141.400,5164.00,-58.10,0.109829,60.00,343.919281,4151.45,0.000266,10050.00
141.450,6706.14,-55.59,0.102967,60.00,489.277405,4663.11,0.000624,12680.00
141.500,6414.16,-55.32,0.123876,80.00,452.166229,4825.58,0.000475,12670.00
141.550,4648.00,-58.31,0.129937,80.00,422.499146,4420.02,0.000197,10450.00
141.600,2936.46,-62.48,0.134257,535.00,451.320282,3177.07,0.000068,5965.00
141.650,2715.05,-63.80,0.135029,80.00,402.802063,3012.21,0.000033,4355.00
141.700,2649.08,-65.73,0.118321,80.00,455.522705,2881.61,0.000024,4095.00
141.750,2352.63,-68.47,0.110447,80.00,358.599152,2827.50,0.000017,3825.00
141.800,2662.44,-67.31,0.119641,80.00,253.735580,3427.60,0.000020,4475.00
141.850,2600.71,-64.71,0.150966,80.00,542.739563,3009.67,0.000032,3950.00
141.900,2602.58,-65.24,0.158226,360.00,365.941498,2732.87,0.000025,4055.00
141.950,2362.15,-63.79,0.158381,360.00,811.612610,3226.44,0.000039,4960.00
142.000,2283.68,-61.08,0.277864,65.00,1098.304321,3494.99,0.000029,5880.00
142.050,2292.83,-61.06,0.324031,50.00,1206.248901,3152.17,0.000022,5015.00
142.100,3158.47,-58.66,0.286826,40.00,1087.046143,3968.25,0.000045,7735.00
142.150,4883.01,-51.66,0.251667,40.00,1030.947144,4479.32,0.000413,10820.00
142.200,4748.92,-50.64,0.244541,715.00,991.210388,4342.62,0.000598,10425.00
142.250,3762.26,-55.09,0.205675,740.00,923.012695,3972.65,0.000239,8570.00
142.300,2836.45,-59.99,0.154376,735.00,663.135376,3170.78,0.000115,5730.00
142.350,3262.53,-55.83,0.190508,545.00,767.792175,3347.13,0.000250,6635.00
142.400,3159.85,-56.92,0.188816,80.00,552.686340,3345.55,0.000185,6545.00
142.450,2213.81,-62.74,0.178616,80.00,618.239258,2703.63,0.000044,3805.00
142.500,2407.90,-62.30,0.160900,685.00,592.016602,3190.66,0.000066,4115.00
142.550,2672.16,-61.53,0.169288,95.00,660.394409,3396.63,0.000072,5875.00
142.600,2300.74,-63.74,0.184869,95.00,558.173950,2743.57,0.000036,3775.00
142.650,4081.91,-56.54,0.190118,185.00,728.064026,4586.10,0.000189,10510.00
142.700,5065.34,-53.68,0.275419,65.00,1175.382935,5090.60,0.000192,12290.00
142.750,4434.30,-55.91,0.318819,50.00,1185.285767,4937.25,0.000074,11560.00
142.800,3273.73,-59.80,0.276458,40.00,1119.742065,4449.07,0.000045,9320.00
142.850,4929.48,-54.48,0.271437,35.00,1281.110840,5218.03,0.000205,12355.00
142.900,4692.70,-53.45,0.341845,60.00,1223.554443,5033.46,0.000176,11920.00
142.950,3366.71,-57.28,0.326531,45.00,1235.201782,4133.55,0.000063,8375.00
143.000,2431.87,-62.39,0.260003,40.00,1040.978760,3128.54,0.000020,4040.00
143.050,2448.70,-65.07,0.181310,35.00,728.714722,3430.92,0.000016,5015.00
143.100,2625.65,-67.79,0.117634,60.00,684.144836,3697.05,0.000015,7500.00
143.150,2455.32,-71.06,0.097304,60.00,289.814575,3665.94,0.000008,7495.00
143.200,2726.51,-68.73,0.091159,60.00,158.859009,4088.17,0.000019,7770.00
143.250,2395.29,-67.59,0.088839,60.00,362.864319,3511.01,0.000034,4580.00
143.300,2087.91,-71.25,0.073123,295.00,293.063110,2917.73,0.000016,3385.00
143.350,1204.29,-71.41,0.118040,145.00,618.514771,2616.20,0.000009,1515.00
143.400,1163.15,-67.45,0.265349,65.00,1104.484863,2765.54,0.000006,1410.00
143.450,1552.00,-65.83,0.310968,50.00,1188.418091,2793.62,0.000005,3795.00
143.500,3161.30,-62.29,0.270899,40.00,1165.489868,4208.98,0.000014,7880.00
143.550,5526.74,-53.07,0.213126,40.00,994.290283,4669.69,0.000342,11930.00
143.600,5258.98,-50.31,0.220144,35.00,999.224182,4401.63,0.000774,11080.00
143.650,4813.96,-53.34,0.155915,225.00,692.278320,4213.81,0.000595,10090.00
143.700,4024.89,-61.06,0.058520,80.00,698.774109,3977.96,0.000430,8860.00
143.750,3896.73,-56.22,0.130958,670.00,588.505310,3611.86,0.000434,8035.00
143.800,3771.92,-55.96,0.155613,170.00,438.212341,3558.00,0.000352,7715.00
143.850,3118.51,-60.79,0.128815,350.00,534.769836,3334.66,0.000129,6705.00
143.900,1844.34,-64.62,0.188414,75.00,973.869751,3075.06,0.000023,3610.00
143.950,1818.58,-62.82,0.298871,60.00,1115.458130,3128.68,0.000015,3535.00
144.000,2017.33,-62.44,0.313138,50.00,1300.936768,2853.64,0.000014,3575.00
144.050,3621.43,-56.97,0.273372,40.00,1097.122314,4308.25,0.000078,9335.00
144.100,5610.63,-53.70,0.204134,35.00,828.272583,4982.50,0.000314,12560.00
144.150,5137.29,-54.88,0.173507,60.00,831.186401,4856.04,0.000323,12075.00
144.200,3809.67,-59.28,0.150600,55.00,527.194946,4185.51,0.000124,9315.00
144.250,5519.64,-55.70,0.138229,55.00,557.422302,4944.31,0.000372,12535.00
144.300,5614.85,-53.77,0.174693,575.00,642.889465,4936.19,0.000434,12530.00
144.350,4220.44,-56.19,0.180960,60.00,599.850525,4414.33,0.000223,10195.00
144.400,2849.77,-61.62,0.151317,60.00,539.809021,3291.08,0.000077,4865.00
144.450,2755.85,-65.37,0.108503,60.00,487.751587,3249.82,0.000042,4345.00
144.500,2567.01,-67.76,0.098077,60.00,282.654144,3483.56,0.000022,4795.00
144.550,2124.44,-67.10,0.128352,60.00,388.370453,2564.19,0.000020,3535.00
144.600,2354.45,-64.29,0.153735,60.00,391.851410,2887.87,0.000032,3860.00
144.650,2498.12,-64.45,0.146155,60.00,441.927734,3244.46,0.000032,4965.00
144.700,2111.66,-67.92,0.125343,60.00,400.844879,3118.82,0.000014,4015.00
144.750,1599.94,-69.73,0.102118,115.00,470.774445,2894.68,0.000017,2695.00
144.800,1508.94,-65.54,0.243213,65.00,1113.495728,3091.92,0.000010,2730.00
144.850,1677.25,-62.80,0.338717,60.00,1153.684570,2869.83,0.000012,3445.00
144.900,1909.62,-61.70,0.316088,45.00,1304.579224,2864.41,0.000020,3555.00
144.950,4267.83,-52.49,0.280527,40.00,1078.655273,4333.51,0.000280,9785.00
145.000,4921.08,-50.06,0.263964,55.00,990.881531,4420.40,0.000630,10700.00
145.050,4694.66,-53.74,0.177247,60.00,865.461060,4404.24,0.000443,10430.00
145.100,4114.55,-60.49,0.106500,60.00,696.499939,4286.23,0.000147,9405.00
145.150,3739.80,-56.27,0.150515,60.00,605.160339,3596.95,0.000297,8065.00
145.200,3498.70,-55.37,0.191182,60.00,453.601959,3439.09,0.000261,7170.00
145.250,2995.20,-60.47,0.158934,60.00,603.862854,3219.32,0.000089,6090.00
145.300,3013.82,-64.36,0.113849,60.00,446.402588,3598.14,0.000047,7740.00
145.350,3283.06,-60.82,0.126629,60.00,446.057465,3719.37,0.000109,8200.00
145.400,2602.92,-61.10,0.172748,60.00,520.499451,3085.96,0.000068,5550.00
145.450,3417.07,-57.91,0.171661,290.00,520.996155,3893.98,0.000183,8045.00
145.500,4878.35,-53.64,0.244433,65.00,1003.958679,4917.91,0.000273,11950.00
145.550,5176.35,-54.10,0.309994,50.00,1155.685913,5048.82,0.000134,12205.00
145.600,5749.55,-55.20,0.293434,45.00,1226.079224,4572.44,0.000096,11115.00
145.650,5983.62,-53.39,0.258253,40.00,1041.919312,4671.61,0.000222,11475.00
145.700,5752.69,-52.02,0.305276,60.00,1112.572388,4872.80,0.000242,12010.00
145.750,4654.59,-54.09,0.318161,50.00,1115.800049,4687.07,0.000124,10595.00
145.800,2995.51,-59.77,0.269579,40.00,1117.416870,3765.03,0.000037,7370.00
145.850,2498.90,-65.12,0.176562,35.00,778.089722,3415.77,0.000017,5640.00
145.900,3215.92,-68.43,0.067673,35.00,727.895874,4106.78,0.000037,8240.00
145.950,3258.16,-73.95,0.023634,235.00,360.823914,4021.15,0.000053,8290.00
146.000,4113.69,-72.76,0.014639,235.00,79.249374,4662.46,0.000193,10805.00
146.050,2976.59,-68.16,0.051131,295.00,269.869659,3836.37,0.000077,6890.00
146.100,2333.47,-69.51,0.079316,295.00,212.191330,3132.39,0.000023,3985.00
146.150,1341.87,-73.00,0.076665,295.00,308.666016,2441.10,0.000011,1940.00
146.200,1304.22,-66.82,0.219136,70.00,1066.600830,2756.49,0.000010,1990.00
146.250,1596.69,-64.49,0.307403,55.00,1110.577148,2838.34,0.000008,3825.00
146.300,2287.71,-63.57,0.294505,45.00,1266.266846,3283.97,0.000009,5405.00
146.350,4744.73,-52.72,0.255204,40.00,1174.683838,4290.56,0.000281,10130.00
146.400,5219.63,-50.12,0.237372,40.00,885.982300,4447.75,0.000697,11035.00
146.450,5502.52,-53.72,0.127427,225.00,878.566528,4594.11,0.000757,11710.00
146.500,5859.59,-62.53,0.031901,80.00,638.833801,4856.00,0.000758,12365.00
146.550,3886.98,-57.71,0.102879,665.00,547.975891,3617.81,0.000427,8010.00
146.600,3727.02,-54.97,0.180389,335.00,632.364563,3589.98,0.000347,7635.00
146.650,3307.19,-57.92,0.184014,335.00,643.940430,3342.81,0.000149,6705.00
146.700,2465.29,-62.21,0.186509,350.00,776.987793,2988.01,0.000046,4505.00
146.750,1893.70,-61.91,0.283377,65.00,1143.687256,2808.59,0.000022,3615.00
146.800,1977.25,-62.32,0.314742,50.00,1242.972046,2728.81,0.000015,3635.00
146.850,3022.38,-60.17,0.276632,40.00,1147.889648,4036.93,0.000041,8050.00
146.900,5850.92,-54.50,0.207541,40.00,919.881348,5128.10,0.000307,12790.00
146.950,5820.11,-54.14,0.171055,60.00,818.240845,5081.42,0.000528,12715.00
147.000,4491.83,-58.82,0.159890,60.00,680.962952,4764.51,0.000145,11410.00
147.050,5022.71,-58.75,0.111804,60.00,478.584625,4903.57,0.000238,11965.00
147.100,5883.18,-54.57,0.146805,185.00,702.988098,5044.39,0.000463,12720.00
147.150,4700.13,-55.43,0.200297,60.00,656.434570,4816.40,0.000220,11600.00
147.200,3218.25,-60.71,0.159701,60.00,563.498962,3997.62,0.000082,8100.00
147.250,2547.84,-64.78,0.102291,65.00,632.401184,3397.04,0.000059,5645.00
147.300,2307.99,-63.03,0.151283,60.00,490.493622,3134.21,0.000049,4350.00
147.350,2603.62,-62.24,0.160696,60.00,422.102295,3517.51,0.000055,5990.00
147.400,4657.71,-60.41,0.139952,115.00,512.846497,4847.24,0.000098,11265.00
147.450,5026.88,-59.51,0.136316,115.00,307.021454,4930.28,0.000128,11465.00
147.500,3201.09,-61.16,0.163159,60.00,521.461121,4064.25,0.000066,8750.00
147.550,1926.22,-66.10,0.149574,60.00,387.353424,2792.00,0.000023,3485.00
147.600,2093.33,-63.45,0.199978,60.00,953.211060,3383.49,0.000030,4515.00
147.650,2466.74,-59.82,0.330587,60.00,1227.351318,3484.34,0.000031,6075.00
147.700,2364.76,-60.53,0.339611,50.00,1261.562012,3042.52,0.000025,4850.00
147.750,3747.02,-55.64,0.287744,40.00,1173.368164,4193.99,0.000105,8960.00
147.800,5004.51,-50.57,0.263778,40.00,985.879883,4463.14,0.000500,10960.00
147.850,4860.93,-51.55,0.234205,185.00,883.500183,4419.88,0.000463,10570.00
147.900,3900.31,-57.12,0.178684,180.00,801.853149,4165.44,0.000162,9030.00
147.950,4433.71,-53.90,0.218331,60.00,848.059021,4639.25,0.000291,10770.00
148.000,4249.19,-52.01,0.324779,60.00,1219.041016,4559.46,0.000237,10395.00
148.050,3186.47,-55.38,0.335990,50.00,1248.405762,4006.66,0.000092,7835.00
148.100,2036.25,-61.13,0.287993,40.00,1157.392090,2832.13,0.000029,3395.00
148.150,2134.17,-61.07,0.224925,35.00,914.481812,2902.72,0.000050,3550.00
148.200,2576.44,-60.66,0.179297,75.00,911.055115,3283.02,0.000086,5690.00
148.250,2309.13,-62.88,0.176776,75.00,658.816711,2913.67,0.000048,3855.00
148.300,2514.42,-58.84,0.227119,75.00,867.262329,3117.53,0.000082,5480.00
148.350,2912.96,-55.50,0.309407,55.00,1139.856445,3413.82,0.000108,6380.00
148.400,2842.90,-58.33,0.312989,50.00,1276.790405,3542.61,0.000042,6465.00
148.450,3490.08,-59.73,0.269804,40.00,997.651123,4711.00,0.000036,10105.00
148.500,4896.44,-54.42,0.294952,75.00,1222.634399,5161.50,0.000141,12265.00
148.550,4417.03,-54.54,0.331093,50.00,1115.045898,4931.14,0.000108,11550.00
148.600,2831.59,-58.22,0.316606,45.00,1233.716553,3844.70,0.000046,6960.00
148.650,2135.29,-63.11,0.242299,40.00,1009.028198,2946.60,0.000021,3490.00
148.700,2268.53,-65.89,0.146909,35.00,751.225891,3333.00,0.000021,4080.00
148.750,2164.10,-70.90,0.072563,80.00,621.874817,3413.39,0.000018,4065.00
148.800,2505.34,-74.57,0.030484,80.00,289.834656,3959.06,0.000030,6570.00
148.850,3363.66,-69.44,0.036490,310.00,195.771606,4253.63,0.000097,9110.00
148.900,2590.15,-69.71,0.072380,310.00,262.709076,3559.43,0.000026,5090.00
148.950,1972.84,-74.80,0.065627,310.00,106.250000,2794.01,0.000006,2675.00
149.000,3990.20,-71.58,0.031409,310.00,219.319778,4414.86,0.000062,10075.00
149.050,4244.68,-65.74,0.027517,310.00,145.148331,3757.57,0.000417,8240.00
149.100,3671.25,-66.16,0.031690,310.00,62.046677,3190.46,0.000299,6550.00
149.150,4933.51,-55.86,0.093720,1885.00,477.914093,3987.65,0.000797,9830.00
149.200,5203.27,-50.54,0.207075,215.00,789.704163,4280.69,0.000839,10670.00
149.250,5373.04,-51.87,0.173821,225.00,504.799072,4486.12,0.000752,11370.00
149.300,5731.55,-59.06,0.058776,80.00,788.180176,4738.12,0.000655,12170.00
149.350,3894.10,-60.32,0.066553,670.00,363.899048,3696.87,0.000453,8115.00
149.400,3779.63,-55.54,0.154242,1105.00,590.828308,3580.41,0.000402,7575.00
149.450,3291.92,-57.12,0.173075,1105.00,561.911499,3501.27,0.000211,6850.00
149.500,2133.54,-62.75,0.172838,1345.00,614.248962,2829.29,0.000049,3625.00
149.550,1668.21,-63.80,0.249376,65.00,1158.325195,2690.43,0.000017,2825.00
149.600,1593.45,-64.44,0.312595,50.00,1159.534424,2744.28,0.000009,2870.00
149.650,1903.47,-65.14,0.292972,45.00,1238.772339,3070.33,0.000007,3465.00
149.700,5285.97,-56.68,0.224834,40.00,957.701355,5076.17,0.000101,12440.00
149.750,6332.72,-54.05,0.171167,35.00,826.886841,5067.16,0.000382,12895.00
149.800,5414.38,-56.47,0.158368,60.00,774.098389,5003.44,0.000232,12275.00
149.850,4195.82,-60.52,0.145247,480.00,358.637421,4707.78,0.000093,10720.00
149.900,6256.65,-55.92,0.120230,475.00,581.023865,5062.06,0.000502,12895.00
149.950,5925.20,-55.47,0.147873,80.00,622.103210,5076.09,0.000389,12755.00
150.000,4056.72,-59.40,0.160041,80.00,538.537048,4582.65,0.000111,10470.00
150.050,2706.29,-63.79,0.141051,80.00,415.329041,3276.77,0.000042,5680.00
150.100,3000.36,-65.60,0.103000,80.00,425.244293,3607.18,0.000037,7060.00
150.150,4880.18,-62.20,0.099132,80.00,294.911743,3678.42,0.000091,8750.00
150.200,5585.26,-57.41,0.130577,80.00,383.330597,3435.46,0.000234,9220.00
150.250,5534.55,-56.95,0.136834,80.00,273.218719,3484.30,0.000241,9265.00
150.300,4135.67,-59.98,0.131333,80.00,529.274231,3549.61,0.000110,8140.00
150.350,2459.92,-66.11,0.126996,375.00,432.835938,2688.22,0.000024,3865.00
150.400,1778.28,-66.51,0.138140,340.00,647.062500,2678.28,0.000023,3330.00
150.450,1503.54,-64.29,0.255489,65.00,1039.666016,2749.66,0.000015,2805.00
150.500,1660.55,-63.11,0.314032,50.00,1143.114624,2537.65,0.000013,3345.00
150.550,2860.38,-58.91,0.290864,40.00,1146.524048,3858.70,0.000044,7120.00
150.600,4954.96,-51.58,0.262782,40.00,1027.722778,4566.22,0.000390,11055.00
150.650,5019.24,-50.57,0.244375,370.00,899.628723,4453.08,0.000602,10880.00
150.700,4489.14,-55.18,0.156525,155.00,830.362244,4317.19,0.000356,10060.00
150.750,3116.19,-60.75,0.121050,80.00,532.963135,3560.50,0.000127,6920.00
150.800,3491.46,-55.86,0.175670,80.00,586.210022,3434.96,0.000271,7030.00
150.850,3574.76,-57.03,0.155644,80.00,376.430542,3513.50,0.000239,7255.00
150.900,2609.52,-64.68,0.117012,80.00,533.165100,3311.85,0.000045,5720.00
150.950,2082.59,-68.11,0.097701,80.00,319.647400,3316.98,0.000026,3400.00
151.000,2114.13,-64.60,0.132235,470.00,616.557251,2736.32,0.000046,3480.00
151.050,2027.86,-64.70,0.172103,1230.00,535.964417,2280.88,0.000028,3445.00
151.100,1795.71,-64.93,0.189479,120.00,690.013428,2316.82,0.000022,3280.00
151.150,1411.28,-64.99,0.280575,65.00,1181.013550,2460.48,0.000010,2345.00
151.200,1137.35,-67.93,0.317218,50.00,1235.829224,2338.00,0.000003,1775.00
151.250,2349.20,-64.33,0.278061,40.00,1190.074219,3993.96,0.000014,6215.00
151.300,4742.57,-55.58,0.265634,35.00,1167.893066,5176.74,0.000179,12205.00
151.350,4735.36,-54.07,0.315261,50.00,1000.642944,5056.04,0.000192,12060.00
151.400,3617.84,-56.92,0.299820,50.00,1041.670532,4323.60,0.000080,9415.00
151.450,2601.75,-62.21,0.221900,40.00,1049.078003,3234.15,0.000029,4125.00
151.500,2519.61,-66.08,0.151856,35.00,653.224304,3493.80,0.000018,4635.00
151.550,2578.42,-70.58,0.094293,35.00,503.905609,4056.74,0.000010,7410.00
151.600,1586.69,-75.48,0.087938,40.00,163.203568,3255.17,0.000003,2605.00
151.650,2813.69,-71.23,0.087846,40.00,64.203613,4391.91,0.000009,8735.00
151.700,2445.22,-68.69,0.101367,40.00,269.476746,3777.86,0.000018,5505.00
151.750,1710.96,-71.37,0.114855,40.00,216.676834,2837.36,0.000007,2535.00
151.800,1151.45,-71.51,0.123555,115.00,507.594208,2410.96,0.000007,1570.00
151.850,1366.29,-65.70,0.254369,70.00,1068.073120,2776.18,0.000009,2545.00
151.900,1638.98,-64.99,0.311147,50.00,1148.630005,2824.04,0.000006,4060.00
151.950,3369.24,-59.54,0.281321,40.00,1222.059937,3972.96,0.000034,7890.00
152.000,5007.36,-51.47,0.252862,40.00,1180.882202,4384.32,0.000440,10595.00
152.050,5293.91,-50.77,0.214362,40.00,816.646851,4484.17,0.000724,11195.00
152.100,5528.11,-56.08,0.091821,225.00,883.765564,4642.12,0.000680,11790.00
152.150,4540.43,-63.37,0.032198,75.00,444.842529,4321.10,0.000617,10105.00
152.200,3816.00,-56.69,0.124080,665.00,608.183960,3574.19,0.000396,7760.00
152.250,3652.98,-55.77,0.174517,320.00,560.750549,3637.38,0.000283,7575.00
152.300,2851.90,-60.60,0.171976,320.00,591.419495,3417.83,0.000080,6270.00
152.350,1937.82,-63.78,0.194400,75.00,938.935913,2875.79,0.000028,3470.00
152.400,1767.49,-62.73,0.296496,60.00,1079.257935,2820.78,0.000016,3320.00
152.450,1756.95,-64.73,0.310470,50.00,1270.338989,2768.39,0.000007,3235.00
152.500,1605.92,-68.93,0.250652,40.00,1050.171631,2788.92,0.000003,2995.00
152.550,2388.18,-64.05,0.186033,35.00,822.325195,3319.47,0.000023,5155.00
152.600,2989.72,-61.01,0.161038,335.00,774.179138,3381.03,0.000069,6980.00
152.650,4812.60,-58.27,0.128135,60.00,515.284668,3865.22,0.000197,9100.00
152.700,6417.69,-55.82,0.104032,60.00,477.833069,4430.71,0.000587,12085.00
152.750,6598.03,-54.83,0.119571,80.00,504.845459,4819.91,0.000591,12830.00
152.800,5075.56,-56.21,0.145743,80.00,489.091064,4569.18,0.000287,11345.00
152.850,3245.46,-60.38,0.156909,80.00,530.893738,3315.09,0.000095,6735.00
152.900,2817.47,-63.06,0.157316,80.00,441.144897,2865.37,0.000046,3915.00
152.950,2652.72,-64.33,0.139258,80.00,514.346619,2902.58,0.000037,3930.00
153.000,2281.22,-68.23,0.111658,80.00,436.811249,2650.98,0.000017,3725.00
153.050,2456.21,-69.35,0.107711,80.00,334.476776,3348.30,0.000013,3885.00
153.100,2958.44,-65.65,0.111816,80.00,254.326889,3337.41,0.000036,5055.00
153.150,2785.69,-64.91,0.130940,80.00,370.612823,2878.41,0.000035,4150.00
153.200,2472.96,-64.86,0.123052,75.00,471.173248,2946.39,0.000044,4520.00
153.250,2187.93,-62.36,0.234761,65.00,944.300049,3378.25,0.000029,4530.00
153.300,2269.29,-60.87,0.314293,50.00,1140.744873,3255.91,0.000025,4845.00
153.350,2388.58,-61.70,0.302972,45.00,1191.548462,3175.80,0.000022,5085.00
153.400,4716.23,-53.31,0.257479,40.00,1008.920044,4522.71,0.000264,10780.00
153.450,4900.35,-50.02,0.260666,40.00,1091.189087,4392.22,0.000687,10655.00
153.500,4156.90,-52.58,0.234873,570.00,1006.258118,4079.70,0.000407,9415.00
153.550,2950.91,-59.59,0.183399,725.00,893.781555,3312.29,0.000088,5900.00
153.600,3108.25,-57.26,0.180380,550.00,732.237000,3228.27,0.000178,6310.00
153.650,3325.53,-55.83,0.193172,80.00,620.058533,3378.87,0.000233,6700.00
153.700,2821.08,-60.24,0.164732,80.00,690.450256,3124.56,0.000090,5645.00
153.750,2197.06,-63.53,0.169767,155.00,592.483765,2752.22,0.000042,3650.00
153.800,2567.08,-61.27,0.178774,650.00,681.454712,3304.65,0.000071,5005.00
153.850,2434.22,-62.74,0.187919,95.00,657.883789,2982.18,0.000045,4045.00
153.900,3030.72,-60.02,0.182695,95.00,551.927795,3714.58,0.000087,6175.00
153.950,4804.22,-54.45,0.231217,65.00,1051.752808,4974.55,0.000222,12010.00
154.000,4858.63,-54.30,0.300735,55.00,1147.402466,5048.36,0.000131,12125.00
154.050,3566.85,-58.50,0.295107,45.00,1168.487549,4472.75,0.000042,9620.00
154.100,4176.65,-56.75,0.254975,40.00,1027.089233,4892.75,0.000090,11250.00
154.150,4844.44,-53.69,0.318733,65.00,1205.718628,5082.97,0.000143,12135.00
154.200,3997.81,-55.22,0.345655,50.00,1107.585327,4597.29,0.000082,10430.00
154.250,2718.36,-60.28,0.288048,40.00,1246.435547,3498.33,0.000030,5285.00
154.300,2218.15,-64.68,0.218166,40.00,802.247742,3089.31,0.000015,3785.00
154.350,2351.58,-67.73,0.126449,55.00,731.031250,3595.53,0.000015,5115.00
154.400,1770.66,-73.26,0.094080,60.00,434.943451,3241.37,0.000005,3435.00
154.450,2363.65,-72.72,0.090690,60.00,92.995583,4112.69,0.000006,6850.00
154.500,2807.60,-69.50,0.079144,60.00,212.298676,4255.31,0.000022,8215.00
154.550,2269.41,-71.73,0.067957,295.00,349.424652,3532.58,0.000016,3765.00
154.600,1293.75,-74.39,0.076383,295.00,230.205490,2384.13,0.000006,1915.00
154.650,1177.49,-68.69,0.205846,70.00,1034.667114,2742.38,0.000007,1395.00
154.700,1387.87,-65.75,0.302354,55.00,1107.328735,2835.27,0.000006,2865.00
154.750,1876.80,-65.91,0.295415,45.00,1264.848633,2852.05,0.000006,4475.00
154.800,4997.07,-55.99,0.232808,40.00,1013.016724,4701.91,0.000136,11435.00
154.850,5294.71,-50.48,0.226482,35.00,1024.938721,4455.78,0.000777,11270.00
154.900,4996.41,-51.52,0.192205,225.00,768.836060,4299.03,0.000769,10525.00
154.950,4616.53,-58.41,0.078827,185.00,797.351746,4251.20,0.000501,10035.00
155.000,3664.22,-58.04,0.104610,315.00,513.515198,3508.91,0.000403,7460.00
155.050,3603.79,-55.08,0.186683,495.00,645.575562,3458.15,0.000321,7215.00
155.100,3260.54,-58.24,0.180663,500.00,619.628845,3355.71,0.000139,6635.00
155.150,2214.96,-64.15,0.146272,175.00,793.779602,3127.49,0.000041,4595.00
155.200,1868.87,-62.78,0.261667,65.00,1146.041260,3149.90,0.000020,3640.00
155.250,2039.33,-61.80,0.314699,50.00,1177.885376,2963.85,0.000018,3630.00
155.300,2659.85,-60.07,0.286815,40.00,1218.692993,3414.86,0.000034,6050.00
155.350,5156.19,-54.55,0.223094,40.00,927.153259,4866.98,0.000211,12115.00
155.400,5614.39,-53.70,0.181287,60.00,815.658264,4979.48,0.000411,12575.00
155.450,4403.29,-57.11,0.167772,55.00,701.319397,4551.37,0.000184,10705.00
155.500,4533.41,-57.95,0.129908,55.00,488.425781,4583.49,0.000249,10835.00
155.550,5870.91,-54.02,0.140743,60.00,660.794495,4895.46,0.000629,12650.00
155.600,4789.88,-54.73,0.205519,615.00,725.019714,4642.35,0.000267,11520.00
155.650,3274.50,-59.31,0.190998,60.00,542.732422,3646.21,0.000090,7215.00
155.700,2593.14,-64.41,0.128794,60.00,630.892029,2923.84,0.000046,3920.00
155.750,2752.62,-67.22,0.100218,60.00,421.477051,3633.52,0.000026,5550.00
155.800,2118.30,-68.56,0.106504,60.00,237.467026,2831.66,0.000018,3575.00
155.850,2247.62,-65.45,0.138443,60.00,412.062347,2667.41,0.000028,3690.00
155.900,2517.89,-63.30,0.168025,60.00,502.156311,3143.37,0.000034,4800.00
155.950,2293.36,-65.37,0.169516,405.00,440.268555,3182.59,0.000017,4825.00
156.000,1749.58,-69.94,0.104796,410.00,536.894043,2810.57,0.000011,3350.00
156.050,1451.60,-67.97,0.173335,65.00,900.464905,3036.82,0.000009,2130.00
156.100,1612.09,-63.85,0.319468,60.00,1209.395996,2980.31,0.000008,3385.00
156.150,1776.48,-62.71,0.331099,50.00,1253.912598,2655.03,0.000012,3445.00
156.200,3465.32,-55.84,0.285623,40.00,1176.560059,4058.74,0.000101,8420.00
156.250,4842.44,-50.62,0.272582,35.00,1031.885986,4419.56,0.000463,10610.00
156.300,4907.22,-51.48,0.221725,175.00,868.239624,4429.97,0.000531,10710.00
156.350,4418.33,-57.85,0.129895,60.00,814.183289,4418.43,0.000220,10000.00
156.400,3843.53,-58.18,0.122107,60.00,424.104492,3702.89,0.000234,8365.00
156.450,3660.29,-55.14,0.178891,60.00,528.204834,3515.68,0.000301,7625.00
156.500,3437.30,-58.04,0.151540,60.00,468.385223,3466.43,0.000182,7030.00
156.550,2781.97,-65.26,0.116321,60.00,473.320068,3373.79,0.000037,6255.00
156.600,3431.18,-61.63,0.113890,60.00,315.623383,3842.52,0.000095,8460.00
156.650,2903.91,-60.61,0.151062,60.00,489.196686,3358.40,0.000085,7075.00
156.700,2571.78,-61.43,0.170055,60.00,514.291809,2900.89,0.000069,3855.00
156.750,4256.43,-55.13,0.205469,120.00,803.961060,4543.84,0.000235,10510.00
156.800,5043.38,-53.37,0.295050,65.00,1140.203491,4959.90,0.000181,12105.00
156.850,5559.78,-54.60,0.306783,50.00,1267.985718,4753.74,0.000103,11505.00
156.900,6274.63,-54.36,0.263342,40.00,1041.280640,4458.16,0.000151,11050.00
156.950,6000.18,-52.21,0.276532,35.00,1211.263916,4750.09,0.000279,11565.00
157.000,5331.84,-52.94,0.311787,50.00,1139.059814,4809.39,0.000172,11475.00
157.050,3602.69,-57.32,0.298204,45.00,1244.445068,4181.51,0.000059,8845.00
157.100,2364.71,-63.93,0.221106,40.00,928.915833,3078.50,0.000018,3875.00
157.150,2674.06,-67.66,0.112941,35.00,729.043518,3691.86,0.000019,6105.00
157.200,3456.60,-72.96,0.025670,235.00,592.134338,4345.95,0.000063,9355.00
157.250,3694.62,-75.92,0.017351,235.00,106.225334,4578.32,0.000055,10115.00
157.300,4512.44,-70.68,0.018915,235.00,87.607674,4847.34,0.000212,11560.00
157.350,3222.68,-70.84,0.044239,295.00,199.228302,4167.78,0.000043,8610.00
157.400,1722.56,-74.97,0.063079,295.00,145.174438,2751.71,0.000006,2370.00
157.450,1223.76,-69.34,0.155159,145.00,832.879211,2616.70,0.000010,1625.00
157.500,1467.50,-64.86,0.284615,60.00,1108.120728,2826.25,0.000009,3190.00
157.550,1680.32,-65.92,0.307040,50.00,1237.342041,2801.73,0.000005,4215.00
157.600,4210.36,-55.89,0.263968,40.00,1155.707520,4150.86,0.000104,9115.00
157.650,5080.70,-50.41,0.253416,40.00,1093.430176,4388.92,0.000572,10710.00
157.700,5345.86,-51.61,0.183455,40.00,795.399170,4534.35,0.000727,11440.00
157.750,5719.56,-58.83,0.059294,180.00,846.635864,4723.11,0.000694,12145.00
157.800,3938.57,-60.64,0.060478,665.00,340.097565,3711.32,0.000466,8270.00
157.850,3783.08,-54.98,0.169108,335.00,731.577515,3582.28,0.000387,7720.00
157.900,3501.83,-55.59,0.219384,340.00,706.709106,3467.67,0.000204,7270.00
157.950,2875.50,-60.41,0.189997,520.00,674.638794,2997.16,0.000074,5975.00
158.000,2117.90,-61.88,0.236124,70.00,1169.912842,2863.77,0.000034,3805.00
158.050,2084.17,-60.94,0.310845,55.00,1146.268677,2848.04,0.000024,3825.00
158.100,2200.73,-62.06,0.304724,45.00,1273.638062,2881.56,0.000022,3980.00
158.150,4715.10,-56.70,0.233451,40.00,991.630493,4957.49,0.000136,11755.00
158.200,5864.27,-53.72,0.192679,35.00,917.722229,5106.36,0.000482,12815.00
158.250,5312.47,-56.08,0.176872,1060.00,749.599670,4973.08,0.000289,12240.00
158.300,4258.46,-60.67,0.123660,60.00,525.528748,4635.17,0.000177,10715.00
158.350,6103.29,-55.58,0.105481,55.00,631.740906,4927.75,0.000965,12695.00
158.400,5430.94,-54.58,0.177277,600.00,676.375549,4921.80,0.000475,12220.00
158.450,4089.37,-58.50,0.173018,60.00,483.654572,4472.56,0.000125,10125.00
158.500,2759.74,-64.32,0.111359,60.00,646.353088,3611.32,0.000057,6565.00
158.550,2338.90,-63.35,0.147958,65.00,543.923645,3207.95,0.000046,4825.00
158.600,2271.53,-62.21,0.178021,120.00,500.095551,3157.44,0.000049,4465.00
158.650,3878.58,-60.83,0.140196,60.00,549.893555,4491.52,0.000097,10070.00
158.700,5072.50,-60.06,0.126879,60.00,348.373840,4873.88,0.000128,11230.00
158.750,3135.64,-60.45,0.159582,60.00,538.486450,4015.17,0.000091,8745.00
158.800,1931.35,-64.85,0.158690,60.00,311.645508,2760.16,0.000029,3465.00
158.850,1850.90,-65.54,0.154624,115.00,728.275269,3083.73,0.000025,3525.00
158.900,2324.21,-60.60,0.296776,65.00,1095.116699,3422.78,0.000030,5165.00
158.950,2410.97,-60.10,0.336457,55.00,1238.229614,3157.48,0.000028,4840.00
159.000,2914.44,-59.54,0.282180,40.00,1228.629883,3727.28,0.000041,6350.00
159.050,5098.11,-52.01,0.236130,40.00,1035.721069,4551.40,0.000421,11175.00
159.100,5037.89,-50.37,0.247262,180.00,925.427002,4439.25,0.000631,10835.00
159.150,4415.60,-54.50,0.180753,60.00,747.024841,4264.79,0.000343,9860.00
159.200,3901.33,-57.01,0.168711,60.00,739.378967,4424.78,0.000201,9830.00
159.250,4169.65,-52.49,0.291973,60.00,1037.347656,4577.73,0.000267,10415.00
159.300,3675.64,-53.40,0.336798,50.00,1155.730957,4287.65,0.000159,9235.00
159.350,3114.27,-56.15,0.299183,40.00,1199.635986,3752.98,0.000089,7710.00
159.400,3990.27,-54.98,0.245495,40.00,970.632690,4004.41,0.000161,9075.00
159.450,4524.41,-54.42,0.186128,35.00,900.256470,4130.02,0.000328,9690.00
159.500,3872.38,-56.49,0.183865,75.00,854.115417,3857.11,0.000200,8905.00
159.550,2318.07,-60.33,0.227250,145.00,770.519897,2909.10,0.000056,4645.00
159.600,2695.69,-56.44,0.293162,65.00,1068.914429,3256.23,0.000097,5945.00
159.650,2856.59,-57.05,0.314734,50.00,1270.202148,3441.08,0.000065,6420.00
159.700,2520.01,-62.38,0.282933,40.00,1155.328003,3794.22,0.000015,6260.00
159.750,4740.43,-55.99,0.263499,40.00,1122.834106,5137.84,0.000105,12100.00
159.800,4850.02,-53.89,0.313277,60.00,1016.504944,5079.01,0.000140,12090.00
159.850,3506.57,-56.53,0.323916,50.00,1132.760254,4455.63,0.000065,9550.00
159.900,2219.12,-61.58,0.272500,40.00,1047.992798,3176.06,0.000025,3545.00
159.950,2154.55,-63.55,0.194397,35.00,749.735107,3006.71,0.000026,3595.00
160.000,2603.30,-62.50,0.138892,155.00,792.898926,3163.20,0.000059,6460.00
160.050,2824.49,-64.76,0.081056,155.00,441.487305,3292.75,0.000077,7230.00
160.100,5768.21,-63.82,0.031842,235.00,413.313873,3937.62,0.000502,9950.00
160.150,5486.41,-57.99,0.093445,445.00,460.476044,3836.39,0.000370,9500.00
160.200,3870.87,-58.41,0.181572,445.00,705.858276,3647.75,0.000101,8245.00
160.250,2564.81,-63.95,0.161129,450.00,388.627960,2845.30,0.000033,5310.00
160.300,3288.29,-64.43,0.069038,450.00,669.484009,3516.59,0.000116,6845.00
160.350,4227.83,-63.04,0.043932,185.00,341.754822,3640.12,0.000363,8230.00
160.400,4887.32,-58.72,0.061829,190.00,227.581223,3958.19,0.000676,9725.00
160.450,5282.26,-51.40,0.175219,1920.00,786.546814,4199.90,0.000833,10665.00
160.500,5458.41,-50.28,0.210004,210.00,522.473328,4408.43,0.000818,11200.00
160.550,5555.36,-54.87,0.122472,205.00,748.561401,4612.86,0.000563,11590.00
160.600,4534.03,-60.92,0.071568,205.00,467.951233,4287.35,0.000272,10015.00
160.650,3953.89,-56.27,0.126789,670.00,631.218323,3603.91,0.000425,8085.00
160.700,3967.12,-55.71,0.146133,370.00,387.263000,3668.50,0.000386,8070.00
160.750,4863.24,-58.77,0.114384,185.00,582.524231,4579.44,0.000210,11025.00
160.800,4526.52,-59.28,0.166962,105.00,879.744751,5144.85,0.000101,11535.00
160.850,3574.10,-58.53,0.291683,60.00,1137.949951,4793.69,0.000046,10685.00
160.900,2492.70,-59.65,0.334317,50.00,1370.678345,3755.59,0.000030,6915.00
160.950,3318.87,-58.06,0.300087,40.00,1166.460693,4313.03,0.000050,8775.00
161.000,5510.37,-54.14,0.226105,35.00,911.189636,5122.53,0.000252,12635.00
161.050,5529.32,-55.13,0.168586,60.00,916.297119,5125.16,0.000343,12600.00
161.100,4464.35,-61.17,0.118200,60.00,592.531311,4947.88,0.000127,11605.00
161.150,6365.30,-58.96,0.080241,60.00,461.048950,4973.14,0.000463,12850.00
161.200,6972.37,-55.92,0.107749,80.00,462.982086,4921.93,0.000634,13025.00
161.250,6434.24,-58.72,0.114199,80.00,357.127472,5018.51,0.000232,12850.00
161.300,4444.70,-66.19,0.103545,80.00,297.525299,4805.45,0.000029,11420.00
161.350,3405.64,-70.86,0.095749,80.00,183.652542,4547.96,0.000009,9725.00
161.400,3076.70,-71.80,0.093303,80.00,89.646843,4532.87,0.000007,9425.00
161.450,1682.98,-74.43,0.098738,80.00,163.717499,2649.58,0.000003,2965.00
161.500,2406.37,-71.14,0.109384,80.00,195.414368,3329.38,0.000008,3685.00
161.550,2658.28,-66.33,0.109319,80.00,247.733063,3377.11,0.000031,4725.00
161.600,2388.00,-60.97,0.200510,80.00,960.069397,2491.50,0.000060,3925.00
161.650,2565.16,-57.90,0.255637,1470.00,674.484741,2742.74,0.000091,4650.00
161.700,3276.25,-56.47,0.238178,65.00,1281.617798,3776.55,0.000125,8100.00
161.750,3196.96,-58.49,0.302184,50.00,1215.910522,3920.77,0.000039,8300.00
161.800,2635.20,-60.27,0.307300,45.00,1186.899414,3383.10,0.000030,6540.00
161.850,4509.05,-53.62,0.262027,40.00,979.023560,4526.01,0.000249,10555.00
161.900,5085.03,-49.91,0.260396,40.00,965.031494,4476.91,0.000731,11075.00
161.950,4717.86,-52.32,0.218012,80.00,801.734741,4328.70,0.000499,10360.00
162.000,3795.19,-59.80,0.129135,80.00,793.308411,4085.28,0.000130,8730.00
162.050,3482.53,-57.80,0.140558,80.00,545.150452,3473.28,0.000224,7230.00
162.100,3710.28,-55.48,0.173248,80.00,381.151764,3564.23,0.000298,7695.00
162.150,3577.70,-60.00,0.119282,80.00,538.286499,3657.03,0.000156,7635.00
162.200,4876.44,-62.20,0.092412,80.00,374.871857,4052.50,0.000112,9130.00
162.250,5774.24,-55.90,0.113127,75.00,484.839905,3853.20,0.000465,9855.00
162.300,5158.03,-54.20,0.163918,235.00,631.699341,3839.15,0.000359,9480.00
162.350,3797.02,-57.01,0.202697,235.00,704.671997,3568.74,0.000117,8100.00
162.400,2210.41,-61.17,0.274064,460.00,1227.221680,2986.05,0.000027,5425.00
162.450,1796.29,-62.94,0.326237,55.00,1249.369629,2923.98,0.000011,4065.00
162.500,1941.63,-65.16,0.309270,45.00,1396.405640,3060.27,0.000006,5655.00
162.550,4165.84,-57.39,0.265784,40.00,1076.874878,4937.87,0.000075,11115.00
162.600,4746.76,-54.05,0.315044,50.00,1227.292480,5128.58,0.000145,12115.00
162.650,4235.83,-56.26,0.316983,50.00,1024.565186,4932.79,0.000072,11425.00
162.700,3066.76,-61.46,0.243927,40.00,1057.800171,4183.76,0.000026,8345.00
162.750,3787.73,-62.55,0.170882,35.00,814.804199,4154.84,0.000034,8725.00
162.800,4443.36,-61.29,0.110514,35.00,533.300659,4126.79,0.000104,8990.00
162.850,2719.92,-62.25,0.158311,40.00,723.663818,3056.81,0.000056,6645.00
162.900,2359.96,-63.61,0.165865,40.00,218.339828,2819.42,0.000036,4405.00
162.950,3316.66,-64.29,0.098769,40.00,642.765381,3919.29,0.000058,8280.00
163.000,3729.83,-61.90,0.112610,40.00,362.983093,3799.26,0.000088,8545.00
163.050,2962.73,-62.68,0.133659,225.00,387.389160,3214.73,0.000057,6515.00
163.100,1702.45,-64.59,0.207619,70.00,912.010254,2741.10,0.000020,3460.00
163.150,1526.91,-64.10,0.302138,55.00,1135.674561,2722.80,0.000010,3370.00
163.200,1719.09,-63.81,0.311098,45.00,1279.716553,2645.68,0.000012,3580.00
163.250,4400.08,-53.61,0.262206,40.00,1143.619995,4294.85,0.000264,9920.00
163.300,5156.05,-50.29,0.244117,35.00,905.829468,4440.32,0.000774,10995.00
163.350,4978.41,-52.79,0.185057,420.00,877.569763,4492.16,0.000594,11025.00
163.400,3484.99,-59.50,0.182987,430.00,822.425110,3884.73,0.000081,8165.00
163.450,3333.99,-58.16,0.166880,430.00,554.692200,3322.88,0.000143,6700.00
163.500,3726.42,-55.13,0.190127,415.00,748.889832,3572.04,0.000279,7565.00
163.550,3697.79,-58.65,0.155241,410.00,678.816589,3655.68,0.000148,7635.00
163.600,2171.55,-65.43,0.153242,410.00,683.071960,3146.65,0.000027,4470.00
163.650,1651.09,-64.41,0.267019,65.00,1128.512695,2947.28,0.000013,3015.00
163.700,2787.72,-60.57,0.313631,50.00,1189.958252,3746.93,0.000021,7380.00
163.750,5073.81,-57.80,0.281694,40.00,1228.629272,4240.88,0.000047,9705.00
163.800,6187.22,-56.25,0.214776,40.00,899.755737,4091.71,0.000132,10275.00
163.850,5778.95,-54.69,0.162676,65.00,808.859314,4126.77,0.000360,10080.00
163.900,4076.33,-56.94,0.165302,60.00,799.980103,3884.55,0.000214,8800.00
163.950,3971.79,-58.44,0.139248,60.00,390.204529,4422.51,0.000242,9995.00
164.000,6482.91,-54.94,0.117170,190.00,687.507385,4992.03,0.000783,12925.00
164.050,5442.78,-55.39,0.152265,80.00,572.907898,4972.30,0.000435,12305.00
164.100,3352.79,-59.50,0.188298,80.00,650.071716,3967.13,0.000088,8080.00
164.150,2390.66,-63.75,0.174133,420.00,585.765198,2851.16,0.000034,3555.00
164.200,2368.84,-64.61,0.167254,415.00,707.974121,2865.07,0.000027,3570.00
164.250,2304.06,-66.52,0.156888,410.00,567.525940,2595.35,0.000017,3645.00
164.300,2348.75,-67.14,0.151543,80.00,502.173981,2649.76,0.000016,3655.00
164.350,2553.87,-66.07,0.148199,80.00,304.966309,3119.24,0.000022,3760.00
164.400,2808.77,-65.81,0.123264,80.00,376.201385,3564.09,0.000027,6725.00
164.450,4174.29,-64.18,0.091303,80.00,372.259247,4211.82,0.000063,9500.00
164.500,3246.29,-62.23,0.154439,75.00,672.339722,4222.51,0.000054,8930.00
164.550,2711.15,-60.33,0.275188,60.00,1071.666504,3898.48,0.000033,7550.00
164.600,2313.67,-61.84,0.312820,50.00,1138.402832,3236.92,0.000017,5485.00
164.650,4104.50,-57.12,0.264965,40.00,1018.451660,4480.30,0.000072,10080.00
164.700,5121.53,-50.77,0.250968,40.00,1050.165161,4499.15,0.000534,11160.00
164.750,4805.79,-50.78,0.251626,400.00,995.319580,4302.90,0.000528,10355.00
164.800,4928.29,-54.41,0.161418,400.00,800.599792,4110.71,0.000392,9670.00
164.850,5543.84,-54.12,0.120444,80.00,735.669250,3991.74,0.000735,9965.00
164.900,4432.09,-52.93,0.191096,80.00,671.022034,3866.32,0.000472,9085.00
164.950,3655.80,-56.83,0.166499,80.00,569.652222,3683.84,0.000211,8070.00
165.000,3125.95,-63.04,0.118614,80.00,556.803894,3478.61,0.000067,6955.00
165.050,5220.39,-55.74,0.133060,155.00,640.064453,3597.42,0.000438,8870.00
165.100,4780.22,-53.71,0.185228,95.00,665.401550,3622.70,0.000430,8665.00
165.150,3380.95,-57.03,0.230054,455.00,844.263306,3242.56,0.000128,6855.00
165.200,4189.39,-55.04,0.239975,450.00,853.355469,4537.16,0.000186,10530.00
165.250,5147.12,-53.95,0.290505,60.00,1290.664307,5171.02,0.000159,12520.00
165.300,4602.97,-57.76,0.314784,50.00,1257.664551,5190.14,0.000043,12135.00
165.350,3740.21,-60.53,0.268237,40.00,1058.036621,4902.25,0.000029,10830.00
165.400,5128.92,-54.70,0.280638,65.00,1266.782227,5260.75,0.000145,12605.00
165.450,4873.65,-54.89,0.340172,60.00,1200.806030,5156.23,0.000089,12210.00
165.500,3404.48,-60.23,0.308340,45.00,1248.854980,4579.09,0.000023,9770.00
165.550,2014.05,-66.33,0.240925,40.00,881.819336,3420.71,0.000007,4600.00
165.600,2321.80,-66.26,0.159601,55.00,683.800293,3599.51,0.000014,6350.00
165.650,1937.11,-64.82,0.157644,60.00,907.949036,2479.60,0.000030,3390.00
165.700,1911.47,-63.54,0.208956,60.00,536.571838,2353.87,0.000028,3325.00
165.750,2031.98,-62.33,0.187392,60.00,703.498413,2802.88,0.000050,3465.00
165.800,2017.48,-62.42,0.213990,1315.00,828.155518,2647.76,0.000039,3320.00
165.850,1915.74,-65.07,0.222199,1370.00,914.290833,2208.87,0.000016,2870.00
165.900,1567.73,-65.57,0.228091,1370.00,1028.200073,2344.54,0.000014,2295.00
165.950,1307.91,-65.15,0.292258,65.00,1283.137939,2542.76,0.000010,1820.00
166.000,1672.14,-64.15,0.318392,50.00,1328.740967,2633.98,0.000009,3575.00
166.050,3109.86,-58.86,0.294035,40.00,1243.635742,3990.79,0.000041,7820.00
166.100,5067.43,-51.52,0.254160,40.00,1107.200928,4511.48,0.000396,11080.00
166.150,5004.94,-50.27,0.243861,600.00,1062.579590,4330.68,0.000629,10585.00
166.200,4279.41,-54.51,0.187201,600.00,850.156250,4078.45,0.000300,9395.00
166.250,3166.08,-59.94,0.141936,600.00,651.321838,3412.91,0.000131,6650.00
166.300,3791.04,-55.48,0.161954,605.00,710.228027,3572.53,0.000366,7680.00
166.350,3527.35,-56.51,0.183899,610.00,594.809814,3570.39,0.000217,7165.00
166.400,2431.60,-62.48,0.180925,1350.00,696.617981,3118.52,0.000043,5570.00
166.450,1693.79,-63.32,0.239499,70.00,1140.785767,2829.04,0.000024,2775.00
166.500,1538.71,-62.83,0.328925,55.00,1259.772949,2602.14,0.000015,2420.00
166.550,1509.65,-65.50,0.322742,45.00,1371.718994,2386.34,0.000007,2480.00
166.600,4611.04,-57.98,0.254068,40.00,1009.153564,4998.65,0.000065,11745.00
166.650,6241.53,-54.68,0.180603,35.00,891.747986,5155.59,0.000323,12960.00
166.700,6443.60,-57.03,0.120107,60.00,756.611145,5156.34,0.000325,12975.00
166.750,5584.14,-62.59,0.096678,55.00,369.345734,5122.71,0.000088,12485.00
166.800,7013.50,-57.27,0.095991,60.00,380.678406,4858.91,0.000438,13025.00
166.850,6885.08,-55.85,0.113780,60.00,346.164062,4854.73,0.000496,12950.00
166.900,5782.47,-56.13,0.134143,60.00,452.424591,4362.23,0.000324,11050.00
166.950,4218.82,-57.61,0.180162,60.00,615.133179,3932.02,0.000129,9050.00
167.000,2658.81,-62.45,0.173490,415.00,462.652985,3322.16,0.000041,6030.00
167.050,2087.40,-64.93,0.184347,60.00,670.946411,2851.48,0.000021,3575.00
167.100,2190.24,-64.84,0.220092,635.00,689.631775,2632.33,0.000015,3610.00
167.150,2505.89,-64.59,0.165888,60.00,632.015869,3028.84,0.000027,4280.00
167.200,2749.08,-64.96,0.123210,60.00,573.211609,3392.14,0.000040,6505.00
167.250,2418.62,-63.91,0.177135,645.00,690.015442,2849.81,0.000032,4790.00
167.300,2014.19,-64.12,0.198846,1415.00,742.277771,2646.37,0.000027,3155.00
167.350,1564.65,-64.10,0.285982,65.00,1315.741333,2727.47,0.000013,2405.00
167.400,1672.81,-63.03,0.348424,60.00,1193.189331,2631.27,0.000010,3450.00
167.450,2573.79,-60.36,0.295380,40.00,1287.902466,3609.68,0.000027,5615.00
167.500,4929.33,-51.98,0.262473,40.00,1057.975586,4503.53,0.000322,11005.00
167.550,4902.85,-50.34,0.263739,55.00,1008.662537,4446.02,0.000545,10850.00
167.600,4479.99,-54.00,0.186292,60.00,846.560120,4287.61,0.000356,9885.00
167.650,4707.63,-57.94,0.111684,60.00,708.750244,3939.09,0.000272,9210.00
167.700,3570.51,-56.06,0.165373,60.00,614.152710,3458.67,0.000268,7305.00
167.750,3276.06,-56.11,0.199043,60.00,541.613403,3350.12,0.000197,6660.00
167.800,3331.33,-59.96,0.144002,60.00,599.250244,3876.53,0.000116,7845.00
167.850,6086.36,-60.15,0.101830,60.00,523.924194,5273.10,0.000170,12460.00
167.900,5469.64,-57.22,0.120899,60.00,378.104187,5032.78,0.000312,11785.00
167.950,4123.69,-56.12,0.174721,235.00,712.487549,4125.96,0.000239,9795.00
168.000,3787.75,-55.56,0.235543,230.00,763.817505,3861.47,0.000175,8030.00
168.050,4568.34,-52.90,0.292320,65.00,1178.023438,4741.51,0.000229,11315.00
168.100,4548.97,-55.01,0.322320,50.00,1306.451050,4967.02,0.000098,11660.00
168.150,3402.30,-60.57,0.291864,40.00,1247.836670,4594.20,0.000024,9770.00
168.200,4789.13,-55.79,0.270226,35.00,1230.553955,5192.69,0.000114,12195.00
168.250,5217.00,-54.14,0.310205,50.00,1083.430908,5225.14,0.000135,12480.00
168.300,4312.80,-57.89,0.306820,50.00,1247.695190,4981.23,0.000044,11530.00
168.350,2697.26,-64.16,0.246168,40.00,999.623962,3992.84,0.000011,7585.00
168.400,3431.53,-64.55,0.153392,35.00,683.804382,4116.02,0.000022,8705.00
168.450,5798.65,-59.16,0.067815,40.00,728.526794,3774.38,0.000462,9970.00
168.500,5216.50,-57.60,0.094858,250.00,451.290222,3558.80,0.000381,9360.00
168.550,3913.86,-60.96,0.104964,245.00,305.211700,3222.26,0.000147,7730.00
168.600,3376.15,-61.92,0.118494,470.00,565.774109,3211.79,0.000097,7480.00
168.650,3004.40,-60.77,0.204256,470.00,765.446899,2902.18,0.000048,6495.00
168.700,2185.49,-62.72,0.220478,675.00,861.703064,2513.90,0.000030,3690.00
168.750,1496.53,-63.98,0.275316,65.00,1301.109619,2447.02,0.000015,2400.00
168.800,1685.75,-63.11,0.319382,50.00,1288.090820,2739.66,0.000012,3570.00
168.850,2568.66,-60.12,0.300423,45.00,1285.058472,3442.74,0.000029,6195.00
168.900,4728.80,-51.80,0.263992,40.00,1196.284424,4295.94,0.000356,10160.00
168.950,5224.82,-50.46,0.228260,40.00,865.720642,4432.66,0.000668,11090.00
169.000,5001.78,-54.62,0.131729,420.00,884.144653,4563.21,0.000527,11205.00
169.050,2943.27,-60.34,0.158983,435.00,696.284058,3510.98,0.000094,6555.00
169.100,3426.82,-56.24,0.188117,440.00,662.730591,3379.32,0.000224,6865.00
169.150,3745.10,-55.50,0.188827,440.00,614.268188,3561.12,0.000264,7470.00
169.200,3424.87,-60.85,0.138539,440.00,658.121277,3515.49,0.000103,6865.00
169.250,1810.19,-66.07,0.169094,75.00,949.417114,2873.40,0.000020,3580.00
169.300,1552.75,-64.75,0.291392,60.00,1133.089600,2826.78,0.000010,2760.00
169.350,1915.06,-63.67,0.325636,50.00,1305.550293,2863.90,0.000010,3555.00
169.400,3314.97,-59.62,0.285178,40.00,1175.776611,4158.02,0.000035,8635.00
169.450,5858.83,-54.85,0.211430,35.00,920.155640,5068.89,0.000205,12740.00
169.500,6686.71,-54.95,0.137783,60.00,835.898621,4961.17,0.000443,12895.00
169.550,6991.15,-58.49,0.105647,60.00,492.472717,4513.47,0.000251,12035.00
169.600,6931.91,-57.99,0.081894,65.00,362.609497,4599.06,0.000481,12605.00
169.650,6676.95,-55.79,0.123201,175.00,417.111450,4907.39,0.000448,12910.00
169.700,5755.95,-58.10,0.143043,180.00,420.227509,5026.09,0.000177,12510.00
169.750,3419.76,-63.16,0.133244,60.00,464.572845,3970.27,0.000054,8045.00
169.800,2696.77,-64.42,0.146708,435.00,634.795532,3005.98,0.000038,3865.00
169.850,2377.42,-63.07,0.199133,435.00,682.593933,2775.85,0.000035,3675.00
169.900,2241.37,-63.57,0.211359,60.00,714.918701,2445.16,0.000027,3535.00
169.950,2282.28,-65.16,0.158952,60.00,697.929932,2681.24,0.000028,3600.00
170.000,2567.39,-64.79,0.121877,60.00,515.561096,3264.00,0.000041,4910.00
170.050,2219.62,-64.41,0.174588,60.00,660.184265,2778.15,0.000025,3800.00
170.100,1893.27,-66.09,0.188624,670.00,436.050446,2501.71,0.000015,3325.00
170.150,1839.17,-63.32,0.239331,65.00,1128.862671,3079.74,0.000023,3355.00
170.200,2140.08,-61.27,0.342834,60.00,1235.347534,3415.83,0.000019,4980.00
170.250,2094.56,-62.06,0.323351,45.00,1282.745972,3048.20,0.000017,4485.00
170.300,4418.58,-54.17,0.267698,40.00,1075.678833,4537.52,0.000190,10510.00
170.350,5045.61,-50.15,0.270159,40.00,1035.260376,4501.89,0.000590,11150.00
170.400,4518.01,-51.95,0.235269,420.00,855.334167,4266.17,0.000443,10030.00
170.450,3420.82,-57.80,0.201128,400.00,914.883911,3886.20,0.000116,8155.00
170.500,4427.74,-53.26,0.252091,60.00,955.316589,4680.53,0.000265,10950.00
170.550,4385.81,-52.07,0.335773,60.00,1267.539551,4584.03,0.000211,10560.00
170.600,3989.25,-55.14,0.314220,45.00,1256.583008,4282.76,0.000091,9415.00
170.650,4949.14,-55.33,0.252570,40.00,981.578613,4116.65,0.000121,9855.00
170.700,5245.70,-54.92,0.181728,35.00,766.489136,4029.57,0.000289,9970.00
170.750,4501.58,-56.49,0.142508,75.00,819.542542,3883.41,0.000316,9270.00
170.800,2969.60,-60.98,0.162135,75.00,534.221130,3155.15,0.000081,6070.00
170.850,2679.24,-57.97,0.241395,75.00,997.275269,3202.02,0.000093,5810.00
170.900,2886.42,-55.84,0.321781,55.00,1194.078369,3443.64,0.000093,6385.00
170.950,2697.64,-60.22,0.311110,45.00,1263.886230,3579.81,0.000025,6385.00
171.000,4206.99,-58.19,0.267457,40.00,1027.022461,5055.57,0.000060,11430.00
171.050,5059.13,-53.69,0.293101,65.00,1067.547852,5153.84,0.000185,12270.00
171.100,4570.61,-55.60,0.324312,50.00,1139.484863,4998.93,0.000083,11695.00
171.150,2910.42,-62.44,0.292210,40.00,1114.995605,4251.87,0.000013,8290.00
171.200,1710.48,-67.84,0.212740,40.00,886.531555,3142.70,0.000006,2515.00
171.250,1856.41,-65.21,0.170766,75.00,950.317932,2831.04,0.000024,2975.00
171.300,3066.65,-60.83,0.154423,1300.00,554.396484,3849.34,0.000083,8220.00
171.350,6193.29,-57.50,0.071160,185.00,687.306458,4293.62,0.000702,11255.00
171.400,6335.12,-56.00,0.083967,1405.00,399.083069,3936.85,0.000793,10750.00
171.450,4372.47,-56.23,0.185024,470.00,866.556580,3880.33,0.000183,8960.00
171.500,2793.89,-61.19,0.214621,1395.00,478.981659,3034.40,0.000037,6075.00
171.550,2458.39,-66.55,0.102066,1400.00,805.972595,3049.24,0.000033,4205.00
171.600,3411.91,-64.69,0.046491,1405.00,543.401306,3475.05,0.000226,6580.00
171.650,4003.28,-61.34,0.063026,205.00,175.715820,4058.17,0.000337,9080.00
171.700,5252.80,-53.47,0.126476,1920.00,614.100403,4244.88,0.000843,10890.00
171.750,5388.20,-50.25,0.213743,225.00,663.289978,4397.65,0.000795,11230.00
171.800,5194.18,-52.49,0.173278,225.00,651.534180,4505.38,0.000615,11265.00
171.850,4006.48,-59.70,0.115017,440.00,652.387756,4210.31,0.000182,9515.00
171.900,3809.51,-58.92,0.087743,430.00,567.674011,3571.29,0.000409,7955.00
171.950,3967.80,-55.35,0.147106,185.00,451.636719,3571.56,0.000431,8050.00
172.000,3862.51,-58.41,0.130169,185.00,590.685913,3636.68,0.000212,7945.00
172.050,3441.07,-61.83,0.130769,190.00,566.727722,3863.54,0.000075,8195.00
172.100,4509.91,-55.39,0.249870,65.00,1120.666748,4196.18,0.000136,9450.00
172.150,4640.96,-54.36,0.314029,50.00,1162.093750,4200.95,0.000113,9645.00
172.200,3409.63,-57.40,0.308031,40.00,1337.043701,3784.63,0.000057,8070.00
172.250,4977.33,-54.84,0.247553,40.00,962.412720,4867.86,0.000158,11945.00
172.300,6156.49,-54.30,0.168320,35.00,974.843323,5119.74,0.000381,12860.00
172.350,5586.64,-57.50,0.132024,60.00,707.050659,4970.12,0.000237,12185.00
172.400,6402.10,-58.18,0.096326,60.00,399.536285,4528.71,0.000326,11215.00
172.450,7108.85,-55.72,0.099471,80.00,468.890564,4629.08,0.000636,12770.00
172.500,6676.60,-56.90,0.116636,80.00,392.791809,4914.74,0.000337,12865.00
172.550,5324.83,-62.12,0.108347,80.00,325.877960,4946.40,0.000084,12205.00
172.600,3256.59,-67.59,0.098927,80.00,240.801392,4012.04,0.000021,8195.00
172.650,3199.96,-68.42,0.094312,80.00,125.786324,4248.56,0.000017,8660.00
172.700,2089.48,-67.31,0.115935,80.00,394.759857,2682.72,0.000024,3540.00
172.750,1998.29,-65.82,0.164865,80.00,479.425690,2353.78,0.000021,3475.00
172.800,2197.62,-65.55,0.164625,205.00,524.684998,2865.12,0.000021,3525.00
172.850,3268.54,-62.80,0.140041,210.00,419.381073,3544.22,0.000050,7465.00
172.900,5435.03,-58.61,0.094492,210.00,490.408539,3939.81,0.000308,9815.00
172.950,5585.96,-56.59,0.166427,110.00,797.262451,4330.49,0.000200,10210.00
173.000,4868.24,-54.92,0.293028,60.00,1115.313477,4473.72,0.000112,10075.00
173.050,3713.48,-55.30,0.336230,50.00,1322.894165,4018.36,0.000088,8935.00
173.100,3152.30,-55.86,0.309635,40.00,1152.861694,3851.45,0.000140,7495.00
173.150,4909.34,-50.27,0.264246,40.00,1043.041260,4534.77,0.000795,10955.00
173.200,5062.88,-50.30,0.226824,80.00,913.553040,4454.53,0.001024,10940.00
173.250,4326.03,-56.08,0.151891,80.00,792.321167,4285.45,0.000289,9830.00
173.300,3103.09,-60.08,0.134901,75.00,451.485321,3401.70,0.000127,6545.00
173.350,3511.25,-55.68,0.188377,155.00,572.234802,3479.99,0.000246,7130.00
173.400,3557.33,-57.90,0.156045,155.00,430.829590,3594.13,0.000177,7335.00
173.450,5637.93,-58.34,0.118859,155.00,557.801514,3806.15,0.000209,9770.00
173.500,6195.31,-54.50,0.133245,80.00,421.686218,3677.67,0.000514,10080.00
173.550,4905.01,-54.43,0.151279,230.00,665.146484,3878.25,0.000435,9465.00
173.600,3477.10,-58.61,0.186510,235.00,661.146606,3237.63,0.000102,7130.00
173.650,2340.49,-63.35,0.191841,235.00,790.319763,2670.99,0.000032,3775.00
173.700,1447.18,-65.58,0.284370,65.00,1231.460205,2780.27,0.000008,2795.00
173.750,1351.61,-66.63,0.314692,50.00,1251.815308,2732.03,0.000004,2430.00
173.800,2733.81,-60.58,0.282860,40.00,1126.792358,4168.68,0.000040,7760.00
173.850,4729.01,-54.08,0.283206,35.00,1243.298462,5141.05,0.000223,12200.00
173.900,4866.61,-54.33,0.318801,50.00,1056.187378,5129.48,0.000155,12205.00
173.950,3767.16,-59.87,0.276099,50.00,1022.609497,4759.01,0.000033,10540.00
174.000,2109.73,-67.50,0.198453,40.00,950.545837,3656.82,0.000007,4170.00
174.050,2005.56,-68.85,0.135518,35.00,568.304993,3638.70,0.000011,3725.00
174.100,1893.42,-65.90,0.151052,80.00,752.846924,2466.16,0.000026,3320.00
174.150,2263.65,-62.40,0.228074,415.00,782.262634,2319.60,0.000033,3505.00
174.200,2564.98,-62.28,0.193099,435.00,703.103882,2654.97,0.000042,3645.00
174.250,2308.59,-65.03,0.138982,40.00,731.865540,2907.95,0.000033,3710.00
174.300,3483.13,-61.60,0.123510,40.00,472.026184,3721.43,0.000082,8060.00
174.350,4655.03,-57.08,0.157334,155.00,705.245239,4251.92,0.000201,9275.00
174.400,4657.42,-55.10,0.282949,65.00,1076.576660,4398.69,0.000115,9490.00
174.450,3988.07,-55.88,0.320529,50.00,1267.947510,4244.43,0.000073,9000.00
174.500,3324.52,-56.52,0.297349,40.00,1243.543823,3859.79,0.000080,7805.00
174.550,4864.68,-50.54,0.272213,40.00,1144.381226,4376.14,0.000505,10565.00
174.600,5260.91,-50.81,0.213734,210.00,877.553711,4504.56,0.000701,11315.00
174.650,5164.05,-56.73,0.097055,230.00,861.766296,4536.85,0.000521,11430.00
174.700,3834.52,-61.24,0.058132,225.00,415.942627,3746.27,0.000409,8140.00
174.750,3876.24,-55.37,0.150928,440.00,647.813538,3591.39,0.000405,7915.00
174.800,3630.63,-55.57,0.207660,440.00,710.890320,3536.01,0.000216,7450.00
174.850,2684.03,-61.26,0.192387,615.00,742.425476,3091.54,0.000057,6045.00
174.900,1785.51,-63.41,0.240517,70.00,1170.006470,2703.98,0.000022,2980.00
174.950,1642.57,-62.86,0.320756,55.00,1218.491333,2456.75,0.000015,2610.00
175.000,1805.32,-64.51,0.323423,45.00,1390.257080,2288.61,0.000008,3435.00
175.050,1803.98,-65.91,0.260767,40.00,963.065918,2449.26,0.000008,3390.00
175.100,1924.78,-65.94,0.166353,35.00,920.925903,3177.00,0.000018,3415.00
175.150,1821.36,-67.39,0.141347,60.00,805.464600,3020.00,0.000018,2870.00
175.200,2829.12,-64.49,0.128817,60.00,298.966339,4084.40,0.000060,7525.00
175.250,6440.05,-56.41,0.104898,60.00,577.229004,5072.32,0.000670,12985.00
175.300,6241.56,-54.72,0.143379,80.00,567.289551,5117.94,0.000618,12890.00
175.350,4688.46,-58.09,0.157290,80.00,523.868652,4848.69,0.000191,11590.00
175.400,2861.84,-63.75,0.124387,80.00,408.155212,3668.54,0.000054,7380.00
175.450,2454.49,-65.19,0.132540,215.00,382.912933,3372.78,0.000034,5300.00
175.500,2360.06,-65.71,0.147412,80.00,380.921722,3237.45,0.000024,5300.00
175.550,1803.40,-69.53,0.123165,80.00,475.589325,2657.12,0.000011,3105.00
175.600,2302.42,-68.85,0.118737,80.00,399.044830,3340.43,0.000014,3715.00
175.650,2675.24,-62.20,0.156642,80.00,659.906738,3280.40,0.000055,5610.00
175.700,2328.61,-61.52,0.221957,430.00,665.126831,2833.72,0.000038,4015.00
175.750,1883.40,-64.60,0.184396,435.00,870.759888,2685.69,0.000026,3405.00
175.800,1900.87,-62.35,0.277074,70.00,1164.646606,3236.27,0.000024,3730.00
175.850,2041.30,-61.04,0.334276,50.00,1242.170776,3071.33,0.000022,4180.00
175.900,2382.11,-59.90,0.326045,40.00,1293.803345,3152.35,0.000029,4630.00
175.950,4585.25,-52.12,0.293098,40.00,1116.343018,4432.29,0.000287,10470.00
176.000,5022.04,-49.95,0.257129,40.00,1074.941162,4426.34,0.000661,10920.00
176.050,4689.65,-53.68,0.167785,440.00,918.540710,4287.84,0.000485,10245.00
176.100,3677.04,-61.12,0.083517,435.00,670.180725,3858.73,0.000228,8315.00
176.150,3514.92,-56.29,0.152254,80.00,684.238220,3460.60,0.000325,7120.00
176.200,3422.81,-55.86,0.192244,80.00,508.454407,3517.15,0.000239,7035.00
176.250,2609.03,-61.85,0.153642,80.00,605.923767,3303.36,0.000066,5810.00
176.300,2981.74,-63.61,0.102704,75.00,550.078369,3854.67,0.000089,8115.00
176.350,3689.48,-58.45,0.140751,95.00,633.715820,3853.91,0.000221,8565.00
176.400,3229.42,-58.25,0.212036,95.00,726.980286,3247.37,0.000116,7210.00
176.450,3634.09,-56.78,0.221451,220.00,622.224365,3802.09,0.000144,7870.00
176.500,5093.22,-53.72,0.256134,65.00,1193.735840,4967.66,0.000224,12195.00
176.550,5243.41,-55.68,0.308453,50.00,1220.261841,5250.42,0.000082,12535.00
176.600,3539.48,-61.03,0.289974,45.00,1216.128540,4782.00,0.000020,10215.00
176.650,4528.58,-56.51,0.262811,40.00,1128.913330,5137.74,0.000098,11945.00
176.700,4949.97,-54.26,0.324220,65.00,1170.930420,5192.50,0.000122,12340.00
176.750,4039.93,-57.78,0.328447,50.00,1104.720703,4918.17,0.000042,11255.00
176.800,2290.73,-65.16,0.266537,40.00,1051.328369,3847.23,0.000008,5840.00
176.850,1675.86,-68.76,0.200137,35.00,708.797180,3273.41,0.000005,2375.00
176.900,1813.43,-65.25,0.171012,60.00,936.482788,2632.26,0.000025,3105.00
176.950,1884.32,-64.63,0.211351,390.00,682.245911,2313.27,0.000019,3205.00
177.000,1975.68,-66.21,0.152799,60.00,565.612366,2761.57,0.000020,3300.00
177.050,2322.92,-65.20,0.105089,60.00,652.294556,3205.36,0.000056,3635.00
177.100,2396.88,-63.59,0.152116,1650.00,680.160889,2419.94,0.000050,3530.00
177.150,2532.29,-62.96,0.143344,295.00,414.749481,2597.52,0.000059,3760.00
177.200,3497.62,-57.82,0.237037,65.00,1209.056152,3895.82,0.000072,8445.00
177.250,4318.55,-55.79,0.313134,50.00,1142.499756,4052.69,0.000076,9165.00
177.300,5251.97,-55.13,0.295622,45.00,1259.551758,4062.38,0.000133,9785.00
177.350,5754.20,-51.95,0.234767,40.00,1010.176514,4375.95,0.000496,11055.00
177.400,5290.78,-49.49,0.235225,35.00,1048.534302,4430.43,0.001114,11160.00
177.450,4494.69,-51.77,0.245523,220.00,1030.992065,4230.42,0.000565,9965.00
177.500,3029.74,-58.78,0.203571,640.00,856.908386,3596.89,0.000090,6950.00
177.550,3522.36,-56.90,0.149570,640.00,872.957825,3509.52,0.000289,7145.00
177.600,3903.73,-55.45,0.153969,200.00,541.402100,3635.58,0.000399,7900.00
177.650,3430.78,-60.46,0.125526,200.00,591.926147,3536.42,0.000141,6905.00
177.700,1725.06,-66.50,0.163508,175.00,834.317383,2952.82,0.000018,3280.00
177.750,2241.10,-60.61,0.285057,65.00,1118.185425,3546.63,0.000030,5725.00
177.800,2212.64,-59.13,0.336772,50.00,1320.376709,3228.77,0.000033,4245.00
177.850,2623.12,-58.83,0.304361,40.00,1212.432129,3695.22,0.000047,6065.00
177.900,5294.43,-54.38,0.231440,40.00,970.205627,5088.13,0.000236,12570.00
177.950,5854.02,-54.77,0.159797,60.00,877.188599,5184.75,0.000414,12800.00
178.000,5533.88,-60.64,0.105590,55.00,641.146362,5192.88,0.000142,12495.00
178.050,6379.46,-59.85,0.091722,55.00,286.394928,4987.16,0.000232,12870.00
178.100,7029.51,-55.91,0.106103,60.00,402.070007,4843.63,0.000575,13015.00
178.150,5387.20,-56.43,0.131551,60.00,487.980560,4880.40,0.000352,12205.00
178.200,2855.94,-59.90,0.191384,60.00,665.524963,3441.90,0.000079,5695.00
178.250,2221.94,-63.58,0.195512,395.00,647.108276,2711.32,0.000026,3525.00
178.300,2309.13,-66.53,0.163532,395.00,650.478760,3098.32,0.000013,3670.00
178.350,2151.11,-68.63,0.132835,60.00,463.047241,2750.79,0.000011,3740.00
178.400,2305.38,-68.89,0.124760,60.00,425.179565,3032.47,0.000012,3770.00
178.450,2492.15,-68.45,0.124584,60.00,260.654724,3554.64,0.000013,4565.00
178.500,1918.03,-68.21,0.132593,60.00,502.124573,2722.02,0.000015,3310.00
178.550,1900.47,-68.08,0.137420,470.00,502.406860,2422.29,0.000015,3330.00
178.600,1463.78,-66.52,0.218478,70.00,1062.849487,2725.01,0.000011,2385.00
178.650,1501.18,-63.76,0.344719,60.00,1264.362427,2697.20,0.000009,3155.00
178.700,1604.36,-64.05,0.336419,45.00,1306.897461,2422.28,0.000008,3335.00
178.750,4261.07,-54.91,0.264818,40.00,1153.587280,4411.56,0.000144,10075.00
178.800,5017.22,-50.46,0.257437,40.00,1031.771484,4459.53,0.000567,10875.00
178.850,4498.31,-52.11,0.229656,60.00,909.034912,4364.59,0.000448,10065.00
178.900,2930.46,-58.92,0.199445,425.00,776.076355,3628.93,0.000096,6540.00
178.950,3212.38,-57.69,0.158109,60.00,694.246582,3363.30,0.000204,6645.00
179.000,3578.64,-55.13,0.185447,60.00,520.291077,3504.28,0.000312,7165.00
179.050,2978.06,-58.74,0.182518,60.00,663.174622,3303.74,0.000118,6165.00
179.100,2007.52,-66.04,0.158526,195.00,508.372467,2627.64,0.000020,3330.00
179.150,2029.03,-65.60,0.142568,200.00,506.380402,2900.74,0.000028,3410.00
179.200,1890.73,-63.44,0.207689,115.00,838.691101,2303.42,0.000030,3225.00
179.250,2270.76,-61.10,0.235228,680.00,753.199036,2967.58,0.000059,3435.00
179.300,4238.34,-54.74,0.245041,115.00,1066.544800,4820.01,0.000269,11195.00
179.350,4956.25,-54.24,0.303886,60.00,1289.469238,5186.39,0.000181,12295.00
179.400,4506.99,-59.37,0.299349,45.00,1299.895264,5212.86,0.000033,12010.00
179.450,4447.31,-59.38,0.250623,40.00,970.365845,5176.69,0.000041,11830.00
179.500,5209.89,-54.36,0.290873,65.00,1193.636230,5240.19,0.000141,12585.00
179.550,4692.48,-55.61,0.320669,50.00,1064.947754,5100.31,0.000080,12100.00
179.600,3146.69,-61.99,0.282554,40.00,1233.582397,4428.56,0.000017,9240.00
179.650,1958.65,-68.97,0.197578,40.00,877.401367,3455.62,0.000005,3065.00
179.700,3086.88,-64.89,0.101243,35.00,728.404663,3885.61,0.000049,7730.00
179.750,5690.10,-58.11,0.082489,165.00,593.326294,3906.93,0.000472,9855.00
179.800,7137.36,-56.40,0.093376,165.00,352.483124,3351.90,0.000631,10225.00
179.850,6896.79,-56.33,0.093052,295.00,347.792603,3599.53,0.000631,10170.00
179.900,4858.18,-56.89,0.145532,445.00,691.581238,3989.62,0.000242,9645.00
179.950,2897.96,-61.61,0.173130,445.00,465.606171,3113.53,0.000054,6015.00
180.000,1587.73,-65.65,0.210110,75.00,1141.455078,2402.78,0.000016,3305.00
180.050,1840.27,-62.25,0.304636,60.00,1171.038940,3012.66,0.000016,4200.00
180.100,4122.16,-57.43,0.308538,50.00,1287.400513,4116.68,0.000043,8980.00
180.150,5287.79,-52.65,0.265385,40.00,1145.596558,4141.66,0.000238,10095.00
180.200,5410.38,-49.72,0.253789,35.00,1008.895020,4288.21,0.000646,10600.00
180.250,5421.83,-51.24,0.189708,235.00,839.261658,4321.62,0.000731,10695.00
180.300,4509.84,-57.72,0.125093,235.00,769.963013,3955.86,0.000266,9285.00
180.350,3716.43,-58.94,0.098804,235.00,532.851929,3421.73,0.000347,7370.00
180.400,3978.53,-55.36,0.147507,1145.00,486.217804,3611.98,0.000460,8030.00
180.450,4151.31,-58.07,0.100664,1410.00,463.150391,3772.80,0.000395,8395.00
180.500,3026.37,-64.15,0.100602,170.00,528.163025,3769.39,0.000070,7445.00
180.550,3826.30,-56.69,0.244346,70.00,1108.846313,3799.04,0.000097,8335.00
180.600,4541.00,-54.78,0.315613,50.00,1150.749146,3848.89,0.000094,8895.00
180.650,4055.41,-56.93,0.298589,45.00,1282.584351,3982.77,0.000066,8810.00
180.700,5163.50,-55.22,0.243243,40.00,1018.186096,5055.83,0.000163,12310.00
180.750,5742.47,-53.43,0.203049,35.00,890.525391,5031.19,0.000391,12665.00
180.800,4689.64,-56.84,0.162251,60.00,791.932068,4705.21,0.000220,11525.00
180.850,4251.48,-61.00,0.111590,60.00,553.727905,4563.41,0.000136,10420.00
180.900,6050.80,-55.99,0.121730,55.00,467.066956,4955.99,0.000470,12695.00
180.950,5016.08,-55.25,0.216881,635.00,855.402588,4909.99,0.000206,12055.00
181.000,3571.94,-59.86,0.231837,630.00,715.872192,4328.74,0.000051,9450.00
181.050,2263.64,-66.41,0.156466,625.00,766.925476,3190.33,0.000019,3595.00
181.100,2080.29,-66.89,0.111255,65.00,654.882385,3308.42,0.000031,3705.00
181.150,1702.40,-68.50,0.141256,60.00,487.559113,2699.93,0.000013,2910.00
181.200,1955.82,-68.90,0.148289,115.00,345.489014,2672.50,0.000010,3345.00
181.250,3866.34,-60.81,0.131828,115.00,347.780151,3825.38,0.000091,8885.00
181.300,3693.87,-58.42,0.158632,60.00,547.917786,3656.30,0.000133,8435.00
181.350,2848.06,-60.70,0.189068,60.00,520.254028,2891.23,0.000053,5485.00
181.400,2237.96,-63.33,0.190976,115.00,753.585815,2798.45,0.000038,3595.00
181.450,2088.80,-62.83,0.312891,65.00,1238.456543,3522.03,0.000015,4795.00
181.500,2177.29,-61.31,0.350141,50.00,1257.287964,3140.99,0.000019,4635.00
181.550,3249.21,-57.08,0.298424,40.00,1301.702759,3928.79,0.000071,7705.00
181.600,4927.06,-50.98,0.269301,40.00,1064.425659,4464.73,0.000442,10895.00
181.650,4675.86,-50.43,0.273057,420.00,1052.821289,4336.13,0.000504,10270.00
181.700,3624.88,-55.56,0.231154,630.00,980.904968,3997.77,0.000162,8305.00
181.750,4123.21,-55.43,0.222944,1045.00,883.784729,4651.42,0.000207,10540.00
181.800,4475.81,-51.74,0.320438,60.00,1229.628662,4676.47,0.000290,10975.00
181.850,3915.98,-54.09,0.344943,50.00,1242.800171,4424.99,0.000118,9765.00
181.900,2494.73,-60.67,0.283902,40.00,1247.934937,3510.81,0.000028,5050.00
181.950,1990.46,-64.30,0.211983,35.00,846.549744,2973.35,0.000020,3530.00
182.000,2382.50,-61.92,0.194484,75.00,1061.171997,3220.89,0.000051,4055.00
182.050,2153.77,-62.88,0.256604,670.00,933.273193,2810.75,0.000025,3640.00
182.100,2160.82,-60.71,0.254949,675.00,916.748108,2892.25,0.000043,4415.00
182.150,2779.68,-55.96,0.298683,60.00,1302.655273,3366.49,0.000109,6090.00
182.200,2898.73,-57.54,0.314950,50.00,1301.286743,3532.81,0.000055,6545.00
182.250,3173.23,-61.88,0.275370,40.00,1104.762817,4566.21,0.000023,9405.00
182.300,4986.60,-55.02,0.272377,35.00,1202.092896,5222.57,0.000169,12410.00
182.350,4795.15,-54.45,0.302625,50.00,1063.639893,5092.01,0.000161,12130.00
182.400,3514.89,-59.43,0.305296,45.00,1145.046631,4607.18,0.000031,10025.00
182.450,1921.77,-67.05,0.242181,40.00,919.949585,3410.06,0.000006,2995.00
182.500,2044.55,-68.70,0.161719,35.00,682.197144,3598.96,0.000007,3835.00
182.550,2138.95,-71.38,0.089170,80.00,642.299927,3646.51,0.000010,4420.00
182.600,2011.05,-75.86,0.039602,80.00,333.094879,3503.16,0.000012,3220.00
182.650,3192.21,-68.01,0.037436,320.00,246.053345,3992.81,0.000145,8105.00
182.700,2405.43,-61.90,0.149078,350.00,756.162109,3161.37,0.000077,4915.00
182.750,2291.95,-60.37,0.226869,420.00,689.830078,2621.85,0.000058,3610.00
182.800,2758.90,-61.37,0.158284,470.00,745.497620,2713.35,0.000073,4740.00
182.850,4821.54,-59.37,0.070108,470.00,713.070190,3593.01,0.000439,8700.00
182.900,6001.87,-57.23,0.081397,5250.00,358.327087,3289.84,0.000601,9435.00
182.950,5439.98,-55.11,0.099925,4980.00,374.352814,3537.64,0.000824,9215.00
183.000,5270.84,-50.39,0.202458,1885.00,817.360657,4111.29,0.000875,10325.00
183.050,5502.02,-50.01,0.213683,225.00,540.370605,4218.52,0.000849,10655.00
183.100,5250.10,-54.42,0.143954,245.00,855.191223,4199.85,0.000474,10215.00
183.150,3775.97,-59.86,0.114923,240.00,487.668976,3623.12,0.000189,7640.00
183.200,3878.45,-55.65,0.153839,235.00,675.642822,3588.65,0.000377,7755.00
183.250,3783.42,-56.22,0.166857,460.00,490.434052,3610.41,0.000275,7620.00
183.300,2647.10,-62.22,0.160741,455.00,600.359009,3238.49,0.000059,6035.00
183.350,1473.26,-66.70,0.208308,70.00,1081.650635,2662.43,0.000012,2340.00
183.400,1271.84,-66.87,0.305598,60.00,1148.988403,2596.71,0.000005,2195.00
183.450,1620.53,-66.45,0.312309,50.00,1300.746094,2523.55,0.000006,3200.00
183.500,4485.69,-57.62,0.255168,40.00,1041.966675,4717.10,0.000083,11175.00
183.550,5956.55,-53.55,0.205147,35.00,922.343323,5012.13,0.000407,12810.00
183.600,5251.60,-54.75,0.194145,445.00,882.013672,4857.38,0.000323,12200.00
183.650,3742.53,-59.58,0.193771,640.00,814.289124,4254.70,0.000075,9370.00
183.700,5807.36,-55.11,0.188595,640.00,657.232483,4972.46,0.000260,12670.00
183.750,5826.06,-53.69,0.187419,650.00,853.636902,4993.65,0.000405,12695.00
183.800,4628.90,-57.77,0.167860,80.00,656.899780,4721.79,0.000155,11525.00
183.850,2868.79,-64.06,0.137907,80.00,572.027344,3539.26,0.000042,5835.00
183.900,2935.72,-65.62,0.113269,80.00,408.424683,3457.83,0.000033,5665.00
183.950,4589.47,-60.82,0.108623,80.00,297.306763,3984.33,0.000114,9385.00
184.000,5604.16,-57.50,0.120108,80.00,342.662811,3649.59,0.000263,9800.00
184.050,5448.67,-58.65,0.120825,80.00,238.210114,3416.61,0.000192,9210.00
184.100,4391.60,-60.10,0.112480,80.00,339.092316,3298.45,0.000144,7605.00
184.150,3667.68,-59.86,0.130425,80.00,497.331299,3085.04,0.000126,6710.00
184.200,2357.06,-63.97,0.133300,475.00,549.153809,2781.85,0.000051,4605.00
184.250,1246.15,-66.46,0.267379,70.00,1248.056030,2633.72,0.000008,2110.00
184.300,1556.21,-63.62,0.339978,50.00,1185.747559,2564.60,0.000010,3005.00
184.350,2072.31,-61.26,0.320474,45.00,1289.970215,3060.83,0.000024,3830.00
184.400,4676.98,-52.45,0.271594,40.00,1085.240356,4507.58,0.000309,10565.00
184.450,5141.98,-50.01,0.250785,80.00,911.274353,4446.18,0.000722,11010.00
184.500,4732.60,-53.49,0.176258,80.00,811.388367,4332.04,0.000471,10245.00
184.550,3348.36,-61.58,0.126389,210.00,681.955261,3847.14,0.000086,7730.00
184.600,3544.14,-56.24,0.170843,80.00,605.961853,3458.14,0.000251,7265.00
184.650,4510.84,-53.39,0.185871,80.00,535.021118,3579.20,0.000452,8260.00
184.700,5634.21,-54.82,0.158320,80.00,669.682922,3247.91,0.000389,8715.00
184.750,5332.41,-58.08,0.116953,80.00,426.873657,3160.59,0.000262,8420.00
184.800,4233.80,-57.34,0.114831,75.00,592.025635,3462.74,0.000331,8085.00
184.850,3762.09,-55.86,0.192390,230.00,720.327515,3368.09,0.000211,7405.00
184.900,2643.92,-59.43,0.207704,455.00,650.758789,2862.72,0.000080,4990.00
184.950,1907.79,-62.30,0.268878,65.00,1194.420654,2516.89,0.000026,3310.00
185.000,1635.91,-64.63,0.315243,50.00,1254.402100,2633.29,0.000009,3190.00
185.050,1714.41,-67.82,0.286219,45.00,1290.291870,3286.16,0.000003,3285.00
185.100,4767.26,-57.17,0.253022,40.00,1107.829956,5241.00,0.000082,12415.00
185.150,4988.03,-54.36,0.309721,50.00,1085.736816,5211.63,0.000131,12510.00
185.200,4343.03,-57.55,0.305018,50.00,1084.437622,5014.47,0.000052,11710.00
185.250,2747.13,-64.63,0.227422,40.00,1059.409424,4209.32,0.000012,7845.00
185.300,2143.83,-68.73,0.161742,35.00,713.998840,3696.29,0.000007,4935.00
185.350,2557.93,-69.22,0.102756,35.00,493.679230,3934.42,0.000013,6580.00
185.400,2000.15,-72.79,0.088236,40.00,253.877075,3345.68,0.000006,4470.00
185.450,2773.08,-70.94,0.087311,40.00,65.839310,4278.20,0.000010,8195.00
185.500,2814.17,-63.81,0.106333,40.00,379.477448,3781.61,0.000069,6920.00
185.550,2015.23,-62.85,0.199812,475.00,832.472473,3060.03,0.000034,3755.00
185.600,1458.85,-66.35,0.213223,475.00,472.511536,2367.10,0.000013,2355.00
185.650,1321.19,-65.67,0.244457,70.00,1233.115356,2439.99,0.000013,2405.00
185.700,1558.13,-63.45,0.321463,55.00,1148.782104,2581.67,0.000012,3120.00
185.750,2077.06,-61.93,0.329998,45.00,1420.948975,2953.44,0.000015,4300.00
185.800,4416.50,-52.82,0.308558,40.00,1120.655151,4260.13,0.000200,9860.00
185.850,4881.43,-50.58,0.279170,1150.00,1115.828369,4440.83,0.000459,10760.00
185.900,4754.05,-54.32,0.200839,705.00,1125.534058,4514.32,0.000272,10885.00
185.950,3625.54,-61.82,0.136562,1195.00,781.602661,4141.95,0.000068,9045.00
186.000,3620.36,-57.04,0.133953,475.00,711.625366,3526.04,0.000327,7380.00
186.050,3856.38,-55.17,0.170205,440.00,509.765686,3658.27,0.000365,7955.00
186.100,3573.03,-59.54,0.158009,655.00,659.677856,3734.25,0.000112,7940.00
186.150,1830.34,-65.69,0.192611,655.00,844.166809,2964.84,0.000017,3360.00
186.200,1438.65,-64.70,0.296937,65.00,1110.653687,2769.30,0.000010,2335.00
186.250,1402.12,-66.17,0.326722,50.00,1323.952026,2636.30,0.000005,2465.00
186.300,1431.78,-68.44,0.293101,40.00,1175.065796,2534.88,0.000003,2500.00
186.350,1750.59,-67.13,0.220347,40.00,943.311279,3168.32,0.000007,3195.00
186.400,1963.52,-67.09,0.148016,435.00,817.242737,3233.59,0.000016,3710.00
186.450,2233.82,-67.82,0.117274,60.00,582.037292,3028.27,0.000018,4745.00
186.500,5673.69,-59.91,0.095192,60.00,359.097321,4980.13,0.000203,12565.00
186.550,6411.41,-55.40,0.118568,80.00,539.201660,4938.55,0.000520,12850.00
186.600,4879.31,-55.71,0.193088,440.00,774.344666,4716.37,0.000205,11555.00
186.650,3140.26,-60.10,0.195170,440.00,579.658691,3671.42,0.000067,7100.00
186.700,2521.64,-64.28,0.151548,440.00,583.407471,3032.19,0.000035,4675.00
186.750,2454.58,-65.80,0.131535,80.00,572.810120,3252.37,0.000028,4765.00
186.800,2266.75,-68.78,0.119020,80.00,401.309814,2875.29,0.000014,3765.00
186.850,2163.05,-68.08,0.127202,80.00,385.851471,2781.86,0.000016,3550.00
186.900,2968.80,-64.77,0.119580,80.00,314.644257,3532.88,0.000040,6490.00
186.950,3109.14,-62.27,0.131469,80.00,406.929718,3221.83,0.000068,6525.00
187.000,2911.66,-62.70,0.128708,80.00,365.501801,2929.78,0.000069,5690.00
187.050,3489.91,-58.62,0.195121,75.00,910.791748,3787.58,0.000095,7680.00
187.100,4247.52,-54.33,0.304710,60.00,1129.385620,3867.13,0.000134,8595.00
187.150,3629.26,-54.89,0.332626,45.00,1286.303955,3617.19,0.000099,7675.00
187.200,3731.37,-54.86,0.293424,40.00,1081.793701,4187.01,0.000127,9010.00
187.250,4786.57,-50.40,0.283361,40.00,1094.272705,4424.74,0.000471,10550.00
187.300,4493.96,-51.42,0.255850,645.00,1045.452637,4269.98,0.000437,9975.00
187.350,3460.87,-57.82,0.187833,680.00,973.682495,3753.02,0.000136,7790.00
187.400,3022.92,-58.04,0.179881,680.00,679.065430,3118.20,0.000148,6065.00
187.450,3328.37,-55.15,0.215563,440.00,714.998169,3343.98,0.000235,6700.00
187.500,3374.13,-57.76,0.174157,80.00,682.319458,3507.30,0.000155,7085.00
187.550,4241.09,-60.44,0.117946,155.00,600.950134,4223.75,0.000126,9455.00
187.600,4003.34,-61.31,0.110466,155.00,495.206451,4415.30,0.000133,9755.00
187.650,2782.89,-62.08,0.159912,95.00,601.073914,3601.20,0.000068,6075.00
187.700,2728.46,-60.26,0.202290,95.00,611.684875,3270.78,0.000069,5735.00
187.750,4552.82,-54.29,0.226024,215.00,919.455933,4684.10,0.000247,11145.00
187.800,5235.67,-53.88,0.293850,60.00,1189.562256,5094.62,0.000157,12355.00
187.850,4765.83,-58.81,0.303164,50.00,1239.188354,5202.87,0.000032,12170.00
187.900,4423.84,-59.55,0.252933,40.00,971.504395,5182.50,0.000038,11830.00
187.950,5163.02,-54.26,0.298008,65.00,1283.045532,5250.00,0.000137,12540.00
188.000,4570.84,-55.20,0.349498,60.00,1127.640259,5068.73,0.000076,11860.00
188.050,3080.76,-60.93,0.300786,40.00,1264.535889,4371.25,0.000020,8920.00
188.100,1844.04,-67.98,0.214735,40.00,902.044067,3345.42,0.000005,2960.00
188.150,1923.43,-67.52,0.144136,55.00,710.398743,3311.84,0.000014,3520.00
188.200,1870.86,-64.34,0.188234,60.00,929.230957,2485.68,0.000025,3180.00
188.250,1918.97,-63.55,0.219177,545.00,538.810791,2428.81,0.000025,3145.00
188.300,1988.10,-65.08,0.151087,60.00,806.018433,2850.91,0.000030,3440.00
188.350,2167.14,-64.88,0.128351,205.00,662.268616,2751.57,0.000043,3665.00
188.400,2358.45,-66.49,0.097244,295.00,425.447021,2587.72,0.000040,3735.00
188.450,1376.98,-67.65,0.172053,75.00,920.003540,2665.71,0.000012,2260.00
188.500,1274.39,-65.11,0.301519,60.00,1133.776245,2577.58,0.000009,2135.00
188.550,1530.27,-63.60,0.330416,50.00,1315.439331,2368.05,0.000011,2865.00
188.600,3676.63,-57.44,0.261159,40.00,1112.233398,4400.19,0.000074,9415.00
188.650,5298.37,-51.12,0.226405,35.00,1024.965210,4500.78,0.000559,11320.00
188.700,4536.58,-50.63,0.274903,600.00,1197.647583,4283.00,0.000470,10040.00
188.750,3258.16,-55.76,0.271989,600.00,1033.001465,3720.87,0.000119,7385.00
188.800,2946.11,-58.97,0.204759,810.00,958.066589,3217.19,0.000093,6030.00
188.850,3680.48,-55.20,0.181482,1430.00,798.020813,3520.30,0.000327,7390.00
188.900,3731.63,-57.67,0.128097,205.00,625.088928,3642.51,0.000301,7600.00
188.950,2252.28,-66.25,0.110240,175.00,599.288086,3310.92,0.000038,5675.00
189.000,1385.28,-66.60,0.237374,70.00,1069.103638,2876.63,0.000009,2050.00
189.050,1705.91,-63.58,0.312874,50.00,1161.927490,2758.80,0.000012,3225.00
189.100,2474.74,-60.48,0.306648,45.00,1300.153442,3092.54,0.000025,5120.00
189.150,5378.64,-54.64,0.230616,40.00,1035.836914,4620.19,0.000178,11360.00
189.200,6989.41,-53.78,0.164687,40.00,876.965637,4493.85,0.000435,12535.00
189.250,6861.42,-55.14,0.129707,55.00,642.790894,4210.41,0.000456,11895.00
189.300,5768.55,-57.11,0.109097,55.00,376.464050,4316.13,0.000350,11180.00
189.350,5967.14,-54.38,0.152347,410.00,699.966675,4899.32,0.000445,12670.00
189.400,5397.88,-54.36,0.206125,415.00,632.596008,4941.95,0.000263,12320.00
189.450,3903.09,-59.41,0.184763,425.00,746.464661,4482.16,0.000085,10165.00
189.500,2384.03,-66.21,0.157431,60.00,419.276245,3427.43,0.000018,4395.00
189.550,2622.83,-66.81,0.124806,60.00,441.108734,3766.09,0.000020,6615.00
189.600,4082.21,-61.52,0.123064,60.00,280.777985,3900.79,0.000082,8610.00
189.650,5064.71,-60.14,0.115260,60.00,351.756958,3813.47,0.000132,9000.00
189.700,4390.26,-62.16,0.110316,60.00,269.571991,3882.61,0.000079,8845.00
189.750,3313.75,-60.77,0.131917,60.00,511.631500,3740.87,0.000101,8110.00
189.800,2377.92,-61.69,0.198010,470.00,745.869263,2991.72,0.000043,4380.00
189.850,1655.11,-65.00,0.209955,120.00,785.453125,2387.08,0.000020,2860.00
189.900,1394.69,-64.54,0.315776,60.00,1395.864258,2541.07,0.000010,2460.00
189.950,1532.23,-63.74,0.354425,50.00,1270.853638,2463.35,0.000009,3230.00
190.000,3050.78,-58.25,0.290103,40.00,1296.566772,3955.59,0.000051,7440.00
190.050,4992.99,-51.22,0.255710,35.00,1048.228516,4481.89,0.000445,10855.00
190.100,4989.89,-50.90,0.231091,55.00,848.258362,4444.93,0.000585,10770.00
190.150,4363.42,-56.43,0.148129,60.00,802.777344,4423.36,0.000266,10080.00
190.200,3021.39,-61.17,0.125354,60.00,505.330719,3534.14,0.000106,6615.00
190.250,3243.19,-55.81,0.208138,60.00,779.424316,3366.63,0.000201,6605.00
190.300,2893.83,-56.84,0.256665,625.00,773.953674,3253.38,0.000104,5965.00
190.350,2041.25,-64.56,0.186888,625.00,708.111633,2752.58,0.000023,3530.00
190.400,2106.37,-67.77,0.109190,60.00,766.029114,3253.78,0.000024,3350.00
190.450,1782.34,-65.15,0.159436,60.00,655.508972,2665.34,0.000030,2515.00
190.500,1613.08,-64.88,0.250969,460.00,901.206543,2124.60,0.000015,2430.00
190.550,3422.38,-56.71,0.272055,460.00,940.665527,4204.61,0.000096,8920.00
190.600,4485.61,-53.33,0.306423,65.00,1310.811768,4839.47,0.000184,11480.00
190.650,4263.04,-55.46,0.317171,50.00,1331.131348,4816.66,0.000088,11205.00
190.700,3255.98,-60.25,0.273895,40.00,1141.005493,4370.49,0.000037,9065.00
190.750,4873.13,-55.04,0.265232,35.00,1228.820068,5162.18,0.000169,12255.00
190.800,5043.07,-54.32,0.313303,50.00,1069.519165,5186.43,0.000142,12400.00
190.850,3838.27,-59.05,0.304143,45.00,1224.427490,4825.58,0.000034,10795.00
190.900,2174.01,-67.04,0.231892,40.00,984.623108,3725.64,0.000006,5040.00
190.950,2391.15,-70.00,0.133792,35.00,667.809753,4020.33,0.000007,6490.00
191.000,2307.57,-69.54,0.058132,160.00,688.738403,3449.11,0.000044,4180.00
191.050,2126.22,-66.80,0.120954,340.00,550.914001,2772.28,0.000025,3505.00
191.100,2397.86,-64.65,0.132096,345.00,386.895905,3175.54,0.000040,4955.00
191.150,2149.65,-64.31,0.141796,400.00,740.001892,3003.16,0.000044,3720.00
191.200,2029.38,-64.55,0.202758,635.00,812.246094,2471.14,0.000022,3630.00
191.250,2002.44,-63.62,0.203910,645.00,828.226624,2504.83,0.000028,3365.00
191.300,2079.63,-61.07,0.285311,65.00,1316.137695,2840.56,0.000030,3710.00
191.350,2234.66,-60.43,0.324058,50.00,1189.063477,2921.13,0.000026,4430.00
191.400,4062.83,-56.18,0.282601,40.00,1253.173950,4031.92,0.000087,8860.00
191.450,5141.99,-50.74,0.255233,40.00,1096.288696,4339.79,0.000512,10520.00
191.500,5258.74,-50.87,0.212714,200.00,835.905334,4466.39,0.000684,11065.00
191.550,4918.99,-56.24,0.131167,200.00,841.689209,4470.66,0.000343,10885.00
191.600,3506.94,-61.21,0.109123,405.00,411.609131,3628.60,0.000131,7855.00
191.650,3774.92,-56.08,0.144213,200.00,697.780884,3568.82,0.000378,7620.00
191.700,4039.04,-55.11,0.156743,350.00,398.677216,3724.01,0.000412,8230.00
191.750,5659.05,-56.11,0.109491,175.00,607.738770,3898.63,0.000508,9760.00
191.800,4989.85,-55.99,0.195028,70.00,926.521240,4049.57,0.000184,9260.00
191.850,4510.68,-55.32,0.301858,60.00,1098.880371,4068.01,0.000095,9035.00
191.900,3916.07,-57.00,0.310846,50.00,1312.957397,3752.56,0.000059,8215.00
191.950,4156.74,-57.37,0.264605,40.00,1062.893555,4402.29,0.000088,9975.00
192.000,6212.16,-54.37,0.189843,35.00,846.715515,5075.15,0.000352,12930.00
192.050,6355.67,-55.38,0.144799,60.00,778.402100,4963.00,0.000424,12700.00
192.100,5981.79,-57.69,0.117421,60.00,417.701080,4319.18,0.000364,10415.00
192.150,6729.78,-56.53,0.090428,65.00,393.698639,4596.12,0.000822,12530.00
192.200,5781.23,-54.78,0.155551,180.00,610.481201,5000.93,0.000529,12595.00
192.250,4169.79,-57.01,0.192441,60.00,623.691467,4579.16,0.000191,10510.00
192.300,2751.31,-63.70,0.130994,60.00,560.045227,3548.39,0.000053,5545.00
192.350,2689.08,-65.23,0.089826,65.00,561.746094,3777.82,0.000062,7140.00
192.400,2752.72,-61.61,0.139822,60.00,503.452667,3590.91,0.000079,7445.00
192.450,4439.64,-57.21,0.158934,60.00,441.897949,4041.92,0.000192,9130.00
192.500,5662.40,-56.76,0.146225,60.00,473.677429,4000.77,0.000254,9990.00
192.550,5126.98,-57.62,0.130977,60.00,380.404785,3956.14,0.000233,9480.00
192.600,3658.76,-57.69,0.183458,60.00,668.985901,3524.34,0.000138,8250.00
192.650,2924.03,-59.95,0.177199,60.00,494.722198,3048.67,0.000099,6410.00
192.700,3333.27,-57.88,0.254517,60.00,1180.520996,3860.99,0.000081,7750.00
192.750,4242.14,-55.02,0.347220,60.00,1202.759033,4050.04,0.000092,8950.00
192.800,4275.55,-54.95,0.311722,45.00,1315.117920,4043.81,0.000103,8980.00
192.850,5390.52,-51.63,0.267327,40.00,1026.312256,4431.41,0.000330,10785.00
192.900,5315.46,-49.59,0.266576,55.00,1032.938965,4391.79,0.000630,10785.00
192.950,4511.91,-52.28,0.241788,395.00,973.054688,4208.28,0.000363,9675.00
193.000,3514.99,-57.47,0.201382,400.00,828.421875,4070.57,0.000135,8280.00
193.050,4458.89,-52.66,0.257591,60.00,1111.841309,4659.15,0.000309,10920.00
193.100,4060.58,-52.34,0.344430,60.00,1227.056274,4420.74,0.000198,9920.00
193.150,2995.71,-57.19,0.325794,45.00,1282.369385,3758.72,0.000058,6895.00
193.200,2168.75,-62.07,0.263255,40.00,1008.263672,2804.95,0.000026,3520.00
193.250,2686.56,-60.64,0.201574,35.00,854.119263,3264.32,0.000067,5590.00
193.300,2760.94,-60.48,0.204099,455.00,988.990601,3118.75,0.000071,5465.00
193.350,2343.22,-62.08,0.244130,460.00,824.749146,2717.86,0.000031,3810.00
193.400,2675.32,-56.90,0.288544,455.00,1023.597229,3162.68,0.000087,5720.00
193.450,2892.39,-55.90,0.321799,55.00,1349.995361,3388.36,0.000092,6360.00
193.500,2495.85,-60.68,0.303377,45.00,1245.111694,3363.79,0.000032,5755.00
193.550,4242.71,-56.45,0.270482,40.00,1111.852783,5021.88,0.000124,11510.00
193.600,5003.95,-53.72,0.296782,65.00,990.205627,5210.24,0.000217,12445.00
193.650,4243.37,-56.83,0.314274,50.00,1139.755615,4994.17,0.000077,11560.00
193.700,2498.74,-63.95,0.272013,40.00,1044.075317,4031.68,0.000011,6840.00
193.750,1961.23,-68.14,0.189501,40.00,746.027222,3491.17,0.000006,3715.00
193.800,2872.21,-62.77,0.127658,80.00,801.025574,3490.24,0.000068,6690.00
193.850,2927.86,-61.97,0.149156,210.00,615.572449,3092.91,0.000062,5910.00
193.900,3155.82,-64.20,0.086378,210.00,436.568909,3200.11,0.000090,6470.00
193.950,5493.43,-58.52,0.077228,310.00,579.940491,3674.18,0.000463,9480.00
194.000,5129.71,-54.94,0.147985,465.00,573.441956,3580.94,0.000382,9145.00
194.050,3551.24,-57.44,0.194272,450.00,707.807129,3265.24,0.000126,7405.00
194.100,2520.31,-62.85,0.148612,415.00,639.861145,2953.41,0.000054,4330.00
194.150,2403.55,-63.04,0.155011,465.00,683.841492,3051.00,0.000044,4885.00
194.200,2541.56,-62.74,0.182621,475.00,724.982422,3061.93,0.000034,5255.00
194.250,4774.54,-52.73,0.202217,475.00,754.920044,4235.07,0.000458,10175.00
194.300,5159.34,-50.17,0.244036,460.00,910.187561,4432.82,0.000665,10995.00
194.350,4789.41,-53.54,0.201464,685.00,852.866211,4512.40,0.000353,10770.00
194.400,3479.24,-61.11,0.171889,1335.00,897.667847,4056.58,0.000058,8730.00
194.450,3647.06,-57.07,0.165890,1335.00,621.107178,3533.90,0.000223,7695.00
194.500,3861.40,-55.23,0.161833,645.00,632.642944,3598.33,0.000400,7825.00
194.550,3706.65,-59.98,0.105529,185.00,612.100342,3674.71,0.000217,7570.00
194.600,2159.01,-66.67,0.130215,185.00,710.412598,3514.20,0.000023,6050.00
194.650,1884.77,-62.21,0.278523,65.00,1127.824341,3255.94,0.000021,3945.00
194.700,1815.39,-61.59,0.335349,50.00,1306.409546,2717.54,0.000018,3510.00
194.750,2614.79,-59.66,0.302154,40.00,1224.477051,3408.79,0.000031,5235.00
194.800,5183.23,-54.98,0.211337,40.00,1022.844177,4949.98,0.000201,12275.00
194.850,6556.11,-55.15,0.140675,60.00,839.494141,5086.98,0.000400,12995.00
194.900,4640.65,-57.48,0.151139,60.00,765.780701,4600.15,0.000204,10960.00
194.950,4157.09,-57.40,0.164245,435.00,424.488281,4368.52,0.000201,9640.00
195.000,5882.02,-54.50,0.145490,420.00,742.078918,4978.90,0.000509,12665.00
195.050,5195.23,-55.55,0.179841,80.00,628.229919,4897.19,0.000250,12110.00
195.100,3591.60,-60.90,0.151635,80.00,487.290955,4248.96,0.000079,9160.00
195.150,2715.53,-68.00,0.101788,80.00,550.775513,3825.25,0.000021,6930.00
195.200,3508.94,-63.67,0.102027,80.00,260.612946,4320.26,0.000065,9235.00
195.250,2677.58,-62.27,0.140539,80.00,461.434998,3705.53,0.000066,7430.00
195.300,2089.74,-65.03,0.164239,80.00,465.090637,2951.29,0.000025,3415.00
195.350,2690.25,-64.85,0.132863,80.00,421.747101,3385.45,0.000033,6175.00
195.400,3188.40,-64.99,0.096242,80.00,378.605042,3582.56,0.000052,8060.00
195.450,3461.18,-66.68,0.050755,75.00,376.135590,3640.08,0.000104,7965.00
195.500,4534.17,-56.91,0.195938,70.00,973.002686,3932.44,0.000156,8900.00
195.550,4363.11,-53.64,0.324655,65.00,1160.721558,3898.38,0.000151,8760.00
195.600,3141.85,-55.97,0.336312,45.00,1395.957886,3451.36,0.000070,7300.00
195.650,3689.74,-55.21,0.298797,40.00,1099.582886,4226.12,0.000113,8980.00
195.700,4994.21,-50.49,0.264562,40.00,1027.774658,4489.27,0.000524,10950.00
195.750,4950.62,-51.43,0.210675,80.00,905.368958,4356.00,0.000595,10495.00
195.800,4133.16,-57.62,0.145079,80.00,781.881165,4192.08,0.000193,9305.00
195.850,3145.99,-58.83,0.161588,75.00,487.050385,3390.43,0.000136,6780.00
195.900,3513.01,-55.66,0.187444,80.00,479.821167,3468.82,0.000259,7140.00
195.950,3413.34,-58.66,0.142845,80.00,560.678955,3578.54,0.000171,7155.00
196.000,2142.68,-67.25,0.107905,80.00,449.422577,3170.04,0.000026,4360.00
196.050,2451.16,-67.15,0.081463,75.00,373.480713,3509.42,0.000044,4455.00
196.100,2366.69,-61.90,0.160967,235.00,793.374023,2660.62,0.000066,3695.00
196.150,2488.71,-60.39,0.261771,445.00,891.276062,2400.85,0.000041,3735.00
196.200,2319.67,-61.21,0.265093,445.00,1012.724426,2454.32,0.000035,3660.00
196.250,2000.71,-62.12,0.304243,60.00,1376.173828,2730.68,0.000019,3710.00
196.300,3876.99,-58.79,0.306258,50.00,1335.409668,3920.53,0.000032,8365.00
196.350,5200.06,-55.56,0.263264,40.00,1024.633179,4377.46,0.000116,10280.00
196.400,5278.62,-52.88,0.292238,35.00,1185.016113,4905.84,0.000219,11800.00
196.450,5031.32,-53.56,0.316781,50.00,1068.375000,4831.21,0.000150,11505.00
196.500,4140.91,-58.10,0.259343,50.00,1028.414795,4404.27,0.000055,9645.00
196.550,2889.90,-64.66,0.182034,35.00,927.484314,3810.58,0.000016,7160.00
196.600,2877.22,-63.72,0.128684,35.00,571.919739,3792.17,0.000045,7745.00
196.650,3323.63,-60.14,0.171185,415.00,737.406860,3901.56,0.000074,8420.00
196.700,5175.60,-57.52,0.153331,40.00,300.518555,4606.91,0.000178,10650.00
196.750,5752.29,-56.16,0.134116,40.00,619.910461,4528.08,0.000342,10770.00
196.800,3542.64,-56.71,0.229250,450.00,881.610474,3905.97,0.000125,8650.00
196.850,2070.42,-62.83,0.222858,685.00,629.610962,2563.48,0.000027,3460.00
196.900,1663.18,-65.25,0.201003,80.00,1027.820679,2458.31,0.000020,2955.00
196.950,1613.58,-63.57,0.293157,60.00,1192.704224,2759.37,0.000013,3570.00
197.000,2602.79,-61.22,0.308111,50.00,1246.047241,3844.84,0.000017,6400.00
197.050,4752.28,-54.55,0.262137,40.00,1138.258789,4475.48,0.000148,10740.00
197.100,5030.88,-50.18,0.265670,40.00,1156.533325,4437.84,0.000559,10890.00
197.150,4772.30,-51.65,0.264810,455.00,1057.038818,4510.69,0.000359,10850.00
197.200,4181.24,-58.75,0.173107,455.00,903.957764,4492.27,0.000094,10195.00
197.250,3694.49,-59.60,0.093536,455.00,732.151672,3676.26,0.000268,8015.00
197.300,4321.15,-54.10,0.151190,665.00,585.508606,3784.94,0.000543,8685.00
197.350,4657.33,-55.08,0.135003,370.00,465.283966,3905.77,0.000500,9095.00
197.400,3628.55,-60.66,0.117321,180.00,571.506836,3823.93,0.000135,8410.00
197.450,2640.14,-61.09,0.237719,70.00,1097.101196,3955.48,0.000035,8245.00
197.500,2499.81,-59.97,0.315883,50.00,1161.731812,3468.63,0.000029,5695.00
197.550,2572.38,-61.55,0.308295,45.00,1291.897461,2827.02,0.000021,4225.00
197.600,3096.59,-60.79,0.234062,40.00,991.254639,3325.86,0.000037,6965.00
197.650,4614.61,-58.85,0.155400,35.00,877.205322,4159.30,0.000118,9100.00
197.700,4788.55,-59.39,0.117381,60.00,665.819458,4085.32,0.000168,9225.00
197.750,4367.85,-60.43,0.126604,60.00,386.088928,4536.31,0.000115,10250.00
197.800,6438.57,-55.94,0.128091,210.00,478.805664,5029.64,0.000415,12930.00
197.850,5676.48,-54.86,0.169119,450.00,720.443542,4919.49,0.000350,12490.00
197.900,4139.14,-58.89,0.180318,450.00,524.496887,4344.45,0.000102,10040.00
197.950,2658.35,-65.39,0.144644,450.00,512.818481,3197.69,0.000026,4125.00
198.000,2453.65,-66.37,0.140980,455.00,504.982788,3190.95,0.000019,3895.00
198.050,2116.77,-67.89,0.136884,80.00,416.762207,2906.36,0.000014,3655.00
198.100,1678.56,-70.69,0.113474,80.00,450.491455,2492.50,0.000009,2975.00
198.150,4989.49,-60.15,0.116668,80.00,391.239105,3878.49,0.000136,9330.00
198.200,6040.18,-56.05,0.135633,80.00,349.439240,3680.41,0.000348,9965.00
198.250,4629.13,-56.06,0.155840,80.00,612.042847,3681.74,0.000273,8840.00
198.300,2724.77,-60.09,0.210732,235.00,850.353394,2830.66,0.000071,4740.00
198.350,2412.89,-60.48,0.288688,65.00,1123.481079,3143.21,0.000038,4300.00
198.400,2492.36,-60.34,0.324693,50.00,1257.660522,3160.58,0.000027,5590.00
198.450,3943.59,-57.00,0.286006,40.00,1122.823730,4192.79,0.000065,9005.00
198.500,5238.68,-51.21,0.249673,40.00,1042.273926,4509.28,0.000454,11160.00
198.550,5263.68,-50.12,0.229001,40.00,919.953247,4447.22,0.000748,11115.00
198.600,4577.28,-53.88,0.184399,460.00,983.030884,4398.15,0.000372,10380.00
198.650,2871.04,-59.34,0.212471,465.00,724.505493,3448.77,0.000067,6480.00
198.700,3316.74,-55.53,0.213310,465.00,831.720276,3409.54,0.000208,6865.00
198.750,4421.61,-54.25,0.174793,80.00,747.666016,3811.60,0.000381,8860.00
198.800,6301.18,-54.78,0.146294,80.00,647.939514,3769.54,0.000432,10210.00
198.850,6633.42,-54.65,0.140691,155.00,470.451141,3806.97,0.000505,10485.00
198.900,6147.48,-54.24,0.151633,95.00,586.256226,4006.48,0.000499,10310.00
198.950,4868.71,-54.60,0.191955,235.00,721.361145,3912.57,0.000305,9225.00
199.000,3927.63,-54.94,0.242035,235.00,819.239685,4105.40,0.000187,8920.00
199.050,4914.37,-53.08,0.282484,65.00,1204.284790,4905.09,0.000224,12000.00
199.100,5321.58,-55.60,0.309865,50.00,1308.756592,5114.27,0.000077,12285.00
199.150,5392.13,-57.45,0.273034,40.00,1139.396606,4604.08,0.000056,10635.00
199.200,5409.85,-54.37,0.261260,35.00,1185.251587,5024.13,0.000173,11995.00
199.250,5266.35,-53.64,0.337362,60.00,1182.365479,5106.99,0.000130,12210.00
199.300,4147.86,-57.40,0.329196,50.00,1145.979614,4795.19,0.000043,10650.00
199.350,2410.16,-63.90,0.262131,40.00,990.401917,3737.18,0.000011,6375.00
199.400,2083.05,-67.78,0.183828,35.00,675.495239,3627.06,0.000007,4690.00
199.450,2004.93,-65.30,0.150563,60.00,906.791138,3159.37,0.000025,3540.00
199.500,1919.48,-62.10,0.262214,665.00,990.227600,2743.09,0.000022,3245.00
199.550,1883.66,-63.76,0.225460,465.00,667.682678,2726.52,0.000018,3065.00
199.600,1933.05,-67.33,0.125905,235.00,1004.216370,3035.95,0.000022,2615.00
199.650,1888.33,-67.86,0.138377,485.00,581.231506,2485.73,0.000017,2535.00
199.700,1744.51,-66.71,0.156145,480.00,580.440735,2498.44,0.000020,2455.00
199.750,1342.92,-65.91,0.255925,65.00,1187.053589,2733.26,0.000010,2200.00
199.800,1771.06,-63.57,0.313147,50.00,1185.854248,2996.76,0.000010,4050.00
199.850,2361.41,-62.11,0.285512,40.00,1202.092163,3468.89,0.000016,5455.00
199.900,5129.54,-53.59,0.220313,40.00,1041.982178,4581.33,0.000264,11400.00
199.950,5083.10,-50.21,0.234618,35.00,1022.990417,4427.60,0.000696,11000.00
200.000,4327.85,-52.59,0.211836,235.00,766.772400,4255.94,0.000451,9840.00
200.050,3025.93,-58.74,0.175611,235.00,892.429260,3311.98,0.000134,6095.00
200.100,3489.03,-55.79,0.198896,475.00,755.335754,3315.20,0.000233,6640.00
200.150,3806.27,-55.73,0.156643,470.00,636.765625,3551.31,0.000351,7440.00
200.200,3564.96,-62.39,0.092497,350.00,702.859558,3720.65,0.000134,7300.00
200.250,1457.98,-68.27,0.175971,75.00,928.038391,2979.66,0.000010,1930.00
200.300,1907.32,-62.82,0.296298,60.00,1117.827759,3350.54,0.000015,3500.00
200.350,2307.84,-60.43,0.332364,50.00,1379.723389,3055.64,0.000025,3765.00
200.400,3397.57,-57.03,0.302614,40.00,1129.267822,3994.78,0.000083,8235.00
200.450,5664.59,-53.63,0.217148,35.00,1048.679810,5027.24,0.000338,12685.00
200.500,6691.24,-56.04,0.129889,60.00,906.245667,5096.74,0.000420,13010.00
200.550,6191.17,-59.49,0.103001,55.00,491.277557,4435.89,0.000189,11745.00
200.600,6774.89,-55.80,0.117087,55.00,380.778870,4017.19,0.000473,11565.00
200.650,6899.42,-54.15,0.128527,60.00,424.431946,4249.78,0.000624,12225.00
200.700,6340.05,-56.84,0.117467,60.00,412.697235,4481.78,0.000333,12125.00
200.750,4535.89,-64.48,0.104104,60.00,323.330780,4545.52,0.000045,10625.00
200.800,3282.83,-69.97,0.096764,60.00,204.575165,4365.13,0.000011,9210.00
200.850,3002.84,-71.20,0.093684,60.00,104.448189,4413.86,0.000007,8920.00
200.900,1783.77,-73.46,0.098517,60.00,157.983139,2651.88,0.000004,3315.00
200.950,2451.72,-70.42,0.109760,60.00,199.654724,3284.72,0.000009,3755.00
201.000,2905.91,-68.41,0.105810,60.00,160.482208,3794.75,0.000016,6290.00
201.050,2465.17,-63.02,0.167662,60.00,842.080322,2676.95,0.000038,4415.00
201.100,2424.07,-59.85,0.272495,1415.00,936.813599,2535.71,0.000043,4355.00
201.150,2046.61,-60.44,0.297058,65.00,1343.727295,2616.90,0.000033,3495.00
201.200,1923.16,-61.38,0.343780,60.00,1371.354248,2644.36,0.000018,3475.00
201.250,2072.47,-61.82,0.314782,45.00,1321.406738,2732.84,0.000018,3665.00
201.300,4704.42,-53.05,0.267224,40.00,1007.510498,4504.48,0.000231,10860.00
201.350,5160.21,-50.10,0.257852,55.00,949.292175,4480.98,0.000584,11140.00
201.400,4429.57,-52.87,0.212729,60.00,917.926514,4318.04,0.000405,9955.00
201.450,2807.02,-59.31,0.216511,475.00,821.251587,3300.61,0.000074,5530.00
201.500,3138.36,-56.67,0.219249,475.00,808.110657,3182.32,0.000148,6295.00
201.550,3441.81,-55.45,0.209649,60.00,726.891541,3374.20,0.000221,6840.00
201.600,2955.69,-60.26,0.163058,60.00,737.740051,3202.25,0.000092,5945.00
201.650,2092.39,-67.32,0.121598,60.00,479.696655,2855.47,0.000023,3345.00
201.700,2360.24,-65.46,0.109224,60.00,392.721161,3321.26,0.000045,4075.00
201.750,2282.17,-61.69,0.180866,60.00,747.668396,2615.35,0.000058,3535.00
201.800,2900.29,-57.47,0.239131,450.00,764.967712,3305.50,0.000115,5145.00
201.850,4527.82,-53.41,0.266082,65.00,1157.527588,4709.39,0.000245,11330.00
201.900,5134.35,-54.64,0.307867,50.00,1284.874756,5126.27,0.000112,12385.00
201.950,5194.68,-57.19,0.291349,45.00,1275.212769,4577.45,0.000052,10690.00
202.000,5553.41,-54.08,0.255735,40.00,1069.973145,4484.21,0.000183,10805.00
202.050,5454.36,-52.64,0.299855,60.00,1179.364990,4912.02,0.000210,11925.00
202.100,4734.58,-55.74,0.317018,50.00,1110.025757,4996.02,0.000078,11810.00
202.150,2954.26,-62.80,0.274830,40.00,1152.712891,4315.60,0.000014,8620.00
202.200,1998.05,-69.27,0.184071,40.00,811.429077,3589.64,0.000005,3545.00
202.250,2949.45,-70.72,0.076186,40.00,717.556763,4322.99,0.000015,8565.00
202.300,3126.00,-74.96,0.022535,235.00,420.506622,4087.35,0.000044,8100.00
202.350,4391.20,-70.25,0.017497,235.00,67.513664,4343.86,0.000260,10030.00
202.400,4081.74,-59.65,0.085556,275.00,481.647644,3714.04,0.000299,8770.00
202.450,3441.14,-56.64,0.219777,480.00,930.100952,3238.79,0.000125,7310.00
202.500,2977.63,-59.28,0.205795,480.00,495.095581,2922.34,0.000070,5725.00
202.550,2971.74,-59.63,0.206388,70.00,1317.622192,3751.08,0.000065,7570.00
202.600,4478.98,-55.36,0.303371,55.00,1138.777344,4271.59,0.000093,9525.00
202.650,4834.19,-56.40,0.298296,45.00,1258.693848,4269.90,0.000095,9925.00
202.700,4712.64,-53.23,0.253195,40.00,1107.337891,4302.78,0.000403,10070.00
202.750,5158.95,-49.86,0.253249,40.00,997.975647,4417.05,0.001025,10835.00
202.800,4668.12,-52.10,0.259255,475.00,1122.033569,4286.07,0.000414,10030.00
202.850,3413.11,-58.55,0.209028,470.00,815.656128,3677.68,0.000086,8195.00
202.900,3573.35,-57.62,0.142318,420.00,954.436035,3500.19,0.000243,7640.00
202.950,4292.48,-54.02,0.160933,175.00,611.838623,3766.83,0.000519,8765.00
203.000,5773.30,-54.89,0.123703,175.00,601.158081,4003.72,0.000571,9985.00
203.050,5818.03,-57.42,0.129779,170.00,646.418823,4278.06,0.000254,10145.00
203.100,4433.12,-56.65,0.263047,65.00,1124.285278,4472.17,0.000087,9480.00
203.150,3270.09,-57.27,0.329291,50.00,1253.193359,3951.55,0.000050,8520.00
203.200,2807.42,-59.18,0.299769,40.00,1219.358521,3625.93,0.000045,6650.00
203.250,6022.46,-55.22,0.205906,40.00,1044.671875,5170.40,0.000215,12900.00
203.300,6519.61,-54.51,0.151233,35.00,790.744141,5088.84,0.000491,12990.00
203.350,5093.58,-57.85,0.131393,60.00,626.708069,4839.76,0.000226,11780.00
203.400,5462.73,-59.91,0.085312,60.00,412.036133,4905.14,0.000265,12085.00
203.450,6875.98,-55.57,0.101581,65.00,373.126495,4836.57,0.000651,12910.00
203.500,5351.94,-55.05,0.161197,60.00,688.646606,4725.42,0.000350,11625.00
203.550,3389.27,-58.57,0.211887,450.00,650.542480,3731.17,0.000089,7950.00
203.600,2319.76,-63.84,0.166714,445.00,683.327271,2930.93,0.000035,3725.00
203.650,2028.83,-66.26,0.118560,65.00,702.565979,3200.16,0.000033,3560.00
203.700,2720.62,-64.17,0.126139,60.00,469.140228,3407.62,0.000044,6145.00
203.750,5191.06,-56.75,0.141258,60.00,434.209595,3929.23,0.000253,9695.00
203.800,5856.88,-53.22,0.177293,60.00,576.498169,3603.05,0.000466,10015.00
203.850,5502.88,-52.87,0.199513,60.00,517.432739,3383.64,0.000426,9335.00
203.900,5122.72,-55.09,0.161862,60.00,555.343262,3423.66,0.000333,9090.00
203.950,3582.42,-57.55,0.203868,60.00,945.602173,3573.02,0.000126,7685.00
204.000,2337.34,-60.29,0.328080,60.00,1222.508545,3267.84,0.000029,4835.00
204.050,2172.12,-61.83,0.332024,50.00,1249.897217,2901.11,0.000018,4175.00
204.100,3752.14,-56.24,0.279215,40.00,1109.807983,4204.87,0.000098,8935.00
204.150,5003.38,-50.63,0.264073,40.00,1044.693604,4445.02,0.000524,10960.00
204.200,4904.62,-51.03,0.228210,60.00,841.081970,4345.12,0.000600,10540.00
204.250,4167.27,-56.75,0.135651,60.00,824.469666,4217.25,0.000420,9485.00
204.300,4756.52,-54.13,0.182567,60.00,778.385925,4882.15,0.000493,11590.00
204.350,4652.32,-51.16,0.322096,60.00,1182.681519,4743.60,0.000379,11260.00
204.400,4090.19,-54.98,0.324191,50.00,1214.603027,4541.00,0.000119,10115.00
204.450,3434.05,-59.56,0.255349,40.00,1110.910645,3817.89,0.000039,7815.00
204.500,5235.38,-54.30,0.206578,35.00,938.108459,3646.71,0.000280,9145.00
204.550,5628.20,-50.64,0.234089,75.00,1000.753662,3511.69,0.000643,9465.00
204.600,4864.64,-51.51,0.248752,290.00,908.805664,3694.96,0.000445,9275.00
204.650,2937.36,-56.01,0.303387,1415.00,1195.635498,3286.80,0.000103,6305.00
204.700,2848.96,-55.28,0.334881,60.00,1220.864746,3224.04,0.000108,5810.00
204.750,2909.97,-58.15,0.309998,50.00,1424.159668,3402.51,0.000048,6200.00
204.800,3691.72,-60.29,0.256158,40.00,1057.716675,4797.37,0.000032,10505.00
204.850,5109.76,-54.56,0.266654,35.00,1151.029907,5196.05,0.000167,12520.00
204.900,4732.73,-54.81,0.315017,50.00,1153.563599,5029.62,0.000112,12035.00
204.950,3343.65,-60.34,0.302030,45.00,1169.231445,4428.73,0.000024,9455.00
205.000,1858.35,-68.08,0.223708,40.00,935.255188,3260.11,0.000005,2665.00
205.050,2152.81,-69.67,0.139787,35.00,682.649414,3715.40,0.000007,4405.00
205.100,2154.65,-73.14,0.072833,80.00,578.028503,3716.64,0.000009,4775.00
205.150,2549.03,-75.31,0.030922,935.00,293.135468,3983.23,0.000024,6660.00
205.200,3772.53,-69.78,0.030153,935.00,167.038345,4487.91,0.000124,10080.00
205.250,2899.95,-70.11,0.059502,310.00,222.110153,3874.84,0.000032,6805.00
205.300,2085.40,-75.42,0.059003,310.00,105.592720,3024.73,0.000006,2670.00
205.350,3886.28,-71.56,0.036859,310.00,143.789352,4395.48,0.000045,10015.00
205.400,4270.03,-65.55,0.029447,310.00,158.486191,3801.34,0.000372,8310.00
205.450,3751.79,-65.74,0.032195,310.00,71.971848,3233.28,0.000316,6630.00
205.500,4966.60,-56.01,0.090000,1885.00,452.927307,3977.30,0.000720,9825.00
205.550,5241.18,-50.59,0.203679,215.00,785.993896,4281.12,0.000755,10845.00
205.600,5425.18,-51.69,0.174550,225.00,489.525970,4510.92,0.000722,11580.00
205.650,5825.33,-58.76,0.059978,80.00,781.552307,4766.30,0.000661,12235.00
205.700,3939.54,-60.51,0.062937,670.00,350.687469,3715.85,0.000486,8270.00
205.750,3819.81,-55.49,0.151169,665.00,582.496582,3553.07,0.000434,7630.00
205.800,3385.80,-56.87,0.168955,1495.00,558.000366,3490.73,0.000246,6905.00
205.850,2389.03,-62.29,0.162472,1495.00,525.123291,2969.99,0.000061,4500.00
205.900,1714.29,-64.20,0.226901,70.00,1107.461548,2743.12,0.000019,3160.00
205.950,1636.69,-64.16,0.307957,55.00,1128.701904,2820.62,0.000009,2995.00
206.000,1978.41,-64.86,0.292564,45.00,1254.952515,3142.78,0.000010,3950.00
206.050,5198.82,-57.15,0.222164,40.00,953.619263,5089.28,0.000123,12415.00
206.100,6361.08,-54.37,0.168130,35.00,793.027161,5094.45,0.000466,12935.00
206.150,5618.97,-56.53,0.150452,60.00,740.802368,5046.83,0.000298,12475.00
206.200,4254.02,-61.04,0.136605,465.00,363.738159,4769.94,0.000098,11000.00
206.250,6415.85,-55.82,0.122374,475.00,584.924927,5106.11,0.000543,13005.00
206.300,6133.11,-54.74,0.147310,80.00,537.715393,5103.68,0.000519,12855.00
206.350,4181.14,-58.30,0.157723,80.00,566.809448,4704.45,0.000153,10900.00
206.400,2498.46,-63.58,0.144548,80.00,479.860291,3325.96,0.000044,4535.00
206.450,2788.93,-65.26,0.110876,80.00,401.743164,3570.70,0.000037,6840.00
206.500,3763.49,-65.32,0.095184,80.00,301.420746,3784.32,0.000039,8020.00
206.550,5147.39,-59.25,0.115467,80.00,337.877960,3466.33,0.000160,8830.00
206.600,5483.37,-57.30,0.132659,80.00,271.946075,3427.37,0.000208,9125.00
206.650,4555.63,-59.20,0.114709,80.00,371.246216,3605.56,0.000163,8640.00
206.700,2768.79,-65.04,0.098005,80.00,441.549530,3002.32,0.000051,5345.00
206.750,1863.35,-66.69,0.132585,140.00,600.737427,2795.25,0.000022,3555.00
206.800,1525.16,-64.37,0.263021,65.00,1073.364258,2768.35,0.000013,2880.00
206.850,1652.88,-63.05,0.321546,50.00,1196.340820,2485.24,0.000012,3170.00
206.900,2468.15,-59.80,0.299614,40.00,1150.378784,3468.04,0.000037,5105.00
206.950,4705.72,-51.82,0.269181,40.00,1088.273804,4486.05,0.000382,10535.00
207.000,4920.08,-50.25,0.250532,80.00,947.788818,4421.94,0.000668,10645.00
207.050,4473.78,-54.52,0.174195,360.00,825.576294,4340.85,0.000353,10015.00
207.100,2987.27,-60.95,0.153808,365.00,644.982117,3596.77,0.000075,6910.00
207.150,3345.99,-56.09,0.196332,365.00,662.550110,3441.30,0.000211,6930.00
207.200,3394.27,-56.42,0.190443,80.00,517.080322,3521.38,0.000204,7030.00
207.250,2680.08,-63.46,0.131973,80.00,637.475281,3399.73,0.000053,5995.00
207.300,2091.45,-68.76,0.095130,80.00,430.962891,3384.83,0.000023,3410.00
207.350,1997.47,-64.99,0.136290,235.00,625.631287,2742.56,0.000042,3205.00
207.400,1977.72,-64.37,0.184234,1230.00,553.394348,2396.38,0.000029,3320.00
207.450,1787.49,-64.57,0.199192,120.00,694.061646,2399.29,0.000023,2980.00
207.500,1469.36,-64.35,0.274471,65.00,1164.409058,2534.74,0.000013,2365.00
207.550,1253.49,-67.04,0.308275,50.00,1219.797729,2511.47,0.000004,2065.00
207.600,2367.32,-64.87,0.267412,40.00,1146.002563,4020.78,0.000008,6455.00
207.650,4887.92,-55.75,0.256231,35.00,1198.026733,5246.02,0.000127,12445.00
207.700,4866.29,-53.88,0.315002,50.00,981.378845,5153.21,0.000148,12255.00
207.750,3882.61,-57.14,0.292194,50.00,1053.113037,4627.82,0.000065,10330.00
207.800,2671.21,-62.65,0.207907,40.00,1023.740845,3602.93,0.000027,6475.00
207.850,2537.36,-66.23,0.143180,35.00,617.295593,3614.99,0.000017,5860.00
207.900,2621.42,-70.00,0.093577,35.00,448.502533,4006.18,0.000012,7100.00
207.950,1517.98,-75.92,0.087581,40.00,155.196259,3213.68,0.000002,2450.00
208.000,2839.98,-69.30,0.087932,40.00,83.504166,4079.42,0.000015,7400.00
208.050,2709.25,-63.06,0.123030,40.00,465.256287,3117.48,0.000065,5310.00
208.100,2585.58,-61.62,0.180853,40.00,561.841064,2590.74,0.000053,4920.00
208.150,2469.21,-62.44,0.185906,1635.00,683.697205,2577.72,0.000045,4330.00
208.200,1893.12,-62.47,0.261843,70.00,1131.897461,2679.92,0.000024,3360.00
208.250,1747.37,-63.92,0.308791,50.00,1188.822510,2754.57,0.000010,3620.00
208.300,3228.36,-60.16,0.273263,45.00,1210.117310,3847.33,0.000026,7425.00
208.350,4953.75,-51.59,0.244274,40.00,1190.191895,4306.54,0.000404,10425.00
208.400,5226.72,-50.59,0.218837,35.00,788.985168,4412.16,0.000686,11045.00
208.450,5448.35,-55.50,0.100153,185.00,875.700745,4567.52,0.000683,11610.00
208.500,4600.14,-63.15,0.033631,80.00,485.084930,4380.24,0.000625,10235.00
208.550,3862.65,-56.26,0.126072,670.00,622.553833,3576.17,0.000457,7760.00
208.600,3829.87,-55.24,0.165130,305.00,468.549438,3663.39,0.000376,7855.00
208.650,3186.62,-60.23,0.149851,305.00,605.665405,3608.47,0.000109,7125.00
208.700,2019.74,-63.95,0.182319,185.00,843.967285,3024.56,0.000030,3640.00
208.750,1788.00,-63.28,0.289354,60.00,1125.067993,2952.99,0.000014,3410.00
208.800,1711.62,-65.48,0.309082,50.00,1243.564697,2781.33,0.000006,3360.00
208.850,1621.30,-68.60,0.247616,40.00,1049.252075,2710.50,0.000003,3215.00
208.900,2364.78,-64.86,0.169260,35.00,815.773499,3365.86,0.000020,5340.00
208.950,3205.48,-61.18,0.135678,60.00,701.201355,3467.49,0.000086,7490.00
209.000,4368.92,-59.18,0.125644,60.00,422.150940,3744.61,0.000155,8805.00
209.050,6121.95,-56.62,0.103552,60.00,385.122742,4481.29,0.000439,11670.00
209.100,6663.44,-54.95,0.113619,80.00,476.257812,4756.90,0.000620,12780.00
209.150,5564.96,-56.45,0.128270,80.00,453.923309,4730.82,0.000334,12015.00
209.200,3541.29,-60.37,0.132602,80.00,421.313812,3772.31,0.000118,8100.00
209.250,2748.19,-63.25,0.137761,80.00,447.423431,3047.53,0.000055,4490.00
209.300,2698.85,-64.21,0.131506,80.00,458.716125,3010.12,0.000043,4160.00
209.350,2527.51,-67.32,0.111142,80.00,404.924713,2793.22,0.000020,3980.00
209.400,2489.44,-68.38,0.113280,80.00,341.513763,3135.69,0.000017,3950.00
209.450,2682.18,-65.96,0.124226,80.00,347.301514,3283.87,0.000029,4165.00
209.500,2541.50,-64.81,0.162836,360.00,518.541748,2766.87,0.000026,3915.00
209.550,2481.49,-65.07,0.142900,360.00,441.687714,2834.18,0.000031,4135.00
209.600,2290.26,-62.48,0.211321,65.00,906.394653,3446.58,0.000033,5750.00
209.650,2272.34,-60.86,0.303623,55.00,1092.374023,3270.20,0.000027,5210.00
209.700,2263.60,-61.76,0.305445,45.00,1156.696777,3019.54,0.000019,4695.00
209.750,4657.69,-54.18,0.246660,40.00,981.928101,4558.47,0.000195,10870.00
209.800,5007.30,-50.31,0.247115,40.00,1025.048706,4442.18,0.000622,10930.00
209.850,4346.67,-52.24,0.230019,720.00,949.375427,4193.23,0.000432,9755.00
209.900,2968.30,-59.07,0.182669,735.00,839.845947,3468.29,0.000104,6355.00
209.950,3046.83,-57.62,0.166544,740.00,749.973328,3246.05,0.000189,6240.00
210.000,3264.27,-55.51,0.210022,80.00,631.686523,3368.46,0.000223,6635.00
210.050,2829.54,-59.20,0.181671,80.00,671.852478,3160.73,0.000108,5740.00
210.100,2149.80,-63.33,0.169485,80.00,582.734314,2773.42,0.000045,3625.00
210.150,2569.75,-61.48,0.166644,95.00,663.253235,3369.57,0.000079,5140.00
210.200,2457.03,-62.59,0.181116,95.00,583.928650,3049.34,0.000050,4055.00
210.250,2997.57,-60.32,0.177503,95.00,531.275391,3651.52,0.000085,6075.00
210.300,4929.97,-54.59,0.222859,95.00,1025.088867,5011.98,0.000228,12205.00
210.350,4941.72,-54.27,0.303978,55.00,1166.051758,5091.57,0.000131,12225.00
210.400,3766.96,-58.48,0.297315,45.00,1200.534668,4630.10,0.000039,10135.00
210.450,4369.87,-57.15,0.243374,40.00,1030.414673,5018.31,0.000088,11565.00
210.500,5119.55,-53.79,0.309789,65.00,1222.188354,5194.90,0.000147,12450.00
210.550,4169.49,-55.38,0.341429,50.00,1105.922974,4748.28,0.000077,10955.00
210.600,2819.76,-60.48,0.276971,40.00,1243.020752,3638.43,0.000029,6230.00
210.650,2204.74,-65.15,0.204394,40.00,791.114075,3135.89,0.000014,3860.00
210.700,2376.34,-67.93,0.123718,55.00,681.229187,3633.05,0.000015,5505.00
210.750,1786.84,-73.56,0.096061,60.00,403.522705,3274.15,0.000004,3265.00
210.800,2139.30,-73.12,0.093129,60.00,88.485924,3940.71,0.000005,5745.00
210.850,2245.26,-68.29,0.090567,60.00,286.883667,3716.14,0.000029,5135.00
210.900,1621.36,-67.30,0.142628,530.00,713.866089,2708.40,0.000020,2365.00
210.950,1382.48,-68.28,0.193271,555.00,598.163635,2144.03,0.000008,2080.00
211.000,1252.44,-66.96,0.222469,70.00,1173.849609,2508.49,0.000010,1665.00
211.050,1374.37,-65.60,0.303096,55.00,1182.316528,2703.91,0.000007,2605.00
211.100,1767.03,-65.66,0.299752,50.00,1289.118408,2660.76,0.000008,4145.00
211.150,4730.94,-55.88,0.239859,40.00,1068.590942,4752.06,0.000183,11415.00
211.200,5307.46,-49.95,0.233320,35.00,1087.492798,4544.22,0.001099,11510.00
211.250,5015.57,-50.85,0.208233,185.00,812.091492,4370.65,0.001014,10750.00
211.300,4476.34,-57.63,0.095797,185.00,841.054749,4246.28,0.000430,9780.00
211.350,3864.04,-58.08,0.096349,485.00,484.658936,3678.16,0.000463,8100.00
211.400,3943.10,-54.84,0.160320,930.00,490.023987,3628.85,0.000453,8020.00
211.450,3557.29,-57.58,0.149409,175.00,570.256592,3491.82,0.000234,7500.00
211.500,2342.55,-63.56,0.145508,165.00,653.286255,3105.31,0.000050,5660.00
211.550,1757.82,-63.91,0.256169,65.00,1137.351807,3152.81,0.000014,3540.00
211.600,1990.13,-62.45,0.308556,50.00,1145.049072,3049.69,0.000014,3775.00
211.650,2526.98,-60.14,0.287926,40.00,1250.191040,3387.07,0.000034,5180.00
211.700,4910.92,-54.75,0.225808,40.00,953.766541,4879.94,0.000203,11830.00
211.750,5601.91,-53.98,0.178736,60.00,766.012695,5002.33,0.000387,12610.00
211.800,4404.61,-57.00,0.163463,55.00,687.643188,4544.72,0.000213,10825.00
211.850,4500.63,-57.88,0.141153,55.00,404.057770,4617.79,0.000252,11045.00
211.900,5910.27,-54.01,0.153488,60.00,647.693604,5018.30,0.000627,12755.00
211.950,4963.79,-54.64,0.182996,60.00,582.818604,4770.44,0.000399,11810.00
212.000,3302.78,-59.02,0.174596,60.00,606.130066,3755.02,0.000116,7515.00
212.050,2571.42,-64.26,0.134075,60.00,500.879700,2919.28,0.000044,3890.00
212.100,2826.95,-66.50,0.101727,60.00,432.390472,3534.59,0.000031,5375.00
212.150,2201.27,-67.83,0.109137,60.00,267.748260,2903.09,0.000021,3710.00
212.200,2163.92,-65.69,0.144682,60.00,407.062469,2623.49,0.000024,3610.00
212.250,2406.64,-64.00,0.152774,60.00,395.063416,3053.40,0.000034,4220.00
212.300,2339.62,-65.91,0.136024,60.00,406.414154,3193.32,0.000024,4740.00
212.350,1905.31,-69.63,0.104892,60.00,391.754395,2967.51,0.000013,3470.00
212.400,1445.67,-67.95,0.166618,70.00,824.957031,2992.71,0.000011,2115.00
212.450,1582.81,-63.90,0.322099,60.00,1228.885864,3003.60,0.000009,3315.00
212.500,1728.36,-62.74,0.340671,50.00,1257.127686,2648.31,0.000012,3360.00
212.550,3298.87,-56.32,0.275920,40.00,1260.566528,3977.65,0.000099,8015.00
212.600,4775.51,-50.83,0.260803,40.00,1047.329590,4398.16,0.000488,10525.00
212.650,4803.86,-51.27,0.233845,55.00,810.439331,4383.15,0.000513,10480.00
212.700,4222.37,-57.41,0.141555,60.00,818.512817,4349.91,0.000213,9805.00
212.750,3864.51,-58.23,0.121250,60.00,488.597961,3795.16,0.000238,8485.00
212.800,3744.82,-54.81,0.180993,60.00,555.981567,3579.72,0.000329,7810.00
212.850,3423.03,-57.35,0.166107,60.00,498.579224,3475.64,0.000195,7005.00
212.900,2611.83,-65.11,0.122978,60.00,522.418396,3219.76,0.000036,5480.00
212.950,3190.88,-63.69,0.102060,60.00,352.731293,3815.17,0.000069,8155.00
213.000,2710.43,-62.19,0.126218,60.00,446.540070,3312.84,0.000085,6355.00
213.050,2613.32,-62.50,0.137004,60.00,394.104187,3026.14,0.000072,4570.00
213.100,4657.67,-55.58,0.174649,120.00,771.382324,4772.02,0.000276,11485.00
213.150,5280.48,-53.69,0.284024,60.00,1087.476807,5100.67,0.000182,12500.00
213.200,5279.90,-55.49,0.301368,50.00,1200.630127,4932.41,0.000085,11790.00
213.250,5920.18,-55.54,0.250294,40.00,1019.887146,4588.22,0.000116,11180.00
213.300,5981.74,-52.68,0.265409,35.00,1230.958862,4838.72,0.000263,11955.00
213.350,5480.42,-52.86,0.313492,50.00,1124.737427,4871.13,0.000181,11575.00
213.400,3975.77,-56.95,0.292741,45.00,1241.531738,4396.86,0.000066,9440.00
213.450,2603.29,-63.36,0.208124,40.00,948.196655,3368.19,0.000022,5725.00
213.500,2431.58,-66.36,0.111791,35.00,676.481384,3461.57,0.000029,4755.00
213.550,2216.53,-68.45,0.059101,1220.00,571.108643,3037.58,0.000059,3500.00
213.600,2330.42,-70.63,0.042163,145.00,195.069443,3171.78,0.000055,3885.00
213.650,3181.15,-68.18,0.038865,140.00,184.028580,4104.95,0.000123,8310.00
213.700,2467.60,-67.27,0.076684,295.00,297.237885,3440.30,0.000051,5035.00
213.750,1870.70,-70.09,0.081787,295.00,193.926361,2669.31,0.000021,2990.00
213.800,1288.85,-68.76,0.147851,145.00,768.490479,2495.41,0.000013,1685.00
213.850,1433.68,-64.71,0.278654,60.00,1106.700806,2729.75,0.000011,2895.00
213.900,1675.03,-65.31,0.303825,50.00,1199.222046,2747.75,0.000006,4010.00
213.950,4034.08,-56.62,0.255515,40.00,1147.395020,4096.89,0.000085,8955.00
214.000,5105.65,-50.74,0.244427,40.00,1101.286743,4380.06,0.000534,10835.00
214.050,5415.68,-51.41,0.189360,40.00,748.324463,4533.45,0.000702,11530.00
214.100,5835.04,-57.94,0.066921,420.00,845.870422,4735.94,0.000702,12215.00
214.150,4071.62,-60.90,0.055462,665.00,345.107758,3804.75,0.000503,8585.00
214.200,3907.06,-55.28,0.152800,340.00,642.904480,3620.44,0.000420,8000.00
214.250,3628.37,-55.73,0.189334,335.00,648.795105,3550.69,0.000255,7395.00
214.300,2907.58,-60.38,0.183193,350.00,604.185120,3123.12,0.000078,6070.00
214.350,2111.22,-62.23,0.236566,70.00,1098.323975,2954.24,0.000025,3845.00
214.400,1927.62,-61.92,0.307665,55.00,1117.898315,2799.73,0.000016,3650.00
214.450,2080.30,-63.40,0.292529,45.00,1288.264038,2808.56,0.000016,3750.00
214.500,4734.38,-57.01,0.220415,40.00,954.712830,4954.83,0.000132,11750.00
214.550,6028.49,-53.97,0.174351,35.00,859.378357,5128.92,0.000494,12850.00
214.600,5182.96,-56.07,0.170383,60.00,749.296265,4989.49,0.000292,12210.00
214.650,3886.16,-61.09,0.141886,60.00,460.053894,4519.31,0.000115,10095.00
214.700,6041.25,-55.76,0.104122,65.00,653.670593,4997.42,0.000854,12775.00
214.750,5419.75,-54.30,0.176781,590.00,689.448914,4970.91,0.000487,12295.00
214.800,3956.91,-57.77,0.188316,60.00,545.780945,4481.83,0.000156,10115.00
214.850,2633.24,-64.01,0.121166,60.00,626.870361,3533.03,0.000058,5640.00
214.900,2498.69,-63.54,0.119896,55.00,458.062897,3358.38,0.000065,5615.00
214.950,2230.84,-62.74,0.171229,60.00,527.273865,3039.90,0.000045,3985.00
215.000,3427.88,-61.04,0.153861,60.00,495.647003,4243.55,0.000079,9470.00
215.050,5454.74,-59.88,0.130691,115.00,428.768433,4976.98,0.000122,11795.00
215.100,4080.41,-59.61,0.145400,115.00,493.436462,4568.77,0.000121,10395.00
215.150,2291.21,-63.19,0.170948,60.00,414.058594,3225.59,0.000038,4070.00
215.200,1817.20,-65.97,0.146200,60.00,648.763367,2942.94,0.000027,3350.00
215.250,2352.89,-61.20,0.270960,60.00,1135.417725,3570.38,0.000029,6070.00
215.300,2536.52,-59.66,0.338232,60.00,1126.045532,3335.29,0.000030,6070.00
215.350,2771.64,-59.49,0.282598,40.00,1256.519775,3511.59,0.000041,6080.00
215.400,5009.49,-52.19,0.243490,40.00,1000.624268,4550.30,0.000345,11080.00
215.450,5083.53,-50.07,0.248539,55.00,890.982300,4438.22,0.000633,10900.00
215.500,4566.14,-53.75,0.182904,200.00,737.729980,4308.59,0.000390,10005.00
215.550,4147.75,-57.25,0.157888,200.00,594.712708,4459.44,0.000203,10010.00
215.600,4377.52,-52.39,0.277696,60.00,1032.534302,4587.45,0.000287,10575.00
215.650,3853.04,-53.08,0.339945,60.00,1162.302246,4349.09,0.000164,9550.00
215.700,2622.27,-58.37,0.300159,45.00,1285.697266,3567.43,0.000051,5610.00
215.750,1909.58,-62.56,0.239781,40.00,970.248657,2726.37,0.000029,3245.00
215.800,2428.78,-60.99,0.180170,35.00,867.395447,3286.48,0.000077,4410.00
215.850,2568.53,-62.01,0.157668,75.00,719.791748,3277.35,0.000074,5460.00
215.900,2262.08,-62.60,0.171620,75.00,593.736816,2938.10,0.000050,4605.00
215.950,2769.56,-56.58,0.267716,75.00,1013.488831,3315.45,0.000109,6075.00
216.000,2915.60,-56.43,0.316090,50.00,1179.980347,3483.83,0.000079,6490.00
216.050,2592.03,-61.81,0.277422,45.00,1131.378784,3749.57,0.000019,6290.00
216.100,4717.69,-56.10,0.250422,40.00,1155.620117,5146.12,0.000115,12035.00
216.150,4874.65,-53.85,0.304348,60.00,1001.227966,5102.10,0.000155,12150.00
216.200,3639.11,-56.58,0.321921,50.00,1150.569824,4550.49,0.000064,9975.00
216.250,2271.87,-61.64,0.266519,40.00,996.643860,3303.51,0.000025,3910.00
216.300,2134.84,-65.03,0.180238,35.00,768.141418,3143.04,0.000020,3540.00
216.350,2272.13,-68.38,0.098862,80.00,672.340332,3464.03,0.000022,4155.00
216.400,1886.90,-74.54,0.048473,80.00,370.233765,3201.62,0.000012,3125.00
216.450,3650.79,-71.39,0.023578,935.00,225.780334,4532.93,0.000123,10085.00
216.500,3067.06,-69.00,0.050516,310.00,227.954437,4036.74,0.000062,7965.00
216.550,2352.30,-72.59,0.060391,310.00,136.708496,3364.20,0.000015,3340.00
216.600,2783.38,-75.30,0.043885,310.00,126.415039,3848.62,0.000012,6475.00
216.650,4355.54,-67.54,0.029519,310.00,131.072433,4135.27,0.000209,9605.00
216.700,3919.63,-65.23,0.032542,310.00,123.502518,3431.65,0.000357,6930.00
216.750,4573.84,-61.04,0.044492,315.00,173.365738,3761.84,0.000673,8825.00
216.800,5232.67,-52.00,0.164152,1885.00,790.786011,4214.24,0.000809,10645.00
216.850,5327.78,-50.61,0.205744,210.00,497.044769,4416.58,0.000760,11270.00
216.900,5444.48,-55.25,0.104898,185.00,750.606384,4598.23,0.000658,11670.00
216.950,4973.94,-63.21,0.031547,80.00,515.938965,4557.37,0.000683,11065.00
217.000,3907.60,-56.68,0.121271,670.00,619.873840,3570.61,0.000446,7900.00
217.050,3718.44,-55.31,0.172955,1105.00,514.373962,3560.44,0.000358,7480.00
217.100,2799.19,-59.74,0.180479,1305.00,651.619019,3281.30,0.000099,6075.00
217.150,1817.95,-63.64,0.202480,145.00,914.836182,2653.87,0.000028,2960.00
217.200,1642.82,-63.66,0.288738,60.00,1171.192017,2760.93,0.000012,2865.00
217.250,1676.71,-65.50,0.304272,50.00,1239.972778,2743.94,0.000006,3000.00
217.300,3673.89,-60.16,0.245430,40.00,1031.820312,4593.02,0.000056,10040.00
217.350,6162.45,-54.73,0.177759,35.00,861.417053,5129.60,0.000451,12950.00
217.400,5980.41,-54.73,0.154393,60.00,719.642212,5093.72,0.000589,12785.00
217.450,4472.49,-59.18,0.157448,480.00,545.035278,4815.04,0.000119,11360.00
217.500,5568.05,-57.53,0.130337,480.00,409.267181,5049.06,0.000282,12580.00
217.550,6457.85,-54.70,0.132356,80.00,658.894531,5076.82,0.000622,12990.00
217.600,5178.23,-56.94,0.155351,80.00,551.952515,5024.56,0.000244,12225.00
217.650,3158.01,-61.81,0.150061,80.00,497.962189,3860.15,0.000064,7710.00
217.700,2798.39,-64.64,0.119928,80.00,376.521423,3303.16,0.000042,6350.00
217.750,3661.95,-65.37,0.094939,80.00,367.380707,3838.30,0.000039,8025.00
217.800,5333.96,-59.65,0.110662,80.00,323.516144,3517.41,0.000159,8990.00
217.850,5645.26,-56.85,0.136391,80.00,330.396088,3435.97,0.000230,9320.00
217.900,5091.35,-57.87,0.127994,80.00,344.401855,3592.22,0.000203,8990.00
217.950,3193.60,-62.82,0.132254,375.00,536.650757,3200.30,0.000054,6545.00
218.000,2084.12,-67.48,0.117750,375.00,456.303802,2516.40,0.000021,3635.00
218.050,1541.64,-65.63,0.206118,65.00,963.236877,2781.82,0.000014,2905.00
218.100,1537.65,-63.40,0.301309,55.00,1111.379028,2625.84,0.000013,2975.00
218.150,1771.55,-62.95,0.312732,45.00,1147.208008,2594.25,0.000014,3450.00
218.200,4293.87,-54.51,0.255791,40.00,991.311523,4507.08,0.000179,10215.00
218.250,5124.94,-50.18,0.254000,40.00,993.190002,4518.27,0.000629,11170.00
218.300,4904.29,-51.80,0.206274,80.00,764.686707,4405.15,0.000564,10615.00
218.350,3948.03,-59.12,0.123317,75.00,774.491577,4198.92,0.000174,9295.00
218.400,3291.10,-57.83,0.150794,75.00,545.510803,3389.12,0.000197,6855.00
218.450,3577.90,-55.47,0.181417,80.00,399.934082,3486.77,0.000277,7220.00
218.500,3378.94,-59.82,0.129053,80.00,562.354370,3577.07,0.000148,7085.00
218.550,2120.35,-68.55,0.095623,80.00,385.047699,3276.73,0.000022,3770.00
218.600,2171.75,-65.76,0.098693,80.00,440.441864,3071.24,0.000053,3675.00
218.650,2019.17,-64.33,0.161099,465.00,611.215454,2369.00,0.000035,3465.00
218.700,1995.15,-65.05,0.172623,1235.00,494.561493,2195.04,0.000025,3480.00
218.750,1614.58,-64.60,0.233479,70.00,1065.361694,2421.15,0.000017,2925.00
218.800,1280.60,-66.11,0.309080,55.00,1172.710571,2428.09,0.000006,2065.00
218.850,1096.40,-70.07,0.292271,45.00,1272.455200,2199.05,0.000002,1970.00
218.900,4272.70,-58.60,0.238323,40.00,1019.769714,5074.39,0.000063,11575.00
218.950,5130.83,-54.18,0.279646,60.00,1159.430542,5225.45,0.000169,12580.00
219.000,4583.95,-55.34,0.304408,50.00,1139.911621,4952.05,0.000098,11765.00
219.050,3121.11,-60.43,0.249491,40.00,1036.358643,3967.20,0.000035,7615.00
219.100,2367.80,-65.57,0.176656,35.00,875.835938,3312.56,0.000016,4055.00
219.150,2289.95,-67.81,0.118163,35.00,504.910706,3611.39,0.000017,4710.00
219.200,1704.89,-70.91,0.099957,40.00,345.457947,2885.10,0.000010,2540.00
219.250,1996.30,-70.70,0.095807,40.00,125.549004,3454.08,0.000011,3695.00
219.300,2457.45,-67.85,0.099183,40.00,225.820099,3835.70,0.000025,6535.00
219.350,1884.91,-68.49,0.120297,40.00,309.846924,3011.96,0.000017,2655.00
219.400,1370.46,-71.40,0.115058,40.00,292.819397,2236.96,0.000009,1970.00
219.450,1257.44,-67.68,0.190943,80.00,857.097168,2617.21,0.000011,1625.00
219.500,1542.26,-64.70,0.293365,55.00,1090.616821,2843.08,0.000009,3575.00
219.550,1856.52,-65.87,0.291769,50.00,1235.981079,2908.16,0.000005,4475.00
219.600,4624.33,-54.18,0.240846,40.00,1128.276245,4267.81,0.000204,10060.00
219.650,5222.30,-50.11,0.240074,35.00,992.002808,4423.31,0.000695,11110.00
219.700,5422.14,-52.53,0.156843,225.00,778.284119,4554.56,0.000725,11610.00
219.750,5689.53,-61.16,0.043522,80.00,760.772095,4781.95,0.000643,12180.00
219.800,3836.74,-58.46,0.089946,670.00,468.131042,3593.09,0.000449,7980.00
219.850,3891.86,-54.74,0.163969,305.00,538.999939,3674.87,0.000436,8035.00
219.900,3432.46,-57.58,0.173685,320.00,664.794495,3699.10,0.000182,7360.00
219.950,2264.90,-62.91,0.171388,320.00,579.617432,3087.11,0.000046,4670.00
220.000,1824.49,-63.12,0.254005,65.00,1139.047363,2860.08,0.000019,3380.00
220.050,1799.26,-63.32,0.309636,50.00,1125.261230,2798.53,0.000011,3420.00
220.100,1695.90,-67.33,0.265995,40.00,1185.441406,2700.97,0.000004,3145.00
220.150,2188.96,-66.46,0.181066,40.00,909.867004,3317.22,0.000012,4170.00
220.200,2703.46,-62.53,0.152768,335.00,778.325195,3316.45,0.000054,6065.00
220.250,3920.02,-59.52,0.142866,60.00,564.343140,3625.91,0.000112,8270.00
220.300,5737.66,-57.04,0.110375,60.00,456.334381,4071.69,0.000360,10270.00
220.350,6721.33,-55.21,0.105919,80.00,487.054932,4639.60,0.000666,12710.00
220.400,6049.25,-55.17,0.132399,80.00,487.781891,4817.82,0.000461,12470.00
220.450,4083.14,-57.91,0.152947,80.00,488.702789,4050.39,0.000185,9080.00
220.500,2873.05,-62.44,0.159442,370.00,530.294434,2885.82,0.000055,4020.00
220.550,2730.57,-63.32,0.155154,80.00,435.280243,2908.05,0.000041,3950.00
220.600,2522.88,-65.98,0.122233,80.00,505.143341,2774.96,0.000027,3885.00
220.650,2093.60,-69.60,0.109738,80.00,403.583740,2679.83,0.000013,3495.00
220.700,2811.85,-67.25,0.113690,80.00,213.864044,3456.35,0.000022,4540.00
220.750,2851.96,-64.89,0.126090,80.00,366.356781,3057.79,0.000038,4215.00
220.800,2705.38,-65.22,0.125569,80.00,302.710999,2805.70,0.000035,4480.00
220.850,2219.25,-63.45,0.177860,75.00,842.644775,3214.23,0.000037,4365.00
220.900,2135.17,-61.08,0.310271,75.00,1170.795166,3331.82,0.000025,4415.00
220.950,2227.74,-61.50,0.327150,50.00,1269.342041,3068.93,0.000020,4625.00
221.000,3683.75,-57.61,0.276454,40.00,1053.615723,4283.56,0.000066,9085.00
221.050,5009.79,-51.02,0.255148,40.00,1047.377197,4480.45,0.000497,10915.00
221.100,4632.32,-50.73,0.254896,565.00,1020.052856,4291.51,0.000552,10155.00
221.150,3555.95,-55.59,0.213188,725.00,963.699402,3790.51,0.000203,7975.00
221.200,2833.97,-59.27,0.177534,725.00,700.302185,3098.80,0.000106,5635.00
221.250,3287.61,-55.12,0.212446,80.00,809.983887,3411.00,0.000241,6700.00
221.300,3253.94,-56.98,0.184174,80.00,646.270569,3432.41,0.000182,6660.00
221.350,2280.27,-63.28,0.166368,80.00,637.564270,2716.26,0.000043,3755.00
221.400,2421.43,-61.65,0.176711,665.00,672.176208,3157.49,0.000065,4150.00
221.450,2503.84,-61.56,0.190014,95.00,694.091003,3227.85,0.000060,4570.00
221.500,2278.30,-64.02,0.183072,95.00,582.874878,2737.83,0.000033,3720.00
221.550,4211.28,-56.25,0.192582,120.00,818.611572,4677.40,0.000204,10905.00
221.600,4954.31,-53.73,0.281335,65.00,1134.422363,5067.87,0.000190,12225.00
221.650,4250.68,-56.20,0.312596,50.00,1210.266479,4831.93,0.000072,11200.00
221.700,3229.96,-59.80,0.271347,40.00,1080.382812,4292.45,0.000035,8770.00
221.750,4892.52,-54.83,0.275100,35.00,1243.475952,5170.60,0.000137,12305.00
221.800,4708.62,-54.18,0.319729,50.00,1098.889526,5036.07,0.000124,12000.00
221.850,3381.86,-58.06,0.305618,45.00,1210.285522,4203.18,0.000048,8580.00
221.900,2209.64,-63.85,0.262756,40.00,859.407288,3074.68,0.000014,3770.00
221.950,2181.24,-66.94,0.171169,60.00,712.114807,3330.30,0.000012,3795.00
222.000,2192.05,-71.24,0.091492,60.00,680.998962,3585.05,0.000010,3990.00
222.050,1585.13,-75.85,0.088307,60.00,158.921844,3300.55,0.000002,2360.00
222.100,2769.36,-69.03,0.085184,60.00,121.136505,4121.70,0.000019,7415.00
222.150,2726.90,-63.56,0.102828,60.00,494.990570,3026.58,0.000085,5275.00
222.200,2679.80,-62.03,0.171641,310.00,690.220337,2488.60,0.000055,4910.00
222.250,2325.31,-62.18,0.206918,330.00,797.139404,2552.74,0.000039,3745.00
222.300,1789.59,-62.88,0.288839,65.00,1198.666504,2680.66,0.000018,3315.00
222.350,1724.96,-64.44,0.312894,50.00,1267.638794,2653.72,0.000008,3530.00
222.400,3396.75,-61.20,0.266217,40.00,1156.035889,4332.51,0.000026,8735.00
222.450,5362.13,-52.12,0.221593,40.00,1038.366211,4532.81,0.000523,11440.00
222.500,5189.49,-50.22,0.223522,35.00,942.848267,4362.84,0.000933,10810.00
222.550,4831.92,-54.37,0.136452,225.00,749.932678,4254.52,0.000582,10205.00
222.600,3793.27,-60.61,0.064966,80.00,608.056335,3774.43,0.000403,8245.00
222.650,3763.44,-55.26,0.162427,490.00,692.850159,3515.92,0.000375,7620.00
222.700,3602.26,-55.71,0.193078,500.00,608.977539,3506.48,0.000243,7385.00
222.750,2863.80,-61.51,0.158961,500.00,620.776672,3287.04,0.000069,6090.00
222.800,1896.09,-63.84,0.208103,70.00,1133.647705,3157.60,0.000023,3695.00
222.850,1956.80,-61.82,0.305903,55.00,1124.320435,3109.75,0.000019,3675.00
222.900,2115.13,-62.01,0.314092,45.00,1309.550659,2850.54,0.000021,3665.00
222.950,4060.99,-56.10,0.260908,40.00,1055.272095,4478.50,0.000139,10055.00
223.000,5693.80,-53.05,0.204452,35.00,810.434387,4972.03,0.000487,12600.00
223.050,5123.73,-54.77,0.179694,530.00,832.672852,4853.06,0.000396,12040.00
223.100,3742.55,-59.22,0.153796,55.00,502.293152,4159.04,0.000137,8970.00
223.150,5704.19,-55.33,0.126046,60.00,587.151611,4922.29,0.000543,12615.00
223.200,5477.48,-53.80,0.175918,60.00,734.288879,4848.70,0.000458,12275.00
223.250,4000.63,-56.65,0.210876,620.00,626.862427,4224.23,0.000152,9590.00
223.300,2791.85,-61.97,0.162809,60.00,604.673523,3079.46,0.000061,4205.00
223.350,2748.32,-65.43,0.108926,60.00,564.167297,3259.12,0.000041,4300.00
223.400,2337.06,-68.68,0.100343,60.00,264.948639,3367.54,0.000017,3910.00
223.450,2046.46,-67.69,0.122427,60.00,320.633514,2452.31,0.000019,3450.00
223.500,2401.26,-63.87,0.152375,60.00,458.023071,2927.20,0.000036,3870.00
223.550,2457.86,-63.81,0.172791,60.00,498.376221,3226.92,0.000026,5295.00
223.600,2029.35,-67.47,0.145542,405.00,429.308289,2993.38,0.000012,3935.00
223.650,1427.97,-69.96,0.108478,115.00,682.391724,2779.78,0.000014,2085.00
223.700,1493.52,-65.11,0.261649,65.00,1191.309937,3015.49,0.000010,2745.00
223.750,1716.36,-62.54,0.341983,60.00,1150.522461,2788.47,0.000013,3460.00
223.800,2224.23,-60.25,0.306640,40.00,1340.920898,3150.62,0.000036,4360.00
223.850,4440.27,-52.00,0.279534,40.00,1071.533569,4392.47,0.000360,10080.00
223.900,4935.86,-50.28,0.254671,55.00,977.130432,4446.54,0.000701,10810.00
223.950,4677.97,-54.52,0.161718,60.00,880.124695,4417.98,0.000442,10400.00
224.000,4165.18,-60.33,0.103647,60.00,622.881531,4132.00,0.000155,9165.00
224.050,3705.15,-56.08,0.155810,60.00,604.174438,3531.50,0.000291,7820.00
224.100,3561.99,-55.83,0.174345,60.00,353.466888,3460.47,0.000265,7250.00
224.150,3137.22,-61.84,0.126154,60.00,594.192688,3371.21,0.000085,6600.00
224.200,2899.97,-65.27,0.105948,60.00,312.324829,3586.49,0.000040,7420.00
224.250,2767.35,-62.09,0.131414,60.00,470.408325,3405.43,0.000073,6660.00
224.300,2380.50,-62.39,0.162249,60.00,475.678650,2753.19,0.000054,3710.00
224.350,3678.35,-57.90,0.156052,485.00,574.913391,4128.51,0.000200,8790.00
224.400,4967.69,-53.67,0.255146,65.00,1068.894531,4970.38,0.000232,12125.00
224.450,5228.25,-54.39,0.310454,50.00,1162.570190,5038.28,0.000117,12195.00
224.500,5834.60,-55.93,0.286801,45.00,1241.508667,4564.88,0.000076,10960.00
224.550,5878.99,-53.55,0.261872,40.00,1140.602905,4769.05,0.000200,11535.00
224.600,5602.46,-52.39,0.305339,65.00,1053.476929,4955.80,0.000212,12105.00
224.650,4443.12,-55.33,0.309985,50.00,1160.474487,4697.96,0.000089,10735.00
224.700,2778.16,-61.36,0.259574,40.00,1035.813354,3638.07,0.000025,6545.00
224.750,2345.63,-66.43,0.166031,35.00,715.668396,3334.54,0.000014,4120.00
224.800,3066.15,-70.16,0.057568,35.00,719.815857,4143.24,0.000031,8060.00
224.850,3243.82,-76.20,0.017778,235.00,304.002563,4234.21,0.000045,8805.00
224.900,4170.89,-72.22,0.016798,235.00,61.310017,4746.42,0.000166,11195.00
224.950,3112.86,-68.88,0.045410,1330.00,217.369598,4096.93,0.000076,8200.00
225.000,2438.21,-71.57,0.054466,295.00,126.913811,3475.85,0.000025,4160.00
225.050,1224.34,-73.59,0.077025,295.00,347.753784,2482.10,0.000009,1655.00
225.100,1316.04,-66.46,0.227361,70.00,1070.571289,2729.80,0.000010,2115.00
225.150,1605.48,-64.64,0.308579,50.00,1127.932007,2835.81,0.000008,3885.00
225.200,2665.34,-62.27,0.291555,45.00,1258.238525,3609.84,0.000013,6415.00
225.250,4880.10,-52.34,0.253160,40.00,1175.645142,4340.10,0.000309,10470.00
225.300,5247.98,-50.41,0.229954,40.00,867.486511,4457.52,0.000651,11110.00
225.350,5411.20,-54.63,0.116344,225.00,872.639404,4592.56,0.000643,11615.00
225.400,5094.83,-63.47,0.031125,80.00,582.815369,4674.61,0.000617,11525.00
225.450,3887.73,-56.63,0.119830,335.00,626.057556,3605.04,0.000435,7945.00
225.500,3736.49,-54.65,0.200128,335.00,695.715149,3567.00,0.000307,7720.00
225.550,3282.71,-58.08,0.207989,335.00,686.210083,3269.07,0.000110,6745.00
225.600,2389.14,-61.60,0.208098,520.00,940.188599,2872.18,0.000045,4015.00
225.650,2008.64,-61.38,0.286424,60.00,1174.076172,2839.62,0.000025,3690.00
225.700,2143.72,-61.61,0.310686,50.00,1263.764648,2798.41,0.000019,3810.00
225.750,3225.91,-59.39,0.269128,40.00,1082.161377,4096.46,0.000045,8360.00
225.800,5727.74,-54.88,0.204079,35.00,915.853699,5127.70,0.000254,12760.00
225.850,5593.79,-54.72,0.190821,60.00,872.224731,5069.02,0.000315,12605.00
225.900,4497.91,-59.36,0.156783,60.00,572.540283,4751.99,0.000107,11315.00
225.950,5433.09,-58.15,0.098908,65.00,567.691040,4907.21,0.000360,12255.00
226.000,5939.49,-54.67,0.141200,65.00,614.464783,4993.57,0.000494,12720.00
226.050,4799.40,-56.31,0.185070,600.00,580.247681,4818.25,0.000193,11705.00
226.100,3316.56,-61.81,0.136658,60.00,521.157410,4027.58,0.000076,8245.00
226.150,2433.93,-64.92,0.113321,65.00,612.331909,3334.96,0.000046,5255.00
226.200,2238.37,-63.18,0.162940,415.00,518.644165,3063.94,0.000042,4510.00
226.250,2837.53,-61.66,0.149205,60.00,466.645966,3742.25,0.000072,7580.00
226.300,4934.41,-60.27,0.121104,60.00,528.334717,4811.03,0.000133,11165.00
226.350,4265.68,-59.70,0.128764,60.00,406.824280,4629.88,0.000149,10510.00
226.400,2451.34,-62.02,0.164868,60.00,504.116608,3369.74,0.000061,4850.00
226.450,1806.57,-66.54,0.134761,60.00,410.896210,2617.00,0.000025,3290.00
226.500,2279.68,-62.54,0.202445,65.00,945.282104,3463.57,0.000035,5305.00
226.550,2517.88,-59.66,0.325472,60.00,1159.159790,3394.59,0.000032,5830.00
226.600,2323.36,-61.06,0.319185,45.00,1244.806519,2937.40,0.000023,4410.00
226.650,4318.49,-54.74,0.267529,40.00,1010.872986,4425.29,0.000142,10130.00
226.700,5184.45,-50.21,0.257839,40.00,993.797363,4471.40,0.000574,11060.00
226.750,4957.09,-51.68,0.210817,60.00,832.201233,4378.22,0.000563,10590.00
226.800,3848.94,-57.71,0.156670,60.00,740.104553,4176.76,0.000184,9075.00
226.850,4226.25,-53.42,0.244155,60.00,918.099670,4567.50,0.000274,10420.00
226.900,4048.09,-52.11,0.342545,60.00,1173.237793,4467.30,0.000211,9990.00
226.950,3074.58,-55.93,0.333860,45.00,1301.330200,3928.70,0.000083,7420.00
227.000,1928.70,-61.93,0.272445,40.00,1127.755737,2728.90,0.000026,3310.00
227.050,2099.32,-62.08,0.205700,35.00,877.085266,2972.58,0.000045,3455.00
227.100,2598.17,-61.88,0.162269,75.00,853.396606,3366.06,0.000073,5710.00
227.150,2348.69,-63.71,0.160262,75.00,570.581665,2980.68,0.000044,4035.00
227.200,2621.65,-58.08,0.232538,140.00,891.653931,3204.23,0.000096,5765.00
227.250,2929.53,-55.53,0.308117,55.00,1149.207031,3419.88,0.000115,6500.00
227.300,2792.13,-59.42,0.308696,50.00,1251.395020,3538.39,0.000032,6470.00
227.350,3787.25,-58.98,0.270809,40.00,1004.831299,4854.58,0.000043,10780.00
227.400,4738.88,-54.03,0.306835,65.00,1143.582520,5078.03,0.000147,12040.00
227.450,4137.41,-55.05,0.335628,50.00,1080.866821,4813.25,0.000093,11050.00
227.500,2668.24,-59.84,0.303588,40.00,1167.085693,3693.22,0.000033,6130.00
227.550,2141.63,-64.17,0.223424,40.00,918.238525,2976.78,0.000017,3495.00
227.600,2303.37,-66.35,0.133983,75.00,741.599365,3346.60,0.000023,3860.00
227.650,2103.33,-71.61,0.071293,80.00,550.593872,3282.42,0.000015,3590.00
227.700,2908.12,-73.56,0.027260,235.00,302.442871,4194.80,0.000049,8190.00
227.750,3282.07,-68.01,0.043245,1410.00,211.729309,4124.55,0.000108,8480.00
227.800,2796.76,-64.82,0.094656,315.00,405.504211,3177.90,0.000067,5215.00
227.850,2784.58,-62.87,0.186795,380.00,808.855469,2738.53,0.000034,4450.00
227.900,2918.96,-62.83,0.194141,380.00,409.918823,2902.93,0.000029,4905.00
227.950,2988.57,-62.84,0.112147,375.00,765.983582,3061.83,0.000079,5400.00
228.000,2875.54,-64.18,0.085107,445.00,483.485596,2996.28,0.000098,5575.00
228.050,4899.21,-54.41,0.121819,440.00,550.901489,4154.27,0.000773,10070.00
228.100,5260.75,-50.31,0.214258,210.00,712.409302,4399.73,0.000856,11045.00
228.150,5382.79,-52.53,0.159251,225.00,564.758118,4572.26,0.000734,11620.00
228.200,5708.34,-60.58,0.046530,420.00,760.166687,4821.08,0.000664,12220.00
228.250,3893.13,-59.28,0.080571,670.00,415.113342,3632.65,0.000430,7965.00
228.300,3952.89,-55.34,0.147340,930.00,452.567291,3607.28,0.000445,7910.00
228.350,3942.57,-58.36,0.111088,1495.00,527.381226,3689.73,0.000300,7985.00
228.400,2292.27,-67.63,0.105727,185.00,553.793579,3409.62,0.000025,6050.00
228.450,1317.00,-67.94,0.239703,65.00,1092.465210,2855.33,0.000006,1850.00
228.500,1166.69,-69.10,0.311694,50.00,1137.550293,2697.18,0.000002,1675.00
228.550,1937.68,-68.52,0.286756,45.00,1244.743652,3740.03,0.000003,5010.00
228.600,6301.16,-57.75,0.215233,40.00,930.993164,5209.72,0.000101,13000.00
228.650,7016.78,-55.26,0.154157,35.00,767.158020,5057.83,0.000411,13145.00
228.700,6845.61,-59.03,0.112244,60.00,665.410828,5123.08,0.000220,13060.00
228.750,5792.45,-62.62,0.086314,60.00,261.760742,5061.03,0.000104,12610.00
228.800,6920.60,-56.66,0.095540,80.00,485.939972,4860.15,0.000525,13015.00
228.850,6740.07,-56.66,0.118661,80.00,389.762573,4931.60,0.000357,12960.00
228.900,5573.77,-62.09,0.110617,80.00,342.238617,4980.76,0.000085,12275.00
228.950,2992.79,-68.21,0.100494,80.00,260.246338,4005.97,0.000018,7750.00
229.000,2780.23,-64.26,0.115773,80.00,342.660492,3531.74,0.000053,7495.00
229.050,3065.46,-60.85,0.142662,80.00,397.590668,3580.69,0.000099,8010.00
229.100,2573.89,-59.21,0.227863,80.00,944.824036,3093.21,0.000074,5830.00
229.150,2381.69,-60.07,0.268155,645.00,826.452026,2717.58,0.000043,3960.00
229.200,2456.38,-63.57,0.184575,650.00,897.265564,2818.34,0.000028,3885.00
229.250,2456.37,-66.95,0.112112,425.00,757.771179,2937.39,0.000024,4075.00
229.300,1791.17,-66.47,0.153905,110.00,812.860962,3009.87,0.000017,3655.00
229.350,1545.82,-63.80,0.294546,65.00,1143.948975,2822.99,0.000012,3175.00
229.400,1614.01,-63.49,0.335764,50.00,1236.088867,2474.18,0.000010,3260.00
229.450,3097.17,-58.21,0.289917,40.00,1144.040405,4061.36,0.000048,7825.00
229.500,5057.26,-51.18,0.253393,40.00,1040.017334,4531.63,0.000440,11145.00
229.550,5008.03,-50.59,0.233699,80.00,888.055786,4402.70,0.000634,10695.00
229.600,5068.38,-54.64,0.149399,80.00,809.948303,4327.56,0.000431,10170.00
229.650,5470.05,-55.62,0.127242,75.00,487.038086,4178.44,0.000436,10005.00
229.700,3908.54,-54.34,0.197196,80.00,697.470276,3707.10,0.000317,8545.00
229.750,3304.71,-57.23,0.180013,155.00,451.235352,3460.36,0.000170,6860.00
229.800,2532.30,-64.58,0.130451,155.00,659.403442,3226.98,0.000039,5360.00
229.850,3318.37,-62.53,0.104195,155.00,343.121765,3804.38,0.000095,8065.00
229.900,3293.56,-61.12,0.113156,235.00,481.974823,3631.71,0.000131,7800.00
229.950,2285.39,-64.41,0.145090,185.00,503.073883,2697.57,0.000035,3765.00
230.000,1721.67,-65.45,0.196424,390.00,763.618469,2502.26,0.000018,3310.00
230.050,1269.28,-66.17,0.288550,65.00,1174.680786,2656.43,0.000008,1875.00
230.100,1105.16,-68.57,0.314565,50.00,1262.823730,2475.61,0.000003,1870.00
230.150,2652.05,-61.01,0.286155,40.00,1167.620728,3924.29,0.000025,6480.00
230.200,4449.02,-54.07,0.293327,35.00,1249.645996,4958.22,0.000157,11560.00
230.250,4600.47,-53.98,0.328258,50.00,1086.222656,5016.93,0.000128,11835.00
230.300,4019.74,-57.29,0.280843,50.00,1070.921021,4596.36,0.000063,10085.00
230.350,4345.21,-59.60,0.202635,40.00,935.241516,4323.85,0.000054,9675.00
230.400,3336.80,-61.41,0.149185,35.00,697.175903,4016.66,0.000068,8635.00
230.450,2023.78,-64.83,0.166800,80.00,658.753601,2824.82,0.000028,2945.00
230.500,2413.63,-64.53,0.138656,40.00,460.554260,3039.51,0.000036,4455.00
230.550,4901.54,-59.69,0.103245,40.00,524.950012,4106.87,0.000190,9905.00
230.600,5275.90,-57.05,0.119221,40.00,335.742950,3945.26,0.000316,9915.00
230.650,4199.91,-56.96,0.153270,40.00,537.619080,3805.01,0.000211,8995.00
230.700,2285.16,-61.10,0.188101,390.00,716.327332,3002.53,0.000060,4350.00
230.750,1472.64,-64.03,0.273940,65.00,1184.946045,2683.85,0.000014,2940.00
230.800,1641.94,-64.84,0.312590,50.00,1232.396973,2806.45,0.000007,4010.00
230.850,3371.21,-58.14,0.285028,40.00,1225.547363,3940.61,0.000047,7915.00
230.900,4909.15,-51.08,0.259849,40.00,1161.854004,4388.34,0.000443,10580.00
230.950,5301.64,-50.83,0.207605,40.00,830.459351,4523.38,0.000708,11430.00
231.000,5344.27,-56.64,0.095053,240.00,873.129089,4695.51,0.000559,11820.00
231.050,3682.12,-61.81,0.062410,470.00,389.287048,3861.59,0.000319,8240.00
231.100,3861.11,-55.97,0.136591,665.00,582.260193,3565.44,0.000424,7760.00
231.150,4109.33,-56.16,0.133921,370.00,374.492523,3724.74,0.000405,8270.00
231.200,4602.55,-60.93,0.091007,370.00,539.640381,4167.14,0.000182,9600.00
231.250,2445.12,-63.51,0.194378,70.00,1009.248230,3771.88,0.000026,7455.00
231.300,1520.80,-65.84,0.300536,55.00,1111.099121,3088.93,0.000006,2510.00
231.350,1123.64,-71.63,0.303267,45.00,1275.225220,2504.11,0.000001,2080.00
231.400,1335.24,-73.26,0.237685,40.00,978.639038,2931.56,0.000001,2485.00
231.450,1965.00,-69.70,0.161090,35.00,754.052124,3741.77,0.000006,5165.00
231.500,1920.94,-70.70,0.115031,60.00,698.999817,3391.80,0.000008,3100.00
231.550,3497.08,-67.38,0.104431,60.00,299.664032,4433.62,0.000028,9480.00
231.600,6647.01,-57.80,0.095049,60.00,392.275726,4922.56,0.000484,12915.00
231.650,6958.74,-55.90,0.109997,80.00,436.228363,4909.52,0.000621,13000.00
231.700,6124.93,-59.61,0.109374,80.00,377.221283,5019.71,0.000190,12700.00
231.750,3638.46,-67.08,0.088132,80.00,299.779602,4436.82,0.000034,9855.00
231.800,2624.83,-69.85,0.083761,80.00,258.832306,4100.83,0.000018,7155.00
231.850,2188.12,-71.75,0.100154,80.00,278.122009,3923.90,0.000007,5575.00
231.900,1540.04,-74.52,0.102526,80.00,262.005219,2503.58,0.000003,2930.00
231.950,2466.39,-70.37,0.113559,80.00,268.090424,3392.60,0.000009,3720.00
232.000,2950.12,-70.18,0.108801,80.00,166.938187,3909.01,0.000009,6740.00
232.050,2146.52,-69.88,0.098746,80.00,258.401550,2997.31,0.000013,3690.00
232.100,2272.67,-64.65,0.136443,75.00,646.732117,2951.56,0.000042,3805.00
232.150,2320.30,-60.93,0.258404,65.00,1001.093689,3324.36,0.000038,4470.00
232.200,2247.01,-59.48,0.331349,50.00,1218.762329,3106.41,0.000037,4355.00
232.250,2193.26,-59.74,0.322924,40.00,1262.416870,3115.52,0.000034,4420.00
232.300,4346.91,-52.93,0.288640,40.00,1154.993530,4467.53,0.000222,10375.00
232.350,4929.23,-50.45,0.264496,480.00,980.361267,4444.41,0.000513,10890.00
232.400,4560.15,-53.53,0.180454,475.00,910.937866,4286.74,0.000421,10085.00
232.450,3594.08,-61.27,0.082133,445.00,751.698486,3908.50,0.000214,8260.00
232.500,3441.27,-56.68,0.152247,395.00,641.580078,3414.32,0.000270,6940.00
232.550,3708.86,-55.52,0.176640,80.00,415.483765,3588.44,0.000269,7875.00
232.600,5470.41,-57.55,0.122716,80.00,670.156738,4118.59,0.000249,9730.00
232.650,6025.20,-58.53,0.107841,75.00,357.027893,4290.47,0.000276,10310.00
232.700,3882.23,-58.60,0.145597,95.00,677.989136,4094.86,0.000180,8935.00
232.750,2558.66,-62.43,0.183253,95.00,585.901062,3185.20,0.000049,5510.00
232.800,3742.14,-58.58,0.180381,185.00,652.713013,4305.07,0.000122,9370.00
232.850,5187.73,-53.88,0.258321,65.00,1100.241699,5113.11,0.000214,12485.00
232.900,5272.92,-55.26,0.308908,50.00,1186.203369,5249.01,0.000096,12570.00
232.950,4190.68,-61.32,0.283664,45.00,1217.712891,5088.44,0.000020,11560.00
233.000,4885.39,-56.87,0.252910,40.00,1083.391724,5246.56,0.000108,12360.00
233.050,5097.24,-54.24,0.327935,60.00,1182.963989,5238.88,0.000136,12520.00
233.100,4166.61,-57.67,0.335679,50.00,1132.738403,4985.57,0.000044,11530.00
233.150,2380.63,-64.96,0.262459,40.00,1193.076294,3912.46,0.000009,6275.00
233.200,1848.41,-69.67,0.186530,35.00,717.916870,3515.31,0.000005,2755.00
233.250,2340.17,-71.38,0.108300,55.00,673.851868,4030.40,0.000007,6480.00
233.300,1566.06,-76.27,0.091048,60.00,298.159851,3325.89,0.000002,2130.00
233.350,2415.07,-68.95,0.097259,60.00,234.976440,3534.28,0.000017,5160.00
233.400,2484.58,-63.72,0.163595,415.00,721.032471,3021.72,0.000036,3960.00
233.450,2618.24,-62.96,0.170597,415.00,416.339813,2971.05,0.000038,4765.00
233.500,3599.26,-61.71,0.106602,415.00,672.509399,3879.57,0.000112,8650.00
233.550,2281.05,-62.27,0.227997,70.00,1121.868530,3560.87,0.000027,6425.00
233.600,1643.23,-63.68,0.312192,55.00,1128.528931,2825.26,0.000011,3645.00
233.650,2076.44,-62.98,0.298740,45.00,1286.675537,2982.09,0.000018,4485.00
233.700,5085.19,-54.19,0.236292,40.00,1035.607788,4766.25,0.000262,11615.00
233.750,5407.95,-49.76,0.233156,35.00,1008.460938,4498.47,0.001003,11470.00
233.800,4814.43,-51.72,0.198692,180.00,824.880188,4272.38,0.000764,10255.00
233.850,3843.11,-59.14,0.105516,175.00,787.891113,3962.66,0.000255,8500.00
233.900,3759.27,-56.84,0.131284,360.00,574.536316,3580.66,0.000349,7835.00
233.950,4228.77,-54.46,0.152410,355.00,357.444061,3741.78,0.000504,8620.00
234.000,4702.50,-57.88,0.106921,175.00,613.993591,3955.20,0.000325,9285.00
234.050,2344.79,-62.48,0.172133,565.00,883.390442,3326.64,0.000048,6065.00
234.100,1709.86,-62.79,0.298558,60.00,1140.503052,2764.61,0.000017,2800.00
234.150,1752.79,-64.16,0.318918,50.00,1243.571167,2700.37,0.000009,3045.00
234.200,3389.51,-60.62,0.269337,40.00,1177.557007,4483.34,0.000026,9395.00
234.250,5887.95,-54.88,0.218188,40.00,979.532227,5199.54,0.000201,12835.00
234.300,6108.40,-54.94,0.193038,880.00,874.046143,5170.62,0.000256,12865.00
234.350,4892.35,-60.12,0.163045,55.00,667.484253,5059.48,0.000095,12025.00
234.400,5585.56,-59.39,0.104572,55.00,554.803833,5050.57,0.000293,12560.00
234.450,6709.45,-55.35,0.110666,60.00,518.184387,4925.54,0.000808,12920.00
234.500,5591.08,-56.84,0.138656,60.00,448.220001,4983.77,0.000357,12315.00
234.550,3587.59,-62.54,0.130371,60.00,378.804108,4361.87,0.000066,9515.00
234.600,2361.20,-67.96,0.112541,60.00,351.735382,3554.18,0.000020,4175.00
234.650,2343.35,-68.07,0.103332,60.00,249.427811,3601.09,0.000022,4110.00
234.700,1772.46,-71.14,0.102393,60.00,192.471634,2697.65,0.000010,3345.00
234.750,2154.46,-70.13,0.111412,60.00,246.569489,2962.57,0.000011,3590.00
234.800,3584.26,-66.77,0.109086,60.00,178.437683,4028.54,0.000023,8510.00
234.850,4800.18,-65.93,0.093019,60.00,210.888321,4314.08,0.000036,9645.00
234.900,4681.21,-66.15,0.064334,55.00,291.126892,4390.63,0.000073,9565.00
234.950,1858.97,-66.20,0.192147,70.00,920.491821,3447.16,0.000012,5485.00
235.000,1432.54,-64.88,0.336401,60.00,1236.446777,2700.71,0.000006,3065.00
235.050,1593.99,-65.39,0.329714,50.00,1267.469727,2388.90,0.000007,3360.00
235.100,4330.29,-55.04,0.262303,40.00,1126.909302,4422.39,0.000168,10115.00
235.150,5178.73,-50.14,0.251614,35.00,1022.180603,4491.23,0.000755,11185.00
235.200,5067.78,-52.00,0.189743,60.00,799.309387,4473.15,0.000751,11035.00
235.250,4485.12,-59.98,0.107789,60.00,775.402222,4584.99,0.000160,10790.00
235.300,3473.61,-58.97,0.123121,60.00,428.261139,3526.41,0.000191,7270.00
235.350,3630.65,-55.59,0.171370,60.00,441.113007,3519.19,0.000291,7280.00
235.400,3489.68,-59.28,0.134454,60.00,486.141571,3546.25,0.000156,7025.00
235.450,2413.19,-69.46,0.104663,60.00,402.044067,3330.20,0.000013,4665.00
235.500,2203.92,-68.29,0.103882,60.00,264.083588,3444.45,0.000021,3345.00
235.550,1784.64,-68.73,0.120700,60.00,373.473022,2611.89,0.000017,2665.00
235.600,2901.93,-64.38,0.111653,60.00,315.702789,3874.08,0.000059,6565.00
235.650,5100.80,-55.24,0.194810,65.00,906.473938,5087.29,0.000229,12330.00
235.700,5211.39,-54.15,0.305241,60.00,1104.630615,5201.51,0.000134,12520.00
235.750,4127.63,-58.37,0.312668,50.00,1285.832764,4950.89,0.000038,11355.00
235.800,3544.85,-58.65,0.272393,40.00,1060.025391,4588.11,0.000049,9910.00
235.850,4603.59,-54.10,0.302515,60.00,1256.105103,5059.49,0.000147,11925.00
235.900,4366.57,-55.28,0.324535,50.00,1194.605591,4982.83,0.000093,11590.00
235.950,2914.42,-60.90,0.291635,40.00,1240.853394,4237.95,0.000024,8275.00
236.000,1698.33,-67.68,0.208031,40.00,920.862549,3074.62,0.000007,2370.00
236.050,2388.30,-69.78,0.100901,35.00,731.409668,3926.30,0.000013,6265.00
236.100,3151.16,-74.42,0.025467,235.00,539.685059,4322.38,0.000042,9025.00
236.150,4078.08,-75.57,0.015925,235.00,80.356728,4785.86,0.000075,11115.00
236.200,3710.02,-69.68,0.027418,290.00,140.003845,4502.35,0.000158,10075.00
236.250,2727.04,-70.29,0.050888,295.00,180.721375,3785.85,0.000044,6290.00
236.300,1596.42,-74.75,0.055736,295.00,141.895996,2720.73,0.000009,2220.00
236.350,1234.64,-68.58,0.174516,75.00,921.254517,2673.55,0.000010,1625.00
236.400,1512.30,-64.52,0.294341,60.00,1104.443115,2849.42,0.000009,3385.00
236.450,1750.47,-65.83,0.304829,50.00,1260.871338,2868.15,0.000005,4330.00
236.500,4380.00,-54.79,0.261703,40.00,1158.270020,4192.68,0.000144,9600.00
236.550,5060.98,-50.11,0.258687,35.00,1060.669189,4415.54,0.000587,10830.00
236.600,5401.48,-51.25,0.190003,185.00,847.104065,4531.39,0.000745,11210.00
236.650,6785.67,-55.33,0.095616,80.00,843.603638,4045.34,0.000780,10770.00
236.700,4959.53,-55.42,0.142875,500.00,696.584351,3826.44,0.000396,9180.00
236.750,3572.05,-54.55,0.248152,500.00,886.093262,3388.39,0.000216,7430.00
236.800,3242.92,-57.09,0.221129,1685.00,808.578918,3279.48,0.000141,6370.00
236.850,3458.86,-60.30,0.139066,175.00,919.928345,3675.20,0.000122,8155.00
236.900,3268.65,-57.14,0.253538,70.00,1207.850952,3815.15,0.000092,8160.00
236.950,2288.19,-58.94,0.334880,50.00,1190.016602,3131.57,0.000037,5550.00
237.000,1776.55,-64.06,0.297181,45.00,1335.331421,2875.53,0.000011,3285.00
237.050,5165.52,-57.03,0.237878,40.00,1084.081543,5183.48,0.000093,12555.00
237.100,6096.04,-54.62,0.206356,440.00,844.003967,5178.03,0.000246,12945.00
237.150,5350.65,-57.39,0.172220,440.00,765.660156,5090.17,0.000159,12380.00
237.200,4160.35,-61.25,0.122623,60.00,540.582886,4717.90,0.000104,10620.00
237.250,6696.87,-56.67,0.090448,65.00,532.999939,4883.13,0.000597,12850.00
237.300,5827.36,-55.36,0.137034,60.00,538.347717,4891.07,0.000414,12420.00
237.350,3652.76,-57.43,0.216232,60.00,809.927185,3913.63,0.000121,8720.00
237.400,2601.35,-61.25,0.206267,1670.00,700.102356,2832.98,0.000051,3795.00
237.450,2286.07,-62.74,0.169921,65.00,840.706177,2886.33,0.000047,3605.00
237.500,2222.40,-63.93,0.159343,120.00,708.904602,3164.40,0.000036,3770.00
237.550,2262.57,-66.66,0.143463,115.00,444.667816,3136.83,0.000019,3720.00
237.600,2588.96,-65.52,0.133288,115.00,374.108856,3350.50,0.000027,4190.00
237.650,2279.15,-65.07,0.141487,115.00,352.992798,3092.08,0.000031,3595.00
237.700,2159.60,-65.87,0.128385,60.00,346.837677,3187.65,0.000030,3580.00
237.750,2299.19,-63.66,0.148703,60.00,643.312256,3297.34,0.000045,4695.00
237.800,2184.06,-61.31,0.298947,60.00,1182.924683,3369.12,0.000025,4465.00
237.850,2093.33,-60.81,0.351828,50.00,1246.090332,3043.79,0.000022,4215.00
237.900,2875.60,-57.56,0.312883,40.00,1324.930176,3672.58,0.000062,6265.00
237.950,5049.71,-51.16,0.267789,40.00,1065.399780,4572.87,0.000416,11220.00
238.000,5204.20,-50.19,0.242602,55.00,932.580811,4479.83,0.000657,11115.00
238.050,4584.20,-55.00,0.162402,60.00,803.022034,4354.87,0.000328,10165.00
238.100,4174.00,-57.39,0.163285,60.00,689.115906,4733.08,0.000179,10815.00
238.150,4403.84,-52.33,0.284334,60.00,1036.623047,4664.09,0.000284,10900.00
238.200,4080.44,-53.57,0.318307,50.00,1138.575806,4527.10,0.000154,10110.00
238.250,3432.79,-59.42,0.284197,40.00,1129.164673,4471.82,0.000032,9545.00
238.300,3436.77,-59.91,0.224082,40.00,972.165222,4242.81,0.000051,9410.00
238.350,2844.51,-58.12,0.238534,35.00,1160.763916,3297.63,0.000100,5530.00
238.400,2355.08,-60.33,0.246764,75.00,927.900574,2638.92,0.000058,3635.00
238.450,2187.35,-60.28,0.224954,75.00,970.745850,2759.02,0.000065,3875.00
238.500,2949.17,-55.77,0.284680,60.00,1102.932617,3512.62,0.000128,6710.00
238.550,2990.32,-56.71,0.316259,50.00,1261.533691,3593.04,0.000074,6795.00
238.600,2389.01,-59.93,0.304527,40.00,1177.709106,3313.69,0.000035,4565.00
238.650,4035.74,-54.07,0.298671,35.00,1203.138916,4615.05,0.000166,10515.00
238.700,4504.78,-53.48,0.317098,50.00,1152.513184,4879.92,0.000165,11555.00
238.750,3433.60,-57.81,0.320223,45.00,1204.196411,4473.73,0.000047,9630.00
238.800,1964.50,-63.15,0.275760,40.00,1002.537354,3005.23,0.000017,2905.00
238.850,2466.17,-64.27,0.172331,35.00,806.376770,3602.86,0.000025,6705.00
238.900,5514.74,-60.76,0.086761,80.00,760.261658,4314.56,0.000190,10190.00
238.950,6615.01,-59.71,0.055198,80.00,323.382355,3879.40,0.000600,10745.00
239.000,5708.93,-61.39,0.043491,190.00,261.560089,4148.91,0.000591,10290.00
239.050,2904.21,-63.38,0.114103,400.00,559.743286,3621.32,0.000065,7395.00
239.100,2352.04,-65.70,0.150996,400.00,396.768158,3025.47,0.000019,4435.00
239.150,2441.79,-66.53,0.129674,400.00,493.933167,2895.28,0.000025,4145.00
239.200,2822.74,-62.87,0.154619,615.00,608.900452,2929.79,0.000051,4625.00
239.250,2567.05,-62.40,0.160610,605.00,644.632141,2531.75,0.000055,4020.00
239.300,3349.08,-58.25,0.152841,575.00,702.774048,3407.98,0.000180,7040.00
239.350,4941.11,-51.31,0.203336,560.00,841.051270,4214.31,0.000684,10295.00
239.400,5345.16,-50.84,0.203872,210.00,591.847168,4441.88,0.000738,11205.00
239.450,5256.58,-55.38,0.114459,180.00,782.003662,4487.40,0.000568,11185.00
239.500,3673.43,-60.71,0.089626,375.00,418.895050,3673.93,0.000241,7800.00
239.550,3825.80,-55.97,0.143219,335.00,640.580200,3635.13,0.000388,7855.00
239.600,3864.85,-56.02,0.144597,335.00,337.478058,3665.01,0.000380,7820.00
239.650,3721.25,-59.89,0.115018,185.00,611.054749,3830.32,0.000174,8200.00
239.700,2295.80,-60.53,0.232910,185.00,1040.168701,3282.89,0.000046,5665.00
239.750,1875.91,-61.83,0.313323,60.00,1150.775879,3134.91,0.000019,4170.00
239.800,4555.97,-57.45,0.307995,50.00,1376.606445,4424.81,0.000046,10480.00
239.850,5026.43,-54.55,0.265378,40.00,1143.964844,4605.22,0.000146,10840.00
239.900,5036.64,-52.90,0.243042,35.00,964.855469,4951.85,0.000307,12125.00
239.950,4972.87,-54.37,0.185418,60.00,893.768555,4959.56,0.000344,12170.00
240.000,3926.86,-60.42,0.127032,60.00,600.995300,4677.27,0.000129,10655.00
240.050,6246.02,-57.93,0.086250,60.00,532.249146,4970.74,0.000455,12775.00
240.100,6845.41,-55.89,0.113575,80.00,465.679535,4912.46,0.000490,12995.00
240.150,6208.08,-59.28,0.115167,80.00,366.382660,4994.90,0.000175,12750.00
240.200,3143.25,-63.89,0.115384,80.00,374.965424,4078.81,0.000056,8105.00
240.250,2572.51,-59.40,0.223925,410.00,1031.771973,3019.49,0.000070,4600.00
240.300,2619.25,-59.60,0.260683,405.00,607.390747,2708.96,0.000048,4140.00
240.350,2435.54,-64.93,0.161546,80.00,937.533386,2451.54,0.000025,3725.00
240.400,2591.01,-67.84,0.108473,80.00,653.744507,3188.00,0.000021,3940.00
240.450,4035.92,-65.91,0.096696,80.00,253.829193,4130.07,0.000034,9115.00
240.500,6193.39,-60.05,0.085811,80.00,346.802704,3556.17,0.000237,9910.00
240.550,6039.95,-56.70,0.108891,120.00,490.256927,3789.72,0.000402,10090.00
240.600,4471.27,-56.31,0.235029,65.00,1036.429810,4284.11,0.000113,9600.00
240.650,3384.61,-57.52,0.317016,50.00,1163.283936,3973.89,0.000046,8785.00
240.700,2969.97,-59.68,0.305473,45.00,1175.837524,3748.85,0.000040,7440.00
240.750,5034.34,-53.14,0.252533,40.00,1053.922729,4641.92,0.000396,11360.00
240.800,5213.96,-50.15,0.251121,40.00,960.219299,4510.70,0.000946,11290.00
240.850,4865.86,-53.14,0.177654,80.00,794.324036,4377.25,0.000623,10545.00
240.900,3868.26,-61.37,0.098474,75.00,712.371765,4189.25,0.000135,9185.00
240.950,3471.37,-56.75,0.156692,80.00,599.614014,3456.49,0.000269,7135.00
241.000,3634.74,-55.91,0.172069,155.00,267.513794,3540.19,0.000279,7345.00
241.050,3532.24,-62.41,0.116836,155.00,600.358643,3707.79,0.000074,7410.00
241.100,2314.21,-70.80,0.095589,155.00,247.238266,3800.30,0.000010,5340.00
241.150,2294.56,-67.78,0.085182,80.00,377.022736,3348.64,0.000038,3750.00
241.200,1976.64,-69.75,0.095712,235.00,355.424072,2522.35,0.000019,3275.00
241.250,1568.17,-72.69,0.089783,115.00,320.318115,2221.17,0.000008,2665.00
241.300,1220.17,-68.46,0.221633,70.00,1062.723389,2713.07,0.000006,1850.00
241.350,990.20,-69.65,0.307065,55.00,1117.304565,2668.54,0.000002,1020.00
241.400,1234.45,-71.56,0.291948,45.00,1262.855957,3219.29,0.000001,1175.00
241.450,4731.15,-57.65,0.258233,40.00,1122.066650,5257.21,0.000075,12315.00
241.500,4990.61,-54.14,0.317031,50.00,1061.156860,5216.54,0.000142,12390.00
241.550,4390.86,-57.13,0.307751,50.00,1086.947998,5031.25,0.000058,11665.00
241.600,2808.31,-64.53,0.229938,40.00,1056.676147,4258.53,0.000012,8260.00
241.650,1993.60,-69.30,0.161215,35.00,737.109619,3605.68,0.000006,3615.00
241.700,2000.64,-65.79,0.126716,35.00,644.051880,2920.99,0.000032,3395.00
241.750,1865.47,-65.03,0.171168,40.00,577.567261,2280.80,0.000025,3285.00
241.800,2120.63,-64.27,0.146064,40.00,427.192810,2748.64,0.000039,3490.00
241.850,2418.56,-64.69,0.111219,40.00,508.918304,3326.49,0.000051,4970.00
241.900,1971.02,-64.44,0.159883,40.00,517.863403,2393.80,0.000033,3415.00
241.950,1711.58,-66.79,0.136754,40.00,359.552185,2125.39,0.000024,3085.00
242.000,1392.17,-65.84,0.218775,70.00,1023.005859,2667.55,0.000013,2350.00
242.050,1636.17,-63.99,0.307159,55.00,1114.819824,2876.71,0.000010,3775.00
242.100,2064.63,-63.36,0.298755,45.00,1277.293457,3056.91,0.000011,4650.00
242.150,4588.31,-52.82,0.260433,40.00,1169.410156,4300.47,0.000272,10040.00
242.200,5224.67,-50.30,0.239745,40.00,894.006287,4481.87,0.000659,11145.00
242.250,5480.80,-53.76,0.130936,225.00,877.331909,4602.55,0.000704,11675.00
242.300,5669.31,-62.67,0.034260,110.00,652.361084,4854.70,0.000630,12195.00
242.350,3865.77,-58.09,0.098207,665.00,519.240723,3590.49,0.000387,8025.00
242.400,3997.43,-55.58,0.143532,370.00,370.249664,3673.61,0.000412,8180.00
242.450,4165.08,-60.24,0.094922,370.00,551.352478,3832.56,0.000218,8395.00
242.500,1757.50,-68.80,0.127449,120.00,687.868652,3130.89,0.000015,3655.00
242.550,1281.02,-67.36,0.267476,65.00,1116.636230,2801.22,0.000006,1750.00
242.600,1184.26,-69.43,0.313437,50.00,1200.626465,2599.12,0.000002,1980.00
242.650,1136.25,-73.54,0.273725,40.00,1174.566650,2377.75,0.000001,2475.00
242.700,1824.29,-70.59,0.194502,40.00,838.922363,3568.89,0.000003,3720.00
242.750,1972.92,-69.80,0.128626,65.00,736.673645,3641.08,0.000009,4440.00
242.800,1738.12,-73.43,0.108223,60.00,549.991272,3023.42,0.000004,2515.00
242.850,5885.71,-60.88,0.093394,60.00,279.460785,4964.15,0.000157,12640.00
242.900,6998.70,-56.24,0.103121,80.00,476.272400,4873.36,0.000519,13025.00
242.950,6725.72,-57.63,0.111194,80.00,379.909760,5001.04,0.000304,12990.00
243.000,4884.73,-63.76,0.098130,80.00,299.677490,4914.42,0.000069,11930.00
243.050,2700.41,-70.01,0.077605,80.00,338.488220,4022.13,0.000020,6930.00
243.100,2361.20,-70.73,0.095932,80.00,297.160248,4044.22,0.000011,6550.00
243.150,1655.06,-74.10,0.097746,80.00,254.593689,3049.21,0.000004,2940.00
243.200,1952.10,-72.61,0.106737,80.00,287.054626,2851.13,0.000006,2985.00
243.250,2847.68,-69.87,0.110136,80.00,169.502151,3738.17,0.000010,5720.00
243.300,2617.64,-72.11,0.098422,80.00,185.295090,3769.26,0.000006,5510.00
243.350,1366.85,-75.03,0.080764,80.00,263.964478,2741.96,0.000004,2345.00
243.400,2050.21,-66.94,0.165662,75.00,771.490051,3735.91,0.000015,5865.00
243.450,2190.72,-62.81,0.276632,60.00,1036.999390,3586.74,0.000017,5715.00
243.500,2061.55,-63.65,0.304592,50.00,1141.317627,3022.08,0.000012,4485.00
243.550,4244.37,-56.37,0.256809,40.00,965.876648,4460.75,0.000123,10125.00
243.600,5119.76,-50.73,0.236584,40.00,970.755005,4450.91,0.000743,10995.00
243.650,5027.69,-51.85,0.186185,185.00,803.860168,4353.16,0.000833,10605.00
243.700,4787.31,-58.62,0.075221,185.00,776.664062,4373.10,0.000503,10395.00
243.750,3383.17,-59.23,0.102349,80.00,445.695129,3458.45,0.000285,7035.00
243.800,3516.16,-55.86,0.175606,80.00,530.875366,3493.79,0.000276,7170.00
243.850,3627.55,-59.52,0.128820,80.00,523.322998,3628.42,0.000157,7440.00
243.900,2547.78,-68.97,0.091801,80.00,424.518158,3601.95,0.000019,5975.00
243.950,3094.33,-65.43,0.094739,235.00,416.738373,4165.63,0.000064,8685.00
244.000,2876.86,-65.02,0.122048,95.00,439.860382,3760.70,0.000048,6080.00
244.050,2824.24,-66.41,0.121693,95.00,329.917877,3562.57,0.000031,6060.00
244.100,5295.38,-56.97,0.163386,120.00,745.587952,5096.16,0.000209,12510.00
244.150,5728.54,-55.37,0.254607,60.00,1007.697205,5290.09,0.000134,12835.00
244.200,5141.47,-59.64,0.273280,50.00,1073.707031,5352.36,0.000034,12500.00
244.250,4300.22,-60.77,0.228123,40.00,911.133545,5165.17,0.000055,11695.00
244.300,5162.42,-54.97,0.254951,65.00,1096.056030,5267.95,0.000241,12615.00
244.350,4748.89,-56.02,0.297317,50.00,951.261719,5153.93,0.000125,12195.00
244.400,3258.42,-62.17,0.255827,45.00,1100.194580,4548.17,0.000018,9610.00
244.450,1755.90,-69.98,0.195166,40.00,732.113647,3396.86,0.000004,2635.00
244.500,2235.25,-71.29,0.122051,55.00,589.071777,3973.37,0.000006,6080.00
244.550,2085.98,-74.97,0.078511,60.00,478.389343,3862.15,0.000004,5155.00
244.600,1862.59,-76.45,0.076426,60.00,66.991661,3764.43,0.000003,3965.00
244.650,2685.51,-70.17,0.071992,60.00,147.704498,4131.17,0.000021,7660.00
244.700,2300.81,-69.09,0.067596,60.00,297.228577,3315.49,0.000038,3845.00
244.750,2048.64,-70.82,0.072922,385.00,292.953796,2546.68,0.000020,3645.00
244.800,1520.05,-68.42,0.139378,125.00,674.885193,2575.11,0.000014,3265.00
244.850,1354.11,-66.75,0.235006,60.00,898.580627,2676.71,0.000008,2690.00
244.900,1672.81,-66.89,0.244779,50.00,1004.657227,2744.75,0.000006,4125.00
244.950,4472.52,-60.18,0.199799,40.00,867.602966,4764.71,0.000050,11145.00
245.000,5389.29,-52.76,0.173928,35.00,810.167358,4509.22,0.000616,11515.00
245.050,5067.45,-52.18,0.165725,35.00,675.258606,4334.41,0.000823,10780.00
245.100,4640.00,-57.42,0.088894,225.00,600.168091,4227.34,0.000513,10020.00
245.150,3844.31,-62.13,0.050093,80.00,394.053101,3695.42,0.000429,8105.00
245.200,3959.12,-57.64,0.102979,670.00,370.733093,3586.09,0.000422,7930.00
245.250,3998.14,-59.71,0.082266,1410.00,320.438385,3673.17,0.000343,7990.00
245.300,2585.49,-68.33,0.070749,350.00,383.924744,3539.54,0.000042,6075.00
245.350,1285.20,-70.08,0.161634,70.00,761.698975,2818.81,0.000007,1685.00
245.400,1151.23,-70.88,0.217012,50.00,787.449707,2694.07,0.000003,1730.00
245.450,1575.10,-72.05,0.202447,45.00,882.097168,3283.16,0.000002,2810.00
245.500,6198.00,-60.81,0.150882,40.00,667.517273,5242.24,0.000064,13000.00
245.550,7119.29,-58.01,0.105660,35.00,539.515442,5040.93,0.000302,13230.00
245.600,6842.56,-61.15,0.074628,55.00,475.345245,5085.53,0.000232,13020.00
245.650,5840.87,-65.54,0.063459,55.00,176.097977,5114.30,0.000085,12635.00
245.700,7127.51,-59.89,0.063989,55.00,238.614487,4873.12,0.000459,13040.00
245.750,6856.14,-59.29,0.073051,60.00,245.105392,4955.41,0.000427,13000.00
245.800,5559.42,-64.01,0.073197,60.00,232.943207,4949.58,0.000108,12285.00
245.850,3303.85,-71.82,0.065977,60.00,152.429657,4142.75,0.000015,8500.00
245.900,3412.47,-73.57,0.058867,60.00,131.425888,4530.16,0.000010,9755.00
245.950,2461.69,-75.10,0.056382,60.00,61.559334,3938.22,0.000007,6230.00
246.000,1829.73,-75.87,0.060917,60.00,118.246201,2553.09,0.000004,3340.00
246.050,2828.24,-73.08,0.063831,60.00,94.086449,3655.84,0.000012,5110.00
246.100,3018.98,-73.92,0.056806,60.00,105.826599,4059.32,0.000011,7470.00
246.150,1887.84,-77.10,0.040252,60.00,133.613403,3358.90,0.000006,3345.00
246.200,1212.33,-74.20,0.070328,110.00,347.557831,2782.46,0.000008,1410.00
246.250,1272.88,-69.91,0.161559,60.00,655.533447,2758.64,0.000006,2275.00
246.300,1560.21,-68.56,0.184109,50.00,640.508484,2482.21,0.000006,3345.00
246.350,3139.28,-63.09,0.148837,40.00,684.206299,3956.42,0.000038,7445.00
246.400,5076.06,-55.60,0.129344,40.00,543.736023,4449.92,0.000407,10960.00
246.450,5094.58,-54.96,0.116799,55.00,433.151520,4403.60,0.000629,10880.00
246.500,4665.60,-60.19,0.070572,60.00,413.234070,4413.69,0.000343,10420.00
246.550,3363.26,-66.25,0.049928,60.00,243.883987,3726.23,0.000119,7470.00
246.600,3543.36,-60.89,0.077712,60.00,274.541870,3451.95,0.000277,7110.00
246.650,3586.12,-61.79,0.072202,60.00,158.811920,3522.60,0.000242,7150.00
246.700,2966.41,-69.92,0.051107,60.00,254.863586,3449.45,0.000042,6340.00
246.750,2371.26,-74.10,0.043546,60.00,105.851410,3655.91,0.000017,4265.00
246.800,1987.91,-72.53,0.050627,60.00,163.290848,3031.74,0.000024,2810.00
246.850,1642.28,-74.53,0.054502,60.00,133.695084,2226.78,0.000010,2745.00
246.900,4942.74,-64.01,0.055751,120.00,247.540955,5029.22,0.000194,12190.00
246.950,5623.05,-60.36,0.104749,65.00,423.251190,5270.48,0.000156,12805.00
247.000,5287.66,-63.06,0.120461,50.00,456.822540,5330.62,0.000050,12580.00
247.050,3961.12,-68.64,0.102816,40.00,444.266083,5101.11,0.000015,11460.00
247.100,5263.92,-61.91,0.095688,35.00,448.553375,5302.43,0.000131,12665.00
247.150,5274.26,-60.66,0.111279,50.00,376.956299,5244.04,0.000138,12605.00
247.200,4071.69,-65.20,0.107680,50.00,430.614807,4923.88,0.000037,11340.00
247.250,2263.19,-72.94,0.082631,40.00,347.949646,3793.62,0.000007,5420.00
247.300,2289.38,-75.91,0.048112,35.00,239.520645,3896.28,0.000008,5575.00
247.350,3213.08,-77.55,0.014438,35.00,226.186615,4422.31,0.000040,9400.00
247.400,3087.74,-79.19,0.006007,235.00,69.306244,4188.04,0.000048,8380.00
247.450,4195.28,-76.96,0.005623,235.00,25.734047,4717.36,0.000299,11045.00
247.500,2932.20,-75.26,0.015413,1330.00,71.802719,3921.39,0.000077,7070.00
247.550,2158.05,-77.28,0.017763,295.00,37.232262,3113.19,0.000021,2990.00
247.600,1186.53,-77.02,0.027496,150.00,136.820480,2490.42,0.000009,1625.00
247.650,1354.59,-73.29,0.066681,65.00,288.462769,2754.86,0.000010,2480.00
247.700,1624.38,-72.63,0.079636,50.00,295.238464,2818.97,0.000007,3960.00
247.750,3308.74,-68.30,0.069780,40.00,313.086151,3920.62,0.000032,7730.00
247.800,4927.41,-60.57,0.060063,40.00,288.504486,4353.23,0.000421,10515.00
247.850,5264.97,-59.87,0.049672,40.00,195.627197,4484.50,0.000729,11270.00
247.900,5554.98,-65.29,0.021129,225.00,206.459641,4653.21,0.000731,11940.00
247.950,4587.81,-72.10,0.007541,80.00,102.812408,4325.93,0.000773,10130.00
248.000,3919.44,-66.24,0.025964,665.00,123.184814,3589.36,0.000431,8005.00
248.050,3970.81,-65.96,0.027658,350.00,62.466618,3650.18,0.000431,8005.00
248.100,3883.88,-72.63,0.015779,350.00,118.933823,3844.52,0.000174,8055.00
248.150,1477.66,-76.53,0.029221,75.00,159.328537,2909.82,0.000012,2115.00
248.200,1257.01,-76.18,0.050145,60.00,187.768600,2782.85,0.000006,1770.00
248.250,1061.38,-78.01,0.051121,50.00,210.945236,2614.60,0.000002,1430.00
248.300,5066.34,-72.58,0.040055,40.00,178.996429,5304.36,0.000039,12615.00
248.350,6943.36,-67.36,0.028048,35.00,128.039261,5139.04,0.000324,13185.00
248.400,7003.53,-68.63,0.018293,60.00,110.599724,5098.82,0.000498,13110.00
248.450,6175.39,-74.49,0.013108,60.00,63.721703,5213.80,0.000138,12800.00
248.500,6742.03,-71.94,0.009781,65.00,44.840225,4818.99,0.000525,12900.00
248.550,6930.37,-68.98,0.013474,65.00,35.988052,4831.23,0.000612,12995.00
248.600,6456.35,-71.62,0.013392,60.00,42.316277,4972.27,0.000299,12840.00
248.650,4518.55,-77.61,0.010447,60.00,32.565895,4852.82,0.000073,11480.00
248.700,2468.97,-78.48,0.008524,65.00,42.329121,3944.35,0.000043,6260.00
248.750,1814.44,-77.96,0.011403,60.00,39.264347,3192.62,0.000024,2905.00
248.800,1526.93,-78.08,0.012385,60.00,35.949650,2176.46,0.000007,2865.00
248.850,2125.97,-78.57,0.011325,115.00,24.505199,3051.28,0.000014,3355.00
248.900,2523.72,-78.46,0.009240,60.00,23.185511,3675.34,0.000031,4930.00
248.950,1733.25,-78.40,0.008658,60.00,23.071650,2825.76,0.000020,2525.00
249.000,1266.42,-78.61,0.008209,115.00,23.956545,2408.44,0.000012,1925.00
249.050,1830.58,-78.05,0.015247,65.00,62.878368,3508.30,0.000018,4060.00
249.100,2159.47,-77.03,0.020537,60.00,68.814644,3540.92,0.000019,5445.00
249.150,2212.41,-76.88,0.017437,45.00,76.655670,3175.21,0.000021,4705.00
249.200,4780.33,-72.07,0.013485,40.00,57.984116,4543.01,0.000256,11035.00
249.250,5184.76,-69.13,0.011966,55.00,50.168392,4459.22,0.000699,11135.00
249.300,4834.42,-71.83,0.008243,60.00,38.213539,4342.98,0.000685,10450.00
249.350,4430.35,-77.46,0.004465,60.00,34.957832,4670.31,0.000422,10805.00
249.400,4834.45,-73.63,0.007980,60.00,32.483479,4865.99,0.009133,11565.00
249.450,4734.63,-73.70,0.008266,70.00,17.421087,4800.17,0.013707,11245.00

=== STATISTIKEN ===

Feature,Minimum,Maximum,Durchschnitt
Spektral Centroid (Hz),990.20,7439.56,3503.30
Power (dB),-79.90,-49.31,-60.46
Energy,0.00,0.36,0.19
Peak Frequenz (Hz),35.00,5250.00,190.14
Spectral Flux,0.00,1508.44,768.17
Bandbreite (Hz),944.65,5352.36,3756.30
Spectral Flatness,0.00,0.01,0.00
Spectral Rolloff (Hz),1020.00,13230.00,7513.71
