Zeit (s),Spektral Centroid (Hz),Power (dB),Energy,Peak Frequenz (Hz),Spectral Flux,Bandbreite (Hz),Spectral Flatness,Spectral Rolloff (Hz)
0.000,69.96,-79.33,0.136130,30.00,0.000000,379.07,0.000000,60.00
0.050,56.64,-79.35,0.265297,30.00,999.929688,322.56,0.000000,45.00
0.100,38.05,-79.74,0.292422,30.00,623.154175,228.84,0.000000,35.00
0.150,33.23,-79.91,0.292486,30.00,50.842453,192.37,0.000000,35.00
0.200,33.34,-79.91,0.292439,30.00,0.530954,198.10,0.000000,35.00
0.250,33.29,-79.91,0.292443,30.00,0.459110,200.67,0.000000,35.00
0.300,33.03,-79.91,0.292457,30.00,0.261830,193.31,0.000000,35.00
0.350,33.14,-79.91,0.292441,30.00,0.314171,195.68,0.000000,35.00
0.400,33.24,-79.91,0.292442,30.00,0.145645,197.07,0.000000,35.00
0.450,33.17,-79.91,0.292471,30.00,0.352307,193.27,0.000000,35.00
0.500,33.02,-79.91,0.292448,30.00,0.261082,186.62,0.000000,35.00
0.550,32.99,-79.91,0.292437,30.00,0.224719,188.61,0.000000,35.00
0.600,33.18,-79.91,0.292469,30.00,0.390161,194.70,0.000000,35.00
0.650,33.29,-79.92,0.292451,30.00,0.265421,194.66,0.000000,35.00
0.700,33.38,-79.92,0.292445,30.00,0.220698,198.43,0.000000,35.00
0.750,33.30,-79.92,0.292451,30.00,0.324062,196.16,0.000000,35.00
0.800,33.22,-79.92,0.292427,30.00,0.454648,196.05,0.000000,35.00
0.850,33.23,-79.92,0.292451,30.00,0.459025,195.99,0.000000,35.00
0.900,33.69,-79.92,0.292500,30.00,0.438516,206.54,0.000000,35.00
0.950,33.52,-79.92,0.292574,30.00,0.535494,200.78,0.000000,35.00
1.000,33.12,-79.92,0.292649,30.00,0.654803,189.69,0.000000,35.00
1.050,33.30,-79.92,0.292622,30.00,0.362518,195.12,0.000000,35.00
1.100,33.44,-79.92,0.292536,30.00,0.671970,200.69,0.000000,35.00
1.150,33.27,-79.92,0.292474,30.00,0.485677,194.65,0.000000,35.00
1.200,33.22,-79.92,0.292428,30.00,0.413695,193.74,0.000000,35.00
1.250,33.44,-79.92,0.292449,30.00,0.327622,201.99,0.000000,35.00
1.300,33.51,-79.92,0.292506,30.00,0.452541,204.09,0.000000,35.00
1.350,33.51,-79.92,0.292576,30.00,0.528273,203.13,0.000000,35.00
1.400,33.28,-79.91,0.292619,30.00,0.522600,196.83,0.000000,35.00
1.450,33.22,-79.91,0.292562,30.00,0.569644,192.09,0.000000,35.00
1.500,33.34,-79.91,0.292495,30.00,0.472673,193.94,0.000000,35.00
1.550,33.37,-79.91,0.292446,30.00,0.423887,197.19,0.000000,35.00
1.600,33.27,-79.91,0.292418,30.00,0.316282,193.28,0.000000,35.00
1.650,33.29,-79.91,0.292459,30.00,0.513208,194.34,0.000000,35.00
1.700,33.47,-79.91,0.292508,30.00,0.445367,199.58,0.000000,35.00
1.750,33.28,-79.91,0.292540,30.00,0.424779,195.13,0.000000,35.00
1.800,33.46,-79.91,0.292475,30.00,0.550402,199.86,0.000000,35.00
1.850,33.63,-79.91,0.292396,30.00,0.622960,203.28,0.000000,35.00
1.900,33.35,-79.91,0.292400,30.00,0.240122,198.11,0.000000,35.00
1.950,33.23,-79.91,0.292466,30.00,0.494432,194.24,0.000000,35.00
2.000,33.44,-79.91,0.292519,30.00,0.426942,200.60,0.000000,35.00
2.050,33.30,-79.91,0.292492,30.00,0.290860,197.98,0.000000,35.00
2.100,33.40,-79.91,0.292422,30.00,0.546282,199.43,0.000000,35.00
2.150,33.41,-79.91,0.292397,30.00,0.293971,197.36,0.000000,35.00
2.200,33.21,-79.91,0.292464,30.00,0.522206,192.34,0.000000,35.00
2.250,33.09,-79.91,0.292553,30.00,0.646967,189.44,0.000000,35.00
2.300,33.03,-79.91,0.292575,30.00,0.181575,188.42,0.000000,35.00
2.350,33.15,-79.91,0.292518,30.00,0.442748,191.40,0.000000,35.00
2.400,33.15,-79.91,0.292466,30.00,0.444496,191.00,0.000000,35.00
2.450,33.06,-79.91,0.292429,30.00,0.392259,189.57,0.000000,35.00
2.500,33.07,-79.91,0.292452,30.00,0.359786,185.64,0.000000,35.00
2.550,33.04,-79.91,0.292501,30.00,0.514385,187.35,0.000000,35.00
2.600,33.15,-79.91,0.292579,30.00,0.594190,190.78,0.000000,35.00
2.650,33.18,-79.91,0.292599,30.00,0.298896,189.85,0.000000,35.00
2.700,33.14,-79.91,0.292522,30.00,0.703822,190.23,0.000000,35.00
2.750,33.41,-79.91,0.292468,30.00,0.422245,198.79,0.000000,35.00
2.800,33.66,-79.91,0.292433,30.00,0.578446,207.08,0.000000,35.00
2.850,33.50,-79.91,0.292443,30.00,0.302938,200.94,0.000000,35.00
2.900,33.26,-79.91,0.292470,30.00,0.333637,193.46,0.000000,35.00
2.950,33.10,-79.91,0.292480,30.00,0.275759,191.41,0.000000,35.00
3.000,33.23,-79.91,0.292475,30.00,0.243095,195.83,0.000000,35.00
3.050,33.38,-79.91,0.292463,30.00,0.220653,198.24,0.000000,35.00
3.100,33.26,-79.91,0.292464,30.00,0.190974,194.57,0.000000,35.00
3.150,33.15,-79.91,0.292476,30.00,0.325500,192.45,0.000000,35.00
3.200,33.06,-79.91,0.292451,30.00,0.304903,191.11,0.000000,35.00
3.250,33.16,-79.91,0.292439,30.00,0.242776,191.13,0.000000,35.00
3.300,33.18,-79.91,0.292467,30.00,0.380687,189.62,0.000000,35.00
3.350,33.09,-79.92,0.292460,30.00,0.207772,185.94,0.000000,35.00
3.400,33.36,-79.92,0.292448,30.00,0.327276,193.10,0.000000,35.00
3.450,33.25,-79.92,0.292462,30.00,0.346656,192.39,0.000000,35.00
3.500,33.40,-79.92,0.292467,30.00,0.262805,196.39,0.000000,35.00
3.550,33.63,-79.92,0.292450,30.00,0.370839,202.31,0.000000,35.00
3.600,33.43,-79.92,0.292453,30.00,0.409386,196.00,0.000000,35.00
3.650,33.33,-79.92,0.292438,30.00,0.371943,193.56,0.000000,35.00
3.700,33.28,-79.92,0.292461,30.00,0.320488,192.78,0.000000,35.00
3.750,33.29,-79.92,0.292469,30.00,0.344773,193.57,0.000000,35.00
3.800,33.31,-79.92,0.292501,30.00,0.490209,191.58,0.000000,35.00
3.850,33.41,-79.92,0.292555,30.00,0.415814,194.58,0.000000,35.00
3.900,33.55,-79.92,0.292642,30.00,0.681882,199.54,0.000000,35.00
3.950,33.18,-79.92,0.292658,30.00,0.203951,190.40,0.000000,35.00
4.000,32.95,-79.92,0.292592,30.00,0.568421,184.99,0.000000,35.00
4.050,33.24,-79.91,0.292549,30.00,0.388174,193.04,0.000000,35.00
4.100,33.45,-79.91,0.292553,30.00,0.326713,198.42,0.000000,35.00
4.150,33.20,-79.91,0.292544,30.00,0.399280,187.79,0.000000,35.00
4.200,33.27,-79.91,0.292578,30.00,0.334627,192.79,0.000000,35.00
4.250,33.36,-79.91,0.292660,30.00,0.688441,198.09,0.000000,35.00
4.300,33.19,-79.91,0.292638,30.00,0.363677,190.68,0.000000,35.00
4.350,33.11,-79.91,0.292561,30.00,0.640258,188.09,0.000000,35.00
4.400,33.16,-79.91,0.292543,30.00,0.220554,186.20,0.000000,35.00
4.450,33.16,-79.91,0.292536,30.00,0.205949,187.24,0.000000,35.00
4.500,33.03,-79.91,0.292542,30.00,0.227078,185.32,0.000000,35.00
4.550,33.01,-79.91,0.292609,30.00,0.499316,187.73,0.000000,35.00
4.600,33.17,-79.91,0.292667,30.00,0.577735,194.36,0.000000,35.00
4.650,33.22,-79.91,0.292623,30.00,0.450355,195.20,0.000000,35.00
4.700,33.24,-79.91,0.292563,30.00,0.483846,198.23,0.000000,35.00
4.750,33.22,-79.91,0.292553,30.00,0.268961,193.78,0.000000,35.00
4.800,33.39,-79.91,0.292541,30.00,0.219681,196.50,0.000000,35.00
4.850,33.36,-79.91,0.292551,30.00,0.184086,198.12,0.000000,35.00
4.900,33.32,-79.91,0.292615,30.00,0.502815,196.45,0.000000,35.00
4.950,33.29,-79.91,0.292654,30.00,0.464074,193.84,0.000000,35.00
5.000,33.16,-79.91,0.292589,30.00,0.708166,185.37,0.000000,35.00
5.050,33.24,-79.91,0.292530,30.00,0.437030,187.14,0.000000,35.00
5.100,33.28,-79.91,0.292515,30.00,0.339890,193.44,0.000000,35.00
5.150,33.33,-79.91,0.292512,30.00,0.177385,197.69,0.000000,35.00
5.200,33.33,-79.91,0.292533,30.00,0.198522,198.09,0.000000,35.00
5.250,33.35,-79.91,0.292590,30.00,0.428316,199.29,0.000000,35.00
5.300,33.30,-79.91,0.292617,30.00,0.425769,197.45,0.000000,35.00
5.350,33.21,-79.91,0.292542,30.00,0.745914,188.59,0.000000,35.00
5.400,33.15,-79.91,0.292478,30.00,0.524791,187.48,0.000000,35.00
5.450,33.20,-79.91,0.292430,30.00,0.424359,190.89,0.000000,35.00
5.500,33.17,-79.91,0.292432,30.00,0.201591,192.51,0.000000,35.00
5.550,33.31,-79.91,0.292482,30.00,0.426050,198.76,0.000000,35.00
5.600,33.38,-79.91,0.292545,30.00,0.492456,198.70,0.000000,35.00
5.650,33.31,-79.91,0.292567,30.00,0.264041,193.79,0.000000,35.00
5.700,33.39,-79.91,0.292510,30.00,0.494642,195.03,0.000000,35.00
5.750,33.46,-79.91,0.292455,30.00,0.479761,196.24,0.000000,35.00
5.800,33.32,-79.91,0.292430,30.00,0.432682,192.99,0.000000,35.00
5.850,33.58,-79.91,0.292456,30.00,0.337087,202.96,0.000000,35.00
5.900,33.55,-79.92,0.292509,30.00,0.482286,203.55,0.000000,35.00
5.950,33.36,-79.91,0.292595,30.00,0.683148,194.92,0.000000,35.00
6.000,33.28,-79.92,0.292642,30.00,0.488667,190.14,0.000000,35.00
6.050,33.12,-79.92,0.292597,30.00,0.503303,188.93,0.000000,35.00
6.100,33.27,-79.92,0.292530,30.00,0.506299,197.44,0.000000,35.00
6.150,33.31,-79.92,0.292509,30.00,0.264659,200.10,0.000000,35.00
6.200,33.31,-79.92,0.292510,30.00,0.217072,198.06,0.000000,35.00
6.250,33.60,-79.92,0.292512,30.00,0.253998,203.93,0.000000,35.00
6.300,33.46,-79.92,0.292555,30.00,0.370648,197.77,0.000000,35.00
6.350,33.39,-79.92,0.292581,30.00,0.306132,195.88,0.000000,35.00
6.400,33.72,-79.92,0.292537,30.00,0.368508,205.50,0.000000,35.00
6.450,33.96,-79.92,0.292477,30.00,0.452404,212.52,0.000000,35.00
6.500,33.50,-79.92,0.292421,30.00,0.440154,198.53,0.000000,35.00
6.550,33.17,-79.92,0.292426,30.00,0.241884,189.12,0.000000,35.00
6.600,33.15,-79.92,0.292491,30.00,0.573290,189.28,0.000000,35.00
6.650,33.18,-79.91,0.292551,30.00,0.527132,188.57,0.000000,35.00
6.700,33.23,-79.91,0.292549,30.00,0.190708,193.08,0.000000,35.00
6.750,32.97,-79.91,0.292506,30.00,0.358252,185.22,0.000000,35.00
6.800,32.86,-79.91,0.292497,30.00,0.261048,180.06,0.000000,35.00
6.850,32.98,-79.91,0.292492,30.00,0.246495,182.53,0.000000,35.00
6.900,33.19,-79.91,0.292499,30.00,0.379600,191.63,0.000000,35.00
6.950,33.34,-79.91,0.292562,30.00,0.484101,197.51,0.000000,35.00
7.000,32.93,-79.91,0.292626,30.00,0.514071,184.43,0.000000,35.00
7.050,33.02,-79.91,0.292614,30.00,0.223335,187.96,0.000000,35.00
7.100,33.37,-79.91,0.292526,30.00,0.713550,197.47,0.000000,35.00
7.150,33.37,-79.91,0.292490,30.00,0.359894,197.96,0.000000,35.00
7.200,33.40,-79.91,0.292507,30.00,0.378552,198.41,0.000000,35.00
7.250,33.26,-79.91,0.292509,30.00,0.279562,194.40,0.000000,35.00
7.300,32.91,-79.91,0.292530,30.00,0.252556,185.57,0.000000,35.00
7.350,32.75,-79.91,0.292612,30.00,0.633494,180.67,0.000000,35.00
7.400,32.79,-79.91,0.292625,30.00,0.281234,184.13,0.000000,35.00
7.450,33.06,-79.91,0.292558,30.00,0.622806,191.10,0.000000,35.00
7.500,33.20,-79.91,0.292515,30.00,0.334966,193.78,0.000000,35.00
7.550,33.11,-79.91,0.292506,30.00,0.235001,191.52,0.000000,35.00
7.600,33.17,-79.91,0.292501,30.00,0.180776,193.04,0.000000,35.00
7.650,33.29,-79.91,0.292531,30.00,0.308270,196.96,0.000000,35.00
7.700,33.37,-79.91,0.292588,30.00,0.418503,199.06,0.000000,35.00
7.750,33.42,-79.91,0.292641,30.00,0.533194,198.94,0.000000,35.00
7.800,33.60,-79.91,0.292624,30.00,0.274973,200.21,0.000000,35.00
7.850,33.60,-79.91,0.292528,30.00,0.771091,200.27,0.000000,35.00
7.900,33.44,-79.91,0.292450,30.00,0.592797,198.47,0.000000,35.00
7.950,33.11,-79.91,0.292403,30.00,0.469168,188.53,0.000000,35.00
8.000,33.20,-79.91,0.292443,30.00,0.403571,190.36,0.000000,35.00
8.050,33.17,-79.91,0.292518,30.00,0.550516,190.39,0.000000,35.00
8.100,32.90,-79.91,0.292599,30.00,0.660547,184.18,0.000000,35.00
8.150,32.97,-79.91,0.292600,30.00,0.178309,184.72,0.000000,35.00
8.200,33.19,-79.91,0.292530,30.00,0.572616,189.36,0.000000,35.00
8.250,33.14,-79.91,0.292463,30.00,0.502586,192.50,0.000000,35.00
8.300,33.03,-79.91,0.292424,30.00,0.359589,187.62,0.000000,35.00
8.350,33.33,-79.91,0.292449,30.00,0.340005,198.02,0.000000,35.00
8.400,33.69,-79.91,0.292491,30.00,0.440943,209.40,0.000000,35.00
8.450,33.43,-79.91,0.292543,30.00,0.433703,200.79,0.000000,35.00
8.500,33.18,-79.91,0.292533,30.00,0.212965,189.40,0.000000,35.00
8.550,33.44,-79.92,0.292485,30.00,0.389421,196.57,0.000000,35.00
8.600,33.48,-79.92,0.292446,30.00,0.381389,197.94,0.000000,35.00
8.650,33.18,-79.92,0.292437,30.00,0.451068,187.83,0.000000,35.00
8.700,33.13,-79.92,0.292459,30.00,0.403804,191.89,0.000000,35.00
8.750,33.35,-79.92,0.292450,30.00,0.219756,198.50,0.000000,35.00
8.800,33.49,-79.92,0.292429,30.00,0.352218,197.72,0.000000,35.00
8.850,33.29,-79.92,0.292465,30.00,0.371810,194.14,0.000000,35.00
8.900,33.04,-79.92,0.292507,30.00,0.406492,192.00,0.000000,35.00
8.950,33.47,-79.92,0.292549,30.00,0.321979,202.54,0.000000,35.00
9.000,33.60,-79.92,0.292554,30.00,0.243293,204.11,0.000000,35.00
9.050,33.22,-79.92,0.292479,30.00,0.565240,196.28,0.000000,35.00
9.100,32.95,-79.92,0.292396,30.00,0.623912,189.18,0.000000,35.00
9.150,32.87,-79.92,0.292398,30.00,0.143791,182.85,0.000000,35.00
9.200,33.03,-79.92,0.292483,30.00,0.629164,185.58,0.000000,35.00
9.250,32.93,-79.91,0.292532,30.00,0.420979,185.30,0.000000,35.00
9.300,32.81,-79.91,0.292491,30.00,0.402417,185.87,0.000000,35.00
9.350,32.85,-79.92,0.292425,30.00,0.556343,182.98,0.000000,35.00
9.400,33.20,-79.91,0.292389,30.00,0.465406,191.32,0.000000,35.00
9.450,33.18,-79.91,0.292452,30.00,0.553543,189.62,0.000000,35.00
9.500,32.98,-79.91,0.292513,30.00,0.529406,184.43,0.000000,35.00
9.550,32.99,-79.91,0.292499,30.00,0.328370,184.60,0.000000,35.00
9.600,33.05,-79.91,0.292432,30.00,0.507702,185.59,0.000000,35.00
9.650,33.20,-79.91,0.292373,30.00,0.562544,190.63,0.000000,35.00
9.700,33.39,-79.91,0.292427,30.00,0.517610,197.60,0.000000,35.00
9.750,33.50,-79.91,0.292492,30.00,0.510957,199.39,0.000000,35.00
9.800,33.65,-79.91,0.292473,30.00,0.286367,203.27,0.000000,35.00
9.850,33.51,-79.91,0.292376,30.00,0.733452,200.82,0.000000,35.00
9.900,33.29,-79.91,0.292322,30.00,0.533580,197.33,0.000000,35.00
9.950,33.25,-79.91,0.292389,30.00,0.578757,194.87,0.000000,35.00
10.000,33.35,-79.91,0.292466,30.00,0.572011,194.18,0.000000,35.00
10.050,33.43,-79.91,0.292475,30.00,0.284623,196.08,0.000000,35.00
10.100,33.42,-79.91,0.292411,30.00,0.569611,196.42,0.000000,35.00
10.150,33.27,-79.91,0.292403,30.00,0.175895,191.20,0.000000,35.00
10.200,33.30,-79.91,0.292469,30.00,0.495209,196.42,0.000000,35.00
10.250,33.24,-79.91,0.292532,30.00,0.510199,195.94,0.000000,35.00
10.300,33.31,-79.91,0.292492,30.00,0.348251,196.79,0.000000,35.00
10.350,33.39,-79.91,0.292407,30.00,0.614765,198.58,0.000000,35.00
10.400,33.32,-79.91,0.292397,30.00,0.204501,197.49,0.000000,35.00
10.450,33.33,-79.91,0.292468,30.00,0.570287,196.16,0.000000,35.00
10.500,33.40,-79.91,0.292507,30.00,0.357457,196.84,0.000000,35.00
10.550,33.44,-79.91,0.292472,30.00,0.405972,195.65,0.000000,35.00
10.600,33.37,-79.91,0.292416,30.00,0.596433,193.45,0.000000,35.00
10.650,33.28,-79.91,0.292390,30.00,0.479865,189.90,0.000000,35.00
10.700,33.26,-79.91,0.292456,30.00,0.506708,192.74,0.000000,35.00
10.750,33.23,-79.91,0.292516,30.00,0.491573,193.85,0.000000,35.00
10.800,33.21,-79.91,0.292492,30.00,0.328356,192.17,0.000000,35.00
10.850,33.33,-79.91,0.292426,30.00,0.536363,194.69,0.000000,35.00
10.900,33.32,-79.91,0.292413,30.00,0.277845,193.72,0.000000,35.00
10.950,33.13,-79.91,0.292457,30.00,0.412825,189.07,0.000000,35.00
11.000,33.18,-79.91,0.292478,30.00,0.390893,191.50,0.000000,35.00
11.050,33.23,-79.91,0.292394,30.00,0.636195,193.65,0.000000,35.00
11.100,33.21,-79.91,0.292286,30.00,0.776141,191.50,0.000000,35.00
11.150,33.06,-79.92,0.292278,30.00,0.204287,184.62,0.000000,35.00
11.200,33.02,-79.92,0.292364,30.00,0.662348,184.15,0.000000,35.00
11.250,33.22,-79.92,0.292426,30.00,0.482500,188.99,0.000000,35.00
11.300,33.17,-79.92,0.292412,30.00,0.234831,189.79,0.000000,35.00
11.350,33.31,-79.92,0.292337,30.00,0.531920,195.15,0.000000,35.00
11.400,33.55,-79.92,0.292276,30.00,0.501367,202.78,0.000000,35.00
11.450,33.55,-79.92,0.292316,30.00,0.412192,202.53,0.000000,35.00
11.500,33.44,-79.92,0.292379,30.00,0.491405,196.52,0.000000,35.00
11.550,33.45,-79.92,0.292378,30.00,0.219318,199.29,0.000000,35.00
11.600,33.24,-79.92,0.292322,30.00,0.441661,194.65,0.000000,35.00
11.650,33.25,-79.92,0.292229,30.00,0.670712,193.12,0.000000,35.00
11.700,33.28,-79.92,0.292190,30.00,0.408738,195.48,0.000000,35.00
11.750,33.07,-79.92,0.292262,30.00,0.650400,190.06,0.000000,35.00
11.800,33.25,-79.92,0.292328,30.00,0.598313,196.27,0.000000,35.00
11.850,33.14,-79.91,0.292339,30.00,0.289676,192.61,0.000000,35.00
11.900,33.16,-79.91,0.292264,30.00,0.549309,194.19,0.000000,35.00
11.950,33.04,-79.91,0.292178,30.00,0.626678,189.92,0.000000,35.00
12.000,32.99,-79.91,0.292177,30.00,0.181894,186.60,0.000000,35.00
12.050,33.26,-79.91,0.292269,30.00,0.663370,193.62,0.000000,35.00
12.100,33.45,-79.91,0.292343,30.00,0.545912,197.73,0.000000,35.00
12.150,33.37,-79.91,0.292313,30.00,0.383785,195.56,0.000000,35.00
12.200,33.33,-79.91,0.292242,30.00,0.568273,197.46,0.000000,35.00
12.250,33.37,-79.91,0.292190,30.00,0.463304,197.99,0.000000,35.00
12.300,33.18,-79.91,0.292232,30.00,0.354155,192.96,0.000000,35.00
12.350,32.96,-79.91,0.292328,30.00,0.688264,186.08,0.000000,35.00
12.400,33.15,-79.91,0.292384,30.00,0.447579,189.36,0.000000,35.00
12.450,33.40,-79.91,0.292377,30.00,0.154484,195.91,0.000000,35.00
12.500,33.30,-79.91,0.292296,30.00,0.605483,192.54,0.000000,35.00
12.550,33.20,-79.91,0.292243,30.00,0.385093,190.02,0.000000,35.00
12.600,33.40,-79.91,0.292271,30.00,0.280772,196.34,0.000000,35.00
12.650,33.30,-79.91,0.292355,30.00,0.643763,191.41,0.000000,35.00
12.700,33.25,-79.91,0.292407,30.00,0.460469,193.01,0.000000,35.00
12.750,33.23,-79.91,0.292361,30.00,0.427917,193.47,0.000000,35.00
12.800,33.18,-79.91,0.292273,30.00,0.672842,190.74,0.000000,35.00
12.850,33.32,-79.91,0.292231,30.00,0.389441,199.42,0.000000,35.00
12.900,33.40,-79.91,0.292293,30.00,0.476160,202.32,0.000000,35.00
12.950,33.30,-79.91,0.292367,30.00,0.535022,194.64,0.000000,35.00
13.000,33.20,-79.91,0.292395,30.00,0.280881,189.75,0.000000,35.00
13.050,33.34,-79.91,0.292351,30.00,0.371213,191.00,0.000000,35.00
13.100,33.47,-79.91,0.292261,30.00,0.743058,193.09,0.000000,35.00
13.150,33.36,-79.91,0.292246,30.00,0.282909,193.34,0.000000,35.00
13.200,33.21,-79.91,0.292306,30.00,0.495168,192.99,0.000000,35.00
13.250,33.30,-79.91,0.292382,30.00,0.552331,196.64,0.000000,35.00
13.300,33.38,-79.91,0.292398,30.00,0.192930,196.98,0.000000,35.00
13.350,33.30,-79.91,0.292328,30.00,0.505257,195.13,0.000000,35.00
13.400,33.37,-79.91,0.292232,30.00,0.732132,199.45,0.000000,35.00
13.450,33.26,-79.91,0.292241,30.00,0.197025,196.38,0.000000,35.00
13.500,33.25,-79.91,0.292315,30.00,0.549263,192.74,0.000000,35.00
13.550,33.40,-79.91,0.292357,30.00,0.308432,197.58,0.000000,35.00
13.600,33.30,-79.91,0.292350,30.00,0.201934,195.01,0.000000,35.00
13.650,33.39,-79.91,0.292296,30.00,0.440003,195.05,0.000000,35.00
13.700,33.39,-79.92,0.292211,30.00,0.758172,196.08,0.000000,35.00
13.750,33.37,-79.91,0.292203,30.00,0.348465,195.49,0.000000,35.00
13.800,33.16,-79.91,0.292271,30.00,0.533373,189.12,0.000000,35.00
13.850,33.34,-79.92,0.292321,30.00,0.522729,196.37,0.000000,35.00
13.900,33.57,-79.92,0.292285,30.00,0.433937,204.88,0.000000,35.00
13.950,33.27,-79.92,0.292210,30.00,0.574640,195.67,0.000000,35.00
14.000,33.02,-79.92,0.292169,30.00,0.352564,187.46,0.000000,35.00
14.050,33.27,-79.92,0.292215,30.00,0.390268,194.82,0.000000,35.00
14.100,33.21,-79.92,0.292311,30.00,0.707610,191.74,0.000000,35.00
14.150,33.13,-79.92,0.292352,30.00,0.379112,185.31,0.000000,35.00
14.200,33.14,-79.92,0.292318,30.00,0.355148,187.77,0.000000,35.00
14.250,33.22,-79.92,0.292258,30.00,0.482852,191.57,0.000000,35.00
14.300,33.23,-79.92,0.292231,30.00,0.396534,188.67,0.000000,35.00
14.350,33.59,-79.92,0.292311,30.00,0.622473,199.18,0.000000,35.00
14.400,33.68,-79.92,0.292392,30.00,0.581666,203.45,0.000000,35.00
14.450,33.47,-79.92,0.292406,30.00,0.214415,197.06,0.000000,35.00
14.500,33.40,-79.91,0.292349,30.00,0.470674,199.55,0.000000,35.00
14.550,33.47,-79.92,0.292280,30.00,0.573945,201.70,0.000000,35.00
14.600,33.33,-79.91,0.292293,30.00,0.222590,196.59,0.000000,35.00
14.650,32.85,-79.91,0.292385,30.00,0.712934,181.97,0.000000,35.00
14.700,32.87,-79.91,0.292452,30.00,0.482418,182.25,0.000000,35.00
14.750,33.08,-79.91,0.292424,30.00,0.270698,186.72,0.000000,35.00
14.800,33.14,-79.91,0.292329,30.00,0.695159,187.76,0.000000,35.00
14.850,33.35,-79.91,0.292308,30.00,0.253134,196.34,0.000000,35.00
14.900,33.41,-79.91,0.292377,30.00,0.584217,197.32,0.000000,35.00
14.950,33.22,-79.91,0.292424,30.00,0.371333,189.12,0.000000,35.00
15.000,33.22,-79.91,0.292429,30.00,0.208797,187.13,0.000000,35.00
15.050,33.30,-79.91,0.292376,30.00,0.437704,193.36,0.000000,35.00
15.100,33.21,-79.91,0.292324,30.00,0.529962,194.99,0.000000,35.00
15.150,33.21,-79.91,0.292378,30.00,0.479373,193.28,0.000000,35.00
15.200,33.34,-79.91,0.292467,30.00,0.678957,197.56,0.000000,35.00
15.250,33.16,-79.91,0.292449,30.00,0.291612,194.73,0.000000,35.00
15.300,33.08,-79.91,0.292362,30.00,0.660752,192.57,0.000000,35.00
15.350,33.15,-79.91,0.292295,30.00,0.588938,192.74,0.000000,35.00
15.400,33.11,-79.91,0.292341,30.00,0.456728,193.08,0.000000,35.00
15.450,32.83,-79.91,0.292419,30.00,0.618574,185.03,0.000000,35.00
15.500,32.78,-79.91,0.292440,30.00,0.275975,179.79,0.000000,35.00
15.550,33.09,-79.91,0.292387,30.00,0.421550,190.64,0.000000,35.00
15.600,33.37,-79.91,0.292323,30.00,0.481845,197.20,0.000000,35.00
15.650,33.50,-79.91,0.292347,30.00,0.250751,199.81,0.000000,35.00
15.700,33.31,-79.91,0.292437,30.00,0.680423,197.24,0.000000,35.00
15.750,33.24,-79.91,0.292476,30.00,0.348485,193.51,0.000000,35.00
15.800,33.27,-79.91,0.292416,30.00,0.466394,191.91,0.000000,35.00
15.850,33.18,-79.91,0.292348,30.00,0.549541,190.52,0.000000,35.00
15.900,33.36,-79.91,0.292394,30.00,0.464881,199.02,0.000000,35.00
15.950,33.15,-79.91,0.292482,30.00,0.656841,191.53,0.000000,35.00
16.000,33.10,-79.91,0.292513,30.00,0.248774,190.64,0.000000,35.00
16.050,33.24,-79.91,0.292468,30.00,0.345998,194.54,0.000000,35.00
16.100,33.26,-79.91,0.292400,30.00,0.553920,194.82,0.000000,35.00
16.150,33.27,-79.91,0.292401,30.00,0.131317,193.34,0.000000,35.00
16.200,33.29,-79.91,0.292487,30.00,0.654999,195.53,0.000000,35.00
16.250,33.37,-79.91,0.292566,30.00,0.584901,196.89,0.000000,35.00
16.300,33.47,-79.91,0.292575,30.00,0.256346,196.30,0.000000,35.00
16.350,33.46,-79.91,0.292517,30.00,0.467405,198.31,0.000000,35.00
16.400,33.32,-79.91,0.292439,30.00,0.578768,197.36,0.000000,35.00
16.450,33.12,-79.92,0.292405,30.00,0.435082,194.13,0.000000,35.00
16.500,33.03,-79.92,0.292475,30.00,0.552943,189.68,0.000000,35.00
16.550,33.11,-79.92,0.292547,30.00,0.622616,188.58,0.000000,35.00
16.600,33.12,-79.92,0.292527,30.00,0.376344,191.69,0.000000,35.00
16.650,33.13,-79.92,0.292465,30.00,0.482553,191.93,0.000000,35.00
16.700,33.17,-79.92,0.292406,30.00,0.486062,191.29,0.000000,35.00
16.750,33.07,-79.92,0.292440,30.00,0.350126,188.78,0.000000,35.00
16.800,32.99,-79.92,0.292509,30.00,0.499325,187.05,0.000000,35.00
16.850,33.28,-79.92,0.292560,30.00,0.428046,195.92,0.000000,35.00
16.900,33.62,-79.92,0.292545,30.00,0.219767,202.48,0.000000,35.00
16.950,33.51,-79.92,0.292493,30.00,0.389152,197.12,0.000000,35.00
17.000,33.50,-79.92,0.292444,30.00,0.500404,200.78,0.000000,35.00
17.050,33.48,-79.92,0.292439,30.00,0.355939,201.88,0.000000,35.00
17.100,33.08,-79.92,0.292472,30.00,0.396075,188.90,0.000000,35.00
17.150,32.72,-79.91,0.292453,30.00,0.321923,177.54,0.000000,35.00
17.200,33.01,-79.92,0.292436,30.00,0.236199,186.87,0.000000,35.00
17.250,33.12,-79.91,0.292466,30.00,0.351599,187.75,0.000000,35.00
17.300,33.12,-79.91,0.292507,30.00,0.382345,187.96,0.000000,35.00
17.350,33.15,-79.91,0.292549,30.00,0.356134,192.76,0.000000,35.00
17.400,33.17,-79.91,0.292531,30.00,0.228296,192.39,0.000000,35.00
17.450,33.42,-79.91,0.292495,30.00,0.330195,197.19,0.000000,35.00
17.500,33.33,-79.91,0.292462,30.00,0.486274,194.08,0.000000,35.00
17.550,33.22,-79.91,0.292435,30.00,0.360088,193.69,0.000000,35.00
17.600,33.20,-79.91,0.292465,30.00,0.357189,192.27,0.000000,35.00
17.650,33.16,-79.91,0.292522,30.00,0.448686,189.16,0.000000,35.00
17.700,33.05,-79.91,0.292607,30.00,0.677344,187.01,0.000000,35.00
17.750,33.07,-79.91,0.292606,30.00,0.212333,188.06,0.000000,35.00
17.800,33.11,-79.91,0.292525,30.00,0.630557,185.48,0.000000,35.00
17.850,33.15,-79.91,0.292492,30.00,0.321824,186.98,0.000000,35.00
17.900,33.29,-79.91,0.292511,30.00,0.355915,194.12,0.000000,35.00
17.950,33.34,-79.91,0.292513,30.00,0.194307,194.41,0.000000,35.00
18.000,33.28,-79.91,0.292540,30.00,0.292368,193.86,0.000000,35.00
18.050,33.35,-79.91,0.292624,30.00,0.735049,197.92,0.000000,35.00
18.100,33.39,-79.91,0.292616,30.00,0.244905,199.24,0.000000,35.00
18.150,33.03,-79.91,0.292532,30.00,0.636866,190.24,0.000000,35.00
18.200,32.64,-79.91,0.292461,30.00,0.512512,180.05,0.000000,35.00
18.250,32.90,-79.91,0.292428,30.00,0.325118,186.05,0.000000,35.00
18.300,32.97,-79.91,0.292466,30.00,0.335478,187.35,0.000000,35.00
18.350,32.99,-79.91,0.292537,30.00,0.509684,186.54,0.000000,35.00
18.400,33.17,-79.91,0.292622,30.00,0.678842,191.89,0.000000,35.00
18.450,33.02,-79.91,0.292620,30.00,0.183236,187.64,0.000000,35.00
18.500,32.99,-79.91,0.292553,30.00,0.556698,187.63,0.000000,35.00
18.550,33.31,-79.91,0.292521,30.00,0.339547,196.35,0.000000,35.00
18.600,33.35,-79.91,0.292522,30.00,0.288649,195.15,0.000000,35.00
18.650,33.28,-79.91,0.292516,30.00,0.298430,193.71,0.000000,35.00
18.700,33.34,-79.91,0.292539,30.00,0.304020,192.26,0.000000,35.00
18.750,33.21,-79.91,0.292630,30.00,0.763724,187.48,0.000000,35.00
18.800,33.19,-79.91,0.292653,30.00,0.291965,189.00,0.000000,35.00
18.850,33.49,-79.91,0.292571,30.00,0.671078,197.17,0.000000,35.00
18.900,33.28,-79.91,0.292524,30.00,0.368384,191.67,0.000000,35.00
18.950,33.13,-79.91,0.292513,30.00,0.227686,187.66,0.000000,35.00
19.000,33.20,-79.91,0.292506,30.00,0.183960,190.35,0.000000,35.00
19.050,33.19,-79.91,0.292539,30.00,0.309629,192.96,0.000000,35.00
19.100,33.05,-79.92,0.292617,30.00,0.603235,189.07,0.000000,35.00
19.150,33.05,-79.92,0.292664,30.00,0.506958,188.13,0.000000,35.00
19.200,33.07,-79.92,0.292592,30.00,0.690604,187.86,0.000000,35.00
19.250,33.32,-79.92,0.292540,30.00,0.406760,193.21,0.000000,35.00
19.300,33.37,-79.92,0.292538,30.00,0.275469,194.78,0.000000,35.00
19.350,33.13,-79.92,0.292535,30.00,0.254864,188.55,0.000000,35.00
19.400,33.05,-79.92,0.292579,30.00,0.361602,187.17,0.000000,35.00
19.450,33.28,-79.92,0.292643,30.00,0.559747,191.83,0.000000,35.00
19.500,33.41,-79.92,0.292628,30.00,0.213940,194.23,0.000000,35.00
19.550,33.31,-79.92,0.292533,30.00,0.775050,194.92,0.000000,35.00
19.600,33.16,-79.92,0.292471,30.00,0.488468,191.80,0.000000,35.00
19.650,33.25,-79.92,0.292418,30.00,0.467081,194.63,0.000000,35.00
19.700,33.42,-79.92,0.292436,30.00,0.297787,200.97,0.000000,35.00
19.750,33.41,-79.91,0.292497,30.00,0.533394,198.71,0.000000,35.00
19.800,33.22,-79.92,0.292566,30.00,0.506849,193.62,0.000000,35.00
19.850,33.19,-79.91,0.292596,30.00,0.389861,191.63,0.000000,35.00
19.900,33.06,-79.91,0.292540,30.00,0.563501,186.24,0.000000,35.00
19.950,33.04,-79.91,0.292472,30.00,0.536190,185.35,0.000000,35.00
20.000,33.03,-79.91,0.292458,30.00,0.560060,186.27,0.000000,35.00
20.050,33.23,-79.91,0.292436,30.00,0.366375,192.46,0.000000,35.00
20.100,33.54,-79.91,0.292448,30.00,0.383814,199.47,0.000000,35.00
20.150,33.46,-79.91,0.292438,30.00,0.292246,198.28,0.000000,35.00
20.200,33.22,-79.91,0.292435,30.00,0.290224,191.44,0.000000,35.00
20.250,33.27,-79.91,0.292442,30.00,0.285304,192.84,0.000000,35.00
20.300,33.38,-79.91,0.292451,30.00,0.294741,195.33,0.000000,35.00
20.350,32.99,-79.91,0.292433,30.00,0.323377,185.69,0.000000,35.00
20.400,32.87,-79.91,0.292441,30.00,0.224509,185.02,0.000000,35.00
20.450,32.98,-79.91,0.292458,30.00,0.203843,183.72,0.000000,35.00
20.500,33.16,-79.91,0.292458,30.00,0.168522,191.15,0.000000,35.00
20.550,33.18,-79.91,0.292445,30.00,0.209599,196.35,0.000000,35.00
20.600,33.21,-79.91,0.292447,30.00,0.219734,198.17,0.000000,35.00
20.650,33.03,-79.91,0.292439,30.00,0.281819,190.33,0.000000,35.00
20.700,32.97,-79.91,0.292449,30.00,0.313253,188.08,0.000000,35.00
20.750,33.17,-79.91,0.292440,30.00,0.349813,192.39,0.000000,35.00
20.800,33.14,-79.91,0.292446,30.00,0.392672,189.84,0.000000,35.00
20.850,33.10,-79.91,0.292433,30.00,0.405547,191.44,0.000000,35.00
20.900,33.02,-79.91,0.292442,30.00,0.361825,188.06,0.000000,35.00
20.950,33.19,-79.91,0.292449,30.00,0.319509,192.38,0.000000,35.00
21.000,33.22,-79.91,0.292451,30.00,0.210530,193.39,0.000000,35.00
21.050,33.20,-79.91,0.292438,30.00,0.220974,195.04,0.000000,35.00
21.100,33.29,-79.91,0.292437,30.00,0.244504,194.35,0.000000,35.00
21.150,33.09,-79.91,0.292428,30.00,0.238105,187.17,0.000000,35.00
21.200,33.20,-79.91,0.292433,30.00,0.263153,193.77,0.000000,35.00
21.250,33.39,-79.91,0.292428,30.00,0.314124,197.59,0.000000,35.00
21.300,33.27,-79.91,0.292442,30.00,0.366991,193.28,0.000000,35.00
21.350,33.30,-79.91,0.292443,30.00,0.217251,196.22,0.000000,35.00
21.400,33.58,-79.91,0.292449,30.00,0.163877,207.48,0.000000,35.00
21.450,33.66,-79.91,0.292444,30.00,0.132553,208.53,0.000000,35.00
21.500,33.62,-79.91,0.292441,30.00,0.183129,202.73,0.000000,35.00
21.550,33.55,-79.91,0.292440,30.00,0.270533,199.87,0.000000,35.00
21.600,33.12,-79.91,0.292442,30.00,0.263208,191.20,0.000000,35.00
21.650,32.97,-79.92,0.292438,30.00,0.193971,186.53,0.000000,35.00
21.700,33.25,-79.92,0.292446,30.00,0.181568,196.81,0.000000,35.00
21.750,33.34,-79.92,0.292439,30.00,0.204860,198.75,0.000000,35.00
21.800,33.08,-79.92,0.292433,30.00,0.180037,189.36,0.000000,35.00
21.850,33.04,-79.92,0.292432,30.00,0.206323,187.29,0.000000,35.00
21.900,33.40,-79.92,0.292434,30.00,0.200918,198.32,0.000000,35.00
21.950,33.35,-79.92,0.292434,30.00,0.213888,197.88,0.000000,35.00
22.000,33.16,-79.92,0.292441,30.00,0.195576,193.36,0.000000,35.00
22.050,33.47,-79.92,0.292441,30.00,0.187571,205.02,0.000000,35.00
22.100,33.61,-79.92,0.292451,30.00,0.199221,204.86,0.000000,35.00
22.150,33.30,-79.92,0.292448,30.00,0.172269,193.86,0.000000,35.00
22.200,33.12,-79.92,0.292442,30.00,0.195091,191.95,0.000000,35.00
22.250,33.09,-79.92,0.292436,30.00,0.160529,192.03,0.000000,35.00
22.300,33.27,-79.92,0.292432,30.00,0.286380,191.63,0.000000,35.00
22.350,33.19,-79.92,0.292436,30.00,0.264901,190.88,0.000000,35.00
22.400,33.04,-79.92,0.292448,30.00,0.235766,190.67,0.000000,35.00
22.450,32.98,-79.92,0.292447,30.00,0.180330,189.33,0.000000,35.00
22.500,32.95,-79.91,0.292444,30.00,0.221978,188.45,0.000000,35.00
22.550,32.96,-79.91,0.292448,30.00,0.209707,188.46,0.000000,35.00
22.600,33.15,-79.91,0.292459,30.00,0.227444,190.62,0.000000,35.00
22.650,33.29,-79.91,0.292451,30.00,0.206731,194.22,0.000000,35.00
22.700,33.05,-79.91,0.292449,30.00,0.166538,189.47,0.000000,35.00
22.750,32.99,-79.91,0.292443,30.00,0.214252,187.95,0.000000,35.00
22.800,33.20,-79.91,0.292437,30.00,0.203235,189.82,0.000000,35.00
22.850,33.18,-79.91,0.292433,30.00,0.362420,188.41,0.000000,35.00
22.900,33.13,-79.91,0.292437,30.00,0.486967,189.67,0.000000,35.00
22.950,33.15,-79.91,0.292437,30.00,0.395337,194.41,0.000000,35.00
23.000,33.20,-79.91,0.292443,30.00,0.278460,195.20,0.000000,35.00
23.050,33.24,-79.91,0.292437,30.00,0.191499,196.04,0.000000,35.00
23.100,33.40,-79.91,0.292438,30.00,0.286475,197.05,0.000000,35.00
23.150,33.30,-79.91,0.292453,30.00,0.363296,192.10,0.000000,35.00
23.200,33.21,-79.91,0.292445,30.00,0.288707,192.93,0.000000,35.00
23.250,33.05,-79.91,0.292442,30.00,0.208481,192.82,0.000000,35.00
23.300,33.13,-79.91,0.292456,30.00,0.221619,191.72,0.000000,35.00
23.350,33.09,-79.91,0.292452,30.00,0.245324,190.33,0.000000,35.00
23.400,33.12,-79.91,0.292440,30.00,0.227466,192.22,0.000000,35.00
23.450,33.13,-79.91,0.292441,30.00,0.111241,192.02,0.000000,35.00
23.500,33.04,-79.91,0.292448,30.00,0.155457,187.72,0.000000,35.00
23.550,32.90,-79.91,0.292440,30.00,0.175897,184.87,0.000000,35.00
23.600,33.04,-79.91,0.292439,30.00,0.148718,189.35,0.000000,35.00
23.650,32.85,-79.91,0.292436,30.00,0.187269,180.95,0.000000,35.00
23.700,33.00,-79.91,0.292443,30.00,0.206451,186.86,0.000000,35.00
23.750,33.10,-79.91,0.292438,30.00,0.145622,190.12,0.000000,35.00
23.800,33.19,-79.91,0.292430,30.00,0.258437,194.53,0.000000,35.00
23.850,33.23,-79.91,0.292436,30.00,0.201173,194.25,0.000000,35.00
23.900,33.31,-79.91,0.292437,30.00,0.186705,196.45,0.000000,35.00
23.950,33.23,-79.91,0.292445,30.00,0.170044,192.62,0.000000,35.00
24.000,33.33,-79.91,0.292442,30.00,0.161550,193.80,0.000000,35.00
24.050,33.68,-79.91,0.292435,30.00,0.151562,203.49,0.000000,35.00
24.100,33.72,-79.91,0.292441,30.00,0.204922,206.29,0.000000,35.00
24.150,33.45,-79.91,0.292440,30.00,0.116002,198.91,0.000000,35.00
24.200,33.10,-79.91,0.292443,30.00,0.177754,191.26,0.000000,35.00
24.250,33.09,-79.91,0.292448,30.00,0.188564,191.74,0.000000,35.00
24.300,32.99,-79.91,0.292442,30.00,0.227515,189.78,0.000000,35.00
24.350,32.97,-79.92,0.292446,30.00,0.337368,187.30,0.000000,35.00
24.400,33.22,-79.92,0.292444,30.00,0.308823,195.31,0.000000,35.00
24.450,33.41,-79.92,0.292451,30.00,0.204847,198.89,0.000000,35.00
24.500,33.23,-79.92,0.292440,30.00,0.195808,193.28,0.000000,35.00
24.550,33.22,-79.92,0.292444,30.00,0.193770,193.70,0.000000,35.00
24.600,33.27,-79.92,0.292445,30.00,0.247000,195.11,0.000000,35.00
24.650,33.12,-79.92,0.292435,30.00,0.247886,189.82,0.000000,35.00
24.700,33.17,-79.92,0.292427,30.00,0.132077,189.31,0.000000,35.00
24.750,33.19,-79.92,0.292438,30.00,0.214529,192.58,0.000000,35.00
24.800,33.08,-79.92,0.292440,30.00,0.122725,188.43,0.000000,35.00
24.850,33.08,-79.92,0.292443,30.00,0.180597,186.91,0.000000,35.00
24.900,33.07,-79.92,0.292448,30.00,0.154931,189.93,0.000000,35.00
24.950,33.04,-79.92,0.292449,30.00,0.228780,189.64,0.000000,35.00
25.000,33.06,-79.92,0.292441,30.00,0.293294,189.87,0.000000,35.00
25.050,33.09,-79.92,0.292445,30.00,0.214407,187.06,0.000000,35.00
25.100,33.49,-79.91,0.292445,30.00,0.230197,199.63,0.000000,35.00
25.150,33.60,-79.91,0.292452,30.00,0.217221,203.79,0.000000,35.00
25.200,33.38,-79.91,0.292445,30.00,0.175853,198.65,0.000000,35.00
25.250,33.32,-79.91,0.292447,30.00,0.190642,197.11,0.000000,35.00
25.300,33.32,-79.91,0.292453,30.00,0.154842,195.45,0.000000,35.00
25.350,33.26,-79.91,0.292450,30.00,0.227152,193.66,0.000000,35.00
25.400,33.36,-79.91,0.292457,30.00,0.277732,194.92,0.000000,35.00
25.450,33.34,-79.91,0.292444,30.00,0.240554,194.79,0.000000,35.00
25.500,32.99,-79.91,0.292441,30.00,0.141433,183.33,0.000000,35.00
25.550,33.12,-79.91,0.292452,30.00,0.193411,186.72,0.000000,35.00
25.600,33.61,-79.91,0.292450,30.00,0.192898,201.78,0.000000,35.00
25.650,33.53,-79.91,0.292446,30.00,0.151465,201.80,0.000000,35.00
25.700,33.22,-79.91,0.292448,30.00,0.143962,193.24,0.000000,35.00
25.750,33.20,-79.91,0.292448,30.00,0.123538,192.19,0.000000,35.00
25.800,33.35,-79.91,0.292444,30.00,0.164147,196.08,0.000000,35.00
25.850,33.31,-79.91,0.292453,30.00,0.226075,193.98,0.000000,35.00
25.900,33.23,-79.91,0.292443,30.00,0.291224,191.49,0.000000,35.00
25.950,33.09,-79.91,0.292447,30.00,0.308662,187.89,0.000000,35.00
26.000,33.12,-79.91,0.292448,30.00,0.296230,189.99,0.000000,35.00
26.050,33.12,-79.91,0.292458,30.00,0.283975,193.46,0.000000,35.00
26.100,33.03,-79.91,0.292444,30.00,0.262154,190.08,0.000000,35.00
26.150,32.99,-79.91,0.292442,30.00,0.255436,184.89,0.000000,35.00
26.200,32.98,-79.91,0.292438,30.00,0.334284,182.37,0.000000,35.00
26.250,32.83,-79.91,0.292454,30.00,0.323144,181.03,0.000000,35.00
26.300,32.81,-79.91,0.292454,30.00,0.233320,182.79,0.000000,35.00
26.350,33.16,-79.91,0.292454,30.00,0.202365,189.16,0.000000,35.00
26.400,33.45,-79.91,0.292448,30.00,0.190859,195.79,0.000000,35.00
26.450,33.25,-79.91,0.292450,30.00,0.173023,191.81,0.000000,35.00
26.500,32.95,-79.91,0.292452,30.00,0.215968,185.11,0.000000,35.00
26.550,32.92,-79.91,0.292442,30.00,0.225132,187.48,0.000000,35.00
26.600,32.94,-79.91,0.292432,30.00,0.225059,186.81,0.000000,35.00
26.650,33.00,-79.91,0.292444,30.00,0.240133,189.20,0.000000,35.00
26.700,32.94,-79.91,0.292445,30.00,0.166649,186.44,0.000000,35.00
26.750,33.08,-79.91,0.292442,30.00,0.149065,191.11,0.000000,35.00
26.800,33.09,-79.91,0.292441,30.00,0.156312,189.75,0.000000,35.00
26.850,33.14,-79.91,0.292443,30.00,0.189561,189.07,0.000000,35.00
26.900,33.30,-79.91,0.292445,30.00,0.175792,192.93,0.000000,35.00
26.950,33.08,-79.91,0.292438,30.00,0.145653,187.69,0.000000,35.00
27.000,33.12,-79.92,0.292438,30.00,0.150174,191.18,0.000000,35.00
27.050,33.33,-79.92,0.292448,30.00,0.152335,195.44,0.000000,35.00
27.100,33.29,-79.92,0.292446,30.00,0.109330,197.81,0.000000,35.00
27.150,33.23,-79.92,0.292445,30.00,0.171191,193.08,0.000000,35.00
27.200,33.25,-79.92,0.292436,30.00,0.194219,190.55,0.000000,35.00
27.250,33.25,-79.92,0.292442,30.00,0.226481,194.82,0.000000,35.00
27.300,33.07,-79.92,0.292451,30.00,0.182909,188.35,0.000000,35.00
27.350,33.01,-79.92,0.292451,30.00,0.225375,183.49,0.000000,35.00
27.400,33.09,-79.92,0.292431,30.00,0.320198,188.19,0.000000,35.00
27.450,33.32,-79.92,0.292433,30.00,0.343106,195.28,0.000000,35.00
27.500,33.44,-79.92,0.292435,30.00,0.237915,199.75,0.000000,35.00
27.550,33.44,-79.92,0.292438,30.00,0.223162,199.40,0.000000,35.00
27.600,33.30,-79.92,0.292436,30.00,0.223769,196.23,0.000000,35.00
27.650,33.28,-79.92,0.292449,30.00,0.311858,195.58,0.000000,35.00
27.700,33.67,-79.92,0.292447,30.00,0.336668,203.12,0.000000,35.00
27.750,33.75,-79.92,0.292449,30.00,0.308974,202.15,0.000000,35.00
27.800,33.29,-79.91,0.292448,30.00,0.316275,194.21,0.000000,35.00
27.850,33.14,-79.91,0.292447,30.00,0.186617,190.80,0.000000,35.00
27.900,33.20,-79.91,0.292445,30.00,0.183184,190.03,0.000000,35.00
27.950,33.15,-79.91,0.292443,30.00,0.178223,188.86,0.000000,35.00
28.000,33.12,-79.91,0.292440,30.00,0.203749,187.67,0.000000,35.00
28.050,33.25,-79.91,0.292442,30.00,0.220392,192.11,0.000000,35.00
28.100,33.25,-79.91,0.292438,30.00,0.259821,194.02,0.000000,35.00
28.150,33.03,-79.91,0.292436,30.00,0.242285,187.79,0.000000,35.00
28.200,32.89,-79.91,0.292441,30.00,0.234957,180.97,0.000000,35.00
28.250,33.19,-79.91,0.292448,30.00,0.267547,190.48,0.000000,35.00
28.300,33.21,-79.91,0.292443,30.00,0.246676,192.97,0.000000,35.00
28.350,32.92,-79.91,0.292438,30.00,0.223199,181.82,0.000000,35.00
28.400,33.13,-79.91,0.292436,30.00,0.217674,190.24,0.000000,35.00
28.450,33.31,-79.91,0.292440,30.00,0.179795,196.73,0.000000,35.00
28.500,33.14,-79.91,0.292445,30.00,0.249226,193.22,0.000000,35.00
28.550,32.96,-79.91,0.292459,30.00,0.270755,187.55,0.000000,35.00
28.600,33.00,-79.91,0.292450,30.00,0.180993,186.64,0.000000,35.00
28.650,33.05,-79.91,0.292439,30.00,0.168508,190.46,0.000000,35.00
28.700,33.03,-79.91,0.292438,30.00,0.207492,190.14,0.000000,35.00
28.750,33.13,-79.91,0.292441,30.00,0.266187,189.55,0.000000,35.00
28.800,33.13,-79.91,0.292449,30.00,0.331152,190.21,0.000000,35.00
28.850,33.11,-79.91,0.292449,30.00,0.322693,190.43,0.000000,35.00
28.900,33.30,-79.91,0.292440,30.00,0.227966,195.37,0.000000,35.00
28.950,33.29,-79.91,0.292446,30.00,0.169903,194.87,0.000000,35.00
29.000,32.99,-79.91,0.292447,30.00,0.168430,187.20,0.000000,35.00
29.050,32.90,-79.91,0.292450,30.00,0.216673,184.22,0.000000,35.00
29.100,33.14,-79.91,0.292443,30.00,0.245304,191.73,0.000000,35.00
29.150,33.17,-79.91,0.292433,30.00,0.216512,188.74,0.000000,35.00
29.200,33.09,-79.91,0.292430,30.00,0.273454,187.63,0.000000,35.00
29.250,33.12,-79.91,0.292444,30.00,0.346025,188.85,0.000000,35.00
29.300,33.24,-79.91,0.292446,30.00,0.265409,189.65,0.000000,35.00
29.350,33.07,-79.91,0.292445,30.00,0.212707,187.56,0.000000,35.00
29.400,33.30,-79.91,0.292443,30.00,0.291943,197.94,0.000000,35.00
29.450,33.45,-79.91,0.292455,30.00,0.326339,202.58,0.000000,35.00
29.500,33.34,-79.91,0.292446,30.00,0.361492,196.11,0.000000,35.00
29.550,33.33,-79.91,0.292452,30.00,0.318289,194.86,0.000000,35.00
29.600,33.38,-79.91,0.292447,30.00,0.245561,196.76,0.000000,35.00
29.650,33.38,-79.92,0.292434,30.00,0.261484,194.63,0.000000,35.00
29.700,33.36,-79.92,0.292442,30.00,0.285077,196.67,0.000000,35.00
29.750,33.27,-79.92,0.292441,30.00,0.166949,194.04,0.000000,35.00
29.800,33.08,-79.92,0.292442,30.00,0.176125,185.80,0.000000,35.00
29.850,33.23,-79.92,0.292452,30.00,0.189074,189.25,0.000000,35.00
29.900,33.31,-79.92,0.292444,30.00,0.210298,191.24,0.000000,35.00
29.950,33.23,-79.92,0.292440,30.00,0.139394,192.00,0.000000,35.00
30.000,33.01,-79.92,0.292439,30.00,0.160785,187.32,0.000000,35.00
30.050,32.95,-79.92,0.292441,30.00,0.182679,187.60,0.000000,35.00
30.100,33.15,-79.92,0.292443,30.00,0.173941,192.01,0.000000,35.00
30.150,33.38,-79.92,0.292447,30.00,0.187632,197.09,0.000000,35.00
30.200,33.41,-79.92,0.292441,30.00,0.273842,197.53,0.000000,35.00
30.250,33.39,-79.92,0.292445,30.00,0.196821,198.62,0.000000,35.00
30.300,33.25,-79.92,0.292442,30.00,0.180775,196.62,0.000000,35.00
30.350,33.23,-79.91,0.292450,30.00,0.230140,191.23,0.000000,35.00
30.400,33.40,-79.91,0.292441,30.00,0.242837,195.98,0.000000,35.00
30.450,33.68,-79.91,0.292445,30.00,0.219343,205.11,0.000000,35.00
30.500,33.49,-79.91,0.292455,30.00,0.167094,199.62,0.000000,35.00
30.550,33.27,-79.91,0.292450,30.00,0.218786,191.16,0.000000,35.00
30.600,33.21,-79.91,0.292444,30.00,0.226035,190.40,0.000000,35.00
30.650,33.29,-79.91,0.292441,30.00,0.173290,193.71,0.000000,35.00
30.700,33.48,-79.91,0.292438,30.00,0.208377,198.20,0.000000,35.00
30.750,33.38,-79.91,0.292435,30.00,0.176654,198.32,0.000000,35.00
30.800,33.15,-79.91,0.292441,30.00,0.179039,193.17,0.000000,35.00
30.850,33.18,-79.91,0.292443,30.00,0.155256,191.99,0.000000,35.00
30.900,33.10,-79.91,0.292444,30.00,0.097054,191.32,0.000000,35.00
30.950,33.21,-79.91,0.292447,30.00,0.100357,194.34,0.000000,35.00
31.000,33.16,-79.91,0.292445,30.00,0.167649,191.54,0.000000,35.00
31.050,32.97,-79.91,0.292442,30.00,0.169526,183.81,0.000000,35.00
31.100,33.14,-79.91,0.292450,30.00,0.181388,192.83,0.000000,35.00
31.150,33.33,-79.91,0.292448,30.00,0.163802,198.30,0.000000,35.00
31.200,33.45,-79.91,0.292439,30.00,0.175235,197.75,0.000000,35.00
31.250,33.58,-79.91,0.292442,30.00,0.205228,202.21,0.000000,35.00
31.300,33.30,-79.91,0.292448,30.00,0.213315,195.50,0.000000,35.00
31.350,33.17,-79.91,0.292434,30.00,0.225204,193.09,0.000000,35.00
31.400,33.29,-79.91,0.292433,30.00,0.157460,196.76,0.000000,35.00
31.450,33.25,-79.91,0.292445,30.00,0.176526,197.32,0.000000,35.00
31.500,33.14,-79.91,0.292443,30.00,0.113390,193.83,0.000000,35.00
31.550,33.11,-79.91,0.292440,30.00,0.138360,189.96,0.000000,35.00
31.600,33.10,-79.91,0.292440,30.00,0.143523,191.04,0.000000,35.00
31.650,33.06,-79.91,0.292449,30.00,0.147851,189.11,0.000000,35.00
31.700,33.03,-79.91,0.292453,30.00,0.127634,187.99,0.000000,35.00
31.750,33.18,-79.91,0.292453,30.00,0.188433,191.33,0.000000,35.00
31.800,33.47,-79.91,0.292440,30.00,0.235296,199.43,0.000000,35.00
31.850,33.38,-79.91,0.292437,30.00,0.219263,197.55,0.000000,35.00
31.900,33.17,-79.91,0.292447,30.00,0.208999,192.45,0.000000,35.00
31.950,33.15,-79.91,0.292445,30.00,0.204429,192.20,0.000000,35.00
32.000,33.21,-79.91,0.292439,30.00,0.233144,193.67,0.000000,35.00
32.050,33.27,-79.91,0.292450,30.00,0.258425,194.74,0.000000,35.00
32.100,33.30,-79.91,0.292445,30.00,0.202335,196.17,0.000000,35.00
32.150,33.22,-79.91,0.292445,30.00,0.184179,195.00,0.000000,35.00
32.200,33.24,-79.91,0.292435,30.00,0.176915,192.61,0.000000,35.00
32.250,33.18,-79.92,0.292430,30.00,0.192488,190.51,0.000000,35.00
32.300,33.32,-79.91,0.292440,30.00,0.222356,196.94,0.000000,35.00
32.350,33.35,-79.92,0.292445,30.00,0.232102,196.46,0.000000,35.00
32.400,33.10,-79.92,0.292444,30.00,0.149395,191.44,0.000000,35.00
32.450,32.98,-79.92,0.292438,30.00,0.183976,187.24,0.000000,35.00
32.500,33.03,-79.92,0.292437,30.00,0.151265,186.08,0.000000,35.00
32.550,33.06,-79.92,0.292443,30.00,0.192229,188.88,0.000000,35.00
32.600,33.05,-79.92,0.292447,30.00,0.188724,189.87,0.000000,35.00
32.650,33.03,-79.92,0.292441,30.00,0.206843,189.60,0.000000,35.00
32.700,32.93,-79.92,0.292449,30.00,0.268407,186.13,0.000000,35.00
32.750,32.99,-79.92,0.292444,30.00,0.295948,188.87,0.000000,35.00
32.800,33.19,-79.92,0.292451,30.00,0.271757,195.88,0.000000,35.00
32.850,33.14,-79.92,0.292443,30.00,0.219525,192.32,0.000000,35.00
32.900,33.21,-79.92,0.292440,30.00,0.223872,194.53,0.000000,35.00
32.950,33.24,-79.92,0.292442,30.00,0.232159,196.18,0.000000,35.00
33.000,33.06,-79.92,0.292444,30.00,0.208356,189.46,0.000000,35.00
33.050,33.16,-79.91,0.292444,30.00,0.124231,188.50,0.000000,35.00
33.100,33.24,-79.91,0.292441,30.00,0.183582,194.59,0.000000,35.00
33.150,33.24,-79.91,0.292442,30.00,0.149824,195.12,0.000000,35.00
33.200,33.31,-79.91,0.292440,30.00,0.157393,194.38,0.000000,35.00
33.250,33.24,-79.91,0.292439,30.00,0.207397,192.72,0.000000,35.00
33.300,33.09,-79.91,0.292445,30.00,0.190372,192.46,0.000000,35.00
33.350,33.10,-79.91,0.292445,30.00,0.237301,193.16,0.000000,35.00
33.400,33.11,-79.91,0.292446,30.00,0.219859,190.17,0.000000,35.00
33.450,33.21,-79.91,0.292439,30.00,0.221833,191.04,0.000000,35.00
33.500,33.42,-79.91,0.292444,30.00,0.211983,196.73,0.000000,35.00
33.550,33.30,-79.91,0.292439,30.00,0.252466,195.96,0.000000,35.00
33.600,33.13,-79.91,0.292440,30.00,0.192422,193.45,0.000000,35.00
33.650,32.96,-79.91,0.292437,30.00,0.153014,187.64,0.000000,35.00
33.700,33.05,-79.91,0.292438,30.00,0.193038,189.70,0.000000,35.00
33.750,33.31,-79.91,0.292440,30.00,0.193135,195.96,0.000000,35.00
33.800,33.32,-79.91,0.292450,30.00,0.197197,196.14,0.000000,35.00
33.850,33.09,-79.91,0.292446,30.00,0.213473,190.12,0.000000,35.00
33.900,33.00,-79.91,0.292439,30.00,0.207110,188.05,0.000000,35.00
33.950,33.11,-79.91,0.292436,30.00,0.167991,191.69,0.000000,35.00
34.000,33.13,-79.91,0.292447,30.00,0.242627,192.02,0.000000,35.00
34.050,33.12,-79.91,0.292440,30.00,0.239651,191.77,0.000000,35.00
34.100,33.32,-79.91,0.292445,30.00,0.217692,200.04,0.000000,35.00
34.150,33.31,-79.91,0.292447,30.00,0.177085,197.45,0.000000,35.00
34.200,33.41,-79.91,0.292450,30.00,0.190448,193.92,0.000000,35.00
34.250,33.57,-79.91,0.292446,30.00,0.210283,199.43,0.000000,35.00
34.300,33.68,-79.91,0.292445,30.00,0.160049,205.03,0.000000,35.00
34.350,33.43,-79.91,0.292446,30.00,0.210528,199.58,0.000000,35.00
34.400,33.21,-79.91,0.292451,30.00,0.381346,192.97,0.000000,35.00
34.450,33.22,-79.91,0.292441,30.00,0.368247,191.52,0.000000,35.00
34.500,33.13,-79.91,0.292449,30.00,0.314491,187.20,0.000000,35.00
34.550,33.25,-79.91,0.292439,30.00,0.333912,190.06,0.000000,35.00
34.600,33.36,-79.91,0.292442,30.00,0.376330,197.26,0.000000,35.00
34.650,33.27,-79.91,0.292437,30.00,0.289868,197.52,0.000000,35.00
34.700,33.17,-79.91,0.292439,30.00,0.330329,188.33,0.000000,35.00
34.750,33.16,-79.91,0.292440,30.00,0.320859,188.71,0.000000,35.00
34.800,33.06,-79.91,0.292439,30.00,0.293788,191.22,0.000000,35.00
34.850,32.97,-79.91,0.292439,30.00,0.238827,187.05,0.000000,35.00
34.900,33.07,-79.92,0.292449,30.00,0.315203,188.33,0.000000,35.00
34.950,33.21,-79.91,0.292451,30.00,0.246868,194.70,0.000000,35.00
35.000,33.35,-79.92,0.292440,30.00,0.230597,197.33,0.000000,35.00
35.050,33.21,-79.92,0.292438,30.00,0.236797,190.76,0.000000,35.00
35.100,33.60,-79.92,0.292454,30.00,0.326715,202.03,0.000000,35.00
35.150,33.45,-79.92,0.292446,30.00,0.228986,199.59,0.000000,35.00
35.200,33.15,-79.92,0.292441,30.00,0.159308,192.08,0.000000,35.00
35.250,33.39,-79.92,0.292439,30.00,0.210046,200.18,0.000000,35.00
35.300,33.57,-79.92,0.292445,30.00,0.220269,204.84,0.000000,35.00
35.350,33.57,-79.92,0.292447,30.00,0.247146,202.45,0.000000,35.00
35.400,33.35,-79.92,0.292452,30.00,0.277795,191.81,0.000000,35.00
35.450,33.36,-79.92,0.292442,30.00,0.203678,195.11,0.000000,35.00
35.500,33.14,-79.92,0.292433,30.00,0.173185,192.30,0.000000,35.00
35.550,32.74,-79.92,0.292439,30.00,0.163863,179.50,0.000000,35.00
35.600,32.83,-79.92,0.292443,30.00,0.270056,183.26,0.000000,35.00
35.650,33.14,-79.92,0.292453,30.00,0.273638,188.70,0.000000,35.00
35.700,33.11,-79.91,0.292451,30.00,0.203380,189.80,0.000000,35.00
35.750,33.06,-79.91,0.292448,30.00,0.203692,190.82,0.000000,35.00
35.800,33.01,-79.91,0.292456,30.00,0.259863,190.34,0.000000,35.00
35.850,32.84,-79.91,0.292447,30.00,0.261213,184.81,0.000000,35.00
35.900,32.74,-79.91,0.292447,30.00,0.217062,178.23,0.000000,35.00
35.950,32.98,-79.91,0.292442,30.00,0.232767,187.11,0.000000,35.00
36.000,33.24,-79.91,0.292449,30.00,0.266971,195.47,0.000000,35.00
36.050,33.24,-79.91,0.292444,30.00,0.320203,194.47,0.000000,35.00
36.100,33.47,-79.91,0.292446,30.00,0.315798,202.46,0.000000,35.00
36.150,33.75,-79.91,0.292437,30.00,0.288829,209.40,0.000000,35.00
36.200,33.48,-79.91,0.292444,30.00,0.278348,198.76,0.000000,35.00
36.250,33.29,-79.91,0.292441,30.00,0.256406,193.07,0.000000,35.00
36.300,33.30,-79.91,0.292443,30.00,0.189200,196.28,0.000000,35.00
36.350,33.23,-79.91,0.292437,30.00,0.143962,191.92,0.000000,35.00
36.400,33.17,-79.91,0.292438,30.00,0.207486,189.87,0.000000,35.00
36.450,33.25,-79.91,0.292438,30.00,0.179228,195.71,0.000000,35.00
36.500,33.34,-79.91,0.292437,30.00,0.226783,198.06,0.000000,35.00
36.550,33.18,-79.91,0.292442,30.00,0.253925,194.62,0.000000,35.00
36.600,33.20,-79.91,0.292438,30.00,0.243276,192.73,0.000000,35.00
36.650,33.23,-79.91,0.292429,30.00,0.357533,191.11,0.000000,35.00
36.700,33.27,-79.91,0.292445,30.00,0.356116,193.82,0.000000,35.00
36.750,33.36,-79.91,0.292437,30.00,0.258767,199.47,0.000000,35.00
36.800,33.14,-79.91,0.292446,30.00,0.205676,193.83,0.000000,35.00
36.850,32.92,-79.91,0.292454,30.00,0.199111,183.88,0.000000,35.00
36.900,33.06,-79.91,0.292452,30.00,0.188096,188.87,0.000000,35.00
36.950,33.15,-79.91,0.292447,30.00,0.267193,191.03,0.000000,35.00
37.000,33.26,-79.91,0.292438,30.00,0.219712,194.54,0.000000,35.00
37.050,33.24,-79.91,0.292430,30.00,0.189703,192.68,0.000000,35.00
37.100,33.18,-79.91,0.292436,30.00,0.198433,193.40,0.000000,35.00
37.150,33.27,-79.91,0.292435,30.00,0.164977,195.38,0.000000,35.00
37.200,33.38,-79.91,0.292445,30.00,0.213765,193.88,0.000000,35.00
37.250,33.42,-79.91,0.292445,30.00,0.239799,197.67,0.000000,35.00
37.300,33.34,-79.91,0.292448,30.00,0.189617,197.59,0.000000,35.00
37.350,33.38,-79.91,0.292445,30.00,0.152841,199.48,0.000000,35.00
37.400,33.53,-79.91,0.292446,30.00,0.198981,199.81,0.000000,35.00
37.450,33.40,-79.91,0.292439,30.00,0.232553,195.59,0.000000,35.00
37.500,33.39,-79.92,0.292439,30.00,0.282719,197.00,0.000000,35.00
37.550,33.32,-79.91,0.292440,30.00,0.205686,195.27,0.000000,35.00
37.600,33.11,-79.92,0.292444,30.00,0.191053,190.27,0.000000,35.00
37.650,33.08,-79.92,0.292436,30.00,0.218887,188.53,0.000000,35.00
37.700,33.10,-79.92,0.292438,30.00,0.212022,187.95,0.000000,35.00
37.750,32.92,-79.92,0.292452,30.00,0.206362,182.62,0.000000,35.00
37.800,33.06,-79.92,0.292455,30.00,0.222619,187.88,0.000000,35.00
37.850,33.03,-79.92,0.292445,30.00,0.266419,188.44,0.000000,35.00
37.900,33.01,-79.92,0.292452,30.00,0.269759,188.63,0.000000,35.00
37.950,33.27,-79.92,0.292442,30.00,0.202358,197.40,0.000000,35.00
38.000,33.18,-79.92,0.292442,30.00,0.152608,191.69,0.000000,35.00
38.050,32.98,-79.92,0.292452,30.00,0.220582,183.96,0.000000,35.00
38.100,33.17,-79.92,0.292461,30.00,0.209688,191.14,0.000000,35.00
38.150,33.56,-79.92,0.292453,30.00,0.216635,204.24,0.000000,35.00
38.200,33.29,-79.92,0.292445,30.00,0.127501,197.06,0.000000,35.00
38.250,33.00,-79.92,0.292445,30.00,0.156437,185.35,0.000000,35.00
38.300,33.08,-79.92,0.292446,30.00,0.170895,189.66,0.000000,35.00
38.350,33.22,-79.91,0.292446,30.00,0.265728,192.08,0.000000,35.00
38.400,33.30,-79.91,0.292459,30.00,0.232380,194.50,0.000000,35.00
38.450,33.43,-79.91,0.292449,30.00,0.251491,197.79,0.000000,35.00
38.500,33.36,-79.91,0.292437,30.00,0.279957,191.67,0.000000,35.00
38.550,33.10,-79.91,0.292440,30.00,0.268262,187.14,0.000000,35.00
38.600,33.08,-79.91,0.292430,30.00,0.238889,189.07,0.000000,35.00
38.650,33.25,-79.91,0.292435,30.00,0.196017,194.43,0.000000,35.00
38.700,33.37,-79.91,0.292441,30.00,0.161552,194.89,0.000000,35.00
38.750,33.41,-79.91,0.292451,30.00,0.215011,197.53,0.000000,35.00
38.800,33.25,-79.91,0.292450,30.00,0.211024,196.28,0.000000,35.00
38.850,32.95,-79.91,0.292441,30.00,0.306592,187.06,0.000000,35.00
38.900,32.99,-79.91,0.292443,30.00,0.266495,189.70,0.000000,35.00
38.950,33.45,-79.91,0.292447,30.00,0.236798,202.14,0.000000,35.00
39.000,33.35,-79.91,0.292451,30.00,0.208168,197.93,0.000000,35.00
39.050,32.95,-79.91,0.292452,30.00,0.240391,184.32,0.000000,35.00
39.100,33.03,-79.91,0.292457,30.00,0.351073,185.60,0.000000,35.00
39.150,33.02,-79.91,0.292447,30.00,0.318217,187.66,0.000000,35.00
39.200,33.08,-79.91,0.292449,30.00,0.232358,190.00,0.000000,35.00
39.250,33.26,-79.91,0.292438,30.00,0.177001,196.63,0.000000,35.00
39.300,33.30,-79.91,0.292437,30.00,0.153457,196.63,0.000000,35.00
39.350,33.57,-79.91,0.292441,30.00,0.170507,203.45,0.000000,35.00
39.400,33.52,-79.91,0.292451,30.00,0.122690,200.03,0.000000,35.00
39.450,33.37,-79.91,0.292461,30.00,0.147491,195.45,0.000000,35.00
39.500,33.28,-79.91,0.292442,30.00,0.217801,194.09,0.000000,35.00
39.550,32.97,-79.91,0.292447,30.00,0.191112,184.27,0.000000,35.00
39.600,33.07,-79.91,0.292453,30.00,0.133578,187.94,0.000000,35.00
39.650,33.26,-79.91,0.292444,30.00,0.191224,195.30,0.000000,35.00
39.700,33.22,-79.91,0.292444,30.00,0.239585,195.81,0.000000,35.00
39.750,33.11,-79.91,0.292441,30.00,0.227953,190.00,0.000000,35.00
39.800,33.22,-79.91,0.292445,30.00,0.211794,193.46,0.000000,35.00
39.850,33.41,-79.91,0.292445,30.00,0.162531,198.89,0.000000,35.00
39.900,33.54,-79.91,0.292441,30.00,0.155204,199.50,0.000000,35.00
39.950,33.44,-79.91,0.292439,30.00,0.178437,196.41,0.000000,35.00
40.000,33.41,-79.91,0.292450,30.00,0.176507,196.01,0.000000,35.00
40.050,33.19,-79.91,0.292446,30.00,0.152296,192.26,0.000000,35.00
40.100,33.18,-79.91,0.292440,30.00,0.161788,192.47,0.000000,35.00
40.150,33.12,-79.91,0.292443,30.00,0.187855,189.13,0.000000,35.00
40.200,33.07,-79.91,0.292445,30.00,0.180880,189.89,0.000000,35.00
40.250,33.26,-79.92,0.292438,30.00,0.165299,192.87,0.000000,35.00
40.300,33.52,-79.92,0.292432,30.00,0.166236,200.80,0.000000,35.00
40.350,33.39,-79.92,0.292442,30.00,0.173629,196.78,0.000000,35.00
40.400,33.14,-79.92,0.292440,30.00,0.156634,188.27,0.000000,35.00
40.450,33.07,-79.92,0.292444,30.00,0.162701,185.99,0.000000,35.00
40.500,33.14,-79.92,0.292446,30.00,0.303734,186.11,0.000000,35.00
40.550,33.26,-79.92,0.292446,30.00,0.271005,189.38,0.000000,35.00
40.600,33.28,-79.92,0.292447,30.00,0.153454,188.64,0.000000,35.00
40.650,33.35,-79.92,0.292457,30.00,0.219520,190.06,0.000000,35.00
40.700,33.45,-79.92,0.292456,30.00,0.231855,195.06,0.000000,35.00
40.750,33.30,-79.92,0.292439,30.00,0.188158,193.97,0.000000,35.00
40.800,33.16,-79.92,0.292438,30.00,0.160455,193.07,0.000000,35.00
40.850,32.90,-79.92,0.292443,30.00,0.164105,183.77,0.000000,35.00
40.900,32.80,-79.92,0.292434,30.00,0.181181,179.37,0.000000,35.00
40.950,32.91,-79.92,0.292439,30.00,0.214157,183.41,0.000000,35.00
41.000,32.98,-79.91,0.292443,30.00,0.221057,187.07,0.000000,35.00
41.050,33.02,-79.91,0.292441,30.00,0.204499,187.36,0.000000,35.00
41.100,33.19,-79.91,0.292438,30.00,0.169613,193.09,0.000000,35.00
41.150,33.19,-79.91,0.292449,30.00,0.254465,194.94,0.000000,35.00
41.200,33.11,-79.91,0.292441,30.00,0.312192,192.30,0.000000,35.00
41.250,33.36,-79.91,0.292446,30.00,0.306685,198.97,0.000000,35.00
41.300,33.50,-79.91,0.292445,30.00,0.277054,199.55,0.000000,35.00
41.350,33.49,-79.91,0.292442,30.00,0.166103,199.71,0.000000,35.00
41.400,33.16,-79.91,0.292446,30.00,0.173336,190.80,0.000000,35.00
41.450,33.07,-79.91,0.292448,30.00,0.123304,187.54,0.000000,35.00
41.500,33.19,-79.91,0.292450,30.00,0.164562,191.71,0.000000,35.00
41.550,33.19,-79.91,0.292448,30.00,0.164397,191.05,0.000000,35.00
41.600,33.24,-79.91,0.292440,30.00,0.175745,196.07,0.000000,35.00
41.650,33.34,-79.91,0.292446,30.00,0.137058,199.49,0.000000,35.00
41.700,33.34,-79.91,0.292444,30.00,0.217675,198.04,0.000000,35.00
41.750,33.42,-79.91,0.292441,30.00,0.265981,197.19,0.000000,35.00
41.800,33.34,-79.91,0.292446,30.00,0.238799,196.16,0.000000,35.00
41.850,33.33,-79.91,0.292448,30.00,0.164040,197.34,0.000000,35.00
41.900,33.35,-79.91,0.292441,30.00,0.172425,196.53,0.000000,35.00
41.950,33.27,-79.91,0.292448,30.00,0.243657,195.46,0.000000,35.00
42.000,33.16,-79.91,0.292440,30.00,0.331721,193.04,0.000000,35.00
42.050,33.13,-79.91,0.292443,30.00,0.291973,190.58,0.000000,35.00
42.100,33.04,-79.91,0.292440,30.00,0.241576,187.37,0.000000,35.00
42.150,33.38,-79.91,0.292435,30.00,0.244966,197.24,0.000000,35.00
42.200,33.41,-79.91,0.292445,30.00,0.167084,197.05,0.000000,35.00
42.250,33.18,-79.91,0.292460,30.00,0.151968,190.26,0.000000,35.00
42.300,33.11,-79.91,0.292452,30.00,0.141060,190.21,0.000000,35.00
42.350,32.90,-79.91,0.292450,30.00,0.135752,187.66,0.000000,35.00
42.400,33.07,-79.91,0.292444,30.00,0.209834,194.58,0.000000,35.00
42.450,33.25,-79.91,0.292439,30.00,0.242586,198.47,0.000000,35.00
42.500,33.12,-79.91,0.292435,30.00,0.246312,192.79,0.000000,35.00
42.550,33.19,-79.91,0.292440,30.00,0.231724,192.13,0.000000,35.00
42.600,33.16,-79.91,0.292441,30.00,0.228787,187.26,0.000000,35.00
42.650,33.08,-79.91,0.292437,30.00,0.201593,187.69,0.000000,35.00
42.700,33.08,-79.91,0.292447,30.00,0.155280,191.77,0.000000,35.00
42.750,33.29,-79.91,0.292450,30.00,0.203403,197.66,0.000000,35.00
42.800,33.19,-79.91,0.292445,30.00,0.270342,193.51,0.000000,35.00
42.850,33.05,-79.91,0.292462,30.00,0.422316,187.13,0.000000,35.00
42.900,33.12,-79.92,0.292444,30.00,0.517629,190.33,0.000000,35.00
42.950,33.15,-79.92,0.292449,30.00,0.421717,193.81,0.000000,35.00
43.000,33.43,-79.92,0.292443,30.00,0.350289,199.41,0.000000,35.00
43.050,33.51,-79.92,0.292452,30.00,0.289478,195.96,0.000000,35.00
43.100,33.21,-79.92,0.292445,30.00,0.267834,186.71,0.000000,35.00
43.150,32.96,-79.92,0.292444,30.00,0.296933,182.84,0.000000,35.00
43.200,32.97,-79.92,0.292447,30.00,0.130333,182.25,0.000000,35.00
43.250,33.00,-79.92,0.292443,30.00,0.191152,185.56,0.000000,35.00
43.300,32.98,-79.92,0.292435,30.00,0.216730,187.16,0.000000,35.00
43.350,33.14,-79.92,0.292439,30.00,0.215239,190.36,0.000000,35.00
43.400,33.21,-79.92,0.292433,30.00,0.190236,189.49,0.000000,35.00
43.450,33.20,-79.92,0.292433,30.00,0.185847,189.48,0.000000,35.00
43.500,33.33,-79.92,0.292436,30.00,0.208618,194.47,0.000000,35.00
43.550,33.42,-79.92,0.292449,30.00,0.343109,195.37,0.000000,35.00
43.600,33.23,-79.92,0.292443,30.00,0.370394,192.27,0.000000,35.00
43.650,33.28,-79.91,0.292446,30.00,0.277860,195.00,0.000000,35.00
43.700,33.18,-79.91,0.292435,30.00,0.240697,191.57,0.000000,35.00
43.750,33.17,-79.91,0.292435,30.00,0.237726,191.47,0.000000,35.00
43.800,33.10,-79.91,0.292436,30.00,0.236231,189.85,0.000000,35.00
43.850,33.12,-79.91,0.292439,30.00,0.244660,190.87,0.000000,35.00
43.900,32.99,-79.91,0.292437,30.00,0.171571,186.72,0.000000,35.00
43.950,33.14,-79.91,0.292449,30.00,0.218422,191.55,0.000000,35.00
44.000,33.22,-79.91,0.292443,30.00,0.219060,193.50,0.000000,35.00
44.050,33.20,-79.91,0.292432,30.00,0.272326,190.25,0.000000,35.00
44.100,33.23,-79.91,0.292431,30.00,0.283209,192.38,0.000000,35.00
44.150,33.26,-79.91,0.292447,30.00,0.283935,196.00,0.000000,35.00
44.200,33.28,-79.91,0.292446,30.00,0.226845,192.73,0.000000,35.00
44.250,33.01,-79.91,0.292446,30.00,0.281698,182.17,0.000000,35.00
44.300,32.89,-79.91,0.292439,30.00,0.327553,185.13,0.000000,35.00
44.350,33.23,-79.91,0.292454,30.00,0.275598,197.79,0.000000,35.00
44.400,33.21,-79.91,0.292450,30.00,0.163219,195.35,0.000000,35.00
44.450,33.06,-79.91,0.292444,30.00,0.289204,185.37,0.000000,35.00
44.500,33.45,-79.91,0.292440,30.00,0.345664,198.63,0.000000,35.00
44.550,33.40,-79.91,0.292446,30.00,0.300816,199.48,0.000000,35.00
44.600,33.02,-79.91,0.292457,30.00,0.283151,186.39,0.000000,35.00
44.650,33.32,-79.91,0.292457,30.00,0.320051,194.88,0.000000,35.00
44.700,33.61,-79.91,0.292445,30.00,0.431245,205.80,0.000000,35.00
44.750,33.73,-79.91,0.292452,30.00,0.356048,208.66,0.000000,35.00
44.800,33.51,-79.91,0.292441,30.00,0.217655,202.83,0.000000,35.00
44.850,33.16,-79.91,0.292446,30.00,0.190575,192.38,0.000000,35.00
44.900,33.16,-79.91,0.292443,30.00,0.244107,190.44,0.000000,35.00
44.950,33.08,-79.91,0.292431,30.00,0.271071,185.76,0.000000,35.00
45.000,33.11,-79.91,0.292432,30.00,0.259510,187.95,0.000000,35.00
45.050,33.28,-79.91,0.292449,30.00,0.276978,193.30,0.000000,35.00
45.100,33.30,-79.91,0.292445,30.00,0.297641,195.91,0.000000,35.00
45.150,33.28,-79.91,0.292445,30.00,0.345568,198.42,0.000000,35.00
45.200,33.04,-79.91,0.292436,30.00,0.327753,187.86,0.000000,35.00
45.250,33.10,-79.91,0.292443,30.00,0.281902,188.52,0.000000,35.00
45.300,33.10,-79.91,0.292445,30.00,0.213812,189.66,0.000000,35.00
45.350,33.02,-79.91,0.292453,30.00,0.192356,186.96,0.000000,35.00
45.400,33.10,-79.91,0.292446,30.00,0.210098,189.43,0.000000,35.00
45.450,33.31,-79.91,0.292442,30.00,0.238477,192.89,0.000000,35.00
45.500,33.27,-79.92,0.292439,30.00,0.309245,193.21,0.000000,35.00
45.550,33.08,-79.91,0.292452,30.00,0.341864,189.36,0.000000,35.00
45.600,33.23,-79.92,0.292453,30.00,0.233683,191.03,0.000000,35.00
45.650,33.35,-79.92,0.292452,30.00,0.233749,194.57,0.000000,35.00
45.700,33.36,-79.92,0.292437,30.00,0.319659,197.92,0.000000,35.00
45.750,33.32,-79.92,0.292443,30.00,0.249382,199.04,0.000000,35.00
45.800,33.15,-79.92,0.292440,30.00,0.202646,191.81,0.000000,35.00
45.850,33.11,-79.92,0.292444,30.00,0.178745,188.61,0.000000,35.00
45.900,33.19,-79.92,0.292449,30.00,0.142668,190.53,0.000000,35.00
45.950,33.28,-79.92,0.292447,30.00,0.156449,195.69,0.000000,35.00
46.000,33.19,-79.92,0.292448,30.00,0.109396,193.80,0.000000,35.00
46.050,33.17,-79.92,0.292442,30.00,0.163357,193.12,0.000000,35.00
46.100,33.13,-79.92,0.292436,30.00,0.147107,189.15,0.000000,35.00
46.150,33.24,-79.92,0.292442,30.00,0.202924,190.86,0.000000,35.00
46.200,33.13,-79.92,0.292453,30.00,0.231722,190.62,0.000000,35.00
46.250,33.18,-79.91,0.292450,30.00,0.204677,193.05,0.000000,35.00
46.300,33.35,-79.92,0.292447,30.00,0.148159,199.03,0.000000,35.00
46.350,33.35,-79.91,0.292453,30.00,0.177094,198.79,0.000000,35.00
46.400,33.29,-79.91,0.292450,30.00,0.255544,193.88,0.000000,35.00
46.450,33.28,-79.91,0.292444,30.00,0.299417,191.20,0.000000,35.00
46.500,33.08,-79.91,0.292445,30.00,0.297355,188.69,0.000000,35.00
46.550,32.94,-79.91,0.292435,30.00,0.188127,185.60,0.000000,35.00
46.600,33.14,-79.91,0.292437,30.00,0.151234,189.29,0.000000,35.00
46.650,33.53,-79.91,0.292447,30.00,0.198412,201.97,0.000000,35.00
46.700,33.54,-79.91,0.292451,30.00,0.225025,200.49,0.000000,35.00
46.750,33.37,-79.91,0.292458,30.00,0.224381,193.46,0.000000,35.00
46.800,33.30,-79.91,0.292454,30.00,0.286307,194.07,0.000000,35.00
46.850,33.29,-79.91,0.292451,30.00,0.227123,196.36,0.000000,35.00
46.900,33.18,-79.91,0.292447,30.00,0.172424,193.82,0.000000,35.00
46.950,33.23,-79.91,0.292438,30.00,0.146366,193.88,0.000000,35.00
47.000,33.49,-79.91,0.292437,30.00,0.206843,200.87,0.000000,35.00
47.050,33.45,-79.91,0.292445,30.00,0.222411,197.64,0.000000,35.00
47.100,33.07,-79.91,0.292452,30.00,0.209575,185.33,0.000000,35.00
47.150,32.96,-79.91,0.292450,30.00,0.160303,186.23,0.000000,35.00
47.200,33.23,-79.91,0.292449,30.00,0.176107,193.91,0.000000,35.00
47.250,33.00,-79.91,0.292443,30.00,0.230199,184.73,0.000000,35.00
47.300,33.01,-79.91,0.292441,30.00,0.230562,187.04,0.000000,35.00
47.350,33.20,-79.91,0.292443,30.00,0.202372,195.85,0.000000,35.00
47.400,33.04,-79.91,0.292438,30.00,0.149046,189.08,0.000000,35.00
47.450,33.25,-79.91,0.292444,30.00,0.162746,192.50,0.000000,35.00
47.500,33.48,-79.91,0.292453,30.00,0.160645,198.03,0.000000,35.00
47.550,33.28,-79.91,0.292452,30.00,0.097809,192.75,0.000000,35.00
47.600,33.07,-79.91,0.292445,30.00,0.102153,189.55,0.000000,35.00
47.650,33.16,-79.91,0.292436,30.00,0.128227,192.95,0.000000,35.00
47.700,33.26,-79.91,0.292438,30.00,0.161970,196.13,0.000000,35.00
47.750,33.23,-79.91,0.292439,30.00,0.198769,193.16,0.000000,35.00
47.800,33.37,-79.91,0.292443,30.00,0.136848,196.48,0.000000,35.00
47.850,33.40,-79.91,0.292441,30.00,0.266869,197.88,0.000000,35.00
47.900,33.27,-79.91,0.292450,30.00,0.245098,196.28,0.000000,35.00
47.950,33.37,-79.91,0.292441,30.00,0.237365,200.84,0.000000,35.00
48.000,33.33,-79.91,0.292446,30.00,0.216126,198.23,0.000000,35.00
48.050,33.15,-79.91,0.292454,30.00,0.175188,189.86,0.000000,35.00
48.100,33.02,-79.91,0.292444,30.00,0.175478,185.72,0.000000,35.00
48.150,33.20,-79.92,0.292434,30.00,0.207058,191.90,0.000000,35.00
48.200,33.38,-79.92,0.292439,30.00,0.187532,198.99,0.000000,35.00
48.250,33.32,-79.92,0.292440,30.00,0.203526,195.77,0.000000,35.00
48.300,33.15,-79.92,0.292446,30.00,0.161289,192.32,0.000000,35.00
48.350,32.93,-79.92,0.292442,30.00,0.260558,188.24,0.000000,35.00
48.400,32.91,-79.92,0.292440,30.00,0.218325,184.79,0.000000,35.00
48.450,32.91,-79.92,0.292440,30.00,0.190703,181.78,0.000000,35.00
48.500,33.08,-79.92,0.292444,30.00,0.169448,186.81,0.000000,35.00
48.550,33.14,-79.92,0.292449,30.00,0.147682,187.88,0.000000,35.00
48.600,32.99,-79.92,0.292449,30.00,0.209448,183.10,0.000000,35.00
48.650,33.24,-79.92,0.292441,30.00,0.211970,191.43,0.000000,35.00
48.700,33.20,-79.92,0.292447,30.00,0.200486,192.54,0.000000,35.00
48.750,32.97,-79.92,0.292445,30.00,0.247888,185.58,0.000000,35.00
48.800,32.92,-79.92,0.292443,30.00,0.255314,188.38,0.000000,35.00
48.850,33.13,-79.92,0.292439,30.00,0.256970,192.84,0.000000,35.00
48.900,33.19,-79.92,0.292446,30.00,0.227325,191.72,0.000000,35.00
48.950,33.19,-79.91,0.292442,30.00,0.241442,190.81,0.000000,35.00
49.000,33.35,-79.91,0.292437,30.00,0.171363,196.77,0.000000,35.00
49.050,33.33,-79.91,0.292440,30.00,0.183925,195.47,0.000000,35.00
49.100,33.08,-79.91,0.292438,30.00,0.195163,188.73,0.000000,35.00
49.150,32.97,-79.91,0.292444,30.00,0.154542,186.69,0.000000,35.00
49.200,33.14,-79.91,0.292455,30.00,0.184107,191.29,0.000000,35.00
49.250,33.31,-79.91,0.292443,30.00,0.293847,194.88,0.000000,35.00
49.300,33.27,-79.91,0.292444,30.00,0.260436,190.92,0.000000,35.00
49.350,33.20,-79.91,0.292445,30.00,0.132475,191.13,0.000000,35.00
49.400,33.26,-79.91,0.292441,30.00,0.150126,194.71,0.000000,35.00
49.450,33.04,-79.91,0.292437,30.00,0.178879,188.54,0.000000,35.00
49.500,33.27,-79.91,0.292442,30.00,0.177698,195.39,0.000000,35.00
49.550,33.36,-79.91,0.292444,30.00,0.246865,195.90,0.000000,35.00
49.600,33.18,-79.91,0.292447,30.00,0.257154,191.13,0.000000,35.00
49.650,33.28,-79.91,0.292443,30.00,0.286444,195.87,0.000000,35.00
49.700,33.32,-79.91,0.292450,30.00,0.320001,196.28,0.000000,35.00
49.750,33.38,-79.91,0.292444,30.00,0.316264,196.55,0.000000,35.00
49.800,33.55,-79.91,0.292440,30.00,0.307408,199.20,0.000000,35.00
49.850,33.48,-79.91,0.292442,30.00,0.286673,198.54,0.000000,35.00
49.900,33.10,-79.91,0.292445,30.00,0.256829,190.11,0.000000,35.00
49.950,32.96,-79.91,0.292441,30.00,0.229033,186.33,0.000000,35.00
50.000,33.42,-79.91,0.292439,30.00,0.300745,197.11,0.000000,35.00
50.050,33.50,-79.91,0.292443,30.00,0.274239,202.23,0.000000,35.00
50.100,33.26,-79.91,0.292448,30.00,0.183501,194.73,0.000000,35.00
50.150,33.41,-79.91,0.292439,30.00,0.177191,198.28,0.000000,35.00
50.200,33.52,-79.91,0.292443,30.00,0.156838,202.82,0.000000,35.00
50.250,33.17,-79.91,0.292444,30.00,0.169168,192.08,0.000000,35.00
50.300,33.06,-79.91,0.292446,30.00,0.151411,189.05,0.000000,35.00
50.350,33.19,-79.91,0.292442,30.00,0.172625,195.12,0.000000,35.00
50.400,33.29,-79.91,0.292437,30.00,0.202938,197.18,0.000000,35.00
50.450,33.15,-79.91,0.292439,30.00,0.207175,190.92,0.000000,35.00
50.500,33.13,-79.91,0.292447,30.00,0.257269,190.64,0.000000,35.00
50.550,33.14,-79.91,0.292444,30.00,0.269035,191.24,0.000000,35.00
50.600,32.89,-79.91,0.292450,30.00,0.325407,181.48,0.000000,35.00
50.650,33.08,-79.91,0.292439,30.00,0.323468,189.38,0.000000,35.00
50.700,33.31,-79.91,0.292446,30.00,0.209130,195.08,0.000000,35.00
50.750,33.07,-79.91,0.292449,30.00,0.139216,187.79,0.000000,35.00
50.800,33.21,-79.91,0.292445,30.00,0.182780,195.43,0.000000,35.00
50.850,33.60,-79.92,0.292438,30.00,0.262880,206.86,0.000000,35.00
50.900,33.40,-79.92,0.292441,30.00,0.226920,198.69,0.000000,35.00
50.950,32.96,-79.92,0.292449,30.00,0.220547,186.66,0.000000,35.00
51.000,33.05,-79.92,0.292454,30.00,0.303165,190.38,0.000000,35.00
51.050,33.25,-79.92,0.292433,30.00,0.358017,194.13,0.000000,35.00
51.100,33.44,-79.92,0.292437,30.00,0.266247,198.27,0.000000,35.00
51.150,33.24,-79.92,0.292442,30.00,0.119886,194.59,0.000000,35.00
51.200,33.18,-79.92,0.292447,30.00,0.161396,192.50,0.000000,35.00
51.250,33.28,-79.92,0.292448,30.00,0.257215,194.70,0.000000,35.00
51.300,33.19,-79.92,0.292453,30.00,0.322902,191.17,0.000000,35.00
51.350,33.13,-79.92,0.292438,30.00,0.385633,186.85,0.000000,35.00
51.400,33.24,-79.92,0.292445,30.00,0.420423,189.19,0.000000,35.00
51.450,33.31,-79.92,0.292440,30.00,0.414947,190.73,0.000000,35.00
51.500,33.36,-79.92,0.292444,30.00,0.402079,196.19,0.000000,35.00
51.550,33.34,-79.92,0.292434,30.00,0.349435,195.92,0.000000,35.00
51.600,33.30,-79.91,0.292435,30.00,0.265767,195.00,0.000000,35.00
51.650,33.26,-79.91,0.292442,30.00,0.219999,193.98,0.000000,35.00
51.700,33.39,-79.91,0.292457,30.00,0.252204,197.91,0.000000,35.00
51.750,33.48,-79.91,0.292460,30.00,0.143824,199.58,0.000000,35.00
51.800,33.59,-79.91,0.292445,30.00,0.233244,201.47,0.000000,35.00
51.850,33.41,-79.91,0.292437,30.00,0.284518,199.22,0.000000,35.00
51.900,33.12,-79.91,0.292451,30.00,0.225979,191.51,0.000000,35.00
51.950,33.08,-79.91,0.292453,30.00,0.217051,188.52,0.000000,35.00
52.000,33.09,-79.91,0.292459,30.00,0.222549,189.28,0.000000,35.00
52.050,33.18,-79.91,0.292452,30.00,0.189601,191.93,0.000000,35.00
52.100,33.25,-79.91,0.292451,30.00,0.245636,193.05,0.000000,35.00
52.150,33.06,-79.91,0.292442,30.00,0.213012,188.37,0.000000,35.00
52.200,32.98,-79.91,0.292437,30.00,0.190048,188.12,0.000000,35.00
52.250,32.99,-79.91,0.292438,30.00,0.214207,187.25,0.000000,35.00
52.300,33.01,-79.91,0.292446,30.00,0.214724,186.77,0.000000,35.00
52.350,33.11,-79.91,0.292443,30.00,0.156787,189.09,0.000000,35.00
52.400,33.10,-79.91,0.292435,30.00,0.196178,190.30,0.000000,35.00
52.450,32.82,-79.91,0.292429,30.00,0.299726,182.65,0.000000,35.00
52.500,32.73,-79.91,0.292449,30.00,0.346123,178.02,0.000000,35.00
52.550,33.01,-79.91,0.292446,30.00,0.261070,187.14,0.000000,35.00
52.600,33.40,-79.91,0.292444,30.00,0.203939,194.48,0.000000,35.00
52.650,33.44,-79.91,0.292441,30.00,0.138695,193.43,0.000000,35.00
52.700,33.26,-79.91,0.292443,30.00,0.216145,191.51,0.000000,35.00
52.750,33.15,-79.91,0.292443,30.00,0.271179,188.35,0.000000,35.00
52.800,33.19,-79.91,0.292447,30.00,0.281592,190.69,0.000000,35.00
52.850,33.33,-79.91,0.292434,30.00,0.265527,194.09,0.000000,35.00
52.900,33.30,-79.91,0.292433,30.00,0.193354,195.81,0.000000,35.00
52.950,33.17,-79.91,0.292444,30.00,0.184546,191.79,0.000000,35.00
53.000,33.36,-79.91,0.292451,30.00,0.269157,198.35,0.000000,35.00
53.050,33.30,-79.91,0.292440,30.00,0.298867,198.44,0.000000,35.00
53.100,32.98,-79.91,0.292444,30.00,0.284654,186.13,0.000000,35.00
53.150,32.97,-79.91,0.292443,30.00,0.311511,185.33,0.000000,35.00
53.200,32.97,-79.91,0.292447,30.00,0.253778,186.12,0.000000,35.00
53.250,33.06,-79.91,0.292444,30.00,0.125634,191.06,0.000000,35.00
53.300,33.20,-79.91,0.292440,30.00,0.129555,192.73,0.000000,35.00
53.350,33.27,-79.91,0.292436,30.00,0.162157,194.13,0.000000,35.00
53.400,33.11,-79.91,0.292447,30.00,0.253197,189.43,0.000000,35.00
53.450,33.00,-79.91,0.292444,30.00,0.267720,186.36,0.000000,35.00
53.500,33.19,-79.92,0.292450,30.00,0.211268,191.99,0.000000,35.00
53.550,33.17,-79.92,0.292448,30.00,0.150762,192.33,0.000000,35.00
53.600,33.00,-79.92,0.292442,30.00,0.193825,186.12,0.000000,35.00
53.650,33.26,-79.92,0.292436,30.00,0.209371,189.75,0.000000,35.00
53.700,33.45,-79.92,0.292443,30.00,0.241413,198.02,0.000000,35.00
53.750,33.29,-79.92,0.292435,30.00,0.229694,197.07,0.000000,35.00
53.800,33.33,-79.92,0.292433,30.00,0.248109,194.14,0.000000,35.00
53.850,33.26,-79.92,0.292438,30.00,0.219022,190.14,0.000000,35.00
53.900,33.06,-79.92,0.292438,30.00,0.192422,188.07,0.000000,35.00
53.950,33.04,-79.92,0.292448,30.00,0.214183,186.39,0.000000,35.00
54.000,33.11,-79.92,0.292464,30.00,0.254573,188.29,0.000000,35.00
54.050,33.48,-79.92,0.292472,30.00,0.358862,199.10,0.000000,35.00
54.100,33.51,-79.92,0.292447,30.00,0.409291,203.52,0.000000,35.00
54.150,33.63,-79.92,0.292445,30.00,0.248573,206.86,0.000000,35.00
54.200,33.54,-79.92,0.292446,30.00,0.187928,203.61,0.000000,35.00
54.250,33.41,-79.92,0.292446,30.00,0.209125,198.75,0.000000,35.00
54.300,33.14,-79.91,0.292443,30.00,0.220345,193.04,0.000000,35.00
54.350,32.96,-79.91,0.292439,30.00,0.141992,188.04,0.000000,35.00
54.400,33.05,-79.91,0.292441,30.00,0.207187,188.16,0.000000,35.00
54.450,33.13,-79.91,0.292452,30.00,0.214642,190.51,0.000000,35.00
54.500,32.96,-79.91,0.292447,30.00,0.253814,185.31,0.000000,35.00
54.550,33.12,-79.91,0.292441,30.00,0.194127,190.65,0.000000,35.00
54.600,33.22,-79.91,0.292450,30.00,0.172264,194.33,0.000000,35.00
54.650,32.93,-79.91,0.292456,30.00,0.120645,185.39,0.000000,35.00
54.700,32.84,-79.91,0.292459,30.00,0.149296,183.78,0.000000,35.00
54.750,33.17,-79.91,0.292466,30.00,0.165229,190.86,0.000000,35.00
54.800,33.28,-79.91,0.292460,30.00,0.167492,194.92,0.000000,35.00
54.850,33.25,-79.91,0.292442,30.00,0.205078,193.76,0.000000,35.00
54.900,33.27,-79.91,0.292451,30.00,0.182594,194.76,0.000000,35.00
54.950,33.06,-79.91,0.292453,30.00,0.134369,186.46,0.000000,35.00
55.000,33.05,-79.91,0.292451,30.00,0.123715,188.37,0.000000,35.00
55.050,33.16,-79.91,0.292442,30.00,0.184628,191.55,0.000000,35.00
55.100,33.09,-79.91,0.292445,30.00,0.220050,189.16,0.000000,35.00
55.150,33.13,-79.91,0.292438,30.00,0.174782,191.60,0.000000,35.00
55.200,33.06,-79.91,0.292438,30.00,0.156851,191.39,0.000000,35.00
55.250,33.04,-79.91,0.292439,30.00,0.136646,191.97,0.000000,35.00
55.300,33.16,-79.91,0.292449,30.00,0.168257,191.27,0.000000,35.00
55.350,33.20,-79.91,0.292443,30.00,0.181127,191.65,0.000000,35.00
55.400,33.02,-79.91,0.292439,30.00,0.234982,189.67,0.000000,35.00
55.450,33.04,-79.91,0.292445,30.00,0.236873,188.62,0.000000,35.00
55.500,33.25,-79.91,0.292444,30.00,0.278524,195.12,0.000000,35.00
55.550,33.06,-79.91,0.292436,30.00,0.308518,191.35,0.000000,35.00
55.600,32.92,-79.91,0.292436,30.00,0.335022,187.89,0.000000,35.00
55.650,32.85,-79.91,0.292445,30.00,0.276886,185.84,0.000000,35.00
55.700,32.92,-79.91,0.292444,30.00,0.130973,186.80,0.000000,35.00
55.750,33.10,-79.91,0.292443,30.00,0.123475,189.84,0.000000,35.00
55.800,33.19,-79.91,0.292441,30.00,0.132011,191.05,0.000000,35.00
55.850,33.26,-79.91,0.292440,30.00,0.144904,195.57,0.000000,35.00
55.900,33.33,-79.91,0.292445,30.00,0.155979,199.34,0.000000,35.00
55.950,33.26,-79.91,0.292442,30.00,0.142669,194.82,0.000000,35.00
56.000,33.07,-79.91,0.292449,30.00,0.305178,184.44,0.000000,35.00
56.050,33.36,-79.91,0.292452,30.00,0.360184,193.54,0.000000,35.00
56.100,33.38,-79.92,0.292451,30.00,0.331988,195.97,0.000000,35.00
56.150,33.28,-79.92,0.292452,30.00,0.219438,194.33,0.000000,35.00
56.200,33.34,-79.92,0.292434,30.00,0.302497,198.30,0.000000,35.00
56.250,33.43,-79.92,0.292440,30.00,0.291405,201.60,0.000000,35.00
56.300,33.12,-79.92,0.292444,30.00,0.227879,194.06,0.000000,35.00
56.350,33.32,-79.92,0.292460,30.00,0.283287,195.68,0.000000,35.00
56.400,33.52,-79.92,0.292457,30.00,0.279134,199.32,0.000000,35.00
56.450,33.45,-79.92,0.292448,30.00,0.250812,200.76,0.000000,35.00
56.500,33.20,-79.92,0.292443,30.00,0.224008,193.98,0.000000,35.00
56.550,33.31,-79.92,0.292446,30.00,0.187456,198.73,0.000000,35.00
56.600,33.22,-79.92,0.292445,30.00,0.196104,191.21,0.000000,35.00
56.650,32.96,-79.92,0.292450,30.00,0.211945,182.79,0.000000,35.00
56.700,32.94,-79.92,0.292444,30.00,0.150159,185.09,0.000000,35.00
56.750,32.96,-79.92,0.292436,30.00,0.148677,187.03,0.000000,35.00
56.800,33.14,-79.92,0.292431,30.00,0.174412,193.71,0.000000,35.00
56.850,33.53,-79.92,0.292440,30.00,0.195993,202.87,0.000000,35.00
56.900,33.41,-79.91,0.292443,30.00,0.235997,199.67,0.000000,35.00
56.950,33.03,-79.91,0.292442,30.00,0.215463,188.92,0.000000,35.00
57.000,33.06,-79.91,0.292436,30.00,0.186359,188.30,0.000000,35.00
57.050,33.45,-79.91,0.292434,30.00,0.188712,199.89,0.000000,35.00
57.100,33.36,-79.91,0.292436,30.00,0.227756,196.35,0.000000,35.00
57.150,32.98,-79.91,0.292451,30.00,0.216225,186.57,0.000000,35.00
57.200,33.10,-79.91,0.292456,30.00,0.182856,192.53,0.000000,35.00
57.250,33.38,-79.91,0.292449,30.00,0.178859,198.76,0.000000,35.00
57.300,33.16,-79.91,0.292447,30.00,0.188708,190.23,0.000000,35.00
57.350,33.04,-79.91,0.292459,30.00,0.244866,187.24,0.000000,35.00
57.400,32.96,-79.91,0.292448,30.00,0.227602,184.33,0.000000,35.00
57.450,32.91,-79.91,0.292439,30.00,0.141625,183.42,0.000000,35.00
57.500,32.93,-79.91,0.292441,30.00,0.126966,186.78,0.000000,35.00
57.550,32.95,-79.91,0.292446,30.00,0.178223,186.97,0.000000,35.00
57.600,33.02,-79.91,0.292443,30.00,0.216458,187.46,0.000000,35.00
57.650,33.16,-79.91,0.292442,30.00,0.231045,191.64,0.000000,35.00
57.700,33.11,-79.91,0.292435,30.00,0.201722,190.78,0.000000,35.00
57.750,33.08,-79.91,0.292444,30.00,0.232368,190.23,0.000000,35.00
57.800,33.12,-79.91,0.292444,30.00,0.283889,189.82,0.000000,35.00
57.850,33.33,-79.91,0.292439,30.00,0.291136,198.25,0.000000,35.00
57.900,33.31,-79.91,0.292429,30.00,0.267116,198.26,0.000000,35.00
57.950,33.26,-79.91,0.292442,30.00,0.249558,195.23,0.000000,35.00
58.000,33.20,-79.91,0.292445,30.00,0.305663,193.69,0.000000,35.00
58.050,33.27,-79.91,0.292452,30.00,0.385857,195.50,0.000000,35.00
58.100,33.19,-79.91,0.292436,30.00,0.413049,192.32,0.000000,35.00
58.150,33.06,-79.91,0.292445,30.00,0.352801,188.17,0.000000,35.00
58.200,33.04,-79.91,0.292435,30.00,0.299789,188.57,0.000000,35.00
58.250,33.03,-79.91,0.292448,30.00,0.298314,186.56,0.000000,35.00
58.300,33.07,-79.91,0.292443,30.00,0.246295,188.51,0.000000,35.00
58.350,33.36,-79.91,0.292439,30.00,0.259459,199.68,0.000000,35.00
58.400,33.23,-79.91,0.292437,30.00,0.256729,193.59,0.000000,35.00
58.450,33.26,-79.91,0.292447,30.00,0.253445,195.24,0.000000,35.00
58.500,33.29,-79.91,0.292447,30.00,0.191724,195.83,0.000000,35.00
58.550,33.36,-79.91,0.292443,30.00,0.170354,200.07,0.000000,35.00
58.600,33.20,-79.91,0.292441,30.00,0.158886,193.98,0.000000,35.00
58.650,33.16,-79.91,0.292442,30.00,0.198929,190.91,0.000000,35.00
58.700,33.16,-79.91,0.292444,30.00,0.181302,193.94,0.000000,35.00
58.750,33.11,-79.92,0.292447,30.00,0.209787,192.50,0.000000,35.00
58.800,33.27,-79.91,0.292448,30.00,0.249909,196.57,0.000000,35.00
58.850,33.22,-79.92,0.292459,30.00,0.347829,193.59,0.000000,35.00
58.900,32.97,-79.92,0.292445,30.00,0.299300,186.57,0.000000,35.00
58.950,32.87,-79.92,0.292445,30.00,0.232370,181.69,0.000000,35.00
59.000,33.08,-79.92,0.292441,30.00,0.204867,188.23,0.000000,35.00
59.050,33.23,-79.92,0.292443,30.00,0.225621,194.59,0.000000,35.00
59.100,33.21,-79.92,0.292440,30.00,0.228297,191.87,0.000000,35.00
59.150,33.13,-79.92,0.292452,30.00,0.302057,187.96,0.000000,35.00
59.200,33.12,-79.92,0.292442,30.00,0.253718,190.24,0.000000,35.00
59.250,33.17,-79.92,0.292438,30.00,0.231117,192.77,0.000000,35.00
59.300,33.20,-79.92,0.292435,30.00,0.189960,193.75,0.000000,35.00
59.350,33.13,-79.92,0.292439,30.00,0.173685,191.60,0.000000,35.00
59.400,33.41,-79.92,0.292438,30.00,0.188362,199.07,0.000000,35.00
59.450,33.30,-79.92,0.292446,30.00,0.241120,195.87,0.000000,35.00
59.500,33.09,-79.92,0.292442,30.00,0.259479,192.51,0.000000,35.00
59.550,33.23,-79.91,0.292449,30.00,0.221870,196.41,0.000000,35.00
59.600,33.30,-79.91,0.292445,30.00,0.157770,196.96,0.000000,35.00
59.650,33.12,-79.91,0.292443,30.00,0.147508,191.46,0.000000,35.00
59.700,32.92,-79.91,0.292448,30.00,0.246522,186.90,0.000000,35.00
59.750,32.92,-79.91,0.292453,30.00,0.297340,187.70,0.000000,35.00
59.800,32.96,-79.91,0.292445,30.00,0.330664,186.08,0.000000,35.00
59.850,33.11,-79.91,0.292455,30.00,0.390809,191.26,0.000000,35.00
59.900,33.28,-79.91,0.292441,30.00,0.346342,198.11,0.000000,35.00
59.950,33.13,-79.91,0.292446,30.00,0.302473,191.26,0.000000,35.00
60.000,33.17,-79.91,0.292446,30.00,0.351035,189.64,0.000000,35.00
60.050,33.30,-79.91,0.292434,30.00,0.333164,196.29,0.000000,35.00
60.100,33.21,-79.91,0.292433,30.00,0.246501,195.93,0.000000,35.00
60.150,33.09,-79.91,0.292436,30.00,0.230828,190.48,0.000000,35.00
60.200,33.24,-79.91,0.292442,30.00,0.163274,193.97,0.000000,35.00
60.250,33.67,-79.91,0.292450,30.00,0.179230,203.51,0.000000,35.00
60.300,33.40,-79.91,0.292447,30.00,0.238129,193.00,0.000000,35.00
60.350,32.99,-79.91,0.292452,30.00,0.323967,185.96,0.000000,35.00
60.400,33.03,-79.91,0.292454,30.00,0.264885,189.18,0.000000,35.00
60.450,33.05,-79.91,0.292446,30.00,0.189971,189.56,0.000000,35.00
60.500,33.09,-79.91,0.292447,30.00,0.182921,188.77,0.000000,35.00
60.550,33.43,-79.91,0.292449,30.00,0.188337,198.72,0.000000,35.00
60.600,33.40,-79.91,0.292447,30.00,0.162636,199.41,0.000000,35.00
60.650,33.38,-79.91,0.292445,30.00,0.165552,198.80,0.000000,35.00
60.700,33.18,-79.91,0.292450,30.00,0.167262,193.09,0.000000,35.00
60.750,33.15,-79.91,0.292450,30.00,0.239229,190.59,0.000000,35.00
60.800,33.39,-79.91,0.292438,30.00,0.300064,193.09,0.000000,35.00
60.850,33.36,-79.91,0.292438,30.00,0.253250,191.77,0.000000,35.00
60.900,33.25,-79.91,0.292446,30.00,0.212622,193.79,0.000000,35.00
60.950,33.19,-79.91,0.292442,30.00,0.159021,193.67,0.000000,35.00
61.000,33.32,-79.91,0.292439,30.00,0.287637,194.12,0.000000,35.00
61.050,33.25,-79.91,0.292444,30.00,0.380574,193.35,0.000000,35.00
61.100,33.21,-79.91,0.292435,30.00,0.321230,191.78,0.000000,35.00
61.150,33.32,-79.91,0.292428,30.00,0.273653,192.00,0.000000,35.00
61.200,33.34,-79.91,0.292416,30.00,0.279615,192.07,0.000000,35.00
61.250,33.43,-79.91,0.292426,30.00,0.339716,194.53,0.000000,35.00
61.300,33.39,-79.91,0.292435,30.00,0.297481,194.92,0.000000,35.00
61.350,33.24,-79.91,0.292444,30.00,0.251606,191.77,0.000000,35.00
61.400,33.06,-79.91,0.292447,30.00,0.226699,189.42,0.000000,35.00
61.450,33.00,-79.92,0.292441,30.00,0.189437,184.34,0.000000,35.00
61.500,33.01,-79.92,0.292435,30.00,0.178140,185.01,0.000000,35.00
61.550,33.08,-79.92,0.292442,30.00,0.156513,189.51,0.000000,35.00
61.600,33.35,-79.92,0.292437,30.00,0.225177,198.73,0.000000,35.00
61.650,33.26,-79.92,0.292446,30.00,0.212992,194.28,0.000000,35.00
61.700,33.11,-79.92,0.292437,30.00,0.232428,189.97,0.000000,35.00
61.750,33.35,-79.92,0.292439,30.00,0.225102,195.71,0.000000,35.00
61.800,33.37,-79.92,0.292435,30.00,0.227665,192.74,0.000000,35.00
61.850,33.46,-79.92,0.292442,30.00,0.170491,197.44,0.000000,35.00
61.900,33.40,-79.92,0.292445,30.00,0.171196,198.56,0.000000,35.00
61.950,33.29,-79.92,0.292452,30.00,0.217897,195.52,0.000000,35.00
62.000,33.11,-79.92,0.292448,30.00,0.224005,191.23,0.000000,35.00
62.050,33.10,-79.92,0.292449,30.00,0.147071,190.46,0.000000,35.00
62.100,33.37,-79.92,0.292446,30.00,0.167191,195.90,0.000000,35.00
62.150,33.34,-79.92,0.292439,30.00,0.172088,194.49,0.000000,35.00
62.200,33.25,-79.91,0.292435,30.00,0.171380,192.82,0.000000,35.00
62.250,33.29,-79.91,0.292445,30.00,0.204937,194.38,0.000000,35.00
62.300,33.11,-79.91,0.292442,30.00,0.172761,185.52,0.000000,35.00
62.350,33.16,-79.91,0.292435,30.00,0.194204,188.58,0.000000,35.00
62.400,33.29,-79.91,0.292436,30.00,0.161541,196.03,0.000000,35.00
62.450,33.28,-79.91,0.292437,30.00,0.156890,194.02,0.000000,35.00
62.500,33.30,-79.91,0.292439,30.00,0.193384,192.52,0.000000,35.00
62.550,33.47,-79.91,0.292448,30.00,0.252929,196.93,0.000000,35.00
62.600,33.39,-79.91,0.292458,30.00,0.343834,196.24,0.000000,35.00
62.650,33.21,-79.91,0.292441,30.00,0.325648,193.35,0.000000,35.00
62.700,33.37,-79.91,0.292440,30.00,0.205264,198.48,0.000000,35.00
62.750,33.35,-79.91,0.292435,30.00,0.163317,197.55,0.000000,35.00
62.800,33.41,-79.91,0.292439,30.00,0.234388,195.37,0.000000,35.00
62.850,33.34,-79.91,0.292444,30.00,0.176138,190.06,0.000000,35.00
62.900,33.19,-79.91,0.292440,30.00,0.167859,190.14,0.000000,35.00
62.950,33.34,-79.91,0.292435,30.00,0.149403,194.87,0.000000,35.00
63.000,33.56,-79.91,0.292434,30.00,0.145505,200.84,0.000000,35.00
63.050,33.38,-79.91,0.292444,30.00,0.202594,200.13,0.000000,35.00
63.100,33.12,-79.91,0.292448,30.00,0.204476,190.53,0.000000,35.00
63.150,32.98,-79.91,0.292444,30.00,0.282744,185.38,0.000000,35.00
63.200,33.08,-79.91,0.292452,30.00,0.230164,191.08,0.000000,35.00
63.250,33.40,-79.91,0.292448,30.00,0.148330,200.16,0.000000,35.00
63.300,33.52,-79.91,0.292427,30.00,0.224345,200.55,0.000000,35.00
63.350,33.15,-79.91,0.292430,30.00,0.188910,189.77,0.000000,35.00
63.400,33.05,-79.91,0.292438,30.00,0.148719,188.94,0.000000,35.00
63.450,33.17,-79.91,0.292436,30.00,0.165307,193.08,0.000000,35.00
63.500,33.09,-79.91,0.292446,30.00,0.205903,192.67,0.000000,35.00
63.550,33.24,-79.91,0.292457,30.00,0.169246,196.13,0.000000,35.00
63.600,33.57,-79.91,0.292448,30.00,0.143973,207.53,0.000000,35.00
63.650,33.39,-79.91,0.292441,30.00,0.181722,200.24,0.000000,35.00
63.700,33.27,-79.91,0.292453,30.00,0.202600,193.12,0.000000,35.00
63.750,33.34,-79.91,0.292452,30.00,0.216310,198.63,0.000000,35.00
63.800,33.28,-79.91,0.292439,30.00,0.176645,199.90,0.000000,35.00
63.850,33.09,-79.91,0.292438,30.00,0.148456,194.41,0.000000,35.00
63.900,33.05,-79.91,0.292443,30.00,0.127611,190.44,0.000000,35.00
63.950,32.95,-79.91,0.292452,30.00,0.173526,185.26,0.000000,35.00
64.000,33.17,-79.91,0.292444,30.00,0.168166,192.59,0.000000,35.00
64.050,33.31,-79.92,0.292436,30.00,0.271655,197.65,0.000000,35.00
64.100,33.09,-79.92,0.292446,30.00,0.305297,192.86,0.000000,35.00
64.150,32.85,-79.92,0.292440,30.00,0.245963,181.71,0.000000,35.00
64.200,32.94,-79.92,0.292441,30.00,0.234954,184.54,0.000000,35.00
64.250,33.14,-79.92,0.292437,30.00,0.306416,191.88,0.000000,35.00
64.300,32.96,-79.92,0.292440,30.00,0.217470,187.03,0.000000,35.00
64.350,33.00,-79.92,0.292440,30.00,0.191455,189.40,0.000000,35.00
64.400,33.46,-79.92,0.292445,30.00,0.125430,200.60,0.000000,35.00
64.450,33.46,-79.92,0.292449,30.00,0.144671,199.99,0.000000,35.00
64.500,33.31,-79.92,0.292453,30.00,0.171264,193.53,0.000000,35.00
64.550,33.04,-79.92,0.292451,30.00,0.226257,184.87,0.000000,35.00
64.600,33.09,-79.92,0.292454,30.00,0.237973,188.63,0.000000,35.00
64.650,33.43,-79.92,0.292448,30.00,0.244616,198.15,0.000000,35.00
64.700,33.50,-79.92,0.292439,30.00,0.234805,204.19,0.000000,35.00
64.750,32.98,-79.92,0.292436,30.00,0.267587,188.12,0.000000,35.00
64.800,32.81,-79.92,0.292447,30.00,0.262513,182.32,0.000000,35.00
64.850,33.02,-79.92,0.292453,30.00,0.220055,188.12,0.000000,35.00
64.900,33.24,-79.91,0.292468,30.00,0.282473,191.55,0.000000,35.00
64.950,33.27,-79.91,0.292451,30.00,0.381654,192.65,0.000000,35.00
65.000,33.28,-79.91,0.292451,30.00,0.305408,194.33,0.000000,35.00
65.050,33.31,-79.91,0.292444,30.00,0.179482,197.14,0.000000,35.00
65.100,33.47,-79.91,0.292443,30.00,0.164807,199.44,0.000000,35.00
65.150,33.48,-79.91,0.292441,30.00,0.263372,197.78,0.000000,35.00
65.200,33.28,-79.91,0.292437,30.00,0.216556,192.63,0.000000,35.00
65.250,33.13,-79.91,0.292435,30.00,0.222203,190.07,0.000000,35.00
65.300,33.26,-79.91,0.292441,30.00,0.177475,191.80,0.000000,35.00
65.350,33.26,-79.91,0.292435,30.00,0.238062,190.52,0.000000,35.00
65.400,33.12,-79.91,0.292442,30.00,0.206754,188.65,0.000000,35.00
65.450,33.06,-79.91,0.292447,30.00,0.128774,189.67,0.000000,35.00
65.500,33.10,-79.91,0.292446,30.00,0.173799,189.36,0.000000,35.00
65.550,33.16,-79.91,0.292441,30.00,0.232218,189.73,0.000000,35.00
65.600,33.24,-79.91,0.292452,30.00,0.339885,191.72,0.000000,35.00
65.650,33.07,-79.91,0.292455,30.00,0.444958,186.03,0.000000,35.00
65.700,33.04,-79.91,0.292441,30.00,0.358822,186.19,0.000000,35.00
65.750,33.32,-79.91,0.292439,30.00,0.194056,196.92,0.000000,35.00
65.800,33.50,-79.91,0.292448,30.00,0.261964,200.02,0.000000,35.00
65.850,33.37,-79.91,0.292438,30.00,0.207944,196.63,0.000000,35.00
65.900,33.27,-79.91,0.292435,30.00,0.091818,196.86,0.000000,35.00
65.950,33.24,-79.91,0.292445,30.00,0.136889,195.38,0.000000,35.00
66.000,33.30,-79.91,0.292446,30.00,0.091199,195.46,0.000000,35.00
66.050,33.02,-79.91,0.292441,30.00,0.127238,187.41,0.000000,35.00
66.100,33.00,-79.91,0.292442,30.00,0.152199,189.57,0.000000,35.00
66.150,33.00,-79.91,0.292440,30.00,0.198776,187.72,0.000000,35.00
66.200,33.10,-79.91,0.292446,30.00,0.252139,189.14,0.000000,35.00
66.250,33.45,-79.91,0.292450,30.00,0.332229,198.63,0.000000,35.00
66.300,33.43,-79.91,0.292448,30.00,0.302772,198.88,0.000000,35.00
66.350,33.24,-79.91,0.292436,30.00,0.281719,193.88,0.000000,35.00
66.400,33.07,-79.91,0.292450,30.00,0.270048,187.08,0.000000,35.00
66.450,33.20,-79.91,0.292447,30.00,0.311115,189.14,0.000000,35.00
66.500,33.38,-79.91,0.292451,30.00,0.364663,196.03,0.000000,35.00
66.550,33.63,-79.91,0.292439,30.00,0.338882,203.94,0.000000,35.00
66.600,33.53,-79.91,0.292439,30.00,0.253508,200.55,0.000000,35.00
66.650,33.18,-79.91,0.292440,30.00,0.277007,191.49,0.000000,35.00
66.700,33.08,-79.92,0.292452,30.00,0.318845,189.58,0.000000,35.00
66.750,33.21,-79.92,0.292454,30.00,0.205814,193.57,0.000000,35.00
66.800,33.28,-79.92,0.292445,30.00,0.215604,195.65,0.000000,35.00
66.850,33.26,-79.92,0.292444,30.00,0.187363,193.71,0.000000,35.00
66.900,33.20,-79.92,0.292447,30.00,0.241169,191.35,0.000000,35.00
66.950,33.23,-79.92,0.292443,30.00,0.272932,194.51,0.000000,35.00
67.000,33.42,-79.92,0.292443,30.00,0.214442,200.74,0.000000,35.00
67.050,33.72,-79.92,0.292440,30.00,0.195467,208.61,0.000000,35.00
67.100,33.63,-79.92,0.292445,30.00,0.192252,204.59,0.000000,35.00
67.150,33.38,-79.92,0.292444,30.00,0.227918,195.91,0.000000,35.00
67.200,33.24,-79.92,0.292438,30.00,0.290126,192.23,0.000000,35.00
67.250,33.01,-79.92,0.292434,30.00,0.262295,189.83,0.000000,35.00
67.300,33.12,-79.92,0.292443,30.00,0.253339,190.49,0.000000,35.00
67.350,33.23,-79.92,0.292440,30.00,0.189841,190.33,0.000000,35.00
67.400,33.31,-79.92,0.292447,30.00,0.310519,196.86,0.000000,35.00
67.450,33.33,-79.92,0.292448,30.00,0.321363,199.69,0.000000,35.00
67.500,33.17,-79.91,0.292461,30.00,0.268467,191.13,0.000000,35.00
67.550,33.38,-79.91,0.292453,30.00,0.208099,197.27,0.000000,35.00
67.600,33.80,-79.91,0.292455,30.00,0.229203,210.24,0.000000,35.00
67.650,33.48,-79.91,0.292459,30.00,0.199585,198.06,0.000000,35.00
67.700,33.12,-79.91,0.292464,30.00,0.209138,185.33,0.000000,35.00
67.750,33.32,-79.91,0.292453,30.00,0.388373,192.78,0.000000,35.00
67.800,33.29,-79.91,0.292451,30.00,0.379713,196.22,0.000000,35.00
67.850,33.29,-79.91,0.292439,30.00,0.313025,197.68,0.000000,35.00
67.900,33.30,-79.91,0.292439,30.00,0.260451,199.27,0.000000,35.00
67.950,33.11,-79.91,0.292438,30.00,0.206615,191.72,0.000000,35.00
68.000,33.05,-79.91,0.292451,30.00,0.236533,187.31,0.000000,35.00
68.050,32.83,-79.91,0.292440,30.00,0.202929,180.26,0.000000,35.00
68.100,32.92,-79.91,0.292436,30.00,0.161417,185.67,0.000000,35.00
68.150,33.10,-79.91,0.292446,30.00,0.186424,191.41,0.000000,35.00
68.200,33.35,-79.91,0.292452,30.00,0.195164,198.75,0.000000,35.00
68.250,33.16,-79.91,0.292451,30.00,0.220646,193.13,0.000000,35.00
68.300,32.98,-79.91,0.292448,30.00,0.236465,187.40,0.000000,35.00
68.350,33.07,-79.91,0.292436,30.00,0.270878,189.79,0.000000,35.00
68.400,32.97,-79.91,0.292445,30.00,0.239353,189.07,0.000000,35.00
68.450,32.81,-79.91,0.292442,30.00,0.201096,184.61,0.000000,35.00
68.500,32.81,-79.91,0.292443,30.00,0.198583,180.81,0.000000,35.00
68.550,33.15,-79.91,0.292434,30.00,0.194647,190.68,0.000000,35.00
68.600,33.36,-79.91,0.292443,30.00,0.209025,198.04,0.000000,35.00
68.650,33.28,-79.91,0.292447,30.00,0.199505,194.84,0.000000,35.00
68.700,33.19,-79.91,0.292449,30.00,0.187028,191.60,0.000000,35.00
68.750,33.23,-79.91,0.292454,30.00,0.313802,192.49,0.000000,35.00
68.800,33.22,-79.91,0.292449,30.00,0.380828,194.34,0.000000,35.00
68.850,33.18,-79.91,0.292439,30.00,0.370317,189.59,0.000000,35.00
68.900,33.56,-79.91,0.292438,30.00,0.244337,201.71,0.000000,35.00
68.950,33.71,-79.91,0.292451,30.00,0.226969,207.40,0.000000,35.00
69.000,33.44,-79.91,0.292450,30.00,0.158454,196.09,0.000000,35.00
69.050,33.30,-79.91,0.292444,30.00,0.211282,196.29,0.000000,35.00
69.100,33.29,-79.91,0.292448,30.00,0.185740,196.62,0.000000,35.00
69.150,33.18,-79.91,0.292433,30.00,0.219017,189.55,0.000000,35.00
69.200,33.20,-79.91,0.292436,30.00,0.243825,190.06,0.000000,35.00
69.250,33.24,-79.91,0.292436,30.00,0.220352,194.11,0.000000,35.00
69.300,33.17,-79.91,0.292436,30.00,0.283098,194.39,0.000000,35.00
69.350,32.87,-79.91,0.292437,30.00,0.219739,183.98,0.000000,35.00
69.400,32.84,-79.92,0.292444,30.00,0.188186,184.37,0.000000,35.00
69.450,33.03,-79.92,0.292440,30.00,0.219715,189.56,0.000000,35.00
69.500,32.99,-79.92,0.292436,30.00,0.237655,186.61,0.000000,35.00
69.550,33.07,-79.92,0.292434,30.00,0.240761,186.76,0.000000,35.00
69.600,33.15,-79.92,0.292444,30.00,0.227671,189.58,0.000000,35.00
69.650,33.05,-79.92,0.292440,30.00,0.205447,186.23,0.000000,35.00
69.700,33.29,-79.92,0.292436,30.00,0.139238,194.84,0.000000,35.00
69.750,33.41,-79.92,0.292439,30.00,0.123855,200.54,0.000000,35.00
69.800,32.99,-79.92,0.292443,30.00,0.171117,189.04,0.000000,35.00
69.850,33.19,-79.92,0.292452,30.00,0.144090,192.48,0.000000,35.00
69.900,33.31,-79.92,0.292452,30.00,0.123275,195.57,0.000000,35.00
69.950,33.17,-79.92,0.292440,30.00,0.223292,192.71,0.000000,35.00
70.000,33.20,-79.92,0.292440,30.00,0.169703,192.48,0.000000,35.00
70.050,33.22,-79.91,0.292442,30.00,0.249477,194.05,0.000000,35.00
70.100,33.34,-79.92,0.292449,30.00,0.204922,197.88,0.000000,35.00
70.150,33.41,-79.92,0.292448,30.00,0.174672,198.71,0.000000,35.00
70.200,33.39,-79.91,0.292445,30.00,0.202646,198.83,0.000000,35.00
70.250,33.34,-79.91,0.292441,30.00,0.115450,196.26,0.000000,35.00
70.300,33.19,-79.91,0.292445,30.00,0.151870,191.69,0.000000,35.00
70.350,33.02,-79.91,0.292448,30.00,0.172798,187.26,0.000000,35.00
70.400,33.00,-79.91,0.292438,30.00,0.172695,185.48,0.000000,35.00
70.450,33.18,-79.91,0.292437,30.00,0.141191,192.98,0.000000,35.00
70.500,33.29,-79.91,0.292438,30.00,0.159000,194.39,0.000000,35.00
70.550,33.31,-79.91,0.292438,30.00,0.253757,196.27,0.000000,35.00
70.600,33.29,-79.91,0.292442,30.00,0.289685,200.41,0.000000,35.00
70.650,33.17,-79.91,0.292439,30.00,0.235851,194.74,0.000000,35.00
70.700,32.95,-79.91,0.292450,30.00,0.251937,186.74,0.000000,35.00
70.750,32.87,-79.91,0.292443,30.00,0.241723,187.09,0.000000,35.00
70.800,32.98,-79.91,0.292453,30.00,0.171782,188.36,0.000000,35.00
70.850,32.99,-79.91,0.292456,30.00,0.139150,185.18,0.000000,35.00
70.900,33.18,-79.91,0.292452,30.00,0.124172,188.28,0.000000,35.00
70.950,33.32,-79.91,0.292441,30.00,0.229673,191.90,0.000000,35.00
71.000,33.33,-79.91,0.292446,30.00,0.338218,195.04,0.000000,35.00
71.050,33.32,-79.91,0.292448,30.00,0.231514,198.68,0.000000,35.00
71.100,33.39,-79.91,0.292443,30.00,0.151612,200.39,0.000000,35.00
71.150,33.45,-79.91,0.292442,30.00,0.130937,200.94,0.000000,35.00
71.200,33.21,-79.91,0.292447,30.00,0.164401,190.28,0.000000,35.00
71.250,33.09,-79.91,0.292441,30.00,0.178717,187.85,0.000000,35.00
71.300,33.01,-79.91,0.292444,30.00,0.142185,185.85,0.000000,35.00
71.350,33.17,-79.91,0.292446,30.00,0.192061,188.64,0.000000,35.00
71.400,33.39,-79.91,0.292446,30.00,0.166815,199.88,0.000000,35.00
71.450,33.52,-79.91,0.292444,30.00,0.184541,203.55,0.000000,35.00
71.500,33.40,-79.91,0.292432,30.00,0.252385,198.16,0.000000,35.00
71.550,33.19,-79.91,0.292447,30.00,0.239865,189.28,0.000000,35.00
71.600,33.14,-79.91,0.292449,30.00,0.251860,191.06,0.000000,35.00
71.650,32.98,-79.91,0.292448,30.00,0.247120,184.98,0.000000,35.00
71.700,33.21,-79.91,0.292449,30.00,0.171993,188.15,0.000000,35.00
71.750,33.38,-79.91,0.292450,30.00,0.219388,197.39,0.000000,35.00
71.800,33.14,-79.91,0.292449,30.00,0.163722,192.37,0.000000,35.00
71.850,33.13,-79.91,0.292437,30.00,0.162601,189.07,0.000000,35.00
71.900,32.99,-79.91,0.292429,30.00,0.130407,184.96,0.000000,35.00
71.950,32.87,-79.91,0.292436,30.00,0.144270,183.73,0.000000,35.00
72.000,33.03,-79.92,0.292431,30.00,0.178443,187.38,0.000000,35.00
72.050,33.21,-79.92,0.292434,30.00,0.182672,192.03,0.000000,35.00
72.100,33.28,-79.92,0.292437,30.00,0.149137,196.69,0.000000,35.00
72.150,33.31,-79.92,0.292443,30.00,0.180053,195.77,0.000000,35.00
72.200,33.17,-79.92,0.292442,30.00,0.168781,188.94,0.000000,35.00
72.250,33.13,-79.92,0.292444,30.00,0.178792,190.24,0.000000,35.00
72.300,33.20,-79.92,0.292447,30.00,0.271232,193.11,0.000000,35.00
72.350,33.24,-79.92,0.292447,30.00,0.192032,193.42,0.000000,35.00
72.400,33.05,-79.92,0.292440,30.00,0.116190,187.16,0.000000,35.00
72.450,32.96,-79.92,0.292431,30.00,0.149780,186.26,0.000000,35.00
72.500,33.10,-79.92,0.292435,30.00,0.130499,189.97,0.000000,35.00
72.550,33.17,-79.92,0.292445,30.00,0.181107,191.93,0.000000,35.00
72.600,33.21,-79.92,0.292446,30.00,0.145060,193.87,0.000000,35.00
72.650,33.16,-79.92,0.292451,30.00,0.213213,190.99,0.000000,35.00
72.700,33.12,-79.91,0.292439,30.00,0.341900,188.12,0.000000,35.00
72.750,32.95,-79.92,0.292443,30.00,0.271266,184.19,0.000000,35.00
72.800,33.03,-79.91,0.292449,30.00,0.194681,188.74,0.000000,35.00
72.850,33.14,-79.91,0.292443,30.00,0.205130,189.16,0.000000,35.00
72.900,33.24,-79.91,0.292438,30.00,0.183049,191.33,0.000000,35.00
72.950,33.08,-79.91,0.292445,30.00,0.245555,186.57,0.000000,35.00
73.000,32.94,-79.91,0.292450,30.00,0.245259,183.60,0.000000,35.00
73.050,33.04,-79.91,0.292445,30.00,0.204371,188.83,0.000000,35.00
73.100,33.35,-79.91,0.292435,30.00,0.186582,198.15,0.000000,35.00
73.150,33.26,-79.91,0.292437,30.00,0.228006,195.73,0.000000,35.00
73.200,33.20,-79.91,0.292439,30.00,0.266379,191.93,0.000000,35.00
73.250,33.21,-79.91,0.292442,30.00,0.264972,192.45,0.000000,35.00
73.300,33.19,-79.91,0.292432,30.00,0.297963,192.66,0.000000,35.00
73.350,33.12,-79.91,0.292437,30.00,0.241769,188.15,0.000000,35.00
73.400,33.15,-79.91,0.292435,30.00,0.236413,191.26,0.000000,35.00
73.450,33.22,-79.91,0.292443,30.00,0.237262,194.75,0.000000,35.00
73.500,33.32,-79.91,0.292448,30.00,0.219411,197.29,0.000000,35.00
73.550,33.28,-79.91,0.292439,30.00,0.213776,193.70,0.000000,35.00
73.600,33.19,-79.91,0.292437,30.00,0.201076,190.55,0.000000,35.00
73.650,33.26,-79.91,0.292446,30.00,0.254505,192.98,0.000000,35.00
73.700,33.16,-79.91,0.292441,30.00,0.209138,191.62,0.000000,35.00
73.750,33.13,-79.91,0.292440,30.00,0.167957,193.86,0.000000,35.00
73.800,33.11,-79.91,0.292427,30.00,0.222958,192.79,0.000000,35.00
73.850,33.18,-79.91,0.292432,30.00,0.149971,190.31,0.000000,35.00
73.900,33.33,-79.91,0.292437,30.00,0.148872,195.18,0.000000,35.00
73.950,33.32,-79.91,0.292447,30.00,0.175093,196.19,0.000000,35.00
74.000,33.11,-79.91,0.292446,30.00,0.218747,190.53,0.000000,35.00
74.050,32.94,-79.91,0.292446,30.00,0.271332,182.77,0.000000,35.00
74.100,33.16,-79.91,0.292445,30.00,0.310528,190.85,0.000000,35.00
74.150,33.11,-79.91,0.292450,30.00,0.218612,189.74,0.000000,35.00
74.200,33.17,-79.91,0.292456,30.00,0.168669,188.99,0.000000,35.00
74.250,33.21,-79.91,0.292445,30.00,0.187828,192.73,0.000000,35.00
74.300,33.22,-79.91,0.292438,30.00,0.207440,193.60,0.000000,35.00
74.350,33.44,-79.91,0.292448,30.00,0.217380,198.46,0.000000,35.00
74.400,33.41,-79.91,0.292451,30.00,0.141482,195.81,0.000000,35.00
74.450,33.20,-79.91,0.292455,30.00,0.142452,190.21,0.000000,35.00
74.500,33.22,-79.91,0.292454,30.00,0.175739,191.97,0.000000,35.00
74.550,33.21,-79.91,0.292451,30.00,0.232322,194.25,0.000000,35.00
74.600,33.07,-79.91,0.292441,30.00,0.156476,192.85,0.000000,35.00
74.650,33.16,-79.91,0.292435,30.00,0.183739,193.68,0.000000,35.00
74.700,33.41,-79.92,0.292428,30.00,0.315612,196.69,0.000000,35.00
74.750,33.25,-79.92,0.292443,30.00,0.339954,191.35,0.000000,35.00
74.800,33.02,-79.92,0.292445,30.00,0.260094,187.11,0.000000,35.00
74.850,33.15,-79.92,0.292443,30.00,0.225462,188.87,0.000000,35.00
74.900,33.27,-79.92,0.292433,30.00,0.258534,190.74,0.000000,35.00
74.950,33.32,-79.92,0.292439,30.00,0.250272,193.92,0.000000,35.00
75.000,33.30,-79.92,0.292446,30.00,0.277625,195.41,0.000000,35.00
75.050,33.29,-79.92,0.292453,30.00,0.302757,195.16,0.000000,35.00
75.100,33.17,-79.92,0.292438,30.00,0.307339,193.66,0.000000,35.00
75.150,33.32,-79.92,0.292439,30.00,0.315757,195.88,0.000000,35.00
75.200,33.13,-79.92,0.292427,30.00,0.348078,187.49,0.000000,35.00
75.250,33.14,-79.92,0.292434,30.00,0.284232,192.43,0.000000,35.00
75.300,33.29,-79.92,0.292426,30.00,0.351328,197.48,0.000000,35.00
75.350,33.28,-79.92,0.292440,30.00,0.382480,194.51,0.000000,35.00
75.400,33.25,-79.92,0.292441,30.00,0.310561,193.70,0.000000,35.00
75.450,33.54,-79.91,0.292449,30.00,0.221113,206.07,0.000000,35.00
75.500,33.68,-79.91,0.292444,30.00,0.147114,209.43,0.000000,35.00
75.550,33.63,-79.91,0.292442,30.00,0.159577,203.96,0.000000,35.00
75.600,33.60,-79.91,0.292439,30.00,0.254788,200.52,0.000000,35.00
75.650,33.20,-79.91,0.292443,30.00,0.321851,193.27,0.000000,35.00
75.700,32.94,-79.91,0.292437,30.00,0.231982,185.71,0.000000,35.00
75.750,33.19,-79.91,0.292446,30.00,0.192877,194.85,0.000000,35.00
75.800,33.35,-79.91,0.292440,30.00,0.209472,199.68,0.000000,35.00
75.850,33.13,-79.91,0.292435,30.00,0.233129,191.24,0.000000,35.00
75.900,32.99,-79.91,0.292431,30.00,0.251485,186.34,0.000000,35.00
75.950,33.34,-79.91,0.292435,30.00,0.291990,196.39,0.000000,35.00
76.000,33.38,-79.91,0.292433,30.00,0.273672,199.13,0.000000,35.00
76.050,33.15,-79.91,0.292441,30.00,0.218309,192.75,0.000000,35.00
76.100,33.36,-79.91,0.292440,30.00,0.169769,202.16,0.000000,35.00
76.150,33.63,-79.91,0.292450,30.00,0.217343,207.14,0.000000,35.00
76.200,33.33,-79.91,0.292449,30.00,0.184914,194.86,0.000000,35.00
76.250,33.15,-79.91,0.292444,30.00,0.224386,192.25,0.000000,35.00
76.300,33.06,-79.91,0.292437,30.00,0.263304,191.90,0.000000,35.00
76.350,33.23,-79.91,0.292434,30.00,0.276795,191.82,0.000000,35.00
76.400,33.21,-79.91,0.292434,30.00,0.309782,190.52,0.000000,35.00
76.450,33.07,-79.91,0.292447,30.00,0.279518,191.17,0.000000,35.00
76.500,32.98,-79.91,0.292448,30.00,0.189316,189.65,0.000000,35.00
76.550,32.96,-79.91,0.292445,30.00,0.205312,188.50,0.000000,35.00
76.600,32.93,-79.91,0.292445,30.00,0.245625,188.66,0.000000,35.00
76.650,33.09,-79.91,0.292460,30.00,0.323693,189.28,0.000000,35.00
76.700,33.29,-79.91,0.292451,30.00,0.289911,194.43,0.000000,35.00
76.750,33.10,-79.91,0.292452,30.00,0.238179,190.14,0.000000,35.00
76.800,32.96,-79.91,0.292442,30.00,0.321824,187.76,0.000000,35.00
76.850,33.18,-79.91,0.292441,30.00,0.309566,190.25,0.000000,35.00
76.900,33.20,-79.91,0.292431,30.00,0.330846,188.47,0.000000,35.00
76.950,33.12,-79.91,0.292438,30.00,0.477774,188.82,0.000000,35.00
77.000,33.16,-79.91,0.292434,30.00,0.502512,194.20,0.000000,35.00
77.050,33.18,-79.91,0.292444,30.00,0.371579,194.85,0.000000,35.00
77.100,33.22,-79.91,0.292440,30.00,0.316286,196.16,0.000000,35.00
77.150,33.28,-79.91,0.292454,30.00,0.264675,196.62,0.000000,35.00
77.200,33.31,-79.91,0.292457,30.00,0.215649,193.76,0.000000,35.00
77.250,33.26,-79.91,0.292449,30.00,0.268173,192.71,0.000000,35.00
77.300,33.09,-79.92,0.292439,30.00,0.222951,193.60,0.000000,35.00
77.350,33.13,-79.91,0.292454,30.00,0.253744,191.91,0.000000,35.00
77.400,33.12,-79.92,0.292453,30.00,0.221726,190.46,0.000000,35.00
77.450,33.14,-79.92,0.292443,30.00,0.153023,192.24,0.000000,35.00
77.500,33.14,-79.92,0.292438,30.00,0.179347,192.49,0.000000,35.00
77.550,33.10,-79.92,0.292449,30.00,0.192170,189.36,0.000000,35.00
77.600,32.90,-79.92,0.292440,30.00,0.206457,183.92,0.000000,35.00
77.650,33.06,-79.92,0.292439,30.00,0.166942,189.81,0.000000,35.00
77.700,32.88,-79.92,0.292435,30.00,0.200426,181.70,0.000000,35.00
77.750,32.97,-79.92,0.292442,30.00,0.243785,185.65,0.000000,35.00
77.800,33.10,-79.92,0.292440,30.00,0.189249,189.82,0.000000,35.00
77.850,33.18,-79.92,0.292431,30.00,0.180677,193.96,0.000000,35.00
77.900,33.23,-79.92,0.292434,30.00,0.163630,194.46,0.000000,35.00
77.950,33.33,-79.92,0.292437,30.00,0.167497,196.81,0.000000,35.00
78.000,33.27,-79.92,0.292443,30.00,0.148575,193.65,0.000000,35.00
78.050,33.27,-79.92,0.292445,30.00,0.151158,192.11,0.000000,35.00
78.100,33.62,-79.91,0.292434,30.00,0.211506,201.93,0.000000,35.00
78.150,33.72,-79.91,0.292440,30.00,0.218613,206.08,0.000000,35.00
78.200,33.52,-79.91,0.292440,30.00,0.188430,200.89,0.000000,35.00
78.250,33.15,-79.91,0.292443,30.00,0.173350,192.10,0.000000,35.00
78.300,33.07,-79.91,0.292447,30.00,0.163681,191.01,0.000000,35.00
78.350,33.02,-79.91,0.292443,30.00,0.273556,190.79,0.000000,35.00
78.400,32.94,-79.91,0.292445,30.00,0.225814,186.78,0.000000,35.00
78.450,33.15,-79.91,0.292444,30.00,0.247418,193.40,0.000000,35.00
78.500,33.40,-79.91,0.292451,30.00,0.226366,199.33,0.000000,35.00
78.550,33.26,-79.91,0.292442,30.00,0.184105,194.05,0.000000,35.00
78.600,33.19,-79.91,0.292442,30.00,0.136117,193.34,0.000000,35.00
78.650,33.27,-79.91,0.292446,30.00,0.146126,195.08,0.000000,35.00
78.700,33.14,-79.91,0.292438,30.00,0.214650,191.56,0.000000,35.00
78.750,33.12,-79.91,0.292427,30.00,0.251521,188.04,0.000000,35.00
78.800,33.18,-79.91,0.292436,30.00,0.222829,192.16,0.000000,35.00
78.850,33.10,-79.91,0.292441,30.00,0.141396,189.89,0.000000,35.00
78.900,33.06,-79.91,0.292442,30.00,0.165894,186.46,0.000000,35.00
78.950,33.07,-79.91,0.292449,30.00,0.210326,189.75,0.000000,35.00
79.000,33.01,-79.91,0.292449,30.00,0.186254,188.94,0.000000,35.00
79.050,33.07,-79.91,0.292443,30.00,0.230617,190.82,0.000000,35.00
79.100,33.03,-79.91,0.292444,30.00,0.228925,186.04,0.000000,35.00
79.150,33.39,-79.91,0.292446,30.00,0.241638,196.75,0.000000,35.00
79.200,33.63,-79.91,0.292449,30.00,0.179339,204.82,0.000000,35.00
79.250,33.41,-79.91,0.292448,30.00,0.132757,199.58,0.000000,35.00
79.300,33.28,-79.91,0.292444,30.00,0.184602,196.63,0.000000,35.00
79.350,33.32,-79.91,0.292454,30.00,0.253915,195.96,0.000000,35.00
79.400,33.26,-79.91,0.292449,30.00,0.245537,193.89,0.000000,35.00
79.450,33.34,-79.91,0.292457,30.00,0.341464,194.55,0.000000,35.00
79.500,33.36,-79.91,0.292447,30.00,0.243359,195.45,0.000000,35.00
79.550,33.06,-79.91,0.292440,30.00,0.182418,185.67,0.000000,35.00
79.600,33.03,-79.91,0.292450,30.00,0.179840,183.94,0.000000,35.00
79.650,33.53,-79.91,0.292452,30.00,0.125558,199.04,0.000000,35.00
79.700,33.61,-79.91,0.292446,30.00,0.191955,203.49,0.000000,35.00
79.750,33.27,-79.91,0.292448,30.00,0.160787,194.63,0.000000,35.00
79.800,33.18,-79.91,0.292448,30.00,0.118647,191.68,0.000000,35.00
79.850,33.33,-79.91,0.292444,30.00,0.159925,195.54,0.000000,35.00
79.900,33.35,-79.91,0.292452,30.00,0.163923,194.98,0.000000,35.00
79.950,33.24,-79.92,0.292445,30.00,0.192324,191.51,0.000000,35.00
80.000,33.13,-79.92,0.292445,30.00,0.226679,188.70,0.000000,35.00
80.050,33.10,-79.92,0.292447,30.00,0.203978,188.37,0.000000,35.00
80.100,33.16,-79.92,0.292457,30.00,0.227414,194.12,0.000000,35.00
80.150,33.05,-79.92,0.292448,30.00,0.198240,190.84,0.000000,35.00
80.200,33.01,-79.92,0.292441,30.00,0.158288,186.00,0.000000,35.00
80.250,33.01,-79.92,0.292438,30.00,0.233165,183.14,0.000000,35.00
80.300,32.89,-79.92,0.292450,30.00,0.254083,181.44,0.000000,35.00
80.350,32.80,-79.92,0.292455,30.00,0.213337,182.16,0.000000,35.00
80.400,33.08,-79.92,0.292453,30.00,0.187199,187.35,0.000000,35.00
80.450,33.43,-79.92,0.292450,30.00,0.145580,195.20,0.000000,35.00
80.500,33.33,-79.92,0.292448,30.00,0.172849,193.49,0.000000,35.00
80.550,33.00,-79.92,0.292453,30.00,0.186934,185.57,0.000000,35.00
80.600,32.93,-79.92,0.292445,30.00,0.185504,187.20,0.000000,35.00
80.650,32.94,-79.92,0.292432,30.00,0.235171,186.65,0.000000,35.00
80.700,33.00,-79.92,0.292441,30.00,0.186782,188.95,0.000000,35.00
80.750,32.94,-79.91,0.292446,30.00,0.166861,186.41,0.000000,35.00
80.800,33.06,-79.91,0.292441,30.00,0.147455,190.26,0.000000,35.00
80.850,33.09,-79.91,0.292442,30.00,0.137987,190.56,0.000000,35.00
80.900,33.10,-79.91,0.292442,30.00,0.146684,187.88,0.000000,35.00
80.950,33.29,-79.91,0.292445,30.00,0.160403,192.84,0.000000,35.00
81.000,33.13,-79.91,0.292440,30.00,0.173883,188.48,0.000000,35.00
81.050,33.07,-79.91,0.292437,30.00,0.132710,189.96,0.000000,35.00
81.100,33.28,-79.91,0.292446,30.00,0.164520,194.18,0.000000,35.00
81.150,33.31,-79.91,0.292448,30.00,0.103294,198.00,0.000000,35.00
81.200,33.22,-79.91,0.292445,30.00,0.125156,194.40,0.000000,35.00
81.250,33.23,-79.91,0.292437,30.00,0.148090,190.25,0.000000,35.00
81.300,33.25,-79.91,0.292440,30.00,0.149682,194.08,0.000000,35.00
81.350,33.09,-79.91,0.292450,30.00,0.189731,190.21,0.000000,35.00
81.400,32.99,-79.91,0.292454,30.00,0.218983,183.53,0.000000,35.00
81.450,33.05,-79.91,0.292434,30.00,0.326879,187.06,0.000000,35.00
81.500,33.26,-79.91,0.292432,30.00,0.280876,193.79,0.000000,35.00
81.550,33.42,-79.91,0.292434,30.00,0.268862,199.44,0.000000,35.00
81.600,33.44,-79.91,0.292439,30.00,0.229632,199.65,0.000000,35.00
81.650,33.32,-79.91,0.292435,30.00,0.247613,197.01,0.000000,35.00
81.700,33.22,-79.91,0.292448,30.00,0.291479,194.76,0.000000,35.00
81.750,33.55,-79.91,0.292448,30.00,0.295674,201.00,0.000000,35.00
81.800,33.79,-79.91,0.292449,30.00,0.318463,203.77,0.000000,35.00
81.850,33.37,-79.91,0.292450,30.00,0.333264,195.35,0.000000,35.00
81.900,33.14,-79.91,0.292447,30.00,0.184869,191.40,0.000000,35.00
81.950,33.18,-79.91,0.292447,30.00,0.182317,190.08,0.000000,35.00
82.000,33.14,-79.91,0.292444,30.00,0.191594,188.73,0.000000,35.00
82.050,33.10,-79.91,0.292440,30.00,0.199241,187.62,0.000000,35.00
82.100,33.23,-79.91,0.292442,30.00,0.197643,191.33,0.000000,35.00
82.150,33.28,-79.91,0.292439,30.00,0.248592,194.44,0.000000,35.00
82.200,33.09,-79.91,0.292437,30.00,0.230121,189.63,0.000000,35.00
82.250,32.87,-79.91,0.292439,30.00,0.206915,181.11,0.000000,35.00
82.300,33.13,-79.91,0.292448,30.00,0.241488,188.20,0.000000,35.00
82.350,33.24,-79.91,0.292444,30.00,0.197733,193.98,0.000000,35.00
82.400,32.95,-79.91,0.292439,30.00,0.245363,183.06,0.000000,35.00
82.450,33.09,-79.91,0.292434,30.00,0.267890,188.14,0.000000,35.00
82.500,33.32,-79.91,0.292440,30.00,0.265907,196.64,0.000000,35.00
82.550,33.19,-79.91,0.292442,30.00,0.256435,194.17,0.000000,35.00
82.600,33.00,-79.92,0.292457,30.00,0.312465,188.46,0.000000,35.00
82.650,32.98,-79.92,0.292453,30.00,0.196123,186.05,0.000000,35.00
82.700,33.06,-79.92,0.292439,30.00,0.174984,189.64,0.000000,35.00
82.750,33.02,-79.92,0.292438,30.00,0.149459,190.21,0.000000,35.00
82.800,33.15,-79.92,0.292439,30.00,0.225537,190.06,0.000000,35.00
82.850,33.15,-79.92,0.292448,30.00,0.221121,190.28,0.000000,35.00
82.900,33.07,-79.92,0.292450,30.00,0.304318,189.23,0.000000,35.00
82.950,33.26,-79.92,0.292440,30.00,0.275350,194.16,0.000000,35.00
83.000,33.33,-79.92,0.292445,30.00,0.185255,195.62,0.000000,35.00
83.050,33.07,-79.92,0.292446,30.00,0.171103,189.14,0.000000,35.00
83.100,32.89,-79.92,0.292450,30.00,0.228595,183.41,0.000000,35.00
83.150,33.12,-79.92,0.292444,30.00,0.251657,190.93,0.000000,35.00
83.200,33.19,-79.92,0.292436,30.00,0.262481,189.96,0.000000,35.00
83.250,33.10,-79.92,0.292427,30.00,0.320451,186.88,0.000000,35.00
83.300,33.09,-79.92,0.292443,30.00,0.417873,188.60,0.000000,35.00
83.350,33.25,-79.92,0.292444,30.00,0.424282,190.20,0.000000,35.00
83.400,33.10,-79.91,0.292448,30.00,0.427966,187.34,0.000000,35.00
83.450,33.23,-79.91,0.292440,30.00,0.407614,195.29,0.000000,35.00
83.500,33.45,-79.91,0.292456,30.00,0.389075,202.84,0.000000,35.00
83.550,33.36,-79.91,0.292447,30.00,0.381805,197.53,0.000000,35.00
83.600,33.32,-79.91,0.292450,30.00,0.371042,194.32,0.000000,35.00
83.650,33.38,-79.91,0.292450,30.00,0.253879,196.98,0.000000,35.00
83.700,33.39,-79.91,0.292435,30.00,0.289350,195.32,0.000000,35.00
83.750,33.36,-79.91,0.292439,30.00,0.235555,196.26,0.000000,35.00
83.800,33.29,-79.91,0.292443,30.00,0.187483,195.46,0.000000,35.00
83.850,33.09,-79.91,0.292440,30.00,0.199549,186.70,0.000000,35.00
83.900,33.18,-79.91,0.292451,30.00,0.262362,188.52,0.000000,35.00
83.950,33.29,-79.91,0.292446,30.00,0.203238,190.54,0.000000,35.00
84.000,33.24,-79.91,0.292440,30.00,0.171190,192.02,0.000000,35.00
84.050,33.04,-79.91,0.292439,30.00,0.190879,188.57,0.000000,35.00
84.100,32.92,-79.91,0.292442,30.00,0.214083,186.95,0.000000,35.00
84.150,33.09,-79.91,0.292441,30.00,0.186832,191.16,0.000000,35.00
84.200,33.34,-79.91,0.292448,30.00,0.206767,196.43,0.000000,35.00
84.250,33.40,-79.91,0.292441,30.00,0.266115,198.08,0.000000,35.00
84.300,33.38,-79.91,0.292446,30.00,0.229936,197.89,0.000000,35.00
84.350,33.26,-79.91,0.292442,30.00,0.241511,197.40,0.000000,35.00
84.400,33.20,-79.91,0.292446,30.00,0.199528,192.28,0.000000,35.00
84.450,33.28,-79.91,0.292437,30.00,0.171918,193.50,0.000000,35.00
84.500,33.66,-79.91,0.292443,30.00,0.166799,204.82,0.000000,35.00
84.550,33.53,-79.91,0.292454,30.00,0.200053,201.06,0.000000,35.00
84.600,33.29,-79.91,0.292453,30.00,0.182824,192.55,0.000000,35.00
84.650,33.21,-79.91,0.292443,30.00,0.231038,190.01,0.000000,35.00
84.700,33.25,-79.91,0.292443,30.00,0.192062,192.70,0.000000,35.00
84.750,33.46,-79.91,0.292438,30.00,0.162671,197.62,0.000000,35.00
84.800,33.43,-79.91,0.292436,30.00,0.191223,199.12,0.000000,35.00
84.850,33.16,-79.91,0.292439,30.00,0.210663,193.57,0.000000,35.00
84.900,33.20,-79.91,0.292444,30.00,0.223459,192.56,0.000000,35.00
84.950,33.10,-79.91,0.292442,30.00,0.191720,190.95,0.000000,35.00
85.000,33.18,-79.91,0.292448,30.00,0.165923,193.39,0.000000,35.00
85.050,33.21,-79.91,0.292444,30.00,0.142775,193.51,0.000000,35.00
85.100,32.98,-79.91,0.292443,30.00,0.236257,183.72,0.000000,35.00
85.150,33.10,-79.91,0.292446,30.00,0.238284,190.71,0.000000,35.00
85.200,33.33,-79.91,0.292451,30.00,0.190122,198.66,0.000000,35.00
85.250,33.40,-79.91,0.292438,30.00,0.225246,196.40,0.000000,35.00
85.300,33.61,-79.92,0.292441,30.00,0.218145,202.33,0.000000,35.00
85.350,33.37,-79.92,0.292447,30.00,0.194494,197.09,0.000000,35.00
85.400,33.18,-79.92,0.292438,30.00,0.217291,192.60,0.000000,35.00
85.450,33.28,-79.92,0.292431,30.00,0.214511,196.13,0.000000,35.00
85.500,33.29,-79.92,0.292444,30.00,0.271225,197.65,0.000000,35.00
85.550,33.17,-79.92,0.292443,30.00,0.227493,195.11,0.000000,35.00
85.600,33.11,-79.92,0.292441,30.00,0.198651,189.79,0.000000,35.00
85.650,33.11,-79.92,0.292438,30.00,0.163625,190.84,0.000000,35.00
85.700,33.08,-79.92,0.292447,30.00,0.125205,189.63,0.000000,35.00
85.750,33.05,-79.92,0.292452,30.00,0.197877,188.34,0.000000,35.00
85.800,33.12,-79.92,0.292453,30.00,0.229903,189.82,0.000000,35.00
85.850,33.44,-79.92,0.292443,30.00,0.251707,198.26,0.000000,35.00
85.900,33.45,-79.92,0.292435,30.00,0.173780,198.98,0.000000,35.00
85.950,33.20,-79.92,0.292446,30.00,0.236182,192.60,0.000000,35.00
86.000,33.15,-79.92,0.292447,30.00,0.206715,192.12,0.000000,35.00
86.050,33.19,-79.91,0.292438,30.00,0.283590,193.13,0.000000,35.00
86.100,33.27,-79.91,0.292449,30.00,0.312875,194.90,0.000000,35.00
86.150,33.29,-79.91,0.292446,30.00,0.301990,195.72,0.000000,35.00
86.200,33.24,-79.91,0.292446,30.00,0.217819,195.38,0.000000,35.00
86.250,33.23,-79.91,0.292436,30.00,0.219105,193.25,0.000000,35.00
86.300,33.18,-79.91,0.292430,30.00,0.203525,190.17,0.000000,35.00
86.350,33.27,-79.91,0.292437,30.00,0.203974,195.33,0.000000,35.00
86.400,33.37,-79.91,0.292446,30.00,0.182511,197.63,0.000000,35.00
86.450,33.16,-79.91,0.292444,30.00,0.196435,192.80,0.000000,35.00
86.500,32.97,-79.91,0.292441,30.00,0.266056,188.04,0.000000,35.00
86.550,33.01,-79.91,0.292435,30.00,0.278407,185.93,0.000000,35.00
86.600,33.08,-79.91,0.292444,30.00,0.265053,188.89,0.000000,35.00
86.650,33.05,-79.91,0.292446,30.00,0.180092,190.28,0.000000,35.00
86.700,33.02,-79.91,0.292443,30.00,0.137332,189.42,0.000000,35.00
86.750,32.94,-79.91,0.292447,30.00,0.132249,187.29,0.000000,35.00
86.800,32.91,-79.91,0.292447,30.00,0.124675,186.51,0.000000,35.00
86.850,33.17,-79.91,0.292449,30.00,0.130477,195.70,0.000000,35.00
86.900,33.13,-79.91,0.292447,30.00,0.123323,192.79,0.000000,35.00
86.950,33.16,-79.91,0.292438,30.00,0.150469,193.36,0.000000,35.00
87.000,33.26,-79.91,0.292443,30.00,0.138303,196.84,0.000000,35.00
87.050,33.07,-79.91,0.292443,30.00,0.154386,190.85,0.000000,35.00
87.100,33.12,-79.91,0.292446,30.00,0.135888,187.77,0.000000,35.00
87.150,33.24,-79.91,0.292440,30.00,0.204100,193.81,0.000000,35.00
87.200,33.21,-79.91,0.292443,30.00,0.148697,194.84,0.000000,35.00
87.250,33.29,-79.91,0.292440,30.00,0.145968,194.51,0.000000,35.00
87.300,33.25,-79.91,0.292440,30.00,0.188823,192.64,0.000000,35.00
87.350,33.10,-79.91,0.292444,30.00,0.155926,192.38,0.000000,35.00
87.400,33.09,-79.91,0.292446,30.00,0.175270,193.08,0.000000,35.00
87.450,33.11,-79.91,0.292446,30.00,0.203425,190.92,0.000000,35.00
87.500,33.18,-79.91,0.292441,30.00,0.202720,190.43,0.000000,35.00
87.550,33.38,-79.91,0.292442,30.00,0.186074,195.35,0.000000,35.00
87.600,33.34,-79.91,0.292441,30.00,0.208938,196.25,0.000000,35.00
87.650,33.16,-79.91,0.292438,30.00,0.142534,194.24,0.000000,35.00
87.700,32.99,-79.91,0.292439,30.00,0.165050,188.88,0.000000,35.00
87.750,33.01,-79.91,0.292436,30.00,0.199954,188.34,0.000000,35.00
87.800,33.27,-79.91,0.292439,30.00,0.180918,195.01,0.000000,35.00
87.850,33.36,-79.91,0.292447,30.00,0.149350,196.74,0.000000,35.00
87.900,33.15,-79.92,0.292448,30.00,0.210870,191.58,0.000000,35.00
87.950,33.01,-79.92,0.292440,30.00,0.175937,187.55,0.000000,35.00
88.000,33.10,-79.92,0.292435,30.00,0.156908,191.23,0.000000,35.00
88.050,33.15,-79.92,0.292445,30.00,0.200038,192.30,0.000000,35.00
88.100,33.12,-79.92,0.292441,30.00,0.163872,191.11,0.000000,35.00
88.150,33.30,-79.92,0.292443,30.00,0.147445,198.85,0.000000,35.00
88.200,33.33,-79.92,0.292447,30.00,0.115287,198.91,0.000000,35.00
88.250,33.40,-79.92,0.292449,30.00,0.159161,194.13,0.000000,35.00
88.300,33.54,-79.92,0.292447,30.00,0.167768,197.58,0.000000,35.00
88.350,33.71,-79.92,0.292445,30.00,0.133998,205.17,0.000000,35.00
88.400,33.51,-79.92,0.292444,30.00,0.149690,201.42,0.000000,35.00
88.450,33.24,-79.92,0.292452,30.00,0.314244,193.91,0.000000,35.00
88.500,33.22,-79.92,0.292441,30.00,0.397319,191.92,0.000000,35.00
88.550,33.16,-79.92,0.292448,30.00,0.276293,187.95,0.000000,35.00
88.600,33.23,-79.92,0.292441,30.00,0.249690,189.23,0.000000,35.00
88.650,33.35,-79.92,0.292439,30.00,0.314205,195.73,0.000000,35.00
88.700,33.30,-79.91,0.292440,30.00,0.342530,198.15,0.000000,35.00
88.750,33.18,-79.91,0.292437,30.00,0.357821,190.26,0.000000,35.00
88.800,33.15,-79.91,0.292441,30.00,0.382349,187.55,0.000000,35.00
88.850,33.09,-79.91,0.292439,30.00,0.272185,191.97,0.000000,35.00
88.900,32.97,-79.91,0.292438,30.00,0.266931,187.33,0.000000,35.00
88.950,33.05,-79.91,0.292447,30.00,0.275625,187.87,0.000000,35.00
89.000,33.15,-79.91,0.292452,30.00,0.285027,192.83,0.000000,35.00
89.050,33.35,-79.91,0.292443,30.00,0.216200,198.03,0.000000,35.00
89.100,33.14,-79.91,0.292433,30.00,0.211816,189.59,0.000000,35.00
89.150,33.41,-79.91,0.292438,30.00,0.146360,198.25,0.000000,35.00
89.200,33.48,-79.91,0.292443,30.00,0.162862,201.05,0.000000,35.00
89.250,33.20,-79.91,0.292441,30.00,0.178013,194.10,0.000000,35.00
89.300,33.43,-79.91,0.292439,30.00,0.184141,201.95,0.000000,35.00
89.350,33.58,-79.91,0.292444,30.00,0.186236,205.82,0.000000,35.00
89.400,33.58,-79.91,0.292447,30.00,0.266228,203.77,0.000000,35.00
89.450,33.38,-79.91,0.292452,30.00,0.290937,193.47,0.000000,35.00
89.500,33.34,-79.91,0.292446,30.00,0.269795,193.89,0.000000,35.00
89.550,33.20,-79.91,0.292433,30.00,0.211020,194.62,0.000000,35.00
89.600,32.75,-79.91,0.292438,30.00,0.143218,180.16,0.000000,35.00
89.650,32.75,-79.91,0.292442,30.00,0.214492,181.66,0.000000,35.00
89.700,33.08,-79.91,0.292451,30.00,0.286429,187.93,0.000000,35.00
89.750,33.13,-79.91,0.292453,30.00,0.202141,189.69,0.000000,35.00
89.800,33.06,-79.91,0.292447,30.00,0.208191,190.92,0.000000,35.00
89.850,33.03,-79.91,0.292456,30.00,0.242499,190.71,0.000000,35.00
89.900,32.87,-79.91,0.292449,30.00,0.274788,186.44,0.000000,35.00
89.950,32.73,-79.91,0.292447,30.00,0.193979,178.51,0.000000,35.00
90.000,32.90,-79.91,0.292443,30.00,0.208341,184.29,0.000000,35.00
90.050,33.22,-79.91,0.292448,30.00,0.206752,194.99,0.000000,35.00
90.100,33.24,-79.91,0.292445,30.00,0.247171,194.57,0.000000,35.00
90.150,33.41,-79.91,0.292447,30.00,0.331495,200.54,0.000000,35.00
90.200,33.73,-79.91,0.292438,30.00,0.369960,209.20,0.000000,35.00
90.250,33.57,-79.91,0.292443,30.00,0.336389,201.63,0.000000,35.00
90.300,33.28,-79.91,0.292442,30.00,0.271693,192.31,0.000000,35.00
90.350,33.32,-79.91,0.292442,30.00,0.190179,196.24,0.000000,35.00
90.400,33.26,-79.91,0.292439,30.00,0.164895,193.72,0.000000,35.00
90.450,33.18,-79.91,0.292437,30.00,0.138274,189.50,0.000000,35.00
90.500,33.22,-79.91,0.292438,30.00,0.177236,194.22,0.000000,35.00
90.550,33.37,-79.92,0.292436,30.00,0.222409,198.51,0.000000,35.00
90.600,33.22,-79.92,0.292440,30.00,0.240934,195.12,0.000000,35.00
90.650,33.19,-79.92,0.292441,30.00,0.281871,192.55,0.000000,35.00
90.700,33.24,-79.92,0.292426,30.00,0.363007,191.45,0.000000,35.00
90.750,33.27,-79.92,0.292444,30.00,0.444913,193.06,0.000000,35.00
90.800,33.36,-79.92,0.292437,30.00,0.306737,198.82,0.000000,35.00
90.850,33.22,-79.92,0.292444,30.00,0.216618,195.95,0.000000,35.00
90.900,32.95,-79.92,0.292452,30.00,0.170258,185.08,0.000000,35.00
90.950,33.04,-79.92,0.292454,30.00,0.224244,187.62,0.000000,35.00
91.000,33.15,-79.92,0.292446,30.00,0.198831,191.04,0.000000,35.00
91.050,33.23,-79.92,0.292441,30.00,0.229090,193.52,0.000000,35.00
91.100,33.27,-79.92,0.292429,30.00,0.256471,193.67,0.000000,35.00
91.150,33.19,-79.92,0.292436,30.00,0.238367,192.92,0.000000,35.00
91.200,33.24,-79.92,0.292434,30.00,0.186682,195.26,0.000000,35.00
91.250,33.38,-79.92,0.292443,30.00,0.232751,194.17,0.000000,35.00
91.300,33.43,-79.92,0.292444,30.00,0.238539,196.94,0.000000,35.00
91.350,33.36,-79.91,0.292448,30.00,0.211285,197.80,0.000000,35.00
91.400,33.34,-79.91,0.292445,30.00,0.185727,198.79,0.000000,35.00
91.450,33.50,-79.91,0.292446,30.00,0.177457,199.64,0.000000,35.00
91.500,33.43,-79.91,0.292440,30.00,0.211916,196.27,0.000000,35.00
91.550,33.38,-79.91,0.292439,30.00,0.251049,196.21,0.000000,35.00
91.600,33.35,-79.91,0.292440,30.00,0.258881,196.25,0.000000,35.00
91.650,33.14,-79.91,0.292444,30.00,0.224608,190.97,0.000000,35.00
91.700,33.07,-79.91,0.292437,30.00,0.240355,188.91,0.000000,35.00
91.750,33.10,-79.91,0.292437,30.00,0.234930,188.24,0.000000,35.00
91.800,32.94,-79.91,0.292448,30.00,0.268985,183.58,0.000000,35.00
91.850,33.03,-79.91,0.292458,30.00,0.298952,187.10,0.000000,35.00
91.900,33.03,-79.91,0.292444,30.00,0.373067,188.60,0.000000,35.00
91.950,32.95,-79.91,0.292454,30.00,0.392062,186.99,0.000000,35.00
92.000,33.22,-79.91,0.292443,30.00,0.342835,196.44,0.000000,35.00
92.050,33.20,-79.91,0.292442,30.00,0.167407,193.34,0.000000,35.00
92.100,33.00,-79.91,0.292449,30.00,0.247515,184.82,0.000000,35.00
92.150,33.07,-79.91,0.292461,30.00,0.289991,188.30,0.000000,35.00
92.200,33.51,-79.91,0.292456,30.00,0.239399,202.68,0.000000,35.00
92.250,33.37,-79.91,0.292447,30.00,0.173032,199.87,0.000000,35.00
92.300,33.00,-79.91,0.292445,30.00,0.175098,185.88,0.000000,35.00
92.350,33.03,-79.91,0.292447,30.00,0.190996,188.44,0.000000,35.00
92.400,33.17,-79.91,0.292445,30.00,0.219843,191.73,0.000000,35.00
92.450,33.13,-79.91,0.292450,30.00,0.286102,192.04,0.000000,35.00
92.500,33.31,-79.91,0.292441,30.00,0.234260,197.04,0.000000,35.00
92.550,33.38,-79.91,0.292438,30.00,0.295400,192.76,0.000000,35.00
92.600,33.13,-79.91,0.292440,30.00,0.318824,187.21,0.000000,35.00
92.650,33.05,-79.91,0.292433,30.00,0.278833,187.96,0.000000,35.00
92.700,33.21,-79.91,0.292433,30.00,0.193749,193.53,0.000000,35.00
92.750,33.36,-79.91,0.292441,30.00,0.151320,195.47,0.000000,35.00
92.800,33.41,-79.91,0.292448,30.00,0.154824,196.68,0.000000,35.00
92.850,33.30,-79.91,0.292452,30.00,0.238445,197.56,0.000000,35.00
92.900,33.02,-79.91,0.292441,30.00,0.306006,188.84,0.000000,35.00
92.950,32.93,-79.91,0.292442,30.00,0.248499,187.57,0.000000,35.00
93.000,33.39,-79.91,0.292445,30.00,0.219692,200.62,0.000000,35.00
93.050,33.44,-79.91,0.292451,30.00,0.268014,200.45,0.000000,35.00
93.100,33.01,-79.91,0.292450,30.00,0.286628,186.48,0.000000,35.00
93.150,33.01,-79.91,0.292459,30.00,0.369141,184.66,0.000000,35.00
93.200,33.05,-79.92,0.292447,30.00,0.338876,187.62,0.000000,35.00
93.250,33.05,-79.92,0.292451,30.00,0.312900,189.10,0.000000,35.00
93.300,33.25,-79.92,0.292438,30.00,0.263104,195.75,0.000000,35.00
93.350,33.31,-79.92,0.292438,30.00,0.176523,196.93,0.000000,35.00
93.400,33.53,-79.92,0.292438,30.00,0.130632,202.22,0.000000,35.00
93.450,33.58,-79.92,0.292450,30.00,0.167928,202.08,0.000000,35.00
93.500,33.39,-79.92,0.292459,30.00,0.164755,195.60,0.000000,35.00
93.550,33.34,-79.92,0.292447,30.00,0.195755,195.45,0.000000,35.00
93.600,33.03,-79.92,0.292441,30.00,0.189007,185.80,0.000000,35.00
93.650,33.02,-79.92,0.292456,30.00,0.230199,185.85,0.000000,35.00
93.700,33.26,-79.92,0.292443,30.00,0.235409,194.81,0.000000,35.00
93.750,33.23,-79.92,0.292445,30.00,0.197071,196.21,0.000000,35.00
93.800,33.11,-79.92,0.292440,30.00,0.259588,190.37,0.000000,35.00
93.850,33.20,-79.92,0.292445,30.00,0.185206,192.40,0.000000,35.00
93.900,33.37,-79.92,0.292444,30.00,0.178163,197.76,0.000000,35.00
93.950,33.56,-79.92,0.292443,30.00,0.161912,200.09,0.000000,35.00
94.000,33.47,-79.91,0.292437,30.00,0.215711,196.90,0.000000,35.00
94.050,33.44,-79.91,0.292449,30.00,0.218144,196.70,0.000000,35.00
94.100,33.21,-79.91,0.292447,30.00,0.166176,192.27,0.000000,35.00
94.150,33.18,-79.91,0.292441,30.00,0.195368,192.93,0.000000,35.00
94.200,33.13,-79.91,0.292442,30.00,0.199987,189.28,0.000000,35.00
94.250,33.07,-79.91,0.292446,30.00,0.170703,189.78,0.000000,35.00
94.300,33.19,-79.91,0.292440,30.00,0.175398,191.38,0.000000,35.00
94.350,33.50,-79.91,0.292433,30.00,0.187060,200.04,0.000000,35.00
94.400,33.43,-79.91,0.292440,30.00,0.215198,198.63,0.000000,35.00
94.450,33.18,-79.91,0.292441,30.00,0.161545,189.39,0.000000,35.00
94.500,33.06,-79.91,0.292442,30.00,0.163199,186.03,0.000000,35.00
94.550,33.11,-79.91,0.292447,30.00,0.191634,185.81,0.000000,35.00
94.600,33.23,-79.91,0.292446,30.00,0.218091,188.73,0.000000,35.00
94.650,33.29,-79.91,0.292443,30.00,0.163999,189.87,0.000000,35.00
94.700,33.37,-79.91,0.292448,30.00,0.175955,192.12,0.000000,35.00
94.750,33.50,-79.91,0.292458,30.00,0.246077,197.12,0.000000,35.00
94.800,33.31,-79.91,0.292442,30.00,0.217216,193.88,0.000000,35.00
94.850,33.18,-79.91,0.292437,30.00,0.116531,193.63,0.000000,35.00
94.900,32.95,-79.91,0.292443,30.00,0.129989,186.05,0.000000,35.00
94.950,32.77,-79.91,0.292436,30.00,0.193098,179.05,0.000000,35.00
95.000,32.88,-79.91,0.292437,30.00,0.163085,182.18,0.000000,35.00
95.050,32.96,-79.91,0.292444,30.00,0.200589,186.67,0.000000,35.00
95.100,33.01,-79.91,0.292441,30.00,0.137071,187.44,0.000000,35.00
95.150,33.14,-79.91,0.292439,30.00,0.109570,191.22,0.000000,35.00
95.200,33.21,-79.91,0.292446,30.00,0.153161,195.63,0.000000,35.00
95.250,33.10,-79.91,0.292444,30.00,0.166944,192.18,0.000000,35.00
95.300,33.30,-79.91,0.292443,30.00,0.168067,197.79,0.000000,35.00
95.350,33.48,-79.91,0.292447,30.00,0.239681,199.50,0.000000,35.00
95.400,33.53,-79.91,0.292442,30.00,0.222356,200.22,0.000000,35.00
95.450,33.23,-79.91,0.292445,30.00,0.167256,193.14,0.000000,35.00
95.500,33.08,-79.91,0.292450,30.00,0.208830,188.07,0.000000,35.00
95.550,33.13,-79.91,0.292450,30.00,0.167792,190.28,0.000000,35.00
95.600,33.22,-79.91,0.292449,30.00,0.148857,191.58,0.000000,35.00
95.650,33.22,-79.91,0.292441,30.00,0.192215,194.78,0.000000,35.00
95.700,33.34,-79.91,0.292444,30.00,0.163420,199.38,0.000000,35.00
95.750,33.34,-79.91,0.292445,30.00,0.157541,198.11,0.000000,35.00
95.800,33.41,-79.91,0.292441,30.00,0.186789,197.41,0.000000,35.00
95.850,33.39,-79.91,0.292444,30.00,0.198356,196.89,0.000000,35.00
95.900,33.31,-79.92,0.292449,30.00,0.134253,196.24,0.000000,35.00
95.950,33.37,-79.92,0.292441,30.00,0.199868,197.10,0.000000,35.00
96.000,33.32,-79.92,0.292446,30.00,0.163951,196.09,0.000000,35.00
96.050,33.17,-79.92,0.292442,30.00,0.260275,193.26,0.000000,35.00
96.100,33.17,-79.92,0.292441,30.00,0.212090,191.59,0.000000,35.00
96.150,33.03,-79.92,0.292442,30.00,0.205278,186.77,0.000000,35.00
96.200,33.32,-79.92,0.292435,30.00,0.168124,195.34,0.000000,35.00
96.250,33.46,-79.92,0.292442,30.00,0.193028,198.44,0.000000,35.00
96.300,33.22,-79.92,0.292457,30.00,0.243996,190.93,0.000000,35.00
96.350,33.15,-79.92,0.292455,30.00,0.220228,190.52,0.000000,35.00
96.400,32.94,-79.92,0.292448,30.00,0.191842,187.88,0.000000,35.00
96.450,33.01,-79.92,0.292447,30.00,0.152745,192.38,0.000000,35.00
96.500,33.26,-79.92,0.292439,30.00,0.187262,199.21,0.000000,35.00
96.550,33.13,-79.92,0.292436,30.00,0.201684,193.18,0.000000,35.00
96.600,33.18,-79.92,0.292438,30.00,0.166764,192.82,0.000000,35.00
96.650,33.18,-79.91,0.292441,30.00,0.162158,187.75,0.000000,35.00
96.700,33.09,-79.91,0.292437,30.00,0.196366,187.32,0.000000,35.00
96.750,33.08,-79.91,0.292444,30.00,0.182253,191.16,0.000000,35.00
96.800,33.24,-79.91,0.292452,30.00,0.177418,196.41,0.000000,35.00
96.850,33.25,-79.91,0.292444,30.00,0.258308,195.72,0.000000,35.00
96.900,33.03,-79.91,0.292460,30.00,0.332677,186.88,0.000000,35.00
96.950,33.11,-79.91,0.292448,30.00,0.371696,189.72,0.000000,35.00
97.000,33.12,-79.91,0.292447,30.00,0.345803,192.72,0.000000,35.00
97.050,33.37,-79.91,0.292445,30.00,0.289579,198.84,0.000000,35.00
97.100,33.50,-79.91,0.292448,30.00,0.245855,197.15,0.000000,35.00
97.150,33.25,-79.91,0.292446,30.00,0.241871,188.13,0.000000,35.00
97.200,32.96,-79.91,0.292442,30.00,0.242085,182.78,0.000000,35.00
97.250,32.95,-79.91,0.292447,30.00,0.178156,182.42,0.000000,35.00
97.300,32.98,-79.91,0.292445,30.00,0.124256,184.44,0.000000,35.00
97.350,32.95,-79.91,0.292436,30.00,0.187847,186.96,0.000000,35.00
97.400,33.08,-79.91,0.292439,30.00,0.205427,189.27,0.000000,35.00
97.450,33.20,-79.91,0.292434,30.00,0.223175,190.41,0.000000,35.00
97.500,33.19,-79.91,0.292434,30.00,0.162538,188.69,0.000000,35.00
97.550,33.27,-79.91,0.292434,30.00,0.183030,193.23,0.000000,35.00
97.600,33.44,-79.91,0.292449,30.00,0.325253,195.97,0.000000,35.00
97.650,33.25,-79.91,0.292444,30.00,0.368739,192.17,0.000000,35.00
97.700,33.27,-79.91,0.292446,30.00,0.280728,195.12,0.000000,35.00
97.750,33.20,-79.91,0.292437,30.00,0.195613,192.29,0.000000,35.00
97.800,33.15,-79.91,0.292434,30.00,0.176336,191.35,0.000000,35.00
97.850,33.12,-79.91,0.292436,30.00,0.186822,190.32,0.000000,35.00
97.900,33.10,-79.91,0.292439,30.00,0.149348,190.51,0.000000,35.00
97.950,33.02,-79.91,0.292437,30.00,0.158019,187.58,0.000000,35.00
98.000,33.09,-79.91,0.292446,30.00,0.160197,190.22,0.000000,35.00
98.050,33.23,-79.91,0.292447,30.00,0.193820,194.29,0.000000,35.00
98.100,33.19,-79.91,0.292433,30.00,0.179579,190.24,0.000000,35.00
98.150,33.23,-79.91,0.292429,30.00,0.211104,191.82,0.000000,35.00
98.200,33.27,-79.91,0.292444,30.00,0.235876,195.74,0.000000,35.00
98.250,33.29,-79.91,0.292447,30.00,0.201256,194.30,0.000000,35.00
98.300,33.08,-79.91,0.292446,30.00,0.245747,183.59,0.000000,35.00
98.350,32.88,-79.91,0.292439,30.00,0.332539,183.41,0.000000,35.00
98.400,33.18,-79.91,0.292452,30.00,0.285436,195.79,0.000000,35.00
98.450,33.25,-79.91,0.292451,30.00,0.202170,197.44,0.000000,35.00
98.500,33.07,-79.92,0.292445,30.00,0.294079,186.11,0.000000,35.00
98.550,33.37,-79.91,0.292439,30.00,0.415749,195.49,0.000000,35.00
98.600,33.50,-79.92,0.292445,30.00,0.386629,201.80,0.000000,35.00
98.650,33.06,-79.92,0.292454,30.00,0.346049,187.98,0.000000,35.00
98.700,33.25,-79.92,0.292460,30.00,0.412149,191.94,0.000000,35.00
98.750,33.58,-79.92,0.292443,30.00,0.468512,204.39,0.000000,35.00
98.800,33.74,-79.92,0.292453,30.00,0.451204,208.76,0.000000,35.00
98.850,33.59,-79.92,0.292442,30.00,0.267989,204.85,0.000000,35.00
98.900,33.22,-79.92,0.292445,30.00,0.189113,193.91,0.000000,35.00
98.950,33.14,-79.92,0.292443,30.00,0.227294,190.51,0.000000,35.00
99.000,33.10,-79.92,0.292434,30.00,0.312844,186.06,0.000000,35.00
99.050,33.10,-79.92,0.292429,30.00,0.286923,186.84,0.000000,35.00
99.100,33.28,-79.92,0.292447,30.00,0.325373,193.05,0.000000,35.00
99.150,33.31,-79.92,0.292446,30.00,0.265586,194.59,0.000000,35.00
99.200,33.32,-79.92,0.292445,30.00,0.363164,199.30,0.000000,35.00
99.250,33.07,-79.92,0.292437,30.00,0.347822,189.40,0.000000,35.00
99.300,33.09,-79.91,0.292442,30.00,0.306424,188.06,0.000000,35.00
99.350,33.13,-79.91,0.292443,30.00,0.207624,190.07,0.000000,35.00
99.400,33.03,-79.91,0.292452,30.00,0.211253,187.22,0.000000,35.00
99.450,33.06,-79.91,0.292447,30.00,0.212819,188.42,0.000000,35.00
99.500,33.25,-79.91,0.292443,30.00,0.240966,192.02,0.000000,35.00
99.550,33.29,-79.91,0.292438,30.00,0.248102,193.29,0.000000,35.00
99.600,33.08,-79.91,0.292450,30.00,0.291686,189.59,0.000000,35.00
99.650,33.18,-79.91,0.292453,30.00,0.245888,190.07,0.000000,35.00
99.700,33.34,-79.91,0.292454,30.00,0.239934,194.37,0.000000,35.00
99.750,33.34,-79.91,0.292439,30.00,0.268984,196.68,0.000000,35.00
99.800,33.35,-79.91,0.292442,30.00,0.266810,200.07,0.000000,35.00
99.850,33.17,-79.91,0.292440,30.00,0.241221,193.14,0.000000,35.00
99.900,33.08,-79.91,0.292443,30.00,0.204237,188.50,0.000000,35.00
99.950,33.15,-79.91,0.292448,30.00,0.232454,189.85,0.000000,35.00
100.000,33.27,-79.91,0.292448,30.00,0.223822,195.22,0.000000,35.00
100.050,33.20,-79.91,0.292447,30.00,0.150638,194.42,0.000000,35.00
100.100,33.17,-79.91,0.292445,30.00,0.165526,193.46,0.000000,35.00
100.150,33.12,-79.91,0.292435,30.00,0.228396,190.07,0.000000,35.00
100.200,33.21,-79.91,0.292442,30.00,0.209004,190.10,0.000000,35.00
100.250,33.15,-79.91,0.292450,30.00,0.227470,190.65,0.000000,35.00
100.300,33.14,-79.91,0.292454,30.00,0.257080,192.34,0.000000,35.00
100.350,33.32,-79.91,0.292445,30.00,0.295421,198.21,0.000000,35.00
100.400,33.36,-79.91,0.292454,30.00,0.240709,199.55,0.000000,35.00
100.450,33.29,-79.91,0.292451,30.00,0.258899,194.88,0.000000,35.00
100.500,33.29,-79.91,0.292445,30.00,0.312610,191.36,0.000000,35.00
100.550,33.13,-79.91,0.292444,30.00,0.288069,189.68,0.000000,35.00
100.600,32.94,-79.91,0.292439,30.00,0.203632,186.05,0.000000,35.00
100.650,33.08,-79.91,0.292433,30.00,0.170485,187.73,0.000000,35.00
100.700,33.55,-79.91,0.292448,30.00,0.277825,201.53,0.000000,35.00
100.750,33.59,-79.91,0.292448,30.00,0.277002,202.37,0.000000,35.00
100.800,33.39,-79.91,0.292459,30.00,0.230104,194.10,0.000000,35.00
100.850,33.28,-79.91,0.292455,30.00,0.264537,192.81,0.000000,35.00
100.900,33.31,-79.91,0.292452,30.00,0.249166,196.35,0.000000,35.00
100.950,33.19,-79.91,0.292447,30.00,0.208016,194.04,0.000000,35.00
101.000,33.21,-79.91,0.292440,30.00,0.149881,193.52,0.000000,35.00
101.050,33.45,-79.91,0.292435,30.00,0.253347,199.75,0.000000,35.00
101.100,33.50,-79.91,0.292443,30.00,0.291974,199.56,0.000000,35.00
101.150,33.16,-79.92,0.292451,30.00,0.254757,187.36,0.000000,35.00
101.200,32.95,-79.92,0.292451,30.00,0.186439,184.54,0.000000,35.00
101.250,33.20,-79.92,0.292448,30.00,0.266902,193.20,0.000000,35.00
101.300,33.10,-79.92,0.292445,30.00,0.229463,187.44,0.000000,35.00
101.350,32.95,-79.92,0.292440,30.00,0.315966,183.87,0.000000,35.00
101.400,33.23,-79.92,0.292444,30.00,0.248885,196.09,0.000000,35.00
101.450,33.07,-79.92,0.292438,30.00,0.239161,190.25,0.000000,35.00
101.500,33.19,-79.92,0.292442,30.00,0.164099,190.54,0.000000,35.00
101.550,33.48,-79.92,0.292451,30.00,0.131353,198.03,0.000000,35.00
101.600,33.34,-79.92,0.292453,30.00,0.120985,193.69,0.000000,35.00
101.650,33.11,-79.92,0.292447,30.00,0.171894,190.06,0.000000,35.00
101.700,33.13,-79.92,0.292437,30.00,0.197802,191.71,0.000000,35.00
101.750,33.28,-79.92,0.292437,30.00,0.131402,196.49,0.000000,35.00
101.800,33.24,-79.92,0.292443,30.00,0.130614,194.07,0.000000,35.00
101.850,33.35,-79.92,0.292444,30.00,0.135876,195.66,0.000000,35.00
101.900,33.43,-79.92,0.292442,30.00,0.223858,198.29,0.000000,35.00
101.950,33.28,-79.91,0.292447,30.00,0.279308,195.96,0.000000,35.00
102.000,33.36,-79.91,0.292445,30.00,0.222403,200.22,0.000000,35.00
102.050,33.35,-79.91,0.292442,30.00,0.214830,199.48,0.000000,35.00
102.100,33.19,-79.91,0.292455,30.00,0.230535,191.64,0.000000,35.00
102.150,33.02,-79.91,0.292445,30.00,0.170801,185.72,0.000000,35.00
102.200,33.15,-79.91,0.292436,30.00,0.158005,190.35,0.000000,35.00
102.250,33.34,-79.91,0.292437,30.00,0.160543,197.89,0.000000,35.00
102.300,33.36,-79.91,0.292441,30.00,0.134015,197.49,0.000000,35.00
102.350,33.19,-79.91,0.292445,30.00,0.193279,193.21,0.000000,35.00
102.400,32.95,-79.91,0.292445,30.00,0.244558,189.07,0.000000,35.00
102.450,32.90,-79.91,0.292439,30.00,0.262031,185.64,0.000000,35.00
102.500,32.88,-79.91,0.292442,30.00,0.212145,181.36,0.000000,35.00
102.550,33.03,-79.91,0.292442,30.00,0.141451,185.97,0.000000,35.00
102.600,33.14,-79.91,0.292449,30.00,0.169066,188.44,0.000000,35.00
102.650,32.98,-79.91,0.292450,30.00,0.203564,183.36,0.000000,35.00
102.700,33.20,-79.91,0.292443,30.00,0.248300,189.90,0.000000,35.00
102.750,33.23,-79.91,0.292445,30.00,0.132963,193.80,0.000000,35.00
102.800,33.00,-79.91,0.292447,30.00,0.235741,186.47,0.000000,35.00
102.850,32.88,-79.91,0.292443,30.00,0.281926,186.70,0.000000,35.00
102.900,33.09,-79.91,0.292440,30.00,0.202081,192.61,0.000000,35.00
102.950,33.19,-79.91,0.292444,30.00,0.158970,192.28,0.000000,35.00
103.000,33.15,-79.91,0.292445,30.00,0.242656,189.92,0.000000,35.00
103.050,33.33,-79.91,0.292436,30.00,0.229492,196.16,0.000000,35.00
103.100,33.35,-79.91,0.292442,30.00,0.212466,196.44,0.000000,35.00
103.150,33.12,-79.91,0.292440,30.00,0.212950,189.41,0.000000,35.00
103.200,32.96,-79.91,0.292444,30.00,0.209056,186.55,0.000000,35.00
103.250,33.09,-79.91,0.292453,30.00,0.181566,190.09,0.000000,35.00
103.300,33.28,-79.91,0.292447,30.00,0.196037,194.62,0.000000,35.00
103.350,33.24,-79.91,0.292441,30.00,0.203296,190.76,0.000000,35.00
103.400,33.21,-79.91,0.292447,30.00,0.118033,190.95,0.000000,35.00
103.450,33.26,-79.91,0.292441,30.00,0.137605,194.70,0.000000,35.00
103.500,33.06,-79.91,0.292438,30.00,0.141191,188.71,0.000000,35.00
103.550,33.21,-79.91,0.292440,30.00,0.145574,193.66,0.000000,35.00
103.600,33.39,-79.91,0.292444,30.00,0.193209,197.05,0.000000,35.00
103.650,33.20,-79.91,0.292447,30.00,0.188154,190.89,0.000000,35.00
103.700,33.26,-79.91,0.292443,30.00,0.169718,195.03,0.000000,35.00
103.750,33.33,-79.91,0.292448,30.00,0.188525,196.40,0.000000,35.00
103.800,33.37,-79.91,0.292447,30.00,0.202977,196.63,0.000000,35.00
103.850,33.52,-79.92,0.292439,30.00,0.205500,198.16,0.000000,35.00
103.900,33.54,-79.92,0.292441,30.00,0.234247,199.54,0.000000,35.00
103.950,33.19,-79.92,0.292444,30.00,0.213234,191.92,0.000000,35.00
104.000,32.94,-79.92,0.292441,30.00,0.203675,185.81,0.000000,35.00
104.050,33.34,-79.92,0.292438,30.00,0.235284,194.77,0.000000,35.00
104.100,33.55,-79.92,0.292441,30.00,0.264911,202.36,0.000000,35.00
104.150,33.31,-79.92,0.292448,30.00,0.225007,196.56,0.000000,35.00
104.200,33.36,-79.92,0.292441,30.00,0.122087,196.19,0.000000,35.00
104.250,33.56,-79.92,0.292441,30.00,0.111747,203.47,0.000000,35.00
104.300,33.27,-79.92,0.292444,30.00,0.130891,194.91,0.000000,35.00
104.350,33.05,-79.92,0.292445,30.00,0.178464,188.29,0.000000,35.00
104.400,33.17,-79.92,0.292444,30.00,0.124629,194.20,0.000000,35.00
104.450,33.28,-79.92,0.292437,30.00,0.133171,196.96,0.000000,35.00
104.500,33.20,-79.92,0.292437,30.00,0.161545,192.79,0.000000,35.00
104.550,33.12,-79.92,0.292446,30.00,0.213429,189.72,0.000000,35.00
104.600,33.16,-79.91,0.292444,30.00,0.242483,192.01,0.000000,35.00
104.650,32.95,-79.91,0.292450,30.00,0.213424,183.61,0.000000,35.00
104.700,33.00,-79.91,0.292441,30.00,0.227268,186.35,0.000000,35.00
104.750,33.32,-79.91,0.292443,30.00,0.187731,195.93,0.000000,35.00
104.800,33.10,-79.91,0.292449,30.00,0.150531,188.15,0.000000,35.00
104.850,33.15,-79.91,0.292446,30.00,0.142287,192.96,0.000000,35.00
104.900,33.53,-79.91,0.292438,30.00,0.205797,205.64,0.000000,35.00
104.950,33.49,-79.91,0.292440,30.00,0.240746,201.90,0.000000,35.00
105.000,33.00,-79.91,0.292446,30.00,0.201213,187.68,0.000000,35.00
105.050,33.00,-79.91,0.292456,30.00,0.287060,189.45,0.000000,35.00
105.100,33.20,-79.91,0.292437,30.00,0.379185,193.38,0.000000,35.00
105.150,33.40,-79.91,0.292435,30.00,0.220780,197.67,0.000000,35.00
105.200,33.28,-79.91,0.292442,30.00,0.137107,195.51,0.000000,35.00
105.250,33.16,-79.91,0.292446,30.00,0.126182,192.75,0.000000,35.00
105.300,33.24,-79.91,0.292448,30.00,0.198966,194.18,0.000000,35.00
105.350,33.21,-79.91,0.292454,30.00,0.251506,192.72,0.000000,35.00
105.400,33.12,-79.91,0.292440,30.00,0.312471,187.40,0.000000,35.00
105.450,33.20,-79.91,0.292443,30.00,0.367520,188.49,0.000000,35.00
105.500,33.22,-79.91,0.292442,30.00,0.338867,188.49,0.000000,35.00
105.550,33.33,-79.91,0.292443,30.00,0.263721,194.98,0.000000,35.00
105.600,33.32,-79.91,0.292437,30.00,0.293402,196.08,0.000000,35.00
105.650,33.33,-79.91,0.292433,30.00,0.223356,195.50,0.000000,35.00
105.700,33.25,-79.91,0.292441,30.00,0.194459,194.18,0.000000,35.00
105.750,33.35,-79.91,0.292454,30.00,0.232348,196.58,0.000000,35.00
105.800,33.46,-79.91,0.292461,30.00,0.234992,199.79,0.000000,35.00
105.850,33.56,-79.91,0.292449,30.00,0.213912,200.47,0.000000,35.00
105.900,33.46,-79.91,0.292436,30.00,0.258662,200.21,0.000000,35.00
105.950,33.13,-79.91,0.292449,30.00,0.216585,192.52,0.000000,35.00
106.000,33.08,-79.91,0.292453,30.00,0.210281,188.87,0.000000,35.00
106.050,33.09,-79.91,0.292458,30.00,0.191849,189.05,0.000000,35.00
106.100,33.16,-79.91,0.292453,30.00,0.225579,191.02,0.000000,35.00
106.150,33.26,-79.91,0.292451,30.00,0.247918,193.58,0.000000,35.00
106.200,33.10,-79.91,0.292444,30.00,0.210589,188.90,0.000000,35.00
106.250,33.00,-79.91,0.292436,30.00,0.223622,188.36,0.000000,35.00
106.300,33.00,-79.91,0.292438,30.00,0.223043,187.85,0.000000,35.00
106.350,32.99,-79.91,0.292444,30.00,0.210997,185.99,0.000000,35.00
106.400,33.10,-79.91,0.292444,30.00,0.156610,188.76,0.000000,35.00
106.450,33.13,-79.92,0.292436,30.00,0.162190,190.30,0.000000,35.00
106.500,32.89,-79.91,0.292428,30.00,0.193063,184.84,0.000000,35.00
106.550,32.72,-79.92,0.292445,30.00,0.283232,177.28,0.000000,35.00
106.600,32.95,-79.92,0.292448,30.00,0.198088,184.88,0.000000,35.00
106.650,33.35,-79.92,0.292444,30.00,0.201574,194.10,0.000000,35.00
106.700,33.49,-79.92,0.292442,30.00,0.206880,194.06,0.000000,35.00
106.750,33.30,-79.92,0.292442,30.00,0.166083,191.90,0.000000,35.00
106.800,33.17,-79.92,0.292442,30.00,0.202045,188.62,0.000000,35.00
106.850,33.20,-79.92,0.292448,30.00,0.299220,190.30,0.000000,35.00
106.900,33.31,-79.92,0.292436,30.00,0.297888,193.33,0.000000,35.00
106.950,33.34,-79.92,0.292433,30.00,0.270115,196.32,0.000000,35.00
107.000,33.18,-79.92,0.292439,30.00,0.282198,192.01,0.000000,35.00
107.050,33.34,-79.92,0.292453,30.00,0.341292,197.03,0.000000,35.00
107.100,33.36,-79.92,0.292440,30.00,0.384466,199.78,0.000000,35.00
107.150,33.03,-79.92,0.292444,30.00,0.355200,188.16,0.000000,35.00
107.200,32.96,-79.92,0.292442,30.00,0.402851,184.72,0.000000,35.00
107.250,32.99,-79.91,0.292447,30.00,0.357147,186.36,0.000000,35.00
107.300,33.03,-79.91,0.292444,30.00,0.213651,189.57,0.000000,35.00
107.350,33.18,-79.91,0.292442,30.00,0.146324,193.02,0.000000,35.00
107.400,33.28,-79.91,0.292435,30.00,0.170288,194.26,0.000000,35.00
107.450,33.15,-79.91,0.292446,30.00,0.270793,190.63,0.000000,35.00
107.500,32.97,-79.91,0.292444,30.00,0.287316,185.35,0.000000,35.00
107.550,33.16,-79.91,0.292450,30.00,0.249937,190.96,0.000000,35.00
107.600,33.20,-79.91,0.292449,30.00,0.212393,193.32,0.000000,35.00
107.650,32.99,-79.91,0.292444,30.00,0.179022,186.69,0.000000,35.00
107.700,33.17,-79.91,0.292436,30.00,0.187184,188.37,0.000000,35.00
107.750,33.45,-79.91,0.292443,30.00,0.224113,197.06,0.000000,35.00
107.800,33.29,-79.91,0.292437,30.00,0.238951,197.50,0.000000,35.00
107.850,33.29,-79.91,0.292433,30.00,0.237562,194.23,0.000000,35.00
107.900,33.29,-79.91,0.292437,30.00,0.198890,191.36,0.000000,35.00
107.950,33.07,-79.91,0.292439,30.00,0.277332,187.91,0.000000,35.00
108.000,33.04,-79.91,0.292445,30.00,0.219630,187.20,0.000000,35.00
108.050,33.04,-79.91,0.292462,30.00,0.210601,186.66,0.000000,35.00
108.100,33.41,-79.91,0.292474,30.00,0.305093,197.11,0.000000,35.00
108.150,33.49,-79.91,0.292452,30.00,0.371156,202.37,0.000000,35.00
108.200,33.61,-79.91,0.292444,30.00,0.281739,206.56,0.000000,35.00
108.250,33.54,-79.91,0.292446,30.00,0.238612,204.31,0.000000,35.00
108.300,33.45,-79.91,0.292446,30.00,0.228223,200.14,0.000000,35.00
108.350,33.18,-79.91,0.292445,30.00,0.235874,194.17,0.000000,35.00
108.400,32.97,-79.91,0.292439,30.00,0.174457,188.97,0.000000,35.00
108.450,32.99,-79.91,0.292440,30.00,0.206481,186.85,0.000000,35.00
108.500,33.15,-79.91,0.292450,30.00,0.259060,191.29,0.000000,35.00
108.550,32.95,-79.91,0.292450,30.00,0.224401,185.22,0.000000,35.00
108.600,33.07,-79.91,0.292440,30.00,0.270174,188.90,0.000000,35.00
108.650,33.23,-79.91,0.292450,30.00,0.225730,195.03,0.000000,35.00
108.700,33.00,-79.91,0.292454,30.00,0.217243,187.31,0.000000,35.00
108.750,32.80,-79.91,0.292459,30.00,0.213856,182.61,0.000000,35.00
108.800,33.11,-79.91,0.292463,30.00,0.246331,189.53,0.000000,35.00
108.850,33.28,-79.91,0.292465,30.00,0.263467,194.75,0.000000,35.00
108.900,33.25,-79.91,0.292442,30.00,0.331971,193.93,0.000000,35.00
108.950,33.28,-79.91,0.292450,30.00,0.275552,195.10,0.000000,35.00
109.000,33.10,-79.91,0.292452,30.00,0.187405,188.13,0.000000,35.00
109.050,33.05,-79.91,0.292453,30.00,0.159380,187.34,0.000000,35.00
109.100,33.16,-79.92,0.292442,30.00,0.206880,191.46,0.000000,35.00
109.150,33.12,-79.92,0.292446,30.00,0.255948,189.56,0.000000,35.00
109.200,33.12,-79.92,0.292438,30.00,0.240230,190.83,0.000000,35.00
109.250,33.11,-79.92,0.292439,30.00,0.156059,192.10,0.000000,35.00
109.300,33.03,-79.92,0.292436,30.00,0.175767,191.51,0.000000,35.00
109.350,33.16,-79.92,0.292448,30.00,0.201600,192.17,0.000000,35.00
109.400,33.21,-79.92,0.292444,30.00,0.160438,191.29,0.000000,35.00
109.450,33.08,-79.92,0.292439,30.00,0.167623,190.53,0.000000,35.00
109.500,32.99,-79.92,0.292443,30.00,0.180622,187.45,0.000000,35.00
109.550,33.26,-79.92,0.292445,30.00,0.186386,194.60,0.000000,35.00
109.600,33.13,-79.92,0.292436,30.00,0.186685,192.76,0.000000,35.00
109.650,32.95,-79.92,0.292435,30.00,0.246528,188.50,0.000000,35.00
109.700,32.88,-79.92,0.292443,30.00,0.259022,186.65,0.000000,35.00
109.750,32.88,-79.92,0.292446,30.00,0.118095,185.89,0.000000,35.00
109.800,33.09,-79.92,0.292441,30.00,0.193984,189.61,0.000000,35.00
109.850,33.16,-79.92,0.292443,30.00,0.187850,190.06,0.000000,35.00
109.900,33.26,-79.91,0.292438,30.00,0.195062,194.73,0.000000,35.00
109.950,33.32,-79.91,0.292446,30.00,0.188115,198.95,0.000000,35.00
110.000,33.34,-79.91,0.292441,30.00,0.144564,198.06,0.000000,35.00
110.050,33.19,-79.91,0.292443,30.00,0.207502,190.39,0.000000,35.00
110.100,33.35,-79.91,0.292450,30.00,0.326838,193.22,0.000000,35.00
110.150,33.40,-79.91,0.292451,30.00,0.303807,196.57,0.000000,35.00
110.200,33.29,-79.91,0.292453,30.00,0.194200,193.96,0.000000,35.00
110.250,33.32,-79.91,0.292437,30.00,0.230045,197.63,0.000000,35.00
110.300,33.43,-79.91,0.292438,30.00,0.204579,201.47,0.000000,35.00
110.350,33.16,-79.91,0.292444,30.00,0.147126,195.61,0.000000,35.00
110.400,33.24,-79.91,0.292456,30.00,0.209379,194.67,0.000000,35.00
110.450,33.47,-79.91,0.292461,30.00,0.293471,197.88,0.000000,35.00
110.500,33.48,-79.91,0.292448,30.00,0.238368,201.62,0.000000,35.00
110.550,33.21,-79.91,0.292445,30.00,0.145817,194.31,0.000000,35.00
110.600,33.28,-79.91,0.292445,30.00,0.120991,198.08,0.000000,35.00
110.650,33.26,-79.91,0.292446,30.00,0.139527,194.00,0.000000,35.00
110.700,32.97,-79.91,0.292448,30.00,0.169669,182.97,0.000000,35.00
110.750,32.91,-79.91,0.292447,30.00,0.174695,184.29,0.000000,35.00
110.800,32.96,-79.91,0.292438,30.00,0.134293,186.89,0.000000,35.00
110.850,33.06,-79.91,0.292432,30.00,0.108718,191.47,0.000000,35.00
110.900,33.47,-79.91,0.292437,30.00,0.138287,201.68,0.000000,35.00
110.950,33.45,-79.91,0.292445,30.00,0.179243,201.02,0.000000,35.00
111.000,33.09,-79.91,0.292442,30.00,0.132214,191.43,0.000000,35.00
111.050,32.99,-79.91,0.292438,30.00,0.126109,186.39,0.000000,35.00
111.100,33.39,-79.91,0.292434,30.00,0.178882,198.21,0.000000,35.00
111.150,33.40,-79.91,0.292435,30.00,0.251410,198.02,0.000000,35.00
111.200,33.07,-79.91,0.292448,30.00,0.207926,188.40,0.000000,35.00
111.250,33.01,-79.91,0.292457,30.00,0.170195,190.06,0.000000,35.00
111.300,33.36,-79.91,0.292451,30.00,0.148275,199.00,0.000000,35.00
111.350,33.22,-79.91,0.292446,30.00,0.174275,192.23,0.000000,35.00
111.400,33.04,-79.91,0.292457,30.00,0.203411,187.33,0.000000,35.00
111.450,32.98,-79.91,0.292451,30.00,0.208843,184.92,0.000000,35.00
111.500,32.93,-79.91,0.292439,30.00,0.181056,183.43,0.000000,35.00
111.550,32.92,-79.91,0.292440,30.00,0.195985,185.78,0.000000,35.00
111.600,32.96,-79.91,0.292445,30.00,0.197039,187.70,0.000000,35.00
111.650,33.01,-79.91,0.292443,30.00,0.195508,186.96,0.000000,35.00
111.700,33.17,-79.91,0.292442,30.00,0.200435,191.63,0.000000,35.00
111.750,33.15,-79.92,0.292435,30.00,0.206220,191.26,0.000000,35.00
111.800,33.07,-79.91,0.292441,30.00,0.178666,190.09,0.000000,35.00
111.850,33.11,-79.92,0.292445,30.00,0.231506,189.57,0.000000,35.00
111.900,33.31,-79.92,0.292440,30.00,0.156465,196.82,0.000000,35.00
111.950,33.36,-79.92,0.292430,30.00,0.162723,199.61,0.000000,35.00
112.000,33.27,-79.92,0.292439,30.00,0.158745,195.34,0.000000,35.00
112.050,33.24,-79.92,0.292444,30.00,0.201860,194.15,0.000000,35.00
112.100,33.27,-79.92,0.292451,30.00,0.282351,195.08,0.000000,35.00
112.150,33.23,-79.92,0.292438,30.00,0.326555,193.28,0.000000,35.00
112.200,33.06,-79.92,0.292443,30.00,0.254756,188.06,0.000000,35.00
112.250,33.04,-79.92,0.292437,30.00,0.220924,188.29,0.000000,35.00
112.300,33.06,-79.92,0.292443,30.00,0.144220,187.57,0.000000,35.00
112.350,33.03,-79.92,0.292447,30.00,0.150826,186.47,0.000000,35.00
112.400,33.32,-79.92,0.292438,30.00,0.210737,198.53,0.000000,35.00
112.450,33.26,-79.92,0.292437,30.00,0.226877,194.72,0.000000,35.00
112.500,33.25,-79.92,0.292445,30.00,0.192703,194.38,0.000000,35.00
112.550,33.29,-79.91,0.292449,30.00,0.172126,195.66,0.000000,35.00
112.600,33.36,-79.91,0.292443,30.00,0.143278,199.43,0.000000,35.00
112.650,33.23,-79.91,0.292442,30.00,0.151169,196.03,0.000000,35.00
112.700,33.12,-79.91,0.292441,30.00,0.153103,189.54,0.000000,35.00
112.750,33.17,-79.91,0.292444,30.00,0.163658,193.81,0.000000,35.00
112.800,33.10,-79.91,0.292447,30.00,0.150630,192.48,0.000000,35.00
112.850,33.22,-79.91,0.292447,30.00,0.261712,195.40,0.000000,35.00
112.900,33.23,-79.91,0.292458,30.00,0.364132,194.21,0.000000,35.00
112.950,33.02,-79.91,0.292448,30.00,0.310154,188.29,0.000000,35.00
113.000,32.86,-79.91,0.292445,30.00,0.200956,182.18,0.000000,35.00
113.050,33.01,-79.91,0.292442,30.00,0.202640,185.78,0.000000,35.00
113.100,33.20,-79.91,0.292443,30.00,0.207867,193.79,0.000000,35.00
113.150,33.21,-79.91,0.292440,30.00,0.183041,192.87,0.000000,35.00
113.200,33.14,-79.91,0.292451,30.00,0.217054,188.68,0.000000,35.00
113.250,33.10,-79.91,0.292445,30.00,0.282148,189.26,0.000000,35.00
113.300,33.14,-79.91,0.292439,30.00,0.231386,192.16,0.000000,35.00
113.350,33.21,-79.91,0.292435,30.00,0.216395,194.39,0.000000,35.00
113.400,33.09,-79.91,0.292440,30.00,0.195623,190.90,0.000000,35.00
113.450,33.34,-79.91,0.292437,30.00,0.165856,197.65,0.000000,35.00
113.500,33.34,-79.91,0.292446,30.00,0.241604,197.03,0.000000,35.00
113.550,33.10,-79.91,0.292442,30.00,0.234005,192.55,0.000000,35.00
113.600,33.19,-79.91,0.292448,30.00,0.209134,196.07,0.000000,35.00
113.650,33.29,-79.91,0.292446,30.00,0.158415,197.24,0.000000,35.00
113.700,33.17,-79.91,0.292444,30.00,0.135639,192.92,0.000000,35.00
113.750,32.94,-79.91,0.292445,30.00,0.225731,187.33,0.000000,35.00
113.800,32.91,-79.91,0.292455,30.00,0.354443,187.28,0.000000,35.00
113.850,32.94,-79.91,0.292444,30.00,0.370827,186.37,0.000000,35.00
113.900,33.05,-79.91,0.292455,30.00,0.401344,189.21,0.000000,35.00
113.950,33.28,-79.91,0.292443,30.00,0.357107,198.33,0.000000,35.00
114.000,33.14,-79.91,0.292444,30.00,0.273965,192.38,0.000000,35.00
114.050,33.16,-79.91,0.292447,30.00,0.292446,189.28,0.000000,35.00
114.100,33.30,-79.91,0.292436,30.00,0.353707,195.35,0.000000,35.00
114.150,33.22,-79.91,0.292432,30.00,0.245717,195.94,0.000000,35.00
114.200,33.13,-79.91,0.292436,30.00,0.197146,191.75,0.000000,35.00
114.250,33.16,-79.91,0.292440,30.00,0.176219,191.76,0.000000,35.00
114.300,33.63,-79.91,0.292449,30.00,0.191454,203.34,0.000000,35.00
114.350,33.50,-79.91,0.292446,30.00,0.242887,196.56,0.000000,35.00
114.400,33.05,-79.92,0.292448,30.00,0.299376,185.97,0.000000,35.00
114.450,33.01,-79.92,0.292455,30.00,0.286248,188.00,0.000000,35.00
114.500,33.09,-79.92,0.292447,30.00,0.202057,190.58,0.000000,35.00
114.550,33.04,-79.92,0.292446,30.00,0.161075,187.23,0.000000,35.00
114.600,33.41,-79.92,0.292449,30.00,0.196394,197.50,0.000000,35.00
114.650,33.44,-79.92,0.292447,30.00,0.166347,199.73,0.000000,35.00
114.700,33.39,-79.92,0.292445,30.00,0.126003,198.75,0.000000,35.00
114.750,33.25,-79.92,0.292448,30.00,0.159228,194.93,0.000000,35.00
114.800,33.13,-79.92,0.292450,30.00,0.150226,190.19,0.000000,35.00
114.850,33.36,-79.92,0.292441,30.00,0.188301,193.02,0.000000,35.00
114.900,33.39,-79.92,0.292436,30.00,0.186349,191.62,0.000000,35.00
114.950,33.30,-79.92,0.292444,30.00,0.162875,194.07,0.000000,35.00
115.000,33.19,-79.92,0.292444,30.00,0.143858,193.99,0.000000,35.00
115.050,33.31,-79.92,0.292438,30.00,0.228856,194.02,0.000000,35.00
115.100,33.28,-79.92,0.292444,30.00,0.353561,193.47,0.000000,35.00
115.150,33.19,-79.92,0.292436,30.00,0.356963,191.93,0.000000,35.00
115.200,33.32,-79.91,0.292430,30.00,0.314745,192.09,0.000000,35.00
115.250,33.33,-79.91,0.292416,30.00,0.272306,192.02,0.000000,35.00
115.300,33.42,-79.91,0.292425,30.00,0.281031,193.74,0.000000,35.00
115.350,33.40,-79.91,0.292432,30.00,0.335730,195.35,0.000000,35.00
115.400,33.27,-79.91,0.292444,30.00,0.325401,192.25,0.000000,35.00
115.450,33.09,-79.91,0.292445,30.00,0.276502,190.22,0.000000,35.00
115.500,33.01,-79.91,0.292445,30.00,0.278560,185.51,0.000000,35.00
115.550,33.01,-79.91,0.292433,30.00,0.306608,184.56,0.000000,35.00
115.600,33.05,-79.91,0.292443,30.00,0.286193,188.28,0.000000,35.00
115.650,33.29,-79.91,0.292436,30.00,0.291455,197.36,0.000000,35.00
115.700,33.32,-79.91,0.292446,30.00,0.258311,196.51,0.000000,35.00
115.750,33.07,-79.91,0.292439,30.00,0.199027,188.68,0.000000,35.00
115.800,33.30,-79.91,0.292440,30.00,0.209518,195.38,0.000000,35.00
115.850,33.37,-79.91,0.292435,30.00,0.238832,193.29,0.000000,35.00
115.900,33.42,-79.91,0.292441,30.00,0.247714,196.40,0.000000,35.00
115.950,33.43,-79.91,0.292444,30.00,0.214895,199.24,0.000000,35.00
116.000,33.29,-79.91,0.292452,30.00,0.246241,195.91,0.000000,35.00
116.050,33.14,-79.91,0.292448,30.00,0.269805,192.20,0.000000,35.00
116.100,33.05,-79.91,0.292450,30.00,0.226277,189.75,0.000000,35.00
116.150,33.30,-79.91,0.292447,30.00,0.281368,194.60,0.000000,35.00
116.200,33.38,-79.91,0.292441,30.00,0.282983,195.89,0.000000,35.00
116.250,33.23,-79.91,0.292435,30.00,0.244452,192.43,0.000000,35.00
116.300,33.30,-79.91,0.292444,30.00,0.220100,195.04,0.000000,35.00
116.350,33.13,-79.91,0.292443,30.00,0.190514,187.03,0.000000,35.00
116.400,33.13,-79.91,0.292437,30.00,0.131491,186.81,0.000000,35.00
116.450,33.28,-79.91,0.292435,30.00,0.165062,195.69,0.000000,35.00
116.500,33.27,-79.91,0.292438,30.00,0.189342,194.38,0.000000,35.00
116.550,33.28,-79.91,0.292438,30.00,0.218251,192.44,0.000000,35.00
116.600,33.44,-79.91,0.292445,30.00,0.217585,196.23,0.000000,35.00
116.650,33.43,-79.91,0.292458,30.00,0.355944,196.85,0.000000,35.00
116.700,33.21,-79.91,0.292445,30.00,0.298933,192.96,0.000000,35.00
116.750,33.35,-79.91,0.292438,30.00,0.282668,197.67,0.000000,35.00
116.800,33.36,-79.91,0.292438,30.00,0.275769,198.08,0.000000,35.00
116.850,33.39,-79.91,0.292436,30.00,0.296924,195.78,0.000000,35.00
116.900,33.39,-79.91,0.292444,30.00,0.241463,191.17,0.000000,35.00
116.950,33.21,-79.91,0.292440,30.00,0.184930,189.85,0.000000,35.00
117.000,33.24,-79.91,0.292437,30.00,0.193165,192.42,0.000000,35.00
117.050,33.48,-79.92,0.292431,30.00,0.243692,197.51,0.000000,35.00
117.100,33.41,-79.92,0.292443,30.00,0.289897,200.11,0.000000,35.00
117.150,33.17,-79.92,0.292447,30.00,0.235840,192.48,0.000000,35.00
117.200,33.01,-79.92,0.292445,30.00,0.297229,185.68,0.000000,35.00
117.250,33.04,-79.92,0.292449,30.00,0.252057,189.06,0.000000,35.00
117.300,33.36,-79.92,0.292451,30.00,0.189937,199.04,0.000000,35.00
117.350,33.56,-79.92,0.292429,30.00,0.215730,201.86,0.000000,35.00
117.400,33.25,-79.92,0.292428,30.00,0.187839,191.68,0.000000,35.00
117.450,33.05,-79.92,0.292437,30.00,0.172620,188.00,0.000000,35.00
117.500,33.17,-79.92,0.292437,30.00,0.122797,192.61,0.000000,35.00
117.550,33.11,-79.92,0.292442,30.00,0.181983,192.80,0.000000,35.00
117.600,33.18,-79.92,0.292457,30.00,0.216967,194.33,0.000000,35.00
117.650,33.54,-79.92,0.292450,30.00,0.204983,205.84,0.000000,35.00
117.700,33.48,-79.92,0.292441,30.00,0.150047,203.75,0.000000,35.00
117.750,33.26,-79.92,0.292450,30.00,0.216091,192.67,0.000000,35.00
117.800,33.35,-79.92,0.292455,30.00,0.208096,197.99,0.000000,35.00
117.850,33.30,-79.91,0.292440,30.00,0.199604,200.20,0.000000,35.00
117.900,33.11,-79.91,0.292438,30.00,0.195029,195.25,0.000000,35.00
117.950,33.08,-79.91,0.292441,30.00,0.174813,191.98,0.000000,35.00
118.000,32.95,-79.91,0.292451,30.00,0.186505,185.20,0.000000,35.00
118.050,33.12,-79.91,0.292447,30.00,0.179981,191.05,0.000000,35.00
118.100,33.32,-79.91,0.292436,30.00,0.219858,197.37,0.000000,35.00
118.150,33.14,-79.91,0.292446,30.00,0.303596,194.38,0.000000,35.00
118.200,32.87,-79.91,0.292442,30.00,0.241315,183.63,0.000000,35.00
118.250,32.90,-79.91,0.292441,30.00,0.247450,183.13,0.000000,35.00
118.300,33.12,-79.91,0.292438,30.00,0.309627,191.28,0.000000,35.00
118.350,33.00,-79.91,0.292439,30.00,0.291155,188.44,0.000000,35.00
118.400,32.92,-79.91,0.292441,30.00,0.203670,187.24,0.000000,35.00
118.450,33.38,-79.91,0.292443,30.00,0.149926,199.13,0.000000,35.00
118.500,33.46,-79.91,0.292450,30.00,0.184311,200.48,0.000000,35.00
118.550,33.35,-79.91,0.292451,30.00,0.201062,195.60,0.000000,35.00
118.600,33.08,-79.91,0.292454,30.00,0.235023,185.93,0.000000,35.00
118.650,33.03,-79.91,0.292451,30.00,0.255766,187.09,0.000000,35.00
118.700,33.38,-79.91,0.292447,30.00,0.303180,195.87,0.000000,35.00
118.750,33.61,-79.91,0.292421,30.00,0.407284,204.19,0.000000,35.00
118.800,33.10,-79.91,0.292433,30.00,0.319481,191.79,0.000000,35.00
118.850,32.77,-79.91,0.292445,30.00,0.176099,181.18,0.000000,35.00
118.900,32.98,-79.91,0.292452,30.00,0.132249,187.68,0.000000,35.00
118.950,33.19,-79.91,0.292466,30.00,0.207148,190.85,0.000000,35.00
119.000,33.26,-79.91,0.292456,30.00,0.201832,192.55,0.000000,35.00
119.050,33.26,-79.91,0.292449,30.00,0.271725,193.19,0.000000,35.00
119.100,33.30,-79.91,0.292446,30.00,0.163413,196.87,0.000000,35.00
119.150,33.42,-79.91,0.292442,30.00,0.145251,198.72,0.000000,35.00
119.200,33.49,-79.91,0.292443,30.00,0.246865,198.61,0.000000,35.00
119.250,33.32,-79.91,0.292437,30.00,0.263900,193.41,0.000000,35.00
119.300,33.16,-79.91,0.292436,30.00,0.186470,190.79,0.000000,35.00
119.350,33.21,-79.91,0.292440,30.00,0.163924,190.74,0.000000,35.00
119.400,33.29,-79.91,0.292437,30.00,0.256459,191.12,0.000000,35.00
119.450,33.14,-79.91,0.292439,30.00,0.233591,188.59,0.000000,35.00
119.500,33.08,-79.91,0.292447,30.00,0.165192,189.99,0.000000,35.00
119.550,33.09,-79.91,0.292445,30.00,0.140346,189.26,0.000000,35.00
119.600,33.15,-79.91,0.292442,30.00,0.185596,189.33,0.000000,35.00
119.650,33.24,-79.91,0.292447,30.00,0.219001,191.89,0.000000,35.00
119.700,33.14,-79.92,0.292458,30.00,0.350178,187.65,0.000000,35.00
119.750,33.00,-79.92,0.292443,30.00,0.343736,184.13,0.000000,35.00
119.800,33.28,-79.92,0.292438,30.00,0.215693,195.21,0.000000,35.00
119.850,33.49,-79.92,0.292447,30.00,0.226950,200.05,0.000000,35.00
119.900,33.42,-79.92,0.292441,30.00,0.187673,197.20,0.000000,35.00
119.950,33.31,-79.92,0.292433,30.00,0.155944,197.16,0.000000,35.00
120.000,33.23,-79.92,0.292443,30.00,0.140861,195.10,0.000000,35.00
120.050,33.33,-79.92,0.292446,30.00,0.099119,196.30,0.000000,35.00
120.100,33.08,-79.92,0.292441,30.00,0.116065,188.18,0.000000,35.00
120.150,32.97,-79.92,0.292441,30.00,0.153081,188.20,0.000000,35.00
120.200,33.05,-79.92,0.292441,30.00,0.128778,189.37,0.000000,35.00
120.250,33.03,-79.92,0.292444,30.00,0.209155,187.48,0.000000,35.00
120.300,33.42,-79.92,0.292449,30.00,0.234206,197.19,0.000000,35.00
120.350,33.45,-79.92,0.292449,30.00,0.270570,199.44,0.000000,35.00
120.400,33.30,-79.92,0.292436,30.00,0.196404,195.30,0.000000,35.00
120.450,33.09,-79.92,0.292447,30.00,0.231607,188.17,0.000000,35.00
120.500,33.16,-79.91,0.292449,30.00,0.288585,187.74,0.000000,35.00
120.550,33.34,-79.91,0.292450,30.00,0.193190,194.83,0.000000,35.00
120.600,33.58,-79.91,0.292442,30.00,0.243540,202.42,0.000000,35.00
120.650,33.60,-79.91,0.292438,30.00,0.225936,202.50,0.000000,35.00
120.700,33.23,-79.91,0.292440,30.00,0.267902,192.49,0.000000,35.00
120.750,33.07,-79.91,0.292449,30.00,0.289652,189.56,0.000000,35.00
120.800,33.17,-79.91,0.292455,30.00,0.241185,192.65,0.000000,35.00
120.850,33.27,-79.91,0.292447,30.00,0.201038,195.60,0.000000,35.00
120.900,33.25,-79.91,0.292444,30.00,0.174361,193.99,0.000000,35.00
120.950,33.11,-79.91,0.292448,30.00,0.165512,189.81,0.000000,35.00
121.000,33.13,-79.91,0.292444,30.00,0.193349,192.03,0.000000,35.00
121.050,33.34,-79.91,0.292442,30.00,0.196100,199.11,0.000000,35.00
121.100,33.66,-79.91,0.292442,30.00,0.131302,207.52,0.000000,35.00
121.150,33.67,-79.91,0.292444,30.00,0.160118,206.21,0.000000,35.00
121.200,33.40,-79.91,0.292445,30.00,0.199345,197.28,0.000000,35.00
121.250,33.27,-79.91,0.292440,30.00,0.244925,192.90,0.000000,35.00
121.300,33.03,-79.91,0.292434,30.00,0.277730,190.29,0.000000,35.00
121.350,33.06,-79.91,0.292442,30.00,0.243177,190.21,0.000000,35.00
121.400,33.20,-79.91,0.292441,30.00,0.206757,189.50,0.000000,35.00
121.450,33.29,-79.91,0.292446,30.00,0.248684,195.49,0.000000,35.00
121.500,33.34,-79.91,0.292447,30.00,0.323145,200.42,0.000000,35.00
121.550,33.17,-79.91,0.292460,30.00,0.261317,192.28,0.000000,35.00
121.600,33.28,-79.91,0.292455,30.00,0.168764,194.26,0.000000,35.00
121.650,33.74,-79.91,0.292454,30.00,0.134784,209.22,0.000000,35.00
121.700,33.59,-79.91,0.292459,30.00,0.132522,202.08,0.000000,35.00
121.750,33.14,-79.91,0.292463,30.00,0.182927,186.47,0.000000,35.00
121.800,33.30,-79.91,0.292458,30.00,0.286574,192.68,0.000000,35.00
121.850,33.32,-79.91,0.292452,30.00,0.273679,196.99,0.000000,35.00
121.900,33.26,-79.91,0.292442,30.00,0.240563,196.34,0.000000,35.00
121.950,33.34,-79.91,0.292439,30.00,0.238467,200.59,0.000000,35.00
122.000,33.14,-79.91,0.292437,30.00,0.235989,192.72,0.000000,35.00
122.050,33.09,-79.91,0.292449,30.00,0.242297,188.92,0.000000,35.00
122.100,32.85,-79.91,0.292444,30.00,0.220315,180.51,0.000000,35.00
122.150,32.89,-79.91,0.292435,30.00,0.166085,183.97,0.000000,35.00
122.200,33.08,-79.91,0.292443,30.00,0.201969,190.82,0.000000,35.00
122.250,33.32,-79.91,0.292452,30.00,0.224126,197.53,0.000000,35.00
122.300,33.24,-79.91,0.292450,30.00,0.221729,195.34,0.000000,35.00
122.350,32.98,-79.92,0.292450,30.00,0.308850,186.96,0.000000,35.00
122.400,33.07,-79.92,0.292436,30.00,0.340469,189.70,0.000000,35.00
122.450,33.00,-79.92,0.292443,30.00,0.285064,188.81,0.000000,35.00
122.500,32.86,-79.92,0.292442,30.00,0.213927,186.13,0.000000,35.00
122.550,32.81,-79.92,0.292444,30.00,0.188788,181.19,0.000000,35.00
122.600,33.08,-79.92,0.292435,30.00,0.187435,188.12,0.000000,35.00
122.650,33.35,-79.92,0.292440,30.00,0.184006,197.10,0.000000,35.00
122.700,33.32,-79.92,0.292447,30.00,0.135630,196.00,0.000000,35.00
122.750,33.21,-79.92,0.292448,30.00,0.215792,191.95,0.000000,35.00
122.800,33.23,-79.92,0.292453,30.00,0.242275,192.21,0.000000,35.00
122.850,33.25,-79.92,0.292451,30.00,0.283419,194.38,0.000000,35.00
122.900,33.17,-79.92,0.292440,30.00,0.358857,190.01,0.000000,35.00
122.950,33.49,-79.92,0.292436,30.00,0.324462,198.62,0.000000,35.00
123.000,33.71,-79.92,0.292449,30.00,0.247536,207.97,0.000000,35.00
123.050,33.51,-79.92,0.292452,30.00,0.197282,198.16,0.000000,35.00
123.100,33.30,-79.92,0.292443,30.00,0.207081,195.07,0.000000,35.00
123.150,33.31,-79.91,0.292448,30.00,0.233790,197.89,0.000000,35.00
123.200,33.16,-79.91,0.292436,30.00,0.203806,189.65,0.000000,35.00
123.250,33.20,-79.91,0.292434,30.00,0.240907,189.75,0.000000,35.00
123.300,33.22,-79.91,0.292437,30.00,0.237545,192.80,0.000000,35.00
123.350,33.22,-79.91,0.292436,30.00,0.223178,195.69,0.000000,35.00
123.400,32.91,-79.91,0.292437,30.00,0.215135,185.35,0.000000,35.00
123.450,32.81,-79.91,0.292444,30.00,0.158026,183.60,0.000000,35.00
123.500,33.00,-79.91,0.292441,30.00,0.202478,189.22,0.000000,35.00
123.550,32.99,-79.91,0.292437,30.00,0.254369,187.05,0.000000,35.00
123.600,33.02,-79.91,0.292432,30.00,0.277728,186.00,0.000000,35.00
123.650,33.15,-79.91,0.292444,30.00,0.289997,189.74,0.000000,35.00
123.700,33.04,-79.91,0.292441,30.00,0.261299,186.64,0.000000,35.00
123.750,33.21,-79.91,0.292438,30.00,0.205182,192.01,0.000000,35.00
123.800,33.44,-79.91,0.292437,30.00,0.201992,201.33,0.000000,35.00
123.850,33.04,-79.91,0.292445,30.00,0.254653,190.81,0.000000,35.00
123.900,33.09,-79.91,0.292448,30.00,0.248178,190.62,0.000000,35.00
123.950,33.30,-79.91,0.292456,30.00,0.242641,195.47,0.000000,35.00
124.000,33.17,-79.91,0.292439,30.00,0.323448,193.07,0.000000,35.00
124.050,33.17,-79.91,0.292442,30.00,0.309208,192.00,0.000000,35.00
124.100,33.20,-79.91,0.292440,30.00,0.303629,193.48,0.000000,35.00
124.150,33.32,-79.91,0.292449,30.00,0.267675,197.80,0.000000,35.00
124.200,33.39,-79.91,0.292448,30.00,0.157779,198.46,0.000000,35.00
124.250,33.39,-79.91,0.292446,30.00,0.208258,198.72,0.000000,35.00
124.300,33.34,-79.91,0.292441,30.00,0.166595,197.13,0.000000,35.00
124.350,33.22,-79.91,0.292444,30.00,0.111533,192.25,0.000000,35.00
124.400,33.07,-79.91,0.292448,30.00,0.196205,189.11,0.000000,35.00
124.450,32.96,-79.91,0.292441,30.00,0.217847,184.09,0.000000,35.00
124.500,33.15,-79.91,0.292436,30.00,0.176555,191.97,0.000000,35.00
124.550,33.28,-79.91,0.292439,30.00,0.150193,194.84,0.000000,35.00
124.600,33.30,-79.91,0.292437,30.00,0.226210,194.99,0.000000,35.00
124.650,33.30,-79.91,0.292444,30.00,0.321970,200.35,0.000000,35.00
124.700,33.21,-79.91,0.292437,30.00,0.334279,196.45,0.000000,35.00
124.750,33.00,-79.91,0.292449,30.00,0.305258,187.92,0.000000,35.00
124.800,32.86,-79.91,0.292443,30.00,0.305511,186.44,0.000000,35.00
124.850,32.97,-79.91,0.292451,30.00,0.256579,188.45,0.000000,35.00
124.900,33.01,-79.91,0.292456,30.00,0.163365,185.90,0.000000,35.00
124.950,33.14,-79.91,0.292453,30.00,0.150996,187.61,0.000000,35.00
125.000,33.30,-79.92,0.292443,30.00,0.239238,190.67,0.000000,35.00
125.050,33.36,-79.91,0.292444,30.00,0.300164,194.77,0.000000,35.00
125.100,33.32,-79.92,0.292448,30.00,0.324150,197.52,0.000000,35.00
125.150,33.40,-79.92,0.292443,30.00,0.201511,200.67,0.000000,35.00
125.200,33.47,-79.92,0.292441,30.00,0.199452,201.50,0.000000,35.00
125.250,33.27,-79.92,0.292448,30.00,0.210429,192.71,0.000000,35.00
125.300,33.12,-79.92,0.292442,30.00,0.207567,187.94,0.000000,35.00
125.350,33.02,-79.92,0.292443,30.00,0.244420,186.15,0.000000,35.00
125.400,33.12,-79.92,0.292445,30.00,0.224299,186.78,0.000000,35.00
125.450,33.37,-79.92,0.292446,30.00,0.193829,198.36,0.000000,35.00
125.500,33.52,-79.92,0.292445,30.00,0.183664,203.55,0.000000,35.00
125.550,33.45,-79.92,0.292433,30.00,0.175319,200.02,0.000000,35.00
125.600,33.23,-79.92,0.292443,30.00,0.192103,190.45,0.000000,35.00
125.650,33.17,-79.92,0.292451,30.00,0.235577,191.13,0.000000,35.00
125.700,33.01,-79.92,0.292446,30.00,0.236090,186.54,0.000000,35.00
125.750,33.15,-79.92,0.292450,30.00,0.273302,186.41,0.000000,35.00
125.800,33.40,-79.92,0.292448,30.00,0.230652,196.65,0.000000,35.00
125.850,33.18,-79.91,0.292451,30.00,0.200252,193.71,0.000000,35.00
125.900,33.13,-79.91,0.292439,30.00,0.178384,189.61,0.000000,35.00
125.950,33.03,-79.91,0.292430,30.00,0.147809,185.51,0.000000,35.00
126.000,32.86,-79.91,0.292435,30.00,0.131480,183.22,0.000000,35.00
126.050,32.99,-79.91,0.292433,30.00,0.114235,186.64,0.000000,35.00
126.100,33.18,-79.91,0.292432,30.00,0.117215,190.76,0.000000,35.00
126.150,33.27,-79.91,0.292437,30.00,0.104830,196.10,0.000000,35.00
126.200,33.30,-79.91,0.292442,30.00,0.171677,196.85,0.000000,35.00
126.250,33.20,-79.91,0.292444,30.00,0.156370,190.05,0.000000,35.00
126.300,33.11,-79.91,0.292443,30.00,0.179058,189.34,0.000000,35.00
126.350,33.17,-79.91,0.292447,30.00,0.225853,192.42,0.000000,35.00
126.400,33.23,-79.91,0.292447,30.00,0.187470,193.74,0.000000,35.00
126.450,33.09,-79.91,0.292442,30.00,0.107823,188.53,0.000000,35.00
126.500,32.93,-79.91,0.292433,30.00,0.151154,185.55,0.000000,35.00
126.550,33.08,-79.91,0.292434,30.00,0.120551,189.93,0.000000,35.00
126.600,33.13,-79.91,0.292443,30.00,0.126169,190.82,0.000000,35.00
126.650,33.21,-79.91,0.292447,30.00,0.134422,194.33,0.000000,35.00
126.700,33.15,-79.91,0.292450,30.00,0.228446,191.22,0.000000,35.00
126.750,33.14,-79.91,0.292442,30.00,0.299539,189.35,0.000000,35.00
126.800,32.95,-79.91,0.292440,30.00,0.272486,183.64,0.000000,35.00
126.850,32.99,-79.91,0.292449,30.00,0.205935,188.02,0.000000,35.00
126.900,33.09,-79.91,0.292444,30.00,0.116779,188.94,0.000000,35.00
126.950,33.24,-79.91,0.292438,30.00,0.142520,191.50,0.000000,35.00
127.000,33.09,-79.91,0.292443,30.00,0.164490,187.30,0.000000,35.00
127.050,32.97,-79.91,0.292450,30.00,0.196926,183.91,0.000000,35.00
127.100,32.98,-79.91,0.292447,30.00,0.172193,186.72,0.000000,35.00
127.150,33.31,-79.91,0.292436,30.00,0.158018,196.95,0.000000,35.00
127.200,33.29,-79.91,0.292436,30.00,0.176591,196.96,0.000000,35.00
127.250,33.21,-79.91,0.292438,30.00,0.169581,192.49,0.000000,35.00
127.300,33.21,-79.91,0.292442,30.00,0.239525,191.96,0.000000,35.00
127.350,33.21,-79.91,0.292434,30.00,0.237332,193.20,0.000000,35.00
127.400,33.13,-79.91,0.292435,30.00,0.177192,188.64,0.000000,35.00
127.450,33.15,-79.91,0.292436,30.00,0.139396,190.33,0.000000,35.00
127.500,33.22,-79.91,0.292440,30.00,0.179640,194.57,0.000000,35.00
127.550,33.31,-79.91,0.292448,30.00,0.210993,197.05,0.000000,35.00
127.600,33.30,-79.91,0.292441,30.00,0.184279,194.61,0.000000,35.00
127.650,33.21,-79.92,0.292435,30.00,0.164019,190.55,0.000000,35.00
127.700,33.26,-79.92,0.292447,30.00,0.210991,192.37,0.000000,35.00
127.750,33.20,-79.92,0.292444,30.00,0.208071,191.55,0.000000,35.00
127.800,33.17,-79.92,0.292441,30.00,0.146021,194.14,0.000000,35.00
127.850,33.12,-79.92,0.292429,30.00,0.170178,193.22,0.000000,35.00
127.900,33.16,-79.92,0.292430,30.00,0.144793,190.01,0.000000,35.00
127.950,33.32,-79.92,0.292436,30.00,0.141494,194.12,0.000000,35.00
128.000,33.35,-79.92,0.292445,30.00,0.121532,196.56,0.000000,35.00
128.050,33.19,-79.92,0.292447,30.00,0.122217,192.72,0.000000,35.00
128.100,32.92,-79.92,0.292445,30.00,0.208558,181.63,0.000000,35.00
128.150,33.14,-79.92,0.292446,30.00,0.274648,188.74,0.000000,35.00
128.200,33.16,-79.92,0.292447,30.00,0.220807,191.33,0.000000,35.00
128.250,33.15,-79.92,0.292457,30.00,0.188935,188.14,0.000000,35.00
128.300,33.22,-79.92,0.292447,30.00,0.132069,192.10,0.000000,35.00
128.350,33.20,-79.92,0.292438,30.00,0.182477,193.07,0.000000,35.00
128.400,33.41,-79.92,0.292445,30.00,0.161488,197.89,0.000000,35.00
128.450,33.44,-79.91,0.292451,30.00,0.153803,196.90,0.000000,35.00
128.500,33.22,-79.91,0.292454,30.00,0.125090,190.58,0.000000,35.00
128.550,33.23,-79.91,0.292455,30.00,0.198282,192.01,0.000000,35.00
128.600,33.21,-79.91,0.292452,30.00,0.198188,193.60,0.000000,35.00
128.650,33.09,-79.91,0.292444,30.00,0.143524,193.44,0.000000,35.00
128.700,33.09,-79.91,0.292436,30.00,0.147442,192.17,0.000000,35.00
128.750,33.38,-79.91,0.292429,30.00,0.219366,196.81,0.000000,35.00
128.800,33.31,-79.91,0.292439,30.00,0.273191,192.33,0.000000,35.00
128.850,33.02,-79.91,0.292446,30.00,0.223258,187.22,0.000000,35.00
128.900,33.13,-79.91,0.292444,30.00,0.156518,189.08,0.000000,35.00
128.950,33.22,-79.91,0.292435,30.00,0.235470,189.46,0.000000,35.00
129.000,33.32,-79.91,0.292437,30.00,0.242735,193.63,0.000000,35.00
129.050,33.27,-79.91,0.292445,30.00,0.310298,194.48,0.000000,35.00
129.100,33.29,-79.91,0.292454,30.00,0.391491,195.95,0.000000,35.00
129.150,33.14,-79.91,0.292440,30.00,0.344843,192.47,0.000000,35.00
129.200,33.29,-79.91,0.292440,30.00,0.279917,196.69,0.000000,35.00
129.250,33.16,-79.91,0.292428,30.00,0.321542,188.64,0.000000,35.00
129.300,33.13,-79.91,0.292434,30.00,0.272785,191.06,0.000000,35.00
129.350,33.34,-79.91,0.292427,30.00,0.306452,197.14,0.000000,35.00
129.400,33.34,-79.91,0.292438,30.00,0.372929,195.62,0.000000,35.00
129.450,33.20,-79.91,0.292441,30.00,0.277673,192.08,0.000000,35.00
129.500,33.48,-79.91,0.292448,30.00,0.211130,204.19,0.000000,35.00
129.550,33.66,-79.91,0.292446,30.00,0.169308,209.47,0.000000,35.00
129.600,33.61,-79.91,0.292443,30.00,0.156363,204.96,0.000000,35.00
129.650,33.62,-79.91,0.292439,30.00,0.263066,201.03,0.000000,35.00
129.700,33.29,-79.91,0.292444,30.00,0.282065,195.25,0.000000,35.00
129.750,32.94,-79.91,0.292438,30.00,0.250414,186.01,0.000000,35.00
129.800,33.12,-79.91,0.292445,30.00,0.182719,192.62,0.000000,35.00
129.850,33.35,-79.91,0.292442,30.00,0.175659,200.06,0.000000,35.00
129.900,33.20,-79.91,0.292436,30.00,0.207621,193.35,0.000000,35.00
129.950,32.98,-79.91,0.292430,30.00,0.247119,186.18,0.000000,35.00
130.000,33.26,-79.91,0.292435,30.00,0.291603,194.01,0.000000,35.00
130.050,33.42,-79.91,0.292432,30.00,0.336408,200.01,0.000000,35.00
130.100,33.18,-79.91,0.292440,30.00,0.279602,193.21,0.000000,35.00
130.150,33.29,-79.91,0.292439,30.00,0.155066,199.25,0.000000,35.00
130.200,33.64,-79.91,0.292448,30.00,0.166319,208.47,0.000000,35.00
130.250,33.40,-79.91,0.292450,30.00,0.183748,196.70,0.000000,35.00
130.300,33.20,-79.91,0.292446,30.00,0.199828,192.70,0.000000,35.00
130.350,33.06,-79.92,0.292437,30.00,0.265262,191.83,0.000000,35.00
130.400,33.21,-79.92,0.292435,30.00,0.282503,192.04,0.000000,35.00
130.450,33.25,-79.92,0.292432,30.00,0.350574,190.59,0.000000,35.00
130.500,33.11,-79.92,0.292445,30.00,0.299683,191.54,0.000000,35.00
130.550,33.00,-79.92,0.292448,30.00,0.189325,190.12,0.000000,35.00
130.600,32.98,-79.92,0.292445,30.00,0.163640,188.65,0.000000,35.00
130.650,32.94,-79.92,0.292443,30.00,0.215153,188.79,0.000000,35.00
130.700,33.05,-79.92,0.292458,30.00,0.346105,188.52,0.000000,35.00
130.750,33.29,-79.92,0.292452,30.00,0.350685,194.05,0.000000,35.00
130.800,33.16,-79.92,0.292453,30.00,0.308590,191.02,0.000000,35.00
130.850,32.96,-79.92,0.292441,30.00,0.362770,187.93,0.000000,35.00
130.900,33.15,-79.92,0.292443,30.00,0.399187,190.05,0.000000,35.00
130.950,33.21,-79.92,0.292430,30.00,0.370768,188.53,0.000000,35.00
131.000,33.13,-79.91,0.292439,30.00,0.486142,188.37,0.000000,35.00
131.050,33.17,-79.92,0.292433,30.00,0.477302,193.48,0.000000,35.00
131.100,33.16,-79.91,0.292443,30.00,0.424288,194.63,0.000000,35.00
131.150,33.24,-79.92,0.292438,30.00,0.300083,196.32,0.000000,35.00
131.200,33.35,-79.91,0.292436,30.00,0.343588,197.01,0.000000,35.00
131.250,33.37,-79.91,0.292447,30.00,0.406728,194.54,0.000000,35.00
131.300,33.26,-79.91,0.292452,30.00,0.381970,192.05,0.000000,35.00
131.350,33.11,-79.91,0.292438,30.00,0.324611,193.53,0.000000,35.00
131.400,33.10,-79.91,0.292452,30.00,0.245908,191.94,0.000000,35.00
131.450,33.12,-79.91,0.292454,30.00,0.254566,190.81,0.000000,35.00
131.500,33.13,-79.91,0.292446,30.00,0.256416,192.03,0.000000,35.00
131.550,33.13,-79.91,0.292437,30.00,0.240148,192.62,0.000000,35.00
131.600,33.12,-79.91,0.292448,30.00,0.243709,190.50,0.000000,35.00
131.650,32.90,-79.91,0.292442,30.00,0.207297,183.93,0.000000,35.00
131.700,33.03,-79.91,0.292440,30.00,0.156052,189.37,0.000000,35.00
131.750,32.92,-79.91,0.292435,30.00,0.216830,183.73,0.000000,35.00
131.800,32.92,-79.91,0.292441,30.00,0.214879,184.23,0.000000,35.00
131.850,33.08,-79.91,0.292441,30.00,0.178615,189.48,0.000000,35.00
131.900,33.15,-79.91,0.292433,30.00,0.212606,192.94,0.000000,35.00
131.950,33.20,-79.91,0.292432,30.00,0.221650,194.64,0.000000,35.00
132.000,33.29,-79.91,0.292438,30.00,0.173418,195.97,0.000000,35.00
132.050,33.26,-79.91,0.292440,30.00,0.122019,194.43,0.000000,35.00
132.100,33.23,-79.91,0.292447,30.00,0.193234,191.56,0.000000,35.00
132.150,33.57,-79.91,0.292435,30.00,0.231546,200.67,0.000000,35.00
132.200,33.73,-79.91,0.292440,30.00,0.214449,205.92,0.000000,35.00
132.250,33.58,-79.91,0.292440,30.00,0.193248,202.80,0.000000,35.00
132.300,33.21,-79.91,0.292442,30.00,0.170732,193.41,0.000000,35.00
132.350,33.05,-79.91,0.292446,30.00,0.279098,190.45,0.000000,35.00
132.400,33.05,-79.91,0.292445,30.00,0.368932,191.55,0.000000,35.00
132.450,32.93,-79.91,0.292444,30.00,0.325892,186.90,0.000000,35.00
132.500,33.09,-79.91,0.292444,30.00,0.212644,191.57,0.000000,35.00
132.550,33.38,-79.91,0.292450,30.00,0.267310,199.32,0.000000,35.00
132.600,33.31,-79.91,0.292445,30.00,0.240496,195.15,0.000000,35.00
132.650,33.18,-79.91,0.292440,30.00,0.221120,192.94,0.000000,35.00
132.700,33.27,-79.91,0.292447,30.00,0.163623,194.83,0.000000,35.00
132.750,33.18,-79.91,0.292440,30.00,0.186436,193.13,0.000000,35.00
132.800,33.10,-79.91,0.292428,30.00,0.251087,187.26,0.000000,35.00
132.850,33.19,-79.91,0.292433,30.00,0.260233,191.72,0.000000,35.00
132.900,33.13,-79.91,0.292442,30.00,0.204953,191.05,0.000000,35.00
132.950,33.06,-79.91,0.292440,30.00,0.169614,186.14,0.000000,35.00
133.000,33.08,-79.92,0.292448,30.00,0.209114,189.14,0.000000,35.00
133.050,33.01,-79.92,0.292449,30.00,0.258157,188.64,0.000000,35.00
133.100,33.08,-79.92,0.292445,30.00,0.231872,191.25,0.000000,35.00
133.150,33.01,-79.92,0.292442,30.00,0.294892,185.88,0.000000,35.00
133.200,33.31,-79.92,0.292446,30.00,0.231692,193.81,0.000000,35.00
133.250,33.65,-79.92,0.292447,30.00,0.250397,204.98,0.000000,35.00
133.300,33.48,-79.92,0.292451,30.00,0.253065,200.89,0.000000,35.00
133.350,33.31,-79.92,0.292442,30.00,0.216930,196.92,0.000000,35.00
133.400,33.34,-79.92,0.292454,30.00,0.231355,196.49,0.000000,35.00
133.450,33.29,-79.92,0.292449,30.00,0.253664,194.38,0.000000,35.00
133.500,33.33,-79.92,0.292455,30.00,0.259844,194.21,0.000000,35.00
133.550,33.39,-79.92,0.292450,30.00,0.304034,195.65,0.000000,35.00
133.600,33.14,-79.92,0.292439,30.00,0.200888,188.39,0.000000,35.00
133.650,32.98,-79.92,0.292448,30.00,0.200942,182.04,0.000000,35.00
133.700,33.43,-79.92,0.292453,30.00,0.190077,195.92,0.000000,35.00
133.750,33.67,-79.91,0.292446,30.00,0.213331,204.48,0.000000,35.00
133.800,33.33,-79.91,0.292448,30.00,0.192290,196.22,0.000000,35.00
133.850,33.17,-79.91,0.292448,30.00,0.131127,191.51,0.000000,35.00
133.900,33.30,-79.91,0.292445,30.00,0.158416,194.75,0.000000,35.00
133.950,33.36,-79.91,0.292449,30.00,0.164262,195.79,0.000000,35.00
134.000,33.24,-79.91,0.292448,30.00,0.139390,191.54,0.000000,35.00
134.050,33.15,-79.91,0.292443,30.00,0.120148,189.51,0.000000,35.00
134.100,33.08,-79.91,0.292447,30.00,0.117724,187.60,0.000000,35.00
134.150,33.17,-79.91,0.292455,30.00,0.125462,194.19,0.000000,35.00
134.200,33.06,-79.91,0.292452,30.00,0.111561,191.44,0.000000,35.00
134.250,33.01,-79.91,0.292440,30.00,0.219915,187.12,0.000000,35.00
134.300,33.01,-79.91,0.292439,30.00,0.272373,183.65,0.000000,35.00
134.350,32.91,-79.91,0.292446,30.00,0.225576,181.70,0.000000,35.00
134.400,32.78,-79.91,0.292456,30.00,0.169433,181.51,0.000000,35.00
134.450,32.98,-79.91,0.292453,30.00,0.160355,185.72,0.000000,35.00
134.500,33.39,-79.91,0.292452,30.00,0.168755,194.48,0.000000,35.00
134.550,33.38,-79.91,0.292447,30.00,0.255871,194.86,0.000000,35.00
134.600,33.04,-79.91,0.292454,30.00,0.221082,186.62,0.000000,35.00
134.650,32.92,-79.91,0.292447,30.00,0.169471,186.44,0.000000,35.00
134.700,32.92,-79.91,0.292434,30.00,0.172496,186.72,0.000000,35.00
134.750,32.97,-79.91,0.292437,30.00,0.127279,188.33,0.000000,35.00
134.800,32.95,-79.91,0.292448,30.00,0.151897,187.11,0.000000,35.00
134.850,33.02,-79.91,0.292441,30.00,0.162517,189.20,0.000000,35.00
134.900,33.10,-79.91,0.292443,30.00,0.135929,191.50,0.000000,35.00
134.950,33.07,-79.91,0.292441,30.00,0.142783,187.29,0.000000,35.00
135.000,33.26,-79.91,0.292445,30.00,0.171197,192.31,0.000000,35.00
135.050,33.18,-79.91,0.292441,30.00,0.153269,189.74,0.000000,35.00
135.100,33.03,-79.91,0.292436,30.00,0.160226,188.63,0.000000,35.00
135.150,33.24,-79.91,0.292444,30.00,0.136528,193.20,0.000000,35.00
135.200,33.34,-79.91,0.292449,30.00,0.159267,197.91,0.000000,35.00
135.250,33.24,-79.91,0.292445,30.00,0.142625,195.66,0.000000,35.00
135.300,33.23,-79.91,0.292440,30.00,0.133727,190.19,0.000000,35.00
135.350,33.25,-79.91,0.292438,30.00,0.134074,193.02,0.000000,35.00
135.400,33.14,-79.91,0.292448,30.00,0.168151,192.17,0.000000,35.00
135.450,33.01,-79.91,0.292455,30.00,0.189885,184.23,0.000000,35.00
135.500,33.04,-79.91,0.292437,30.00,0.267649,185.99,0.000000,35.00
135.550,33.22,-79.91,0.292431,30.00,0.161174,192.29,0.000000,35.00
135.600,33.42,-79.92,0.292433,30.00,0.213388,198.90,0.000000,35.00
135.650,33.45,-79.92,0.292438,30.00,0.193083,199.81,0.000000,35.00
135.700,33.37,-79.92,0.292434,30.00,0.220385,197.72,0.000000,35.00
135.750,33.22,-79.92,0.292445,30.00,0.235180,194.55,0.000000,35.00
135.800,33.49,-79.92,0.292449,30.00,0.184879,199.64,0.000000,35.00
135.850,33.83,-79.92,0.292447,30.00,0.264846,204.94,0.000000,35.00
135.900,33.48,-79.92,0.292450,30.00,0.289226,196.73,0.000000,35.00
135.950,33.17,-79.92,0.292447,30.00,0.202059,192.13,0.000000,35.00
136.000,33.18,-79.92,0.292447,30.00,0.142190,190.10,0.000000,35.00
136.050,33.17,-79.92,0.292444,30.00,0.151045,188.80,0.000000,35.00
136.100,33.13,-79.92,0.292441,30.00,0.126681,188.22,0.000000,35.00
136.150,33.21,-79.92,0.292441,30.00,0.190665,190.39,0.000000,35.00
136.200,33.29,-79.92,0.292439,30.00,0.179449,194.34,0.000000,35.00
136.250,33.15,-79.92,0.292437,30.00,0.176354,191.16,0.000000,35.00
136.300,32.89,-79.92,0.292437,30.00,0.158769,182.07,0.000000,35.00
136.350,33.07,-79.92,0.292446,30.00,0.207383,185.72,0.000000,35.00
136.400,33.26,-79.91,0.292446,30.00,0.218889,194.33,0.000000,35.00
136.450,33.02,-79.91,0.292441,30.00,0.214287,185.69,0.000000,35.00
136.500,33.03,-79.91,0.292434,30.00,0.219080,185.89,0.000000,35.00
136.550,33.30,-79.91,0.292440,30.00,0.248301,195.78,0.000000,35.00
136.600,33.22,-79.91,0.292440,30.00,0.307728,194.84,0.000000,35.00
136.650,33.02,-79.91,0.292455,30.00,0.291764,189.52,0.000000,35.00
136.700,32.96,-79.91,0.292456,30.00,0.170610,185.97,0.000000,35.00
136.750,33.04,-79.91,0.292441,30.00,0.198273,188.76,0.000000,35.00
136.800,33.02,-79.91,0.292439,30.00,0.177999,190.65,0.000000,35.00
136.850,33.13,-79.91,0.292438,30.00,0.190807,190.48,0.000000,35.00
136.900,33.14,-79.91,0.292446,30.00,0.262645,189.92,0.000000,35.00
136.950,33.07,-79.91,0.292451,30.00,0.210562,189.12,0.000000,35.00
137.000,33.23,-79.91,0.292442,30.00,0.227557,193.66,0.000000,35.00
137.050,33.33,-79.91,0.292444,30.00,0.154702,196.13,0.000000,35.00
137.100,33.12,-79.91,0.292447,30.00,0.139690,190.81,0.000000,35.00
137.150,32.88,-79.91,0.292450,30.00,0.208511,183.22,0.000000,35.00
137.200,33.06,-79.91,0.292446,30.00,0.239827,189.54,0.000000,35.00
137.250,33.18,-79.91,0.292439,30.00,0.212014,190.95,0.000000,35.00
137.300,33.10,-79.91,0.292427,30.00,0.346381,186.27,0.000000,35.00
137.350,33.06,-79.91,0.292442,30.00,0.379596,188.47,0.000000,35.00
137.400,33.23,-79.91,0.292443,30.00,0.418988,190.19,0.000000,35.00
137.450,33.12,-79.91,0.292449,30.00,0.447360,187.52,0.000000,35.00
137.500,33.15,-79.91,0.292439,30.00,0.427716,192.50,0.000000,35.00
137.550,33.43,-79.91,0.292454,30.00,0.364095,202.58,0.000000,35.00
137.600,33.37,-79.91,0.292450,30.00,0.300030,198.77,0.000000,35.00
137.650,33.30,-79.91,0.292448,30.00,0.294288,193.56,0.000000,35.00
137.700,33.36,-79.91,0.292452,30.00,0.243999,196.57,0.000000,35.00
137.750,33.40,-79.91,0.292438,30.00,0.267142,195.90,0.000000,35.00
137.800,33.36,-79.91,0.292437,30.00,0.301284,195.54,0.000000,35.00
137.850,33.31,-79.91,0.292444,30.00,0.274526,196.31,0.000000,35.00
137.900,33.13,-79.91,0.292439,30.00,0.233615,188.27,0.000000,35.00
137.950,33.15,-79.91,0.292449,30.00,0.236802,187.64,0.000000,35.00
138.000,33.28,-79.91,0.292448,30.00,0.216610,189.99,0.000000,35.00
138.050,33.27,-79.91,0.292440,30.00,0.225835,192.07,0.000000,35.00
138.100,33.10,-79.91,0.292439,30.00,0.193599,189.91,0.000000,35.00
138.150,32.93,-79.91,0.292441,30.00,0.193562,186.53,0.000000,35.00
138.200,33.05,-79.91,0.292440,30.00,0.184861,190.23,0.000000,35.00
138.250,33.31,-79.92,0.292448,30.00,0.219928,195.33,0.000000,35.00
138.300,33.41,-79.92,0.292442,30.00,0.229794,198.25,0.000000,35.00
138.350,33.39,-79.92,0.292445,30.00,0.251605,197.12,0.000000,35.00
138.400,33.30,-79.92,0.292442,30.00,0.235711,198.24,0.000000,35.00
138.450,33.25,-79.92,0.292448,30.00,0.194471,193.70,0.000000,35.00
138.500,33.28,-79.92,0.292445,30.00,0.213683,191.79,0.000000,35.00
138.550,33.63,-79.92,0.292441,30.00,0.189436,203.36,0.000000,35.00
138.600,33.59,-79.92,0.292451,30.00,0.159482,202.37,0.000000,35.00
138.650,33.36,-79.92,0.292455,30.00,0.228583,194.54,0.000000,35.00
138.700,33.22,-79.92,0.292443,30.00,0.208647,189.76,0.000000,35.00
138.750,33.23,-79.92,0.292444,30.00,0.219228,191.82,0.000000,35.00
138.800,33.43,-79.92,0.292438,30.00,0.188216,196.94,0.000000,35.00
138.850,33.48,-79.92,0.292436,30.00,0.237038,199.38,0.000000,35.00
138.900,33.19,-79.92,0.292437,30.00,0.218671,194.33,0.000000,35.00
138.950,33.21,-79.92,0.292444,30.00,0.255418,193.02,0.000000,35.00
139.000,33.12,-79.92,0.292441,30.00,0.258646,190.82,0.000000,35.00
139.050,33.16,-79.91,0.292448,30.00,0.225874,192.70,0.000000,35.00
139.100,33.25,-79.91,0.292443,30.00,0.195934,194.84,0.000000,35.00
139.150,33.00,-79.91,0.292444,30.00,0.279884,184.80,0.000000,35.00
139.200,33.06,-79.91,0.292443,30.00,0.388307,188.64,0.000000,35.00
139.250,33.30,-79.91,0.292453,30.00,0.364725,198.21,0.000000,35.00
139.300,33.35,-79.91,0.292439,30.00,0.335497,195.90,0.000000,35.00
139.350,33.60,-79.91,0.292440,30.00,0.249246,201.80,0.000000,35.00
139.400,33.43,-79.91,0.292446,30.00,0.205247,198.76,0.000000,35.00
139.450,33.18,-79.91,0.292441,30.00,0.201527,192.38,0.000000,35.00
139.500,33.24,-79.91,0.292430,30.00,0.274430,195.30,0.000000,35.00
139.550,33.29,-79.91,0.292442,30.00,0.281467,197.48,0.000000,35.00
139.600,33.17,-79.91,0.292444,30.00,0.248972,195.88,0.000000,35.00
139.650,33.10,-79.91,0.292443,30.00,0.234678,189.99,0.000000,35.00
139.700,33.10,-79.91,0.292438,30.00,0.243867,190.45,0.000000,35.00
139.750,33.08,-79.91,0.292446,30.00,0.186651,190.19,0.000000,35.00
139.800,33.05,-79.91,0.292452,30.00,0.155792,188.62,0.000000,35.00
139.850,33.06,-79.91,0.292453,30.00,0.220201,188.56,0.000000,35.00
139.900,33.38,-79.91,0.292447,30.00,0.250293,196.68,0.000000,35.00
139.950,33.47,-79.91,0.292435,30.00,0.288443,199.98,0.000000,35.00
140.000,33.21,-79.91,0.292444,30.00,0.270552,193.31,0.000000,35.00
140.050,33.15,-79.91,0.292448,30.00,0.262272,192.46,0.000000,35.00
140.100,33.17,-79.91,0.292438,30.00,0.314487,192.84,0.000000,35.00
140.150,33.26,-79.91,0.292447,30.00,0.340109,194.95,0.000000,35.00
140.200,33.28,-79.91,0.292447,30.00,0.330794,195.25,0.000000,35.00
140.250,33.25,-79.91,0.292447,30.00,0.246340,195.78,0.000000,35.00
140.300,33.21,-79.91,0.292438,30.00,0.193388,193.63,0.000000,35.00
140.350,33.19,-79.91,0.292431,30.00,0.227883,190.28,0.000000,35.00
140.400,33.22,-79.91,0.292434,30.00,0.242558,193.67,0.000000,35.00
140.450,33.38,-79.91,0.292446,30.00,0.242530,198.35,0.000000,35.00
140.500,33.22,-79.91,0.292443,30.00,0.312253,193.88,0.000000,35.00
140.550,32.98,-79.91,0.292443,30.00,0.373663,188.69,0.000000,35.00
140.600,32.99,-79.91,0.292433,30.00,0.368511,185.66,0.000000,35.00
140.650,33.06,-79.91,0.292443,30.00,0.293454,188.02,0.000000,35.00
140.700,33.06,-79.91,0.292444,30.00,0.205833,190.23,0.000000,35.00
140.750,33.02,-79.91,0.292445,30.00,0.198826,189.16,0.000000,35.00
140.800,32.99,-79.91,0.292443,30.00,0.213187,188.65,0.000000,35.00
140.850,32.89,-79.91,0.292449,30.00,0.222570,185.45,0.000000,35.00
140.900,33.16,-79.92,0.292445,30.00,0.240036,194.97,0.000000,35.00
140.950,33.15,-79.92,0.292451,30.00,0.211283,193.57,0.000000,35.00
141.000,33.15,-79.92,0.292437,30.00,0.279689,192.67,0.000000,35.00
141.050,33.28,-79.92,0.292443,30.00,0.219774,197.08,0.000000,35.00
141.100,33.12,-79.92,0.292441,30.00,0.189684,192.40,0.000000,35.00
141.150,33.10,-79.92,0.292447,30.00,0.164154,187.50,0.000000,35.00
141.200,33.24,-79.92,0.292440,30.00,0.196732,192.67,0.000000,35.00
141.250,33.22,-79.92,0.292443,30.00,0.196150,194.95,0.000000,35.00
141.300,33.30,-79.92,0.292439,30.00,0.172474,195.30,0.000000,35.00
141.350,33.28,-79.92,0.292440,30.00,0.197767,192.82,0.000000,35.00
141.400,33.15,-79.92,0.292441,30.00,0.190371,192.58,0.000000,35.00
141.450,33.09,-79.92,0.292446,30.00,0.144894,193.05,0.000000,35.00
141.500,33.12,-79.92,0.292445,30.00,0.181211,191.96,0.000000,35.00
141.550,33.16,-79.92,0.292443,30.00,0.166500,190.05,0.000000,35.00
141.600,33.33,-79.92,0.292439,30.00,0.268380,193.85,0.000000,35.00
141.650,33.39,-79.92,0.292444,30.00,0.256726,196.86,0.000000,35.00
141.700,33.20,-79.91,0.292436,30.00,0.215310,194.92,0.000000,35.00
141.750,33.04,-79.91,0.292440,30.00,0.164372,190.39,0.000000,35.00
141.800,32.97,-79.91,0.292435,30.00,0.184000,187.23,0.000000,35.00
141.850,33.21,-79.91,0.292439,30.00,0.209820,193.70,0.000000,35.00
141.900,33.37,-79.91,0.292445,30.00,0.199394,197.09,0.000000,35.00
141.950,33.19,-79.91,0.292450,30.00,0.270564,193.02,0.000000,35.00
142.000,33.00,-79.91,0.292441,30.00,0.268716,187.57,0.000000,35.00
142.050,33.08,-79.91,0.292436,30.00,0.130664,190.56,0.000000,35.00
142.100,33.14,-79.91,0.292443,30.00,0.167298,192.40,0.000000,35.00
142.150,33.10,-79.91,0.292444,30.00,0.148383,190.91,0.000000,35.00
142.200,33.25,-79.91,0.292441,30.00,0.124215,197.00,0.000000,35.00
142.250,33.33,-79.91,0.292448,30.00,0.142411,199.97,0.000000,35.00
142.300,33.36,-79.91,0.292448,30.00,0.144429,194.54,0.000000,35.00
142.350,33.49,-79.91,0.292448,30.00,0.148265,195.97,0.000000,35.00
142.400,33.70,-79.91,0.292445,30.00,0.181832,204.62,0.000000,35.00
142.450,33.56,-79.91,0.292444,30.00,0.151324,202.91,0.000000,35.00
142.500,33.26,-79.91,0.292452,30.00,0.186675,194.92,0.000000,35.00
142.550,33.19,-79.91,0.292443,30.00,0.260130,191.81,0.000000,35.00
142.600,33.17,-79.91,0.292446,30.00,0.246790,188.72,0.000000,35.00
142.650,33.18,-79.91,0.292445,30.00,0.138558,188.31,0.000000,35.00
142.700,33.31,-79.91,0.292438,30.00,0.212395,193.78,0.000000,35.00
142.750,33.31,-79.91,0.292442,30.00,0.293076,198.37,0.000000,35.00
142.800,33.19,-79.91,0.292435,30.00,0.308166,192.44,0.000000,35.00
142.850,33.16,-79.91,0.292442,30.00,0.271750,186.84,0.000000,35.00
142.900,33.13,-79.91,0.292440,30.00,0.234934,192.13,0.000000,35.00
142.950,32.97,-79.91,0.292438,30.00,0.180157,187.98,0.000000,35.00
143.000,33.02,-79.91,0.292445,30.00,0.250375,187.55,0.000000,35.00
143.050,33.11,-79.91,0.292452,30.00,0.274497,191.21,0.000000,35.00
143.100,33.34,-79.91,0.292446,30.00,0.203741,198.30,0.000000,35.00
143.150,33.22,-79.91,0.292435,30.00,0.221780,191.96,0.000000,35.00
143.200,33.44,-79.91,0.292450,30.00,0.287312,197.56,0.000000,35.00
143.250,33.61,-79.91,0.292451,30.00,0.249709,203.52,0.000000,35.00
143.300,33.17,-79.91,0.292442,30.00,0.161472,192.46,0.000000,35.00
143.350,33.26,-79.91,0.292439,30.00,0.189459,196.42,0.000000,35.00
143.400,33.53,-79.91,0.292442,30.00,0.139731,204.40,0.000000,35.00
143.450,33.59,-79.91,0.292447,30.00,0.201612,204.54,0.000000,35.00
143.500,33.43,-79.91,0.292450,30.00,0.250843,195.75,0.000000,35.00
143.550,33.34,-79.92,0.292449,30.00,0.300275,192.66,0.000000,35.00
143.600,33.28,-79.92,0.292434,30.00,0.267269,196.12,0.000000,35.00
143.650,32.85,-79.92,0.292437,30.00,0.207514,182.73,0.000000,35.00
143.700,32.74,-79.92,0.292440,30.00,0.209672,180.75,0.000000,35.00
143.750,33.04,-79.92,0.292448,30.00,0.271771,187.15,0.000000,35.00
143.800,33.16,-79.92,0.292454,30.00,0.226196,189.79,0.000000,35.00
143.850,33.07,-79.92,0.292446,30.00,0.243318,190.81,0.000000,35.00
143.900,33.06,-79.92,0.292455,30.00,0.241603,190.75,0.000000,35.00
143.950,32.92,-79.92,0.292450,30.00,0.168839,187.83,0.000000,35.00
144.000,32.76,-79.92,0.292446,30.00,0.173621,179.53,0.000000,35.00
144.050,32.84,-79.92,0.292444,30.00,0.184265,181.72,0.000000,35.00
144.100,33.20,-79.92,0.292445,30.00,0.190532,194.08,0.000000,35.00
144.150,33.25,-79.92,0.292447,30.00,0.150455,195.00,0.000000,35.00
144.200,33.35,-79.92,0.292446,30.00,0.260421,198.50,0.000000,35.00
144.250,33.69,-79.92,0.292439,30.00,0.342830,208.21,0.000000,35.00
144.300,33.65,-79.92,0.292441,30.00,0.302804,204.38,0.000000,35.00
144.350,33.30,-79.91,0.292443,30.00,0.271314,192.50,0.000000,35.00
144.400,33.35,-79.91,0.292441,30.00,0.191689,196.13,0.000000,35.00
144.450,33.28,-79.91,0.292441,30.00,0.155657,194.96,0.000000,35.00
144.500,33.18,-79.91,0.292436,30.00,0.179027,189.06,0.000000,35.00
144.550,33.18,-79.91,0.292439,30.00,0.179914,192.59,0.000000,35.00
144.600,33.35,-79.91,0.292437,30.00,0.211494,198.32,0.000000,35.00
144.650,33.24,-79.91,0.292438,30.00,0.322801,195.62,0.000000,35.00
144.700,33.16,-79.91,0.292444,30.00,0.281534,192.65,0.000000,35.00
144.750,33.24,-79.91,0.292427,30.00,0.311024,191.90,0.000000,35.00
144.800,33.25,-79.91,0.292441,30.00,0.345700,192.07,0.000000,35.00
144.850,33.32,-79.91,0.292439,30.00,0.283333,197.40,0.000000,35.00
144.900,33.27,-79.91,0.292442,30.00,0.189574,197.47,0.000000,35.00
144.950,32.97,-79.91,0.292450,30.00,0.183752,186.77,0.000000,35.00
145.000,32.99,-79.91,0.292455,30.00,0.221553,186.03,0.000000,35.00
145.050,33.12,-79.91,0.292447,30.00,0.330049,190.79,0.000000,35.00
145.100,33.19,-79.91,0.292444,30.00,0.271726,192.39,0.000000,35.00
145.150,33.28,-79.91,0.292430,30.00,0.244158,194.49,0.000000,35.00
145.200,33.19,-79.91,0.292436,30.00,0.216269,192.44,0.000000,35.00
145.250,33.21,-79.91,0.292434,30.00,0.177832,194.90,0.000000,35.00
145.300,33.36,-79.91,0.292442,30.00,0.195029,194.69,0.000000,35.00
145.350,33.41,-79.91,0.292444,30.00,0.196973,195.92,0.000000,35.00
145.400,33.37,-79.91,0.292447,30.00,0.153153,198.19,0.000000,35.00
145.450,33.33,-79.91,0.292446,30.00,0.162999,198.79,0.000000,35.00
145.500,33.48,-79.91,0.292447,30.00,0.153053,199.99,0.000000,35.00
145.550,33.45,-79.91,0.292442,30.00,0.156095,197.25,0.000000,35.00
145.600,33.36,-79.91,0.292439,30.00,0.189261,195.44,0.000000,35.00
145.650,33.37,-79.91,0.292439,30.00,0.217584,197.06,0.000000,35.00
145.700,33.18,-79.91,0.292444,30.00,0.213460,191.85,0.000000,35.00
145.750,33.07,-79.91,0.292438,30.00,0.210642,189.24,0.000000,35.00
145.800,33.10,-79.91,0.292437,30.00,0.171675,188.27,0.000000,35.00
145.850,32.99,-79.91,0.292444,30.00,0.264568,185.01,0.000000,35.00
145.900,32.99,-79.91,0.292459,30.00,0.394090,185.85,0.000000,35.00
145.950,33.04,-79.91,0.292445,30.00,0.428353,188.56,0.000000,35.00
146.000,32.95,-79.91,0.292453,30.00,0.431432,186.51,0.000000,35.00
146.050,33.18,-79.91,0.292444,30.00,0.386141,195.00,0.000000,35.00
146.100,33.24,-79.91,0.292442,30.00,0.274048,195.21,0.000000,35.00
146.150,33.06,-79.91,0.292446,30.00,0.217773,186.45,0.000000,35.00
146.200,33.01,-79.92,0.292460,30.00,0.335147,186.12,0.000000,35.00
146.250,33.45,-79.91,0.292457,30.00,0.199942,200.34,0.000000,35.00
146.300,33.46,-79.92,0.292448,30.00,0.192286,202.25,0.000000,35.00
146.350,33.05,-79.92,0.292444,30.00,0.186029,187.65,0.000000,35.00
146.400,33.03,-79.92,0.292447,30.00,0.219197,187.47,0.000000,35.00
146.450,33.19,-79.92,0.292444,30.00,0.193901,192.15,0.000000,35.00
146.500,33.23,-79.92,0.292455,30.00,0.235581,192.10,0.000000,35.00
146.550,33.40,-79.92,0.292455,30.00,0.148240,197.65,0.000000,35.00
146.600,33.43,-79.92,0.292441,30.00,0.233141,194.55,0.000000,35.00
146.650,33.22,-79.92,0.292438,30.00,0.244506,188.33,0.000000,35.00
146.700,33.05,-79.92,0.292436,30.00,0.323047,187.45,0.000000,35.00
146.750,33.19,-79.92,0.292430,30.00,0.287015,192.51,0.000000,35.00
146.800,33.35,-79.92,0.292440,30.00,0.253585,195.58,0.000000,35.00
146.850,33.40,-79.92,0.292446,30.00,0.182474,195.63,0.000000,35.00
146.900,33.35,-79.92,0.292454,30.00,0.232123,198.26,0.000000,35.00
146.950,33.08,-79.92,0.292443,30.00,0.276229,190.78,0.000000,35.00
147.000,32.89,-79.91,0.292441,30.00,0.223928,185.99,0.000000,35.00
147.050,33.30,-79.91,0.292444,30.00,0.150679,198.26,0.000000,35.00
147.100,33.49,-79.91,0.292451,30.00,0.232664,202.12,0.000000,35.00
147.150,33.08,-79.91,0.292449,30.00,0.287377,189.11,0.000000,35.00
147.200,32.97,-79.91,0.292459,30.00,0.340436,183.72,0.000000,35.00
147.250,33.05,-79.91,0.292448,30.00,0.316465,187.33,0.000000,35.00
147.300,33.02,-79.91,0.292452,30.00,0.300521,188.30,0.000000,35.00
147.350,33.21,-79.91,0.292440,30.00,0.294765,194.34,0.000000,35.00
147.400,33.29,-79.91,0.292439,30.00,0.227937,197.27,0.000000,35.00
147.450,33.46,-79.91,0.292437,30.00,0.184353,200.63,0.000000,35.00
147.500,33.61,-79.91,0.292448,30.00,0.214800,203.66,0.000000,35.00
147.550,33.40,-79.91,0.292457,30.00,0.210093,196.09,0.000000,35.00
147.600,33.35,-79.91,0.292454,30.00,0.291390,196.12,0.000000,35.00
147.650,33.08,-79.91,0.292437,30.00,0.394420,187.99,0.000000,35.00
147.700,32.96,-79.91,0.292457,30.00,0.422478,184.31,0.000000,35.00
147.750,33.23,-79.91,0.292443,30.00,0.340810,193.81,0.000000,35.00
147.800,33.25,-79.91,0.292447,30.00,0.261618,196.72,0.000000,35.00
147.850,33.13,-79.91,0.292440,30.00,0.243519,191.74,0.000000,35.00
147.900,33.15,-79.91,0.292445,30.00,0.218472,191.25,0.000000,35.00
147.950,33.31,-79.91,0.292444,30.00,0.193055,196.56,0.000000,35.00
148.000,33.52,-79.91,0.292445,30.00,0.216001,200.34,0.000000,35.00
148.050,33.48,-79.91,0.292437,30.00,0.254978,197.47,0.000000,35.00
148.100,33.44,-79.91,0.292447,30.00,0.262928,196.94,0.000000,35.00
148.150,33.25,-79.91,0.292449,30.00,0.188045,192.78,0.000000,35.00
148.200,33.17,-79.91,0.292442,30.00,0.163174,193.17,0.000000,35.00
148.250,33.14,-79.91,0.292441,30.00,0.200203,189.98,0.000000,35.00
148.300,33.07,-79.91,0.292446,30.00,0.188900,189.62,0.000000,35.00
148.350,33.14,-79.91,0.292442,30.00,0.142061,190.58,0.000000,35.00
148.400,33.46,-79.91,0.292433,30.00,0.209570,198.76,0.000000,35.00
148.450,33.47,-79.91,0.292438,30.00,0.259171,200.00,0.000000,35.00
148.500,33.22,-79.91,0.292443,30.00,0.226709,190.69,0.000000,35.00
148.550,33.06,-79.91,0.292441,30.00,0.213833,186.14,0.000000,35.00
148.600,33.09,-79.91,0.292447,30.00,0.194594,185.65,0.000000,35.00
148.650,33.21,-79.91,0.292446,30.00,0.157084,187.97,0.000000,35.00
148.700,33.28,-79.91,0.292446,30.00,0.172824,189.76,0.000000,35.00
148.750,33.28,-79.91,0.292452,30.00,0.193695,188.12,0.000000,35.00
148.800,33.46,-79.91,0.292460,30.00,0.279943,194.73,0.000000,35.00
148.850,33.35,-79.92,0.292445,30.00,0.255497,193.86,0.000000,35.00
148.900,33.21,-79.92,0.292436,30.00,0.153785,193.95,0.000000,35.00
148.950,33.02,-79.92,0.292442,30.00,0.174888,188.27,0.000000,35.00
149.000,32.78,-79.92,0.292439,30.00,0.184093,179.32,0.000000,35.00
149.050,32.87,-79.92,0.292434,30.00,0.274910,181.14,0.000000,35.00
149.100,32.96,-79.92,0.292444,30.00,0.262886,186.13,0.000000,35.00
149.150,33.01,-79.92,0.292441,30.00,0.193339,187.55,0.000000,35.00
149.200,33.10,-79.92,0.292440,30.00,0.139769,189.42,0.000000,35.00
149.250,33.24,-79.92,0.292443,30.00,0.143487,195.91,0.000000,35.00
149.300,33.12,-79.92,0.292446,30.00,0.191529,192.53,0.000000,35.00
149.350,33.25,-79.92,0.292441,30.00,0.166123,196.25,0.000000,35.00
149.400,33.47,-79.92,0.292448,30.00,0.233614,199.63,0.000000,35.00
149.450,33.55,-79.92,0.292442,30.00,0.267831,200.24,0.000000,35.00
149.500,33.31,-79.92,0.292443,30.00,0.192290,195.18,0.000000,35.00
149.550,33.09,-79.92,0.292448,30.00,0.207972,187.61,0.000000,35.00
149.600,33.11,-79.91,0.292449,30.00,0.203352,189.19,0.000000,35.00
149.650,33.24,-79.92,0.292450,30.00,0.179282,192.40,0.000000,35.00
149.700,33.21,-79.91,0.292442,30.00,0.208420,193.45,0.000000,35.00
149.750,33.32,-79.91,0.292442,30.00,0.146885,199.01,0.000000,35.00
149.800,33.34,-79.91,0.292447,30.00,0.207049,198.49,0.000000,35.00
149.850,33.40,-79.91,0.292441,30.00,0.232328,197.65,0.000000,35.00
149.900,33.42,-79.91,0.292443,30.00,0.193115,197.18,0.000000,35.00
149.950,33.29,-79.91,0.292449,30.00,0.162692,195.48,0.000000,35.00
150.000,33.37,-79.91,0.292443,30.00,0.152302,198.02,0.000000,35.00
150.050,33.34,-79.91,0.292445,30.00,0.191266,196.55,0.000000,35.00
150.100,33.17,-79.91,0.292445,30.00,0.244069,193.50,0.000000,35.00
150.150,33.18,-79.91,0.292439,30.00,0.263998,192.34,0.000000,35.00
150.200,33.03,-79.91,0.292444,30.00,0.215199,187.13,0.000000,35.00
150.250,33.23,-79.91,0.292435,30.00,0.213334,193.14,0.000000,35.00
150.300,33.46,-79.91,0.292440,30.00,0.177487,199.16,0.000000,35.00
150.350,33.25,-79.91,0.292455,30.00,0.197248,192.16,0.000000,35.00
150.400,33.15,-79.91,0.292458,30.00,0.184131,190.49,0.000000,35.00
150.450,32.97,-79.91,0.292447,30.00,0.258678,188.28,0.000000,35.00
150.500,32.95,-79.91,0.292449,30.00,0.238206,190.45,0.000000,35.00
150.550,33.24,-79.91,0.292439,30.00,0.174513,199.15,0.000000,35.00
150.600,33.15,-79.91,0.292438,30.00,0.130535,194.19,0.000000,35.00
150.650,33.15,-79.91,0.292436,30.00,0.131615,193.09,0.000000,35.00
150.700,33.18,-79.91,0.292442,30.00,0.181073,188.61,0.000000,35.00
150.750,33.10,-79.91,0.292438,30.00,0.175647,187.18,0.000000,35.00
150.800,33.07,-79.91,0.292442,30.00,0.128402,190.42,0.000000,35.00
150.850,33.17,-79.91,0.292452,30.00,0.162647,194.71,0.000000,35.00
150.900,33.29,-79.91,0.292444,30.00,0.168160,197.30,0.000000,35.00
150.950,33.03,-79.91,0.292457,30.00,0.192314,187.53,0.000000,35.00
151.000,33.09,-79.91,0.292454,30.00,0.194622,188.90,0.000000,35.00
151.050,33.11,-79.91,0.292444,30.00,0.204666,192.02,0.000000,35.00
151.100,33.31,-79.91,0.292447,30.00,0.207581,198.01,0.000000,35.00
151.150,33.54,-79.91,0.292446,30.00,0.234572,199.04,0.000000,35.00
151.200,33.34,-79.91,0.292451,30.00,0.282998,189.85,0.000000,35.00
151.250,33.01,-79.91,0.292441,30.00,0.267586,183.17,0.000000,35.00
151.300,32.96,-79.91,0.292447,30.00,0.190590,182.68,0.000000,35.00
151.350,32.97,-79.91,0.292446,30.00,0.141105,183.28,0.000000,35.00
151.400,32.96,-79.91,0.292437,30.00,0.146630,186.71,0.000000,35.00
151.450,33.04,-79.91,0.292438,30.00,0.123598,188.22,0.000000,35.00
151.500,33.21,-79.92,0.292435,30.00,0.173261,191.02,0.000000,35.00
151.550,33.19,-79.92,0.292434,30.00,0.197212,188.04,0.000000,35.00
151.600,33.24,-79.92,0.292432,30.00,0.193721,192.15,0.000000,35.00
151.650,33.44,-79.92,0.292446,30.00,0.297214,196.15,0.000000,35.00
151.700,33.28,-79.92,0.292445,30.00,0.272411,192.43,0.000000,35.00
151.750,33.27,-79.92,0.292445,30.00,0.232280,194.77,0.000000,35.00
151.800,33.24,-79.92,0.292440,30.00,0.176075,193.17,0.000000,35.00
151.850,33.16,-79.92,0.292433,30.00,0.125936,191.32,0.000000,35.00
151.900,33.16,-79.92,0.292436,30.00,0.116731,191.03,0.000000,35.00
151.950,33.09,-79.92,0.292437,30.00,0.144090,190.10,0.000000,35.00
152.000,33.08,-79.92,0.292437,30.00,0.132800,189.05,0.000000,35.00
152.050,33.05,-79.92,0.292443,30.00,0.185138,188.85,0.000000,35.00
152.100,33.24,-79.92,0.292449,30.00,0.255278,194.53,0.000000,35.00
152.150,33.20,-79.92,0.292435,30.00,0.247330,190.79,0.000000,35.00
152.200,33.23,-79.92,0.292429,30.00,0.166645,191.60,0.000000,35.00
152.250,33.27,-79.92,0.292440,30.00,0.192471,195.19,0.000000,35.00
152.300,33.29,-79.91,0.292448,30.00,0.208153,195.27,0.000000,35.00
152.350,33.15,-79.91,0.292446,30.00,0.189639,185.88,0.000000,35.00
152.400,32.89,-79.91,0.292440,30.00,0.250857,182.34,0.000000,35.00
152.450,33.10,-79.91,0.292448,30.00,0.269713,193.21,0.000000,35.00
152.500,33.28,-79.91,0.292453,30.00,0.152269,198.92,0.000000,35.00
152.550,33.09,-79.91,0.292446,30.00,0.255101,188.05,0.000000,35.00
152.600,33.27,-79.91,0.292440,30.00,0.391671,191.97,0.000000,35.00
152.650,33.54,-79.91,0.292444,30.00,0.333400,202.85,0.000000,35.00
152.700,33.12,-79.91,0.292451,30.00,0.311619,190.47,0.000000,35.00
152.750,33.15,-79.91,0.292462,30.00,0.377970,189.20,0.000000,35.00
152.800,33.53,-79.91,0.292445,30.00,0.474711,202.51,0.000000,35.00
152.850,33.72,-79.91,0.292452,30.00,0.393074,208.53,0.000000,35.00
152.900,33.64,-79.91,0.292444,30.00,0.260406,206.49,0.000000,35.00
152.950,33.28,-79.91,0.292444,30.00,0.155803,195.95,0.000000,35.00
153.000,33.13,-79.91,0.292445,30.00,0.200058,190.98,0.000000,35.00
153.050,33.12,-79.91,0.292437,30.00,0.267606,187.19,0.000000,35.00
153.100,33.07,-79.91,0.292427,30.00,0.296910,186.09,0.000000,35.00
153.150,33.23,-79.91,0.292445,30.00,0.299392,192.04,0.000000,35.00
153.200,33.29,-79.91,0.292447,30.00,0.252991,193.58,0.000000,35.00
153.250,33.33,-79.91,0.292446,30.00,0.275021,199.38,0.000000,35.00
153.300,33.11,-79.91,0.292439,30.00,0.303481,191.87,0.000000,35.00
153.350,33.06,-79.91,0.292440,30.00,0.288164,187.49,0.000000,35.00
153.400,33.13,-79.91,0.292443,30.00,0.218838,190.09,0.000000,35.00
153.450,33.03,-79.91,0.292451,30.00,0.162314,187.59,0.000000,35.00
153.500,33.02,-79.91,0.292449,30.00,0.157848,187.48,0.000000,35.00
153.550,33.22,-79.91,0.292444,30.00,0.185845,191.60,0.000000,35.00
153.600,33.34,-79.91,0.292438,30.00,0.169023,194.04,0.000000,35.00
153.650,33.11,-79.91,0.292447,30.00,0.197187,190.33,0.000000,35.00
153.700,33.14,-79.91,0.292454,30.00,0.226663,189.51,0.000000,35.00
153.750,33.33,-79.91,0.292455,30.00,0.256424,193.87,0.000000,35.00
153.800,33.33,-79.91,0.292442,30.00,0.248608,195.62,0.000000,35.00
153.850,33.37,-79.91,0.292440,30.00,0.231581,200.49,0.000000,35.00
153.900,33.20,-79.91,0.292441,30.00,0.220921,194.35,0.000000,35.00
153.950,33.08,-79.91,0.292442,30.00,0.182746,188.66,0.000000,35.00
154.000,33.14,-79.91,0.292447,30.00,0.215009,189.32,0.000000,35.00
154.050,33.26,-79.91,0.292449,30.00,0.216643,194.21,0.000000,35.00
154.100,33.22,-79.91,0.292446,30.00,0.155776,195.00,0.000000,35.00
154.150,33.18,-79.91,0.292447,30.00,0.192373,193.41,0.000000,35.00
154.200,33.14,-79.92,0.292434,30.00,0.280689,191.03,0.000000,35.00
154.250,33.19,-79.91,0.292441,30.00,0.270372,189.09,0.000000,35.00
154.300,33.19,-79.92,0.292447,30.00,0.288798,190.87,0.000000,35.00
154.350,33.13,-79.92,0.292457,30.00,0.339860,191.78,0.000000,35.00
154.400,33.31,-79.92,0.292444,30.00,0.402037,197.11,0.000000,35.00
154.450,33.39,-79.92,0.292453,30.00,0.304558,200.16,0.000000,35.00
154.500,33.31,-79.92,0.292451,30.00,0.268701,195.84,0.000000,35.00
154.550,33.29,-79.92,0.292447,30.00,0.248155,191.43,0.000000,35.00
154.600,33.20,-79.92,0.292443,30.00,0.201340,190.57,0.000000,35.00
154.650,32.97,-79.92,0.292442,30.00,0.164674,186.49,0.000000,35.00
154.700,33.01,-79.92,0.292431,30.00,0.228936,185.99,0.000000,35.00
154.750,33.42,-79.92,0.292447,30.00,0.322035,198.03,0.000000,35.00
154.800,33.58,-79.92,0.292446,30.00,0.331305,202.66,0.000000,35.00
154.850,33.45,-79.92,0.292458,30.00,0.311391,195.83,0.000000,35.00
154.900,33.31,-79.92,0.292455,30.00,0.288072,192.62,0.000000,35.00
154.950,33.31,-79.91,0.292453,30.00,0.278024,196.23,0.000000,35.00
155.000,33.21,-79.91,0.292448,30.00,0.204021,194.57,0.000000,35.00
155.050,33.20,-79.91,0.292443,30.00,0.159095,193.57,0.000000,35.00
155.100,33.39,-79.91,0.292434,30.00,0.247350,198.24,0.000000,35.00
155.150,33.53,-79.91,0.292442,30.00,0.326515,200.82,0.000000,35.00
155.200,33.24,-79.91,0.292449,30.00,0.245742,189.98,0.000000,35.00
155.250,32.94,-79.91,0.292452,30.00,0.240888,183.33,0.000000,35.00
155.300,33.13,-79.91,0.292448,30.00,0.277147,191.74,0.000000,35.00
155.350,33.17,-79.91,0.292447,30.00,0.343243,190.16,0.000000,35.00
155.400,32.89,-79.91,0.292440,30.00,0.331201,181.89,0.000000,35.00
155.450,33.20,-79.91,0.292444,30.00,0.276560,195.17,0.000000,35.00
155.500,33.08,-79.91,0.292439,30.00,0.250421,191.55,0.000000,35.00
155.550,33.11,-79.91,0.292441,30.00,0.211463,188.96,0.000000,35.00
155.600,33.44,-79.91,0.292450,30.00,0.186721,197.36,0.000000,35.00
155.650,33.38,-79.91,0.292454,30.00,0.121465,194.82,0.000000,35.00
155.700,33.13,-79.91,0.292448,30.00,0.149179,190.61,0.000000,35.00
155.750,33.08,-79.91,0.292439,30.00,0.194707,190.58,0.000000,35.00
155.800,33.25,-79.91,0.292436,30.00,0.208218,196.02,0.000000,35.00
155.850,33.22,-79.91,0.292439,30.00,0.215303,194.14,0.000000,35.00
155.900,33.29,-79.91,0.292441,30.00,0.171965,194.20,0.000000,35.00
155.950,33.43,-79.91,0.292443,30.00,0.271055,198.48,0.000000,35.00
156.000,33.29,-79.91,0.292445,30.00,0.417581,196.07,0.000000,35.00
156.050,33.32,-79.91,0.292449,30.00,0.442122,199.17,0.000000,35.00
156.100,33.36,-79.91,0.292438,30.00,0.372883,200.42,0.000000,35.00
156.150,33.23,-79.91,0.292456,30.00,0.349806,193.30,0.000000,35.00
156.200,33.03,-79.91,0.292447,30.00,0.309346,186.00,0.000000,35.00
156.250,33.10,-79.91,0.292439,30.00,0.225405,188.63,0.000000,35.00
156.300,33.31,-79.91,0.292435,30.00,0.169183,196.50,0.000000,35.00
156.350,33.39,-79.91,0.292441,30.00,0.140750,198.93,0.000000,35.00
156.400,33.23,-79.91,0.292443,30.00,0.206763,193.85,0.000000,35.00
156.450,32.99,-79.91,0.292447,30.00,0.288483,189.85,0.000000,35.00
156.500,32.90,-79.91,0.292438,30.00,0.335201,186.31,0.000000,35.00
156.550,32.88,-79.91,0.292442,30.00,0.248807,181.59,0.000000,35.00
156.600,33.00,-79.91,0.292441,30.00,0.189212,184.93,0.000000,35.00
156.650,33.14,-79.91,0.292448,30.00,0.194027,188.42,0.000000,35.00
156.700,33.01,-79.91,0.292450,30.00,0.201793,184.20,0.000000,35.00
156.750,33.14,-79.91,0.292444,30.00,0.236303,187.38,0.000000,35.00
156.800,33.26,-79.92,0.292443,30.00,0.156740,194.19,0.000000,35.00
156.850,33.05,-79.91,0.292448,30.00,0.240808,187.72,0.000000,35.00
156.900,32.89,-79.92,0.292442,30.00,0.273110,185.48,0.000000,35.00
156.950,33.06,-79.92,0.292441,30.00,0.190818,192.17,0.000000,35.00
157.000,33.20,-79.92,0.292442,30.00,0.182840,192.67,0.000000,35.00
157.050,33.15,-79.92,0.292446,30.00,0.217452,189.81,0.000000,35.00
157.100,33.33,-79.92,0.292436,30.00,0.258878,195.44,0.000000,35.00
157.150,33.37,-79.92,0.292441,30.00,0.251689,197.03,0.000000,35.00
157.200,33.19,-79.92,0.292437,30.00,0.252882,190.68,0.000000,35.00
157.250,32.99,-79.92,0.292442,30.00,0.218247,186.93,0.000000,35.00
157.300,33.06,-79.92,0.292450,30.00,0.207372,189.17,0.000000,35.00
157.350,33.28,-79.92,0.292451,30.00,0.284194,194.76,0.000000,35.00
157.400,33.29,-79.92,0.292439,30.00,0.244011,192.49,0.000000,35.00
157.450,33.26,-79.92,0.292449,30.00,0.220824,191.37,0.000000,35.00
157.500,33.24,-79.92,0.292441,30.00,0.193604,193.79,0.000000,35.00
157.550,33.11,-79.92,0.292439,30.00,0.159618,189.97,0.000000,35.00
157.600,33.15,-79.91,0.292438,30.00,0.221806,191.90,0.000000,35.00
157.650,33.39,-79.91,0.292444,30.00,0.237496,197.50,0.000000,35.00
157.700,33.23,-79.91,0.292446,30.00,0.176867,191.40,0.000000,35.00
157.750,33.24,-79.91,0.292445,30.00,0.135335,194.09,0.000000,35.00
157.800,33.32,-79.91,0.292445,30.00,0.183591,196.46,0.000000,35.00
157.850,33.36,-79.91,0.292450,30.00,0.219561,196.70,0.000000,35.00
157.900,33.46,-79.91,0.292439,30.00,0.237642,197.22,0.000000,35.00
157.950,33.57,-79.91,0.292442,30.00,0.187066,200.02,0.000000,35.00
158.000,33.26,-79.91,0.292444,30.00,0.218739,193.78,0.000000,35.00
158.050,32.94,-79.91,0.292443,30.00,0.173623,185.88,0.000000,35.00
158.100,33.22,-79.91,0.292439,30.00,0.174959,192.10,0.000000,35.00
158.150,33.55,-79.91,0.292440,30.00,0.294409,201.63,0.000000,35.00
158.200,33.34,-79.91,0.292448,30.00,0.227926,198.41,0.000000,35.00
158.250,33.30,-79.91,0.292443,30.00,0.134007,194.43,0.000000,35.00
158.300,33.54,-79.91,0.292440,30.00,0.136873,203.17,0.000000,35.00
158.350,33.34,-79.91,0.292445,30.00,0.134514,197.71,0.000000,35.00
158.400,33.03,-79.91,0.292444,30.00,0.124330,187.98,0.000000,35.00
158.450,33.13,-79.91,0.292445,30.00,0.118458,192.80,0.000000,35.00
158.500,33.24,-79.91,0.292438,30.00,0.135972,196.42,0.000000,35.00
158.550,33.24,-79.91,0.292437,30.00,0.110363,194.44,0.000000,35.00
158.600,33.09,-79.91,0.292445,30.00,0.181698,188.91,0.000000,35.00
158.650,33.15,-79.91,0.292445,30.00,0.227030,192.17,0.000000,35.00
158.700,33.01,-79.91,0.292448,30.00,0.111220,185.83,0.000000,35.00
158.750,32.91,-79.91,0.292444,30.00,0.156743,183.46,0.000000,35.00
158.800,33.29,-79.91,0.292441,30.00,0.173188,195.71,0.000000,35.00
158.850,33.14,-79.91,0.292450,30.00,0.197677,189.43,0.000000,35.00
158.900,33.10,-79.91,0.292447,30.00,0.137741,190.99,0.000000,35.00
158.950,33.45,-79.91,0.292440,30.00,0.200419,203.65,0.000000,35.00
159.000,33.57,-79.91,0.292439,30.00,0.225166,204.63,0.000000,35.00
159.050,33.07,-79.91,0.292444,30.00,0.201043,189.55,0.000000,35.00
159.100,32.97,-79.91,0.292456,30.00,0.215131,188.53,0.000000,35.00
159.150,33.17,-79.91,0.292441,30.00,0.334144,192.76,0.000000,35.00
159.200,33.37,-79.91,0.292433,30.00,0.276454,196.82,0.000000,35.00
159.250,33.34,-79.91,0.292441,30.00,0.166500,196.62,0.000000,35.00
159.300,33.17,-79.91,0.292445,30.00,0.116558,193.31,0.000000,35.00
159.350,33.24,-79.91,0.292447,30.00,0.157999,193.79,0.000000,35.00
159.400,33.26,-79.91,0.292453,30.00,0.157508,194.05,0.000000,35.00
159.450,33.13,-79.92,0.292444,30.00,0.185212,188.18,0.000000,35.00
159.500,33.18,-79.92,0.292440,30.00,0.234728,187.82,0.000000,35.00
159.550,33.25,-79.92,0.292443,30.00,0.241974,188.53,0.000000,35.00
159.600,33.38,-79.92,0.292442,30.00,0.127370,194.92,0.000000,35.00
159.650,33.34,-79.92,0.292440,30.00,0.180094,196.35,0.000000,35.00
159.700,33.34,-79.92,0.292431,30.00,0.175816,195.46,0.000000,35.00
159.750,33.26,-79.92,0.292439,30.00,0.210519,194.15,0.000000,35.00
159.800,33.33,-79.92,0.292450,30.00,0.202106,195.49,0.000000,35.00
159.850,33.46,-79.92,0.292461,30.00,0.246556,199.83,0.000000,35.00
159.900,33.55,-79.92,0.292452,30.00,0.270018,199.71,0.000000,35.00
159.950,33.55,-79.92,0.292436,30.00,0.264463,201.52,0.000000,35.00
160.000,33.20,-79.92,0.292445,30.00,0.229448,194.23,0.000000,35.00
160.050,33.10,-79.92,0.292453,30.00,0.187490,189.39,0.000000,35.00
160.100,33.09,-79.92,0.292457,30.00,0.162418,188.72,0.000000,35.00
160.150,33.14,-79.92,0.292455,30.00,0.191572,190.27,0.000000,35.00
160.200,33.26,-79.92,0.292451,30.00,0.250920,193.65,0.000000,35.00
160.250,33.15,-79.91,0.292447,30.00,0.203594,189.85,0.000000,35.00
160.300,33.03,-79.91,0.292436,30.00,0.166290,188.59,0.000000,35.00
160.350,33.00,-79.91,0.292437,30.00,0.173733,188.10,0.000000,35.00
160.400,32.97,-79.91,0.292442,30.00,0.189561,185.58,0.000000,35.00
160.450,33.07,-79.91,0.292446,30.00,0.153580,188.30,0.000000,35.00
160.500,33.13,-79.91,0.292438,30.00,0.137734,189.89,0.000000,35.00
160.550,32.95,-79.91,0.292429,30.00,0.146500,186.81,0.000000,35.00
160.600,32.70,-79.91,0.292441,30.00,0.186180,177.37,0.000000,35.00
160.650,32.87,-79.91,0.292450,30.00,0.191477,182.69,0.000000,35.00
160.700,33.27,-79.91,0.292444,30.00,0.221750,193.02,0.000000,35.00
160.750,33.49,-79.91,0.292443,30.00,0.180206,194.41,0.000000,35.00
160.800,33.32,-79.91,0.292442,30.00,0.164844,192.15,0.000000,35.00
160.850,33.17,-79.91,0.292442,30.00,0.232327,189.22,0.000000,35.00
160.900,33.18,-79.91,0.292448,30.00,0.207348,189.76,0.000000,35.00
160.950,33.27,-79.91,0.292438,30.00,0.332306,192.65,0.000000,35.00
161.000,33.35,-79.91,0.292434,30.00,0.275622,196.15,0.000000,35.00
161.050,33.18,-79.91,0.292436,30.00,0.261758,192.69,0.000000,35.00
161.100,33.27,-79.91,0.292454,30.00,0.389322,195.33,0.000000,35.00
161.150,33.39,-79.91,0.292441,30.00,0.406070,200.41,0.000000,35.00
161.200,33.09,-79.91,0.292444,30.00,0.333135,190.91,0.000000,35.00
161.250,32.95,-79.91,0.292442,30.00,0.340956,184.40,0.000000,35.00
161.300,32.99,-79.91,0.292447,30.00,0.352529,186.52,0.000000,35.00
161.350,32.98,-79.91,0.292444,30.00,0.268529,188.02,0.000000,35.00
161.400,33.15,-79.91,0.292443,30.00,0.162120,193.13,0.000000,35.00
161.450,33.26,-79.91,0.292435,30.00,0.169616,194.00,0.000000,35.00
161.500,33.18,-79.91,0.292444,30.00,0.267667,191.54,0.000000,35.00
161.550,32.98,-79.91,0.292445,30.00,0.327689,185.54,0.000000,35.00
161.600,33.13,-79.91,0.292448,30.00,0.230828,190.14,0.000000,35.00
161.650,33.22,-79.91,0.292449,30.00,0.172783,193.89,0.000000,35.00
161.700,33.02,-79.91,0.292445,30.00,0.195829,187.96,0.000000,35.00
161.750,33.11,-79.91,0.292437,30.00,0.231472,187.34,0.000000,35.00
161.800,33.43,-79.91,0.292441,30.00,0.225256,195.48,0.000000,35.00
161.850,33.33,-79.91,0.292440,30.00,0.263531,197.98,0.000000,35.00
161.900,33.28,-79.91,0.292433,30.00,0.222634,194.64,0.000000,35.00
161.950,33.33,-79.91,0.292436,30.00,0.183647,192.66,0.000000,35.00
162.000,33.11,-79.92,0.292439,30.00,0.226519,188.01,0.000000,35.00
162.050,33.06,-79.91,0.292441,30.00,0.302276,187.90,0.000000,35.00
162.100,33.02,-79.92,0.292458,30.00,0.280260,185.67,0.000000,35.00
162.150,33.35,-79.92,0.292473,30.00,0.237719,194.99,0.000000,35.00
162.200,33.50,-79.92,0.292457,30.00,0.271342,201.67,0.000000,35.00
162.250,33.59,-79.92,0.292443,30.00,0.282260,206.18,0.000000,35.00
162.300,33.58,-79.92,0.292446,30.00,0.234839,205.07,0.000000,35.00
162.350,33.50,-79.92,0.292446,30.00,0.260586,201.44,0.000000,35.00
162.400,33.25,-79.92,0.292445,30.00,0.201089,195.14,0.000000,35.00
162.450,33.01,-79.92,0.292439,30.00,0.212686,189.71,0.000000,35.00
162.500,32.96,-79.92,0.292439,30.00,0.190362,186.07,0.000000,35.00
162.550,33.16,-79.92,0.292447,30.00,0.234947,191.31,0.000000,35.00
162.600,32.99,-79.92,0.292453,30.00,0.245777,185.94,0.000000,35.00
162.650,33.03,-79.92,0.292439,30.00,0.353271,187.48,0.000000,35.00
162.700,33.23,-79.92,0.292448,30.00,0.311424,194.83,0.000000,35.00
162.750,33.08,-79.92,0.292452,30.00,0.263636,189.21,0.000000,35.00
162.800,32.80,-79.92,0.292460,30.00,0.276607,182.25,0.000000,35.00
162.850,33.04,-79.92,0.292460,30.00,0.307050,188.04,0.000000,35.00
162.900,33.28,-79.91,0.292468,30.00,0.364848,194.27,0.000000,35.00
162.950,33.26,-79.91,0.292444,30.00,0.407214,194.18,0.000000,35.00
163.000,33.28,-79.91,0.292448,30.00,0.307126,194.80,0.000000,35.00
163.050,33.16,-79.91,0.292452,30.00,0.223750,190.31,0.000000,35.00
163.100,33.01,-79.91,0.292454,30.00,0.142067,185.68,0.000000,35.00
163.150,33.12,-79.91,0.292443,30.00,0.181861,190.64,0.000000,35.00
163.200,33.13,-79.91,0.292446,30.00,0.216184,190.04,0.000000,35.00
163.250,33.10,-79.91,0.292439,30.00,0.260260,190.07,0.000000,35.00
163.300,33.13,-79.91,0.292439,30.00,0.229281,192.60,0.000000,35.00
163.350,33.01,-79.91,0.292435,30.00,0.214879,191.05,0.000000,35.00
163.400,33.14,-79.91,0.292447,30.00,0.222557,192.83,0.000000,35.00
163.450,33.19,-79.91,0.292446,30.00,0.170954,190.86,0.000000,35.00
163.500,33.11,-79.91,0.292440,30.00,0.172160,191.21,0.000000,35.00
163.550,32.95,-79.91,0.292441,30.00,0.163955,187.06,0.000000,35.00
163.600,33.22,-79.91,0.292447,30.00,0.301368,193.61,0.000000,35.00
163.650,33.16,-79.91,0.292437,30.00,0.303771,193.90,0.000000,35.00
163.700,294.44,-79.27,0.290244,30.00,220.552094,1604.12,0.000000,40.00
163.750,604.83,-78.22,0.229399,30.00,767.732849,2326.92,0.000002,145.00

=== STATISTIKEN ===

Feature,Minimum,Maximum,Durchschnitt
Spektral Centroid (Hz),32.64,604.83,33.49
Power (dB),-79.92,-78.22,-79.91
Energy,0.14,0.29,0.29
Peak Frequenz (Hz),30.00,30.00,30.00
Spectral Flux,0.00,999.93,1.06
Bandbreite (Hz),177.28,2326.92,193.92
Spectral Flatness,0.00,0.00,0.00
Spectral Rolloff (Hz),35.00,145.00,35.05
