Zeit (s),Spektral Centroid (Hz),Power (dB),Energy,Peak Frequenz (Hz),Spectral Flux,Bandbreite (Hz),Spectral Flatness,Spectral Rolloff (Hz)
0.000,4876.19,-80.00,0.000003,40.00,0.000000,5068.36,0.023484,11600.00
0.050,4582.08,-79.79,0.000489,115.00,3.034688,4434.24,0.000872,10480.00
0.100,5078.50,-79.46,0.001164,115.00,4.440146,4431.31,0.000659,10990.00
0.150,5159.61,-79.53,0.001199,55.00,3.222912,4620.56,0.000581,11290.00
0.200,4999.39,-79.76,0.001042,100.00,3.891289,5054.85,0.000480,11835.00
0.250,4589.02,-75.75,0.005422,300.00,31.672539,5042.99,0.000215,11165.00
0.300,3398.95,-65.09,0.058704,130.00,336.038330,4350.39,0.000060,9610.00
0.350,2968.20,-62.58,0.104305,125.00,347.242859,3817.26,0.000044,7860.00
0.400,2523.82,-65.32,0.105590,125.00,360.848358,3265.58,0.000019,4335.00
0.450,1594.45,-70.23,0.120178,125.00,299.389404,2733.77,0.000004,2745.00
0.500,1504.84,-71.16,0.122620,125.00,187.143982,2759.92,0.000002,2675.00
0.550,2012.75,-69.33,0.083183,125.00,381.306763,3390.70,0.000009,4720.00
0.600,3841.64,-66.69,0.040990,125.00,358.484680,4254.59,0.000066,9580.00
0.650,3504.34,-63.91,0.079978,120.00,344.761383,4088.86,0.000043,9020.00
0.700,2670.77,-63.25,0.099337,115.00,264.889343,3694.36,0.000042,6195.00
0.750,2173.86,-64.30,0.089384,100.00,448.196625,3074.97,0.000045,4065.00
0.800,1833.61,-66.52,0.093140,95.00,318.812836,2477.12,0.000025,3495.00
0.850,1735.87,-68.58,0.075847,85.00,297.126617,2401.98,0.000019,3275.00
0.900,1743.46,-71.52,0.042631,80.00,285.214050,2688.83,0.000020,2845.00
0.950,1673.59,-74.06,0.028792,80.00,169.386627,2972.09,0.000016,2660.00
1.000,1943.99,-71.77,0.032073,85.00,96.627388,2888.11,0.000027,3365.00
1.050,2056.41,-69.52,0.049051,85.00,163.405045,2680.87,0.000025,3505.00
1.100,1929.68,-68.80,0.059716,85.00,156.321350,2577.37,0.000024,3355.00
1.150,1730.15,-69.80,0.053433,85.00,195.417130,2443.93,0.000023,2855.00
1.200,1778.74,-72.12,0.032028,90.00,173.875137,2576.06,0.000024,3360.00
1.250,1469.30,-75.94,0.022008,110.00,148.030472,2710.56,0.000013,2580.00
1.300,1145.46,-73.49,0.070718,100.00,330.598785,2136.10,0.000004,2470.00
1.350,1201.43,-72.53,0.091272,95.00,256.071899,2257.03,0.000004,2465.00
1.400,1603.94,-71.13,0.073794,90.00,269.498047,2921.49,0.000008,2725.00
1.450,2517.75,-66.32,0.069027,95.00,224.124115,3516.49,0.000034,4995.00
1.500,2400.16,-64.94,0.099335,95.00,274.263702,3302.25,0.000029,4335.00
1.550,2252.15,-67.71,0.073361,90.00,240.772095,3254.63,0.000022,4050.00
1.600,1497.49,-71.49,0.050707,95.00,318.591309,2810.35,0.000016,2150.00
1.650,1099.47,-70.52,0.111429,95.00,436.889130,2043.15,0.000005,1215.00
1.700,1079.38,-71.67,0.093194,95.00,166.865967,1949.06,0.000005,1280.00
1.750,2581.88,-66.35,0.045983,115.00,437.703247,3201.66,0.000065,5125.00
1.800,2529.11,-62.67,0.104454,105.00,430.381866,3200.85,0.000042,5140.00
1.850,3767.59,-60.32,0.109698,105.00,281.244080,3951.48,0.000063,8995.00
1.900,6611.06,-58.45,0.069577,105.00,399.878784,3986.81,0.000230,10815.00
1.950,7955.87,-61.18,0.034766,105.00,302.236176,3284.23,0.000392,11140.00
2.000,4520.54,-63.05,0.048749,110.00,286.220642,4313.01,0.000133,9950.00
2.050,2481.80,-65.01,0.083903,110.00,258.726929,3487.18,0.000036,6575.00
2.100,2693.96,-64.02,0.086809,95.00,331.635071,3449.47,0.000046,5225.00
2.150,2759.68,-63.09,0.102144,95.00,250.046692,3455.71,0.000044,5455.00
2.200,2683.26,-66.22,0.066972,90.00,363.986542,3681.18,0.000038,6790.00
2.250,1743.48,-69.47,0.075475,90.00,199.381470,3049.01,0.000013,2700.00
2.300,2219.71,-65.50,0.084890,90.00,236.192108,3288.39,0.000032,4615.00
2.350,4566.66,-58.59,0.089538,90.00,230.556900,4375.13,0.000161,10345.00
2.400,7316.42,-55.78,0.077936,90.00,372.311249,3905.49,0.000415,11365.00
2.450,6904.04,-56.19,0.066572,110.00,254.942261,3985.86,0.000485,11255.00
2.500,3017.96,-61.30,0.098639,100.00,476.797302,3737.34,0.000063,7780.00
2.550,2476.16,-63.54,0.099551,95.00,288.925140,2992.17,0.000034,5620.00
2.600,3967.10,-62.32,0.067549,90.00,410.222473,3082.96,0.000079,6680.00
2.650,3671.88,-64.38,0.070177,90.00,205.085449,3119.38,0.000041,6480.00
2.700,2352.43,-68.44,0.076616,90.00,186.918381,3244.69,0.000012,5655.00
2.750,1790.32,-70.79,0.072691,90.00,126.127495,3223.42,0.000008,3340.00
2.800,1645.02,-72.66,0.060179,85.00,270.316345,3336.19,0.000007,2995.00
2.850,3296.58,-69.09,0.040692,80.00,204.275284,4778.86,0.000043,10825.00
2.900,3076.97,-64.28,0.055900,80.00,285.152618,4292.10,0.000107,8285.00
2.950,2386.80,-63.75,0.080486,85.00,251.063019,3272.57,0.000068,4370.00
3.000,2372.29,-63.84,0.082952,85.00,261.377808,3211.89,0.000056,3795.00
3.050,2374.94,-66.32,0.066377,85.00,231.767776,3470.68,0.000040,3840.00
3.100,3592.84,-65.62,0.034733,80.00,257.904083,3622.52,0.000123,7590.00
3.150,4040.18,-61.42,0.049539,115.00,254.334824,3606.78,0.000210,8085.00
3.200,2537.37,-61.90,0.110812,105.00,458.004395,3300.41,0.000049,5290.00
3.250,1819.15,-64.76,0.131069,100.00,397.186066,2688.40,0.000019,2855.00
3.300,1806.76,-66.99,0.087787,730.00,441.140228,2583.14,0.000023,2805.00
3.350,2139.86,-72.06,0.025271,90.00,411.117432,3137.17,0.000046,3840.00
3.400,3129.76,-69.86,0.019215,825.00,97.379204,3841.34,0.000136,7910.00
3.450,2523.25,-65.27,0.058215,95.00,252.417557,3322.24,0.000076,4425.00
3.500,1951.24,-67.76,0.065800,90.00,217.750580,2886.52,0.000030,3480.00
3.550,1146.91,-73.54,0.064203,85.00,281.232635,2359.63,0.000005,2140.00
3.600,998.59,-75.51,0.053161,75.00,246.617599,2349.77,0.000003,1195.00
3.650,1152.50,-76.17,0.042975,75.00,143.100998,2647.26,0.000003,1900.00
3.700,1321.05,-75.65,0.040358,75.00,144.735733,2902.48,0.000006,2420.00
3.750,2357.37,-75.30,0.020557,80.00,136.097076,3883.13,0.000024,6770.00
3.800,1806.08,-74.73,0.018806,760.00,145.200562,2776.24,0.000032,3055.00
3.850,1422.82,-70.79,0.072695,760.00,343.947571,2142.54,0.000010,2650.00
3.900,1225.25,-70.83,0.089586,100.00,259.379242,2067.43,0.000007,1475.00
3.950,917.54,-74.20,0.083726,110.00,394.445068,2091.84,0.000003,785.00
4.000,1920.73,-73.45,0.052469,115.00,280.024017,3457.14,0.000007,5280.00
4.050,3766.16,-71.53,0.015122,115.00,258.112854,4132.90,0.000103,9760.00
4.100,3087.43,-72.38,0.012127,115.00,61.238354,3598.97,0.000132,7810.00
4.150,1255.94,-74.27,0.040573,190.00,224.533203,2461.98,0.000009,2190.00
4.200,1191.00,-71.73,0.074212,95.00,249.799210,2210.98,0.000008,1755.00
4.250,1589.07,-68.72,0.085603,95.00,302.686646,2477.08,0.000016,2445.00
4.300,1694.02,-68.70,0.085032,90.00,204.915680,2538.78,0.000016,2645.00
4.350,1876.18,-70.70,0.048578,90.00,276.327759,2907.42,0.000021,3135.00
4.400,2510.98,-71.67,0.019161,100.00,227.768173,3391.18,0.000071,6060.00
4.450,2227.64,-65.28,0.070826,100.00,354.174927,3144.02,0.000048,4410.00
4.500,2032.76,-64.01,0.107641,95.00,326.363281,2979.27,0.000036,3615.00
4.550,1774.89,-66.79,0.090469,90.00,346.142029,2723.52,0.000024,2600.00
4.600,1363.89,-72.81,0.052750,80.00,366.967560,2454.79,0.000009,2205.00
4.650,1292.92,-71.31,0.071236,80.00,244.124680,2018.43,0.000009,2360.00
4.700,1361.34,-70.98,0.077168,85.00,140.879395,2034.38,0.000008,2415.00
4.750,1823.05,-72.48,0.036197,85.00,288.121185,2920.52,0.000020,3620.00
4.800,3286.23,-70.20,0.020639,105.00,177.982086,3899.78,0.000089,8895.00
4.850,1853.75,-68.82,0.068916,100.00,323.908844,2876.37,0.000018,3540.00
4.900,1561.44,-69.01,0.093878,95.00,272.124390,2462.26,0.000012,2720.00
4.950,1568.10,-69.66,0.086698,95.00,213.167557,2438.51,0.000011,2645.00
5.000,1470.17,-71.32,0.059774,90.00,280.304779,2336.11,0.000013,2510.00
5.050,1685.76,-68.74,0.077286,90.00,251.787872,2372.08,0.000018,3010.00
5.100,1593.04,-69.28,0.079577,90.00,190.910568,2340.40,0.000014,2705.00
5.150,3298.54,-64.15,0.069186,90.00,283.506012,4034.61,0.000050,8610.00
5.200,6307.24,-58.14,0.074084,95.00,219.296356,4401.98,0.000222,11205.00
5.250,7319.64,-58.05,0.052306,100.00,251.200455,3903.53,0.000437,11435.00
5.300,3756.56,-62.02,0.082285,155.00,452.782623,4143.71,0.000070,8750.00
5.350,1256.62,-69.55,0.132562,150.00,451.699524,2198.47,0.000004,2405.00
5.400,2312.41,-65.77,0.100533,145.00,324.783112,3266.76,0.000017,5735.00
5.450,2086.33,-63.85,0.110918,145.00,418.100098,3051.02,0.000032,4235.00
5.500,1410.90,-66.82,0.129161,115.00,401.558441,2387.07,0.000013,2485.00
5.550,1195.08,-69.39,0.115965,105.00,511.207947,2077.31,0.000008,2370.00
5.600,1366.99,-69.27,0.093102,90.00,431.969116,2441.74,0.000012,2230.00
5.650,4613.46,-64.01,0.048402,85.00,351.114410,4455.69,0.000116,9910.00
5.700,7436.02,-62.94,0.025156,85.00,248.727509,3430.70,0.000493,10745.00
5.750,4703.15,-63.48,0.040799,100.00,218.159119,4143.17,0.000162,9270.00
5.800,2073.55,-66.11,0.089553,95.00,351.351013,3174.66,0.000023,3985.00
5.850,1428.37,-70.16,0.090666,95.00,278.667664,2414.93,0.000008,2300.00
5.900,1601.66,-72.92,0.049560,90.00,326.218567,2756.23,0.000008,2860.00
5.950,1583.91,-70.27,0.073415,110.00,391.639374,2457.37,0.000011,2900.00
6.000,1281.73,-70.63,0.101297,105.00,243.640503,2092.48,0.000005,2385.00
6.050,1230.58,-72.16,0.074445,95.00,371.865417,2259.32,0.000005,2175.00
6.100,1485.03,-68.98,0.114883,100.00,466.754028,2581.27,0.000007,2255.00
6.150,1519.31,-69.33,0.130983,100.00,294.726532,2764.43,0.000005,2270.00
6.200,1370.12,-69.26,0.142299,120.00,610.927551,2496.28,0.000005,2255.00
6.250,1564.53,-66.93,0.153482,125.00,620.410156,2237.27,0.000009,2695.00
6.300,1502.40,-67.40,0.123695,125.00,387.994141,2071.59,0.000012,2565.00
6.350,1432.62,-71.00,0.066384,115.00,512.827026,2148.30,0.000011,2550.00
6.400,1445.72,-71.06,0.102789,115.00,402.373260,2125.04,0.000004,2770.00
6.450,1365.32,-71.04,0.114332,115.00,204.045441,2081.09,0.000003,2755.00
6.500,1161.82,-74.56,0.056720,115.00,400.215302,2118.01,0.000003,2525.00
6.550,2925.29,-74.65,0.009975,115.00,306.992401,2968.53,0.000067,5075.00
6.600,3494.45,-72.68,0.008525,1725.00,50.746712,2887.46,0.000187,6190.00
6.650,3468.07,-72.01,0.010300,1660.00,31.283381,2801.72,0.000166,5585.00
6.700,3417.05,-71.93,0.011236,1450.00,35.654854,2803.93,0.000147,5185.00
6.750,3425.33,-72.99,0.009207,1450.00,31.401400,2909.15,0.000156,5400.00
6.800,3344.92,-75.70,0.004898,100.00,32.917625,3048.76,0.000222,5555.00
6.850,4538.53,-72.35,0.005553,1665.00,22.956415,3996.50,0.000639,9660.00
6.900,3065.82,-64.95,0.038074,95.00,212.219940,3565.52,0.000150,6675.00
6.950,2161.79,-65.65,0.065691,95.00,207.157700,2859.91,0.000053,4100.00
7.000,1404.24,-72.04,0.049377,90.00,177.140854,1923.52,0.000013,2330.00
7.050,2177.53,-69.56,0.043565,105.00,240.852203,3047.94,0.000027,5540.00
7.100,3700.41,-65.01,0.053339,100.00,139.957489,3622.35,0.000056,7845.00
7.150,3977.26,-65.38,0.034762,95.00,181.854889,3632.77,0.000121,8160.00
7.200,1984.29,-66.46,0.077119,120.00,368.947052,2648.42,0.000028,3875.00
7.250,3734.97,-60.23,0.093437,115.00,245.935364,4002.64,0.000088,8700.00
7.300,5590.24,-59.65,0.058612,110.00,335.337738,4243.81,0.000219,10640.00
7.350,3383.78,-61.50,0.080594,120.00,313.833954,3853.13,0.000087,7975.00
7.400,1584.03,-68.11,0.085017,115.00,223.553696,2603.21,0.000015,2625.00
7.450,1788.37,-71.05,0.045511,115.00,327.117798,3037.00,0.000019,2765.00
7.500,1638.47,-68.78,0.081597,770.00,396.243958,2361.45,0.000015,2620.00
7.550,1426.02,-69.39,0.100167,765.00,213.647003,1938.47,0.000009,2460.00
7.600,1302.95,-71.87,0.065964,110.00,398.547058,2063.14,0.000008,2325.00
7.650,2153.87,-69.98,0.079064,110.00,315.995819,3539.32,0.000008,6445.00
7.700,4803.07,-64.78,0.058066,115.00,179.203598,4736.49,0.000053,10545.00
7.750,4126.07,-62.77,0.055243,135.00,377.774475,4584.29,0.000125,10100.00
7.800,3317.80,-62.44,0.086894,130.00,244.526230,4007.24,0.000063,8290.00
7.850,5865.26,-58.91,0.069712,125.00,295.061493,4327.59,0.000213,10990.00
7.900,4824.67,-57.68,0.086799,115.00,305.662109,4334.21,0.000214,10485.00
7.950,2463.48,-62.25,0.104103,115.00,323.534698,3299.04,0.000053,5855.00
8.000,1531.85,-70.02,0.076111,105.00,403.883575,2445.45,0.000011,2750.00
8.050,1015.51,-74.60,0.063040,100.00,309.095947,2302.76,0.000003,1290.00
8.100,1120.08,-74.54,0.052716,85.00,270.378174,2459.42,0.000005,1165.00
8.150,1165.84,-75.82,0.041753,80.00,186.280334,2504.61,0.000005,1050.00
8.200,1455.54,-74.05,0.037136,75.00,147.865875,2664.06,0.000010,2300.00
8.250,1468.60,-74.00,0.032293,75.00,101.368881,2609.43,0.000012,2310.00
8.300,1210.83,-77.07,0.020155,80.00,116.111763,2513.81,0.000007,1850.00
8.350,2001.93,-78.40,0.008496,80.00,80.986748,3617.18,0.000022,4945.00
8.400,3197.29,-76.90,0.005183,165.00,40.157757,4101.41,0.000155,9475.00
8.450,2253.11,-68.62,0.054683,130.00,314.209015,3322.22,0.000032,4280.00
8.500,1844.93,-66.90,0.106134,125.00,402.769897,2949.38,0.000017,3405.00
8.550,1278.08,-70.75,0.121100,120.00,440.086548,2385.53,0.000004,2455.00
8.600,1493.96,-69.28,0.092380,115.00,416.896179,2442.89,0.000011,2525.00
8.650,1730.45,-66.36,0.095576,110.00,348.943176,2574.53,0.000028,2805.00
8.700,1854.33,-67.42,0.078326,100.00,338.246613,2734.65,0.000025,3300.00
8.750,1647.17,-71.28,0.056511,85.00,305.036407,2615.63,0.000012,2770.00
8.800,1166.64,-74.02,0.052959,85.00,178.531631,2200.55,0.000007,1055.00
8.850,2630.73,-70.38,0.027361,80.00,183.856506,3236.18,0.000053,6410.00
8.900,5035.92,-66.34,0.017101,80.00,148.100189,3179.47,0.000358,7735.00
8.950,4812.40,-65.93,0.017753,110.00,60.061153,3243.43,0.000380,7855.00
9.000,3133.45,-65.00,0.049837,110.00,251.653229,3397.03,0.000080,7390.00
9.050,2179.79,-68.04,0.056490,110.00,94.366196,3086.82,0.000027,5080.00
9.100,3792.61,-68.33,0.020894,100.00,242.971024,3645.99,0.000136,7925.00
9.150,4975.73,-63.55,0.022485,80.00,110.524872,3598.96,0.000456,9105.00
9.200,3919.92,-64.38,0.035847,155.00,169.904633,3852.08,0.000160,8510.00
9.250,2405.22,-67.75,0.052606,150.00,168.440582,3539.54,0.000034,6215.00
9.300,2146.62,-68.55,0.050149,150.00,153.141586,3192.28,0.000031,3800.00
9.350,2021.74,-70.04,0.037430,70.00,149.071381,3036.23,0.000036,3425.00
9.400,1897.27,-71.44,0.033529,80.00,151.503555,2826.40,0.000034,3055.00
9.450,1796.78,-71.48,0.040362,80.00,106.428658,2649.07,0.000025,2845.00
9.500,1699.33,-72.49,0.035204,110.00,119.325470,2649.49,0.000022,2640.00
9.550,1732.62,-74.94,0.021967,75.00,122.717560,3013.73,0.000019,2695.00
9.600,1739.53,-76.91,0.021654,80.00,87.233803,3336.46,0.000008,3035.00
9.650,1572.15,-78.12,0.018471,85.00,61.937073,3161.70,0.000006,2800.00
9.700,2890.57,-77.04,0.006700,90.00,79.412407,3529.96,0.000077,6325.00
9.750,3416.35,-74.47,0.006070,100.00,37.448658,3189.83,0.000222,6375.00
9.800,3532.52,-73.83,0.006602,100.00,17.351990,3058.63,0.000221,6325.00
9.850,3622.58,-73.78,0.006153,1470.00,20.928591,2996.02,0.000243,6390.00
9.900,3902.16,-73.02,0.006503,1470.00,19.023483,3227.46,0.000301,7270.00
9.950,4115.21,-72.16,0.006840,1480.00,21.840155,3528.32,0.000370,8340.00
10.000,3705.80,-73.74,0.006419,940.00,23.272285,3552.47,0.000277,7715.00
10.050,1475.38,-75.09,0.022461,530.00,129.160828,2552.52,0.000020,2120.00
10.100,3338.51,-63.68,0.068312,535.00,293.772522,4353.59,0.000080,8960.00
10.150,5550.00,-59.58,0.060046,90.00,158.945953,4847.34,0.000279,11625.00
10.200,7570.91,-63.22,0.020916,85.00,289.196106,4324.60,0.000609,12340.00
10.250,2348.81,-69.74,0.036470,145.00,229.177399,3445.29,0.000040,5530.00
10.300,1900.11,-65.66,0.114306,135.00,507.748627,2845.28,0.000017,3205.00
10.350,1788.73,-65.74,0.138497,140.00,340.310089,2413.10,0.000013,2990.00
10.400,1852.25,-67.52,0.111392,300.00,502.174316,2398.46,0.000011,3050.00
10.450,2068.72,-68.10,0.066171,150.00,466.012177,3016.30,0.000023,4160.00
10.500,1909.63,-66.41,0.102231,160.00,431.108734,2788.74,0.000021,3365.00
10.550,1832.97,-67.24,0.111371,160.00,374.036194,2600.93,0.000014,2755.00
10.600,1672.68,-70.29,0.090233,315.00,295.955658,2443.20,0.000008,2530.00
10.650,1304.11,-73.43,0.083185,315.00,292.845642,2230.53,0.000003,2410.00
10.700,996.02,-74.56,0.070097,150.00,339.283936,1920.85,0.000002,1740.00
10.750,857.42,-75.85,0.054329,140.00,290.707001,1881.83,0.000002,935.00
10.800,1046.13,-77.57,0.026715,110.00,218.988556,2471.93,0.000005,855.00
10.850,3888.05,-70.71,0.015828,120.00,98.458290,4015.55,0.000140,8310.00
10.900,2905.70,-66.42,0.062343,225.00,309.023254,3610.99,0.000039,7060.00
10.950,2669.51,-65.97,0.101706,220.00,308.604706,3485.03,0.000018,6645.00
11.000,2705.22,-66.67,0.110471,110.00,302.394287,3513.89,0.000012,6605.00
11.050,2339.94,-68.00,0.109090,215.00,150.665848,3154.60,0.000008,4790.00
11.100,1868.73,-68.59,0.109104,105.00,390.991516,2788.28,0.000007,3820.00
11.150,1982.25,-67.86,0.095626,100.00,425.372925,3035.85,0.000011,4585.00
11.200,2230.61,-68.41,0.063663,95.00,349.708649,3398.90,0.000020,5045.00
11.250,2491.22,-72.95,0.022935,90.00,277.737122,3800.85,0.000037,6400.00
11.300,1214.96,-78.69,0.018181,100.00,83.879890,2984.77,0.000005,1230.00
11.350,1711.33,-75.87,0.030359,95.00,85.529778,3160.72,0.000009,3400.00
11.400,2702.69,-66.87,0.041363,105.00,185.303513,3543.50,0.000076,6250.00
11.450,2221.26,-65.03,0.079776,100.00,299.057861,3138.37,0.000044,4110.00
11.500,1779.90,-67.11,0.095062,105.00,231.144577,2758.19,0.000020,2665.00
11.550,1213.65,-70.57,0.109219,115.00,443.451385,2228.65,0.000006,1975.00
11.600,1103.83,-71.26,0.110854,120.00,417.877380,1922.19,0.000005,1310.00
11.650,1086.29,-72.40,0.093812,125.00,347.993958,1835.65,0.000004,1105.00
11.700,1507.48,-72.48,0.052532,120.00,320.442810,2755.36,0.000011,1345.00
11.750,3394.12,-73.67,0.012860,115.00,267.232513,4281.52,0.000081,9205.00
11.800,1228.31,-74.82,0.036370,145.00,179.210663,2480.48,0.000009,1535.00
11.850,1312.96,-71.31,0.064101,95.00,226.298004,2177.15,0.000012,1845.00
11.900,1590.81,-69.60,0.068740,90.00,228.658035,2400.02,0.000017,2670.00
11.950,1952.54,-70.71,0.044545,85.00,222.354645,2968.52,0.000022,3315.00
12.000,2565.69,-73.70,0.017632,85.00,191.430161,3749.79,0.000048,6165.00
12.050,1392.06,-74.66,0.039491,90.00,193.139389,2599.63,0.000009,1080.00
12.100,1176.80,-73.20,0.066913,90.00,227.653503,2212.00,0.000007,970.00
12.150,1920.36,-67.98,0.074941,110.00,267.779083,3034.97,0.000021,4585.00
12.200,5128.41,-61.71,0.064414,110.00,243.876877,4255.65,0.000108,10165.00
12.250,6872.35,-60.50,0.042445,115.00,252.286484,3826.13,0.000292,10815.00
12.300,4348.69,-62.86,0.071238,110.00,307.336884,4308.80,0.000065,9880.00
12.350,1178.22,-71.13,0.105281,105.00,347.047424,2466.24,0.000004,2145.00
12.400,981.44,-74.34,0.079595,95.00,364.030304,2255.32,0.000002,1240.00
12.450,2093.28,-69.06,0.067332,95.00,246.909424,3186.25,0.000015,3970.00
12.500,1742.72,-68.20,0.094336,95.00,251.096298,2789.31,0.000012,3480.00
12.550,1532.39,-69.85,0.078092,85.00,337.771606,2438.80,0.000011,3220.00
12.600,1768.60,-67.32,0.078100,85.00,347.867065,2498.61,0.000028,3170.00
12.650,1785.55,-67.46,0.077425,85.00,249.034744,2454.68,0.000027,2920.00
12.700,1653.66,-68.81,0.069523,90.00,271.781647,2444.38,0.000021,2685.00
12.750,1800.27,-66.87,0.091799,110.00,400.261292,2800.43,0.000023,3260.00
12.800,1952.37,-65.88,0.127032,115.00,473.053223,2987.35,0.000015,3765.00
12.850,1507.53,-69.93,0.145284,120.00,455.145996,2617.47,0.000003,2540.00
12.900,1041.26,-74.74,0.106461,120.00,310.582031,2186.86,0.000001,2375.00
12.950,1130.61,-76.88,0.037048,115.00,466.777649,2406.26,0.000002,2265.00
13.000,2524.65,-76.64,0.007617,115.00,191.884140,2951.34,0.000050,4520.00
13.050,2890.87,-76.32,0.005232,120.00,31.941662,2850.57,0.000118,4735.00
13.100,3034.24,-77.01,0.003632,125.00,16.239101,2918.81,0.000167,4845.00
13.150,3251.34,-78.27,0.001920,100.00,13.832599,3353.75,0.000328,5890.00
13.200,5277.95,-79.53,0.001148,100.00,7.761388,5015.62,0.000848,11945.00
13.250,8292.89,-71.16,0.004032,100.00,22.302034,4665.59,0.001856,13460.00
13.300,4409.49,-65.64,0.030976,105.00,182.444778,4908.82,0.000180,11355.00
13.350,2035.37,-66.92,0.076418,100.00,308.602936,3276.76,0.000029,4560.00
13.400,1222.83,-71.37,0.087169,95.00,274.704956,1861.51,0.000007,1635.00
13.450,1377.20,-71.52,0.064723,90.00,293.765411,2085.56,0.000010,2545.00
13.500,1565.97,-70.96,0.063091,90.00,199.114243,2295.54,0.000010,2910.00
13.550,1382.97,-72.59,0.055200,90.00,168.980606,2314.08,0.000007,2475.00
13.600,1385.53,-72.41,0.057532,90.00,143.469635,2592.53,0.000008,2060.00
13.650,1236.31,-72.74,0.064020,90.00,127.719116,2459.13,0.000006,1745.00
13.700,1097.33,-73.02,0.070074,90.00,192.911606,2044.49,0.000005,1635.00
13.750,1701.25,-69.91,0.076080,95.00,197.702515,2897.52,0.000010,3030.00
13.800,3768.19,-67.98,0.040442,95.00,253.320755,4262.73,0.000042,9250.00
13.850,5117.39,-66.03,0.014994,105.00,217.443756,4088.97,0.000467,10225.00
13.900,2670.04,-64.46,0.053971,100.00,268.980591,3326.20,0.000094,6135.00
13.950,1754.34,-67.25,0.080176,95.00,242.410919,2335.26,0.000026,3215.00
14.000,1557.56,-71.05,0.071897,100.00,268.861359,2112.58,0.000008,2805.00
14.050,1203.87,-75.02,0.048980,100.00,210.605957,2093.71,0.000003,2505.00
14.100,657.38,-77.81,0.032307,115.00,244.682297,1767.59,0.000002,625.00
14.150,528.04,-76.58,0.096656,110.00,442.174561,1281.82,0.000001,640.00
14.200,759.45,-74.17,0.118937,105.00,336.410919,1651.01,0.000001,925.00
14.250,1420.75,-70.01,0.108141,100.00,277.921021,2262.21,0.000005,2550.00
14.300,1576.38,-69.62,0.117491,105.00,387.465393,2409.92,0.000005,2565.00
14.350,1217.91,-73.21,0.106347,105.00,284.126678,2229.15,0.000002,2305.00
14.400,1328.92,-72.60,0.090897,100.00,332.051849,2541.58,0.000003,2345.00
14.450,1698.14,-70.83,0.071997,100.00,261.694183,3071.86,0.000008,2900.00
14.500,1664.36,-70.48,0.078255,120.00,363.519897,3155.89,0.000008,3060.00
14.550,1633.69,-70.54,0.090940,120.00,227.064850,3175.50,0.000006,2985.00
14.600,1811.66,-75.23,0.037752,120.00,342.442780,3504.94,0.000007,4200.00
14.650,2477.14,-79.46,0.005005,115.00,211.677261,4034.74,0.000034,7555.00
14.700,6545.41,-65.90,0.013072,120.00,80.498001,3568.61,0.000617,10605.00
14.750,6343.53,-61.06,0.029638,100.00,108.879890,3651.36,0.000568,10575.00
14.800,4033.28,-62.51,0.055789,140.00,290.744019,4001.98,0.000121,9335.00
14.850,1912.58,-67.82,0.085985,135.00,252.719635,2914.32,0.000014,3700.00
14.900,1717.71,-71.93,0.051911,135.00,253.051498,2811.44,0.000009,3320.00
14.950,1736.00,-78.58,0.009640,115.00,276.670471,3249.52,0.000016,3835.00
15.000,4379.51,-76.98,0.003286,135.00,47.537395,4026.15,0.000343,9405.00
15.050,3922.38,-67.34,0.022324,125.00,126.569984,3837.13,0.000149,8680.00
15.100,2701.68,-65.06,0.068412,120.00,307.245880,3396.87,0.000044,6435.00
15.150,2122.70,-66.11,0.095702,120.00,271.016907,2879.19,0.000021,4265.00
15.200,2187.93,-67.04,0.072374,115.00,233.398575,3057.48,0.000027,4610.00
15.250,2842.25,-66.08,0.055037,120.00,282.152985,3754.23,0.000054,6995.00
15.300,2861.98,-64.55,0.089920,120.00,279.819946,3810.97,0.000033,7450.00
15.350,2822.09,-67.70,0.069642,115.00,246.013794,3816.87,0.000021,7655.00
15.400,3538.25,-68.94,0.041208,115.00,268.436798,4161.73,0.000040,8450.00
15.450,2753.85,-67.43,0.079707,135.00,362.659821,3784.79,0.000018,7345.00
15.500,2237.43,-67.19,0.111900,140.00,411.227264,3308.29,0.000010,5195.00
15.550,1932.35,-66.54,0.120694,145.00,303.691437,3009.93,0.000011,3685.00
15.600,1661.67,-68.60,0.079602,145.00,425.780579,2938.61,0.000016,3155.00
15.650,1381.73,-71.71,0.058953,120.00,335.171417,2605.48,0.000012,2375.00
15.700,1367.54,-72.27,0.060462,120.00,160.269730,2261.81,0.000009,2410.00
15.750,1258.37,-74.17,0.040235,120.00,182.735199,2184.98,0.000009,2345.00
15.800,1540.80,-76.46,0.018943,90.00,168.854324,2850.11,0.000015,2460.00
15.850,4376.68,-72.56,0.009672,80.00,77.438332,4017.32,0.000177,9330.00
15.900,5014.51,-65.11,0.020580,85.00,86.623199,3916.59,0.000342,9565.00
15.950,3007.43,-64.11,0.060225,125.00,304.819305,3638.04,0.000079,7575.00
16.000,1446.41,-67.61,0.107985,125.00,359.514435,2353.27,0.000013,2470.00
16.050,1579.85,-68.20,0.084225,155.00,313.566833,2619.35,0.000018,2490.00
16.100,4512.01,-65.57,0.031778,155.00,369.709778,4292.61,0.000158,9870.00
16.150,7078.75,-66.43,0.013791,165.00,172.253113,3404.69,0.000545,10505.00
16.200,3973.41,-64.19,0.048423,135.00,272.019531,3901.01,0.000111,8680.00
16.250,3214.47,-62.28,0.093206,130.00,322.607971,3753.20,0.000063,7885.00
16.300,5383.52,-58.51,0.083512,120.00,317.524048,4036.42,0.000204,9970.00
16.350,5457.19,-58.73,0.064798,110.00,326.820221,3948.46,0.000279,9995.00
16.400,2377.34,-63.95,0.097617,100.00,415.385712,3179.93,0.000038,6025.00
16.450,1616.59,-69.02,0.088393,100.00,230.888351,2459.03,0.000013,2250.00
16.500,1727.56,-71.89,0.043579,100.00,351.822540,2782.23,0.000017,2525.00
16.550,1514.37,-74.36,0.036309,110.00,212.380890,2979.81,0.000011,2505.00
16.600,1839.98,-70.86,0.064670,105.00,208.381470,3410.02,0.000011,2705.00
16.650,5027.78,-64.39,0.048193,100.00,189.636871,4982.63,0.000091,11600.00
16.700,5218.39,-63.10,0.039438,100.00,212.779251,4832.73,0.000201,11445.00
16.750,2123.20,-67.39,0.084466,105.00,344.489929,3445.75,0.000018,6125.00
16.800,1076.25,-73.16,0.095480,105.00,272.505890,1944.88,0.000003,1000.00
16.850,1228.39,-73.22,0.066590,100.00,293.369720,2319.18,0.000005,1585.00
16.900,2719.58,-69.13,0.036524,100.00,276.484222,3654.20,0.000042,6855.00
16.950,2302.37,-67.47,0.068215,100.00,253.231674,3155.31,0.000024,4515.00
17.000,2168.59,-67.52,0.085771,100.00,211.861801,2853.70,0.000015,3795.00
17.050,1937.02,-68.51,0.082627,95.00,296.310730,2764.23,0.000012,3405.00
17.100,4210.20,-64.00,0.073583,95.00,186.560455,4106.92,0.000039,9045.00
17.150,6220.92,-63.32,0.043201,90.00,265.360565,3816.51,0.000134,10075.00
17.200,4737.04,-64.03,0.030729,410.00,195.223083,3967.13,0.000237,9000.00
17.250,2577.15,-64.99,0.060498,105.00,225.598572,3352.94,0.000063,5770.00
17.300,2277.01,-67.34,0.053111,100.00,157.608688,3162.38,0.000042,4525.00
17.350,2115.17,-66.91,0.066910,105.00,195.258759,2900.76,0.000032,3340.00
17.400,2120.63,-66.62,0.060229,105.00,181.454071,2906.85,0.000043,3720.00
17.450,1797.61,-69.04,0.063509,85.00,283.079468,2712.55,0.000022,3210.00
17.500,1490.88,-71.48,0.064081,80.00,170.716080,2152.38,0.000011,2500.00
17.550,1537.37,-72.10,0.050477,80.00,196.937332,2390.06,0.000013,2405.00
17.600,1921.07,-70.86,0.042649,80.00,135.418655,2795.94,0.000021,3260.00
17.650,3645.51,-67.94,0.028051,85.00,139.108276,3577.22,0.000082,7200.00
17.700,3432.69,-67.78,0.033007,105.00,183.197250,3801.07,0.000067,7675.00
17.750,1812.61,-70.20,0.080060,100.00,326.333801,3172.63,0.000007,4935.00
17.800,3756.75,-64.86,0.081839,95.00,163.202042,4112.00,0.000030,8645.00
17.850,3777.96,-62.81,0.082270,100.00,301.010498,3959.20,0.000053,8495.00
17.900,3126.97,-63.42,0.088809,100.00,135.655228,3939.92,0.000037,8010.00
17.950,4604.54,-63.78,0.040617,100.00,359.200500,4425.93,0.000135,10130.00
18.000,2775.59,-65.68,0.050219,90.00,163.305939,3697.17,0.000068,7015.00
18.050,1818.69,-69.85,0.049651,75.00,121.235527,2880.75,0.000024,3190.00
18.100,1685.89,-72.92,0.036397,75.00,172.186722,2559.31,0.000016,2745.00
18.150,1822.38,-73.32,0.028355,75.00,97.398865,2884.85,0.000021,2780.00
18.200,4856.39,-69.88,0.015441,70.00,109.949928,4485.75,0.000173,10240.00
18.250,7734.79,-63.34,0.023571,100.00,129.833939,3271.31,0.000471,11160.00
18.300,7397.89,-62.75,0.024748,6405.00,37.586578,3319.21,0.000481,10950.00
18.350,6054.32,-67.22,0.009532,95.00,112.110107,3859.01,0.000764,10420.00
18.400,3442.12,-68.90,0.016336,110.00,81.105179,3758.95,0.000198,7760.00
18.450,2036.63,-72.65,0.023089,110.00,68.001488,2883.45,0.000040,3325.00
18.500,2678.51,-73.36,0.019955,115.00,72.399017,3998.05,0.000040,7330.00
18.550,6359.06,-71.38,0.010141,85.00,73.748474,5312.73,0.000242,12940.00
18.600,7077.08,-72.61,0.004240,115.00,48.940487,5049.56,0.001007,12990.00
18.650,2271.48,-74.90,0.013818,125.00,69.974251,3258.28,0.000051,3990.00
18.700,1617.41,-75.26,0.020489,115.00,52.955387,2763.51,0.000020,2930.00
18.750,1631.72,-77.01,0.013431,115.00,60.543442,2959.07,0.000018,2525.00
18.800,2174.04,-78.73,0.005394,85.00,59.191742,3650.24,0.000041,5545.00
18.850,3484.09,-78.39,0.002244,85.00,23.147949,3768.53,0.000309,8255.00
18.900,3797.40,-77.14,0.002872,100.00,10.357902,3356.49,0.000352,7770.00
18.950,3783.86,-76.30,0.003376,100.00,10.414527,3133.28,0.000344,7075.00
19.000,3758.83,-75.59,0.004311,1765.00,13.595410,3041.15,0.000293,6605.00
19.050,3631.02,-75.50,0.004738,1780.00,13.323782,2940.40,0.000242,5890.00
19.100,3627.07,-75.80,0.004324,100.00,14.463714,2921.66,0.000252,5560.00
19.150,3613.20,-75.72,0.004223,100.00,13.752125,2866.10,0.000262,5365.00
19.200,3712.07,-75.68,0.004155,100.00,12.554428,2894.67,0.000287,5475.00
19.250,3649.72,-76.11,0.003785,100.00,12.383773,2976.60,0.000290,5430.00
19.300,3610.23,-77.23,0.002602,100.00,11.439460,3154.89,0.000365,6000.00
19.350,3767.85,-78.65,0.001341,100.00,10.804537,3799.96,0.000744,8320.00
19.400,1853.61,-74.02,0.017017,95.00,100.165169,2531.53,0.000036,3460.00
19.450,1870.04,-70.09,0.045381,90.00,187.187531,2519.44,0.000027,3605.00
19.500,2229.22,-69.46,0.042504,85.00,100.442749,3046.67,0.000034,4450.00
19.550,1899.34,-69.60,0.044812,85.00,215.449417,2522.62,0.000035,3395.00
19.600,1532.90,-69.80,0.068117,90.00,255.502258,2064.71,0.000017,2830.00
19.650,1197.38,-71.23,0.111884,95.00,452.828217,1989.66,0.000004,2410.00
19.700,1364.09,-70.07,0.121326,95.00,219.527756,2477.58,0.000004,2435.00
19.750,2315.37,-65.06,0.080668,100.00,428.173187,3180.81,0.000041,4765.00
19.800,1944.99,-64.67,0.098290,85.00,354.474335,2703.26,0.000039,3615.00
19.850,1635.79,-68.05,0.099520,85.00,329.314362,2242.20,0.000015,2585.00
19.900,1233.19,-71.96,0.073264,90.00,320.429077,1911.52,0.000007,2285.00
19.950,2003.66,-70.46,0.065560,90.00,299.355194,3209.78,0.000011,5460.00
20.000,3679.31,-66.08,0.042669,95.00,193.186203,4094.17,0.000072,8780.00
20.050,2302.51,-66.25,0.058563,95.00,214.613098,3315.95,0.000050,5880.00
20.100,1360.70,-70.52,0.070274,95.00,167.405731,2123.69,0.000012,2485.00
20.150,1754.19,-69.11,0.055382,90.00,221.189056,2461.28,0.000030,3050.00
20.200,1998.61,-67.31,0.058778,90.00,173.120300,2708.56,0.000044,3615.00
20.250,1942.77,-69.58,0.044835,90.00,161.709854,2795.68,0.000034,3665.00
20.300,3130.48,-69.76,0.020672,90.00,205.160706,3511.49,0.000101,6925.00
20.350,2525.05,-64.87,0.084875,115.00,442.042328,3351.24,0.000034,5790.00
20.400,2110.75,-65.22,0.118553,110.00,296.527069,3387.80,0.000018,4075.00
20.450,3117.49,-63.83,0.092318,105.00,416.269226,4267.39,0.000038,8765.00
20.500,3236.08,-61.19,0.125188,135.00,498.098633,3933.07,0.000042,7940.00
20.550,6240.06,-56.99,0.099160,140.00,422.205658,4234.89,0.000182,11065.00
20.600,8129.92,-56.87,0.070571,145.00,455.534332,3289.59,0.000383,11580.00
20.650,7768.69,-60.11,0.043352,160.00,232.092789,3648.29,0.000373,11495.00
20.700,2186.43,-66.91,0.104155,150.00,576.236145,3556.74,0.000013,6480.00
20.750,2304.74,-64.96,0.147512,145.00,404.148224,3648.87,0.000011,6815.00
20.800,5294.86,-59.32,0.097439,135.00,566.580872,4424.34,0.000105,10685.00
20.850,4249.51,-58.49,0.124172,260.00,407.891174,4226.97,0.000089,9735.00
20.900,1901.35,-65.04,0.135409,120.00,464.186340,2988.36,0.000014,3855.00
20.950,1048.37,-73.27,0.098901,115.00,522.270630,2193.55,0.000002,1665.00
21.000,1332.96,-70.57,0.070708,115.00,400.096985,2364.46,0.000013,1790.00
21.050,1425.19,-68.88,0.075249,115.00,181.540710,2378.30,0.000019,2140.00
21.100,1694.45,-68.28,0.066589,95.00,322.907288,2557.72,0.000028,2470.00
21.150,1739.97,-67.91,0.085950,95.00,262.470245,2556.58,0.000020,2470.00
21.200,3217.97,-64.05,0.064491,95.00,224.194229,3982.68,0.000076,8590.00
21.250,7299.69,-61.04,0.035082,95.00,307.284851,4182.07,0.000421,11570.00
21.300,6827.22,-61.93,0.039048,110.00,161.177673,4463.67,0.000264,11550.00
21.350,2352.69,-67.29,0.072524,100.00,301.522705,3697.92,0.000023,6815.00
21.400,1624.90,-68.94,0.069508,95.00,220.911728,2654.81,0.000019,2440.00
21.450,1907.56,-68.04,0.056645,85.00,295.952728,2611.29,0.000036,3375.00
21.500,1957.41,-67.89,0.057896,665.00,197.258667,2590.05,0.000037,3255.00
21.550,2268.03,-66.23,0.058978,85.00,185.651505,3120.89,0.000055,4305.00
21.600,6494.93,-60.92,0.039501,85.00,247.598953,4496.73,0.000352,11505.00
21.650,8375.79,-58.32,0.049079,10870.00,234.544052,3354.89,0.000501,12065.00
21.700,8060.32,-56.79,0.047965,12375.00,143.838913,3788.08,0.000764,12315.00
21.750,7091.94,-57.70,0.043998,140.00,221.142731,4646.53,0.000710,12355.00
21.800,3853.31,-61.03,0.111170,270.00,549.484680,4606.06,0.000059,10700.00
21.850,1833.55,-65.99,0.160149,140.00,415.332611,3034.87,0.000009,3115.00
21.900,1654.91,-68.34,0.137411,140.00,494.095490,3069.42,0.000005,2515.00
21.950,4903.99,-63.59,0.066230,140.00,507.839508,5085.52,0.000059,11770.00
22.000,7787.74,-62.16,0.020790,115.00,356.426422,4592.85,0.000753,12590.00
22.050,8235.10,-66.30,0.009880,140.00,81.482040,4201.63,0.001062,12510.00
22.100,7434.39,-62.87,0.024747,115.00,122.673691,3688.24,0.000530,11165.00
22.150,5370.51,-59.52,0.061250,110.00,287.598297,4262.86,0.000248,10580.00
22.200,2846.07,-63.64,0.080092,100.00,258.149139,3559.77,0.000051,6850.00
22.250,2724.12,-67.66,0.047675,95.00,279.276459,3517.47,0.000042,6555.00
22.300,4298.84,-70.69,0.013035,85.00,232.621429,3976.36,0.000190,9215.00
22.350,1853.44,-70.14,0.048248,105.00,257.956787,2876.92,0.000022,3565.00
22.400,1589.66,-68.35,0.088100,95.00,278.998627,2694.86,0.000013,2630.00
22.450,1198.86,-71.08,0.083950,90.00,306.928558,2340.16,0.000008,1960.00
22.500,1200.89,-71.17,0.087788,90.00,253.073105,2168.26,0.000007,1800.00
22.550,1905.76,-69.47,0.063935,90.00,207.420364,3065.15,0.000016,4465.00
22.600,5246.55,-67.00,0.021116,85.00,301.026062,4080.44,0.000176,10045.00
22.650,6097.74,-64.42,0.017208,90.00,104.681885,3675.40,0.000513,10390.00
22.700,3083.31,-65.62,0.058584,110.00,318.176147,3583.40,0.000044,7280.00
22.750,1864.33,-68.61,0.094396,105.00,269.115997,2760.96,0.000009,3480.00
22.800,2002.80,-68.04,0.078754,95.00,312.652863,3025.40,0.000015,4515.00
22.850,1831.30,-68.34,0.098163,95.00,410.278290,2972.57,0.000010,3925.00
22.900,1410.48,-70.14,0.126885,185.00,256.664703,2527.05,0.000004,2585.00
22.950,1267.08,-70.54,0.108687,90.00,290.848541,2269.14,0.000005,2515.00
23.000,1660.90,-67.00,0.100513,90.00,360.677856,2610.12,0.000017,2750.00
23.050,1783.16,-67.90,0.091931,90.00,202.879242,2833.57,0.000015,3125.00
23.100,1870.62,-69.13,0.056152,85.00,336.463074,2947.43,0.000022,3555.00
23.150,1777.63,-67.11,0.085956,100.00,309.746063,2708.41,0.000019,3240.00
23.200,1695.42,-69.99,0.061351,95.00,204.100372,2685.88,0.000014,3060.00
23.250,4725.40,-66.43,0.020917,90.00,290.764343,3971.06,0.000216,9215.00
23.300,3918.29,-63.85,0.049986,130.00,238.275391,3952.01,0.000099,8425.00
23.350,2029.01,-66.70,0.111776,130.00,439.621277,3121.18,0.000012,4845.00
23.400,1565.90,-69.69,0.103597,130.00,180.757980,2635.06,0.000006,2495.00
23.450,2030.05,-68.95,0.056153,265.00,421.408844,2860.03,0.000021,4240.00
23.500,1646.90,-67.38,0.099008,140.00,312.980103,2443.40,0.000013,3100.00
23.550,2020.81,-67.73,0.075592,115.00,263.797089,3251.69,0.000020,3595.00
23.600,5133.37,-65.39,0.030862,110.00,343.307068,4885.04,0.000164,11290.00
23.650,2887.72,-65.39,0.067944,100.00,312.180206,4059.70,0.000045,8570.00
23.700,1445.72,-70.05,0.095093,100.00,266.300110,2505.60,0.000008,1540.00
23.750,1189.54,-71.43,0.094301,100.00,262.392487,2033.17,0.000006,1085.00
23.800,1184.21,-72.25,0.071834,100.00,345.706177,2048.46,0.000007,2290.00
23.850,1131.89,-71.57,0.112523,105.00,377.681610,1928.94,0.000004,2460.00
23.900,1025.28,-72.66,0.105150,100.00,304.375854,1863.50,0.000003,2380.00
23.950,1030.58,-75.56,0.045674,95.00,423.616577,2095.29,0.000003,2270.00
24.000,3046.82,-74.76,0.007968,100.00,250.882050,3157.12,0.000115,6365.00
24.050,3493.10,-73.82,0.006847,1445.00,35.285164,3043.32,0.000198,6870.00
24.100,3299.65,-74.49,0.006411,1480.00,20.312300,2917.13,0.000180,5610.00
24.150,3245.86,-75.63,0.004542,1480.00,19.501106,2857.45,0.000211,5165.00
24.200,3186.28,-77.12,0.002746,100.00,16.013794,3045.11,0.000306,5540.00
24.250,3219.59,-78.61,0.002071,100.00,11.148543,3695.08,0.000313,7665.00
24.300,2588.34,-78.94,0.003277,100.00,16.245173,3973.06,0.000117,7770.00
24.350,885.21,-77.66,0.035522,110.00,205.621735,2263.14,0.000003,670.00
24.400,1017.98,-73.76,0.071883,105.00,256.470428,1980.28,0.000003,1125.00
24.450,1433.75,-71.03,0.065879,105.00,183.156937,2392.48,0.000011,2350.00
24.500,2041.80,-70.15,0.040480,100.00,274.532959,3056.14,0.000031,3830.00
24.550,2857.69,-65.74,0.060010,95.00,229.397888,3497.01,0.000048,6975.00
24.600,5585.65,-60.19,0.061103,95.00,200.314102,4102.90,0.000197,10190.00
24.650,7292.93,-59.90,0.040730,90.00,238.636124,3666.21,0.000456,11180.00
24.700,4915.16,-62.17,0.057098,100.00,313.618774,4539.51,0.000123,10525.00
24.750,1500.77,-68.93,0.104026,100.00,369.217041,2368.28,0.000009,2415.00
24.800,1651.93,-69.30,0.093779,95.00,317.853058,2320.82,0.000010,2810.00
24.850,2068.37,-68.66,0.059413,90.00,341.401001,2917.70,0.000026,3855.00
24.900,2014.71,-67.31,0.075459,90.00,204.344910,2859.20,0.000026,3745.00
24.950,2198.25,-67.74,0.068846,85.00,205.760254,2965.32,0.000023,4545.00
25.000,3623.74,-65.20,0.045094,85.00,213.937057,3455.70,0.000087,6930.00
25.050,4395.96,-67.22,0.017830,90.00,196.957382,3559.75,0.000261,8145.00
25.100,5582.53,-66.46,0.012092,95.00,82.968155,4195.83,0.000639,10400.00
25.150,4948.96,-60.57,0.041716,90.00,199.119492,4209.50,0.000348,10075.00
25.200,3554.43,-61.61,0.064181,90.00,196.402618,3877.53,0.000126,7990.00
25.250,2920.90,-66.59,0.049173,85.00,192.412018,3558.25,0.000050,6555.00
25.300,2487.95,-68.55,0.049468,90.00,216.979401,3616.39,0.000031,5375.00
25.350,1853.44,-69.19,0.086851,95.00,274.649170,3219.48,0.000010,4605.00
25.400,4581.57,-62.92,0.067392,90.00,246.405746,4155.30,0.000076,9380.00
25.450,3824.40,-62.10,0.075160,90.00,157.602509,3945.60,0.000085,8785.00
25.500,1820.36,-68.93,0.068528,90.00,146.242508,2916.13,0.000018,3870.00
25.550,2121.38,-69.30,0.041831,85.00,266.245850,3203.83,0.000041,4515.00
25.600,1655.59,-67.49,0.084594,85.00,324.203918,2642.48,0.000023,2520.00
25.650,1429.27,-69.61,0.092926,85.00,238.357849,2271.66,0.000011,1790.00
25.700,3011.05,-66.70,0.058457,85.00,288.426361,4305.69,0.000042,9330.00
25.750,5970.86,-64.57,0.025953,80.00,255.358551,5029.83,0.000252,12100.00
25.800,3152.45,-66.13,0.046904,90.00,178.097427,4265.20,0.000072,9010.00
25.850,1144.24,-73.07,0.067502,85.00,203.795502,2264.78,0.000006,1175.00
25.900,943.16,-75.24,0.070624,85.00,167.060699,2131.77,0.000002,1150.00
25.950,1430.34,-70.84,0.078144,85.00,213.891037,2669.56,0.000008,2450.00
26.000,1960.08,-66.61,0.084154,85.00,192.700012,2989.28,0.000025,3675.00
26.050,2092.83,-65.97,0.082693,85.00,232.826904,3031.98,0.000032,3610.00
26.100,2033.71,-67.91,0.060195,85.00,240.844131,2933.21,0.000032,3570.00
26.150,1977.75,-69.83,0.041325,90.00,237.711136,2779.48,0.000039,3250.00
26.200,1983.53,-67.11,0.067595,90.00,246.895706,2791.63,0.000037,3045.00
26.250,2119.98,-65.71,0.087718,85.00,281.940125,3087.20,0.000031,3725.00
26.300,3772.52,-62.79,0.078217,85.00,241.081223,4327.03,0.000063,9350.00
26.350,7769.34,-58.60,0.066199,85.00,409.531769,3709.04,0.000270,11295.00
26.400,8603.25,-57.22,0.086399,7900.00,313.653107,2801.61,0.000267,11380.00
26.450,8529.68,-57.75,0.074451,7895.00,238.281967,2777.72,0.000298,11375.00
26.500,8085.45,-60.27,0.043625,7260.00,259.052704,2952.62,0.000362,11265.00
26.550,7498.65,-66.60,0.014323,8190.00,197.123917,3119.66,0.000442,10935.00
26.600,5590.97,-77.63,0.002000,100.00,83.696701,4134.75,0.000872,10355.00
26.650,5661.43,-79.28,0.001590,100.00,7.002124,4810.78,0.000668,11525.00
26.700,8594.22,-67.25,0.013904,7275.00,83.997597,3086.73,0.000411,11455.00
26.750,8356.76,-59.59,0.042362,8085.00,185.634750,3210.33,0.000468,11595.00
26.800,7160.49,-58.56,0.043117,115.00,131.009567,4031.18,0.000560,11455.00
26.850,2725.93,-63.57,0.073998,100.00,386.632904,3675.27,0.000069,7135.00
26.900,1626.81,-67.35,0.093561,95.00,264.538879,2450.11,0.000020,2590.00
26.950,2016.77,-67.97,0.075333,90.00,326.587738,2915.09,0.000021,3280.00
27.000,2082.37,-71.51,0.053332,90.00,234.671875,3280.08,0.000012,3620.00
27.050,1554.96,-73.71,0.050102,125.00,302.565735,3187.48,0.000008,2445.00
27.100,1332.01,-72.06,0.097705,120.00,384.540527,2838.91,0.000004,2000.00
27.150,1166.94,-72.41,0.107735,115.00,369.074677,2557.02,0.000003,1810.00
27.200,1439.40,-71.50,0.070763,100.00,381.046448,2581.76,0.000007,2620.00
27.250,1842.17,-70.94,0.038872,100.00,311.587555,2692.13,0.000025,3355.00
27.300,2047.76,-73.73,0.019980,80.00,143.526855,2992.14,0.000032,4245.00
27.350,3161.84,-74.64,0.007692,80.00,85.323952,3583.20,0.000143,7210.00
27.400,4095.78,-72.10,0.006377,100.00,34.898087,3553.27,0.000425,7970.00
27.450,4253.55,-74.40,0.004119,100.00,18.041874,3669.21,0.000517,8245.00
27.500,4187.93,-78.99,0.002733,100.00,17.894142,4518.59,0.000232,10240.00
27.550,4555.74,-79.61,0.001701,100.00,8.160934,4817.14,0.000333,10965.00
27.600,4531.66,-79.77,0.001677,100.00,4.956710,4903.44,0.000220,11165.00
27.650,3957.53,-79.77,0.001916,100.00,4.806602,4878.35,0.000120,10830.00
27.700,4224.26,-79.79,0.001711,100.00,3.513008,4987.87,0.000151,11210.00
27.750,5008.96,-79.79,0.001427,100.00,3.315584,4961.45,0.000315,11645.00
27.800,5402.30,-79.79,0.001093,100.00,3.543566,4870.22,0.000559,11700.00
27.850,6306.14,-79.41,0.001079,100.00,3.881011,4583.78,0.001116,11875.00
27.900,6500.00,-78.93,0.001276,100.00,3.565521,4426.11,0.001166,11910.00
27.950,6397.34,-78.44,0.001502,100.00,3.923976,4241.24,0.001087,11655.00
28.000,6440.82,-77.62,0.001686,100.00,4.460713,3959.82,0.001176,11265.00
28.050,6238.04,-77.85,0.001524,100.00,4.192633,3976.10,0.001288,10940.00
28.100,5946.48,-78.90,0.001165,100.00,4.573530,4163.39,0.001261,10900.00
28.150,5337.50,-79.66,0.001111,100.00,4.409590,4581.64,0.000695,11055.00
28.200,4510.59,-79.80,0.001552,100.00,5.005077,4932.45,0.000202,11060.00
28.250,2813.49,-79.26,0.001956,100.00,8.664691,4102.53,0.000147,8020.00
28.300,1839.99,-78.57,0.005404,685.00,25.431087,2954.26,0.000025,2580.00
28.350,1660.31,-78.56,0.008134,685.00,20.250977,2647.67,0.000010,2410.00
28.400,2012.64,-78.84,0.006001,685.00,19.299921,3248.89,0.000021,2960.00
28.450,2880.87,-79.16,0.002732,685.00,23.431351,4160.97,0.000102,8545.00
28.500,3304.23,-79.52,0.001521,175.00,10.210642,4418.23,0.000186,9465.00
28.550,2979.70,-79.68,0.000854,680.00,5.495302,4140.99,0.000255,8385.00
28.600,2972.45,-79.75,0.000554,680.00,2.900787,4007.96,0.000445,7980.00
28.650,3591.33,-79.12,0.002076,125.00,10.918957,4006.73,0.000207,8560.00
28.700,5291.26,-70.12,0.016964,115.00,95.309906,4069.16,0.000115,9405.00
28.750,5872.84,-63.94,0.034897,110.00,129.238541,3807.04,0.000158,9530.00
28.800,4749.25,-61.16,0.061339,150.00,263.040375,3567.87,0.000120,8165.00
28.850,3823.95,-62.64,0.082485,165.00,290.454132,2939.21,0.000052,6960.00
28.900,3642.99,-65.53,0.069508,165.00,249.988403,2487.04,0.000033,6230.00
28.950,4054.70,-62.05,0.070808,165.00,311.239441,2478.36,0.000088,6495.00
29.000,4281.94,-60.29,0.084841,3020.00,288.915527,2351.65,0.000106,6445.00
29.050,3494.10,-61.32,0.076455,155.00,326.217926,2559.65,0.000098,5650.00
29.100,1962.11,-66.81,0.094545,150.00,444.067108,2354.23,0.000015,4090.00
29.150,1424.90,-71.84,0.087625,145.00,324.925781,1971.62,0.000003,2925.00
29.200,1354.56,-73.75,0.069109,145.00,295.237213,2073.38,0.000002,3085.00
29.250,1098.52,-74.63,0.065568,150.00,275.000824,1894.28,0.000002,2100.00
29.300,1565.45,-71.77,0.073794,155.00,338.241089,2181.41,0.000004,3000.00
29.350,1853.45,-70.55,0.065292,160.00,146.116104,2370.68,0.000008,3455.00
29.400,3895.65,-68.92,0.024264,160.00,278.088226,3681.15,0.000086,7870.00
29.450,6067.18,-65.90,0.022253,225.00,149.964005,3153.04,0.000250,8700.00
29.500,3705.39,-64.71,0.049787,220.00,241.254837,3348.76,0.000082,7485.00
29.550,1891.70,-67.86,0.081741,465.00,301.564484,2417.65,0.000016,3730.00
29.600,1469.93,-70.89,0.077860,490.00,290.749298,1999.42,0.000007,3035.00
29.650,1485.18,-71.20,0.071639,490.00,264.315033,2026.39,0.000007,3055.00
29.700,1738.83,-71.02,0.048811,205.00,244.947128,2307.11,0.000013,3570.00
29.750,2586.66,-68.52,0.043938,205.00,254.151199,2647.70,0.000030,5545.00
29.800,2591.94,-67.69,0.058275,205.00,145.358337,2545.46,0.000023,5300.00
29.850,2490.24,-69.79,0.047912,205.00,174.094070,2602.65,0.000016,4615.00
29.900,1986.76,-73.34,0.037673,210.00,178.582932,2577.39,0.000007,4095.00
29.950,2900.93,-72.26,0.031648,215.00,123.465042,2714.33,0.000012,5585.00
30.000,2678.00,-69.84,0.037853,210.00,127.563774,2495.63,0.000021,4835.00
30.050,2116.64,-69.74,0.040901,210.00,129.736404,2410.09,0.000028,3900.00
30.100,1742.21,-70.01,0.053892,570.00,242.083847,2150.92,0.000019,3385.00
30.150,1721.62,-70.42,0.054875,575.00,132.563354,2099.19,0.000015,3385.00
30.200,2046.09,-69.85,0.041722,700.00,228.894470,2218.51,0.000029,3795.00
30.250,2016.65,-68.36,0.064659,110.00,262.965576,2166.63,0.000022,3785.00
30.300,2099.45,-67.74,0.070883,110.00,219.714218,2503.73,0.000019,4060.00
30.350,3631.47,-64.85,0.049636,260.00,249.907394,3312.23,0.000080,7470.00
30.400,2709.61,-64.15,0.075485,130.00,305.400299,2894.16,0.000054,6130.00
30.450,1656.78,-68.19,0.080902,130.00,238.463043,2061.46,0.000018,3150.00
30.500,1568.15,-70.22,0.065734,115.00,334.873627,2157.25,0.000012,2875.00
30.550,1677.99,-67.77,0.084648,120.00,269.437164,2253.27,0.000017,2835.00
30.600,1996.90,-65.62,0.081342,120.00,258.416260,2368.58,0.000034,3305.00
30.650,2362.58,-66.65,0.056735,185.00,331.360870,2753.84,0.000043,4315.00
30.700,2371.46,-69.14,0.042647,180.00,237.001450,3183.19,0.000031,6210.00
30.750,1826.81,-71.33,0.038515,175.00,164.180618,2416.32,0.000021,3185.00
30.800,1819.68,-73.04,0.024677,695.00,128.408722,2222.38,0.000020,3200.00
30.850,3729.16,-69.35,0.015076,545.00,114.652168,3421.42,0.000172,7620.00
30.900,5120.40,-66.62,0.015891,550.00,57.390526,3499.25,0.000334,8760.00
30.950,5488.65,-68.35,0.011213,170.00,53.053345,3288.26,0.000388,8565.00
31.000,4323.38,-72.61,0.008210,170.00,50.293102,3366.66,0.000202,7990.00
31.050,1849.98,-76.34,0.012535,175.00,49.333405,2532.40,0.000019,3510.00
31.100,1381.08,-74.96,0.025538,200.00,121.900261,2154.66,0.000009,2790.00
31.150,1757.04,-70.09,0.053139,200.00,214.594650,2330.01,0.000015,3215.00
31.200,2412.85,-66.36,0.054957,200.00,111.646103,3200.87,0.000049,4720.00
31.250,4121.68,-64.71,0.028717,100.00,219.990494,4260.45,0.000205,10070.00
31.300,3652.97,-65.30,0.047012,230.00,240.306992,3683.25,0.000068,7795.00
31.350,4114.00,-63.76,0.064579,230.00,179.013474,3309.00,0.000063,7565.00
31.400,5490.51,-61.06,0.057970,110.00,281.140228,2958.67,0.000179,7985.00
31.450,4468.49,-62.55,0.062573,225.00,227.454224,3315.20,0.000103,7675.00
31.500,1356.88,-68.83,0.109344,220.00,462.340485,2117.53,0.000007,2585.00
31.550,1180.58,-70.51,0.111097,495.00,379.140320,1718.15,0.000004,1370.00
31.600,1485.73,-71.50,0.054214,495.00,424.784332,1998.74,0.000009,2825.00
31.650,2360.33,-70.15,0.029514,230.00,295.451630,2575.51,0.000037,4680.00
31.700,1984.25,-68.19,0.071658,225.00,310.173859,2328.90,0.000019,3605.00
31.750,2041.79,-67.61,0.085334,560.00,224.952408,2297.47,0.000017,3605.00
31.800,2114.62,-69.99,0.045014,555.00,288.735229,2390.45,0.000024,3675.00
31.850,2730.20,-72.57,0.014363,115.00,238.819626,3475.93,0.000091,6725.00
31.900,2098.09,-72.21,0.028740,120.00,116.536781,3115.94,0.000028,5655.00
31.950,1787.00,-72.47,0.036776,120.00,122.199684,2838.52,0.000016,3970.00
32.000,2337.68,-71.54,0.032315,110.00,124.810692,2933.57,0.000021,5660.00
32.050,3694.07,-69.77,0.019557,215.00,114.822090,3054.27,0.000086,6990.00
32.100,2843.98,-70.31,0.027303,210.00,112.719208,2850.12,0.000038,6345.00
32.150,2179.70,-70.26,0.038851,205.00,131.688797,2481.95,0.000021,4325.00
32.200,1901.46,-72.37,0.025738,455.00,114.897247,2359.71,0.000022,3645.00
32.250,2178.84,-72.16,0.019179,100.00,135.338120,2630.72,0.000047,4490.00
32.300,1886.26,-69.23,0.056894,800.00,256.836731,2162.43,0.000019,3530.00
32.350,1829.11,-67.94,0.092901,800.00,322.466492,2024.93,0.000014,3300.00
32.400,1723.71,-68.44,0.090324,700.00,260.950012,1981.54,0.000013,3320.00
32.450,1751.95,-70.91,0.051876,475.00,344.130859,2145.87,0.000013,3630.00
32.500,2265.53,-73.29,0.017249,120.00,250.817612,2756.96,0.000039,4910.00
32.550,2065.60,-70.58,0.035792,135.00,177.096786,2491.18,0.000024,3965.00
32.600,1934.29,-68.28,0.064070,130.00,239.126587,2218.33,0.000019,3580.00
32.650,1828.22,-69.08,0.073364,120.00,274.579468,1983.43,0.000013,3395.00
32.700,1679.99,-71.52,0.050422,115.00,225.201141,1846.86,0.000010,3290.00
32.750,1796.20,-74.06,0.016243,110.00,237.536774,2115.46,0.000023,3480.00
32.800,2227.99,-74.84,0.009895,210.00,71.618950,2521.37,0.000046,4245.00
32.850,1866.13,-75.54,0.018468,665.00,81.037994,2235.78,0.000011,3330.00
32.900,1647.17,-76.86,0.022678,665.00,50.968929,2088.41,0.000004,2860.00
32.950,1413.67,-77.67,0.016901,215.00,75.721222,2108.68,0.000004,2575.00
33.000,1589.11,-74.40,0.019003,215.00,102.163483,2016.66,0.000017,2715.00
33.050,1653.54,-70.89,0.053619,695.00,255.676773,1853.32,0.000012,3040.00
33.100,1666.80,-70.34,0.069089,695.00,159.039505,1816.57,0.000009,3260.00
33.150,1440.10,-72.66,0.043221,125.00,266.471466,1801.17,0.000008,2950.00
33.200,1212.52,-74.48,0.049503,265.00,238.455811,2065.10,0.000003,2485.00
33.250,1734.17,-71.43,0.047222,265.00,198.454285,2273.87,0.000010,3815.00
33.300,2026.10,-68.84,0.063031,345.00,274.655273,2281.02,0.000016,3910.00
33.350,1960.81,-68.59,0.074497,235.00,193.087906,2326.67,0.000014,3715.00
33.400,1932.80,-68.20,0.082523,235.00,282.675262,2272.12,0.000015,3495.00
33.450,2016.73,-67.82,0.086406,710.00,266.610352,2098.07,0.000015,3420.00
33.500,1867.64,-69.53,0.063242,710.00,290.402954,2021.41,0.000012,3355.00
33.550,2029.07,-70.77,0.046266,255.00,285.997192,2640.86,0.000015,4230.00
33.600,4465.30,-65.97,0.032644,130.00,151.856262,3486.12,0.000118,7880.00
33.650,5551.25,-64.79,0.023948,3465.00,157.411545,3020.71,0.000292,8065.00
33.700,5585.24,-67.52,0.016610,3150.00,69.260963,2826.86,0.000246,7895.00
33.750,4189.02,-72.03,0.008338,265.00,80.257736,3191.37,0.000233,7545.00
33.800,2566.63,-70.60,0.033509,245.00,172.375732,2530.17,0.000026,4480.00
33.850,2583.21,-70.43,0.048451,245.00,129.017914,2406.47,0.000015,4255.00
33.900,2097.90,-72.94,0.040180,245.00,116.522942,2406.44,0.000008,3755.00
33.950,1676.93,-75.42,0.023529,250.00,144.256973,2583.92,0.000009,4370.00
34.000,2702.23,-72.01,0.033412,135.00,169.234894,2636.50,0.000014,5615.00
34.050,2600.91,-69.04,0.058257,135.00,187.829559,2502.33,0.000015,5475.00
34.100,2318.30,-68.36,0.050223,130.00,180.604065,2575.88,0.000030,4900.00
34.150,1984.48,-67.95,0.062435,575.00,332.319031,2302.40,0.000029,3600.00
34.200,1842.93,-68.58,0.083799,755.00,263.746429,2024.59,0.000015,3410.00
34.250,1787.12,-69.81,0.068515,750.00,223.780884,1947.74,0.000013,3480.00
34.300,1522.31,-71.98,0.048050,195.00,285.941071,1930.14,0.000010,3115.00
34.350,2452.32,-70.14,0.035845,195.00,164.475922,3463.14,0.000032,6630.00
34.400,3876.95,-66.73,0.021572,120.00,156.061478,3924.08,0.000201,8160.00
34.450,2277.35,-67.74,0.050029,125.00,234.593735,3027.95,0.000037,5135.00
34.500,1506.31,-70.76,0.070524,125.00,214.826096,2045.80,0.000008,3160.00
34.550,1643.77,-68.99,0.080031,220.00,287.666443,2064.33,0.000012,3285.00
34.600,1645.36,-68.38,0.085911,710.00,306.052063,1945.64,0.000013,2990.00
34.650,2398.16,-67.12,0.048937,710.00,287.090302,2916.82,0.000048,6350.00
34.700,5741.58,-66.33,0.021538,70.00,258.646912,3452.10,0.000230,8400.00
34.750,5916.52,-67.21,0.019920,95.00,70.913559,3364.39,0.000228,8340.00
34.800,2950.81,-71.22,0.026236,70.00,127.581985,3588.03,0.000044,7535.00
34.850,1037.71,-76.26,0.034420,260.00,126.464806,1754.90,0.000003,1650.00
34.900,1285.98,-75.66,0.036028,255.00,112.211037,1676.41,0.000002,2175.00
34.950,1264.03,-75.19,0.031295,255.00,106.367699,1695.34,0.000004,2240.00
35.000,1289.55,-75.06,0.032821,690.00,138.042007,1687.56,0.000004,2220.00
35.050,1353.11,-74.97,0.037920,690.00,94.826530,1633.27,0.000003,2355.00
35.100,1400.01,-75.28,0.024217,210.00,138.762070,1998.12,0.000008,2540.00
35.150,2235.82,-74.29,0.020871,70.00,113.354904,2922.08,0.000018,5505.00
35.200,2467.15,-74.10,0.018624,70.00,67.178024,3032.19,0.000024,5915.00
35.250,1640.67,-75.51,0.022472,225.00,79.799713,2527.02,0.000009,4055.00
35.300,1268.73,-77.05,0.020425,225.00,56.519417,2256.54,0.000005,2615.00
35.350,1302.27,-77.64,0.012323,90.00,71.858635,2424.34,0.000010,2475.00
35.400,1335.99,-76.00,0.017337,600.00,71.798271,2035.89,0.000010,2625.00
35.450,1628.53,-71.18,0.046264,510.00,218.927002,2187.90,0.000016,3145.00
35.500,3626.70,-62.31,0.070761,505.00,228.726990,3459.87,0.000090,7495.00
35.550,5338.91,-60.56,0.060677,100.00,263.862610,3401.73,0.000177,8260.00
35.600,4539.96,-61.19,0.052256,210.00,218.726746,3455.28,0.000197,8045.00
35.650,2435.39,-63.86,0.087458,495.00,340.668945,2680.57,0.000045,5015.00
35.700,1729.08,-68.54,0.073864,495.00,210.789383,2102.27,0.000016,3600.00
35.750,1653.83,-68.91,0.071209,520.00,268.357269,2113.48,0.000015,2965.00
35.800,1630.40,-68.93,0.082036,200.00,217.944916,2085.40,0.000011,2885.00
35.850,1582.49,-69.82,0.087343,200.00,318.726898,1970.83,0.000008,2880.00
35.900,1775.41,-67.98,0.094337,200.00,256.800140,2085.01,0.000013,3105.00
35.950,2088.05,-68.96,0.046860,200.00,331.115967,2633.68,0.000030,3495.00
36.000,2564.26,-73.20,0.019750,615.00,229.430801,3357.99,0.000036,6230.00
36.050,1775.43,-70.75,0.042881,205.00,212.519501,2131.26,0.000018,3500.00
36.100,1865.57,-68.28,0.081478,515.00,282.169617,2071.48,0.000013,3615.00
36.150,1869.84,-69.47,0.064137,515.00,188.368973,2063.31,0.000012,3595.00
36.200,1608.96,-73.52,0.022959,115.00,302.947113,2166.72,0.000016,3335.00
36.250,1162.66,-73.94,0.045712,225.00,200.882202,1916.36,0.000004,2370.00
36.300,1487.84,-72.55,0.047450,220.00,126.036880,2315.91,0.000007,3280.00
36.350,3572.04,-68.62,0.028399,200.00,195.258957,3075.19,0.000070,6780.00
36.400,2654.10,-67.33,0.049057,115.00,232.634689,2796.31,0.000040,6435.00
36.450,1766.11,-69.49,0.069468,115.00,192.727493,2217.95,0.000011,3430.00
36.500,2227.83,-69.26,0.039609,110.00,223.361908,2833.41,0.000034,4565.00
36.550,3204.77,-66.56,0.029890,120.00,184.755997,3307.51,0.000115,7150.00
36.600,2068.56,-66.70,0.070173,115.00,290.997437,2500.32,0.000027,3790.00
36.650,1710.13,-67.76,0.089860,120.00,259.431396,1965.34,0.000016,2755.00
36.700,2081.04,-66.49,0.086274,130.00,387.160034,2011.73,0.000022,3455.00
36.750,2366.06,-67.42,0.075062,135.00,330.813843,2071.18,0.000019,3655.00
36.800,2158.73,-71.38,0.038797,135.00,270.380768,2206.67,0.000014,3620.00
36.850,2134.30,-74.51,0.015070,580.00,201.334595,2593.59,0.000026,4295.00
36.900,2438.99,-74.09,0.014254,570.00,59.013977,2680.72,0.000034,5105.00
36.950,2218.48,-75.34,0.010498,180.00,50.202579,2624.90,0.000038,4320.00
37.000,2783.98,-76.25,0.006957,175.00,42.166485,3481.71,0.000097,6945.00
37.050,2006.76,-69.91,0.034414,140.00,194.718063,2837.38,0.000042,3935.00
37.100,1738.73,-67.89,0.069101,135.00,229.995758,2554.86,0.000025,2890.00
37.150,2803.62,-65.94,0.044813,130.00,191.015762,3648.75,0.000080,7450.00
37.200,3464.61,-66.02,0.032095,210.00,174.158508,3955.57,0.000122,8145.00
37.250,1751.36,-68.08,0.078931,510.00,350.797028,2527.04,0.000016,3200.00
37.300,1839.12,-67.91,0.102409,385.00,302.098389,2249.39,0.000010,3325.00
37.350,2001.35,-68.16,0.092442,130.00,291.496429,2325.71,0.000010,3560.00
37.400,1668.27,-70.88,0.062977,130.00,375.124908,2214.33,0.000008,3435.00
37.450,1708.21,-69.81,0.080894,135.00,238.251007,2522.14,0.000008,4465.00
37.500,3610.10,-65.04,0.064069,130.00,270.141876,3352.12,0.000050,7265.00
37.550,5065.74,-63.51,0.042122,115.00,289.519440,2879.01,0.000157,7600.00
37.600,3746.41,-65.30,0.051633,230.00,206.953644,2837.57,0.000064,6875.00
37.650,2369.10,-69.80,0.044840,110.00,154.912582,2502.67,0.000022,4330.00
37.700,2409.20,-69.46,0.039549,195.00,196.660294,2615.98,0.000031,4550.00
37.750,2467.20,-68.38,0.056712,200.00,188.937836,2643.19,0.000020,5300.00
37.800,2711.83,-68.60,0.044700,200.00,153.732651,3136.73,0.000031,6815.00
37.850,5924.54,-63.71,0.033582,255.00,239.766006,3237.91,0.000206,8550.00
37.900,5648.07,-60.94,0.053134,250.00,198.064163,3003.04,0.000212,8005.00
37.950,3721.44,-63.44,0.080080,240.00,372.189697,3355.42,0.000050,7255.00
38.000,1347.33,-71.23,0.107162,235.00,365.681030,2211.76,0.000003,2595.00
38.050,1510.32,-70.69,0.119107,235.00,267.057739,2149.15,0.000003,3095.00
38.100,2107.04,-68.22,0.117762,235.00,244.411987,2380.54,0.000007,3825.00
38.150,2258.87,-67.84,0.105830,230.00,180.458038,2427.54,0.000009,4640.00
38.200,1629.59,-70.57,0.098497,235.00,353.003784,2158.27,0.000003,2925.00
38.250,1609.65,-68.75,0.099151,120.00,409.197144,2106.33,0.000009,3305.00
38.300,1637.11,-68.31,0.087895,125.00,375.584564,1962.17,0.000015,2865.00
38.350,1661.64,-70.13,0.059560,685.00,352.348785,1949.12,0.000018,2725.00
38.400,1609.31,-70.00,0.067827,225.00,249.536362,1963.64,0.000012,2825.00
38.450,2958.76,-66.51,0.056978,110.00,256.821655,2587.30,0.000037,5415.00
38.500,4259.46,-63.67,0.052803,110.00,277.211884,2367.22,0.000102,6310.00
38.550,4474.59,-65.37,0.034647,5410.00,159.697189,2342.18,0.000121,6605.00
38.600,1779.09,-70.38,0.045711,620.00,302.600250,2198.02,0.000019,3520.00
38.650,1366.57,-70.63,0.072982,200.00,218.850754,1746.42,0.000010,2295.00
38.700,1420.19,-71.47,0.061783,195.00,258.484161,1912.71,0.000009,2645.00
38.750,1297.97,-72.37,0.064102,205.00,255.925049,1933.43,0.000005,2500.00
38.800,1157.61,-73.03,0.062911,110.00,259.665833,1904.62,0.000005,2160.00
38.850,1455.56,-72.40,0.048372,230.00,207.097137,2307.18,0.000010,2810.00
38.900,1661.77,-71.84,0.050679,230.00,129.188812,2494.51,0.000011,3650.00
38.950,1523.24,-71.16,0.074532,115.00,214.188187,2389.62,0.000005,3845.00
39.000,3576.59,-65.10,0.052217,115.00,245.614883,2970.25,0.000057,6800.00
39.050,3673.71,-64.27,0.056558,115.00,227.784729,2920.07,0.000073,6825.00
39.100,2518.51,-65.74,0.106915,355.00,394.321381,2658.26,0.000018,5215.00
39.150,2391.98,-64.88,0.115309,355.00,390.228699,2428.38,0.000024,4320.00
39.200,2164.20,-65.37,0.105511,440.00,480.959381,2219.47,0.000025,3610.00
39.250,1922.62,-68.14,0.066430,515.00,379.057617,2149.15,0.000025,3220.00
39.300,1691.35,-70.49,0.051332,280.00,334.584137,2145.73,0.000018,2900.00
39.350,1640.28,-69.67,0.084120,275.00,301.567902,1986.27,0.000009,2765.00
39.400,1747.70,-69.60,0.083397,270.00,272.217651,2147.57,0.000008,3140.00
39.450,1575.82,-71.59,0.057746,270.00,275.144592,2108.39,0.000007,2830.00
39.500,1120.66,-75.34,0.038630,180.00,231.957428,1830.18,0.000003,2015.00
39.550,1176.41,-75.88,0.023529,235.00,166.831757,2066.58,0.000007,1840.00
39.600,1262.15,-72.92,0.054334,120.00,240.259003,1964.20,0.000006,2000.00
39.650,1217.30,-72.04,0.076905,120.00,247.717361,1926.04,0.000004,1950.00
39.700,2764.10,-68.07,0.055519,125.00,240.281494,2992.16,0.000024,6280.00
39.750,3934.37,-65.83,0.034313,205.00,264.815979,3056.96,0.000121,7115.00
39.800,3140.78,-68.97,0.030134,205.00,95.027405,3088.71,0.000057,6580.00
39.850,2866.38,-71.42,0.018185,205.00,109.967148,3604.92,0.000071,6925.00
39.900,2138.32,-68.36,0.047507,755.00,231.430603,2633.73,0.000038,3540.00
39.950,1978.17,-67.42,0.065910,205.00,184.874359,2551.17,0.000029,3425.00
40.000,1777.18,-69.62,0.061159,200.00,265.834534,2628.35,0.000016,3355.00
40.050,1565.92,-70.01,0.064480,180.00,277.929230,2108.31,0.000013,2875.00
40.100,2091.39,-67.85,0.062858,170.00,228.372009,2666.97,0.000026,4320.00
40.150,4790.16,-63.33,0.040191,165.00,250.084396,3656.08,0.000177,8190.00
40.200,5914.74,-61.56,0.041492,4900.00,202.630478,2971.07,0.000267,8280.00
40.250,4701.67,-63.38,0.036466,200.00,146.161514,3258.37,0.000203,7800.00
40.300,1735.78,-70.28,0.050330,180.00,248.706345,2698.85,0.000020,3945.00
40.350,1099.22,-73.67,0.059812,180.00,158.670441,1961.34,0.000005,1000.00
40.400,1075.71,-75.38,0.036230,315.00,201.919312,1995.04,0.000005,1055.00
40.450,1796.64,-74.70,0.019734,205.00,144.528442,2814.70,0.000022,4495.00
40.500,3758.37,-73.23,0.012039,180.00,69.899452,3933.45,0.000092,8555.00
40.550,5205.57,-72.94,0.005645,175.00,52.002647,3986.64,0.000440,9720.00
40.600,3296.89,-72.05,0.012097,230.00,60.956367,3394.41,0.000120,7425.00
40.650,1596.85,-73.50,0.034944,275.00,171.522736,1814.48,0.000008,2805.00
40.700,1389.64,-74.08,0.052396,285.00,179.226212,1614.37,0.000002,2820.00
40.750,1248.75,-75.27,0.051356,290.00,167.629776,1681.51,0.000001,2750.00
40.800,760.61,-76.29,0.070642,280.00,242.051468,1329.04,0.000000,1175.00
40.850,697.05,-76.65,0.056879,270.00,229.805130,1318.95,0.000001,845.00
40.900,1060.23,-76.33,0.034702,210.00,256.315918,1757.98,0.000002,2465.00
40.950,2957.40,-73.76,0.016472,205.00,128.245087,3112.08,0.000032,6560.00
41.000,4405.99,-72.32,0.008871,215.00,74.654045,3033.97,0.000172,7375.00
41.050,3348.48,-73.73,0.007918,210.00,35.508595,3094.45,0.000130,6640.00
41.100,1325.48,-76.24,0.018831,385.00,91.829506,1830.41,0.000006,1825.00
41.150,1212.32,-76.30,0.027239,385.00,78.024071,1466.73,0.000002,1695.00
41.200,2192.71,-74.09,0.022298,385.00,82.919685,2813.54,0.000016,5485.00
41.250,4483.83,-72.78,0.010561,580.00,91.444290,3707.64,0.000122,8425.00
41.300,5556.55,-73.87,0.005508,545.00,43.907993,3539.00,0.000298,8635.00
41.350,3984.15,-76.55,0.003056,585.00,21.506166,3552.01,0.000340,8050.00
41.400,3690.73,-76.74,0.002777,70.00,14.137139,3916.68,0.000614,8530.00
41.450,4053.69,-75.43,0.003771,320.00,11.400541,4171.89,0.000579,9650.00
41.500,4516.22,-74.47,0.004002,320.00,13.304110,4311.81,0.000657,10260.00
41.550,4907.34,-73.92,0.004098,295.00,12.704803,4452.93,0.000706,10855.00
41.600,5287.59,-73.20,0.004209,350.00,14.282389,4535.21,0.000833,11405.00
41.650,5054.85,-72.17,0.005465,355.00,18.971590,4560.68,0.000648,11240.00
41.700,4352.48,-72.13,0.007058,470.00,18.953621,4402.44,0.000400,9960.00
41.750,3791.16,-75.39,0.004415,325.00,22.535357,4087.07,0.000389,8910.00
41.800,1130.01,-75.79,0.032634,505.00,191.887390,1984.95,0.000005,1550.00
41.850,1196.11,-70.71,0.104070,555.00,481.511719,1929.25,0.000005,1645.00
41.900,1441.72,-67.70,0.137124,320.00,492.207458,2232.90,0.000007,2025.00
41.950,1555.16,-68.98,0.104049,320.00,480.853394,2332.32,0.000007,2780.00
42.000,1768.73,-71.25,0.064552,850.00,476.595825,2261.34,0.000008,3330.00
42.050,2212.28,-71.74,0.052340,1310.00,244.016220,2485.12,0.000010,4150.00
42.100,2481.71,-70.38,0.051916,1315.00,187.267365,2802.83,0.000015,4660.00
42.150,2701.90,-71.78,0.028557,825.00,185.893295,3094.52,0.000028,5375.00
42.200,5135.15,-69.18,0.009599,385.00,152.569183,3913.80,0.000464,9690.00
42.250,4811.51,-65.98,0.017442,945.00,69.017632,3849.70,0.000369,9135.00
42.300,2462.85,-67.80,0.062792,920.00,338.443634,3055.73,0.000025,5395.00
42.350,1240.20,-71.62,0.143673,920.00,627.430115,1611.47,0.000002,1195.00
42.400,1071.20,-74.03,0.152497,685.00,485.439453,1217.44,0.000001,1055.00
42.450,1541.13,-74.22,0.063093,1045.00,619.190491,2273.53,0.000003,1295.00
42.500,4019.42,-71.85,0.011082,340.00,348.417480,3942.22,0.000187,8870.00
42.550,2998.24,-70.58,0.037152,320.00,195.678864,3849.06,0.000027,8240.00
42.600,1599.13,-72.70,0.062218,320.00,199.178207,2852.70,0.000006,3090.00
42.650,909.10,-77.27,0.039899,315.00,198.595993,1864.41,0.000002,915.00
42.700,3193.17,-74.25,0.011272,260.00,193.083389,3817.24,0.000105,7720.00
42.750,2682.48,-71.79,0.037823,315.00,199.907455,3531.23,0.000021,5635.00
42.800,1916.94,-73.02,0.063097,320.00,179.291992,2923.00,0.000005,4335.00
42.850,1659.18,-74.00,0.041215,320.00,197.548660,2702.98,0.000007,4100.00
42.900,2201.12,-69.50,0.046129,110.00,249.372253,2966.63,0.000024,4515.00
42.950,2111.11,-66.15,0.103786,460.00,458.868256,2409.24,0.000015,3495.00
43.000,2040.35,-66.76,0.119712,455.00,271.632080,2174.35,0.000009,3445.00
43.050,1644.88,-69.77,0.080415,130.00,504.507629,2101.70,0.000007,2940.00
43.100,2325.36,-68.32,0.083402,135.00,372.037903,2454.66,0.000010,4235.00
43.150,2803.85,-66.99,0.064146,135.00,201.975204,2740.24,0.000024,5680.00
43.200,4118.81,-67.84,0.023848,125.00,296.028137,3359.54,0.000100,7595.00
43.250,4025.29,-69.26,0.018079,290.00,101.136490,3502.09,0.000111,7665.00
43.300,1726.13,-72.30,0.042321,125.00,186.480103,2681.71,0.000011,3605.00
43.350,2081.10,-69.62,0.053037,125.00,152.598038,2920.14,0.000019,3580.00
43.400,2738.02,-69.68,0.033105,120.00,160.061966,3523.71,0.000042,7105.00
43.450,2439.63,-74.30,0.021909,220.00,143.750290,3838.79,0.000025,7545.00
43.500,1682.58,-71.83,0.051970,220.00,211.940979,2503.26,0.000010,2905.00
43.550,1881.29,-69.33,0.068871,225.00,201.876389,2124.88,0.000012,3165.00
43.600,1885.45,-69.26,0.072755,125.00,282.603973,2209.05,0.000011,3225.00
43.650,2015.90,-69.98,0.065418,130.00,282.257629,2384.10,0.000009,4525.00
43.700,3393.94,-66.35,0.052202,130.00,255.797394,2383.10,0.000047,5250.00
43.750,3859.90,-65.69,0.042019,2600.00,200.832916,2263.98,0.000090,5335.00
43.800,2702.34,-69.09,0.039314,125.00,245.642731,2664.44,0.000035,4935.00
43.850,1747.03,-70.82,0.061152,120.00,191.493774,2109.81,0.000008,3930.00
43.900,3011.18,-66.46,0.056444,115.00,270.780365,2173.43,0.000040,4685.00
43.950,3676.57,-65.27,0.050864,1655.00,217.234619,2074.85,0.000068,5205.00
44.000,3178.58,-67.80,0.027483,125.00,211.960190,2434.54,0.000090,5410.00
44.050,1820.46,-69.90,0.055531,425.00,257.464508,2042.61,0.000015,3130.00
44.100,2108.46,-67.82,0.085778,425.00,287.079529,2059.23,0.000011,3445.00
44.150,2246.15,-66.60,0.088941,425.00,232.663742,2294.48,0.000018,3650.00
44.200,3082.12,-65.24,0.055489,110.00,312.462189,3078.25,0.000060,7035.00
44.250,3662.10,-65.07,0.038102,115.00,225.161041,3270.35,0.000115,7415.00
44.300,2168.53,-66.66,0.072584,760.00,307.313599,2583.86,0.000025,4375.00
44.350,1641.48,-68.98,0.080254,760.00,224.926361,2121.47,0.000010,2985.00
44.400,1557.23,-71.42,0.053943,760.00,285.250000,2191.06,0.000009,2905.00
44.450,1535.22,-73.97,0.033550,765.00,225.128830,2219.87,0.000009,2845.00
44.500,1446.58,-75.53,0.034769,715.00,177.733749,1954.97,0.000004,2045.00
44.550,1536.74,-76.53,0.036015,710.00,145.430145,2271.86,0.000003,1960.00
44.600,1561.89,-76.06,0.030210,710.00,104.542595,2370.89,0.000005,1970.00
44.650,2363.05,-74.55,0.014646,680.00,121.197479,2821.91,0.000035,5110.00
44.700,4828.18,-67.78,0.016359,3795.00,114.276825,2663.52,0.000246,7060.00
44.750,4228.81,-64.32,0.034022,200.00,144.458664,3005.67,0.000199,6940.00
44.800,2568.95,-66.35,0.071047,195.00,335.328705,3006.22,0.000030,5890.00
44.850,1323.78,-70.43,0.111369,190.00,368.335663,1972.66,0.000004,2350.00
44.900,1740.02,-67.85,0.122954,195.00,306.690125,2115.64,0.000006,2840.00
44.950,1704.42,-69.31,0.111167,195.00,241.086868,2130.21,0.000004,2920.00
45.000,1511.03,-70.15,0.112916,195.00,271.943298,2131.16,0.000003,3060.00
45.050,1897.91,-66.65,0.111477,195.00,299.363190,2409.95,0.000011,3965.00
45.100,2934.34,-63.47,0.078078,195.00,413.428650,3098.43,0.000053,7015.00
45.150,3743.21,-63.84,0.055278,920.00,355.779816,3280.14,0.000091,7245.00
45.200,3929.08,-67.14,0.028215,955.00,209.950531,3637.03,0.000112,7975.00
45.250,4154.35,-65.27,0.034096,335.00,225.769989,4147.20,0.000131,9060.00
45.300,3922.30,-62.91,0.057486,335.00,172.922989,3756.01,0.000101,8235.00
45.350,5319.95,-61.64,0.048734,160.00,225.893112,3332.57,0.000209,8155.00
45.400,5886.09,-61.12,0.043391,250.00,182.880157,3204.39,0.000267,8635.00
45.450,3606.05,-62.27,0.048297,490.00,270.362122,3699.03,0.000182,7725.00
45.500,1899.56,-65.53,0.084905,580.00,296.732025,2363.24,0.000037,3300.00
45.550,1887.82,-67.71,0.066741,185.00,231.060242,2078.01,0.000025,3480.00
45.600,2019.77,-66.56,0.076378,190.00,281.503326,2146.97,0.000028,3525.00
45.650,1864.13,-67.92,0.081433,190.00,245.022476,1921.91,0.000017,3270.00
45.700,1544.90,-72.39,0.056783,190.00,287.670105,1717.65,0.000006,2505.00
45.750,1511.29,-73.31,0.054987,190.00,197.586884,1849.52,0.000004,2695.00
45.800,1703.85,-71.00,0.063443,190.00,189.464142,1933.90,0.000008,3125.00
45.850,1650.13,-70.65,0.063670,185.00,216.547348,1966.10,0.000010,3005.00
45.900,1649.12,-69.32,0.068905,185.00,246.657379,2062.10,0.000013,3025.00
45.950,1712.21,-67.55,0.090319,195.00,349.251099,1957.86,0.000016,2960.00
46.000,1671.96,-68.89,0.072795,785.00,267.918213,1990.91,0.000016,2720.00
46.050,2787.23,-69.50,0.024873,115.00,324.500763,3426.93,0.000074,6715.00
46.100,4645.39,-70.49,0.007538,100.00,132.961456,4113.70,0.000490,10130.00
46.150,2128.91,-67.76,0.046164,720.00,253.132065,2416.35,0.000046,3525.00
46.200,1728.88,-67.58,0.085492,725.00,309.789062,1844.44,0.000017,2815.00
46.250,1354.37,-69.94,0.097251,730.00,295.900848,1506.13,0.000006,2310.00
46.300,1138.27,-72.49,0.070265,765.00,285.411377,1506.23,0.000005,1390.00
46.350,1709.86,-71.72,0.032947,135.00,316.745361,2450.98,0.000025,3505.00
46.400,2809.92,-67.44,0.042091,140.00,137.891144,3405.23,0.000057,7195.00
46.450,4685.49,-65.01,0.029169,620.00,156.549438,3593.21,0.000189,8085.00
46.500,3616.80,-64.77,0.034985,190.00,133.603775,3243.67,0.000154,7310.00
46.550,2030.45,-68.58,0.047004,180.00,157.520035,2377.35,0.000033,3845.00
46.600,1611.13,-71.60,0.043581,180.00,180.682159,2053.76,0.000011,2930.00
46.650,1356.43,-72.75,0.046122,175.00,134.211990,1806.24,0.000008,2690.00
46.700,1430.73,-73.35,0.032477,175.00,127.051430,2083.61,0.000013,2720.00
46.750,1540.77,-73.75,0.024454,725.00,144.630234,2174.33,0.000019,2525.00
46.800,1442.84,-73.45,0.029860,710.00,69.997818,1893.14,0.000015,2220.00
46.850,1621.77,-73.08,0.030896,175.00,150.892075,2139.27,0.000015,3135.00
46.900,1724.71,-73.12,0.043077,175.00,155.399429,2243.48,0.000007,3350.00
46.950,1905.58,-72.50,0.042230,175.00,71.101524,2312.90,0.000009,3465.00
47.000,2072.18,-73.37,0.024222,180.00,158.454514,2497.16,0.000019,3945.00
47.050,2211.62,-73.10,0.035575,190.00,173.251602,2575.98,0.000010,4075.00
47.100,1965.39,-71.77,0.052869,190.00,141.404007,2683.70,0.000008,4405.00
47.150,3280.35,-67.28,0.038349,95.00,160.165115,3260.59,0.000058,7220.00
47.200,2674.78,-67.18,0.045803,190.00,180.029877,2987.31,0.000046,6300.00
47.250,1534.83,-71.48,0.058804,185.00,175.389328,2183.81,0.000009,2665.00
47.300,1550.04,-70.86,0.074494,185.00,265.759918,1914.86,0.000007,2840.00
47.350,1716.71,-69.49,0.069058,180.00,211.023605,2101.54,0.000014,3235.00
47.400,2868.02,-68.82,0.031756,165.00,281.586395,3383.81,0.000064,7325.00
47.450,2649.94,-66.27,0.046340,490.00,215.686691,3235.26,0.000073,6820.00
47.500,1888.86,-66.73,0.082298,480.00,252.059860,2372.93,0.000027,3295.00
47.550,1702.66,-70.21,0.053354,475.00,245.893799,2129.80,0.000016,3205.00
47.600,1931.90,-70.03,0.058034,205.00,309.894958,2126.62,0.000013,3310.00
47.650,1817.85,-69.85,0.094021,200.00,324.138763,2093.64,0.000006,3300.00
47.700,1341.65,-71.57,0.112932,200.00,289.991333,1963.75,0.000002,2540.00
47.750,1455.27,-69.23,0.121453,205.00,431.839294,2019.08,0.000005,2630.00
47.800,1362.38,-69.73,0.116126,205.00,289.347504,2023.81,0.000005,2555.00
47.850,1270.08,-71.32,0.082075,205.00,350.865448,2245.71,0.000005,2355.00
47.900,1893.33,-71.25,0.036535,480.00,361.986206,2847.85,0.000023,3750.00
47.950,2011.10,-74.08,0.026992,485.00,169.594147,2816.40,0.000015,3990.00
48.000,2592.01,-73.67,0.020842,485.00,68.352310,3365.89,0.000032,5920.00
48.050,3806.42,-72.03,0.009271,480.00,90.763779,3752.05,0.000238,8250.00
48.100,3156.08,-74.08,0.007050,160.00,33.120819,3514.47,0.000200,7380.00
48.150,2729.62,-77.05,0.003602,285.00,25.623880,3396.51,0.000224,5495.00
48.200,2646.81,-77.31,0.004000,325.00,16.457134,3463.59,0.000166,5725.00
48.250,1613.66,-77.43,0.010715,315.00,48.425385,2602.05,0.000019,1815.00
48.300,1649.00,-77.38,0.015501,315.00,45.470684,2758.41,0.000010,2165.00
48.350,1707.23,-76.73,0.017036,315.00,47.196236,2827.82,0.000012,3210.00
48.400,1588.02,-76.98,0.011615,320.00,53.916393,2606.04,0.000020,2690.00
48.450,3217.25,-76.55,0.004104,195.00,54.112427,3449.64,0.000231,6930.00
48.500,6526.16,-70.42,0.007357,7685.00,43.360573,3139.63,0.000547,9670.00
48.550,6710.57,-63.87,0.026472,7600.00,130.122177,3223.19,0.000329,9770.00
48.600,4987.65,-60.96,0.071186,315.00,345.233032,3621.21,0.000129,8400.00
48.650,3017.68,-63.22,0.117928,205.00,412.865906,3196.35,0.000025,7225.00
48.700,2116.27,-67.06,0.118451,205.00,288.277008,3007.61,0.000008,4675.00
48.750,5135.64,-61.93,0.072687,100.00,388.761383,4136.48,0.000075,9825.00
48.800,5444.13,-59.31,0.058953,240.00,403.747437,3433.03,0.000250,9040.00
48.850,3453.90,-61.34,0.106879,235.00,451.549286,3000.68,0.000051,6695.00
48.900,2170.87,-64.99,0.123425,230.00,361.588623,2446.77,0.000016,4435.00
48.950,1658.16,-68.01,0.086904,105.00,455.694214,2414.37,0.000014,3295.00
49.000,1358.35,-69.93,0.113669,515.00,502.108459,2218.53,0.000005,2180.00
49.050,2316.92,-66.27,0.091252,515.00,210.989426,3379.22,0.000016,6610.00
49.100,4602.29,-64.81,0.028147,130.00,447.383270,4298.90,0.000175,10010.00
49.150,2649.94,-66.43,0.063289,205.00,297.332642,3687.85,0.000029,7345.00
49.200,1265.25,-70.28,0.084215,195.00,250.733780,2030.42,0.000008,2450.00
49.250,1625.76,-69.20,0.070527,170.00,325.470642,2444.37,0.000015,3340.00
49.300,3857.97,-63.64,0.054722,810.00,259.438202,3683.97,0.000092,7860.00
49.350,4838.42,-61.53,0.058628,770.00,282.024475,3518.80,0.000133,8075.00
49.400,4400.86,-62.28,0.057432,770.00,145.047775,3460.71,0.000111,7760.00
49.450,2345.99,-65.65,0.071349,515.00,361.699280,2991.56,0.000036,4920.00
49.500,1431.70,-70.61,0.076846,515.00,195.610031,1988.66,0.000008,2775.00
49.550,1733.41,-71.82,0.035665,510.00,297.179230,2374.88,0.000019,3230.00
49.600,2075.69,-73.40,0.018345,190.00,162.688339,2738.51,0.000034,4315.00
49.650,1670.59,-73.83,0.032476,505.00,147.050140,2418.86,0.000012,4240.00
49.700,1543.01,-73.31,0.045903,555.00,155.399109,2271.72,0.000008,3965.00
49.750,1509.66,-75.02,0.030060,320.00,162.011719,2373.73,0.000008,2780.00
49.800,1342.79,-77.34,0.018425,410.00,158.425354,2265.87,0.000008,1650.00
49.850,3414.24,-72.24,0.018583,825.00,66.181007,3637.44,0.000059,7925.00
49.900,6711.79,-64.89,0.017835,450.00,107.654709,3704.35,0.000463,10750.00
49.950,6955.34,-62.13,0.028377,495.00,116.127838,4033.34,0.000449,11215.00
50.000,4177.93,-62.96,0.079809,470.00,396.338287,4398.52,0.000056,9990.00
50.050,1927.82,-68.03,0.102974,465.00,303.234467,2989.58,0.000009,3715.00
50.100,2313.80,-68.62,0.063395,890.00,362.680084,3397.30,0.000019,5180.00
50.150,3018.54,-68.30,0.035011,465.00,244.436890,3821.54,0.000060,7600.00
50.200,2562.14,-69.19,0.046276,355.00,194.540085,3524.47,0.000028,6970.00
50.250,1554.23,-69.90,0.128584,735.00,591.345215,2686.67,0.000004,1120.00
50.300,1459.54,-70.08,0.163316,825.00,542.858215,2553.73,0.000003,900.00
50.350,1656.93,-72.46,0.091532,430.00,602.660217,2882.63,0.000004,1135.00
50.400,6710.80,-66.60,0.022353,450.00,476.269806,5472.34,0.000224,13020.00
50.450,8108.67,-61.95,0.023220,300.00,111.852287,4959.13,0.000695,13165.00
50.500,7260.55,-61.21,0.028306,305.00,100.269501,5055.61,0.000587,12900.00
50.550,3310.70,-64.21,0.078233,595.00,387.872192,4554.55,0.000051,9985.00
50.600,1104.67,-70.45,0.128007,560.00,432.930054,2092.94,0.000005,1025.00
50.650,988.27,-71.60,0.125324,485.00,343.124390,1772.27,0.000003,1135.00
50.700,1036.56,-73.87,0.059254,485.00,476.262756,1911.08,0.000005,1315.00
50.750,1954.25,-75.04,0.015634,135.00,294.234100,2932.84,0.000030,4390.00
50.800,2201.34,-76.91,0.006721,465.00,64.951813,3122.60,0.000065,4735.00
50.850,1954.02,-78.47,0.004101,300.00,22.285543,3166.57,0.000064,4255.00
50.900,1984.98,-78.65,0.004322,140.00,16.007629,3283.35,0.000053,4440.00
50.950,2055.02,-78.77,0.004254,135.00,10.806013,3331.84,0.000045,4765.00
51.000,2267.49,-78.88,0.003362,135.00,9.968870,3494.97,0.000071,5535.00
51.050,1849.51,-78.54,0.005511,220.00,23.669664,3179.60,0.000034,3985.00
51.100,1662.60,-75.32,0.031149,210.00,166.627441,2727.01,0.000006,3560.00
51.150,1976.44,-72.71,0.054630,215.00,172.198380,2868.00,0.000005,4235.00
51.200,1972.24,-71.23,0.066138,215.00,116.989586,2786.54,0.000006,4235.00
51.250,1533.11,-70.44,0.091991,210.00,317.907776,2459.87,0.000005,2985.00
51.300,1308.20,-70.16,0.131417,245.00,536.003052,2283.67,0.000003,2460.00
51.350,1643.78,-68.22,0.138904,245.00,458.524872,2364.28,0.000005,3490.00
51.400,1638.93,-68.22,0.117773,865.00,601.989441,2158.24,0.000008,2915.00
51.450,1501.58,-69.37,0.143625,900.00,577.263367,1889.72,0.000004,1690.00
51.500,1402.51,-69.43,0.151152,905.00,515.772949,1813.64,0.000004,1715.00
51.550,1483.18,-69.55,0.144547,595.00,662.990906,1960.70,0.000003,2690.00
51.600,1495.93,-71.60,0.082916,595.00,461.359772,1955.35,0.000004,2595.00
51.650,1399.66,-71.54,0.088323,800.00,440.431366,1472.80,0.000004,1660.00
51.700,1540.33,-69.36,0.149924,805.00,552.995728,1820.53,0.000004,2380.00
51.750,1794.45,-68.43,0.179349,600.00,571.976257,2317.79,0.000003,3445.00
51.800,1601.77,-69.64,0.135806,600.00,508.757416,2145.23,0.000003,2885.00
51.850,1631.71,-69.91,0.080995,600.00,628.025818,1857.83,0.000009,2855.00
51.900,1653.69,-67.55,0.136409,590.00,478.307159,2038.06,0.000008,3005.00
51.950,1663.43,-68.83,0.113927,580.00,406.100006,2348.54,0.000006,3730.00
52.000,1639.17,-72.04,0.060022,190.00,491.110962,2822.92,0.000008,3460.00
52.050,1961.59,-70.53,0.062823,255.00,362.016632,3215.37,0.000012,4450.00
52.100,1810.65,-71.66,0.078147,255.00,218.644135,2897.81,0.000005,4275.00
52.150,1723.73,-72.29,0.061861,295.00,371.359772,2930.73,0.000007,4315.00
52.200,1820.46,-70.42,0.137931,290.00,629.588501,2791.25,0.000002,4350.00
52.250,1459.39,-70.42,0.192650,290.00,602.400208,2378.34,0.000001,2910.00
52.300,2214.76,-67.45,0.157325,285.00,618.550720,3463.02,0.000004,6750.00
52.350,6025.11,-62.76,0.062730,285.00,670.750977,4476.64,0.000085,10915.00
52.400,7676.37,-61.81,0.035571,285.00,279.040985,3839.62,0.000339,11445.00
52.450,5144.15,-62.66,0.062858,465.00,318.653198,4525.72,0.000094,10340.00
52.500,2200.61,-67.25,0.104430,460.00,368.010345,3123.31,0.000011,4630.00
52.550,1523.71,-71.96,0.088496,225.00,305.587036,2283.29,0.000003,3785.00
52.600,1411.58,-75.40,0.035183,220.00,357.528198,2483.11,0.000007,2915.00
52.650,1812.95,-72.72,0.048063,220.00,132.950043,3003.38,0.000010,4135.00
52.700,1499.61,-71.43,0.104136,220.00,387.139832,2463.82,0.000003,3255.00
52.750,1352.04,-73.05,0.093052,215.00,247.526825,2288.95,0.000002,2925.00
52.800,1441.06,-75.67,0.032468,215.00,401.943604,2621.24,0.000007,2750.00
52.850,1283.57,-74.62,0.040331,610.00,198.684311,2189.11,0.000007,1595.00
52.900,1201.23,-73.44,0.081758,595.00,317.556854,1913.56,0.000003,1585.00
52.950,1371.72,-73.98,0.072768,595.00,232.200577,2103.61,0.000002,2175.00
53.000,2278.51,-71.54,0.037222,590.00,288.001709,2676.90,0.000018,4335.00
53.050,2761.36,-65.66,0.061322,120.00,361.323700,2545.70,0.000053,4985.00
53.100,2543.07,-64.56,0.117044,115.00,418.000183,2395.94,0.000023,4330.00
53.150,2144.21,-65.06,0.124683,110.00,453.178833,2342.26,0.000014,3620.00
53.200,1657.32,-65.38,0.152009,210.00,621.515259,2090.28,0.000010,2945.00
53.250,1425.48,-66.97,0.150165,515.00,492.799591,1887.27,0.000007,2560.00
53.300,1494.57,-67.60,0.114831,125.00,517.004150,2027.69,0.000009,2510.00
53.350,2563.26,-66.68,0.054867,125.00,461.774811,2759.15,0.000039,5530.00
53.400,2457.17,-65.85,0.062969,125.00,191.580704,2787.71,0.000046,5375.00
53.450,1602.88,-67.79,0.081408,505.00,242.310211,2228.82,0.000019,2705.00
53.500,1556.15,-70.06,0.063438,100.00,293.555603,2043.29,0.000013,2630.00
53.550,1422.75,-70.58,0.075732,730.00,268.264984,1855.53,0.000008,2420.00
53.600,1285.71,-72.23,0.061881,205.00,199.579727,1834.06,0.000006,2105.00
53.650,1357.46,-73.81,0.045118,205.00,270.457306,2278.01,0.000007,2400.00
53.700,2508.65,-70.83,0.032661,205.00,124.790932,3333.33,0.000031,6605.00
53.750,3045.47,-69.25,0.018713,95.00,155.095505,3291.96,0.000136,7145.00
53.800,1787.13,-69.88,0.045194,105.00,201.515320,2226.85,0.000024,2895.00
53.850,1967.47,-68.24,0.062000,105.00,184.830139,2178.34,0.000025,3300.00
53.900,2062.37,-68.44,0.060761,195.00,251.803055,2270.18,0.000023,3525.00
53.950,1783.78,-68.82,0.071917,195.00,246.413376,1982.65,0.000017,2910.00
54.000,1973.01,-67.48,0.066766,770.00,221.518753,2320.59,0.000033,3055.00
54.050,2253.21,-66.32,0.064341,770.00,271.764526,2754.17,0.000047,3500.00
54.100,2235.96,-65.57,0.075216,775.00,233.059418,2737.08,0.000042,3570.00
54.150,2073.10,-67.31,0.061469,110.00,284.882690,2798.74,0.000034,3580.00
54.200,2139.33,-69.14,0.045989,180.00,245.841034,2984.57,0.000028,4880.00
54.250,4560.97,-65.80,0.025206,175.00,191.215393,3813.36,0.000182,8310.00
54.300,6009.96,-64.90,0.019815,720.00,109.020401,3634.18,0.000363,9620.00
54.350,6011.14,-68.07,0.014640,360.00,62.817677,3687.39,0.000269,9745.00
54.400,5372.21,-69.55,0.013850,355.00,61.469242,3757.90,0.000197,9510.00
54.450,4638.48,-70.52,0.014517,170.00,55.732121,3813.99,0.000135,9120.00
54.500,2094.43,-76.51,0.014358,315.00,71.590782,3143.76,0.000019,5050.00
54.550,1234.72,-78.83,0.013951,315.00,43.746239,2645.47,0.000004,1455.00
54.600,1284.35,-78.89,0.010063,315.00,43.760159,2793.06,0.000007,1165.00
54.650,1272.48,-78.86,0.008114,285.00,44.387741,2787.27,0.000010,1135.00
54.700,1301.72,-78.93,0.007090,280.00,25.847698,2879.30,0.000013,1140.00
54.750,1241.79,-78.88,0.007821,260.00,22.936327,2788.55,0.000011,1015.00
54.800,1341.51,-78.96,0.007011,260.00,19.925903,2943.06,0.000013,1135.00
54.850,2169.85,-79.26,0.003958,265.00,23.412464,3858.72,0.000039,6140.00
54.900,4373.26,-78.68,0.002878,280.00,13.664533,5089.51,0.000261,11600.00
54.950,6161.94,-72.06,0.004762,160.00,25.173092,4053.54,0.000900,11570.00
55.000,5201.84,-65.58,0.019220,4280.00,96.906761,3348.40,0.000374,8555.00
55.050,3227.17,-63.07,0.055116,435.00,273.720856,2967.47,0.000140,5845.00
55.100,2156.11,-64.49,0.089900,575.00,327.559570,2189.20,0.000046,3580.00
55.150,1857.52,-67.40,0.082211,575.00,287.184174,1826.75,0.000020,3120.00
55.200,1415.34,-71.55,0.057211,230.00,345.488373,1674.86,0.000008,2450.00
55.250,1610.97,-71.83,0.050548,230.00,197.204758,2163.55,0.000008,3425.00
55.300,2595.21,-69.00,0.045733,205.00,229.825974,2593.84,0.000023,5690.00
55.350,2435.02,-68.80,0.048711,205.00,147.714386,2548.24,0.000023,5510.00
55.400,1856.25,-71.21,0.033303,95.00,192.947296,2487.23,0.000027,3725.00
55.450,1320.25,-72.43,0.065349,535.00,313.182343,2278.71,0.000007,1425.00
55.500,2155.49,-68.70,0.070979,535.00,122.780022,3382.38,0.000017,4965.00
55.550,4029.06,-66.98,0.027079,130.00,294.570038,4353.42,0.000133,10085.00
55.600,3579.47,-68.40,0.025392,200.00,139.542145,4181.57,0.000097,8865.00
55.650,1406.99,-72.30,0.045544,195.00,160.558823,2461.34,0.000012,2540.00
55.700,1253.56,-73.25,0.047613,195.00,147.073990,2040.30,0.000006,2420.00
55.750,1859.42,-70.74,0.050846,200.00,193.548752,2917.61,0.000015,4060.00
55.800,2573.39,-68.80,0.043897,195.00,144.917236,3627.14,0.000034,7355.00
55.850,4149.14,-67.82,0.023826,180.00,164.201263,4197.50,0.000122,9315.00
55.900,4284.09,-66.75,0.021182,645.00,135.939575,3804.72,0.000192,8920.00
55.950,2544.14,-68.79,0.044438,650.00,185.684387,3005.91,0.000029,4970.00
56.000,1745.84,-70.97,0.051122,650.00,122.104515,2152.55,0.000011,3475.00
56.050,1718.02,-69.68,0.053793,175.00,284.721710,2048.15,0.000018,3340.00
56.100,1569.98,-69.45,0.081434,175.00,298.000275,1753.43,0.000011,2640.00
56.150,1653.99,-68.72,0.084423,705.00,246.936325,1697.32,0.000014,2810.00
56.200,1810.59,-68.03,0.076202,545.00,350.725830,1881.85,0.000019,3215.00
56.250,2130.74,-68.55,0.058374,125.00,269.190552,2359.86,0.000022,3715.00
56.300,3974.04,-67.59,0.026042,125.00,239.319855,3477.81,0.000111,7530.00
56.350,5534.81,-68.65,0.009902,285.00,132.450073,3461.73,0.000489,9380.00
56.400,5740.13,-69.38,0.007852,280.00,44.510201,3846.89,0.000639,10040.00
56.450,4139.31,-68.65,0.018867,335.00,84.641365,3912.07,0.000155,8220.00
56.500,2615.50,-71.40,0.025685,500.00,80.577660,3261.38,0.000042,6055.00
56.550,4429.68,-67.27,0.027747,500.00,103.844002,3634.32,0.000101,7840.00
56.600,5074.11,-66.60,0.027926,505.00,80.201057,3515.39,0.000119,8165.00
56.650,2974.58,-67.13,0.036729,495.00,185.671997,3205.68,0.000075,7095.00
56.700,2169.65,-67.44,0.059397,480.00,187.713531,2678.21,0.000033,4630.00
56.750,4133.09,-63.56,0.043783,475.00,195.529053,3694.59,0.000144,7795.00
56.800,5947.74,-64.47,0.026330,195.00,192.166977,3511.87,0.000270,8595.00
56.850,3652.97,-65.29,0.040118,240.00,215.938965,3318.00,0.000108,7420.00
56.900,2556.20,-65.43,0.086333,225.00,336.316498,2618.88,0.000030,5165.00
56.950,2238.94,-66.92,0.103343,215.00,373.325928,2304.03,0.000013,3705.00
57.000,2305.25,-65.25,0.116918,210.00,431.346680,2342.35,0.000019,3760.00
57.050,2411.35,-65.25,0.090150,210.00,312.360199,2499.46,0.000030,3895.00
57.100,4312.06,-64.38,0.035011,415.00,404.296753,3774.97,0.000177,8225.00
57.150,6782.80,-63.66,0.029300,7200.00,204.547913,3074.40,0.000273,9490.00
57.200,5814.74,-63.55,0.030129,605.00,95.050201,3429.18,0.000265,8850.00
57.250,3430.88,-64.62,0.043103,110.00,209.162277,3224.61,0.000113,7300.00
57.300,3086.52,-65.59,0.055426,210.00,196.368774,2361.23,0.000057,5160.00
57.350,3558.76,-64.19,0.056571,215.00,207.385880,2298.08,0.000087,5395.00
57.400,2435.48,-65.56,0.073191,120.00,346.387665,2359.98,0.000040,4900.00
57.450,1392.01,-69.17,0.099505,200.00,348.153564,1805.67,0.000008,2890.00
57.500,1692.60,-68.28,0.100071,200.00,329.410858,2204.36,0.000010,3440.00
57.550,3657.84,-62.55,0.074893,200.00,313.168976,3436.30,0.000075,7580.00
57.600,5632.60,-60.95,0.048633,100.00,339.723083,3208.48,0.000253,8080.00
57.650,5981.44,-63.62,0.028106,7490.00,174.345917,3004.80,0.000304,8430.00
57.700,4089.58,-69.88,0.014672,215.00,147.128098,3437.96,0.000161,7600.00
57.750,3470.73,-71.25,0.014904,215.00,39.545288,3598.32,0.000106,7660.00
57.800,4217.71,-71.52,0.008455,215.00,53.598125,3960.64,0.000306,8955.00
57.850,2835.84,-74.45,0.010841,575.00,53.861820,3561.47,0.000078,7225.00
57.900,1750.00,-76.13,0.018803,570.00,67.386887,2616.95,0.000013,3490.00
57.950,2045.95,-71.18,0.030842,560.00,144.580582,2303.47,0.000029,3890.00
58.000,1877.69,-67.59,0.072936,475.00,295.991638,2156.46,0.000024,3625.00
58.050,2751.50,-63.52,0.074856,510.00,190.479507,3046.01,0.000062,6955.00
58.100,4789.00,-62.43,0.041694,520.00,315.215912,3478.73,0.000191,8040.00
58.150,4376.29,-63.27,0.039610,200.00,187.635666,3276.63,0.000176,7635.00
58.200,3229.31,-65.40,0.042121,365.00,147.606934,3208.07,0.000095,6815.00
58.250,4688.52,-64.79,0.024419,360.00,151.697632,3660.18,0.000277,8680.00
58.300,3418.13,-65.77,0.031814,440.00,136.595276,3313.64,0.000148,7220.00
58.350,2060.30,-70.08,0.039647,480.00,109.783707,2270.83,0.000032,3415.00
58.400,2494.06,-69.15,0.028796,650.00,145.785522,3053.65,0.000067,4940.00
58.450,2218.19,-67.30,0.049491,565.00,222.529755,2839.77,0.000049,4060.00
58.500,2193.74,-65.58,0.084035,565.00,263.426178,2601.82,0.000031,4310.00
58.550,3918.49,-62.66,0.055303,560.00,254.273468,3488.33,0.000124,7635.00
58.600,4901.43,-63.34,0.030761,475.00,252.121918,3383.90,0.000274,7840.00
58.650,2848.67,-66.89,0.038562,210.00,169.988693,2854.23,0.000080,6060.00
58.700,1913.59,-69.22,0.063301,205.00,250.137039,2304.67,0.000017,3350.00
58.750,1392.88,-71.49,0.080850,195.00,293.361938,2064.27,0.000005,2585.00
58.800,1336.40,-71.54,0.075106,185.00,303.567719,2200.00,0.000006,2600.00
58.850,1894.33,-68.82,0.058607,165.00,300.342865,2673.44,0.000020,3725.00
58.900,2015.66,-69.29,0.043012,560.00,224.478256,2699.47,0.000032,4085.00
58.950,2022.16,-72.29,0.024379,620.00,149.104080,2639.79,0.000033,4260.00
59.000,4045.25,-71.31,0.009238,495.00,127.157776,2925.82,0.000225,7070.00
59.050,4433.96,-72.14,0.007365,3690.00,24.806179,2819.22,0.000275,7240.00
59.100,2838.10,-75.16,0.009190,790.00,57.848412,2916.05,0.000065,5275.00
59.150,1821.25,-75.17,0.029925,785.00,135.792618,2481.90,0.000007,3565.00
59.200,1623.24,-75.50,0.037385,785.00,105.185524,2433.17,0.000004,2790.00
59.250,1527.01,-75.90,0.044312,745.00,197.763870,2311.79,0.000003,2405.00
59.300,1636.34,-74.64,0.068063,740.00,293.622253,2345.94,0.000002,3255.00
59.350,1657.23,-72.76,0.124049,730.00,521.758545,2283.97,0.000001,3530.00
59.400,1613.02,-71.43,0.167546,725.00,412.359680,2228.72,0.000001,3120.00
59.450,1586.90,-70.54,0.170691,730.00,688.744507,2200.26,0.000002,2980.00
59.500,1634.82,-70.35,0.170442,720.00,430.280731,2226.85,0.000002,3410.00
59.550,1833.39,-70.64,0.147046,720.00,586.990967,2485.54,0.000002,3960.00
59.600,1825.33,-69.75,0.128593,715.00,674.509644,2574.77,0.000003,3900.00
59.650,1556.55,-70.91,0.160911,520.00,671.383118,2329.42,0.000001,2830.00
59.700,1273.05,-73.66,0.126709,515.00,311.638123,2107.35,0.000001,1745.00
59.750,1067.20,-76.09,0.054236,165.00,561.916443,2011.85,0.000002,1525.00
59.800,900.46,-77.30,0.040530,165.00,228.718567,1871.07,0.000001,995.00
59.850,810.52,-77.77,0.041875,160.00,92.865211,1848.18,0.000001,685.00
59.900,937.85,-77.83,0.037245,160.00,140.065201,2205.80,0.000002,675.00
59.950,1175.02,-76.18,0.049170,165.00,210.866974,2594.33,0.000003,1215.00
60.000,1677.96,-72.90,0.066484,170.00,166.690430,3088.04,0.000005,3965.00
60.050,1527.65,-70.27,0.098606,165.00,376.546844,2745.24,0.000005,3135.00
60.100,1554.12,-68.71,0.142847,365.00,500.137238,2692.78,0.000004,3070.00
60.150,2321.46,-66.55,0.112240,365.00,308.350159,3674.99,0.000012,5330.00
60.200,5850.70,-62.93,0.038339,365.00,509.547424,4970.66,0.000197,12130.00
60.250,7979.62,-63.11,0.018785,365.00,168.644653,4648.72,0.000693,12880.00
60.300,4854.39,-63.69,0.048136,220.00,268.245972,4917.46,0.000120,11445.00
60.350,2756.56,-65.83,0.104127,215.00,399.229919,3430.29,0.000019,4540.00
60.400,2073.95,-69.24,0.135362,435.00,323.644745,2471.21,0.000004,4095.00
60.450,1506.67,-71.29,0.128670,215.00,285.802490,2141.54,0.000002,3325.00
60.500,1222.55,-72.69,0.101535,215.00,523.628967,1832.53,0.000002,2855.00
60.550,1373.83,-69.86,0.130294,770.00,672.789673,1794.71,0.000004,2375.00
60.600,1542.56,-68.21,0.162820,725.00,629.409607,1815.88,0.000005,2700.00
60.650,1790.83,-68.42,0.131181,720.00,589.358582,2091.70,0.000005,3790.00
60.700,1872.79,-71.23,0.052650,525.00,561.293213,2410.55,0.000012,4005.00
60.750,4183.83,-69.12,0.012647,525.00,278.812195,3605.17,0.000301,8180.00
60.800,5521.15,-66.33,0.013341,4800.00,56.368847,3703.13,0.000546,10315.00
60.850,5265.05,-66.51,0.014875,3180.00,50.980770,3939.74,0.000426,10465.00
60.900,2748.61,-68.42,0.035136,515.00,176.697189,3376.70,0.000065,5085.00
60.950,1613.04,-70.34,0.077543,535.00,327.920776,2349.53,0.000009,2935.00
61.000,1285.15,-72.06,0.120769,680.00,477.785004,2044.99,0.000002,1685.00
61.050,1203.00,-72.45,0.152720,675.00,583.234863,1902.14,0.000001,1445.00
61.100,1254.61,-71.43,0.154723,645.00,667.764465,1886.98,0.000002,1640.00
61.150,1287.91,-72.64,0.114980,620.00,612.019897,1932.93,0.000002,1885.00
61.200,1096.79,-74.61,0.068009,620.00,463.538574,1826.89,0.000002,1545.00
61.250,859.37,-76.79,0.029590,465.00,299.252167,1650.84,0.000003,1065.00
61.300,2607.13,-73.85,0.021288,260.00,115.047623,3889.61,0.000032,7725.00
61.350,6727.23,-63.91,0.021232,175.00,99.231247,4353.26,0.000459,11280.00
61.400,8072.52,-60.15,0.031601,7700.00,130.595612,3624.12,0.000626,11690.00
61.450,7500.10,-59.08,0.039829,220.00,136.213211,4035.97,0.000565,11540.00
61.500,4605.46,-60.41,0.085638,815.00,428.417877,4455.92,0.000109,10085.00
61.550,1918.59,-67.25,0.123196,815.00,358.752930,2778.01,0.000009,3865.00
61.600,1197.32,-73.06,0.104084,215.00,412.056335,1864.97,0.000002,1375.00
61.650,1796.77,-73.48,0.058989,215.00,384.324799,3199.69,0.000005,3835.00
61.700,4196.55,-71.92,0.013963,220.00,297.738678,4561.92,0.000118,10280.00
61.750,3892.82,-70.15,0.026003,220.00,95.183067,4431.13,0.000056,9690.00
61.800,1985.11,-71.62,0.066297,225.00,278.345764,3242.47,0.000007,4335.00
61.850,1091.75,-74.36,0.073684,225.00,128.388992,2096.85,0.000002,1180.00
61.900,1126.09,-74.71,0.045431,220.00,281.381378,2051.92,0.000005,2320.00
61.950,1567.79,-72.31,0.058394,190.00,277.653687,2224.51,0.000006,3965.00
62.000,2907.22,-66.28,0.078714,380.00,236.874847,3662.99,0.000025,7505.00
62.050,6406.64,-60.86,0.057729,365.00,293.853180,4208.98,0.000191,10740.00
62.100,7818.72,-59.99,0.040663,175.00,256.969727,3506.27,0.000454,11255.00
62.150,6337.17,-62.45,0.023308,325.00,158.441284,4071.92,0.000575,10630.00
62.200,2916.75,-68.04,0.030621,200.00,173.433441,3319.31,0.000078,6225.00
62.250,1648.13,-69.45,0.082584,200.00,377.298157,2063.28,0.000012,2350.00
62.300,1471.04,-70.08,0.104915,220.00,336.147980,1741.50,0.000007,1620.00
62.350,1457.97,-72.79,0.060316,220.00,352.153839,1973.23,0.000006,1670.00
62.400,1949.95,-75.71,0.015073,220.00,301.447845,2880.83,0.000026,3365.00
62.450,1761.20,-72.55,0.044716,225.00,224.780289,2656.71,0.000010,3420.00
62.500,1656.92,-70.66,0.071734,220.00,203.430038,2443.25,0.000008,3210.00
62.550,1452.40,-72.97,0.075420,210.00,336.988678,2254.25,0.000003,2910.00
62.600,1327.67,-75.16,0.087467,210.00,214.756104,2392.00,0.000001,2530.00
62.650,2043.32,-72.26,0.080978,210.00,156.270737,2996.18,0.000003,4245.00
62.700,2368.41,-71.83,0.072060,210.00,194.941986,3051.92,0.000005,4725.00
62.750,1502.93,-73.38,0.081697,210.00,238.570129,2373.22,0.000002,3120.00
62.800,1328.08,-72.94,0.060097,215.00,229.593719,2284.65,0.000005,2565.00
62.850,1754.44,-72.12,0.032884,215.00,268.309418,2585.07,0.000022,3915.00
62.900,1579.56,-73.87,0.022082,120.00,134.459686,2183.21,0.000020,2915.00
62.950,1300.05,-74.59,0.027649,125.00,100.752083,1733.98,0.000007,2265.00
63.000,1260.92,-73.95,0.035155,125.00,81.282127,1662.06,0.000007,2120.00
63.050,1244.34,-74.07,0.035970,130.00,120.754745,1649.36,0.000006,2110.00
63.100,1355.12,-73.82,0.031652,125.00,121.133797,1814.18,0.000007,2465.00
63.150,1341.83,-73.20,0.038423,125.00,101.844353,1811.68,0.000007,2255.00
63.200,1165.37,-72.98,0.054407,130.00,197.755341,1535.74,0.000004,1735.00
63.250,1145.07,-72.88,0.071621,135.00,247.705597,1501.85,0.000003,1870.00
63.300,1146.75,-72.87,0.076539,135.00,187.004913,1564.85,0.000003,1915.00
63.350,1213.30,-72.02,0.069770,140.00,246.796188,1610.04,0.000006,1855.00
63.400,1832.02,-66.42,0.095021,145.00,402.945862,2372.50,0.000019,3135.00
63.450,2717.84,-60.89,0.122134,105.00,464.313995,2856.29,0.000048,5885.00
63.500,2805.65,-61.29,0.138362,230.00,555.797729,2721.74,0.000035,5485.00
63.550,2420.48,-64.05,0.119594,115.00,371.182648,2425.22,0.000024,4360.00
63.600,2066.56,-65.01,0.119304,225.00,484.318817,2101.88,0.000020,3530.00
63.650,1839.78,-67.34,0.100028,700.00,400.731506,1794.62,0.000014,3280.00
63.700,1692.06,-70.14,0.070515,125.00,361.009125,1597.60,0.000011,3050.00
63.750,2051.10,-70.10,0.043690,130.00,292.020508,1966.70,0.000018,3595.00
63.800,2382.61,-69.01,0.052349,130.00,213.147202,2162.60,0.000016,3855.00
63.850,1911.78,-70.66,0.048705,250.00,174.889114,2039.14,0.000012,3550.00
63.900,1486.08,-72.86,0.051858,245.00,226.053070,1916.79,0.000004,2685.00
63.950,1956.02,-69.35,0.063946,245.00,210.644302,2143.41,0.000010,3490.00
64.000,1937.79,-68.23,0.067199,125.00,218.619659,2102.46,0.000014,3440.00
64.050,1559.04,-71.32,0.047284,135.00,262.188995,1992.77,0.000011,2840.00
64.100,2285.47,-71.59,0.033705,170.00,206.978256,2246.07,0.000015,4650.00
64.150,3359.28,-68.90,0.030653,170.00,151.908173,2145.40,0.000048,4940.00
64.200,3706.14,-68.67,0.022862,145.00,99.595123,2225.01,0.000083,5515.00
64.250,3268.63,-71.06,0.012646,145.00,101.119148,2598.29,0.000109,6390.00
64.300,2039.21,-71.44,0.031064,130.00,152.532410,2342.61,0.000025,3625.00
64.350,2258.86,-69.60,0.038774,255.00,78.581017,2697.06,0.000034,3960.00
64.400,4707.85,-67.13,0.021123,520.00,164.029984,4062.65,0.000192,9385.00
64.450,6317.71,-65.60,0.020961,520.00,97.268898,3728.59,0.000299,10005.00
64.500,6243.00,-65.99,0.018325,135.00,71.083160,3954.16,0.000326,10595.00
64.550,5552.82,-65.44,0.022663,130.00,84.703659,3710.02,0.000258,9165.00
64.600,3927.06,-65.23,0.037525,245.00,163.986786,3173.12,0.000101,7485.00
64.650,3070.95,-66.72,0.042574,120.00,112.539886,2783.76,0.000052,6190.00
64.700,4404.47,-65.64,0.023270,120.00,155.856827,3532.31,0.000220,8165.00
64.750,4193.70,-65.26,0.022689,125.00,110.245934,3934.55,0.000297,9180.00
64.800,2215.43,-66.19,0.064841,115.00,299.880798,2825.34,0.000047,3520.00
64.850,1988.96,-67.06,0.084516,785.00,259.345734,2053.39,0.000021,3325.00
64.900,2276.41,-67.56,0.065032,115.00,248.693222,2231.60,0.000025,3630.00
64.950,2669.49,-68.52,0.032044,115.00,265.392761,2564.39,0.000060,4845.00
65.000,2342.55,-67.89,0.057690,495.00,280.022461,2498.16,0.000024,4655.00
65.050,1804.18,-69.13,0.074757,495.00,191.169403,2138.12,0.000012,3515.00
65.100,2985.46,-67.64,0.039219,490.00,258.431305,3340.21,0.000056,7400.00
65.150,6180.50,-64.62,0.023857,7670.00,238.123230,3008.89,0.000285,8460.00
65.200,5575.00,-64.09,0.029611,145.00,81.742180,2980.36,0.000231,7865.00
65.250,3353.06,-67.15,0.047519,150.00,247.772507,3259.30,0.000037,7010.00
65.300,1339.43,-73.01,0.070708,300.00,217.796844,1999.14,0.000003,2575.00
65.350,1082.65,-73.62,0.078789,295.00,185.035263,1703.37,0.000002,1435.00
65.400,1211.96,-73.97,0.045533,295.00,251.883698,1894.08,0.000004,1920.00
65.450,2514.08,-73.67,0.010087,145.00,245.400040,2701.47,0.000072,5090.00
65.500,2301.48,-73.77,0.011666,1325.00,48.886013,2532.00,0.000052,4470.00
65.550,1781.45,-74.75,0.015851,130.00,46.633865,2180.32,0.000020,3190.00
65.600,1713.17,-75.35,0.012641,140.00,48.458374,2242.05,0.000026,2950.00
65.650,2260.68,-72.95,0.015558,145.00,73.983185,2502.92,0.000045,4025.00
65.700,2099.92,-69.25,0.058042,435.00,283.291107,2284.85,0.000016,3695.00
65.750,2911.01,-64.92,0.079292,430.00,190.840195,2970.24,0.000033,7030.00
65.800,4714.31,-62.72,0.052116,140.00,287.048645,3405.33,0.000115,7880.00
65.850,4683.74,-64.88,0.052376,160.00,303.878906,3503.08,0.000056,7920.00
65.900,1455.91,-70.90,0.093243,155.00,344.826569,2371.78,0.000004,2900.00
65.950,1199.90,-71.91,0.101059,150.00,376.337555,1774.61,0.000002,2600.00
66.000,1556.55,-69.77,0.097064,280.00,439.939301,1900.93,0.000006,3205.00
66.050,1710.98,-68.05,0.102686,135.00,395.548859,1912.72,0.000010,3370.00
66.100,1707.40,-69.42,0.077029,120.00,333.128906,1891.32,0.000011,3295.00
66.150,1637.34,-72.26,0.038361,115.00,315.612244,1937.46,0.000013,3085.00
66.200,1914.31,-71.20,0.045387,220.00,179.659042,1964.69,0.000012,3110.00
66.250,2689.43,-68.35,0.051383,110.00,173.004150,2084.60,0.000025,4725.00
66.300,3308.04,-67.16,0.054078,2565.00,196.269577,2005.40,0.000041,5105.00
66.350,3031.04,-67.66,0.051714,210.00,212.483780,2162.43,0.000037,5085.00
66.400,2558.86,-68.74,0.055041,205.00,195.232376,2372.28,0.000019,4605.00
66.450,1773.28,-71.05,0.059858,205.00,127.822388,2162.53,0.000007,3255.00
66.500,1404.68,-71.30,0.064932,205.00,181.378799,1912.93,0.000007,2550.00
66.550,1542.56,-70.10,0.065412,105.00,240.919128,1935.62,0.000012,2930.00
66.600,1967.63,-69.41,0.045506,110.00,198.220764,2216.67,0.000026,3635.00
66.650,2363.90,-67.48,0.057873,450.00,263.608093,2217.68,0.000029,3865.00
66.700,2068.79,-68.92,0.061273,450.00,105.802261,2000.31,0.000015,3590.00
66.750,1815.60,-69.62,0.062237,490.00,319.752502,1967.27,0.000013,3525.00
66.800,2330.91,-66.55,0.076694,490.00,166.380402,2654.55,0.000023,4355.00
66.850,4146.55,-65.14,0.036693,480.00,297.825806,3581.11,0.000106,8025.00
66.900,4522.81,-66.87,0.025043,265.00,175.808212,3484.67,0.000133,7985.00
66.950,2109.04,-70.65,0.042503,265.00,171.817001,2688.65,0.000016,4880.00
67.000,1816.64,-70.74,0.049391,110.00,150.327271,2543.67,0.000012,4245.00
67.050,3134.32,-67.62,0.036665,105.00,177.436249,3114.27,0.000053,6955.00
67.100,2496.29,-67.57,0.052846,105.00,187.655807,2810.90,0.000030,5770.00
67.150,1668.06,-70.33,0.068131,205.00,195.609344,2127.71,0.000009,3195.00
67.200,1859.94,-68.85,0.082597,205.00,280.245514,2027.82,0.000011,3370.00
67.250,1986.23,-68.56,0.069299,195.00,262.099182,2108.96,0.000017,3515.00
67.300,1917.27,-71.57,0.033107,1365.00,290.534821,2185.23,0.000024,3495.00
67.350,2195.44,-68.63,0.045704,400.00,204.436417,2269.26,0.000032,3670.00
67.400,2447.85,-65.51,0.072907,400.00,220.571182,2556.41,0.000031,4410.00
67.450,4146.37,-62.64,0.053019,95.00,252.188721,3378.28,0.000102,7740.00
67.500,5882.26,-63.31,0.041490,7200.00,248.264572,3052.34,0.000137,8335.00
67.550,4098.79,-64.02,0.046134,115.00,206.237991,3437.38,0.000107,7785.00
67.600,2112.87,-66.81,0.073323,115.00,269.024078,2539.92,0.000024,4330.00
67.650,1381.57,-71.66,0.059622,115.00,167.985550,1782.87,0.000008,2605.00
67.700,1359.84,-72.97,0.035651,115.00,226.932007,1988.14,0.000012,2400.00
67.750,1581.41,-71.52,0.041307,715.00,170.441299,1975.62,0.000016,2800.00
67.800,1655.83,-72.23,0.031902,715.00,92.107330,2147.72,0.000019,2905.00
67.850,1605.98,-74.06,0.021074,95.00,119.083755,2279.23,0.000022,2400.00
67.900,1624.63,-71.61,0.036411,565.00,148.994690,2094.37,0.000021,2640.00
67.950,1850.24,-69.02,0.058349,365.00,225.756714,1996.52,0.000020,3490.00
68.000,2766.75,-65.37,0.067009,360.00,256.900879,2132.83,0.000047,4735.00
68.050,3384.41,-64.22,0.068164,2090.00,246.047729,2099.47,0.000059,4935.00
68.100,3033.79,-66.74,0.042922,380.00,251.378586,2280.62,0.000068,4910.00
68.150,2056.76,-67.48,0.069665,395.00,307.594757,2308.80,0.000024,3605.00
68.200,1959.60,-67.61,0.074270,395.00,186.907410,2338.90,0.000019,3515.00
68.250,1778.82,-70.51,0.048538,395.00,254.498260,2325.71,0.000016,3180.00
68.300,2022.42,-71.32,0.027764,125.00,208.429550,2615.19,0.000034,4435.00
68.350,3994.27,-66.37,0.027244,125.00,134.353348,3119.25,0.000153,7505.00
68.400,4278.13,-64.49,0.033890,120.00,120.974464,3090.44,0.000171,7570.00
68.450,3363.06,-66.24,0.036749,520.00,136.998367,3132.32,0.000093,7245.00
68.500,1691.62,-70.72,0.049995,170.00,226.928131,2454.40,0.000015,3490.00
68.550,1155.74,-73.11,0.073836,170.00,258.558716,1954.87,0.000003,1985.00
68.600,1312.82,-71.41,0.088805,170.00,196.713043,2180.53,0.000004,2545.00
68.650,1515.90,-69.92,0.083387,170.00,243.957825,2498.19,0.000008,2850.00
68.700,2200.41,-67.30,0.062820,160.00,324.199554,2862.67,0.000030,4240.00
68.750,2531.53,-65.50,0.092167,195.00,382.837769,2606.27,0.000025,4660.00
68.800,2230.66,-66.65,0.114838,200.00,438.087006,2504.74,0.000010,4105.00
68.850,1844.71,-68.91,0.114290,205.00,331.637939,2165.51,0.000006,3690.00
68.900,2138.10,-68.44,0.068779,205.00,371.047180,2350.92,0.000016,3800.00
68.950,2416.42,-66.66,0.078003,330.00,249.669052,2349.91,0.000021,3880.00
69.000,2183.77,-68.94,0.058057,320.00,173.936951,2232.94,0.000017,3805.00
69.050,2047.15,-70.30,0.047608,325.00,204.434006,2215.93,0.000019,3195.00
69.100,2080.82,-68.25,0.095084,320.00,354.386719,2154.38,0.000012,3170.00
69.150,1880.18,-68.63,0.109692,325.00,279.723480,1957.15,0.000009,3035.00
69.200,1771.25,-68.59,0.091860,335.00,444.324188,1913.36,0.000011,3090.00
69.250,1917.59,-66.96,0.110919,490.00,460.067596,2027.39,0.000011,3545.00
69.300,1978.60,-68.01,0.082905,485.00,300.776428,2112.07,0.000013,3575.00
69.350,1912.06,-70.28,0.053493,495.00,314.292694,2059.55,0.000013,3625.00
69.400,2009.93,-68.73,0.072211,495.00,195.117752,2174.21,0.000010,3720.00
69.450,2046.95,-70.62,0.041705,490.00,226.829956,2449.66,0.000018,3825.00
69.500,2739.72,-72.73,0.011544,460.00,216.984756,3303.76,0.000111,6870.00
69.550,1954.11,-71.61,0.028731,475.00,130.385147,2687.32,0.000029,3685.00
69.600,1575.59,-71.42,0.047054,465.00,128.279587,2191.39,0.000012,2790.00
69.650,2179.59,-70.98,0.025127,455.00,157.290451,2494.76,0.000036,4175.00
69.700,2197.14,-69.38,0.049856,485.00,247.758652,2335.70,0.000019,3825.00
69.750,2319.12,-68.01,0.074979,485.00,192.118561,2403.89,0.000015,3795.00
69.800,4187.76,-64.45,0.048581,485.00,226.523468,3421.50,0.000070,7995.00
69.850,6287.53,-65.12,0.027481,7580.00,243.876083,3099.20,0.000159,9015.00
69.900,4593.35,-67.46,0.024516,150.00,128.809692,3633.43,0.000103,8195.00
69.950,1771.91,-68.45,0.068473,130.00,329.158234,2145.38,0.000016,3390.00
70.000,1822.83,-67.00,0.091892,130.00,289.050995,2068.87,0.000016,3215.00
70.050,2018.52,-68.46,0.056544,125.00,295.916138,2416.24,0.000026,3460.00
70.100,3223.93,-71.75,0.011743,110.00,296.088715,3388.61,0.000140,7230.00
70.150,2602.73,-76.12,0.004826,125.00,52.370953,3017.59,0.000151,4980.00
70.200,2410.61,-75.16,0.006467,125.00,21.725964,2659.86,0.000105,4450.00
70.250,2759.79,-73.60,0.008367,125.00,25.951027,2756.95,0.000116,5460.00
70.300,2907.55,-73.02,0.009075,910.00,28.020409,2785.09,0.000118,6410.00
70.350,2562.43,-74.04,0.008772,915.00,30.889074,2772.47,0.000092,4840.00
70.400,3112.15,-72.61,0.009274,915.00,31.593187,2738.16,0.000119,6320.00
70.450,3588.70,-67.16,0.027518,145.00,134.732040,2593.82,0.000105,6710.00
70.500,3034.47,-66.24,0.045342,135.00,164.915283,2622.61,0.000061,5825.00
70.550,2205.45,-68.10,0.068836,135.00,240.182632,2250.03,0.000016,3580.00
70.600,1847.50,-69.94,0.069674,210.00,259.339081,2045.30,0.000009,3165.00
70.650,1303.52,-73.40,0.066473,205.00,332.587677,1895.20,0.000002,2655.00
70.700,1318.34,-73.60,0.058056,205.00,126.047379,1995.87,0.000003,2700.00
70.750,1832.39,-71.64,0.031987,210.00,224.707428,2333.41,0.000019,3165.00
70.800,1709.32,-70.80,0.046385,105.00,144.589615,2066.43,0.000014,2945.00
70.850,1306.69,-72.62,0.065160,215.00,239.082764,1799.95,0.000004,2565.00
70.900,1632.84,-72.36,0.063476,215.00,152.186813,2121.48,0.000004,3385.00
70.950,2281.92,-69.99,0.056816,220.00,176.169205,2397.08,0.000015,3630.00
71.000,2404.46,-68.48,0.048596,110.00,187.896225,2759.45,0.000035,3655.00
71.050,1964.20,-67.62,0.076482,490.00,316.572144,2182.54,0.000023,3130.00
71.100,1966.84,-67.52,0.089990,470.00,228.313507,1938.69,0.000015,3240.00
71.150,2121.26,-68.24,0.062078,365.00,301.580658,2111.11,0.000021,3375.00
71.200,2536.70,-68.72,0.032309,1500.00,256.659180,2763.81,0.000055,4710.00
71.250,2070.74,-69.55,0.042084,455.00,157.229965,2388.53,0.000029,3670.00
71.300,1952.82,-69.60,0.050008,475.00,130.248001,2299.95,0.000021,3375.00
71.350,2816.41,-68.87,0.027386,475.00,174.928116,3132.19,0.000067,6710.00
71.400,2577.64,-70.59,0.025459,190.00,115.874916,3097.38,0.000046,5945.00
71.450,1997.30,-71.82,0.030208,180.00,66.935204,2505.28,0.000020,4080.00
71.500,2643.39,-70.24,0.023054,160.00,111.257042,2563.35,0.000054,4695.00
71.550,2363.54,-69.14,0.036246,165.00,125.322548,2300.27,0.000041,4020.00
71.600,2854.97,-67.38,0.036775,165.00,100.887123,2749.04,0.000067,5590.00
71.650,3845.15,-67.91,0.026506,905.00,143.483078,3263.64,0.000089,7530.00
71.700,3511.93,-68.57,0.022923,3710.00,80.536972,3082.51,0.000088,7215.00
71.750,2537.36,-67.88,0.034985,3710.00,148.026566,2690.51,0.000058,4860.00
71.800,2039.58,-69.40,0.045490,165.00,123.755318,2343.79,0.000027,3620.00
71.850,2322.94,-69.30,0.039561,3710.00,141.337433,2552.98,0.000034,3715.00
71.900,2467.31,-69.18,0.037049,3710.00,132.825531,2496.82,0.000037,4210.00
71.950,3466.95,-66.72,0.041042,585.00,155.731430,2702.04,0.000056,6570.00
72.000,3681.56,-66.53,0.036688,3710.00,87.265732,2725.44,0.000074,6870.00
72.050,2760.47,-70.18,0.032604,3710.00,172.449036,2596.95,0.000033,4970.00
72.100,1839.74,-72.95,0.047414,3710.00,175.045395,2134.60,0.000008,3540.00
72.150,1790.06,-73.27,0.048024,3710.00,161.604431,2003.41,0.000006,3340.00
72.200,2058.45,-73.90,0.031121,3710.00,172.002426,2247.09,0.000011,3710.00
72.250,2585.20,-74.28,0.023520,3710.00,113.424759,2620.27,0.000016,4065.00
72.300,2054.86,-73.29,0.039087,3710.00,162.559921,2167.44,0.000010,3705.00
72.350,1792.94,-72.77,0.052731,3710.00,147.073929,1875.08,0.000007,3335.00
72.400,1771.38,-72.51,0.061806,1355.00,271.484314,1866.60,0.000006,3320.00
72.450,1899.71,-72.84,0.068500,1355.00,205.597504,1955.68,0.000003,3335.00
72.500,1939.61,-73.47,0.045052,1360.00,202.986420,1969.36,0.000004,3345.00
72.550,2369.20,-74.51,0.024246,3335.00,197.749542,2352.95,0.000005,3710.00
72.600,2657.77,-75.02,0.020338,3340.00,57.395809,2506.12,0.000005,4140.00
72.650,2448.08,-74.97,0.017297,3340.00,43.672764,2436.39,0.000008,4020.00
72.700,2586.45,-74.32,0.015536,3335.00,32.980240,2563.33,0.000018,5065.00
72.750,3162.62,-73.77,0.012589,3335.00,37.017536,2805.48,0.000042,5955.00
72.800,3334.49,-73.35,0.011555,3340.00,46.450275,3120.56,0.000078,6400.00
72.850,3277.69,-72.33,0.021824,420.00,97.043243,3499.11,0.000038,7590.00
72.900,3401.43,-70.84,0.030037,410.00,103.257446,3748.97,0.000034,8955.00
72.950,3943.29,-70.45,0.028296,405.00,109.078918,3951.27,0.000042,9330.00
73.000,4288.55,-71.27,0.022498,270.00,72.524185,4034.94,0.000051,9420.00
73.050,4874.92,-72.10,0.017348,270.00,54.416664,4433.96,0.000064,10100.00
73.100,4824.48,-74.66,0.012431,265.00,66.540894,4740.24,0.000058,11170.00
73.150,3823.53,-77.79,0.008778,265.00,33.483711,4754.67,0.000039,10380.00
73.200,3832.35,-78.92,0.004160,270.00,32.284283,4570.39,0.000084,9830.00
73.250,4385.22,-78.85,0.001674,270.00,18.315210,4108.11,0.000506,9730.00
73.300,4559.29,-78.55,0.001455,270.00,4.217910,4039.44,0.000780,9990.00
73.350,4379.62,-78.76,0.001274,265.00,4.388491,3922.41,0.000832,9700.00
73.400,4152.39,-78.98,0.000933,265.00,3.684145,3753.25,0.001104,9030.00
73.450,4134.40,-79.33,0.000770,270.00,2.932201,3804.58,0.001116,8780.00
73.500,4439.58,-79.55,0.000665,270.00,1.983294,4196.72,0.001432,9900.00
73.550,4072.27,-78.70,0.000980,270.00,4.443635,3764.91,0.001307,8050.00
73.600,3608.89,-75.61,0.003357,1890.00,15.458486,3098.44,0.000386,7150.00
73.650,1476.91,-73.76,0.026539,480.00,159.457428,2206.54,0.000014,2800.00
73.700,1090.80,-71.78,0.080377,120.00,349.718140,1723.21,0.000005,1855.00
73.750,1993.05,-66.39,0.085088,115.00,222.393311,2392.61,0.000024,4130.00
73.800,2383.33,-63.44,0.101457,485.00,393.993713,2438.89,0.000040,4620.00
73.850,1933.20,-65.81,0.099482,485.00,213.325867,2179.59,0.000022,3535.00
73.900,1918.88,-69.16,0.055136,450.00,380.868835,2140.00,0.000022,3395.00
73.950,2112.76,-66.56,0.094800,430.00,366.835907,2152.46,0.000017,3520.00
74.000,2938.51,-63.94,0.087640,430.00,229.748016,2856.05,0.000034,7060.00
74.050,4836.22,-62.37,0.052761,430.00,388.593323,3288.26,0.000125,7910.00
74.100,4798.07,-63.43,0.057597,130.00,271.981323,3376.33,0.000093,7900.00
74.150,2537.89,-67.24,0.077799,125.00,287.828125,3199.46,0.000018,7005.00
74.200,1675.86,-69.34,0.067371,120.00,290.752014,2204.14,0.000014,3215.00
74.250,1835.17,-69.34,0.060785,440.00,210.050323,2070.22,0.000015,3325.00
74.300,2732.38,-69.61,0.023923,320.00,246.685425,2836.42,0.000067,5260.00
74.350,2500.05,-67.53,0.039757,460.00,172.871582,2513.87,0.000048,4535.00
74.400,1985.54,-67.46,0.085497,515.00,324.697693,1919.31,0.000016,3415.00
74.450,2090.61,-67.46,0.077232,515.00,206.980103,2078.96,0.000022,3415.00
74.500,3197.65,-67.76,0.027451,495.00,336.570831,3292.71,0.000106,7485.00
74.550,3339.13,-68.97,0.022558,245.00,151.012314,3278.49,0.000102,7420.00
74.600,2371.39,-67.79,0.061682,240.00,257.258820,2439.06,0.000027,3935.00
74.650,2489.89,-67.47,0.055102,235.00,127.815987,2672.94,0.000036,4405.00
74.700,3029.62,-69.83,0.023569,280.00,253.704742,3156.27,0.000076,6275.00
74.750,2735.42,-70.26,0.025931,280.00,83.103737,3264.20,0.000059,6290.00
74.800,2270.40,-69.24,0.051056,230.00,219.161636,3364.59,0.000025,6425.00
74.850,2016.17,-66.41,0.085050,345.00,310.880890,2954.71,0.000025,3850.00
74.900,1933.46,-65.79,0.096975,500.00,338.069946,2416.14,0.000026,3525.00
74.950,3057.99,-63.20,0.082141,420.00,308.817993,2962.23,0.000060,7075.00
75.000,4861.44,-62.75,0.045226,415.00,340.702148,3245.90,0.000160,7925.00
75.050,5148.73,-65.22,0.020099,330.00,198.250717,3310.12,0.000326,8315.00
75.100,2914.73,-67.60,0.034204,325.00,167.661789,3306.53,0.000068,7010.00
75.150,2532.81,-65.50,0.064354,320.00,241.505692,3017.48,0.000042,5515.00
75.200,3148.84,-64.62,0.063108,290.00,205.790176,3243.20,0.000051,7235.00
75.250,3065.73,-64.89,0.064035,210.00,208.588287,3099.39,0.000049,7035.00
75.300,2443.04,-64.85,0.073179,415.00,251.303284,2790.78,0.000047,4190.00
75.350,2189.53,-65.43,0.095055,415.00,299.785828,2334.87,0.000029,3495.00
75.400,2085.75,-68.12,0.075222,205.00,272.957031,2258.60,0.000019,3475.00
75.450,2143.20,-69.40,0.047122,200.00,299.332825,2644.62,0.000026,4690.00
75.500,3505.08,-66.35,0.033218,475.00,211.113525,2774.68,0.000115,5980.00
75.550,2444.43,-65.41,0.061258,475.00,291.393250,2642.21,0.000052,5385.00
75.600,1632.48,-67.59,0.101526,620.00,354.607513,2104.57,0.000012,2410.00
75.650,1672.04,-69.23,0.085099,620.00,244.930939,2146.41,0.000009,2495.00
75.700,1773.04,-71.13,0.044418,120.00,350.299896,2551.61,0.000016,2890.00
75.750,2137.36,-71.47,0.027319,120.00,200.476151,2868.37,0.000034,4325.00
75.800,1896.86,-72.86,0.029008,415.00,96.551598,2498.20,0.000016,3730.00
75.850,1615.19,-73.56,0.036333,230.00,155.485580,2218.15,0.000006,3515.00
75.900,1262.27,-74.78,0.049659,225.00,155.873291,1949.44,0.000002,2555.00
75.950,1006.78,-74.84,0.053520,225.00,162.100616,1507.81,0.000002,1950.00
76.000,1192.96,-72.20,0.077668,505.00,336.221161,1491.10,0.000003,2430.00
76.050,2225.37,-68.26,0.073808,510.00,245.702469,2077.31,0.000015,4500.00
76.100,3231.84,-66.88,0.052860,2710.00,336.520660,2038.10,0.000042,5000.00
76.150,2702.32,-67.08,0.062053,135.00,250.999069,2091.31,0.000033,4810.00
76.200,2180.31,-67.39,0.061820,135.00,212.876541,2535.49,0.000032,3690.00
76.250,2694.29,-69.60,0.032227,125.00,234.367355,3506.22,0.000052,6800.00
76.300,2193.40,-71.68,0.030862,250.00,112.399475,3119.76,0.000028,5305.00
76.350,1626.61,-69.55,0.080108,245.00,340.598236,2509.88,0.000009,2635.00
76.400,1674.75,-68.45,0.091032,240.00,258.647552,2499.34,0.000010,2740.00
76.450,1815.65,-70.73,0.046009,115.00,332.421814,2719.33,0.000019,3580.00
76.500,3331.08,-70.32,0.017340,350.00,237.799408,3671.41,0.000115,7740.00
76.550,3368.11,-70.29,0.018950,330.00,65.021484,3754.10,0.000094,8250.00
76.600,3044.26,-72.11,0.020282,330.00,68.150291,3902.36,0.000054,8165.00
76.650,3307.33,-69.47,0.029412,535.00,117.370682,4065.64,0.000057,9240.00
76.700,2423.32,-67.17,0.056835,135.00,257.824554,3396.74,0.000037,5815.00
76.750,1792.65,-67.27,0.086319,135.00,262.316559,2542.21,0.000020,3035.00
76.800,2107.26,-67.82,0.058603,525.00,249.622467,2853.51,0.000033,4145.00
76.850,2182.03,-67.16,0.055732,785.00,270.184265,2837.18,0.000044,4075.00
76.900,2201.63,-65.59,0.064866,750.00,212.544601,2636.59,0.000049,3630.00
76.950,2132.52,-65.84,0.067312,195.00,271.228882,2608.42,0.000039,3515.00
77.000,1691.41,-68.92,0.073799,195.00,248.504440,2361.25,0.000013,2920.00
77.050,1615.63,-67.92,0.088780,190.00,309.557861,2007.53,0.000014,2855.00
77.100,1997.29,-66.42,0.081218,185.00,296.672638,2382.36,0.000029,3530.00
77.150,3797.13,-63.61,0.053265,180.00,293.982483,3527.69,0.000118,7640.00
77.200,4287.04,-62.44,0.050680,180.00,232.367111,3419.38,0.000181,7750.00
77.250,2566.18,-62.99,0.085415,180.00,335.913208,2778.89,0.000065,5265.00
77.300,2602.04,-62.27,0.082750,185.00,220.054688,2991.01,0.000085,4605.00
77.350,3064.06,-61.41,0.074049,195.00,327.590363,3394.99,0.000113,6865.00
77.400,2463.91,-63.54,0.082241,570.00,299.682861,2845.00,0.000050,4130.00
77.450,1780.11,-69.66,0.057821,110.00,241.783188,2192.88,0.000017,3045.00
77.500,1557.12,-70.08,0.062480,115.00,260.301849,2094.00,0.000014,2660.00
77.550,1510.38,-69.04,0.082527,115.00,250.898819,1837.89,0.000013,2685.00
77.600,1894.68,-68.43,0.058148,460.00,263.116638,2287.36,0.000028,3360.00
77.650,3437.26,-67.75,0.026181,160.00,256.639404,3199.48,0.000111,7290.00
77.700,2574.91,-69.56,0.033771,435.00,136.065277,3047.09,0.000039,6895.00
77.750,1376.22,-75.01,0.028080,165.00,74.201256,2314.82,0.000009,2340.00
77.800,1454.89,-77.58,0.011119,160.00,126.207352,2647.57,0.000014,2660.00
77.850,2046.99,-78.28,0.004808,160.00,45.727291,3202.55,0.000051,4465.00
77.900,2946.13,-78.98,0.001790,315.00,20.898590,3921.77,0.000260,7590.00
77.950,4829.15,-78.92,0.001401,135.00,5.950371,4693.58,0.000775,10940.00
78.000,5886.78,-74.47,0.005351,445.00,27.607573,4676.14,0.000346,10855.00
78.050,5651.05,-71.92,0.010756,445.00,38.813686,4730.26,0.000196,10815.00
78.100,3947.09,-72.43,0.013558,475.00,56.576889,4531.11,0.000119,10460.00
78.150,2414.78,-72.00,0.029539,455.00,136.742737,3475.98,0.000030,6005.00
78.200,2658.82,-69.95,0.045796,450.00,173.426941,3651.62,0.000021,7100.00
78.250,2168.77,-70.23,0.056287,450.00,231.950897,3268.00,0.000014,5785.00
78.300,1923.09,-71.21,0.073893,415.00,326.516235,3145.06,0.000006,3330.00
78.350,1939.65,-69.96,0.096781,420.00,257.547028,3153.30,0.000007,2680.00
78.400,2194.97,-66.39,0.117800,575.00,459.649780,3241.61,0.000016,3755.00
78.450,2014.81,-65.65,0.125650,580.00,523.845276,2883.07,0.000019,2985.00
78.500,2207.22,-65.94,0.114167,620.00,542.164368,3049.10,0.000018,3290.00
78.550,2871.11,-65.32,0.084797,315.00,409.392334,3677.64,0.000031,7440.00
78.600,5403.72,-59.26,0.059860,310.00,364.006134,3999.63,0.000257,9860.00
78.650,6041.10,-56.58,0.070766,300.00,225.845749,3736.78,0.000410,9965.00
78.700,4615.36,-58.56,0.101835,300.00,393.367584,4078.72,0.000124,9525.00
78.750,2865.12,-64.83,0.102756,275.00,432.371674,4034.57,0.000023,8505.00
78.800,2150.20,-69.96,0.083707,265.00,392.628540,3610.17,0.000008,6425.00
78.850,2681.84,-65.83,0.070751,245.00,382.808929,3831.78,0.000036,7875.00
78.900,3383.74,-61.80,0.109661,410.00,364.480286,4200.40,0.000050,9775.00
78.950,3964.21,-63.18,0.081025,405.00,314.038483,4409.79,0.000056,10085.00
79.000,4018.63,-67.39,0.029534,250.00,370.588470,4274.62,0.000101,9875.00
79.050,5671.77,-58.14,0.042715,1515.00,258.919159,3831.61,0.000655,9985.00
79.100,4674.28,-55.47,0.097258,460.00,450.786255,3952.00,0.000354,9080.00
79.150,2821.69,-59.50,0.155180,590.00,595.020813,3486.96,0.000058,6820.00
79.200,1579.22,-67.78,0.141189,595.00,439.430237,2467.94,0.000008,1965.00
79.250,1375.62,-73.66,0.060501,595.00,555.871033,2272.62,0.000006,1350.00
79.300,1473.75,-76.44,0.017145,160.00,327.749939,2559.89,0.000016,2730.00
79.350,1279.70,-76.69,0.020845,200.00,77.399368,2398.44,0.000009,1835.00
79.400,1797.46,-72.66,0.040025,120.00,186.321121,2638.54,0.000009,4715.00
79.450,2818.62,-66.34,0.062633,120.00,253.093033,2776.88,0.000034,6415.00
79.500,2476.05,-64.66,0.109527,375.00,419.583405,2466.41,0.000021,5015.00
79.550,2132.73,-66.30,0.121293,375.00,283.107269,2220.28,0.000012,3510.00
79.600,2173.37,-66.91,0.097125,265.00,397.901825,2401.82,0.000015,3805.00
79.650,2121.83,-67.79,0.063453,260.00,344.843994,2542.69,0.000026,3800.00
79.700,2025.69,-66.89,0.083430,455.00,420.079468,2369.45,0.000022,3400.00
79.750,1981.28,-66.28,0.106959,225.00,327.314423,2141.89,0.000016,3295.00
79.800,1716.77,-67.56,0.100570,115.00,373.668396,1934.94,0.000012,2790.00
79.850,1570.23,-69.94,0.074437,125.00,396.122131,1964.86,0.000010,2595.00
79.900,1596.88,-71.66,0.059786,260.00,312.237701,2235.98,0.000007,2840.00
79.950,2304.88,-67.71,0.053663,260.00,223.183807,3080.89,0.000032,5130.00
80.000,4264.35,-63.98,0.037475,115.00,203.546143,3717.68,0.000162,7895.00
80.050,5808.17,-64.32,0.025466,275.00,170.035736,3426.49,0.000287,8760.00
80.100,4117.62,-67.00,0.026688,410.00,123.426491,3785.78,0.000131,8090.00
80.150,2125.80,-69.21,0.044400,215.00,174.754929,3129.31,0.000037,4805.00
80.200,2662.67,-67.52,0.045199,200.00,146.813065,3612.39,0.000054,6755.00
80.250,3811.95,-65.49,0.033346,190.00,166.243362,3936.30,0.000149,8705.00
80.300,2900.97,-66.15,0.063048,405.00,277.089142,3639.95,0.000034,7110.00
80.350,2200.35,-67.37,0.085855,410.00,245.587112,3260.82,0.000015,5350.00
80.400,3627.50,-65.40,0.058120,410.00,255.288467,3562.94,0.000054,7745.00
80.450,4714.79,-63.98,0.042405,245.00,284.195923,3241.84,0.000140,7800.00
80.500,2812.49,-65.42,0.068662,120.00,275.077576,3002.21,0.000040,6750.00
80.550,2876.63,-64.37,0.072128,115.00,246.982300,2556.11,0.000055,5400.00
80.600,3452.44,-63.20,0.065933,310.00,292.177917,2576.27,0.000080,6610.00
80.650,2663.24,-65.96,0.064009,220.00,317.196228,2693.89,0.000038,5285.00
80.700,2202.13,-67.53,0.084988,220.00,282.258667,2533.29,0.000014,4130.00
80.750,2043.97,-66.89,0.092218,235.00,305.831665,2488.69,0.000013,3765.00
80.800,1942.10,-66.82,0.100289,120.00,372.442688,2275.86,0.000013,3285.00
80.850,2135.39,-65.75,0.086766,120.00,266.916595,2492.76,0.000023,3755.00
80.900,3506.70,-66.49,0.034659,115.00,373.186584,3265.08,0.000088,7320.00
80.950,4213.36,-68.14,0.013224,120.00,171.334061,3253.91,0.000307,7700.00
81.000,2002.08,-68.90,0.041587,165.00,211.403625,2461.29,0.000044,3830.00
81.050,1938.18,-68.09,0.056233,165.00,141.611389,2739.52,0.000035,3425.00
81.100,2811.61,-66.44,0.049966,165.00,193.220184,3713.93,0.000060,8440.00
81.150,3317.20,-67.01,0.043082,265.00,170.852509,4038.44,0.000062,9385.00
81.200,3156.65,-69.61,0.034905,265.00,146.773682,4000.94,0.000042,9220.00
81.250,1454.42,-71.70,0.061243,175.00,257.286316,2638.17,0.000009,2515.00
81.300,1274.80,-71.79,0.077069,170.00,225.058487,2255.47,0.000005,2450.00
81.350,1783.84,-69.95,0.072681,160.00,334.959747,2754.47,0.000010,3320.00
81.400,2294.28,-69.90,0.070637,305.00,268.910065,3086.61,0.000010,4130.00
81.450,2246.75,-72.42,0.045212,305.00,198.686218,3125.98,0.000011,4300.00
81.500,3747.27,-73.22,0.011506,300.00,228.856247,3796.28,0.000110,7670.00
81.550,3964.03,-67.43,0.025256,415.00,119.561142,3785.65,0.000136,7810.00
81.600,2593.24,-65.87,0.068354,410.00,309.775543,3399.64,0.000039,7115.00
81.650,1564.87,-68.46,0.112547,185.00,402.789429,2781.47,0.000008,2560.00
81.700,1887.76,-65.82,0.132640,185.00,350.759827,2880.61,0.000013,3265.00
81.750,2587.71,-62.39,0.126525,215.00,529.209778,3180.33,0.000036,6685.00
81.800,4181.85,-60.39,0.078622,215.00,458.002228,3593.25,0.000122,7905.00
81.850,5773.34,-58.31,0.065014,590.00,417.955505,3234.61,0.000298,8700.00
81.900,6110.71,-58.50,0.079263,590.00,228.763657,3177.50,0.000204,8600.00
81.950,4569.37,-60.73,0.083094,215.00,380.425415,3636.89,0.000111,7985.00
82.000,3043.76,-64.04,0.068509,215.00,252.013611,3281.93,0.000065,6985.00
82.050,3310.93,-63.20,0.062871,205.00,263.703552,3105.34,0.000107,6920.00
82.100,3083.05,-62.45,0.091055,200.00,263.514740,3321.49,0.000069,7250.00
82.150,4779.74,-60.96,0.070576,200.00,332.883087,3328.90,0.000148,7900.00
82.200,3815.66,-61.06,0.097081,440.00,393.616852,3205.23,0.000068,7440.00
82.250,1740.98,-66.43,0.133692,515.00,474.261536,2348.87,0.000010,4010.00
82.300,1067.62,-72.61,0.090096,980.00,425.843964,1461.64,0.000003,1115.00
82.350,1304.86,-71.52,0.091423,565.00,420.299835,1589.07,0.000003,2515.00
82.400,1046.48,-71.35,0.136498,570.00,451.297150,1385.98,0.000002,1150.00
82.450,1038.15,-70.69,0.145121,470.00,542.696777,1550.37,0.000002,1035.00
82.500,2345.64,-65.54,0.119013,475.00,453.382996,2840.39,0.000012,5830.00
82.550,4220.42,-64.23,0.052222,475.00,504.172028,3187.46,0.000064,7455.00
82.600,3509.07,-65.42,0.046978,560.00,265.391602,3035.52,0.000064,6975.00
82.650,1810.63,-68.57,0.066008,560.00,238.748413,2254.45,0.000019,3835.00
82.700,2619.56,-65.91,0.055529,520.00,204.878464,3236.40,0.000053,6800.00
82.750,4828.63,-62.52,0.039987,415.00,243.429428,3696.61,0.000211,8860.00
82.800,4630.02,-62.92,0.040047,410.00,139.122681,3507.35,0.000175,8390.00
82.850,2257.26,-66.70,0.067689,410.00,304.894440,2850.14,0.000028,4740.00
82.900,1891.96,-66.47,0.110099,405.00,375.527222,2553.98,0.000014,3530.00
82.950,1859.62,-67.26,0.105062,200.00,283.504883,2713.40,0.000012,3420.00
83.000,1525.60,-69.44,0.103934,200.00,355.162659,2672.82,0.000006,2615.00
83.050,1946.28,-67.24,0.085029,195.00,321.007446,2570.24,0.000018,3630.00
83.100,2024.25,-67.03,0.092076,195.00,253.705353,2316.71,0.000017,3550.00
83.150,1621.87,-69.79,0.083960,180.00,328.235931,2151.62,0.000008,3175.00
83.200,2033.95,-66.69,0.101424,185.00,384.232666,2277.55,0.000017,3335.00
83.250,2284.51,-64.93,0.106372,190.00,343.566040,2350.69,0.000027,3475.00
83.300,2110.84,-65.57,0.093236,220.00,454.631012,2601.70,0.000025,3550.00
83.350,3430.25,-62.18,0.077179,110.00,343.461761,3330.87,0.000073,6910.00
83.400,3991.86,-60.21,0.067831,110.00,360.548737,2905.12,0.000178,6625.00
83.450,3434.74,-62.01,0.074131,1605.00,224.598099,2411.94,0.000105,5050.00
83.500,2476.02,-66.62,0.067900,205.00,325.869415,2308.09,0.000035,4640.00
83.550,1303.30,-71.50,0.064019,200.00,277.974274,2063.38,0.000009,2560.00
83.600,1552.48,-69.21,0.080599,180.00,340.089569,2229.91,0.000012,2860.00
83.650,3272.51,-64.13,0.069515,515.00,202.375351,3465.28,0.000052,7525.00
83.700,5813.88,-60.90,0.045038,7070.00,345.928864,3276.35,0.000227,8760.00
83.750,4560.15,-59.53,0.062648,195.00,245.236755,3530.64,0.000200,8075.00
83.800,2517.85,-62.31,0.098345,730.00,387.635498,2979.89,0.000052,5745.00
83.850,1585.97,-67.85,0.112903,730.00,348.090118,1992.66,0.000011,2750.00
83.900,1520.06,-67.65,0.126569,735.00,439.473907,1745.50,0.000010,2535.00
83.950,1655.33,-68.17,0.100355,735.00,377.956055,1755.97,0.000013,2700.00
84.000,1689.61,-71.09,0.049894,115.00,440.606079,1911.39,0.000014,3115.00
84.050,1876.36,-71.32,0.047376,230.00,232.198471,2435.23,0.000012,3765.00
84.100,2313.43,-68.75,0.045026,115.00,150.086304,2698.93,0.000031,4595.00
84.150,2417.49,-69.88,0.033660,195.00,193.907745,2976.60,0.000041,5180.00
84.200,2305.52,-72.18,0.030448,195.00,107.616951,3415.21,0.000026,6300.00
84.250,4060.82,-69.10,0.017329,95.00,113.578476,3826.47,0.000153,9045.00
84.300,3534.35,-67.37,0.024983,215.00,121.992928,3580.57,0.000142,7930.00
84.350,2553.67,-68.19,0.047966,210.00,177.034897,3016.42,0.000037,5225.00
84.400,1902.74,-71.41,0.052685,210.00,163.173553,2446.14,0.000012,3210.00
84.450,2268.59,-70.12,0.047245,205.00,145.044708,2392.25,0.000020,4515.00
84.500,3203.26,-66.42,0.046417,205.00,213.362366,2283.22,0.000069,4865.00
84.550,3630.60,-65.86,0.043874,270.00,160.686111,2263.66,0.000085,4960.00
84.600,3194.85,-65.35,0.044017,360.00,231.764404,3043.88,0.000097,4985.00
84.650,2835.83,-64.59,0.082714,335.00,313.383667,3033.21,0.000042,3790.00
84.700,2599.25,-66.29,0.078661,335.00,167.118607,2736.29,0.000030,3600.00
84.750,2496.93,-68.50,0.042574,275.00,327.473236,3156.06,0.000050,4355.00
84.800,2198.10,-69.76,0.062666,270.00,297.166565,3486.62,0.000016,5115.00
84.850,1643.48,-70.91,0.070602,260.00,162.412918,2752.61,0.000009,2665.00
84.900,1517.27,-72.73,0.051943,315.00,292.768860,2454.10,0.000007,2695.00
84.950,1841.43,-71.28,0.045641,320.00,194.150803,2998.12,0.000017,3070.00
85.000,1733.42,-68.36,0.074777,205.00,338.735199,2649.03,0.000020,2655.00
85.050,1779.16,-66.88,0.090036,195.00,234.755264,2493.22,0.000024,2760.00
85.100,2018.16,-68.15,0.069598,190.00,360.822113,2930.28,0.000025,3205.00
85.150,2371.06,-68.38,0.069138,190.00,256.482208,2988.10,0.000021,3920.00
85.200,2535.13,-67.59,0.077106,190.00,160.924774,2736.30,0.000020,4070.00
85.250,2280.38,-67.62,0.077328,190.00,159.442673,2778.33,0.000018,3810.00
85.300,1825.60,-69.74,0.077363,195.00,231.634338,2966.56,0.000009,2825.00
85.350,1821.21,-71.22,0.055826,195.00,222.949554,3068.83,0.000011,3075.00
85.400,2304.95,-71.56,0.031596,410.00,242.791626,3272.21,0.000025,5665.00
85.450,2993.67,-70.89,0.024252,400.00,130.787140,3513.08,0.000046,7195.00
85.500,3241.50,-71.94,0.017563,265.00,64.975136,3593.91,0.000062,7865.00
85.550,3112.74,-73.88,0.010074,265.00,62.234192,3400.13,0.000104,6675.00
85.600,2919.86,-75.68,0.005243,265.00,40.194473,3037.90,0.000189,5090.00
85.650,2889.73,-75.03,0.008546,680.00,43.100975,3821.21,0.000126,6875.00
85.700,2555.35,-72.82,0.023592,680.00,102.977913,3862.53,0.000044,5855.00
85.750,2534.67,-71.47,0.029173,655.00,84.704224,3734.45,0.000046,5655.00
85.800,4023.95,-67.00,0.022438,655.00,91.250526,3985.45,0.000220,8935.00
85.850,4711.68,-63.00,0.029139,560.00,134.475327,3754.92,0.000372,9110.00
85.900,3082.27,-62.17,0.073402,985.00,326.693542,3351.86,0.000091,6815.00
85.950,1887.11,-66.49,0.080373,745.00,201.795822,2366.40,0.000028,3410.00
86.000,1997.72,-68.57,0.052798,200.00,300.605896,2131.97,0.000027,3340.00
86.050,2036.32,-69.03,0.057985,205.00,245.774567,2345.67,0.000019,3530.00
86.100,1459.77,-72.80,0.043348,200.00,167.272751,2256.11,0.000010,2795.00
86.150,1718.61,-70.60,0.041834,300.00,207.357101,2275.76,0.000024,3000.00
86.200,1656.06,-68.64,0.072362,595.00,250.420609,2148.79,0.000018,2950.00
86.250,1851.81,-68.42,0.058226,200.00,196.466766,2666.04,0.000028,3255.00
86.300,1954.11,-66.17,0.101332,515.00,474.494354,2764.38,0.000019,3795.00
86.350,1977.64,-66.17,0.117640,515.00,259.910828,2735.43,0.000013,3965.00
86.400,2330.25,-68.63,0.050016,510.00,463.507324,3099.97,0.000027,5325.00
86.450,2229.89,-70.56,0.043273,135.00,333.176605,3276.79,0.000020,5510.00
86.500,2493.59,-68.29,0.061355,135.00,154.589020,3657.82,0.000020,7005.00
86.550,2167.38,-66.38,0.063844,130.00,322.084320,2765.32,0.000041,3675.00
86.600,1823.03,-68.11,0.079320,550.00,259.671173,2054.25,0.000018,3325.00
86.650,1929.45,-69.46,0.047620,280.00,267.015961,2287.43,0.000027,3460.00
86.700,2825.37,-69.71,0.023144,275.00,230.459595,2800.64,0.000078,5110.00
86.750,2391.42,-68.80,0.044573,225.00,209.319641,2594.77,0.000031,4375.00
86.800,1962.80,-69.58,0.063319,220.00,215.332443,2613.91,0.000013,3705.00
86.850,3097.21,-67.00,0.066979,215.00,152.076523,3635.74,0.000021,6720.00
86.900,2712.29,-66.20,0.082335,115.00,379.214844,3430.44,0.000020,6070.00
86.950,1628.77,-69.52,0.099613,140.00,410.876038,2681.99,0.000006,3710.00
87.000,1094.60,-71.73,0.106868,140.00,445.002197,1740.51,0.000003,1640.00
87.050,1379.02,-68.65,0.100664,140.00,373.590302,1972.14,0.000013,2550.00
87.100,1655.63,-68.17,0.073871,125.00,341.689880,2329.53,0.000026,2890.00
87.150,1663.91,-71.26,0.043546,195.00,279.199890,2647.09,0.000023,2890.00
87.200,2006.18,-72.94,0.023142,165.00,188.087845,3068.10,0.000039,3570.00
87.250,1739.14,-70.47,0.049827,490.00,224.398773,2258.43,0.000022,3105.00
87.300,1706.89,-68.44,0.077482,575.00,213.000687,2212.62,0.000018,2950.00
87.350,3616.85,-64.76,0.050470,535.00,248.169434,3594.36,0.000081,8015.00
87.400,6514.34,-64.85,0.029209,7620.00,268.922638,3063.53,0.000172,9115.00
87.450,4946.79,-65.88,0.028364,490.00,124.340118,3645.74,0.000132,8460.00
87.500,1971.81,-68.13,0.062809,490.00,281.655212,2596.86,0.000022,3935.00
87.550,3210.42,-64.88,0.060734,485.00,140.386459,3186.03,0.000051,7305.00
87.600,5087.56,-64.44,0.035607,90.00,273.271179,3210.12,0.000137,7980.00
87.650,3308.79,-67.04,0.054529,210.00,269.803619,3395.13,0.000030,7380.00
87.700,1352.85,-71.56,0.080359,205.00,281.816437,2167.43,0.000005,2295.00
87.750,1411.68,-71.60,0.082007,200.00,304.115082,2190.29,0.000004,2345.00
87.800,1325.62,-73.10,0.049922,195.00,262.579926,2159.55,0.000006,2335.00
87.850,2090.96,-71.89,0.026721,195.00,211.201599,2304.43,0.000028,3820.00
87.900,1975.40,-68.19,0.067127,195.00,276.477692,2360.31,0.000023,3240.00
87.950,3104.98,-63.31,0.065788,360.00,165.519348,3331.75,0.000084,7030.00
88.000,5240.23,-60.76,0.043073,255.00,303.600830,3581.96,0.000318,8575.00
88.050,4067.98,-60.56,0.062821,125.00,260.082611,3755.41,0.000186,7925.00
88.100,2295.03,-63.47,0.091231,190.00,323.482483,3089.30,0.000054,4795.00
88.150,1842.62,-66.20,0.092577,190.00,269.240051,2360.17,0.000029,2870.00
88.200,1887.58,-67.68,0.087333,495.00,383.948120,1977.88,0.000020,2920.00
88.250,2092.54,-68.85,0.067331,495.00,281.469910,2272.03,0.000022,3205.00
88.300,2434.93,-70.40,0.034716,490.00,273.050293,3216.40,0.000041,3895.00
88.350,2428.68,-74.52,0.021219,250.00,139.363419,3678.96,0.000028,6170.00
88.400,2033.62,-74.46,0.022515,255.00,109.605583,3164.66,0.000026,4150.00
88.450,2381.07,-72.01,0.026885,645.00,99.917458,3461.29,0.000039,5630.00
88.500,2880.13,-71.34,0.021277,695.00,92.862190,3843.79,0.000069,7430.00
88.550,3862.37,-71.05,0.009584,575.00,92.239899,3786.07,0.000313,8465.00
88.600,5215.06,-66.70,0.013540,2630.00,72.186699,3499.32,0.000452,9370.00
88.650,4452.74,-67.25,0.017804,295.00,65.695084,3534.64,0.000228,8635.00
88.700,2861.81,-72.71,0.018736,280.00,81.546875,3356.61,0.000047,6450.00
88.750,1842.43,-71.62,0.043902,335.00,214.062897,2349.84,0.000014,3085.00
88.800,2580.84,-65.66,0.070371,335.00,231.520554,2362.07,0.000034,4645.00
88.850,3458.47,-60.85,0.089788,2850.00,368.355011,2384.64,0.000096,5170.00
88.900,3076.74,-58.90,0.111224,130.00,436.227509,2625.48,0.000113,5110.00
88.950,2215.81,-61.47,0.131515,125.00,540.752502,2641.49,0.000042,4455.00
89.000,1669.31,-67.17,0.119466,600.00,460.574707,2136.31,0.000010,3045.00
89.050,1416.76,-70.45,0.083320,245.00,413.376862,2017.51,0.000007,2570.00
89.100,1787.91,-68.73,0.068937,130.00,379.427826,2649.22,0.000015,3445.00
89.150,1778.45,-68.86,0.065256,130.00,205.881790,2630.84,0.000017,3510.00
89.200,1977.28,-69.05,0.060098,125.00,249.679535,2894.37,0.000019,5335.00
89.250,4692.74,-65.14,0.042183,115.00,246.525177,3513.71,0.000103,7870.00
89.300,5878.75,-63.77,0.036768,275.00,194.339554,2912.83,0.000185,8010.00
89.350,4852.69,-65.12,0.030736,285.00,148.282364,3233.84,0.000178,7855.00
89.400,3144.50,-65.47,0.052894,240.00,229.439346,3074.06,0.000066,6560.00
89.450,2541.41,-65.32,0.061344,220.00,224.483994,2889.90,0.000054,5060.00
89.500,1852.51,-66.56,0.093558,215.00,389.352661,2049.51,0.000022,3240.00
89.550,1798.61,-68.32,0.098355,735.00,304.879944,1712.58,0.000011,3185.00
89.600,1676.51,-70.03,0.072465,735.00,308.226105,1662.30,0.000012,2890.00
89.650,1819.03,-70.84,0.043496,230.00,302.739044,2175.90,0.000025,3040.00
89.700,2335.32,-69.42,0.041303,230.00,189.776932,2787.45,0.000037,4000.00
89.750,3359.70,-67.46,0.033635,115.00,110.415283,3436.99,0.000082,7655.00
89.800,4003.71,-66.94,0.029616,455.00,105.670799,3468.65,0.000095,7910.00
89.850,2570.45,-67.18,0.057864,455.00,231.951416,2503.07,0.000030,4390.00
89.900,2303.91,-68.52,0.055757,450.00,162.753143,2186.96,0.000026,3710.00
89.950,2443.46,-69.83,0.036643,205.00,198.692963,2728.38,0.000036,3840.00
90.000,2132.84,-70.52,0.042263,205.00,147.279922,2876.54,0.000023,3485.00
90.050,1718.65,-70.12,0.057512,205.00,224.473557,2229.07,0.000020,2790.00
90.100,1711.83,-67.88,0.078853,730.00,288.434357,2275.91,0.000024,2890.00
90.150,2034.55,-66.38,0.081445,495.00,302.742126,3094.64,0.000029,3225.00
90.200,1990.37,-68.87,0.069981,515.00,290.224670,3261.15,0.000016,3440.00
90.250,1355.16,-73.68,0.044474,520.00,226.646637,2236.93,0.000009,1960.00
90.300,1706.61,-73.09,0.026602,735.00,199.795578,2393.35,0.000024,2880.00
90.350,1761.56,-71.07,0.039455,730.00,131.971039,2537.74,0.000026,2770.00
90.400,2145.42,-71.07,0.034291,180.00,121.872719,3330.27,0.000036,3440.00
90.450,2681.31,-72.17,0.025051,175.00,126.570793,3999.80,0.000046,7335.00
90.500,3637.45,-69.03,0.017966,670.00,104.339775,3383.26,0.000180,6925.00
90.550,4222.09,-68.69,0.019195,2905.00,86.694717,2665.09,0.000164,6815.00
90.600,3744.43,-70.64,0.014389,130.00,59.500015,2826.78,0.000150,6655.00
90.650,3393.60,-71.61,0.017333,275.00,87.763885,4329.55,0.000096,10085.00
90.700,3305.63,-69.26,0.027780,180.00,108.420753,4295.76,0.000082,9970.00
90.750,2690.63,-69.50,0.036865,180.00,117.235046,3791.61,0.000045,7835.00
90.800,2350.67,-71.11,0.031294,170.00,123.840553,3122.34,0.000033,5465.00
90.850,3817.07,-67.89,0.021786,160.00,116.104027,3598.81,0.000139,7670.00
90.900,3266.46,-63.78,0.040145,475.00,199.137009,3366.98,0.000157,7130.00
90.950,3063.10,-62.34,0.061322,640.00,192.185989,3267.92,0.000110,6850.00
91.000,3115.28,-63.28,0.054139,180.00,183.038895,3411.45,0.000105,7240.00
91.050,2443.94,-66.05,0.052459,370.00,222.321014,3070.30,0.000054,5405.00
91.100,2186.41,-68.78,0.038700,365.00,152.046341,2754.89,0.000044,4230.00
91.150,2921.76,-67.70,0.029811,285.00,156.478424,2803.41,0.000084,5180.00
91.200,1945.04,-67.26,0.063509,770.00,307.681396,2231.52,0.000029,3805.00
91.250,1577.66,-68.39,0.100706,770.00,351.788696,1801.31,0.000010,2805.00
91.300,1594.20,-68.89,0.108657,770.00,294.501556,1627.59,0.000007,2725.00
91.350,1727.35,-69.62,0.081273,705.00,366.302063,1668.45,0.000011,3120.00
91.400,1844.35,-71.03,0.042452,205.00,370.108978,2114.07,0.000022,3405.00
91.450,1725.34,-72.20,0.044022,215.00,172.471817,2345.88,0.000013,3235.00
91.500,1571.40,-71.72,0.054196,215.00,185.953827,2072.74,0.000009,3015.00
91.550,1864.72,-69.00,0.071914,1165.00,235.195541,2152.92,0.000012,3305.00
91.600,2881.79,-65.14,0.054397,1165.00,166.268356,3092.44,0.000054,6010.00
91.650,4464.42,-65.19,0.021339,110.00,254.650177,3468.38,0.000272,8575.00
91.700,4940.60,-67.93,0.012658,3720.00,89.088852,3203.38,0.000346,8635.00
91.750,4041.65,-69.13,0.013491,550.00,65.525322,3387.47,0.000231,7790.00
91.800,2767.90,-69.92,0.022000,565.00,89.149750,3166.16,0.000083,6280.00
91.850,1959.85,-70.74,0.040362,205.00,162.588654,2415.68,0.000024,3470.00
91.900,1885.29,-71.22,0.045763,200.00,142.400238,2461.24,0.000014,3565.00
91.950,3814.59,-68.29,0.033880,195.00,151.975586,3649.61,0.000047,7825.00
92.000,4027.09,-66.81,0.030767,195.00,89.510155,3450.53,0.000092,7705.00
92.050,2737.01,-69.60,0.031377,200.00,108.693405,3028.53,0.000041,6545.00
92.100,2566.52,-68.30,0.052163,210.00,233.749863,2372.52,0.000028,4490.00
92.150,2630.43,-67.39,0.058644,210.00,118.486130,2479.64,0.000034,4620.00
92.200,2755.83,-69.48,0.028509,250.00,237.107224,2962.47,0.000064,5460.00
92.250,2648.01,-66.79,0.065624,230.00,304.552368,2504.81,0.000032,4330.00
92.300,2502.49,-66.40,0.101036,225.00,290.502930,2342.12,0.000016,3845.00
92.350,2020.32,-68.91,0.099124,255.00,390.613647,2363.96,0.000007,3605.00
92.400,1534.46,-71.56,0.100678,255.00,428.453949,2583.94,0.000003,2840.00
92.450,2417.71,-67.96,0.078178,255.00,262.001953,2923.68,0.000015,4945.00
92.500,2930.95,-64.71,0.081754,235.00,388.334229,2852.74,0.000039,5340.00
92.550,3339.66,-63.19,0.069891,205.00,250.940643,3211.34,0.000068,6605.00
92.600,2948.68,-63.00,0.078440,215.00,320.209778,3027.26,0.000061,6070.00
92.650,2367.60,-65.05,0.090746,220.00,287.262085,2283.12,0.000029,3660.00
92.700,2201.86,-67.64,0.073158,230.00,320.777863,2156.17,0.000019,3590.00
92.750,2902.98,-67.14,0.052251,115.00,260.765289,2314.94,0.000042,4830.00
92.800,3576.21,-66.32,0.045977,115.00,215.979279,2115.76,0.000064,4960.00
92.850,2998.47,-67.53,0.046857,245.00,233.291977,2473.87,0.000039,4900.00
92.900,1566.17,-70.27,0.058176,245.00,219.339005,2443.37,0.000015,3045.00
92.950,1250.28,-72.15,0.057923,445.00,186.128586,2176.49,0.000010,1920.00
93.000,1027.41,-73.31,0.070955,150.00,286.629089,1951.71,0.000004,1480.00
93.050,2488.20,-69.19,0.069974,155.00,219.542801,3170.68,0.000011,6980.00
93.100,4726.98,-65.03,0.040740,155.00,286.407318,3095.11,0.000089,7575.00
93.150,3640.12,-64.58,0.058806,140.00,200.582275,3006.21,0.000055,7055.00
93.200,2059.14,-68.60,0.064732,140.00,174.930344,2572.08,0.000015,4670.00
93.250,1978.38,-70.05,0.040484,135.00,238.266968,2762.61,0.000027,3600.00
93.300,2117.07,-68.09,0.055696,425.00,233.049866,2257.82,0.000032,3445.00
93.350,2246.00,-67.34,0.083912,205.00,293.412292,1973.32,0.000018,3450.00
93.400,2219.19,-68.32,0.079388,210.00,261.734314,2077.31,0.000013,3455.00
93.450,2350.25,-67.22,0.087272,215.00,308.559570,2193.90,0.000017,3635.00
93.500,2090.45,-67.66,0.083023,215.00,256.450378,2188.24,0.000016,3465.00
93.550,1559.80,-70.74,0.083829,245.00,399.418274,2283.37,0.000005,2770.00
93.600,1841.32,-71.84,0.061783,250.00,216.108871,2914.29,0.000007,3685.00
93.650,2630.65,-73.90,0.019548,115.00,280.273285,3822.18,0.000039,7340.00
93.700,4580.52,-72.66,0.006147,515.00,103.997780,4762.65,0.000512,11610.00
93.750,3757.42,-70.20,0.015431,515.00,68.133469,4352.96,0.000177,9975.00
93.800,3913.27,-68.86,0.020753,510.00,62.634373,4244.56,0.000144,10235.00
93.850,3729.59,-69.78,0.021184,655.00,73.126740,4154.76,0.000112,9535.00
93.900,2819.13,-72.01,0.018382,655.00,65.742805,3694.58,0.000085,6820.00
93.950,1972.85,-69.52,0.050996,460.00,265.713928,2408.41,0.000026,3260.00
94.000,1915.30,-67.40,0.087388,560.00,306.634338,2134.74,0.000017,3110.00
94.050,1878.62,-66.96,0.094968,565.00,308.385590,2149.08,0.000017,3045.00
94.100,1770.39,-69.22,0.069497,125.00,361.714966,2270.13,0.000014,2970.00
94.150,1941.94,-71.89,0.049497,250.00,268.146667,2566.62,0.000009,3765.00
94.200,2975.95,-68.72,0.043625,230.00,201.228226,2890.70,0.000033,6745.00
94.250,2762.61,-68.79,0.041152,230.00,124.070526,2970.47,0.000039,6105.00
94.300,1778.79,-72.31,0.037709,275.00,186.110413,2721.69,0.000018,3510.00
94.350,1302.28,-73.44,0.061077,265.00,269.188690,2305.19,0.000005,2355.00
94.400,1964.74,-68.16,0.082088,265.00,240.229782,2767.52,0.000013,4160.00
94.450,4117.83,-62.49,0.066763,400.00,267.602478,3541.07,0.000083,7810.00
94.500,4904.67,-61.42,0.053281,135.00,299.404114,3290.04,0.000183,7815.00
94.550,2809.61,-63.67,0.079081,130.00,344.939423,2981.85,0.000055,6875.00
94.600,1463.64,-69.18,0.094290,1195.00,324.203430,1813.08,0.000010,2165.00
94.650,1381.12,-71.42,0.070803,1195.00,263.110168,1655.38,0.000009,1930.00
94.700,1862.72,-71.10,0.035035,725.00,292.750092,2141.37,0.000032,3035.00
94.750,2062.24,-67.17,0.069132,125.00,284.868500,2040.83,0.000029,3280.00
94.800,2217.45,-66.23,0.084829,130.00,296.100006,2070.16,0.000022,3455.00
94.850,2261.35,-68.04,0.082894,135.00,359.021881,2158.54,0.000013,3575.00
94.900,1913.46,-71.16,0.067857,135.00,231.603180,2415.88,0.000006,3685.00
94.950,2186.87,-69.85,0.036820,140.00,280.017761,2521.07,0.000030,3990.00
95.000,1946.45,-68.61,0.061599,615.00,311.405884,2068.85,0.000020,3615.00
95.050,1831.38,-68.96,0.079286,705.00,202.603653,1931.84,0.000013,3465.00
95.100,1916.54,-69.76,0.058341,600.00,260.166779,2214.86,0.000018,3470.00
95.150,2372.01,-70.24,0.036703,285.00,241.773392,3132.69,0.000031,4615.00
95.200,3106.46,-71.35,0.024960,285.00,151.594376,3915.34,0.000043,8245.00
95.250,1442.77,-73.50,0.039464,210.00,167.548477,2592.51,0.000010,2405.00
95.300,1282.41,-73.03,0.051383,205.00,172.379196,2285.54,0.000008,1715.00
95.350,2482.15,-69.46,0.045215,200.00,156.369141,3205.27,0.000024,6885.00
95.400,3991.19,-65.70,0.036127,225.00,204.066742,3178.97,0.000102,7440.00
95.450,3152.85,-65.73,0.061885,220.00,241.511139,2752.21,0.000042,6600.00
95.500,2374.61,-68.11,0.055054,220.00,145.049789,2654.97,0.000034,3805.00
95.550,2780.76,-70.29,0.025753,530.00,254.782211,3510.93,0.000071,6345.00
95.600,2550.87,-65.99,0.051103,255.00,246.830719,2799.44,0.000072,5475.00
95.650,1896.00,-64.92,0.114591,475.00,456.978943,2337.63,0.000025,3480.00
95.700,1498.42,-68.48,0.123751,515.00,398.320526,1834.14,0.000007,2930.00
95.750,1443.19,-70.23,0.095206,515.00,357.098480,1698.10,0.000006,2925.00
95.800,2948.29,-66.97,0.042714,540.00,395.812134,3007.42,0.000068,7020.00
95.850,4878.31,-64.15,0.033838,540.00,226.788940,2956.32,0.000215,7630.00
95.900,3649.65,-64.85,0.035862,540.00,140.995621,3084.80,0.000159,7115.00
95.950,1905.30,-67.79,0.068612,505.00,296.270996,2263.52,0.000029,3245.00
96.000,1973.85,-67.61,0.065958,505.00,137.444504,2374.29,0.000030,3250.00
96.050,3186.99,-67.71,0.025323,475.00,293.804810,3662.23,0.000122,7720.00
96.100,2400.45,-68.87,0.050561,235.00,246.904602,3264.23,0.000024,5830.00
96.150,1680.03,-70.10,0.077353,230.00,249.218414,2684.93,0.000010,2670.00
96.200,1931.74,-69.71,0.067264,220.00,268.275391,3234.84,0.000015,2850.00
96.250,2269.23,-72.61,0.032840,205.00,271.884888,3790.65,0.000025,6030.00
96.300,2587.00,-76.48,0.010052,255.00,160.921341,3900.04,0.000054,7730.00
96.350,3330.18,-72.03,0.019323,260.00,80.914421,3991.74,0.000057,8995.00
96.400,2598.58,-68.99,0.052115,350.00,255.765594,3578.70,0.000022,7645.00
96.450,2090.59,-67.16,0.092113,355.00,309.007538,2960.96,0.000014,4385.00
96.500,2997.31,-62.94,0.101540,355.00,237.953674,3353.42,0.000040,7440.00
96.550,5115.60,-61.04,0.065634,360.00,408.941650,3513.93,0.000152,8250.00
96.600,5933.77,-62.43,0.052308,270.00,254.367126,2989.42,0.000146,8200.00
96.650,4049.45,-66.41,0.041357,210.00,236.877029,3206.69,0.000076,7470.00
96.700,2298.05,-69.33,0.062926,210.00,240.922562,2657.23,0.000017,4425.00
96.750,1807.27,-69.10,0.087939,220.00,296.881256,2729.68,0.000010,3820.00
96.800,3613.30,-65.82,0.080641,220.00,216.089127,3752.16,0.000029,7870.00
96.850,5223.98,-62.98,0.055813,220.00,344.625580,3450.81,0.000131,8170.00
96.900,3860.05,-62.27,0.074104,320.00,325.481445,3089.92,0.000083,7480.00
96.950,2570.37,-63.97,0.104292,315.00,338.068146,2387.10,0.000030,4440.00
97.000,2385.50,-65.08,0.095002,525.00,298.462494,2279.42,0.000027,3695.00
97.050,2406.96,-67.58,0.047944,525.00,348.670044,2700.26,0.000049,3785.00
97.100,2864.54,-66.62,0.052749,230.00,289.169678,2965.98,0.000057,5325.00
97.150,2705.45,-65.25,0.072377,345.00,213.274368,2794.06,0.000051,4685.00
97.200,2414.89,-67.31,0.053473,325.00,230.408646,2771.52,0.000049,4245.00
97.250,3344.11,-67.37,0.029402,545.00,244.337646,3046.99,0.000112,6575.00
97.300,3344.00,-66.69,0.032911,555.00,118.339615,3046.18,0.000117,6545.00
97.350,1891.18,-70.30,0.045577,555.00,171.903473,2858.80,0.000028,4370.00
97.400,1340.98,-74.28,0.039663,165.00,132.671570,2589.07,0.000011,1595.00
97.450,2758.39,-71.87,0.017987,320.00,165.756592,2871.56,0.000059,5650.00
97.500,4057.44,-67.81,0.018323,260.00,104.344498,2848.36,0.000203,7005.00
97.550,3981.63,-67.08,0.021466,260.00,66.634872,3290.46,0.000194,7375.00
97.600,4176.74,-68.95,0.019842,255.00,90.505196,4224.24,0.000142,10330.00
97.650,4124.57,-71.03,0.024109,250.00,109.302795,4729.33,0.000061,10980.00
97.700,3963.36,-69.96,0.036015,245.00,107.811638,4836.99,0.000041,11385.00
97.750,3879.51,-67.04,0.035634,245.00,98.685501,4625.86,0.000095,10990.00
97.800,3430.03,-63.42,0.052589,115.00,228.905136,4182.86,0.000139,9500.00
97.850,2745.66,-62.78,0.100087,550.00,388.771088,3844.31,0.000059,7705.00
97.900,2470.60,-64.79,0.123497,555.00,402.586182,3625.97,0.000021,6300.00
97.950,2408.09,-66.95,0.118757,415.00,269.579773,3375.27,0.000010,5755.00
98.000,2216.05,-68.48,0.087878,410.00,304.984100,3302.86,0.000011,3185.00
98.050,4432.09,-64.58,0.037370,410.00,359.924194,4502.69,0.000137,10825.00
98.100,6838.86,-58.00,0.047648,3790.00,313.953094,3746.98,0.000575,11730.00
98.150,6504.04,-56.35,0.080477,3825.00,258.397614,3418.27,0.000370,11135.00
98.200,6312.06,-57.99,0.068278,3585.00,216.896057,3296.56,0.000287,10860.00
98.250,5985.30,-62.39,0.031922,3580.00,261.590118,3319.98,0.000307,10580.00
98.300,4340.84,-70.26,0.008244,3595.00,169.004181,3342.49,0.000412,8290.00
98.350,3712.55,-69.91,0.011529,1620.00,41.362103,3250.08,0.000247,7575.00
98.400,3710.35,-69.48,0.012735,1675.00,37.117203,3274.06,0.000236,7435.00
98.450,3627.88,-70.64,0.010518,1675.00,35.701382,3166.69,0.000240,7060.00
98.500,3581.46,-72.10,0.008294,1735.00,33.546482,3031.53,0.000237,6905.00
98.550,3518.29,-73.40,0.006641,1700.00,26.455992,3005.25,0.000246,6750.00
98.600,3421.65,-75.07,0.004528,1700.00,20.629940,3122.99,0.000317,6620.00
98.650,3444.27,-77.09,0.002521,1645.00,16.795752,3529.91,0.000508,7330.00
98.700,4125.03,-78.56,0.001281,80.00,10.601246,4169.72,0.001104,9440.00
98.750,4027.05,-78.86,0.001300,345.00,5.768750,4209.03,0.000886,9395.00
98.800,3164.42,-78.78,0.001918,355.00,6.454572,3934.51,0.000350,7885.00
98.850,2463.54,-77.38,0.003940,780.00,17.620449,3168.02,0.000137,5340.00
98.900,2114.49,-74.51,0.009836,320.00,43.745499,2583.30,0.000060,3940.00
98.950,2228.20,-69.36,0.050725,215.00,274.715088,2438.20,0.000017,4065.00
99.000,2261.86,-67.45,0.086473,215.00,250.335373,2458.39,0.000013,4210.00
99.050,2261.19,-67.91,0.059876,215.00,231.317444,2601.44,0.000024,4925.00
99.100,3068.54,-65.90,0.032709,195.00,298.955200,3200.07,0.000132,7235.00
99.150,2191.97,-64.81,0.089232,475.00,421.186127,2816.93,0.000032,4825.00
99.200,1764.43,-66.74,0.105296,460.00,211.597122,2260.98,0.000015,3180.00
99.250,3224.15,-64.74,0.049054,455.00,446.793091,2807.18,0.000087,6610.00
99.300,3163.55,-63.28,0.081225,135.00,402.011688,2831.53,0.000049,6540.00
99.350,2462.70,-64.64,0.105240,135.00,253.676025,2760.38,0.000019,5545.00
99.400,4216.86,-62.74,0.064079,135.00,349.593140,3417.29,0.000081,7790.00
99.450,6178.82,-63.33,0.038530,7795.00,315.681732,2951.49,0.000165,8340.00
99.500,4223.13,-63.38,0.045583,265.00,225.733414,3302.23,0.000123,7770.00
99.550,2411.00,-65.81,0.074325,235.00,279.324463,2520.08,0.000032,4620.00
99.600,1767.38,-70.00,0.073540,230.00,289.897949,2137.57,0.000009,3530.00
99.650,3002.67,-67.67,0.050840,230.00,246.176453,2871.31,0.000030,6105.00
99.700,3565.64,-65.55,0.045875,115.00,266.037262,2818.22,0.000066,6720.00
99.750,2527.12,-66.75,0.093770,375.00,391.272980,2545.67,0.000014,4640.00
99.800,2370.81,-66.08,0.114263,375.00,292.687866,2204.44,0.000014,3560.00
99.850,2197.85,-65.95,0.100778,370.00,410.841949,2133.78,0.000019,3410.00
99.900,1855.95,-68.59,0.066159,480.00,399.633575,2059.87,0.000017,3155.00
99.950,1697.24,-67.93,0.093821,580.00,389.532074,1879.93,0.000012,2900.00
100.000,1703.94,-67.95,0.091676,760.00,287.046600,1870.81,0.000012,2970.00
100.050,1629.00,-70.21,0.059758,225.00,324.487030,1875.60,0.000012,3060.00
100.100,1656.28,-71.36,0.048531,115.00,187.712997,1882.86,0.000011,3255.00
100.150,1666.20,-70.17,0.061644,725.00,272.506683,1777.58,0.000012,3010.00
100.200,1714.85,-69.88,0.070541,725.00,197.806030,1846.92,0.000011,3125.00
100.250,2241.68,-68.07,0.048160,180.00,253.054642,2479.96,0.000035,4290.00
100.300,4381.78,-66.20,0.027328,180.00,213.546799,3266.69,0.000129,7710.00
100.350,5422.25,-67.19,0.021083,115.00,112.648048,3225.24,0.000139,8230.00
100.400,2748.48,-70.28,0.038821,115.00,197.775772,3321.25,0.000019,7245.00
100.450,2023.84,-70.83,0.055645,230.00,157.463303,2444.31,0.000007,3905.00
100.500,2914.24,-68.18,0.045923,115.00,109.051292,2924.54,0.000028,6685.00
100.550,4297.10,-67.60,0.021651,110.00,191.162933,3306.64,0.000144,7810.00
100.600,4135.81,-69.97,0.012950,70.00,91.096352,3412.37,0.000193,7805.00
100.650,2546.60,-72.52,0.012973,65.00,53.214508,2965.43,0.000085,5920.00
100.700,1967.52,-71.77,0.029259,825.00,143.671661,2076.33,0.000024,3390.00
100.750,1795.97,-71.26,0.043037,740.00,118.480560,1867.01,0.000014,3325.00
100.800,2000.84,-71.88,0.024098,735.00,141.268860,2172.36,0.000030,3495.00
100.850,2481.45,-73.26,0.010712,80.00,117.302925,2693.10,0.000082,4700.00
100.900,2075.78,-74.14,0.014323,90.00,52.972626,2752.07,0.000039,4185.00
100.950,2094.22,-73.25,0.019531,70.00,64.510979,2765.14,0.000026,4930.00
101.000,2325.42,-72.36,0.019812,65.00,50.624401,2853.34,0.000033,5430.00
101.050,2198.45,-72.90,0.018759,105.00,69.771400,2863.95,0.000033,5195.00
101.100,2499.88,-71.58,0.019341,105.00,62.912338,2840.76,0.000048,5580.00
101.150,2057.11,-68.92,0.054142,310.00,254.140060,2332.74,0.000020,3855.00
101.200,1968.08,-66.87,0.073109,315.00,218.072769,2107.10,0.000024,3425.00
101.250,1983.08,-66.84,0.078018,775.00,357.180847,1889.47,0.000020,3415.00
101.300,1738.06,-67.85,0.086131,775.00,248.545059,1704.69,0.000013,3200.00
101.350,1662.66,-68.58,0.080911,230.00,380.908081,1909.16,0.000011,3025.00
101.400,3413.07,-65.01,0.066607,115.00,237.101135,3230.24,0.000040,7320.00
101.450,5570.06,-62.98,0.041287,115.00,306.381012,3008.45,0.000180,8120.00
101.500,6278.64,-64.83,0.030628,7375.00,138.946869,2627.59,0.000184,8330.00
101.550,5045.96,-69.58,0.012848,355.00,143.808548,3435.84,0.000204,8215.00
101.600,2403.64,-70.65,0.034923,345.00,177.112427,2869.45,0.000023,5455.00
101.650,3485.10,-65.56,0.052017,345.00,145.991013,3355.13,0.000052,7500.00
101.700,5218.23,-62.54,0.044698,100.00,220.025009,3295.35,0.000166,8215.00
101.750,6095.51,-62.88,0.036751,5255.00,150.012360,2920.91,0.000205,8600.00
101.800,5412.37,-66.09,0.019008,65.00,149.332932,3425.05,0.000268,8575.00
101.850,5243.87,-63.04,0.034577,70.00,147.122437,3040.03,0.000226,7880.00
101.900,3987.90,-62.85,0.060112,195.00,252.708786,3180.58,0.000090,7230.00
101.950,2010.43,-68.21,0.084979,190.00,319.075348,2584.99,0.000011,4860.00
102.000,1968.13,-67.46,0.101002,190.00,276.211823,2143.51,0.000010,3355.00
102.050,2170.65,-66.75,0.103296,200.00,377.804047,2226.94,0.000012,3735.00
102.100,1595.71,-69.54,0.097574,220.00,442.252869,2156.60,0.000005,3030.00
102.150,1676.02,-68.56,0.106584,220.00,426.237366,2286.11,0.000006,3365.00
102.200,3105.96,-63.04,0.094047,225.00,262.491089,3205.11,0.000035,7315.00
102.250,5075.70,-61.29,0.055709,110.00,386.595764,3457.27,0.000127,8435.00
102.300,5375.59,-63.08,0.037234,305.00,199.873276,3420.75,0.000169,8675.00
102.350,2802.66,-66.19,0.063301,205.00,292.410065,2975.09,0.000030,6560.00
102.400,1807.73,-68.82,0.081293,205.00,226.039093,2436.28,0.000009,3805.00
102.450,2224.63,-66.76,0.075030,110.00,323.135101,2441.22,0.000022,4355.00
102.500,2514.71,-64.92,0.113720,235.00,462.593964,2382.20,0.000018,4675.00
102.550,3068.46,-62.53,0.114158,235.00,281.820160,2900.96,0.000033,7025.00
102.600,3541.21,-63.39,0.090255,110.00,498.129486,3348.79,0.000035,7625.00
102.650,2175.25,-67.90,0.116522,225.00,406.916382,2866.75,0.000006,5880.00
102.700,1565.33,-68.27,0.128879,220.00,352.664490,2239.31,0.000006,3300.00
102.750,1410.36,-68.71,0.120856,215.00,403.847931,2082.82,0.000006,2770.00
102.800,1478.74,-68.76,0.112547,220.00,432.735321,1960.74,0.000007,2690.00
102.850,2021.32,-66.66,0.115870,240.00,454.066498,2083.53,0.000012,3360.00
102.900,2338.41,-67.16,0.091715,240.00,361.415833,2104.76,0.000013,3565.00
102.950,1902.02,-70.89,0.054325,120.00,327.948761,2089.62,0.000008,3480.00
103.000,1569.26,-74.84,0.020385,115.00,247.502350,2361.78,0.000013,3480.00
103.050,1606.46,-72.72,0.044187,245.00,213.983643,2327.35,0.000006,3655.00
103.100,1324.37,-71.92,0.072660,240.00,220.779007,2008.33,0.000003,2640.00
103.150,1317.85,-73.19,0.046884,120.00,236.435867,2029.80,0.000005,2620.00
103.200,1902.36,-74.27,0.015609,980.00,234.260849,2510.32,0.000028,3645.00
103.250,2272.20,-73.59,0.012572,70.00,65.327698,2617.96,0.000056,4310.00
103.300,2224.10,-73.53,0.014659,1065.00,52.430450,2622.35,0.000044,4365.00
103.350,2369.53,-73.23,0.014697,1065.00,48.377419,2714.32,0.000046,5275.00
103.400,2062.70,-72.80,0.018726,65.00,79.807098,2553.89,0.000034,4865.00
103.450,1374.51,-72.13,0.054111,540.00,251.666153,1923.97,0.000008,2800.00
103.500,2359.91,-66.78,0.057442,540.00,101.818047,3077.97,0.000037,5750.00
103.550,3697.56,-64.40,0.038729,125.00,278.376404,3823.14,0.000133,8070.00
103.600,2366.49,-66.99,0.084746,130.00,357.722656,3348.33,0.000015,6705.00
103.650,1277.26,-71.19,0.087386,125.00,212.919098,2018.72,0.000004,2590.00
103.700,1687.68,-67.70,0.099747,560.00,554.386414,1959.89,0.000011,3275.00
103.750,1753.11,-67.10,0.125278,725.00,384.292084,1869.08,0.000009,3285.00
103.800,1867.15,-68.34,0.088555,725.00,365.258911,1957.17,0.000010,3360.00
103.850,1911.21,-69.94,0.048249,255.00,417.201416,2090.64,0.000019,3460.00
103.900,2022.88,-70.29,0.063455,125.00,250.475876,2156.04,0.000009,3535.00
103.950,1572.51,-72.61,0.055223,120.00,205.114716,2144.98,0.000005,2905.00
104.000,2763.53,-71.61,0.030933,120.00,212.926453,3554.01,0.000025,7455.00
104.050,2439.70,-69.85,0.041569,325.00,182.610779,3166.03,0.000025,6845.00
104.100,1688.20,-71.25,0.052808,205.00,156.389938,2419.21,0.000009,3660.00
104.150,2803.67,-68.52,0.044142,200.00,209.252762,2386.77,0.000029,4995.00
104.200,3780.19,-65.51,0.052193,2880.00,256.422974,2110.04,0.000054,5215.00
104.250,3558.53,-65.64,0.046615,2855.00,143.696991,2231.05,0.000066,5250.00
104.300,2020.05,-67.34,0.061354,115.00,327.916351,2176.37,0.000028,3765.00
104.350,1827.05,-68.03,0.069615,115.00,174.012756,2059.93,0.000021,3285.00
104.400,2156.90,-69.66,0.032566,100.00,272.353729,2579.39,0.000043,4105.00
104.450,1987.62,-69.39,0.043299,100.00,189.818298,2647.12,0.000029,3495.00
104.500,1790.05,-67.65,0.090448,110.00,353.366760,2019.93,0.000014,3190.00
104.550,1880.92,-67.86,0.088240,110.00,265.559998,2067.84,0.000012,3320.00
104.600,1663.39,-70.87,0.064826,220.00,328.487000,2056.70,0.000007,2975.00
104.650,1585.80,-72.48,0.057949,215.00,228.093430,2057.60,0.000004,3135.00
104.700,1994.37,-70.09,0.063419,210.00,295.832397,2050.53,0.000009,3485.00
104.750,1941.83,-69.75,0.069390,200.00,228.527908,2005.77,0.000009,3395.00
104.800,1835.30,-71.63,0.043356,195.00,228.645737,2119.64,0.000011,3290.00
104.850,2337.28,-70.20,0.032830,195.00,169.846512,2575.22,0.000036,4345.00
104.900,2252.33,-68.75,0.047363,195.00,114.085732,2597.91,0.000035,3955.00
104.950,2639.34,-69.64,0.029593,160.00,153.975754,3273.85,0.000061,6565.00
105.000,2631.65,-67.94,0.045226,180.00,160.050705,2818.79,0.000041,5555.00
105.050,2935.41,-66.84,0.046063,180.00,106.989502,2840.68,0.000044,6580.00
105.100,4170.63,-65.41,0.029280,160.00,190.682938,3165.49,0.000134,7475.00
105.150,3259.00,-66.37,0.041940,195.00,186.709229,3216.05,0.000061,7100.00
105.200,1551.83,-70.90,0.057464,190.00,175.991394,2346.77,0.000010,3350.00
105.250,1294.01,-74.10,0.037161,175.00,187.865952,1979.49,0.000006,2560.00
105.300,1672.00,-75.29,0.016785,160.00,170.501740,2245.17,0.000019,2785.00
105.350,2779.24,-71.68,0.015745,1520.00,68.528343,2659.33,0.000071,5880.00
105.400,3054.42,-70.09,0.019761,1520.00,56.113781,2732.75,0.000077,6230.00
105.450,2785.13,-70.96,0.018238,1535.00,60.189941,2748.28,0.000069,5860.00
105.500,2884.60,-70.59,0.016074,80.00,61.733776,2777.87,0.000100,5995.00
105.550,3118.28,-69.15,0.018011,85.00,60.453495,2799.25,0.000128,6535.00
105.600,2838.77,-68.75,0.022881,85.00,69.795547,2710.66,0.000099,5355.00
105.650,2386.42,-70.40,0.023656,75.00,80.639168,2599.56,0.000058,4570.00
105.700,2588.51,-70.19,0.029694,75.00,110.283394,2868.17,0.000042,6080.00
105.750,2442.43,-67.05,0.048504,710.00,206.809814,2836.19,0.000050,5685.00
105.800,1879.40,-67.10,0.069726,115.00,232.619904,2546.29,0.000028,3520.00
105.850,1656.87,-66.75,0.117074,495.00,483.419037,2135.00,0.000013,2975.00
105.900,1750.33,-66.98,0.112750,495.00,207.403137,2108.51,0.000012,3055.00
105.950,2434.40,-67.22,0.084303,230.00,541.924255,2243.04,0.000018,3670.00
106.000,2356.86,-67.97,0.097684,225.00,245.451370,2238.08,0.000009,3635.00
106.050,1500.42,-70.79,0.098408,115.00,251.694672,2081.93,0.000003,2905.00
106.100,1524.04,-69.26,0.113905,235.00,425.612671,2099.05,0.000005,2885.00
106.150,1624.33,-68.37,0.112012,240.00,282.699188,2053.88,0.000007,3105.00
106.200,1827.99,-67.43,0.122277,120.00,504.046783,2123.13,0.000009,3490.00
106.250,1973.93,-67.43,0.114831,615.00,322.571655,2270.23,0.000009,3575.00
106.300,3133.79,-64.20,0.067728,120.00,416.097717,3308.24,0.000049,7355.00
106.350,5615.87,-64.21,0.028528,115.00,333.999329,3487.35,0.000206,8760.00
106.400,4889.63,-66.40,0.019535,110.00,106.024231,3649.60,0.000225,8435.00
106.450,2146.73,-70.15,0.032816,125.00,134.285599,2931.02,0.000035,5005.00
106.500,1664.61,-71.35,0.053991,440.00,231.728119,2548.67,0.000010,3430.00
106.550,1351.45,-71.99,0.071917,335.00,192.704636,2194.88,0.000004,3015.00
106.600,1216.30,-72.51,0.059534,375.00,259.845367,1977.97,0.000005,2645.00
106.650,1360.41,-72.80,0.047602,455.00,222.424301,2107.96,0.000007,2620.00
106.700,1967.77,-72.49,0.028234,160.00,192.374863,2464.30,0.000015,4245.00
106.750,3292.56,-69.44,0.023653,160.00,143.302719,2251.53,0.000067,4995.00
106.800,3738.12,-66.68,0.040512,4375.00,170.904892,2023.80,0.000073,5095.00
106.850,3162.25,-65.08,0.063644,135.00,258.428436,2249.37,0.000053,5035.00
106.900,2144.09,-66.14,0.096346,130.00,381.659210,2254.67,0.000017,4535.00
106.950,2318.27,-66.17,0.074715,130.00,246.340302,2687.92,0.000026,4710.00
107.000,3341.36,-67.34,0.024876,120.00,359.036072,3165.90,0.000113,7245.00
107.050,1864.55,-67.85,0.054519,120.00,247.784683,2351.02,0.000030,3575.00
107.100,1721.48,-67.19,0.083395,210.00,260.356750,2057.53,0.000018,3115.00
107.150,1711.10,-69.01,0.074599,210.00,286.131927,2088.62,0.000012,3085.00
107.200,1602.11,-70.09,0.058077,200.00,234.796677,2284.20,0.000014,2890.00
107.250,1586.30,-68.50,0.093146,600.00,395.001556,1879.14,0.000013,2775.00
107.300,1789.11,-67.78,0.096668,580.00,296.220276,1854.53,0.000015,2990.00
107.350,2099.61,-67.85,0.068926,580.00,338.951752,2014.01,0.000021,3445.00
107.400,2703.11,-68.04,0.034873,480.00,275.593567,2470.04,0.000053,4875.00
107.450,2224.82,-67.55,0.048723,565.00,233.373337,2392.02,0.000038,4450.00
107.500,1647.72,-68.95,0.072592,755.00,223.658646,1759.00,0.000015,2975.00
107.550,1711.17,-70.96,0.047453,810.00,219.056396,1797.44,0.000015,3025.00
107.600,1917.77,-70.00,0.050771,775.00,232.209595,1910.40,0.000018,3315.00
107.650,2099.30,-67.78,0.081990,560.00,278.543365,1846.21,0.000015,3340.00
107.700,2306.08,-67.48,0.082177,225.00,285.816284,1903.98,0.000013,3445.00
107.750,2249.87,-69.38,0.064410,220.00,280.879181,2066.52,0.000011,3540.00
107.800,1533.02,-74.01,0.037552,220.00,239.882858,2127.64,0.000005,3230.00
107.850,1976.47,-76.00,0.010672,110.00,181.000549,2742.46,0.000028,4425.00
107.900,2912.33,-75.94,0.004181,85.00,55.178284,3022.36,0.000184,6490.00
107.950,2635.19,-76.76,0.003650,105.00,12.299091,2951.77,0.000174,5300.00
108.000,2229.85,-77.41,0.003876,85.00,11.716098,2864.99,0.000106,4650.00
108.050,2770.99,-74.34,0.007879,330.00,35.566936,2917.62,0.000088,6280.00
108.100,2794.76,-69.59,0.028600,335.00,139.949509,3020.40,0.000042,6900.00
108.150,4534.48,-65.12,0.039851,335.00,126.334610,3314.98,0.000090,7805.00
108.200,5655.12,-65.69,0.029217,120.00,140.630173,2882.85,0.000137,7980.00
108.250,3299.19,-68.46,0.033773,265.00,201.014221,2879.89,0.000047,6955.00
108.300,2176.18,-70.17,0.052894,260.00,139.988144,2253.57,0.000013,3590.00
108.350,1887.92,-73.69,0.024264,120.00,186.917862,2168.45,0.000013,3390.00
108.400,2258.82,-72.53,0.016921,275.00,110.164291,2550.74,0.000043,4370.00
108.450,1744.99,-69.72,0.058381,405.00,269.635864,2150.31,0.000013,3000.00
108.500,1649.12,-70.09,0.059323,130.00,113.590805,2068.15,0.000013,2950.00
108.550,2337.93,-68.19,0.059153,210.00,320.281555,2171.60,0.000024,3720.00
108.600,2728.59,-66.00,0.064345,205.00,151.292282,2453.51,0.000037,5110.00
108.650,3768.52,-66.04,0.029938,95.00,255.346207,3098.91,0.000117,7365.00
108.700,4066.05,-68.46,0.014483,90.00,127.942535,3286.78,0.000215,7745.00
108.750,2727.41,-68.55,0.036169,295.00,177.146057,3006.95,0.000041,6240.00
108.800,2047.39,-70.44,0.047428,295.00,117.819893,2716.93,0.000014,4745.00
108.850,1852.05,-71.96,0.037154,195.00,140.162811,2635.36,0.000013,4410.00
108.900,1519.88,-71.03,0.053239,495.00,266.665344,2159.13,0.000012,2880.00
108.950,1634.70,-69.36,0.092913,495.00,315.356720,2071.87,0.000007,2995.00
109.000,1803.84,-69.37,0.068606,490.00,218.223602,2159.27,0.000011,3285.00
109.050,3531.60,-66.73,0.025597,115.00,335.822357,2902.47,0.000128,6540.00
109.100,2909.76,-65.83,0.043032,380.00,166.098007,2965.58,0.000070,6175.00
109.150,1315.42,-70.02,0.080223,355.00,296.352203,2197.35,0.000009,2610.00
109.200,1118.22,-72.14,0.072002,340.00,197.895996,1943.08,0.000005,1600.00
109.250,2558.57,-70.03,0.031619,340.00,296.346375,2746.84,0.000037,5795.00
109.300,3115.09,-67.60,0.035241,405.00,154.496902,2742.35,0.000067,6615.00
109.350,2331.14,-69.58,0.039629,400.00,90.691086,2558.55,0.000030,4725.00
109.400,2130.44,-71.31,0.027393,90.00,162.134323,2682.18,0.000027,5075.00
109.450,2181.97,-70.79,0.036397,70.00,126.109421,2833.10,0.000018,5305.00
109.500,2005.59,-71.86,0.036977,65.00,104.487221,2786.97,0.000013,5030.00
109.550,1900.54,-72.93,0.030600,65.00,88.611763,2736.15,0.000014,4610.00
109.600,1787.24,-74.24,0.019320,60.00,104.297691,2695.46,0.000023,3995.00
109.650,1550.00,-75.29,0.017130,60.00,56.576946,2529.90,0.000021,2875.00
109.700,2079.19,-73.71,0.016505,65.00,45.649048,2831.13,0.000034,4490.00
109.750,3139.50,-71.02,0.014140,65.00,57.187763,3076.47,0.000089,6975.00
109.800,3209.05,-71.80,0.012312,75.00,40.608528,3138.01,0.000113,6990.00
109.850,2646.06,-74.10,0.009129,75.00,38.035721,3007.65,0.000104,5585.00
109.900,2325.00,-76.90,0.004493,65.00,34.863209,2894.49,0.000125,4780.00
109.950,2498.40,-78.80,0.001634,65.00,21.062344,3424.63,0.000277,5300.00
110.000,2581.03,-79.12,0.001729,90.00,6.938160,3550.73,0.000191,5855.00
110.050,2758.72,-79.29,0.001466,80.00,4.427477,3728.67,0.000240,6640.00
110.100,2994.56,-79.37,0.001165,80.00,4.076715,3844.68,0.000377,7285.00
110.150,2615.49,-79.12,0.001481,130.00,5.149602,3567.30,0.000265,6015.00
110.200,1941.12,-77.81,0.010187,110.00,56.686344,3294.83,0.000018,6685.00
110.250,2681.03,-71.70,0.025356,100.00,113.125237,3230.83,0.000029,7120.00
110.300,2350.61,-67.37,0.071049,320.00,322.552063,2678.53,0.000017,4370.00
110.350,2061.31,-65.86,0.105366,320.00,310.490509,2391.34,0.000015,3705.00
110.400,1770.47,-66.85,0.092764,210.00,348.889221,2205.21,0.000018,3305.00
110.450,1495.38,-68.17,0.107178,215.00,349.734741,2073.04,0.000010,2620.00
110.500,1752.76,-67.78,0.086093,215.00,307.705261,2221.82,0.000017,3675.00
110.550,1836.32,-65.96,0.104547,530.00,419.519562,2120.94,0.000022,3620.00
110.600,2402.61,-63.87,0.091671,510.00,226.368790,2898.54,0.000043,5910.00
110.650,4541.99,-64.21,0.035738,205.00,413.951202,3677.66,0.000146,8310.00
110.700,3832.69,-66.81,0.034498,300.00,180.353561,3514.09,0.000071,7750.00
110.750,1850.23,-69.64,0.089592,160.00,408.433197,2408.88,0.000007,3700.00
110.800,1872.60,-68.46,0.121565,160.00,289.002869,2514.86,0.000005,3960.00
110.850,2463.03,-66.11,0.087530,155.00,411.733765,2867.21,0.000020,5275.00
110.900,1698.27,-67.34,0.097776,150.00,386.638580,2366.35,0.000014,3640.00
110.950,1336.61,-70.40,0.091206,245.00,412.352417,1845.76,0.000006,2650.00
111.000,1633.24,-68.76,0.104731,115.00,378.897827,1846.44,0.000008,3030.00
111.050,1714.54,-69.40,0.081433,115.00,322.429901,1891.49,0.000010,3145.00
111.100,1945.21,-70.95,0.034234,115.00,349.859619,2261.58,0.000025,3660.00
111.150,1523.46,-70.06,0.061987,205.00,254.560974,2022.82,0.000013,2900.00
111.200,1471.53,-68.99,0.097689,775.00,364.655151,1837.21,0.000009,2620.00
111.250,1430.69,-68.78,0.106994,780.00,283.593872,1703.94,0.000008,2455.00
111.300,1319.56,-69.60,0.090664,110.00,376.135193,1707.79,0.000008,2230.00
111.350,1125.85,-72.52,0.074250,125.00,426.971954,1701.54,0.000004,2220.00
111.400,1752.18,-71.02,0.070075,255.00,265.616119,2057.31,0.000006,3090.00
111.450,1975.94,-69.10,0.079554,125.00,286.975006,1970.77,0.000010,3340.00
111.500,1990.30,-69.63,0.075107,225.00,296.788116,2086.15,0.000010,3570.00
111.550,2262.89,-67.73,0.087863,340.00,320.414368,2241.91,0.000014,3625.00
111.600,2329.29,-68.44,0.084552,340.00,170.970947,2250.60,0.000011,3565.00
111.650,2131.26,-72.86,0.033688,335.00,337.750244,2319.53,0.000013,3435.00
111.700,2975.12,-74.50,0.008217,355.00,184.268036,3348.77,0.000113,7145.00
111.750,2364.99,-71.42,0.028400,350.00,135.360901,2865.32,0.000028,4795.00
111.800,2370.62,-68.31,0.056363,350.00,209.423019,2609.79,0.000018,4890.00
111.850,3885.09,-64.14,0.054852,340.00,163.663116,3210.27,0.000058,7475.00
111.900,5670.32,-62.48,0.042498,110.00,249.606750,3007.97,0.000172,8285.00
111.950,6340.73,-64.22,0.030268,7550.00,140.886826,2717.98,0.000210,8745.00
112.000,5309.74,-68.18,0.013896,165.00,134.588181,3476.96,0.000273,8650.00
112.050,1836.91,-69.67,0.047384,170.00,260.476776,2693.52,0.000024,3970.00
112.100,1249.79,-70.85,0.087926,590.00,308.565125,1785.48,0.000007,1440.00
112.150,1412.50,-69.93,0.095867,595.00,249.289368,1902.40,0.000008,1770.00
112.200,1391.16,-71.05,0.070008,600.00,295.620728,1924.88,0.000009,1725.00
112.250,1122.94,-74.60,0.033310,205.00,334.438812,1928.00,0.000009,1395.00
112.300,901.83,-74.60,0.070591,200.00,299.742310,1707.06,0.000002,1410.00
112.350,1259.01,-71.76,0.090425,195.00,245.164001,1895.97,0.000004,2440.00
112.400,1557.04,-68.92,0.099012,195.00,352.774811,2002.72,0.000009,2785.00
112.450,1761.17,-67.74,0.085474,570.00,285.748291,2331.67,0.000016,2950.00
112.500,3088.60,-66.36,0.038392,565.00,335.244965,3641.15,0.000085,8120.00
112.550,4126.08,-66.36,0.024739,235.00,213.916718,3714.84,0.000174,8820.00
112.600,2770.23,-67.21,0.061934,230.00,267.284760,2935.77,0.000029,6170.00
112.650,3869.93,-63.95,0.067000,225.00,174.854797,3125.11,0.000063,7185.00
112.700,5357.51,-61.53,0.051853,110.00,298.186646,2964.53,0.000189,7870.00
112.750,4353.06,-62.14,0.064028,135.00,300.420685,3350.33,0.000099,7640.00
112.800,1652.44,-66.90,0.127150,245.00,549.481445,2373.16,0.000009,3200.00
112.850,1364.94,-69.09,0.144803,120.00,433.070587,1808.69,0.000004,2725.00
112.900,1471.57,-70.65,0.088602,475.00,443.558441,1899.57,0.000006,2850.00
112.950,1927.33,-72.32,0.024374,130.00,441.504791,2383.11,0.000027,3615.00
113.000,1569.05,-70.77,0.054414,125.00,241.139145,2144.61,0.000012,3005.00
113.050,1517.42,-69.09,0.091988,120.00,338.965454,1851.81,0.000009,2700.00
113.100,1610.57,-69.52,0.081810,540.00,282.875183,1773.28,0.000008,2875.00
113.150,1803.36,-71.90,0.032815,530.00,342.844360,2158.80,0.000021,3405.00
113.200,1633.67,-72.32,0.035605,475.00,181.977966,2617.64,0.000017,3245.00
113.250,1326.35,-71.88,0.057806,480.00,176.146439,2162.05,0.000009,2270.00
113.300,1190.72,-72.64,0.060308,120.00,164.723831,1972.32,0.000006,2155.00
113.350,2450.87,-70.64,0.034664,110.00,218.805237,2836.39,0.000024,5310.00
113.400,2481.25,-68.67,0.040641,325.00,192.408112,2532.85,0.000036,4735.00
113.450,1825.01,-68.30,0.078414,440.00,284.777740,2071.11,0.000014,3160.00
113.500,1620.18,-70.35,0.056995,445.00,189.682297,2023.81,0.000013,2760.00
113.550,2177.61,-71.75,0.020303,105.00,278.482147,2588.37,0.000051,4220.00
113.600,1947.86,-68.82,0.059015,115.00,280.716034,2417.62,0.000021,3760.00
113.650,1627.39,-68.83,0.097232,115.00,340.636414,2074.99,0.000009,2720.00
113.700,1419.76,-70.29,0.100045,115.00,217.442154,1899.75,0.000005,1855.00
113.750,1354.36,-72.45,0.057253,120.00,349.096680,2071.41,0.000008,1410.00
113.800,1665.28,-74.33,0.019551,125.00,288.016479,2603.03,0.000027,3080.00
113.850,1577.08,-69.56,0.064702,125.00,301.678528,1994.38,0.000016,2885.00
113.900,1627.32,-68.26,0.087443,120.00,261.842987,1840.81,0.000013,2845.00
113.950,1676.83,-69.69,0.073749,220.00,345.837616,1832.77,0.000009,2845.00
114.000,1453.06,-72.80,0.052767,220.00,246.590210,1980.32,0.000006,2735.00
114.050,2241.86,-71.86,0.033129,225.00,207.038879,2733.77,0.000019,4830.00
114.100,3390.09,-66.30,0.055353,140.00,243.468155,3065.97,0.000036,7065.00
114.150,4975.67,-62.29,0.055446,135.00,137.974503,3523.19,0.000102,8685.00
114.200,6552.76,-63.40,0.027476,140.00,243.328842,3345.51,0.000282,9745.00
114.250,2824.03,-65.36,0.050353,505.00,281.106384,3456.88,0.000073,7550.00
114.300,1476.16,-68.21,0.091329,120.00,312.969391,1949.46,0.000014,2580.00
114.350,1346.42,-70.82,0.087636,120.00,340.110138,1739.25,0.000006,2525.00
114.400,1122.74,-73.92,0.065337,115.00,295.193604,1809.65,0.000003,2345.00
114.450,1162.35,-73.33,0.068414,245.00,324.994232,1912.66,0.000003,2395.00
114.500,1353.78,-71.31,0.118428,250.00,410.554993,1841.90,0.000002,2930.00
114.550,1566.21,-68.87,0.149441,245.00,463.556671,1782.85,0.000003,3150.00
114.600,1663.89,-69.11,0.135032,355.00,524.722046,1763.94,0.000004,3205.00
114.650,1724.52,-71.34,0.068397,115.00,534.186035,1867.72,0.000005,3225.00
114.700,1720.20,-76.20,0.015879,110.00,352.506927,2428.79,0.000013,3260.00
114.750,3427.04,-79.28,0.001552,85.00,92.574951,4226.20,0.000373,8775.00
114.800,2140.35,-76.95,0.004477,120.00,22.955879,2901.76,0.000127,3505.00
114.850,1590.41,-70.94,0.051980,545.00,300.230408,1825.47,0.000014,2830.00
114.900,1573.74,-68.82,0.089217,110.00,273.046356,1745.10,0.000012,2640.00
114.950,1740.55,-68.75,0.076526,115.00,325.912354,1882.23,0.000014,2790.00
115.000,1924.94,-70.29,0.042894,115.00,280.026855,2161.38,0.000021,3475.00
115.050,1815.64,-69.97,0.048201,130.00,279.176086,2404.32,0.000022,4005.00
115.100,1358.07,-71.01,0.070480,130.00,186.649460,2006.91,0.000009,2070.00
115.150,1553.94,-71.88,0.041993,125.00,232.453888,2149.51,0.000014,3155.00
115.200,1444.52,-69.53,0.076471,600.00,320.044220,1785.51,0.000011,2540.00
115.250,1280.98,-70.13,0.116305,755.00,408.666260,1434.60,0.000005,1835.00
115.300,1401.40,-71.42,0.109336,755.00,401.041962,1536.40,0.000003,2370.00
115.350,1523.41,-71.56,0.074338,755.00,384.033661,1745.85,0.000005,2880.00
115.400,1707.93,-70.92,0.091331,525.00,424.316132,1916.78,0.000004,3160.00
115.450,1589.55,-69.97,0.109789,525.00,291.426697,1909.56,0.000004,3100.00
115.500,2023.59,-69.01,0.066370,520.00,377.315826,2760.49,0.000015,3730.00
115.550,4197.24,-71.03,0.013080,490.00,350.356049,4042.17,0.000143,9475.00
115.600,2591.61,-71.73,0.016699,410.00,79.491196,3144.71,0.000072,6475.00
115.650,1775.71,-70.17,0.046501,485.00,198.431000,2239.08,0.000020,3625.00
115.700,2532.94,-67.54,0.044148,485.00,100.969765,2810.08,0.000041,5820.00
115.750,5073.40,-66.27,0.021374,85.00,202.478409,3397.80,0.000190,8230.00
115.800,5918.50,-67.82,0.015034,705.00,74.984734,3486.27,0.000238,9335.00
115.850,2740.00,-69.30,0.031835,450.00,163.239227,3466.60,0.000048,7280.00
115.900,2304.71,-69.02,0.043901,450.00,106.161484,3008.61,0.000034,6445.00
115.950,4818.44,-65.01,0.029264,175.00,170.765930,3635.96,0.000208,8345.00
116.000,6143.15,-64.35,0.024469,5500.00,122.071320,3160.32,0.000326,9045.00
116.050,3716.77,-65.79,0.034107,355.00,191.055939,3307.77,0.000117,7300.00
116.100,2038.71,-69.05,0.062836,115.00,223.938705,2009.59,0.000016,3375.00
116.150,2678.47,-66.89,0.068780,115.00,258.474823,2050.96,0.000023,4645.00
116.200,3329.41,-65.63,0.075014,100.00,286.246857,1940.83,0.000031,4940.00
116.250,3169.83,-66.60,0.065114,215.00,257.371704,2096.34,0.000028,4945.00
116.300,2602.48,-68.29,0.069840,210.00,265.669739,2316.65,0.000014,4270.00
116.350,1911.68,-69.95,0.085599,210.00,206.537964,2213.47,0.000005,3365.00
116.400,1094.64,-73.17,0.080227,215.00,280.474518,1837.80,0.000003,2285.00
116.450,1410.24,-72.44,0.050304,215.00,278.084106,2212.26,0.000009,2540.00
116.500,1342.37,-72.47,0.065265,115.00,220.599365,2092.69,0.000006,2500.00
116.550,1051.84,-73.20,0.096203,115.00,308.553101,1816.79,0.000002,2250.00
116.600,1490.76,-71.69,0.074255,120.00,260.940979,2233.77,0.000005,3465.00
116.650,2469.35,-67.82,0.060774,235.00,297.479248,2419.08,0.000027,4425.00
116.700,2364.45,-66.06,0.088067,230.00,271.898346,2319.86,0.000024,3850.00
116.750,1951.21,-68.22,0.064851,115.00,319.735107,2316.67,0.000023,3560.00
116.800,1694.04,-68.50,0.095227,200.00,445.471313,2061.71,0.000011,3035.00
116.850,1550.77,-68.40,0.117218,195.00,416.013245,1794.37,0.000008,2705.00
116.900,1541.37,-68.94,0.109497,755.00,451.753906,1704.65,0.000007,2690.00
116.950,1459.25,-70.59,0.071597,175.00,388.201508,1668.29,0.000008,2645.00
117.000,1200.75,-74.46,0.037042,170.00,334.683350,1732.17,0.000004,2375.00
117.050,1244.47,-77.65,0.016156,165.00,150.584015,2354.27,0.000006,2400.00
117.100,2976.73,-78.01,0.003947,85.00,83.358925,3280.73,0.000088,5260.00
117.150,2972.74,-73.06,0.011171,410.00,62.910915,2537.54,0.000081,4700.00
117.200,2565.94,-68.34,0.044233,100.00,215.012405,2400.84,0.000034,3855.00
117.250,2221.06,-68.31,0.058290,95.00,164.284683,2259.77,0.000022,3500.00
117.300,1529.57,-72.80,0.042744,95.00,215.636780,2015.26,0.000008,2770.00
117.350,2051.33,-73.67,0.020011,90.00,168.743256,2527.81,0.000023,3770.00
117.400,2385.82,-71.64,0.022291,375.00,109.522209,2551.09,0.000039,4080.00
117.450,2093.95,-69.65,0.048238,370.00,175.420761,2515.82,0.000019,3790.00
117.500,2799.06,-67.87,0.042932,365.00,123.123772,3047.14,0.000036,6815.00
117.550,3866.17,-65.12,0.033915,115.00,228.164230,2690.95,0.000110,6925.00
117.600,3768.76,-64.24,0.048234,1885.00,162.476761,2331.28,0.000077,5615.00
117.650,3941.49,-64.64,0.045404,4665.00,162.122513,2291.29,0.000092,5395.00
117.700,3747.19,-67.44,0.028355,4580.00,148.671326,2360.90,0.000098,5220.00
117.750,1884.56,-70.16,0.042379,175.00,246.082825,2421.12,0.000021,4065.00
117.800,1502.38,-70.50,0.058567,430.00,161.191864,2238.49,0.000013,2895.00
117.850,1581.70,-72.74,0.036002,85.00,185.683258,2369.04,0.000014,3275.00
117.900,4888.00,-68.22,0.019271,180.00,169.775513,4049.67,0.000169,9380.00
117.950,6420.96,-61.01,0.037962,175.00,169.551407,3433.99,0.000363,9840.00
118.000,6532.00,-60.47,0.040636,175.00,72.748215,3330.90,0.000357,9850.00
118.050,6472.19,-66.88,0.013227,7355.00,176.691757,3356.61,0.000426,9825.00

=== STATISTIKEN ===

Feature,Minimum,Maximum,Durchschnitt
Spektral Centroid (Hz),528.04,8603.25,2648.43
Power (dB),-80.00,-55.47,-69.21
Energy,0.00,0.19,0.06
Peak Frequenz (Hz),40.00,12375.00,426.85
Spectral Flux,0.00,688.74,236.98
Bandbreite (Hz),1217.44,5472.34,2822.43
Spectral Flatness,0.00,0.02,0.00
Spectral Rolloff (Hz),625.00,13460.00,5090.39
