Zeit (s),Spektral Centroid (Hz),Power (dB),Energy,Peak Frequenz (Hz),Spectral Flux,Bandbreite (Hz),Spectral Flatness,Spectral Rolloff (Hz)
0.000,848.28,-79.68,0.001495,140.00,0.000000,1551.91,0.000009,1515.00
0.050,965.54,-79.16,0.006807,140.00,33.933853,1676.83,0.000004,1695.00
0.100,1101.21,-78.82,0.011376,140.00,32.397224,1822.78,0.000003,1945.00
0.150,1295.83,-78.74,0.011706,135.00,28.692154,1964.64,0.000003,2215.00
0.200,1471.11,-78.79,0.011366,555.00,24.115316,2084.82,0.000003,2500.00
0.250,1429.39,-78.68,0.013874,275.00,34.564053,2027.85,0.000003,2325.00
0.300,1330.48,-78.56,0.019593,275.00,51.921806,1912.74,0.000001,2215.00
0.350,1196.12,-78.66,0.025206,275.00,45.798504,1747.89,0.000001,2135.00
0.400,1139.68,-78.72,0.029974,275.00,39.528576,1695.45,0.000000,2155.00
0.450,1132.31,-78.70,0.034747,280.00,44.205563,1693.07,0.000000,2210.00
0.500,1202.57,-78.44,0.038900,280.00,37.513042,1670.10,0.000000,2215.00
0.550,1134.34,-78.42,0.040675,275.00,53.359753,1634.65,0.000000,1950.00
0.600,1235.34,-78.24,0.040708,275.00,52.963909,1779.56,0.000000,2210.00
0.650,1237.56,-78.19,0.045047,275.00,70.090240,1807.83,0.000000,2220.00
0.700,1254.32,-77.98,0.054419,280.00,84.990128,1860.99,0.000000,2230.00
0.750,1245.00,-77.77,0.060632,280.00,70.042694,1775.22,0.000000,2215.00
0.800,1332.17,-77.49,0.058991,275.00,73.223618,1840.35,0.000000,2235.00
0.850,1434.11,-77.66,0.055355,275.00,63.570316,1925.04,0.000000,2505.00
0.900,1299.51,-77.64,0.062047,280.00,92.948967,1874.17,0.000000,2215.00
0.950,1248.42,-77.49,0.058865,275.00,72.334000,1798.12,0.000000,1960.00
1.000,1247.30,-77.66,0.036238,280.00,158.749008,1817.61,0.000001,2170.00
1.050,1227.72,-77.86,0.028621,280.00,90.709732,1812.47,0.000002,2210.00
1.100,1205.31,-77.76,0.033634,275.00,73.041161,1778.12,0.000001,2215.00
1.150,1269.25,-77.64,0.036743,275.00,49.749111,1819.15,0.000001,2220.00
1.200,1277.06,-77.71,0.038133,275.00,54.450150,1812.27,0.000001,2220.00
1.250,1195.30,-77.74,0.039529,275.00,43.309998,1713.61,0.000001,2220.00
1.300,1125.75,-77.75,0.039581,275.00,63.369610,1667.55,0.000001,2210.00
1.350,1110.95,-77.74,0.041339,275.00,37.352013,1638.28,0.000001,2125.00
1.400,1095.90,-77.36,0.042253,275.00,40.786613,1657.48,0.000001,2210.00
1.450,1096.40,-76.89,0.039682,555.00,114.011810,1739.35,0.000002,2155.00
1.500,1239.18,-76.51,0.048714,140.00,173.444260,1813.16,0.000001,2210.00
1.550,1156.43,-76.71,0.061108,140.00,155.263016,1734.66,0.000001,2165.00
1.600,1125.29,-76.56,0.071071,140.00,93.399948,1712.12,0.000001,1955.00
1.650,1122.70,-76.32,0.074318,140.00,134.232635,1729.00,0.000001,1975.00
1.700,1225.18,-76.25,0.066034,140.00,139.389847,1863.19,0.000001,2215.00
1.750,1253.71,-76.48,0.068174,140.00,138.483551,1821.58,0.000001,2205.00
1.800,1189.71,-76.55,0.082295,140.00,152.766907,1745.80,0.000001,2200.00
1.850,1183.79,-76.30,0.085694,140.00,126.522827,1746.31,0.000001,2205.00
1.900,1237.48,-75.82,0.071641,140.00,167.118286,1861.57,0.000001,2220.00
1.950,1330.33,-75.36,0.064021,555.00,242.005615,1860.25,0.000002,2210.00
2.000,1262.24,-75.81,0.062830,550.00,173.764450,1796.24,0.000001,2200.00
2.050,1323.95,-76.26,0.062927,555.00,142.424759,1807.08,0.000001,2215.00
2.100,1401.89,-76.69,0.053453,555.00,166.622070,1952.80,0.000001,2235.00
2.150,1636.48,-76.36,0.047768,555.00,146.579834,2131.69,0.000002,2755.00
2.200,1580.66,-76.51,0.051888,550.00,137.342392,1991.17,0.000001,2235.00
2.250,1582.35,-76.61,0.052514,555.00,92.670227,1965.78,0.000002,2235.00
2.300,1576.18,-77.06,0.044513,555.00,144.386444,2048.73,0.000002,2240.00
2.350,1774.17,-76.52,0.034902,555.00,97.011818,2245.24,0.000004,2795.00
2.400,1563.23,-76.48,0.041824,550.00,119.860588,1988.25,0.000002,2220.00
2.450,1594.84,-76.74,0.039713,550.00,81.061028,1989.82,0.000002,2235.00
2.500,1514.50,-76.95,0.033818,555.00,106.749962,1950.56,0.000002,2235.00
2.550,1529.07,-76.89,0.030470,235.00,63.598400,2023.29,0.000002,2245.00
2.600,1368.26,-77.13,0.038277,550.00,91.692268,1777.30,0.000001,2210.00
2.650,1377.83,-76.88,0.038520,1105.00,47.834343,1744.04,0.000001,2215.00
2.700,1361.84,-76.51,0.031917,235.00,88.138786,1711.93,0.000002,2220.00
2.750,1399.22,-76.74,0.028893,235.00,69.955536,1800.25,0.000002,2220.00
2.800,1388.34,-77.01,0.032110,235.00,77.543533,1673.70,0.000001,2205.00
2.850,1404.11,-76.54,0.029252,1105.00,70.094261,1678.80,0.000002,2215.00
2.900,1336.25,-77.08,0.022816,1105.00,82.501640,1693.13,0.000002,2215.00
2.950,1240.09,-77.64,0.023627,275.00,83.345200,1656.43,0.000001,2120.00
3.000,1108.69,-77.62,0.029880,280.00,55.013908,1493.39,0.000001,1940.00
3.050,967.03,-77.79,0.030012,280.00,47.295986,1350.05,0.000001,1660.00
3.100,884.89,-78.18,0.021659,280.00,70.401695,1238.77,0.000000,1665.00
3.150,831.21,-78.13,0.016130,280.00,63.453136,1087.22,0.000000,1660.00
3.200,862.44,-78.36,0.013923,280.00,31.948204,1060.08,0.000000,1655.00
3.250,819.31,-78.51,0.014724,275.00,41.547523,962.40,0.000000,1395.00
3.300,736.42,-78.54,0.015145,275.00,32.378342,885.02,0.000000,1120.00
3.350,740.77,-78.76,0.015246,275.00,33.746559,867.24,0.000000,1140.00
3.400,729.29,-78.87,0.014657,275.00,19.880875,873.74,0.000000,1120.00
3.450,761.20,-78.96,0.011640,275.00,27.745665,939.60,0.000000,1165.00
3.500,835.14,-79.02,0.008123,280.00,28.673445,1030.40,0.000001,1645.00
3.550,825.86,-79.02,0.007589,555.00,24.524130,1004.84,0.000001,1640.00
3.600,736.89,-78.95,0.008908,555.00,19.838118,930.60,0.000001,1120.00
3.650,688.94,-79.03,0.008708,555.00,19.109407,951.22,0.000001,1115.00
3.700,787.01,-79.07,0.007870,140.00,17.323977,1225.43,0.000002,1155.00
3.750,945.08,-78.87,0.008153,275.00,22.049969,1566.90,0.000004,1645.00
3.800,999.40,-78.67,0.009918,275.00,25.588831,1685.27,0.000003,1665.00
3.850,1173.33,-78.64,0.010561,275.00,20.575693,1870.09,0.000003,1855.00
3.900,1320.55,-78.65,0.010093,370.00,19.217234,1929.16,0.000004,1865.00
3.950,1427.22,-78.72,0.009681,370.00,17.871180,1959.06,0.000004,1965.00
4.000,1472.26,-78.66,0.010339,740.00,17.788956,1932.11,0.000004,2170.00
4.050,1498.13,-78.54,0.011097,740.00,19.397076,1940.04,0.000003,2220.00
4.100,1513.33,-78.44,0.012081,1850.00,19.721184,1945.59,0.000003,2220.00
4.150,1437.85,-77.84,0.013834,365.00,42.664082,1834.00,0.000004,2095.00
4.200,1384.37,-77.22,0.020107,415.00,72.357727,1808.89,0.000003,2090.00
4.250,1399.67,-77.23,0.028038,415.00,78.629562,1893.70,0.000002,2090.00
4.300,1382.81,-77.39,0.031631,415.00,44.158863,1870.27,0.000001,2090.00
4.350,1322.77,-77.32,0.031356,415.00,66.525322,1770.20,0.000001,2085.00
4.400,1344.51,-77.43,0.028943,415.00,58.830399,1787.31,0.000002,2085.00
4.450,1492.01,-77.66,0.024201,830.00,60.158245,1863.12,0.000002,2310.00
4.500,1588.66,-77.85,0.019012,830.00,60.512726,1929.74,0.000003,2875.00
4.550,1460.51,-78.17,0.016247,830.00,39.525024,1898.90,0.000002,2505.00
4.600,1291.60,-78.35,0.015106,830.00,39.091629,1749.26,0.000002,2090.00
4.650,1069.41,-78.18,0.020605,415.00,51.671940,1563.55,0.000001,1875.00
4.700,908.12,-77.98,0.026768,415.00,57.844746,1470.05,0.000001,1260.00
4.750,864.11,-77.69,0.030426,415.00,53.802502,1412.13,0.000001,1250.00
4.800,923.21,-77.69,0.030287,415.00,53.791603,1502.32,0.000001,1510.00
4.850,976.29,-77.69,0.031715,415.00,48.892174,1605.71,0.000001,1660.00
4.900,965.92,-77.69,0.034463,140.00,38.973045,1595.13,0.000001,1665.00
4.950,962.04,-77.65,0.037428,140.00,37.775272,1600.22,0.000001,1735.00
5.000,968.61,-77.51,0.041631,140.00,42.592175,1606.80,0.000001,1845.00
5.050,977.71,-77.27,0.046161,140.00,45.068874,1609.70,0.000001,2070.00
5.100,1128.04,-76.83,0.043243,140.00,65.796043,1763.66,0.000001,2080.00
5.150,1331.71,-76.43,0.035557,830.00,106.190285,1962.80,0.000003,2365.00
5.200,1423.37,-76.06,0.036773,830.00,97.441071,2106.56,0.000004,2670.00
5.250,1325.10,-76.16,0.043867,135.00,110.494957,2106.34,0.000003,2485.00
5.300,1253.29,-76.08,0.049135,830.00,96.625900,2007.40,0.000002,2085.00
5.350,1346.35,-75.73,0.052639,105.00,118.402153,2057.59,0.000002,2255.00
5.400,1440.78,-75.90,0.049367,105.00,95.084106,2157.27,0.000002,2495.00
5.450,1769.77,-75.55,0.041092,105.00,120.563408,2386.89,0.000004,3010.00
5.500,1684.26,-75.71,0.044579,105.00,134.236542,2357.73,0.000003,2920.00
5.550,1668.79,-75.31,0.055446,415.00,125.348351,2314.83,0.000002,2920.00
5.600,1642.84,-75.02,0.055514,415.00,131.117050,2199.14,0.000002,2915.00
5.650,1690.27,-74.86,0.043552,835.00,162.459549,2214.04,0.000004,2920.00
5.700,1757.62,-75.15,0.040772,140.00,158.330322,2309.04,0.000004,3095.00
5.750,1740.09,-75.51,0.048317,415.00,130.905167,2298.89,0.000004,3030.00
5.800,1764.59,-75.40,0.050681,830.00,113.942406,2269.59,0.000004,2970.00
5.850,1800.88,-75.50,0.040870,835.00,140.769104,2263.51,0.000006,2935.00
5.900,1997.15,-75.65,0.030894,415.00,137.291931,2430.09,0.000010,3330.00
5.950,1837.52,-76.25,0.038377,415.00,114.596832,2360.12,0.000005,3160.00
6.000,1817.34,-75.80,0.045316,415.00,98.590744,2358.55,0.000004,2965.00
6.050,1712.55,-75.72,0.042666,835.00,132.480133,2270.28,0.000005,2920.00
6.100,1834.76,-75.55,0.037886,415.00,137.047424,2399.23,0.000006,2930.00
6.150,1622.45,-76.05,0.042847,415.00,105.660683,2285.52,0.000003,2895.00
6.200,1644.67,-76.01,0.044367,415.00,69.378647,2252.82,0.000003,2905.00
6.250,1577.78,-76.25,0.042053,175.00,112.003731,2146.62,0.000003,2900.00
6.300,1618.06,-76.05,0.039318,175.00,75.918999,2154.75,0.000003,2900.00
6.350,1452.20,-75.91,0.038805,175.00,91.913971,1974.09,0.000003,2515.00
6.400,1417.78,-76.22,0.036788,175.00,54.173595,1941.32,0.000003,2490.00
6.450,1348.68,-76.59,0.033965,175.00,75.312569,1890.72,0.000003,2265.00
6.500,1172.02,-76.36,0.039796,170.00,106.170120,1761.93,0.000002,2090.00
6.550,933.53,-76.71,0.051491,175.00,138.945862,1517.77,0.000001,1800.00
6.600,833.72,-77.26,0.048821,175.00,82.669960,1395.36,0.000000,1455.00
6.650,844.72,-77.65,0.034359,175.00,112.053642,1345.53,0.000001,1490.00
6.700,865.98,-77.99,0.022328,175.00,98.793381,1262.19,0.000001,1660.00
6.750,805.51,-78.16,0.018083,210.00,51.018887,1131.28,0.000000,1455.00
6.800,748.21,-78.12,0.015139,205.00,42.729984,1014.24,0.000000,1390.00
6.850,720.45,-78.30,0.015530,175.00,38.526031,959.31,0.000000,1270.00
6.900,691.59,-78.49,0.016068,175.00,27.967735,911.87,0.000000,1230.00
6.950,656.76,-78.50,0.014732,175.00,38.386543,877.05,0.000000,1095.00
7.000,613.95,-78.51,0.015516,170.00,34.566486,845.42,0.000000,860.00
7.050,597.60,-78.69,0.013629,205.00,33.581184,884.35,0.000000,845.00
7.100,593.51,-78.60,0.012179,170.00,28.284676,874.88,0.000000,840.00
7.150,579.05,-78.60,0.012187,175.00,37.324741,838.17,0.000000,840.00
7.200,596.47,-78.83,0.011930,415.00,29.390530,859.99,0.000000,835.00
7.250,655.61,-78.91,0.009145,415.00,26.016613,933.45,0.000001,1045.00
7.300,626.91,-78.82,0.008552,415.00,29.979050,934.42,0.000001,880.00
7.350,590.87,-78.87,0.010123,175.00,17.932581,969.99,0.000001,845.00
7.400,761.71,-78.91,0.010039,175.00,15.878614,1355.89,0.000002,1230.00
7.450,973.46,-78.82,0.008865,175.00,17.905508,1685.39,0.000004,1655.00
7.500,1139.39,-78.71,0.008302,175.00,23.309025,1866.92,0.000005,1855.00
7.550,1139.41,-78.28,0.009647,170.00,23.633375,1832.95,0.000005,1855.00
7.600,1153.62,-78.26,0.010766,370.00,14.232540,1803.26,0.000005,1855.00
7.650,1256.21,-78.40,0.010976,370.00,17.246851,1866.20,0.000004,1855.00
7.700,1220.63,-78.15,0.011485,740.00,21.620853,1772.40,0.000004,1855.00
7.750,1305.61,-78.30,0.012337,740.00,22.215879,1819.74,0.000003,1860.00
7.800,1414.15,-78.31,0.012730,370.00,19.285086,1900.17,0.000003,2085.00
7.850,1418.64,-78.09,0.013318,370.00,25.045525,1832.44,0.000003,2085.00
7.900,1414.94,-77.98,0.014183,415.00,38.132454,1798.50,0.000004,2085.00
7.950,1393.11,-78.01,0.013646,415.00,31.325018,1821.28,0.000004,2080.00
8.000,1521.71,-77.93,0.012158,830.00,35.054230,1893.40,0.000005,2145.00
8.050,1621.11,-77.91,0.012719,830.00,18.289263,1981.05,0.000005,2880.00
8.100,1587.32,-78.06,0.014910,415.00,28.323587,2069.73,0.000003,2905.00
8.150,1586.52,-78.15,0.016551,415.00,24.686939,2046.89,0.000003,2905.00
8.200,1501.71,-77.94,0.016977,830.00,26.894606,1930.58,0.000003,2590.00
8.250,1446.96,-78.10,0.014919,830.00,24.320549,1888.74,0.000003,2490.00
8.300,1327.28,-78.18,0.013698,830.00,34.947266,1808.33,0.000002,2090.00
8.350,1153.72,-78.29,0.017274,830.00,46.882236,1747.55,0.000002,2070.00
8.400,952.97,-78.20,0.024601,155.00,64.286049,1607.61,0.000001,1630.00
8.450,836.83,-77.83,0.030218,155.00,57.041672,1479.83,0.000001,1250.00
8.500,841.78,-77.80,0.034757,155.00,43.595093,1489.48,0.000001,1250.00
8.550,964.22,-78.01,0.039015,155.00,49.575832,1632.10,0.000001,1665.00
8.600,945.53,-77.71,0.042170,155.00,34.890564,1610.75,0.000001,1665.00
8.650,832.59,-77.47,0.046820,155.00,90.453186,1511.33,0.000001,1250.00
8.700,862.75,-77.39,0.053293,155.00,80.843254,1544.17,0.000000,1540.00
8.750,1015.07,-77.32,0.052828,155.00,53.133598,1700.26,0.000001,2075.00
8.800,1181.99,-76.95,0.042676,155.00,90.805313,1866.88,0.000001,2085.00
8.850,1304.65,-76.65,0.034375,830.00,113.561584,2041.97,0.000003,2490.00
8.900,1644.89,-76.61,0.029436,830.00,112.897591,2325.11,0.000005,3225.00
8.950,1610.68,-76.78,0.033548,830.00,88.435150,2278.48,0.000004,2900.00
9.000,1547.32,-76.28,0.043241,830.00,89.841682,2191.29,0.000003,2510.00
9.050,1619.18,-76.05,0.044510,830.00,97.649872,2219.52,0.000003,2880.00
9.100,1881.59,-75.94,0.037038,830.00,94.921516,2394.60,0.000004,3310.00
9.150,1976.26,-75.90,0.033820,830.00,125.249184,2493.56,0.000005,3770.00
9.200,1736.39,-75.76,0.043787,415.00,137.381622,2377.92,0.000003,3050.00
9.250,1629.71,-74.69,0.055123,415.00,146.709488,2239.76,0.000003,2910.00
9.300,1468.54,-74.47,0.055346,835.00,164.116638,2048.44,0.000003,2505.00
9.350,1545.17,-74.40,0.049190,125.00,191.372452,2129.79,0.000004,2875.00
9.400,1417.35,-74.74,0.054861,125.00,159.194916,2105.89,0.000003,2515.00
9.450,1501.38,-74.92,0.055157,415.00,174.795792,2150.75,0.000003,2895.00
9.500,1554.04,-75.37,0.051377,835.00,158.915497,2115.75,0.000003,2910.00
9.550,1778.17,-75.67,0.037531,840.00,146.405212,2278.23,0.000006,2925.00
9.600,1768.30,-75.89,0.034947,415.00,128.995636,2321.19,0.000007,2920.00
9.650,1676.04,-75.81,0.043452,415.00,117.179131,2274.03,0.000004,2910.00
9.700,1672.26,-75.66,0.046628,830.00,114.374939,2251.95,0.000004,2915.00
9.750,1692.93,-75.82,0.041930,835.00,120.059525,2283.93,0.000005,2910.00
9.800,1663.78,-76.02,0.042695,155.00,146.391815,2339.68,0.000004,2905.00
9.850,1457.28,-76.36,0.051202,155.00,94.695160,2185.35,0.000002,2890.00
9.900,1372.50,-76.03,0.055280,155.00,103.912849,2098.62,0.000002,2515.00
9.950,1307.96,-76.12,0.055510,155.00,125.381004,2006.34,0.000002,2470.00
10.000,1352.37,-76.32,0.055187,155.00,131.996384,2034.43,0.000001,2500.00
10.050,1176.82,-76.86,0.057525,155.00,82.966087,1849.89,0.000001,2255.00
10.100,1141.32,-76.84,0.061330,155.00,66.497803,1824.89,0.000001,2090.00
10.150,1067.99,-76.79,0.059958,155.00,69.187668,1740.63,0.000001,2085.00
10.200,1041.53,-76.62,0.046342,155.00,128.143661,1691.69,0.000001,2080.00
10.250,1030.63,-77.14,0.029871,155.00,147.102890,1616.92,0.000002,2060.00
10.300,1027.79,-77.54,0.027027,210.00,115.082893,1568.16,0.000001,1875.00
10.350,946.48,-77.74,0.031059,210.00,58.017796,1446.50,0.000001,1675.00
10.400,869.24,-77.76,0.035968,210.00,49.612560,1369.87,0.000000,1555.00
10.450,802.70,-77.85,0.040229,210.00,44.848598,1292.90,0.000000,1440.00
10.500,860.82,-77.94,0.043667,210.00,46.109936,1318.07,0.000000,1455.00
10.550,902.28,-77.96,0.044223,210.00,36.708309,1351.16,0.000000,1605.00
10.600,974.05,-77.53,0.042162,625.00,57.321022,1400.97,0.000001,1665.00
10.650,1058.75,-76.47,0.040801,625.00,96.164970,1430.57,0.000001,1855.00
10.700,1110.58,-76.41,0.035005,620.00,89.300743,1494.99,0.000001,1865.00
10.750,1195.42,-76.86,0.026822,625.00,108.543777,1655.66,0.000002,1975.00
10.800,1180.40,-77.21,0.026282,245.00,67.601044,1714.11,0.000002,1960.00
10.850,1152.47,-77.30,0.028372,245.00,46.793148,1689.68,0.000002,1875.00
10.900,1079.03,-77.42,0.028187,245.00,52.622860,1615.48,0.000001,1790.00
10.950,1027.94,-77.74,0.029167,245.00,55.333191,1598.78,0.000001,1860.00
11.000,982.84,-77.96,0.032553,245.00,40.470921,1584.35,0.000001,1815.00
11.050,919.43,-77.85,0.036586,245.00,35.680653,1507.70,0.000000,1730.00
11.100,921.55,-77.53,0.036329,245.00,29.784134,1465.33,0.000001,1705.00
11.150,954.00,-77.25,0.030354,245.00,67.283257,1508.94,0.000001,1700.00
11.200,1037.70,-77.34,0.027313,245.00,76.015167,1623.03,0.000001,1760.00
11.250,1080.45,-77.63,0.031125,350.00,51.782276,1686.41,0.000001,1960.00
11.300,1116.32,-77.60,0.036230,350.00,46.997971,1723.11,0.000001,1975.00
11.350,1154.27,-77.46,0.039682,350.00,40.189369,1744.92,0.000001,2090.00
11.400,1145.19,-77.20,0.042346,350.00,56.915913,1737.25,0.000001,2090.00
11.450,1173.13,-77.17,0.045227,350.00,40.104671,1779.36,0.000001,2095.00
11.500,1245.35,-77.28,0.045355,350.00,41.891422,1844.09,0.000001,2100.00
11.550,1199.43,-76.56,0.039655,350.00,71.918869,1706.13,0.000001,2100.00
11.600,1077.96,-76.39,0.038728,350.00,92.563179,1539.65,0.000001,1925.00
11.650,1101.52,-76.72,0.034060,350.00,101.521622,1607.10,0.000001,1970.00
11.700,1200.45,-76.73,0.030161,350.00,94.653587,1715.60,0.000002,2105.00
11.750,1256.24,-76.54,0.032698,350.00,72.810608,1758.54,0.000002,2215.00
11.800,1249.73,-77.13,0.032675,350.00,62.102619,1753.74,0.000001,2215.00
11.850,1241.95,-77.13,0.025923,345.00,67.910347,1669.26,0.000002,2155.00
11.900,1177.68,-77.47,0.021226,350.00,62.834076,1607.60,0.000002,2095.00
11.950,1057.68,-78.12,0.017959,365.00,66.042976,1511.45,0.000001,1850.00
12.000,933.16,-78.07,0.020799,370.00,80.327965,1387.67,0.000001,1665.00
12.050,829.43,-77.80,0.025526,370.00,54.938103,1340.90,0.000001,1435.00
12.100,831.32,-77.89,0.030174,370.00,47.061020,1383.51,0.000001,1470.00
12.150,830.69,-78.05,0.032679,370.00,31.457043,1418.89,0.000001,1405.00
12.200,831.76,-77.91,0.031290,370.00,37.816593,1411.16,0.000001,1435.00
12.250,847.76,-77.79,0.028970,370.00,46.302525,1429.82,0.000001,1480.00
12.300,876.61,-77.95,0.025876,185.00,52.555599,1475.02,0.000001,1550.00
12.350,906.15,-78.06,0.025893,185.00,45.555931,1493.14,0.000001,1755.00
12.400,966.27,-77.94,0.026137,185.00,42.536983,1552.11,0.000001,1845.00
12.450,1015.87,-77.60,0.025474,95.00,47.739857,1571.24,0.000001,1850.00
12.500,999.38,-77.27,0.029169,140.00,95.733940,1582.02,0.000001,1850.00
12.550,952.53,-77.28,0.044488,140.00,140.248596,1599.51,0.000001,1845.00
12.600,890.29,-77.08,0.056736,140.00,107.222008,1564.28,0.000001,1845.00
12.650,864.99,-76.85,0.063936,140.00,89.413986,1538.89,0.000001,1535.00
12.700,978.23,-76.95,0.064224,140.00,91.416985,1681.38,0.000001,1845.00
12.750,1077.03,-76.97,0.061623,140.00,54.116810,1829.32,0.000001,1845.00
12.800,1066.49,-76.94,0.065534,140.00,39.613453,1835.30,0.000001,1850.00
12.850,1052.82,-76.82,0.072902,140.00,62.799595,1814.20,0.000001,1850.00
12.900,1011.33,-76.35,0.074932,140.00,71.814796,1774.45,0.000001,1850.00
12.950,981.22,-76.14,0.060972,140.00,174.704193,1716.73,0.000001,1845.00
13.000,1143.64,-76.29,0.047628,370.00,189.063736,1842.43,0.000002,1855.00
13.050,1235.28,-76.38,0.049287,370.00,107.643524,1955.53,0.000002,1855.00
13.100,1348.07,-76.45,0.048108,740.00,81.483330,2101.12,0.000002,1985.00
13.150,1404.65,-76.64,0.042044,1850.00,88.281395,2162.66,0.000002,2215.00
13.200,1572.79,-76.79,0.039762,370.00,93.906868,2237.90,0.000003,2595.00
13.250,1541.34,-76.72,0.041375,370.00,77.476776,2188.90,0.000003,2600.00
13.300,1540.04,-76.65,0.040688,370.00,82.656342,2164.38,0.000003,2595.00
13.350,1601.65,-77.00,0.034897,370.00,99.269089,2196.81,0.000003,2600.00
13.400,1675.01,-76.73,0.032469,370.00,73.080070,2164.63,0.000004,2800.00
13.450,1544.43,-76.69,0.032175,370.00,87.085190,2058.13,0.000003,2225.00
13.500,1447.26,-76.91,0.027921,740.00,73.810120,2003.32,0.000003,2220.00
13.550,1180.37,-77.66,0.025233,235.00,77.124794,1744.46,0.000001,1850.00
13.600,1094.42,-77.83,0.024989,235.00,54.467350,1632.98,0.000001,1850.00
13.650,1002.24,-78.10,0.026073,235.00,39.556244,1463.01,0.000001,1850.00
13.700,976.55,-78.15,0.025744,235.00,31.122086,1423.40,0.000001,1845.00
13.750,952.68,-77.90,0.024911,235.00,38.900970,1382.81,0.000001,1680.00
13.800,997.78,-77.79,0.024467,235.00,41.105270,1385.27,0.000001,1845.00
13.850,1125.91,-77.48,0.021037,235.00,49.182465,1432.71,0.000001,1855.00
13.900,1094.33,-77.18,0.018657,235.00,57.866859,1416.41,0.000002,1850.00
13.950,969.83,-77.70,0.019230,275.00,63.032856,1313.74,0.000001,1630.00
14.000,795.10,-78.16,0.021996,275.00,55.221592,1077.92,0.000000,1475.00
14.050,724.31,-78.43,0.019029,280.00,36.464298,942.90,0.000000,1340.00
14.100,687.49,-78.51,0.014597,370.00,46.741272,889.05,0.000000,1120.00
14.150,641.47,-78.32,0.012803,740.00,51.148006,839.28,0.000000,1115.00
14.200,624.35,-78.41,0.011621,230.00,35.582729,838.62,0.000000,1155.00
14.250,680.20,-78.75,0.011220,235.00,33.717548,866.37,0.000000,1235.00
14.300,683.02,-78.85,0.009977,235.00,15.835303,889.01,0.000001,1170.00
14.350,663.00,-78.88,0.008612,235.00,21.338987,940.42,0.000001,1150.00
14.400,682.61,-78.96,0.007414,235.00,15.919361,973.17,0.000001,1165.00
14.450,685.25,-78.83,0.006698,370.00,14.788947,951.57,0.000001,1155.00
14.500,678.82,-78.83,0.005471,370.00,17.962610,987.93,0.000002,1120.00
14.550,661.06,-79.01,0.005299,370.00,15.886230,1027.92,0.000002,1160.00
14.600,667.56,-78.97,0.005078,135.00,15.507542,1015.33,0.000002,1355.00
14.650,652.48,-79.04,0.005744,140.00,12.545036,1033.95,0.000001,1160.00
14.700,613.81,-79.15,0.006834,140.00,14.311244,1038.39,0.000001,1100.00
14.750,732.42,-79.07,0.006946,140.00,9.916320,1363.58,0.000003,1170.00
14.800,948.15,-78.90,0.007107,370.00,19.860687,1715.24,0.000006,1685.00
14.850,1127.49,-78.87,0.008118,370.00,18.645210,1928.39,0.000004,1855.00
14.900,1327.60,-78.83,0.009171,370.00,15.804443,2094.17,0.000004,1985.00
14.950,1395.05,-78.79,0.009641,370.00,15.480515,2066.44,0.000004,2090.00
15.000,1451.72,-78.74,0.010178,370.00,14.350155,2050.08,0.000004,2155.00
15.050,1513.31,-78.66,0.010883,370.00,12.557845,2039.64,0.000003,2265.00
15.100,1496.01,-78.60,0.011732,370.00,12.578737,2013.88,0.000003,2225.00
15.150,1493.84,-78.63,0.012786,370.00,14.114555,2025.38,0.000003,2220.00
15.200,1507.08,-78.57,0.014850,370.00,18.622709,1998.52,0.000002,2220.00
15.250,1577.92,-78.53,0.016987,370.00,22.908529,2000.27,0.000002,2230.00
15.300,1528.94,-78.45,0.019745,370.00,26.093246,2008.75,0.000002,2220.00
15.350,1588.16,-78.45,0.022317,370.00,22.117426,2083.97,0.000002,2220.00
15.400,1635.66,-78.40,0.023723,370.00,13.221665,2134.27,0.000002,2300.00
15.450,1749.81,-78.45,0.023804,370.00,12.270567,2203.74,0.000002,2955.00
15.500,1884.73,-78.34,0.024209,370.00,13.383291,2315.48,0.000003,3325.00
15.550,1939.90,-78.23,0.025648,370.00,16.961630,2404.13,0.000003,3330.00
15.600,1928.36,-78.18,0.026389,370.00,13.367023,2406.72,0.000003,3330.00
15.650,1852.17,-77.81,0.025783,370.00,21.133877,2342.81,0.000004,3325.00
15.700,1545.44,-77.45,0.023291,370.00,61.622471,2086.84,0.000004,2225.00
15.750,1289.90,-77.49,0.023587,550.00,74.614861,1831.93,0.000003,1870.00
15.800,1202.56,-77.59,0.027107,550.00,57.230152,1695.57,0.000002,1855.00
15.850,1205.63,-77.55,0.027152,1110.00,45.109398,1713.20,0.000001,1990.00
15.900,1134.12,-77.51,0.029706,140.00,55.193726,1672.40,0.000001,2085.00
15.950,1040.16,-77.63,0.034476,140.00,55.850151,1580.72,0.000001,1850.00
16.000,991.71,-77.58,0.039053,140.00,46.135151,1522.25,0.000001,1850.00
16.050,982.93,-77.35,0.044038,140.00,48.155621,1485.14,0.000001,1845.00
16.100,964.88,-77.06,0.050660,140.00,54.785561,1495.39,0.000001,1800.00
16.150,974.33,-76.90,0.049864,140.00,76.392319,1589.56,0.000001,1670.00
16.200,1161.29,-76.35,0.041420,555.00,119.114357,1742.26,0.000002,2200.00
16.250,1182.66,-76.14,0.044789,550.00,141.001846,1712.52,0.000002,2195.00
16.300,1058.16,-76.47,0.054551,550.00,130.087799,1636.98,0.000001,1670.00
16.350,1121.66,-76.23,0.061242,555.00,137.278534,1704.21,0.000001,1945.00
16.400,1152.17,-76.27,0.056383,560.00,157.921204,1774.87,0.000001,2155.00
16.450,1224.99,-75.83,0.052166,105.00,131.497757,1792.84,0.000002,2205.00
16.500,1218.60,-76.10,0.055395,550.00,150.967361,1733.42,0.000002,2200.00
16.550,1352.86,-76.22,0.060137,555.00,127.312637,1818.28,0.000001,2215.00
16.600,1368.68,-76.15,0.049950,560.00,162.836472,1885.40,0.000002,2230.00
16.650,1426.47,-75.49,0.049631,555.00,123.062325,1945.29,0.000002,2225.00
16.700,1435.66,-75.85,0.055420,550.00,177.432022,1915.91,0.000001,2215.00
16.750,1514.26,-76.20,0.054037,550.00,99.105850,1923.26,0.000001,2230.00
16.800,1508.00,-76.59,0.051290,555.00,184.086349,1920.08,0.000001,2235.00
16.850,1687.13,-76.42,0.043867,555.00,85.333557,2146.68,0.000002,2770.00
16.900,1646.31,-76.23,0.049912,555.00,182.008820,2054.48,0.000002,2735.00
16.950,1650.90,-76.46,0.050643,550.00,105.949280,2000.28,0.000002,2240.00
17.000,1614.72,-76.94,0.046825,555.00,159.839294,2008.16,0.000002,2235.00
17.050,1696.68,-76.79,0.034776,555.00,124.337692,2240.73,0.000004,2785.00
17.100,1517.19,-76.29,0.042412,555.00,159.047333,2046.09,0.000003,2225.00
17.150,1418.87,-76.39,0.046467,550.00,90.637573,1893.87,0.000001,2215.00
17.200,1462.57,-76.64,0.041158,175.00,91.845985,1922.76,0.000001,2230.00
17.250,1494.97,-76.55,0.032846,175.00,108.163750,2006.42,0.000002,2245.00
17.300,1382.58,-76.31,0.038081,175.00,107.860611,1844.93,0.000002,2220.00
17.350,1299.30,-76.70,0.042892,175.00,65.181648,1721.53,0.000001,2205.00
17.400,1352.08,-76.99,0.037626,175.00,66.690994,1788.36,0.000001,2225.00
17.450,1359.46,-77.05,0.030607,175.00,84.640800,1853.28,0.000002,2230.00
17.500,1242.42,-76.75,0.032014,175.00,69.089752,1695.71,0.000002,2200.00
17.550,1043.74,-76.19,0.043740,170.00,111.739571,1451.00,0.000001,1680.00
17.600,950.43,-76.42,0.053520,175.00,149.928360,1441.07,0.000001,1670.00
17.650,930.00,-76.56,0.049932,175.00,115.704971,1448.74,0.000001,1660.00
17.700,977.46,-76.52,0.045970,175.00,98.039391,1398.81,0.000001,1655.00
17.750,1018.18,-76.96,0.044952,175.00,101.412964,1459.24,0.000001,1660.00
17.800,1019.55,-77.18,0.041480,205.00,72.550217,1501.04,0.000001,1660.00
17.850,1029.66,-77.23,0.042285,205.00,75.189072,1493.70,0.000001,1660.00
17.900,1000.14,-77.22,0.046672,205.00,55.387955,1373.97,0.000001,1650.00
17.950,967.11,-77.27,0.045322,625.00,50.260429,1313.48,0.000001,1640.00
18.000,1016.84,-77.47,0.036256,625.00,77.966774,1401.73,0.000001,1680.00
18.050,1070.80,-77.73,0.027494,625.00,94.012489,1555.44,0.000001,1870.00
18.100,1069.38,-77.69,0.026742,415.00,70.160149,1592.15,0.000001,1870.00
18.150,1106.01,-77.68,0.028588,415.00,55.272591,1636.60,0.000001,2065.00
18.200,1200.19,-77.65,0.028312,415.00,40.056183,1757.65,0.000001,2075.00
18.250,1312.62,-77.65,0.025586,415.00,38.955727,1844.64,0.000002,2205.00
18.300,1378.12,-77.70,0.022718,830.00,40.325764,1854.23,0.000002,2240.00
18.350,1413.08,-77.76,0.022589,830.00,33.145039,1890.36,0.000002,2485.00
18.400,1442.88,-77.65,0.024002,830.00,33.046688,1895.48,0.000002,2495.00
18.450,1458.75,-76.97,0.025344,830.00,30.047064,1899.73,0.000002,2495.00
18.500,1541.33,-76.07,0.025666,830.00,52.550735,1965.63,0.000003,2910.00
18.550,1464.19,-76.33,0.024952,415.00,49.279690,1943.72,0.000003,2655.00
18.600,1372.75,-77.06,0.026789,415.00,41.848633,1953.55,0.000002,2185.00
18.650,1403.81,-77.05,0.029874,415.00,64.020424,1981.19,0.000002,2430.00
18.700,1344.22,-76.87,0.033029,350.00,63.394093,1890.20,0.000002,2230.00
18.750,1329.60,-77.02,0.036977,350.00,59.538685,1843.00,0.000001,2185.00
18.800,1349.01,-77.28,0.041779,350.00,57.197624,1875.32,0.000001,2185.00
18.850,1365.54,-77.25,0.044534,350.00,49.687580,1899.23,0.000001,2230.00
18.900,1324.95,-76.70,0.040550,350.00,64.499756,1783.39,0.000001,2165.00
18.950,1154.01,-76.61,0.042299,350.00,103.183372,1594.66,0.000001,2090.00
19.000,1123.00,-76.77,0.038252,350.00,96.039940,1580.15,0.000001,1870.00
19.050,1244.08,-76.59,0.030246,350.00,134.790115,1707.27,0.000002,2175.00
19.100,1280.72,-76.49,0.033402,345.00,89.317497,1731.08,0.000002,2180.00
19.150,1242.67,-76.98,0.035447,350.00,72.659576,1742.39,0.000001,2140.00
19.200,1234.91,-77.09,0.029105,350.00,60.736477,1678.76,0.000002,2190.00
19.250,1156.19,-77.38,0.023843,350.00,56.636337,1592.27,0.000002,2080.00
19.300,1021.90,-77.98,0.020463,350.00,59.443794,1443.71,0.000001,1845.00
19.350,906.17,-77.89,0.020999,370.00,81.447647,1298.99,0.000001,1485.00
19.400,830.10,-78.02,0.024401,370.00,60.221287,1304.56,0.000001,1470.00
19.450,799.36,-78.18,0.030441,370.00,55.924767,1338.69,0.000001,1395.00
19.500,777.59,-78.09,0.035344,370.00,47.046722,1381.30,0.000000,1240.00
19.550,780.29,-78.05,0.036264,155.00,40.931877,1367.53,0.000000,1385.00
19.600,795.40,-78.00,0.037558,155.00,41.795929,1400.33,0.000000,1445.00
19.650,724.64,-77.64,0.039947,155.00,71.182083,1331.62,0.000000,1160.00
19.700,735.07,-77.56,0.045489,155.00,65.882607,1339.22,0.000000,1385.00
19.750,791.02,-77.71,0.051949,155.00,77.845482,1421.03,0.000000,1485.00
19.800,798.48,-77.55,0.055299,155.00,66.169258,1439.73,0.000000,1490.00
19.850,758.49,-77.28,0.053801,155.00,114.536865,1389.29,0.000000,1480.00
19.900,805.83,-77.13,0.048393,160.00,179.233093,1463.34,0.000001,1525.00
19.950,941.13,-77.12,0.041386,370.00,144.045868,1606.73,0.000001,1845.00
20.000,1012.92,-77.16,0.038916,280.00,81.987549,1677.37,0.000002,1845.00
20.050,1106.60,-77.05,0.039105,280.00,70.889343,1753.95,0.000002,1850.00
20.100,1210.98,-77.09,0.038181,280.00,64.814156,1918.30,0.000002,1850.00
20.150,1282.20,-77.04,0.035376,280.00,43.446812,2021.23,0.000003,1855.00
20.200,1229.09,-77.10,0.035473,280.00,63.218525,1983.11,0.000003,1850.00
20.250,1186.94,-77.08,0.039798,370.00,68.473228,1957.22,0.000002,1850.00
20.300,1207.42,-76.89,0.045329,370.00,58.412140,1948.79,0.000002,1855.00
20.350,1210.60,-76.87,0.050986,370.00,55.739922,1960.92,0.000002,1855.00
20.400,1253.15,-76.82,0.054040,370.00,53.378380,1993.06,0.000002,1855.00
20.450,1350.02,-76.61,0.054973,370.00,39.575909,2108.80,0.000002,1920.00
20.500,1350.77,-76.84,0.050638,370.00,62.551235,2147.14,0.000002,2035.00
20.550,1422.79,-76.49,0.041246,740.00,116.005653,2181.22,0.000003,2225.00
20.600,1440.13,-76.37,0.038973,740.00,108.067871,2122.63,0.000003,2230.00
20.650,1405.63,-75.99,0.043418,370.00,100.357162,2044.30,0.000003,2220.00
20.700,1198.96,-76.22,0.043038,370.00,112.494980,1865.95,0.000003,1850.00
20.750,1165.14,-75.99,0.047763,155.00,177.687775,1848.89,0.000003,1855.00
20.800,1026.91,-76.03,0.077445,155.00,264.535767,1706.21,0.000001,1850.00
20.850,1014.73,-75.96,0.097989,155.00,190.301544,1720.67,0.000000,1850.00
20.900,933.25,-76.15,0.114006,155.00,158.184830,1615.00,0.000000,1790.00
20.950,967.44,-76.10,0.125756,155.00,129.171844,1694.87,0.000000,1845.00
21.000,920.37,-76.29,0.122670,155.00,88.929565,1625.38,0.000000,1845.00
21.050,913.15,-76.09,0.106471,155.00,174.170502,1594.01,0.000000,1755.00
21.100,879.25,-76.34,0.092749,155.00,147.039505,1516.73,0.000000,1490.00
21.150,1023.22,-76.62,0.082421,155.00,169.792038,1727.28,0.000000,1850.00
21.200,1022.48,-76.70,0.072793,155.00,119.176308,1716.32,0.000001,1855.00
21.250,1060.34,-76.66,0.053914,155.00,185.579605,1747.35,0.000001,1855.00
21.300,1051.31,-76.97,0.040017,185.00,201.807785,1681.27,0.000001,1845.00
21.350,1097.89,-77.10,0.041113,185.00,104.563950,1782.29,0.000001,1850.00
21.400,1065.18,-77.18,0.045655,185.00,73.496124,1726.23,0.000001,1850.00
21.450,1015.34,-77.32,0.051509,185.00,68.160210,1674.33,0.000001,1850.00
21.500,923.54,-77.40,0.053843,185.00,52.691666,1549.85,0.000001,1705.00
21.550,914.59,-77.42,0.055057,185.00,47.034508,1569.27,0.000000,1665.00
21.600,902.95,-77.49,0.056128,185.00,60.937111,1533.58,0.000000,1640.00
21.650,949.44,-77.13,0.047060,185.00,83.898132,1537.18,0.000001,1835.00
21.700,998.83,-77.39,0.030179,180.00,141.717575,1579.31,0.000001,1850.00
21.750,978.24,-77.70,0.028865,180.00,59.980835,1606.64,0.000001,1845.00
21.800,932.72,-77.73,0.033753,185.00,72.274399,1564.32,0.000001,1840.00
21.850,936.33,-77.71,0.034489,185.00,55.467537,1608.19,0.000001,1725.00
21.900,893.26,-77.73,0.036431,245.00,50.072826,1559.33,0.000001,1485.00
21.950,799.05,-77.51,0.038434,245.00,70.575378,1401.81,0.000001,1480.00
22.000,762.84,-77.66,0.039444,245.00,54.557732,1317.37,0.000000,1480.00
22.050,719.80,-78.12,0.040073,245.00,68.440254,1298.34,0.000000,1285.00
22.100,651.74,-78.33,0.039224,245.00,38.415173,1208.99,0.000000,995.00
22.150,720.03,-78.28,0.035134,245.00,39.742435,1322.62,0.000000,1230.00
22.200,823.26,-78.21,0.030922,245.00,47.178360,1438.76,0.000000,1475.00
22.250,896.58,-78.04,0.028308,245.00,43.213474,1509.07,0.000001,1490.00
22.300,911.81,-77.83,0.026964,245.00,45.600544,1544.42,0.000001,1470.00
22.350,968.50,-77.87,0.027059,245.00,46.678383,1619.97,0.000001,1645.00
22.400,1083.50,-77.91,0.027916,245.00,31.799095,1755.72,0.000001,1945.00
22.450,1176.26,-77.84,0.029553,330.00,31.051920,1853.40,0.000001,1980.00
22.500,1221.03,-77.64,0.031387,330.00,33.564869,1862.90,0.000001,1985.00
22.550,1265.67,-77.48,0.029691,330.00,38.475945,1889.41,0.000002,2000.00
22.600,1216.78,-76.85,0.027409,325.00,74.467155,1778.56,0.000002,1985.00
22.650,1085.75,-76.91,0.036765,315.00,159.118469,1623.09,0.000001,1975.00
22.700,1013.80,-77.54,0.044358,315.00,99.025848,1575.74,0.000000,1860.00
22.750,1101.80,-77.62,0.038292,310.00,95.922592,1662.01,0.000001,1975.00
22.800,1131.23,-77.66,0.040203,310.00,46.775551,1662.50,0.000001,1980.00
22.850,1068.82,-77.36,0.044540,310.00,64.084534,1571.21,0.000001,1875.00
22.900,1042.41,-77.43,0.042085,310.00,83.043129,1520.63,0.000001,1860.00
22.950,997.97,-77.63,0.049780,310.00,66.918915,1472.82,0.000000,1560.00
23.000,990.65,-77.26,0.054515,315.00,109.179779,1442.82,0.000000,1565.00
23.050,1002.42,-76.90,0.048731,315.00,95.489342,1443.29,0.000001,1725.00
23.100,883.44,-76.81,0.055400,310.00,128.394287,1329.39,0.000000,1560.00
23.150,809.38,-77.15,0.051967,310.00,124.715729,1300.56,0.000000,1515.00
23.200,780.59,-77.31,0.051361,310.00,101.030396,1323.52,0.000000,1380.00
23.250,752.73,-77.27,0.055750,275.00,82.857094,1313.19,0.000000,1250.00
23.300,708.36,-76.70,0.055991,275.00,116.908768,1221.77,0.000000,1180.00
23.350,685.97,-76.80,0.055861,275.00,62.277412,1175.49,0.000000,1110.00
23.400,687.59,-77.22,0.058576,280.00,106.753967,1179.11,0.000000,1110.00
23.450,651.79,-77.09,0.065892,280.00,105.194687,1136.79,0.000000,1110.00
23.500,700.07,-76.99,0.068506,280.00,100.692947,1188.94,0.000000,1115.00
23.550,746.92,-76.74,0.067201,275.00,110.657654,1206.17,0.000000,1375.00
23.600,767.39,-76.56,0.067510,275.00,101.900307,1289.40,0.000000,1370.00
23.650,781.31,-76.79,0.070458,275.00,94.114281,1355.55,0.000000,1345.00
23.700,795.68,-76.73,0.074492,280.00,88.451172,1412.20,0.000000,1345.00
23.750,846.95,-76.55,0.077004,280.00,94.459679,1425.94,0.000000,1620.00
23.800,825.59,-76.22,0.075238,275.00,106.994110,1398.87,0.000000,1555.00
23.850,916.51,-76.04,0.067897,275.00,109.439636,1503.18,0.000001,1675.00
23.900,963.29,-76.41,0.072175,280.00,139.232117,1572.67,0.000000,1935.00
23.950,985.53,-75.91,0.082489,275.00,133.530273,1565.46,0.000000,1925.00
24.000,1072.13,-75.62,0.087489,275.00,121.235817,1639.75,0.000000,1935.00
24.050,1116.73,-75.71,0.088031,275.00,108.419083,1671.61,0.000000,1950.00
24.100,1094.96,-76.13,0.089847,280.00,140.231155,1682.60,0.000000,1955.00
24.150,1127.26,-75.86,0.091184,280.00,100.894447,1681.29,0.000000,1955.00
24.200,1046.40,-76.08,0.084297,275.00,128.446182,1582.30,0.000000,1935.00
24.250,1100.81,-76.37,0.075392,275.00,95.334618,1604.34,0.000000,1950.00
24.300,1123.71,-76.79,0.073972,280.00,116.095734,1662.07,0.000000,1955.00
24.350,1088.66,-76.74,0.079829,280.00,86.398239,1648.36,0.000000,1945.00
24.400,997.57,-76.69,0.077617,275.00,114.565987,1566.49,0.000000,1920.00
24.450,1066.20,-76.55,0.068953,275.00,95.785637,1595.78,0.000000,1950.00
24.500,1032.39,-76.80,0.066030,280.00,118.871109,1585.61,0.000000,1950.00
24.550,1014.99,-76.58,0.068373,280.00,68.884293,1588.86,0.000000,1935.00
24.600,919.80,-76.68,0.061817,275.00,112.764702,1452.92,0.000000,1665.00
24.650,927.57,-77.09,0.049581,275.00,117.657303,1441.77,0.000000,1930.00
24.700,897.49,-77.58,0.041387,280.00,114.011215,1379.86,0.000000,1920.00
24.750,861.26,-77.49,0.036917,175.00,51.477333,1321.14,0.000001,1650.00
24.800,827.71,-77.44,0.034890,175.00,48.288994,1244.93,0.000001,1565.00
24.850,821.34,-77.50,0.032187,175.00,60.750229,1230.53,0.000001,1570.00
24.900,740.39,-77.30,0.037393,170.00,94.142197,1146.88,0.000000,1370.00
24.950,654.08,-77.30,0.050431,175.00,141.797729,1065.49,0.000000,1110.00
25.000,650.07,-77.65,0.050607,175.00,89.508720,1078.37,0.000000,1105.00
25.050,700.23,-77.68,0.046848,175.00,81.409645,1146.11,0.000000,1110.00
25.100,705.67,-77.43,0.044699,175.00,95.524124,1136.02,0.000000,1105.00
25.150,758.59,-77.46,0.041393,205.00,64.393074,1191.17,0.000000,1185.00
25.200,779.04,-77.61,0.041746,205.00,80.620125,1207.02,0.000000,1250.00
25.250,774.85,-77.54,0.046848,205.00,67.754906,1159.96,0.000000,1320.00
25.300,812.24,-77.64,0.048347,625.00,63.283855,1186.68,0.000000,1450.00
25.350,932.24,-77.42,0.041663,625.00,65.611511,1344.62,0.000001,1630.00
25.400,947.04,-77.08,0.036873,625.00,114.129616,1377.81,0.000001,1640.00
25.450,802.93,-77.22,0.041526,275.00,121.065506,1228.44,0.000001,1380.00
25.500,683.92,-77.62,0.046517,280.00,103.113358,1153.01,0.000000,1105.00
25.550,681.96,-77.85,0.053700,275.00,96.655823,1178.52,0.000000,1105.00
25.600,704.28,-77.82,0.056838,275.00,55.552727,1185.16,0.000000,1110.00
25.650,744.72,-77.87,0.056215,280.00,53.424625,1224.83,0.000000,1355.00
25.700,801.62,-78.00,0.053840,280.00,48.325272,1290.41,0.000000,1390.00
25.750,820.15,-77.74,0.051681,280.00,56.384495,1315.06,0.000000,1455.00
25.800,902.60,-77.42,0.046768,280.00,53.356068,1363.16,0.000000,1670.00
25.850,980.59,-77.46,0.036768,280.00,83.510155,1463.79,0.000001,1755.00
25.900,1037.60,-77.70,0.029866,280.00,56.844360,1622.98,0.000001,1750.00
25.950,1124.31,-77.62,0.027471,280.00,37.990562,1738.20,0.000001,1925.00
26.000,1213.14,-77.38,0.027682,275.00,62.018108,1848.55,0.000002,2100.00
26.050,1266.85,-77.46,0.029275,275.00,56.988247,1894.36,0.000002,2170.00
26.100,1245.31,-77.60,0.032913,350.00,67.000244,1866.71,0.000001,2100.00
26.150,1239.08,-77.52,0.038103,350.00,63.292652,1846.63,0.000001,2100.00
26.200,1303.63,-77.55,0.040902,350.00,47.582165,1913.67,0.000001,2140.00
26.250,1307.78,-77.04,0.037887,350.00,43.636631,1847.17,0.000002,2140.00
26.300,1179.43,-76.64,0.037093,350.00,97.757500,1657.84,0.000002,2095.00
26.350,1087.95,-76.89,0.038601,350.00,109.829910,1572.08,0.000001,1865.00
26.400,1203.65,-76.82,0.030525,350.00,115.780815,1704.34,0.000002,2110.00
26.450,1279.04,-76.99,0.032502,350.00,88.885643,1784.49,0.000002,2220.00
26.500,1178.09,-76.96,0.035829,350.00,62.107067,1702.81,0.000001,2045.00
26.550,1149.43,-77.17,0.031080,345.00,47.065342,1620.92,0.000001,2090.00
26.600,1204.50,-77.38,0.024642,350.00,74.734451,1666.33,0.000002,2105.00
26.650,1195.21,-77.79,0.022394,350.00,66.008545,1701.80,0.000002,2010.00
26.700,1135.27,-78.01,0.021471,370.00,82.223122,1618.25,0.000001,1855.00
26.750,1007.26,-78.09,0.022510,370.00,59.751759,1525.22,0.000001,1845.00
26.800,975.17,-78.00,0.025798,370.00,41.253716,1522.26,0.000001,1825.00
26.850,905.91,-77.93,0.029861,370.00,39.604733,1482.84,0.000001,1490.00
26.900,884.30,-78.14,0.030191,370.00,29.940866,1490.42,0.000001,1485.00
26.950,887.96,-78.13,0.028630,370.00,29.553268,1506.13,0.000001,1495.00
27.000,911.47,-78.07,0.026810,370.00,32.058033,1518.54,0.000001,1760.00
27.050,914.50,-78.00,0.026270,185.00,52.905960,1501.30,0.000001,1830.00
27.100,938.04,-77.93,0.026954,185.00,47.785053,1526.30,0.000001,1845.00
27.150,1017.30,-77.70,0.025898,185.00,46.845036,1585.35,0.000001,1850.00
27.200,1044.61,-77.40,0.025847,90.00,79.327446,1600.74,0.000001,1850.00
27.250,1005.13,-77.19,0.038231,140.00,133.566818,1622.35,0.000001,1850.00
27.300,988.51,-77.22,0.052586,140.00,112.497452,1648.21,0.000001,1850.00
27.350,977.55,-77.17,0.061073,140.00,83.485275,1649.41,0.000001,1845.00
27.400,961.14,-77.07,0.065508,140.00,62.883209,1642.46,0.000001,1845.00
27.450,921.10,-76.62,0.062677,140.00,88.069214,1637.12,0.000001,1620.00
27.500,938.92,-76.48,0.063085,140.00,45.230373,1694.09,0.000001,1540.00
27.550,1019.03,-76.94,0.070515,140.00,133.130569,1791.49,0.000001,1845.00
27.600,1081.07,-76.80,0.075265,140.00,50.746674,1848.09,0.000001,1850.00
27.650,1097.14,-76.79,0.068971,140.00,74.610847,1869.78,0.000001,1850.00
27.700,1047.16,-76.45,0.059043,140.00,118.659813,1814.09,0.000001,1850.00
27.750,1054.35,-76.44,0.055466,140.00,115.217430,1822.67,0.000002,1850.00
27.800,1272.56,-76.50,0.055069,370.00,128.400497,2059.38,0.000002,1860.00
27.850,1286.55,-76.60,0.049451,370.00,103.673454,2088.38,0.000002,1855.00
27.900,1468.68,-76.70,0.042500,370.00,75.794739,2194.89,0.000003,2225.00
27.950,1599.67,-76.93,0.040278,370.00,87.922539,2228.28,0.000002,2930.00
28.000,1601.14,-76.88,0.039495,370.00,66.699059,2223.19,0.000003,2955.00
28.050,1603.98,-76.94,0.034917,370.00,99.480141,2179.14,0.000003,2650.00
28.100,1623.52,-76.60,0.029787,370.00,80.797729,2095.02,0.000005,2590.00
28.150,1382.14,-76.53,0.028942,370.00,85.635429,1836.38,0.000004,2105.00
28.200,1140.03,-76.81,0.031803,230.00,93.987282,1658.12,0.000001,1855.00
28.250,1010.29,-77.44,0.035204,235.00,86.787270,1529.97,0.000001,1740.00
28.300,960.52,-77.74,0.038277,235.00,53.053303,1453.99,0.000000,1645.00
28.350,933.98,-77.87,0.040966,235.00,36.102116,1415.15,0.000000,1815.00
28.400,893.09,-77.73,0.039522,235.00,32.842644,1329.93,0.000000,1625.00
28.450,916.64,-77.65,0.033941,235.00,52.953365,1339.01,0.000000,1500.00
28.500,948.90,-77.94,0.029877,235.00,54.035576,1392.69,0.000001,1635.00
28.550,1008.19,-77.86,0.025773,235.00,50.192368,1408.43,0.000001,1850.00
28.600,1039.07,-77.31,0.020887,235.00,62.969490,1372.53,0.000001,1850.00
28.650,936.34,-77.64,0.018992,275.00,56.747372,1258.59,0.000001,1495.00
28.700,780.40,-78.24,0.018352,280.00,42.827255,1011.13,0.000000,1400.00
28.750,684.13,-78.16,0.016182,280.00,48.002129,830.43,0.000000,1125.00
28.800,645.89,-78.32,0.014731,235.00,51.493347,816.94,0.000000,1110.00
28.850,626.99,-78.71,0.015963,235.00,43.172649,841.98,0.000000,1105.00
28.900,596.32,-78.74,0.016262,235.00,20.931616,832.22,0.000000,1050.00
28.950,600.01,-78.75,0.014990,235.00,26.506142,825.99,0.000000,1105.00
29.000,605.72,-78.58,0.013389,235.00,25.965784,813.98,0.000000,1105.00
29.050,598.26,-78.66,0.010793,235.00,24.247099,861.77,0.000001,1105.00
29.100,618.30,-78.81,0.008887,235.00,23.419184,914.45,0.000001,1105.00
29.150,639.67,-78.72,0.007310,230.00,22.172150,921.50,0.000001,1120.00
29.200,661.16,-78.96,0.006353,230.00,18.360310,985.76,0.000001,1160.00
29.250,651.01,-79.12,0.006295,230.00,12.630260,1042.51,0.000001,1120.00
29.300,671.17,-79.15,0.005998,230.00,9.666065,1064.10,0.000001,1170.00
29.350,682.79,-79.20,0.006317,230.00,11.290809,1086.37,0.000001,1370.00
29.400,597.51,-79.22,0.007806,235.00,12.966115,1018.25,0.000001,1090.00
29.450,588.23,-79.18,0.008141,230.00,8.758204,1051.04,0.000001,840.00
29.500,692.78,-78.92,0.007797,275.00,22.226316,1209.16,0.000002,1130.00
29.550,763.65,-78.82,0.010510,275.00,31.033777,1262.85,0.000001,1405.00
29.600,813.79,-78.97,0.013740,275.00,32.525692,1302.17,0.000001,1485.00
29.650,862.11,-78.98,0.016145,275.00,21.567869,1348.08,0.000000,1665.00
29.700,883.21,-78.65,0.019218,275.00,26.491419,1333.49,0.000000,1845.00
29.750,919.44,-78.58,0.022676,275.00,27.724987,1372.32,0.000000,1930.00
29.800,942.18,-78.56,0.026591,275.00,25.999495,1400.12,0.000000,1935.00
29.850,990.12,-78.47,0.032091,275.00,41.687447,1464.06,0.000000,1945.00
29.900,1002.82,-78.50,0.038721,280.00,50.893303,1527.47,0.000000,1945.00
29.950,1027.69,-78.10,0.044314,280.00,44.918175,1508.38,0.000000,1945.00
30.000,973.20,-78.11,0.046892,275.00,59.270771,1491.26,0.000000,1925.00
30.050,1085.76,-77.92,0.046461,275.00,51.498295,1652.17,0.000000,1940.00
30.100,1129.37,-78.01,0.049236,275.00,63.560707,1716.51,0.000000,1955.00
30.150,1171.59,-77.76,0.056497,280.00,84.787270,1792.86,0.000000,2210.00
30.200,1210.43,-77.56,0.061664,280.00,65.927361,1751.42,0.000000,2210.00
30.250,1297.34,-77.30,0.060491,275.00,72.589363,1808.72,0.000000,2220.00
30.300,1369.62,-77.37,0.057863,275.00,62.074631,1863.06,0.000000,2330.00
30.350,1237.83,-77.46,0.067104,280.00,102.825668,1820.07,0.000000,1975.00
30.400,1153.19,-77.22,0.074201,275.00,89.833206,1720.57,0.000000,1950.00
30.450,1054.99,-77.30,0.061599,275.00,106.476402,1661.34,0.000000,1930.00
30.500,1075.17,-77.38,0.045091,280.00,149.816177,1668.51,0.000001,1955.00
30.550,1133.05,-77.41,0.039514,280.00,77.360397,1696.75,0.000001,2215.00
30.600,1138.06,-77.27,0.040409,275.00,68.747368,1693.52,0.000001,2215.00
30.650,1133.60,-77.27,0.039790,275.00,68.810814,1679.30,0.000001,2215.00
30.700,1055.50,-77.46,0.041542,140.00,59.976456,1610.42,0.000001,2210.00
30.750,983.59,-77.55,0.043383,140.00,60.850716,1568.25,0.000001,1670.00
30.800,1019.24,-77.37,0.045569,140.00,66.790344,1602.97,0.000001,1925.00
30.850,1029.73,-77.05,0.048461,140.00,59.557137,1644.65,0.000001,2045.00
30.900,1067.57,-76.71,0.044022,140.00,92.377525,1706.01,0.000001,1945.00
30.950,1217.34,-76.13,0.042203,555.00,152.610977,1746.50,0.000002,2200.00
31.000,1085.65,-76.31,0.049238,550.00,157.137512,1643.34,0.000001,1730.00
31.050,1014.01,-75.95,0.057745,550.00,129.377213,1581.59,0.000001,1670.00
31.100,1037.48,-75.97,0.057787,555.00,156.234650,1636.88,0.000001,1675.00
31.150,1247.45,-76.19,0.052729,105.00,123.582008,1844.48,0.000001,2215.00
31.200,1237.15,-76.18,0.053736,550.00,169.852509,1777.57,0.000001,2205.00
31.250,1184.23,-76.04,0.060184,555.00,155.165970,1715.03,0.000001,2195.00
31.300,1259.15,-76.14,0.056110,555.00,151.240173,1789.71,0.000002,2215.00
31.350,1474.74,-76.26,0.048099,560.00,113.893410,2019.83,0.000002,2235.00
31.400,1553.04,-76.27,0.053786,550.00,196.663330,2002.60,0.000002,2225.00
31.450,1546.25,-76.63,0.054781,550.00,107.792686,1977.58,0.000001,2225.00
31.500,1502.14,-76.62,0.056124,555.00,165.334015,1907.68,0.000001,2230.00
31.550,1569.43,-76.78,0.047764,555.00,166.264496,2080.08,0.000002,2250.00
31.600,1650.77,-76.34,0.048545,555.00,170.651398,2121.01,0.000002,2750.00
31.650,1539.58,-76.57,0.052319,550.00,125.611641,1982.15,0.000002,2235.00
31.700,1565.32,-76.68,0.050685,555.00,106.131264,1965.37,0.000002,2235.00
31.750,1617.89,-76.94,0.038712,560.00,147.957047,2130.20,0.000003,2245.00
31.800,1672.97,-76.75,0.036152,555.00,119.679207,2189.62,0.000003,2750.00
31.850,1444.98,-76.94,0.044875,550.00,108.250153,1930.68,0.000001,2210.00
31.900,1402.61,-76.76,0.046258,550.00,81.731339,1887.21,0.000001,2220.00
31.950,1363.01,-77.07,0.038414,185.00,112.042236,1889.15,0.000001,2230.00
32.000,1490.48,-77.15,0.031736,555.00,74.152779,1999.88,0.000002,2230.00
32.050,1351.70,-77.37,0.037087,555.00,99.032524,1758.29,0.000001,2205.00
32.100,1447.77,-77.25,0.032705,555.00,65.480194,1822.90,0.000002,2225.00
32.150,1503.03,-77.65,0.022539,1105.00,94.599159,1954.94,0.000003,2240.00
32.200,1488.47,-77.72,0.021494,1105.00,56.418507,1980.06,0.000003,2230.00
32.250,1277.96,-77.46,0.028420,1105.00,72.477394,1692.45,0.000001,2200.00
32.300,1322.70,-77.14,0.025689,555.00,64.559013,1747.85,0.000002,2210.00
32.350,1348.99,-77.54,0.020674,235.00,89.656082,1824.23,0.000002,2225.00
32.400,1356.31,-77.61,0.021513,235.00,61.954865,1814.87,0.000002,2225.00
32.450,1237.83,-77.31,0.024469,235.00,52.190884,1599.02,0.000001,2200.00
32.500,1225.78,-77.30,0.024337,235.00,41.582253,1650.16,0.000002,2175.00
32.550,1243.45,-77.83,0.023396,235.00,51.779408,1778.79,0.000002,2195.00
32.600,1253.67,-77.79,0.024995,235.00,37.298782,1723.12,0.000001,2185.00
32.650,1173.98,-77.91,0.025929,235.00,28.388136,1624.19,0.000001,2095.00
32.700,1161.71,-77.57,0.023711,235.00,42.041641,1547.01,0.000001,2065.00
32.750,1129.66,-77.15,0.020745,235.00,53.213455,1479.09,0.000002,1885.00
32.800,1070.68,-77.50,0.022941,275.00,73.591583,1421.98,0.000001,1670.00
32.850,1010.51,-77.80,0.024192,275.00,57.372044,1359.02,0.000001,1660.00
32.900,876.21,-78.18,0.020717,275.00,60.693684,1229.50,0.000000,1640.00
32.950,791.91,-78.55,0.017386,280.00,40.525921,1073.64,0.000000,1410.00
33.000,768.86,-78.63,0.015091,280.00,37.813618,962.65,0.000000,1375.00
33.050,714.92,-78.66,0.014994,280.00,21.422285,889.71,0.000000,1135.00
33.100,652.47,-78.55,0.013152,275.00,36.536682,849.19,0.000000,1115.00
33.150,732.91,-78.62,0.012828,275.00,27.314022,1072.75,0.000001,1120.00
33.200,909.48,-78.62,0.011816,275.00,23.573193,1433.90,0.000002,1480.00
33.250,1028.61,-78.44,0.010668,275.00,27.817646,1643.10,0.000003,1670.00
33.300,1179.26,-78.46,0.010220,275.00,23.121420,1792.13,0.000004,1850.00
33.350,1291.93,-78.53,0.010568,370.00,24.800356,1838.60,0.000004,1855.00
33.400,1346.51,-78.53,0.010417,370.00,16.558880,1901.15,0.000004,1865.00
33.450,1333.23,-78.46,0.011113,740.00,17.119740,1858.80,0.000004,1870.00
33.500,1343.23,-78.37,0.012324,740.00,21.634012,1845.28,0.000003,1860.00
33.550,1399.40,-78.32,0.013239,370.00,19.939409,1891.47,0.000003,1995.00
33.600,1395.36,-77.94,0.012955,370.00,25.752567,1834.91,0.000004,2085.00
33.650,1376.09,-77.73,0.012202,370.00,37.774647,1748.70,0.000005,2080.00
33.700,1392.06,-77.96,0.012285,830.00,35.041550,1775.63,0.000005,2080.00
33.750,1415.05,-78.16,0.012610,830.00,30.108730,1846.33,0.000004,2085.00
33.800,1431.36,-77.98,0.013556,830.00,29.274055,1905.32,0.000004,2120.00
33.850,1475.61,-77.75,0.014659,830.00,27.068745,1947.08,0.000004,2495.00
33.900,1518.53,-77.75,0.015893,830.00,27.370289,1955.28,0.000004,2570.00
33.950,1503.01,-77.69,0.016834,830.00,23.156239,1902.29,0.000003,2770.00
34.000,1389.80,-77.92,0.015187,830.00,27.763214,1802.31,0.000003,2120.00
34.050,1303.97,-78.19,0.012532,830.00,30.943598,1737.48,0.000002,2080.00
34.100,1117.54,-78.18,0.016782,830.00,51.600819,1644.84,0.000002,1855.00
34.150,969.36,-78.00,0.022835,415.00,51.213722,1551.52,0.000001,1575.00
34.200,933.85,-77.89,0.026365,415.00,32.948425,1531.02,0.000001,1475.00
34.250,939.40,-77.79,0.029196,415.00,40.147266,1547.38,0.000001,1490.00
34.300,926.35,-77.70,0.034617,415.00,51.377934,1538.37,0.000001,1530.00
34.350,925.80,-77.73,0.038255,140.00,41.600784,1554.50,0.000001,1595.00
34.400,941.03,-77.58,0.040803,140.00,35.664268,1577.02,0.000001,1660.00
34.450,954.12,-77.51,0.043923,140.00,35.008213,1599.41,0.000001,1665.00
34.500,990.33,-77.18,0.046873,140.00,44.356880,1632.10,0.000001,2070.00
34.550,1115.14,-76.90,0.043111,140.00,69.215141,1765.98,0.000001,2080.00
34.600,1283.40,-76.41,0.035389,830.00,107.018188,1934.37,0.000003,2180.00
34.650,1309.59,-75.80,0.037445,830.00,119.750015,2044.74,0.000004,2485.00
34.700,1216.69,-76.18,0.045426,135.00,121.792351,2032.64,0.000003,2080.00
34.750,1284.98,-75.99,0.050736,830.00,106.023323,2033.61,0.000002,2090.00
34.800,1372.00,-75.77,0.053494,105.00,117.096321,2080.32,0.000002,2435.00
34.850,1528.73,-75.80,0.048107,105.00,93.778885,2219.58,0.000003,2505.00
34.900,1810.63,-75.58,0.040578,105.00,125.203056,2421.75,0.000005,3305.00
34.950,1698.49,-75.72,0.045695,830.00,136.545959,2389.82,0.000004,2925.00
35.000,1734.92,-75.22,0.054341,415.00,124.089455,2355.65,0.000003,3070.00
35.050,1705.40,-75.11,0.051872,415.00,134.952637,2235.39,0.000004,2925.00
35.100,1797.01,-74.92,0.038694,830.00,154.257416,2284.36,0.000006,3050.00
35.150,1831.07,-75.33,0.036204,830.00,148.407867,2348.82,0.000005,3325.00
35.200,1902.02,-75.58,0.045289,415.00,118.324982,2375.29,0.000004,3710.00
35.250,1822.98,-75.56,0.047678,830.00,121.168678,2276.51,0.000004,3085.00
35.300,1862.28,-75.53,0.036983,835.00,133.715393,2311.52,0.000007,2945.00
35.350,2000.66,-75.83,0.030167,415.00,130.554657,2437.19,0.000010,3335.00
35.400,1925.73,-76.09,0.038983,415.00,113.242722,2403.51,0.000005,3335.00
35.450,1818.53,-75.76,0.044231,415.00,100.705902,2360.94,0.000005,2935.00
35.500,1758.21,-75.74,0.039950,835.00,125.793167,2313.56,0.000007,2920.00
35.550,1851.25,-75.54,0.037680,415.00,142.376419,2437.61,0.000008,2935.00
35.600,1632.15,-76.09,0.043458,415.00,97.624489,2292.08,0.000004,2895.00
35.650,1649.28,-76.15,0.044386,415.00,70.163239,2259.58,0.000003,2910.00
35.700,1548.03,-76.02,0.041522,175.00,112.933609,2117.60,0.000003,2880.00
35.750,1541.12,-75.86,0.039479,175.00,93.873192,2074.54,0.000003,2875.00
35.800,1414.59,-76.57,0.038943,175.00,103.978455,1947.94,0.000002,2500.00
35.850,1427.57,-76.67,0.036482,175.00,54.032784,1975.64,0.000002,2495.00
35.900,1330.07,-76.68,0.033660,175.00,80.050072,1871.15,0.000002,2260.00
35.950,1162.08,-76.43,0.040467,175.00,111.258705,1753.62,0.000002,2090.00
36.000,957.89,-76.73,0.051870,175.00,132.906097,1544.37,0.000001,1865.00
36.050,923.31,-76.76,0.049248,175.00,89.719215,1485.36,0.000001,1665.00
36.100,911.83,-77.22,0.044338,175.00,81.143372,1445.49,0.000001,1670.00
36.150,854.99,-77.56,0.042288,175.00,47.875477,1360.44,0.000000,1455.00
36.200,822.13,-77.57,0.039413,205.00,68.629105,1313.12,0.000001,1450.00
36.250,860.11,-77.72,0.041259,205.00,84.672005,1305.81,0.000000,1455.00
36.300,871.10,-77.74,0.044759,205.00,51.210537,1289.81,0.000000,1460.00
36.350,878.77,-77.66,0.044059,625.00,51.337841,1310.73,0.000000,1460.00
36.400,968.50,-77.20,0.037520,625.00,74.355736,1417.38,0.000001,1865.00
36.450,974.97,-77.04,0.031863,625.00,108.847305,1397.25,0.000001,1760.00
36.500,864.34,-77.33,0.031617,275.00,112.272179,1280.41,0.000001,1495.00
36.550,753.60,-77.58,0.037615,275.00,94.015739,1225.18,0.000001,1250.00
36.600,725.01,-77.69,0.046308,275.00,84.883575,1201.25,0.000000,1120.00
36.650,774.40,-77.91,0.048421,280.00,68.465034,1259.07,0.000000,1380.00
36.700,807.22,-77.87,0.046573,280.00,60.947563,1292.47,0.000000,1390.00
36.750,854.18,-77.96,0.045849,280.00,51.361603,1336.80,0.000000,1620.00
36.800,830.38,-78.07,0.048314,280.00,38.210617,1313.67,0.000000,1455.00
36.850,826.65,-77.98,0.048955,280.00,41.090446,1262.81,0.000000,1455.00
36.900,803.17,-77.96,0.042723,280.00,60.519207,1291.26,0.000000,1385.00
36.950,842.03,-77.82,0.035189,280.00,65.435562,1406.30,0.000000,1455.00
37.000,897.39,-77.95,0.029681,275.00,51.805943,1482.78,0.000001,1645.00
37.050,956.06,-78.23,0.027264,275.00,30.388172,1562.53,0.000001,1845.00
37.100,1015.03,-78.26,0.025331,275.00,27.597628,1611.55,0.000001,1850.00
37.150,1062.82,-78.21,0.023974,275.00,28.361607,1631.31,0.000001,1850.00
37.200,1129.40,-78.23,0.022276,275.00,25.835543,1673.23,0.000001,1855.00
37.250,1241.87,-77.84,0.018639,275.00,40.598473,1722.59,0.000002,1860.00
37.300,1298.45,-77.42,0.016534,275.00,43.529278,1723.34,0.000003,2080.00
37.350,1238.75,-77.57,0.020012,355.00,64.081276,1735.97,0.000002,2090.00
37.400,1267.04,-77.69,0.019686,350.00,38.887615,1825.33,0.000002,2110.00
37.450,1297.07,-77.70,0.021850,350.00,45.196037,1909.15,0.000002,2220.00
37.500,1244.68,-77.59,0.029117,350.00,54.762436,1890.26,0.000001,2085.00
37.550,1175.19,-77.53,0.036820,350.00,60.772419,1835.40,0.000001,1875.00
37.600,1159.17,-77.39,0.041828,350.00,51.889168,1800.28,0.000001,1940.00
37.650,1186.52,-77.47,0.048830,350.00,63.059490,1802.63,0.000001,2095.00
37.700,1260.30,-77.54,0.050604,350.00,31.634876,1874.27,0.000001,2100.00
37.750,1287.67,-76.98,0.045542,350.00,50.521820,1835.59,0.000001,2105.00
37.800,1190.30,-76.53,0.042492,350.00,84.521957,1664.44,0.000001,2095.00
37.850,1056.42,-76.50,0.043045,350.00,102.091042,1559.91,0.000001,1860.00
37.900,1126.91,-76.75,0.034330,350.00,127.471344,1687.06,0.000002,2090.00
37.950,1121.33,-76.42,0.037455,350.00,96.798683,1663.06,0.000001,1950.00
38.000,1059.90,-76.42,0.041783,345.00,81.915222,1619.82,0.000001,1850.00
38.050,1075.51,-77.19,0.036654,350.00,86.903893,1611.00,0.000001,1855.00
38.100,1032.10,-77.44,0.032185,350.00,72.280304,1582.62,0.000001,1850.00
38.150,906.41,-77.12,0.031005,185.00,88.254631,1460.23,0.000001,1740.00
38.200,890.13,-77.11,0.031031,370.00,89.515480,1438.29,0.000001,1685.00
38.250,946.56,-77.24,0.034324,370.00,105.880478,1484.88,0.000001,1845.00
38.300,900.09,-77.05,0.047528,140.00,141.383072,1486.61,0.000001,1845.00
38.350,864.56,-76.86,0.059971,140.00,127.731392,1506.33,0.000001,1795.00
38.400,872.52,-76.78,0.066926,140.00,109.832016,1534.11,0.000001,1670.00
38.450,933.58,-76.94,0.068001,140.00,100.969048,1604.96,0.000001,1835.00
38.500,1032.18,-76.94,0.064353,140.00,68.622139,1759.02,0.000001,1845.00
38.550,1079.29,-76.92,0.064773,140.00,57.002865,1859.32,0.000001,1850.00
38.600,1048.89,-76.91,0.071728,140.00,62.583893,1827.47,0.000001,1850.00
38.650,959.80,-76.43,0.075664,140.00,103.803787,1716.75,0.000001,1845.00
38.700,982.62,-76.19,0.066291,140.00,142.618698,1726.70,0.000001,1850.00
38.750,1165.93,-76.21,0.050607,140.00,185.541306,1884.50,0.000002,1855.00
38.800,1247.34,-76.22,0.049805,370.00,103.179398,1949.63,0.000002,1860.00
38.850,1231.24,-76.26,0.053396,185.00,112.040688,2004.10,0.000002,1855.00
38.900,1285.15,-76.49,0.049097,185.00,77.517715,2075.59,0.000002,1855.00
38.950,1409.90,-76.52,0.043107,740.00,88.012917,2132.53,0.000003,2220.00
39.000,1552.95,-76.74,0.042913,370.00,109.813362,2192.51,0.000002,2800.00
39.050,1648.29,-76.90,0.042140,370.00,71.654488,2235.92,0.000002,2960.00
39.100,1511.43,-77.13,0.036919,370.00,102.747551,2134.83,0.000003,2570.00
39.150,1611.63,-76.78,0.033521,370.00,84.959282,2164.39,0.000004,2590.00
39.200,1577.48,-76.89,0.034454,370.00,98.615997,2096.16,0.000003,2240.00
39.250,1553.50,-76.97,0.032650,370.00,60.992565,2105.06,0.000002,2435.00
39.300,1360.00,-77.37,0.026402,235.00,90.025116,1915.35,0.000002,2205.00
39.350,1209.91,-77.71,0.024686,235.00,65.836372,1771.57,0.000001,1855.00
39.400,1061.55,-77.61,0.025903,235.00,41.257908,1535.65,0.000001,1850.00
39.450,974.97,-77.42,0.026072,235.00,51.159801,1345.68,0.000001,1845.00
39.500,954.06,-77.79,0.024800,235.00,48.381313,1365.51,0.000001,1530.00
39.550,1027.10,-78.18,0.024629,235.00,33.669811,1442.24,0.000001,1850.00
39.600,1124.64,-77.60,0.021852,235.00,38.887932,1433.40,0.000001,1855.00
39.650,1134.99,-77.17,0.018973,235.00,55.946735,1438.60,0.000002,1855.00
39.700,1019.37,-77.50,0.020697,280.00,68.281776,1395.03,0.000002,1660.00
39.750,948.35,-77.86,0.025186,280.00,59.141865,1320.44,0.000001,1645.00
39.800,880.89,-78.08,0.023549,280.00,39.673328,1205.57,0.000001,1480.00
39.850,756.17,-78.30,0.017613,275.00,58.295845,1030.15,0.000000,1290.00
39.900,703.05,-78.21,0.013897,370.00,57.625179,919.08,0.000000,1160.00
39.950,683.54,-78.45,0.012396,235.00,49.058525,916.48,0.000000,1175.00
40.000,707.18,-78.68,0.012094,235.00,31.214655,916.40,0.000000,1380.00
40.050,774.50,-78.73,0.011183,235.00,18.685251,1131.78,0.000001,1365.00
40.100,860.87,-78.71,0.010920,275.00,28.971426,1477.50,0.000002,1395.00
40.150,1010.69,-78.63,0.011017,275.00,21.754051,1730.03,0.000003,1780.00
40.200,1135.27,-78.39,0.009834,280.00,23.917036,1839.10,0.000004,1850.00
40.250,1269.49,-78.39,0.008856,1850.00,26.198566,1886.91,0.000005,1855.00
40.300,1410.95,-78.56,0.009102,1850.00,22.960155,1987.89,0.000005,1960.00
40.350,1372.87,-78.40,0.010401,1850.00,20.687471,1911.03,0.000004,1930.00
40.400,1414.07,-78.40,0.012222,1850.00,23.704285,1909.08,0.000003,1965.00
40.450,1478.05,-78.38,0.012893,1850.00,18.971558,1964.06,0.000003,2215.00
40.500,1344.99,-77.59,0.015961,370.00,46.525188,1790.40,0.000003,2085.00
40.550,1335.50,-77.16,0.023382,370.00,76.646126,1789.50,0.000002,2085.00
40.600,1371.13,-77.23,0.030017,415.00,68.022278,1887.20,0.000001,2090.00
40.650,1339.94,-77.26,0.031815,415.00,63.721684,1837.14,0.000002,2085.00
40.700,1386.73,-77.36,0.029746,415.00,66.804459,1815.55,0.000002,2085.00
40.750,1474.80,-77.41,0.027067,830.00,53.047291,1872.14,0.000002,2135.00
40.800,1561.27,-77.82,0.022841,830.00,52.782940,1912.93,0.000002,2495.00
40.850,1618.28,-77.71,0.019182,830.00,47.602306,1965.25,0.000003,2905.00
40.900,1516.19,-77.78,0.019740,830.00,33.461773,1981.66,0.000002,2900.00
40.950,1575.15,-77.34,0.019934,830.00,26.683495,1955.01,0.000003,2870.00
41.000,1531.67,-76.78,0.021826,830.00,58.227978,1913.91,0.000004,2500.00
41.050,1344.93,-77.04,0.027556,415.00,79.006325,1811.15,0.000002,2090.00
41.100,1179.95,-76.90,0.032773,415.00,62.158932,1640.88,0.000001,1890.00
41.150,1126.82,-77.00,0.035585,465.00,65.485054,1591.29,0.000001,1865.00
41.200,1125.12,-77.32,0.036575,465.00,51.469387,1620.37,0.000001,1860.00
41.250,1252.82,-77.46,0.032748,465.00,50.334900,1725.37,0.000001,1870.00
41.300,1314.86,-77.54,0.027290,465.00,43.735485,1810.35,0.000002,2085.00
41.350,1298.72,-77.54,0.024304,465.00,41.751595,1837.35,0.000002,2080.00
41.400,1259.97,-77.47,0.027197,465.00,65.174171,1811.42,0.000002,2070.00
41.450,1247.56,-77.54,0.031529,465.00,63.766384,1796.47,0.000001,1985.00
41.500,1176.22,-77.41,0.033716,155.00,49.050636,1734.84,0.000001,1975.00
41.550,1074.97,-77.52,0.035976,155.00,47.542320,1646.35,0.000001,1870.00
41.600,983.83,-77.64,0.039082,155.00,41.267422,1552.30,0.000001,1855.00
41.650,868.03,-77.32,0.041941,155.00,52.716286,1460.81,0.000001,1485.00
41.700,823.90,-77.08,0.048096,155.00,77.754013,1459.46,0.000001,1485.00
41.750,800.22,-76.97,0.056829,155.00,66.847839,1458.99,0.000001,1480.00
41.800,825.41,-76.99,0.064142,155.00,91.793495,1495.91,0.000000,1485.00
41.850,922.11,-77.12,0.070164,155.00,59.669453,1625.93,0.000000,1795.00
41.900,909.34,-76.58,0.076603,155.00,59.457123,1640.39,0.000001,1705.00
41.950,877.23,-76.26,0.082130,155.00,97.698479,1625.13,0.000001,1485.00
42.000,929.67,-76.27,0.082722,155.00,84.085381,1693.85,0.000001,1490.00
42.050,871.31,-76.31,0.081005,155.00,55.579765,1638.46,0.000001,1480.00
42.100,937.06,-76.18,0.074182,155.00,65.309044,1773.55,0.000001,1485.00
42.150,1170.51,-76.37,0.063240,155.00,125.590637,2077.36,0.000002,1980.00
42.200,1286.04,-76.16,0.055614,155.00,80.497139,2157.88,0.000003,2260.00
42.250,1376.25,-75.59,0.048468,495.00,145.507050,2104.90,0.000004,2125.00
42.300,1522.94,-75.54,0.045349,490.00,136.111938,2129.77,0.000005,2255.00
42.350,1607.15,-75.06,0.044800,495.00,146.089249,2177.48,0.000005,2485.00
42.400,1393.20,-74.82,0.049265,495.00,143.942719,2039.30,0.000005,2465.00
42.450,1408.71,-74.71,0.052922,495.00,151.371552,2080.16,0.000005,2460.00
42.500,1528.19,-75.40,0.047760,490.00,148.690369,2176.87,0.000006,2460.00
42.550,1884.25,-75.34,0.038763,495.00,127.997543,2415.87,0.000009,3470.00
42.600,1826.53,-75.71,0.037819,495.00,105.100830,2395.12,0.000006,3450.00
42.650,1823.81,-75.62,0.038437,495.00,105.812675,2398.58,0.000007,3235.00
42.700,1770.64,-76.10,0.038468,490.00,112.303474,2295.43,0.000006,2960.00
42.750,1854.69,-75.58,0.037457,495.00,106.473526,2326.11,0.000008,3010.00
42.800,1806.28,-75.71,0.037360,495.00,108.125938,2307.33,0.000007,2990.00
42.850,1762.96,-75.95,0.036314,495.00,107.740829,2320.23,0.000006,2970.00
42.900,1532.84,-76.03,0.042617,155.00,115.264915,2148.11,0.000004,2410.00
42.950,1596.53,-75.77,0.049445,155.00,126.304611,2224.38,0.000003,2495.00
43.000,1646.38,-76.06,0.050756,155.00,107.319427,2276.03,0.000003,2960.00
43.050,1564.67,-75.91,0.053736,155.00,110.389061,2215.39,0.000002,2635.00
43.100,1379.97,-75.93,0.057616,155.00,77.522499,2030.00,0.000001,2300.00
43.150,1423.44,-76.00,0.059483,155.00,99.128624,2111.36,0.000002,2480.00
43.200,1393.55,-76.41,0.059545,155.00,85.954056,2099.09,0.000001,2490.00
43.250,1263.30,-76.44,0.056594,155.00,92.707283,1954.04,0.000001,2445.00
43.300,1075.78,-77.10,0.039957,155.00,126.302628,1687.11,0.000001,1965.00
43.350,1027.54,-77.51,0.032268,160.00,117.821594,1608.73,0.000001,1970.00
43.400,748.24,-77.54,0.053217,160.00,188.663284,1281.94,0.000000,1475.00
43.450,733.30,-77.16,0.055154,160.00,75.947243,1195.73,0.000000,1450.00
43.500,849.90,-77.04,0.031735,155.00,197.465790,1266.21,0.000001,1495.00
43.550,819.90,-77.31,0.021629,155.00,112.657722,1218.41,0.000001,1470.00
43.600,697.85,-77.52,0.023401,180.00,82.829613,978.68,0.000000,1305.00
43.650,659.32,-77.72,0.021839,160.00,69.954842,877.33,0.000000,1230.00
43.700,752.71,-77.74,0.022416,160.00,83.127541,1048.30,0.000000,1450.00
43.750,919.32,-76.95,0.026596,160.00,73.576729,1324.14,0.000001,1605.00
43.800,1010.54,-76.23,0.026907,620.00,84.726051,1433.64,0.000002,1815.00
43.850,1117.71,-76.46,0.023620,620.00,88.264816,1593.06,0.000003,1810.00
43.900,1196.09,-77.01,0.022348,250.00,75.875198,1712.12,0.000003,1970.00
43.950,1182.46,-77.22,0.025400,245.00,47.313087,1720.61,0.000002,1970.00
44.000,1118.27,-77.32,0.027233,245.00,43.158100,1673.11,0.000001,1970.00
44.050,1050.12,-77.65,0.028270,245.00,52.670433,1636.18,0.000001,1875.00
44.100,998.05,-77.82,0.030800,245.00,42.515514,1579.53,0.000001,1880.00
44.150,920.95,-77.75,0.034437,245.00,47.242905,1492.54,0.000000,1730.00
44.200,897.25,-77.58,0.036719,245.00,46.156712,1411.14,0.000000,1720.00
44.250,931.43,-77.86,0.033406,245.00,61.540024,1455.68,0.000000,1645.00
44.300,1023.42,-77.94,0.030574,245.00,64.831337,1526.92,0.000001,1860.00
44.350,1073.68,-77.85,0.031498,465.00,34.101871,1613.14,0.000001,1865.00
44.400,1125.94,-77.70,0.032366,465.00,23.400671,1674.32,0.000001,1865.00
44.450,1170.66,-77.59,0.032648,465.00,30.842342,1719.92,0.000001,1865.00
44.500,1242.16,-77.68,0.032076,465.00,26.158295,1772.86,0.000001,1870.00
44.550,1192.75,-77.69,0.032441,465.00,27.280987,1740.03,0.000001,1870.00
44.600,1214.61,-77.67,0.031846,465.00,22.784550,1743.75,0.000001,1870.00
44.650,1342.37,-77.46,0.026576,465.00,46.749832,1827.40,0.000002,2085.00
44.700,1441.74,-77.00,0.021461,465.00,67.954422,1906.55,0.000003,2310.00
44.750,1387.26,-77.29,0.022829,415.00,63.600479,1907.26,0.000003,2080.00
44.800,1370.32,-77.50,0.023057,415.00,40.519901,1877.44,0.000002,2075.00
44.850,1429.95,-77.49,0.020046,415.00,38.203548,1968.32,0.000003,2090.00
44.900,1581.26,-77.69,0.018086,830.00,32.646126,2123.01,0.000003,2905.00
44.950,1604.64,-77.85,0.017364,830.00,25.088808,2082.59,0.000003,2905.00
45.000,1504.94,-77.81,0.019277,830.00,28.770428,1979.71,0.000002,2900.00
45.050,1510.76,-77.70,0.022183,830.00,26.447927,1960.87,0.000002,2885.00
45.100,1455.35,-77.04,0.023183,830.00,46.855202,1883.13,0.000003,2490.00
45.150,1306.23,-76.64,0.026128,410.00,74.329720,1784.89,0.000003,2080.00
45.200,1093.92,-77.10,0.034529,415.00,100.509117,1655.58,0.000001,1870.00
45.250,906.65,-77.00,0.042036,465.00,91.287560,1463.97,0.000001,1405.00
45.300,899.27,-76.90,0.047129,465.00,59.573498,1447.39,0.000001,1405.00
45.350,972.28,-77.21,0.050975,465.00,104.740387,1548.89,0.000001,1660.00
45.400,997.85,-77.32,0.051230,140.00,46.183014,1594.49,0.000001,1860.00
45.450,957.52,-77.31,0.053138,140.00,53.041977,1590.64,0.000001,1845.00
45.500,892.72,-76.81,0.058979,140.00,81.735313,1508.26,0.000001,1525.00
45.550,898.30,-76.55,0.062435,140.00,74.036491,1489.05,0.000001,1525.00
45.600,1010.32,-76.62,0.056769,140.00,108.455963,1604.33,0.000001,1860.00
45.650,1115.11,-76.35,0.048903,465.00,145.744781,1709.27,0.000001,1865.00
45.700,1131.79,-76.28,0.051590,465.00,91.782097,1741.39,0.000002,1865.00
45.750,1130.93,-76.55,0.058604,465.00,83.609917,1750.72,0.000001,1865.00
45.800,1130.43,-76.46,0.060151,465.00,43.849567,1764.36,0.000001,1865.00
45.850,1147.02,-76.26,0.058916,465.00,78.087585,1847.27,0.000001,1860.00
45.900,1264.62,-76.44,0.057932,185.00,80.223038,2027.06,0.000002,1875.00
45.950,1337.94,-76.33,0.058734,185.00,73.865959,2067.80,0.000002,2215.00
46.000,1411.79,-75.72,0.058711,185.00,102.873131,2077.33,0.000002,2295.00
46.050,1502.80,-75.61,0.050143,185.00,119.763420,2126.86,0.000003,2315.00
46.100,1659.26,-75.54,0.043082,465.00,157.441467,2253.50,0.000005,2785.00
46.150,1448.39,-76.09,0.042526,465.00,109.541504,2063.26,0.000003,2340.00
46.200,1222.33,-76.77,0.040955,235.00,102.548676,1894.41,0.000001,2070.00
46.250,1049.44,-77.30,0.036231,235.00,70.220932,1747.93,0.000001,1865.00
46.300,925.83,-77.54,0.027772,185.00,98.913284,1541.12,0.000001,1845.00
46.350,884.56,-77.94,0.022357,185.00,60.291031,1382.61,0.000001,1820.00
46.400,822.43,-78.28,0.020046,465.00,51.063347,1157.85,0.000000,1785.00
46.450,799.78,-78.38,0.017570,465.00,26.075457,1068.20,0.000000,1430.00
46.500,813.07,-78.42,0.016226,185.00,29.655130,1069.32,0.000000,1635.00
46.550,850.50,-78.37,0.015885,185.00,26.858261,1119.27,0.000000,1855.00
46.600,816.91,-77.98,0.016147,465.00,42.693340,1098.47,0.000001,1710.00
46.650,797.82,-77.96,0.018908,275.00,37.887825,1093.24,0.000001,1640.00
46.700,798.41,-78.31,0.021913,275.00,41.657333,1142.21,0.000000,1485.00
46.750,844.85,-78.35,0.023843,275.00,31.960501,1202.27,0.000000,1660.00
46.800,869.62,-78.17,0.026646,275.00,36.702450,1240.20,0.000000,1855.00
46.850,924.93,-78.13,0.030369,275.00,37.957588,1333.00,0.000000,1935.00
46.900,965.95,-78.25,0.033662,280.00,40.641037,1421.89,0.000000,1940.00
46.950,990.64,-77.88,0.030813,275.00,36.936859,1450.23,0.000001,1940.00
47.000,1081.39,-77.48,0.023562,280.00,66.066589,1521.86,0.000001,1945.00
47.050,1144.26,-77.59,0.020214,280.00,40.204422,1663.85,0.000002,1950.00
47.100,1125.83,-77.67,0.021732,280.00,36.826607,1722.49,0.000002,1945.00
47.150,1118.25,-77.79,0.022738,275.00,31.692730,1749.68,0.000001,1935.00
47.200,1200.77,-78.02,0.021717,275.00,40.991356,1829.37,0.000002,2155.00
47.250,1155.89,-78.15,0.021830,275.00,28.552126,1755.25,0.000001,1875.00
47.300,1149.90,-78.19,0.021342,275.00,25.396460,1714.32,0.000001,1855.00
47.350,1118.25,-78.24,0.019593,275.00,25.722761,1645.25,0.000001,1855.00
47.400,1069.69,-78.35,0.016246,465.00,34.816250,1569.37,0.000001,1850.00
47.450,1142.03,-78.19,0.015002,465.00,36.553535,1579.04,0.000002,1865.00
47.500,1244.99,-78.33,0.016489,465.00,30.441532,1664.50,0.000002,1870.00
47.550,1242.26,-78.46,0.019312,465.00,29.358500,1715.87,0.000001,1870.00
47.600,1215.50,-78.44,0.022800,465.00,27.748997,1715.63,0.000001,1865.00
47.650,1214.22,-78.31,0.025872,465.00,25.662207,1717.25,0.000001,1865.00
47.700,1262.70,-78.21,0.027585,465.00,18.617836,1771.50,0.000001,1870.00
47.750,1326.93,-78.13,0.028322,465.00,19.995834,1842.01,0.000001,1930.00
47.800,1349.62,-78.12,0.029739,465.00,21.648355,1853.80,0.000001,2105.00
47.850,1423.03,-77.94,0.027460,465.00,29.912397,1891.75,0.000001,2325.00
47.900,1519.79,-77.37,0.020513,465.00,66.558907,1944.16,0.000003,2335.00
47.950,1456.68,-77.46,0.021986,465.00,64.564819,1941.57,0.000003,2220.00
48.000,1370.14,-77.59,0.024100,415.00,52.237751,1892.04,0.000002,2075.00
48.050,1396.24,-77.57,0.021706,415.00,34.672485,1950.85,0.000003,2080.00
48.100,1491.59,-77.96,0.020452,415.00,42.378681,2110.31,0.000003,2650.00
48.150,1538.06,-77.97,0.019433,830.00,22.709076,2121.13,0.000003,2905.00
48.200,1479.97,-77.78,0.019528,830.00,30.682507,1989.56,0.000003,2905.00
48.250,1486.38,-77.85,0.022058,830.00,24.991610,1955.65,0.000002,2895.00
48.300,1545.06,-77.64,0.023205,830.00,28.248737,1950.09,0.000002,2895.00
48.350,1549.42,-76.76,0.021811,830.00,49.702164,1919.30,0.000003,2505.00
48.400,1475.98,-76.98,0.023174,415.00,67.464088,1908.84,0.000003,2335.00
48.450,1305.46,-77.35,0.029174,415.00,76.462334,1794.82,0.000001,2085.00
48.500,1275.64,-77.37,0.033350,465.00,52.945145,1744.97,0.000001,2065.00
48.550,1263.58,-77.44,0.034968,465.00,43.776611,1722.30,0.000001,1890.00
48.600,1309.28,-77.37,0.032138,465.00,50.710079,1756.63,0.000001,1880.00
48.650,1356.71,-77.71,0.027854,465.00,48.886017,1858.76,0.000002,2085.00
48.700,1425.07,-77.85,0.024859,465.00,29.782845,1952.16,0.000002,2330.00
48.750,1436.03,-77.60,0.024750,465.00,47.832916,1878.83,0.000002,2325.00
48.800,1433.17,-77.38,0.023034,465.00,60.114319,1781.60,0.000002,2240.00
48.850,1260.41,-77.40,0.023179,465.00,68.376205,1657.65,0.000002,1985.00
48.900,1048.59,-77.02,0.028569,155.00,71.491135,1507.95,0.000001,1865.00
48.950,964.40,-77.04,0.035926,155.00,73.484482,1464.53,0.000001,1635.00
49.000,1013.74,-77.52,0.041512,155.00,72.490250,1585.60,0.000001,1975.00
49.050,999.78,-77.48,0.046356,155.00,45.187283,1595.10,0.000001,1975.00
49.100,951.43,-76.99,0.049969,155.00,62.714451,1570.14,0.000001,1970.00
49.150,944.47,-76.98,0.054680,155.00,57.209652,1584.56,0.000000,1870.00
49.200,915.55,-76.98,0.059471,155.00,53.217224,1567.96,0.000001,1685.00
49.250,929.08,-76.71,0.055813,155.00,83.091423,1606.74,0.000001,1815.00
49.300,1118.96,-76.64,0.047007,495.00,101.535965,1839.87,0.000002,1975.00
49.350,1185.16,-76.58,0.042174,495.00,102.875557,1915.09,0.000002,1980.00
49.400,1237.79,-76.58,0.042937,495.00,88.555031,1934.67,0.000002,1980.00
49.450,1372.97,-76.67,0.045354,495.00,61.806465,2061.18,0.000002,2470.00
49.500,1383.77,-76.59,0.046948,495.00,28.708605,2167.10,0.000003,2470.00
49.550,1369.85,-76.11,0.046072,495.00,73.864014,2198.45,0.000003,2475.00
49.600,1489.85,-75.97,0.042791,495.00,56.250038,2241.54,0.000004,2475.00
49.650,1635.17,-75.95,0.042911,495.00,132.293884,2200.63,0.000004,2465.00
49.700,1666.02,-75.28,0.042504,490.00,91.053429,2203.41,0.000006,2470.00
49.750,1510.54,-74.92,0.044089,495.00,169.851364,2111.11,0.000006,2480.00
49.800,1440.00,-75.07,0.047722,495.00,119.516739,2104.40,0.000004,2475.00
49.850,1554.20,-75.46,0.048208,495.00,146.860901,2209.94,0.000004,2475.00
49.900,1805.01,-75.62,0.041017,490.00,130.432739,2368.47,0.000005,3030.00
49.950,2027.79,-75.63,0.034850,495.00,133.978256,2457.48,0.000007,3960.00
50.000,2006.06,-75.90,0.035877,495.00,75.910339,2478.12,0.000007,3720.00
50.050,1931.83,-75.86,0.037160,495.00,120.940773,2434.06,0.000007,3445.00
50.100,1860.28,-75.86,0.037973,490.00,57.515602,2335.30,0.000007,2985.00
50.150,1855.73,-76.05,0.038056,495.00,134.991058,2327.66,0.000006,3020.00
50.200,1764.98,-75.89,0.037243,495.00,70.096390,2321.83,0.000007,2980.00
50.250,1661.58,-76.14,0.039012,155.00,141.541519,2260.19,0.000006,2505.00
50.300,1616.68,-75.95,0.046917,155.00,77.035370,2204.03,0.000004,2465.00
50.350,1598.86,-75.70,0.050780,155.00,131.129120,2213.77,0.000003,2500.00
50.400,1663.24,-75.97,0.051881,155.00,91.392570,2299.91,0.000002,2965.00
50.450,1520.02,-76.28,0.053727,155.00,113.531784,2152.31,0.000002,2480.00
50.500,1430.18,-75.88,0.056519,155.00,59.955891,2068.63,0.000002,2450.00
50.550,1393.24,-76.01,0.059650,155.00,98.059280,2067.52,0.000002,2480.00
50.600,1383.85,-76.38,0.060861,155.00,62.853035,2094.75,0.000001,2490.00
50.650,1252.93,-76.61,0.055054,155.00,98.265350,1879.82,0.000001,2005.00
50.700,1301.40,-76.24,0.041807,155.00,115.252686,1868.45,0.000002,2165.00
50.750,1323.72,-76.38,0.031737,495.00,153.032288,1866.22,0.000003,2280.00
50.800,1235.68,-77.10,0.031845,210.00,95.030464,1761.10,0.000002,1995.00
50.850,1072.67,-77.57,0.035605,210.00,67.540573,1543.84,0.000001,1960.00
50.900,973.70,-77.66,0.039840,210.00,41.750305,1417.86,0.000001,1865.00
50.950,916.84,-77.52,0.042567,210.00,47.309052,1319.08,0.000000,1505.00
51.000,918.08,-77.57,0.045455,210.00,48.000294,1288.44,0.000000,1495.00
51.050,933.91,-77.73,0.045616,210.00,28.971628,1290.84,0.000000,1530.00
51.100,980.79,-77.52,0.038869,210.00,65.209000,1335.07,0.000001,1845.00
51.150,1107.92,-77.31,0.027647,625.00,97.392403,1522.07,0.000001,1960.00
51.200,1217.85,-77.25,0.023302,210.00,78.314812,1741.75,0.000002,1995.00
51.250,1046.43,-77.21,0.029846,210.00,84.232574,1600.85,0.000001,1865.00
51.300,986.94,-77.02,0.037432,625.00,88.736420,1498.40,0.000001,1570.00
51.350,1009.20,-77.08,0.043230,625.00,108.423508,1475.91,0.000001,1660.00
51.400,1022.50,-77.24,0.045996,625.00,69.008224,1460.08,0.000001,1640.00
51.450,968.95,-77.28,0.051630,310.00,102.453842,1421.47,0.000000,1555.00
51.500,956.69,-76.85,0.057799,310.00,100.205666,1410.61,0.000000,1560.00
51.550,987.71,-76.36,0.049886,315.00,111.393768,1440.89,0.000001,1800.00
51.600,1021.10,-76.79,0.039769,245.00,102.870766,1454.12,0.000001,1840.00
51.650,1025.78,-77.53,0.033739,245.00,93.453285,1488.62,0.000001,1680.00
51.700,1050.93,-77.68,0.032475,245.00,67.304237,1576.96,0.000001,1875.00
51.750,1061.82,-77.62,0.035376,245.00,40.142708,1600.98,0.000001,1970.00
51.800,1093.28,-77.61,0.036029,245.00,41.432415,1642.20,0.000001,1980.00
51.850,1111.35,-77.74,0.033675,310.00,34.863964,1671.42,0.000001,2070.00
51.900,1100.42,-77.77,0.032453,830.00,57.795364,1673.91,0.000001,2070.00
51.950,1169.58,-77.65,0.031359,830.00,53.826321,1726.25,0.000001,2075.00
52.000,1329.53,-77.23,0.027317,830.00,68.325874,1801.84,0.000002,2175.00
52.050,1363.94,-76.54,0.024238,830.00,58.503361,1760.10,0.000003,2090.00
52.100,1287.54,-76.65,0.027501,495.00,86.828514,1710.33,0.000002,2010.00
52.150,1245.22,-76.95,0.029659,495.00,61.546333,1711.24,0.000002,1990.00
52.200,1305.52,-76.97,0.028473,495.00,65.332741,1762.07,0.000002,1990.00
52.250,1382.55,-77.28,0.028011,415.00,64.415207,1813.03,0.000002,2060.00
52.300,1407.99,-77.65,0.025617,415.00,40.761101,1872.92,0.000002,2125.00
52.350,1540.64,-77.64,0.022001,415.00,33.806946,1973.57,0.000002,2475.00
52.400,1590.40,-77.47,0.021138,495.00,34.429241,1994.54,0.000003,2480.00
52.450,1513.86,-77.33,0.021575,495.00,49.988415,1996.52,0.000003,2470.00
52.500,1500.94,-77.37,0.020808,495.00,46.930122,2050.41,0.000003,2470.00
52.550,1414.61,-77.41,0.018955,495.00,51.951454,2040.05,0.000004,2460.00
52.600,1263.99,-77.51,0.019558,185.00,44.533695,1897.96,0.000003,2215.00
52.650,1154.46,-77.33,0.021958,185.00,43.720928,1687.11,0.000002,1985.00
52.700,1087.58,-77.14,0.026776,185.00,62.090141,1521.64,0.000002,1980.00
52.750,1077.32,-77.38,0.029579,555.00,44.001312,1481.68,0.000001,1980.00
52.800,1067.06,-77.66,0.030377,555.00,32.896564,1490.68,0.000001,1975.00
52.850,1075.97,-77.66,0.031714,555.00,26.267803,1526.42,0.000001,1975.00
52.900,1089.52,-77.57,0.034478,185.00,31.391918,1566.94,0.000001,2075.00
52.950,1047.64,-77.30,0.037599,185.00,48.504230,1615.09,0.000001,1975.00
53.000,1039.88,-76.48,0.043038,185.00,78.699005,1641.80,0.000001,1950.00
53.050,1075.05,-76.03,0.051085,185.00,121.117722,1642.05,0.000001,1975.00
53.100,1008.43,-76.45,0.058783,550.00,126.221519,1567.68,0.000001,1660.00
53.150,1037.42,-76.12,0.068468,550.00,113.347702,1595.19,0.000001,1670.00
53.200,1035.71,-75.95,0.072307,555.00,146.208496,1629.64,0.000001,1675.00
53.250,1046.76,-75.89,0.071425,185.00,112.050270,1681.01,0.000001,1690.00
53.300,981.76,-75.57,0.076804,185.00,190.484436,1553.01,0.000001,1665.00
53.350,938.36,-75.29,0.084361,555.00,159.498230,1493.42,0.000001,1660.00
53.400,943.11,-75.43,0.081750,555.00,181.467865,1527.28,0.000001,1665.00
53.450,976.23,-75.18,0.081459,140.00,225.018158,1645.70,0.000001,1675.00
53.500,1048.44,-75.11,0.089564,140.00,277.377319,1682.12,0.000001,1690.00
53.550,1017.01,-75.40,0.089737,140.00,151.971573,1602.69,0.000001,1665.00
53.600,1038.35,-75.41,0.084718,140.00,196.856506,1579.59,0.000001,1675.00
53.650,1110.31,-75.69,0.071695,280.00,213.325333,1742.24,0.000001,1975.00
53.700,1236.95,-75.72,0.068813,280.00,212.115051,1832.21,0.000001,2205.00
53.750,1117.19,-75.98,0.070413,280.00,154.348953,1678.69,0.000001,1850.00
53.800,1156.66,-75.71,0.065008,280.00,136.817429,1699.06,0.000001,2085.00
53.850,1227.44,-76.10,0.051826,560.00,156.831055,1840.90,0.000002,2210.00
53.900,1348.62,-76.11,0.048592,555.00,146.405319,1957.83,0.000002,2215.00
53.950,1260.65,-76.56,0.050191,550.00,112.338577,1806.64,0.000002,2170.00
54.000,1280.43,-76.44,0.044258,1105.00,93.521042,1822.49,0.000002,2210.00
54.050,1235.09,-76.48,0.036758,140.00,130.702866,1794.11,0.000002,2215.00
54.100,1289.25,-76.74,0.035093,140.00,83.947868,1883.71,0.000002,2220.00
54.150,1257.64,-77.31,0.038425,550.00,88.472511,1712.97,0.000001,2200.00
54.200,1320.56,-77.11,0.032984,550.00,79.114326,1750.28,0.000001,2215.00
54.250,1251.83,-77.17,0.023727,550.00,82.613747,1701.86,0.000002,2220.00
54.300,1171.03,-77.60,0.018501,1105.00,81.863953,1673.11,0.000002,2095.00
54.350,1061.36,-77.90,0.020072,1105.00,40.397728,1431.81,0.000001,1675.00
54.400,988.08,-77.97,0.019421,235.00,46.823616,1381.36,0.000001,1675.00
54.450,871.34,-78.08,0.021796,235.00,51.671749,1290.37,0.000001,1665.00
54.500,831.89,-78.02,0.022675,235.00,28.080444,1209.53,0.000001,1620.00
54.550,871.96,-77.71,0.020835,235.00,56.039776,1230.36,0.000001,1650.00
54.600,902.80,-77.83,0.021789,235.00,36.424274,1312.12,0.000001,1655.00
54.650,874.99,-77.84,0.024303,235.00,34.409389,1299.71,0.000001,1645.00
54.700,857.53,-77.63,0.026746,235.00,40.395100,1277.20,0.000001,1630.00
54.750,998.61,-77.25,0.024524,235.00,54.019890,1408.36,0.000001,1710.00
54.800,1108.71,-77.09,0.021054,235.00,51.503868,1511.06,0.000002,1885.00
54.850,1130.53,-77.48,0.022579,275.00,75.767235,1553.28,0.000002,1935.00
54.900,1152.10,-77.68,0.023578,465.00,51.274223,1554.16,0.000001,1870.00
54.950,1191.21,-77.80,0.021781,465.00,48.185471,1602.51,0.000001,1885.00
55.000,1132.95,-77.65,0.022084,465.00,42.740532,1605.35,0.000002,1865.00
55.050,1151.44,-77.66,0.024958,465.00,45.317677,1671.15,0.000002,1870.00
55.100,1235.17,-77.82,0.026896,465.00,32.470612,1737.80,0.000001,1870.00
55.150,1289.54,-77.68,0.027875,465.00,35.803848,1764.25,0.000001,1935.00
55.200,1319.44,-77.34,0.026234,465.00,41.898899,1737.02,0.000002,1985.00
55.250,1317.29,-77.38,0.021334,465.00,68.073677,1709.00,0.000002,1985.00
55.300,1295.63,-77.70,0.019340,495.00,56.478512,1721.96,0.000002,1985.00
55.350,1218.05,-77.67,0.023121,495.00,65.522820,1679.42,0.000001,1980.00
55.400,1260.00,-77.48,0.027707,495.00,59.572456,1707.32,0.000001,1980.00
55.450,1348.76,-77.69,0.030942,495.00,45.303856,1812.41,0.000001,1985.00
55.500,1375.69,-77.90,0.033599,495.00,29.938490,1849.54,0.000001,1985.00
55.550,1403.12,-77.89,0.033998,495.00,20.176090,1892.95,0.000001,2170.00
55.600,1396.33,-77.71,0.033746,495.00,30.011408,1897.42,0.000001,2100.00
55.650,1344.66,-77.48,0.035874,495.00,37.326889,1849.24,0.000001,1985.00
55.700,1388.91,-77.19,0.033725,495.00,37.950970,1842.58,0.000001,2195.00
55.750,1364.39,-76.92,0.025855,495.00,91.685379,1806.67,0.000002,2205.00
55.800,1295.17,-77.43,0.024728,555.00,91.958961,1775.78,0.000002,2125.00
55.850,1217.53,-77.61,0.030212,555.00,53.166348,1718.97,0.000001,1980.00
55.900,1149.43,-77.61,0.034304,555.00,56.867493,1623.76,0.000001,1975.00
55.950,1183.93,-77.88,0.033218,555.00,36.798771,1640.98,0.000001,1980.00
56.000,1273.63,-77.97,0.027976,555.00,50.838993,1717.85,0.000001,2210.00
56.050,1360.08,-77.90,0.026196,555.00,34.838154,1786.33,0.000001,2220.00
56.100,1474.49,-77.97,0.026992,555.00,41.534111,1878.12,0.000001,2225.00
56.150,1498.80,-77.20,0.025381,560.00,56.976669,1885.97,0.000002,2230.00
56.200,1337.54,-76.47,0.025909,555.00,86.850739,1773.62,0.000003,2215.00
56.250,1168.10,-76.82,0.027709,620.00,78.745377,1755.34,0.000002,1870.00
56.300,1071.32,-77.12,0.030783,620.00,60.248783,1717.96,0.000002,1865.00
56.350,1024.83,-76.87,0.034983,625.00,68.866890,1637.60,0.000001,1865.00
56.400,1006.07,-76.99,0.042161,625.00,70.226349,1591.48,0.000001,1865.00
56.450,1027.53,-77.11,0.047836,625.00,52.765240,1627.94,0.000001,1865.00
56.500,1013.17,-77.04,0.054502,625.00,52.380886,1617.95,0.000001,1865.00
56.550,1005.78,-76.98,0.063166,620.00,68.621254,1609.05,0.000001,1865.00
56.600,1060.23,-76.88,0.067194,620.00,59.676628,1706.69,0.000001,1865.00
56.650,1177.87,-76.60,0.065426,625.00,59.430264,1844.01,0.000001,1870.00
56.700,1230.00,-76.11,0.065318,620.00,82.189850,1941.40,0.000001,1985.00
56.750,1282.28,-75.61,0.071343,625.00,114.855751,2000.72,0.000002,2490.00
56.800,1322.37,-75.90,0.081954,625.00,152.490906,2014.79,0.000001,2495.00
56.850,1357.39,-75.74,0.088689,625.00,124.496460,1975.08,0.000001,2495.00
56.900,1287.05,-75.62,0.083609,620.00,174.344055,1892.74,0.000001,2220.00
56.950,1474.67,-75.32,0.068774,620.00,141.702194,2103.93,0.000003,2575.00
57.000,1509.38,-75.87,0.071357,625.00,197.732239,2171.24,0.000002,3100.00
57.050,1587.13,-75.47,0.079278,625.00,147.781616,2120.73,0.000002,3095.00
57.100,1597.47,-75.46,0.067704,620.00,214.957062,2107.27,0.000002,3085.00
57.150,1805.85,-74.94,0.047995,620.00,176.643799,2362.37,0.000007,3120.00
57.200,1720.62,-75.19,0.051371,625.00,220.472076,2348.83,0.000005,3130.00
57.250,1772.31,-75.18,0.063868,625.00,125.624001,2349.54,0.000003,3135.00
57.300,1833.42,-75.56,0.060337,620.00,210.726410,2321.07,0.000003,3115.00
57.350,1941.66,-75.60,0.049894,620.00,102.020058,2366.77,0.000005,3135.00
57.400,1958.51,-75.53,0.054004,625.00,210.770767,2382.64,0.000004,3145.00
57.450,1902.85,-75.69,0.073295,625.00,155.246307,2348.93,0.000002,3135.00
57.500,1876.09,-76.00,0.071448,620.00,188.376953,2298.48,0.000002,3105.00
57.550,1857.55,-75.87,0.057389,620.00,142.819824,2282.22,0.000003,3105.00
57.600,1894.96,-75.83,0.056430,625.00,201.676163,2379.96,0.000003,3135.00
57.650,1748.17,-76.06,0.074556,625.00,154.270905,2316.14,0.000002,3125.00
57.700,1668.53,-76.06,0.076820,620.00,158.527649,2234.22,0.000002,3095.00
57.750,1696.39,-76.10,0.068169,620.00,136.360382,2307.22,0.000002,3100.00
57.800,1641.92,-75.91,0.074319,625.00,189.045303,2284.48,0.000002,3115.00
57.850,1546.72,-75.92,0.088386,625.00,129.451675,2184.25,0.000001,3100.00
57.900,1531.78,-76.20,0.082922,155.00,159.957855,2124.53,0.000001,3090.00
57.950,1500.26,-76.13,0.070379,155.00,164.069702,2115.51,0.000002,3095.00
58.000,1430.52,-75.84,0.059425,155.00,179.198502,2100.52,0.000002,3095.00
58.050,1391.07,-75.90,0.060020,625.00,183.847916,2010.46,0.000002,2555.00
58.100,1353.69,-76.39,0.053242,620.00,158.202637,1947.82,0.000002,2495.00
58.150,1466.08,-76.63,0.043167,620.00,99.438538,2054.75,0.000002,3090.00
58.200,1446.05,-76.74,0.042829,625.00,154.410843,2086.37,0.000002,3095.00
58.250,1458.12,-76.96,0.046102,625.00,85.114372,2045.70,0.000002,2730.00
58.300,1520.46,-77.23,0.039445,620.00,103.368309,1954.02,0.000001,2590.00
58.350,1638.86,-77.33,0.025509,620.00,109.734322,1977.84,0.000003,3090.00
58.400,1547.11,-77.26,0.026643,625.00,87.101364,1926.93,0.000002,3095.00
58.450,1300.37,-77.56,0.034547,625.00,71.293411,1719.40,0.000001,2495.00
58.500,1199.24,-77.90,0.031316,620.00,62.204926,1605.86,0.000001,1975.00
58.550,1178.60,-77.98,0.026448,625.00,57.520435,1630.73,0.000001,1980.00
58.600,1130.18,-77.83,0.026627,625.00,36.860756,1610.75,0.000001,1975.00
58.650,1045.88,-77.80,0.027467,245.00,50.770988,1569.38,0.000001,1865.00
58.700,1064.60,-77.99,0.028618,245.00,55.848152,1629.20,0.000001,1870.00
58.750,1009.77,-78.05,0.031891,245.00,38.697296,1586.56,0.000001,1860.00
58.800,931.35,-78.06,0.034426,245.00,28.181139,1489.80,0.000000,1730.00
58.850,921.10,-78.28,0.036170,245.00,55.453407,1510.29,0.000000,1730.00
58.900,919.54,-78.33,0.040350,245.00,47.454243,1541.70,0.000000,1730.00
58.950,908.66,-78.13,0.041480,245.00,26.461338,1558.20,0.000000,1850.00
59.000,925.52,-78.17,0.037269,245.00,41.166969,1569.35,0.000000,1865.00
59.050,954.59,-78.28,0.035398,245.00,61.926128,1565.40,0.000000,1865.00
59.100,1048.58,-77.96,0.035254,245.00,53.339462,1590.62,0.000001,1885.00
59.150,1197.00,-77.76,0.034030,245.00,59.913269,1702.38,0.000001,1975.00
59.200,1310.39,-77.65,0.032081,245.00,73.213249,1812.63,0.000001,2125.00
59.250,1410.28,-77.56,0.029646,245.00,64.927696,1920.46,0.000002,2495.00
59.300,1399.49,-77.48,0.030662,660.00,56.252388,1928.85,0.000002,2225.00
59.350,1329.97,-77.77,0.028468,660.00,33.014805,1912.39,0.000002,1990.00
59.400,1179.38,-78.05,0.023482,245.00,70.811211,1716.29,0.000001,1980.00
59.450,1166.09,-78.17,0.022578,625.00,43.272575,1620.53,0.000001,1975.00
59.500,1227.13,-78.35,0.023086,625.00,36.960152,1673.86,0.000001,1980.00
59.550,1287.14,-78.24,0.024634,625.00,30.847738,1758.24,0.000001,1985.00
59.600,1534.75,-77.38,0.025410,625.00,33.504776,1954.57,0.000002,2495.00
59.650,1980.55,-75.94,0.021716,625.00,62.469471,2210.71,0.000008,3730.00
59.700,2147.96,-75.86,0.019931,625.00,67.714020,2337.06,0.000012,3970.00
59.750,1998.17,-76.49,0.024514,490.00,76.914482,2354.11,0.000006,3915.00
59.800,1792.89,-76.72,0.026936,490.00,53.966309,2245.73,0.000004,3145.00
59.850,1638.78,-76.69,0.021566,490.00,62.082859,2089.36,0.000004,2960.00
59.900,1519.46,-76.81,0.018737,245.00,83.100708,1999.67,0.000005,3065.00
59.950,1342.13,-77.19,0.023985,245.00,60.645100,1904.70,0.000003,2500.00
60.000,1296.36,-77.50,0.026395,245.00,36.040421,1866.99,0.000002,2485.00
60.050,1291.37,-77.48,0.029200,245.00,47.570873,1862.63,0.000002,2345.00
60.100,1227.09,-77.47,0.036683,625.00,68.429794,1783.20,0.000001,2010.00
60.150,1189.80,-77.45,0.048914,620.00,93.792763,1729.02,0.000001,1955.00
60.200,1182.34,-77.35,0.056613,625.00,55.193924,1751.12,0.000001,1955.00
60.250,1227.34,-77.10,0.060089,625.00,49.488094,1834.49,0.000001,2190.00
60.300,1116.87,-76.53,0.066958,625.00,95.522011,1780.60,0.000001,1870.00
60.350,1025.65,-75.96,0.082442,620.00,252.605652,1748.00,0.000001,1865.00
60.400,1057.46,-75.92,0.103812,155.00,280.079071,1825.30,0.000001,1870.00
60.450,943.54,-76.44,0.116883,155.00,190.095367,1705.30,0.000000,1835.00
60.500,789.58,-76.73,0.133162,155.00,153.957535,1472.86,0.000000,1255.00
60.550,669.20,-77.09,0.139571,155.00,117.423859,1282.13,0.000000,925.00
60.600,587.23,-77.38,0.124712,155.00,114.045746,1153.70,0.000000,770.00
60.650,550.44,-77.59,0.100205,155.00,168.488617,1062.36,0.000000,670.00
60.700,504.29,-77.95,0.084063,155.00,123.456947,955.74,0.000000,630.00
60.750,557.51,-77.92,0.063725,155.00,156.459061,999.50,0.000000,775.00
60.800,686.86,-77.72,0.042925,155.00,173.126175,1193.74,0.000000,1230.00
60.850,774.75,-77.78,0.032383,185.00,154.596191,1339.97,0.000001,1360.00
60.900,788.25,-77.77,0.036759,185.00,101.421158,1343.46,0.000001,1295.00
60.950,766.41,-77.78,0.044293,185.00,73.184570,1304.32,0.000000,1245.00
61.000,723.22,-77.67,0.051627,185.00,59.870785,1239.23,0.000000,1110.00
61.050,687.33,-77.62,0.057199,185.00,53.152546,1198.01,0.000000,990.00
61.100,679.31,-77.70,0.056021,185.00,53.296883,1197.32,0.000000,1050.00
61.150,719.62,-77.83,0.047996,245.00,90.758949,1268.90,0.000000,1230.00
61.200,770.06,-77.86,0.042964,245.00,98.515434,1342.06,0.000000,1235.00
61.250,852.02,-77.89,0.043781,245.00,90.744011,1431.23,0.000000,1475.00
61.300,805.39,-77.88,0.043837,245.00,40.486450,1376.86,0.000000,1245.00
61.350,741.16,-78.01,0.042685,245.00,65.420197,1291.72,0.000000,1110.00
61.400,743.72,-77.99,0.042797,245.00,63.747669,1268.12,0.000000,1240.00
61.450,779.81,-77.93,0.042334,245.00,54.318024,1275.14,0.000000,1250.00
61.500,773.57,-77.50,0.042400,310.00,61.434429,1238.25,0.000000,1250.00
61.550,772.34,-77.39,0.044706,310.00,98.694649,1221.25,0.000000,1305.00
61.600,851.74,-77.59,0.050043,310.00,101.173470,1341.12,0.000000,1550.00
61.650,910.68,-77.62,0.049850,315.00,115.095619,1420.53,0.000000,1560.00
61.700,922.53,-77.38,0.046549,315.00,90.222588,1411.52,0.000001,1560.00
61.750,872.31,-77.27,0.044603,315.00,94.269661,1391.11,0.000001,1540.00
61.800,865.53,-77.45,0.042128,155.00,126.946587,1483.07,0.000001,1480.00
61.850,813.44,-77.60,0.049112,155.00,94.626106,1429.83,0.000000,1475.00
61.900,773.25,-77.31,0.057240,155.00,91.145500,1336.77,0.000000,1470.00
61.950,779.89,-77.35,0.061822,155.00,73.585060,1329.89,0.000000,1480.00
62.000,746.82,-77.72,0.066449,155.00,76.636856,1314.26,0.000000,1475.00
62.050,714.46,-77.72,0.071035,155.00,42.430901,1292.67,0.000000,1325.00
62.100,717.62,-77.29,0.074159,155.00,91.151176,1301.46,0.000000,1405.00
62.150,813.26,-77.21,0.076505,155.00,76.878906,1404.93,0.000000,1550.00
62.200,912.63,-77.35,0.083121,155.00,73.525291,1503.25,0.000000,1845.00
62.250,875.74,-77.36,0.090859,155.00,62.653496,1485.26,0.000000,1840.00
62.300,813.97,-77.46,0.095490,155.00,46.807354,1448.60,0.000000,1505.00
62.350,757.64,-77.57,0.099007,155.00,47.449364,1408.18,0.000000,1470.00
62.400,760.33,-77.54,0.100796,155.00,32.260166,1419.77,0.000000,1460.00
62.450,775.47,-77.46,0.104722,155.00,40.507847,1446.81,0.000000,1475.00
62.500,778.46,-77.12,0.110506,155.00,48.951965,1439.75,0.000000,1480.00
62.550,792.54,-76.64,0.111308,155.00,59.908474,1437.80,0.000000,1480.00
62.600,921.14,-76.23,0.097285,155.00,116.537315,1548.50,0.000000,1845.00
62.650,1102.83,-76.31,0.073582,155.00,174.154236,1719.11,0.000001,1945.00
62.700,1100.74,-76.92,0.056955,155.00,145.910156,1752.06,0.000001,1870.00
62.750,1132.65,-77.02,0.043411,155.00,134.515427,1740.68,0.000001,1870.00
62.800,1302.82,-77.18,0.034662,465.00,123.936020,1806.79,0.000002,1890.00
62.850,1427.51,-77.24,0.031640,1400.00,58.323566,1814.01,0.000002,1975.00
62.900,1434.53,-77.21,0.028562,1400.00,64.752708,1834.35,0.000002,2015.00
62.950,1462.11,-77.62,0.025652,1400.00,45.787437,1919.81,0.000002,2330.00
63.000,1454.75,-77.81,0.023009,1400.00,45.392460,1932.64,0.000002,2330.00
63.050,1505.84,-77.45,0.017829,1400.00,50.461018,1953.71,0.000004,2335.00
63.100,1499.80,-77.03,0.016479,155.00,62.858032,1940.94,0.000005,2335.00
63.150,1379.59,-77.19,0.021325,415.00,64.755180,1867.64,0.000003,2115.00
63.200,1363.63,-77.03,0.023184,415.00,39.229370,1845.71,0.000002,2095.00
63.250,1359.96,-77.43,0.022456,415.00,39.631748,1921.15,0.000002,2095.00
63.300,1411.42,-77.75,0.022305,155.00,30.244354,2026.87,0.000002,2555.00
63.350,1408.06,-77.81,0.022043,155.00,27.009865,1975.69,0.000002,2800.00
63.400,1336.68,-78.00,0.023860,830.00,25.278637,1883.92,0.000002,2480.00
63.450,1326.04,-77.95,0.024315,830.00,24.324045,1842.91,0.000001,2335.00
63.500,1235.94,-77.94,0.022737,830.00,25.107567,1760.11,0.000001,2080.00
63.550,1048.59,-77.56,0.024295,830.00,54.427174,1626.62,0.000001,1885.00
63.600,922.10,-77.38,0.028221,415.00,67.170319,1532.48,0.000001,1530.00
63.650,903.28,-77.69,0.030385,415.00,60.687370,1525.12,0.000001,1470.00
63.700,885.96,-77.68,0.033932,415.00,37.682896,1494.17,0.000001,1445.00
63.750,901.43,-77.49,0.038356,415.00,47.519417,1495.65,0.000001,1515.00
63.800,879.56,-77.44,0.041446,140.00,41.403343,1486.58,0.000001,1455.00
63.850,878.30,-77.37,0.043503,140.00,39.655285,1504.88,0.000001,1450.00
63.900,888.14,-77.28,0.045464,140.00,49.730412,1530.41,0.000001,1530.00
63.950,958.09,-76.93,0.047552,140.00,55.493214,1603.48,0.000001,1900.00
64.000,1155.81,-76.56,0.041479,830.00,85.283875,1804.22,0.000002,2080.00
64.050,1310.16,-76.25,0.035454,830.00,97.532188,1976.30,0.000003,2320.00
64.100,1381.18,-75.96,0.039714,830.00,109.112640,2120.89,0.000004,2605.00
64.150,1228.82,-76.25,0.046576,135.00,97.602638,2021.62,0.000002,2080.00
64.200,1255.50,-75.87,0.052017,830.00,113.482765,1986.22,0.000002,2085.00
64.250,1319.27,-75.84,0.053404,105.00,113.947197,2030.73,0.000002,2095.00
64.300,1555.71,-75.86,0.046374,105.00,98.496574,2244.21,0.000003,2540.00
64.350,1753.37,-75.53,0.040578,105.00,128.271545,2397.63,0.000005,3030.00
64.400,1637.32,-75.54,0.048704,415.00,138.456879,2343.76,0.000004,2905.00
64.450,1679.07,-75.07,0.056481,415.00,120.606911,2310.99,0.000004,2925.00
64.500,1661.13,-75.09,0.050183,835.00,135.061935,2212.42,0.000005,2920.00
64.550,1863.83,-74.94,0.034188,830.00,155.949524,2318.46,0.000008,3315.00
64.600,1856.61,-75.52,0.036111,830.00,133.940521,2360.50,0.000005,3335.00
64.650,1886.59,-75.63,0.046636,415.00,108.919983,2361.53,0.000004,3525.00
64.700,1758.06,-75.70,0.046957,835.00,129.837708,2243.46,0.000004,2935.00
64.750,1866.43,-75.62,0.034486,840.00,130.705688,2329.39,0.000008,2945.00
64.800,1936.25,-75.98,0.031002,415.00,130.857437,2402.28,0.000008,3310.00
64.850,1785.31,-75.80,0.040687,415.00,115.672989,2323.12,0.000004,2925.00
64.900,1569.75,-75.61,0.044006,415.00,113.145493,2189.90,0.000004,2900.00
64.950,1242.53,-76.00,0.043595,175.00,162.678711,1880.39,0.000003,2095.00
65.000,1139.87,-76.32,0.045821,175.00,118.773064,1776.97,0.000002,2080.00
65.050,1006.13,-76.87,0.047146,175.00,75.065506,1570.67,0.000001,2065.00
65.100,939.35,-77.11,0.048880,175.00,77.820862,1472.80,0.000001,1920.00
65.150,861.99,-76.93,0.051556,175.00,63.908550,1325.33,0.000000,1650.00
65.200,833.86,-76.94,0.051391,175.00,68.184570,1260.66,0.000000,1640.00
65.250,841.33,-77.52,0.044906,175.00,80.683228,1324.26,0.000000,1605.00
65.300,817.89,-77.68,0.038105,175.00,67.021309,1332.79,0.000000,1575.00
65.350,871.02,-77.17,0.034909,175.00,55.374443,1324.54,0.000001,1655.00
65.400,963.80,-76.92,0.033574,175.00,69.772079,1412.04,0.000001,1865.00
65.450,997.02,-77.12,0.033890,175.00,81.996216,1488.64,0.000001,1870.00
65.500,1002.96,-77.18,0.034137,415.00,52.868813,1504.61,0.000001,1920.00
65.550,960.90,-77.37,0.032137,415.00,50.607552,1425.76,0.000001,1865.00
65.600,921.65,-77.67,0.028017,415.00,45.601044,1362.34,0.000001,1660.00
65.650,907.51,-77.62,0.023826,415.00,39.909798,1268.18,0.000001,1670.00
65.700,886.52,-77.38,0.020298,175.00,48.670853,1165.22,0.000001,1675.00
65.750,758.33,-77.62,0.019623,175.00,48.581554,1022.04,0.000000,1400.00
65.800,666.57,-77.99,0.018034,175.00,37.321075,897.97,0.000000,1115.00
65.850,618.18,-78.56,0.016032,175.00,36.441021,854.42,0.000000,1110.00
65.900,600.18,-78.63,0.015415,175.00,16.437834,836.37,0.000000,1105.00
65.950,615.61,-78.66,0.014084,175.00,22.166897,847.79,0.000000,1045.00
66.000,629.91,-78.74,0.012220,175.00,22.979828,873.63,0.000000,1050.00
66.050,628.42,-78.56,0.010847,175.00,27.142149,855.68,0.000001,1045.00
66.100,620.29,-78.50,0.010435,175.00,22.177694,864.75,0.000001,1025.00
66.150,596.13,-78.87,0.010726,175.00,25.834528,928.96,0.000001,875.00
66.200,574.98,-79.02,0.010313,175.00,11.880262,957.78,0.000001,840.00
66.250,695.94,-78.98,0.009404,175.00,14.921268,1243.77,0.000002,1055.00
66.300,942.38,-78.84,0.009417,175.00,15.932564,1621.97,0.000003,1410.00
66.350,1054.59,-78.54,0.010310,175.00,22.422533,1747.48,0.000003,1745.00
66.400,1136.89,-78.26,0.012412,350.00,39.293732,1797.92,0.000003,1980.00
66.450,1232.13,-78.18,0.016818,350.00,40.987125,1867.94,0.000002,2090.00
66.500,1285.75,-78.21,0.022465,350.00,40.001945,1886.07,0.000001,2100.00
66.550,1343.39,-78.16,0.028476,350.00,41.850117,1927.98,0.000001,2105.00
66.600,1338.25,-77.98,0.035191,350.00,45.758129,1951.35,0.000001,2120.00
66.650,1308.73,-77.71,0.042243,350.00,48.365589,1927.78,0.000001,2110.00
66.700,1364.19,-77.48,0.045604,350.00,35.568562,1968.31,0.000001,2280.00
66.750,1315.33,-76.56,0.046388,350.00,65.542755,1816.22,0.000001,2215.00
66.800,1131.08,-76.38,0.052335,350.00,122.791405,1606.57,0.000001,2095.00
66.850,1177.65,-77.08,0.037477,350.00,120.901199,1698.40,0.000001,2100.00
66.900,1313.72,-76.91,0.027937,370.00,129.510147,1780.38,0.000002,2225.00
66.950,1351.29,-76.82,0.030463,370.00,70.077324,1817.61,0.000002,2225.00
67.000,1277.32,-77.16,0.031742,345.00,52.076782,1756.11,0.000001,2215.00
67.050,1282.25,-77.45,0.027116,350.00,54.187958,1719.84,0.000001,2220.00
67.100,1216.28,-77.57,0.022699,350.00,54.281582,1663.86,0.000001,2105.00
67.150,1075.59,-78.04,0.018997,370.00,78.599915,1513.99,0.000001,1850.00
67.200,951.74,-78.34,0.021136,370.00,69.994080,1422.62,0.000001,1670.00
67.250,868.66,-78.09,0.023694,370.00,48.079315,1430.90,0.000001,1480.00
67.300,821.69,-77.84,0.028026,370.00,44.651917,1410.76,0.000001,1425.00
67.350,834.33,-78.03,0.030518,370.00,44.018715,1454.82,0.000001,1455.00
67.400,876.19,-78.18,0.028965,370.00,38.438705,1490.55,0.000001,1490.00
67.450,871.14,-78.08,0.028281,370.00,37.567783,1485.93,0.000001,1485.00
67.500,898.82,-77.94,0.026471,185.00,48.170391,1489.72,0.000001,1750.00
67.550,955.56,-77.99,0.026201,185.00,51.170597,1533.67,0.000001,1845.00
67.600,1019.59,-77.97,0.025880,185.00,45.307899,1601.84,0.000001,1850.00
67.650,1000.93,-77.70,0.024594,95.00,47.194427,1559.20,0.000001,1850.00
67.700,878.37,-77.56,0.026580,140.00,96.337006,1434.89,0.000001,1840.00
67.750,738.74,-77.65,0.041175,140.00,136.178772,1315.49,0.000000,1485.00
67.800,663.14,-77.88,0.052455,140.00,92.302574,1231.75,0.000000,1260.00
67.850,594.62,-77.63,0.060469,140.00,85.154625,1106.75,0.000000,1110.00
67.900,557.43,-77.66,0.062451,140.00,57.094364,1054.54,0.000000,970.00
67.950,565.40,-78.09,0.058995,140.00,66.571877,1112.31,0.000000,965.00
68.000,548.88,-77.95,0.062784,140.00,47.740219,1079.53,0.000000,830.00
68.050,532.87,-78.06,0.070715,140.00,70.562225,1044.46,0.000000,815.00
68.100,530.75,-78.06,0.071975,140.00,49.767521,1029.35,0.000000,835.00
68.150,588.70,-77.70,0.056907,140.00,116.640800,1061.29,0.000000,970.00
68.200,691.57,-77.41,0.036188,140.00,177.890198,1137.79,0.000000,1135.00
68.250,660.15,-77.51,0.035719,185.00,84.131462,1127.22,0.000000,1015.00
68.300,545.28,-77.93,0.034479,275.00,76.403061,998.87,0.000000,785.00
68.350,482.15,-78.22,0.027954,275.00,57.418705,845.23,0.000000,735.00
68.400,489.28,-78.60,0.022302,275.00,63.767895,811.38,0.000000,735.00
68.450,508.12,-78.72,0.017754,275.00,39.322300,821.64,0.000000,745.00
68.500,484.82,-78.74,0.016908,275.00,38.399761,776.70,0.000000,740.00
68.550,506.22,-78.76,0.016367,140.00,29.273647,878.06,0.000000,740.00
68.600,626.08,-78.43,0.014673,140.00,34.764977,1118.57,0.000001,1010.00
68.650,727.78,-78.18,0.014021,235.00,57.230839,1255.29,0.000001,1250.00
68.700,746.02,-78.41,0.016895,235.00,44.645206,1290.11,0.000001,1395.00
68.750,700.77,-78.56,0.020339,235.00,35.097282,1269.03,0.000000,1170.00
68.800,748.09,-78.52,0.021009,235.00,21.606997,1334.71,0.000001,1395.00
68.850,852.98,-78.28,0.018367,235.00,35.399754,1479.42,0.000001,1480.00
68.900,1002.76,-78.03,0.014589,275.00,52.414375,1654.43,0.000003,1840.00
68.950,1149.92,-78.25,0.012332,275.00,33.580040,1808.19,0.000004,1855.00
69.000,1147.60,-78.32,0.010536,275.00,30.152201,1708.88,0.000004,1855.00
69.050,1188.67,-78.11,0.013720,550.00,44.117535,1686.05,0.000003,1895.00
69.100,1295.36,-77.87,0.019490,550.00,49.643696,1773.15,0.000002,2215.00
69.150,1241.33,-77.79,0.023476,275.00,39.607723,1725.15,0.000002,2210.00
69.200,1069.71,-77.99,0.024116,275.00,39.749088,1574.54,0.000001,1875.00
69.250,888.89,-78.14,0.022767,280.00,50.384308,1359.78,0.000001,1665.00
69.300,800.82,-78.27,0.017675,280.00,45.736862,1246.11,0.000001,1415.00
69.350,757.60,-78.70,0.014537,280.00,38.315758,1184.91,0.000000,1400.00
69.400,691.08,-78.91,0.012406,280.00,23.387405,1077.56,0.000000,1110.00
69.450,651.66,-78.98,0.011381,275.00,18.808849,988.26,0.000000,1110.00
69.500,618.00,-79.04,0.011683,275.00,16.443365,933.85,0.000000,1105.00
69.550,633.77,-79.08,0.011411,275.00,12.684428,944.30,0.000000,1110.00
69.600,635.56,-79.12,0.009448,275.00,16.692566,1001.83,0.000001,1100.00
69.650,625.84,-79.04,0.006774,275.00,22.590128,1033.30,0.000001,1095.00
69.700,629.49,-79.06,0.005038,280.00,23.139048,1044.21,0.000002,1055.00
69.750,654.57,-79.23,0.004691,465.00,15.654287,1095.71,0.000002,1105.00
69.800,670.13,-79.25,0.004584,140.00,11.039742,1140.73,0.000002,1115.00
69.850,676.58,-79.30,0.004672,140.00,8.724458,1206.97,0.000002,1110.00
69.900,625.88,-79.31,0.005020,140.00,6.952237,1164.30,0.000001,1100.00
69.950,567.47,-79.21,0.004970,140.00,9.232714,1071.93,0.000001,835.00
70.000,567.89,-79.20,0.004658,140.00,10.108290,1073.13,0.000002,830.00
70.050,611.30,-79.36,0.004121,135.00,13.337680,1183.94,0.000002,925.00
70.100,665.33,-79.42,0.003326,555.00,7.781690,1240.64,0.000002,1100.00
70.150,715.62,-79.46,0.002570,555.00,7.830948,1331.28,0.000004,1110.00
70.200,694.32,-79.47,0.002480,555.00,6.116285,1346.07,0.000004,1105.00
70.250,652.85,-79.47,0.002672,235.00,5.464564,1354.39,0.000003,915.00
70.300,644.54,-79.49,0.002800,235.00,6.031538,1365.87,0.000003,835.00
70.350,601.52,-79.42,0.002725,465.00,7.810540,1303.99,0.000004,830.00
70.400,743.87,-79.34,0.002851,465.00,7.049301,1459.26,0.000008,1115.00
70.450,919.48,-79.32,0.005217,275.00,22.342518,1571.73,0.000004,1665.00
70.500,930.94,-79.22,0.009312,275.00,29.161781,1515.96,0.000001,1845.00
70.550,887.74,-79.05,0.013357,275.00,27.895889,1440.72,0.000001,1665.00
70.600,904.59,-79.02,0.016815,275.00,23.518084,1440.09,0.000000,1895.00
70.650,934.85,-79.03,0.020097,275.00,22.612587,1436.47,0.000000,1935.00
70.700,978.30,-78.94,0.023361,275.00,22.166183,1467.14,0.000000,1940.00
70.750,1042.96,-78.89,0.027215,275.00,25.978132,1522.15,0.000000,1945.00
70.800,1039.78,-78.78,0.032972,275.00,40.147934,1551.16,0.000000,1950.00
70.850,993.49,-78.55,0.041186,275.00,57.889061,1560.68,0.000000,1945.00
70.900,1015.08,-77.99,0.042314,275.00,43.919121,1622.57,0.000000,1945.00
70.950,1082.60,-77.79,0.031146,280.00,104.040123,1718.72,0.000001,2210.00
71.000,1164.41,-77.74,0.025735,280.00,83.050568,1829.02,0.000002,2210.00
71.050,1130.85,-77.60,0.030971,280.00,48.360088,1800.01,0.000001,2195.00
71.100,1110.89,-77.54,0.036025,275.00,54.414165,1756.27,0.000001,2210.00
71.150,1080.18,-77.57,0.039204,140.00,46.744671,1677.60,0.000001,2215.00
71.200,1039.51,-77.50,0.043054,140.00,44.883251,1611.08,0.000001,2210.00
71.250,1016.48,-77.55,0.045694,140.00,50.626141,1595.67,0.000001,2065.00
71.300,1000.17,-77.42,0.046917,140.00,63.268513,1635.42,0.000001,1670.00
71.350,1059.28,-77.10,0.042925,140.00,75.841759,1714.70,0.000001,2010.00
71.400,1249.64,-76.34,0.038310,555.00,117.930893,1805.31,0.000002,2215.00
71.450,1217.81,-76.18,0.043796,550.00,153.072205,1741.17,0.000002,2205.00
71.500,1112.93,-76.53,0.053628,550.00,105.141281,1682.51,0.000001,1885.00
71.550,1157.41,-75.87,0.057490,555.00,146.256973,1700.18,0.000001,2180.00
71.600,1186.42,-75.75,0.052689,560.00,166.174728,1764.03,0.000001,2215.00
71.650,1305.80,-76.16,0.051049,105.00,145.564468,1849.61,0.000001,2215.00
71.700,1306.59,-76.47,0.055316,550.00,141.981155,1815.48,0.000001,2205.00
71.750,1340.38,-75.88,0.058898,555.00,126.573753,1792.64,0.000002,2215.00
71.800,1371.34,-75.77,0.048808,560.00,163.988525,1887.08,0.000003,2230.00
71.850,1535.95,-75.64,0.052508,555.00,159.876938,1998.70,0.000003,2230.00
71.900,1450.77,-76.04,0.057142,550.00,166.313492,1927.67,0.000002,2215.00
71.950,1436.15,-76.06,0.056219,550.00,105.368431,1866.76,0.000002,2225.00
72.000,1459.74,-76.43,0.048985,555.00,189.630966,1932.81,0.000002,2235.00
72.050,1684.23,-76.42,0.044496,555.00,85.732979,2160.34,0.000003,2765.00
72.100,1552.84,-76.73,0.052008,550.00,148.008591,1999.56,0.000001,2235.00
72.150,1535.62,-76.54,0.051831,550.00,99.471313,1957.21,0.000002,2235.00
72.200,1518.81,-76.79,0.044939,555.00,154.033981,1994.21,0.000002,2235.00
72.250,1654.10,-76.65,0.034439,555.00,103.782204,2209.76,0.000004,2765.00
72.300,1500.96,-76.67,0.042223,550.00,146.042023,2019.12,0.000002,2220.00
72.350,1427.43,-76.60,0.046067,550.00,97.884804,1913.35,0.000002,2215.00
72.400,1354.76,-76.87,0.044383,185.00,110.126907,1871.67,0.000001,2225.00
72.450,1410.22,-77.04,0.037320,185.00,99.432182,1990.10,0.000001,2230.00
72.500,1319.34,-77.12,0.038854,185.00,113.166824,1806.21,0.000001,2215.00
72.550,1327.01,-77.18,0.036858,555.00,73.203987,1747.09,0.000001,2210.00
72.600,1468.35,-77.59,0.026801,555.00,88.776482,1880.59,0.000002,2235.00
72.650,1572.47,-77.72,0.018851,1105.00,79.046051,2051.21,0.000004,2280.00
72.700,1313.80,-77.54,0.026198,1105.00,77.564735,1761.07,0.000002,2205.00
72.750,1277.90,-77.33,0.027618,555.00,52.970055,1691.05,0.000002,2195.00
72.800,1206.54,-77.65,0.021738,550.00,88.093063,1683.58,0.000002,2200.00
72.850,1090.53,-77.99,0.020341,235.00,48.927231,1573.17,0.000001,1865.00
72.900,1028.66,-78.19,0.020846,235.00,38.900078,1431.74,0.000001,1710.00
72.950,977.27,-77.97,0.021696,235.00,32.175762,1338.58,0.000001,1685.00
73.000,973.38,-77.74,0.021841,235.00,40.699944,1334.80,0.000001,1695.00
73.050,1003.99,-78.10,0.022878,235.00,35.843784,1403.52,0.000001,1675.00
73.100,1031.61,-78.29,0.023903,235.00,24.173849,1449.54,0.000001,1675.00
73.150,1018.29,-78.17,0.023778,235.00,30.517424,1414.90,0.000001,1675.00
73.200,1086.51,-77.49,0.020831,235.00,44.104435,1408.19,0.000001,1850.00
73.250,1076.97,-77.31,0.020313,235.00,58.203381,1404.40,0.000002,1670.00
73.300,1014.86,-77.71,0.022595,280.00,71.507744,1399.04,0.000001,1660.00
73.350,993.81,-77.92,0.027645,280.00,76.336685,1453.05,0.000001,1670.00
73.400,984.06,-78.00,0.033737,280.00,56.909225,1474.92,0.000000,1665.00
73.450,931.16,-78.00,0.038419,280.00,49.085518,1419.00,0.000000,1660.00
73.500,910.26,-78.11,0.041679,280.00,40.242615,1380.69,0.000000,1670.00
73.550,869.87,-78.16,0.043156,280.00,38.305473,1347.98,0.000000,1670.00
73.600,879.18,-78.15,0.036547,280.00,59.187878,1327.02,0.000000,1660.00
73.650,973.22,-78.23,0.028208,280.00,69.836418,1392.84,0.000000,1840.00
73.700,946.70,-78.33,0.027110,280.00,40.468830,1476.01,0.000001,1670.00
73.750,946.13,-78.15,0.026677,275.00,35.933960,1519.21,0.000001,1660.00
73.800,985.89,-78.19,0.025999,275.00,25.154989,1551.61,0.000001,1675.00
73.850,1042.68,-78.44,0.024395,275.00,23.549318,1643.40,0.000001,1850.00
73.900,1069.92,-78.46,0.022363,275.00,20.462395,1677.96,0.000001,1850.00
73.950,1141.04,-78.34,0.019734,275.00,32.372795,1689.82,0.000001,1855.00
74.000,1229.90,-78.38,0.016597,275.00,38.367863,1756.51,0.000002,1855.00
74.050,1283.97,-78.05,0.014726,370.00,35.921951,1797.35,0.000003,1870.00
74.100,1322.73,-77.78,0.013436,370.00,31.856981,1737.30,0.000004,2070.00
74.150,1376.47,-77.82,0.012961,370.00,36.754955,1753.11,0.000004,2085.00
74.200,1340.61,-78.01,0.013323,830.00,33.149944,1768.60,0.000004,2080.00
74.250,1372.39,-78.19,0.014727,830.00,29.307674,1855.38,0.000003,2080.00
74.300,1389.17,-77.94,0.015666,830.00,23.814301,1875.41,0.000003,2095.00
74.350,1411.37,-77.85,0.016160,830.00,24.101881,1910.97,0.000003,2340.00
74.400,1467.69,-78.06,0.016723,830.00,34.046749,1923.66,0.000003,2500.00
74.450,1406.93,-78.04,0.015387,830.00,25.539772,1834.54,0.000003,2215.00
74.500,1340.85,-78.25,0.012041,830.00,37.714375,1775.39,0.000003,2080.00
74.550,1207.19,-78.31,0.014329,830.00,40.625084,1685.51,0.000002,2075.00
74.600,1001.61,-78.04,0.019905,415.00,50.242344,1561.42,0.000001,1660.00
74.650,903.34,-77.98,0.024816,415.00,43.936958,1497.49,0.000001,1400.00
74.700,901.49,-77.91,0.027960,415.00,32.623634,1506.00,0.000001,1400.00
74.750,907.95,-77.73,0.032499,415.00,42.888802,1532.47,0.000001,1450.00
74.800,907.63,-77.62,0.038440,140.00,51.447002,1538.08,0.000001,1510.00
74.850,915.83,-77.54,0.041978,140.00,44.819710,1556.37,0.000001,1595.00
74.900,927.60,-77.52,0.044383,140.00,31.505365,1568.07,0.000001,1655.00
74.950,943.91,-77.39,0.047374,140.00,36.529415,1581.19,0.000001,1805.00
75.000,1017.27,-77.04,0.047195,140.00,54.654701,1666.53,0.000001,2075.00
75.050,1211.43,-76.66,0.039546,830.00,95.724236,1852.63,0.000002,2085.00
75.100,1386.60,-76.14,0.034884,830.00,96.852043,2044.83,0.000004,2500.00
75.150,1315.48,-75.75,0.040764,830.00,120.510826,2086.46,0.000004,2490.00
75.200,1179.10,-76.06,0.048074,830.00,105.331863,1989.00,0.000003,2075.00
75.250,1363.28,-75.83,0.053306,830.00,126.550827,2076.95,0.000003,2380.00
75.300,1420.38,-75.78,0.052994,835.00,116.089432,2123.01,0.000003,2490.00
75.350,1657.20,-75.62,0.045108,105.00,100.184395,2298.17,0.000003,2910.00
75.400,1768.60,-75.43,0.040947,105.00,134.918045,2391.33,0.000004,3050.00
75.450,1663.28,-75.34,0.051009,415.00,141.233200,2333.74,0.000003,2910.00
75.500,1698.81,-75.00,0.056066,415.00,124.191071,2262.08,0.000003,2925.00
75.550,1703.74,-75.13,0.046471,835.00,146.033188,2210.37,0.000004,2925.00
75.600,1889.83,-75.10,0.034961,830.00,145.135956,2365.23,0.000006,3345.00
75.650,1784.46,-75.54,0.039366,415.00,134.516541,2337.63,0.000005,3300.00
75.700,1829.50,-75.37,0.047150,830.00,107.752113,2337.66,0.000004,3325.00
75.750,1753.72,-75.71,0.044313,835.00,136.461990,2246.12,0.000005,2930.00
75.800,1989.88,-75.75,0.031706,840.00,135.649628,2407.24,0.000009,3325.00
75.850,1938.04,-76.15,0.032787,415.00,118.807632,2397.33,0.000007,3310.00
75.900,1886.96,-75.86,0.041897,415.00,111.031433,2389.41,0.000004,3310.00
75.950,1789.48,-75.73,0.043579,830.00,121.384636,2301.34,0.000005,2925.00
76.000,1875.02,-75.78,0.037408,840.00,110.857567,2401.20,0.000007,2935.00
76.050,1749.59,-75.92,0.040087,415.00,128.723923,2378.41,0.000005,2910.00
76.100,1633.65,-76.10,0.044566,415.00,72.841316,2251.04,0.000003,2900.00
76.150,1603.43,-75.95,0.043134,415.00,87.703888,2184.14,0.000003,2905.00
76.200,1603.79,-75.76,0.039309,175.00,99.406067,2145.85,0.000004,2895.00
76.250,1509.40,-76.38,0.039227,175.00,99.421577,2057.62,0.000003,2815.00
76.300,1430.52,-76.71,0.037933,175.00,59.193256,1957.49,0.000002,2500.00
76.350,1416.60,-76.61,0.035287,175.00,62.786999,1949.60,0.000002,2485.00
76.400,1289.87,-76.49,0.034328,170.00,91.512573,1849.66,0.000002,2115.00
76.450,1068.07,-76.46,0.046212,175.00,145.054962,1673.37,0.000001,2075.00
76.500,924.54,-76.93,0.052306,175.00,108.200447,1509.75,0.000001,1660.00
76.550,895.48,-77.14,0.046914,175.00,90.926727,1455.24,0.000001,1650.00
76.600,878.74,-77.38,0.043292,175.00,77.420883,1379.78,0.000000,1645.00
76.650,849.12,-77.68,0.041500,175.00,66.963898,1346.18,0.000000,1455.00
76.700,833.30,-77.63,0.039866,205.00,68.156784,1305.64,0.000000,1450.00
76.750,861.07,-77.67,0.042914,205.00,72.502159,1289.40,0.000000,1455.00
76.800,866.39,-77.75,0.045482,210.00,42.205803,1284.68,0.000000,1460.00
76.850,932.45,-77.62,0.042260,625.00,53.709560,1366.44,0.000000,1660.00
76.900,1004.60,-77.20,0.035328,625.00,87.609856,1456.17,0.000001,1870.00
76.950,950.01,-77.07,0.031062,625.00,99.563713,1366.40,0.000001,1665.00
77.000,814.69,-77.31,0.033019,275.00,120.069344,1243.12,0.000001,1385.00
77.050,752.03,-77.53,0.041288,275.00,100.132103,1206.50,0.000000,1345.00
77.100,761.62,-77.92,0.047735,275.00,85.301834,1239.04,0.000000,1265.00
77.150,800.56,-78.02,0.047111,280.00,46.505352,1290.12,0.000000,1385.00
77.200,846.51,-78.05,0.045269,280.00,42.669525,1338.09,0.000000,1485.00
77.250,844.59,-77.88,0.045660,280.00,49.320881,1331.01,0.000000,1480.00
77.300,885.90,-77.48,0.046969,280.00,40.388924,1343.64,0.000000,1665.00
77.350,945.28,-77.32,0.041281,280.00,62.405006,1396.15,0.000000,1725.00
77.400,996.25,-77.59,0.034182,280.00,68.040886,1547.28,0.000001,1750.00
77.450,1061.62,-77.65,0.032051,280.00,39.877308,1658.64,0.000001,1760.00
77.500,1085.32,-77.45,0.031145,280.00,45.513844,1711.57,0.000001,1875.00
77.550,1145.56,-77.38,0.029636,280.00,63.172215,1769.56,0.000002,2085.00
77.600,1215.02,-77.50,0.031687,275.00,78.465652,1838.89,0.000001,2095.00
77.650,1230.34,-77.54,0.036168,350.00,67.192406,1834.56,0.000001,2100.00
77.700,1271.52,-77.52,0.039954,350.00,60.042900,1883.06,0.000001,2110.00
77.750,1328.85,-77.29,0.038992,350.00,38.492378,1904.64,0.000001,2205.00
77.800,1235.14,-76.61,0.032421,350.00,92.324127,1697.88,0.000002,2100.00
77.850,1087.91,-76.41,0.034678,350.00,92.923340,1509.58,0.000001,1865.00
77.900,1183.20,-76.72,0.030104,350.00,77.385612,1663.92,0.000002,2100.00
77.950,1288.69,-77.04,0.030024,370.00,67.885376,1790.61,0.000002,2225.00
78.000,1214.99,-76.84,0.034708,350.00,59.118130,1753.38,0.000001,2100.00
78.050,1053.80,-76.83,0.035491,345.00,68.736519,1595.16,0.000001,1850.00
78.100,1018.48,-77.18,0.031624,155.00,95.484901,1566.03,0.000001,1850.00
78.150,973.53,-77.51,0.032489,155.00,68.669571,1571.74,0.000001,1845.00
78.200,941.45,-77.52,0.035692,155.00,85.548225,1527.19,0.000001,1845.00
78.250,964.47,-77.38,0.041778,155.00,79.279251,1513.99,0.000001,1845.00
78.300,962.71,-77.12,0.047515,155.00,50.030586,1523.66,0.000001,1845.00
78.350,852.74,-76.38,0.053489,155.00,119.308449,1398.29,0.000001,1665.00
78.400,783.12,-76.45,0.059834,155.00,73.974968,1326.33,0.000001,1475.00
78.450,787.57,-77.22,0.065099,155.00,135.850159,1394.44,0.000000,1265.00
78.500,775.77,-77.03,0.068966,155.00,55.755390,1380.05,0.000000,1245.00
78.550,760.98,-76.39,0.073855,155.00,141.257645,1328.28,0.000000,1235.00
78.600,764.76,-76.51,0.080349,155.00,92.740158,1354.98,0.000000,1250.00
78.650,838.66,-76.93,0.084052,155.00,102.998802,1499.18,0.000000,1600.00
78.700,919.30,-76.65,0.088665,155.00,46.869415,1639.39,0.000000,1845.00
78.750,998.34,-76.25,0.094004,155.00,51.105057,1768.88,0.000000,2065.00
78.800,1076.06,-75.91,0.100798,155.00,67.532227,1895.58,0.000001,2075.00
78.850,894.43,-75.55,0.110288,155.00,143.368332,1687.87,0.000001,1655.00
78.900,891.00,-75.21,0.111067,155.00,117.716957,1649.80,0.000001,1665.00
78.950,1069.79,-75.50,0.091650,155.00,202.324432,1835.44,0.000001,2080.00
79.000,1345.24,-75.41,0.068498,155.00,178.354752,2076.62,0.000001,2150.00
79.050,1530.37,-75.13,0.053903,155.00,157.886627,2249.14,0.000002,2680.00
79.100,1485.05,-75.39,0.050417,415.00,176.755493,2238.54,0.000003,2655.00
79.150,1518.89,-74.62,0.056379,415.00,150.950851,2207.96,0.000004,2890.00
79.200,1392.98,-74.20,0.054379,835.00,171.599945,2009.58,0.000004,2485.00
79.250,1499.27,-74.15,0.047068,125.00,175.759247,2083.51,0.000005,2540.00
79.300,1472.09,-74.84,0.048992,125.00,151.293396,2118.55,0.000003,2840.00
79.350,1578.26,-75.02,0.051558,415.00,128.006821,2211.73,0.000004,2910.00
79.400,1623.52,-75.47,0.049449,835.00,150.911133,2170.43,0.000004,2920.00
79.450,1744.67,-75.30,0.037543,840.00,131.370804,2239.72,0.000008,2920.00
79.500,1789.50,-75.57,0.031756,415.00,139.490479,2308.35,0.000009,2920.00
79.550,1742.07,-75.83,0.041078,415.00,115.381027,2295.42,0.000005,2915.00
79.600,1722.99,-75.76,0.045494,830.00,103.923584,2280.10,0.000004,2920.00
79.650,1703.21,-75.61,0.039887,835.00,105.203293,2275.90,0.000006,2910.00
79.700,1745.15,-75.77,0.035185,415.00,140.659622,2369.80,0.000007,2910.00
79.750,1585.35,-76.32,0.041209,415.00,93.803291,2237.50,0.000003,2895.00
79.800,1530.25,-76.15,0.044870,415.00,95.516556,2186.70,0.000003,2900.00
79.850,1472.19,-76.33,0.047111,155.00,126.006828,2104.87,0.000002,2510.00
79.900,1468.87,-76.32,0.048543,155.00,108.224518,2107.57,0.000002,2885.00
79.950,1143.85,-76.45,0.053001,155.00,112.011406,1811.33,0.000001,2095.00
80.000,1091.51,-76.46,0.059667,155.00,82.651657,1777.35,0.000001,2090.00
80.050,1095.50,-76.90,0.060898,155.00,95.278419,1773.09,0.000001,2090.00
80.100,1116.53,-76.96,0.052313,155.00,84.102150,1802.43,0.000001,2085.00
80.150,1022.64,-77.08,0.038866,155.00,118.057182,1632.37,0.000001,2065.00
80.200,974.81,-77.32,0.031342,155.00,115.797958,1535.59,0.000001,1820.00
80.250,869.51,-77.56,0.034885,210.00,72.262459,1377.89,0.000001,1655.00
80.300,801.14,-77.60,0.038189,210.00,63.062126,1297.73,0.000000,1450.00
80.350,811.44,-77.83,0.039849,210.00,63.474140,1311.04,0.000000,1450.00
80.400,830.11,-77.93,0.042821,210.00,41.275715,1305.85,0.000000,1455.00
80.450,828.53,-77.88,0.046205,210.00,46.825520,1271.81,0.000000,1455.00
80.500,865.54,-77.75,0.045320,625.00,48.892277,1286.50,0.000000,1455.00
80.550,1014.38,-76.87,0.042075,625.00,84.391861,1390.70,0.000001,1780.00
80.600,1069.07,-76.34,0.039024,625.00,99.816246,1425.02,0.000001,1835.00
80.650,1108.04,-76.61,0.031428,620.00,96.113403,1533.44,0.000002,1850.00
80.700,1088.71,-76.86,0.027566,250.00,86.893196,1597.75,0.000002,1745.00
80.750,1020.44,-77.03,0.030807,245.00,82.323166,1557.96,0.000001,1730.00
80.800,1031.78,-77.32,0.031889,245.00,63.537617,1580.33,0.000001,1735.00
80.850,991.20,-77.73,0.030983,245.00,50.932880,1576.22,0.000001,1730.00
80.900,943.77,-77.87,0.032847,245.00,42.747196,1555.52,0.000001,1730.00
80.950,880.18,-77.96,0.036239,245.00,35.010952,1477.70,0.000000,1725.00
81.000,816.04,-77.97,0.036892,245.00,25.002432,1383.49,0.000000,1485.00
81.050,798.57,-77.73,0.032616,245.00,56.448105,1360.10,0.000001,1480.00
81.100,828.43,-77.90,0.028700,245.00,40.676155,1434.85,0.000001,1485.00
81.150,906.78,-78.11,0.026484,245.00,36.519058,1519.39,0.000001,1730.00
81.200,950.34,-78.20,0.024505,245.00,25.205025,1548.37,0.000001,1850.00
81.250,974.90,-78.16,0.023415,245.00,18.814993,1553.96,0.000001,1850.00
81.300,956.41,-78.03,0.022499,245.00,34.333958,1527.16,0.000001,1845.00
81.350,997.68,-78.09,0.021776,245.00,19.243092,1572.41,0.000001,1850.00
81.400,1104.32,-78.15,0.020566,245.00,30.676804,1673.05,0.000001,1850.00
81.450,1197.01,-77.76,0.019196,245.00,28.482220,1708.08,0.000002,1855.00
81.500,1164.52,-77.50,0.020645,245.00,58.921902,1685.27,0.000002,1865.00
81.550,1110.97,-77.24,0.021582,350.00,57.150429,1668.52,0.000002,1855.00
81.600,1156.25,-77.26,0.022072,350.00,52.365669,1765.35,0.000002,1895.00
81.650,1234.64,-77.56,0.028020,350.00,57.589024,1876.60,0.000002,2070.00
81.700,1198.54,-77.57,0.035751,350.00,59.534897,1836.97,0.000001,1880.00
81.750,1145.93,-77.42,0.041440,350.00,53.401138,1776.04,0.000001,1860.00
81.800,1171.75,-77.30,0.047794,350.00,52.811836,1779.01,0.000001,2090.00
81.850,1229.04,-77.49,0.050658,350.00,34.847912,1863.64,0.000001,2095.00
81.900,1272.10,-76.98,0.046876,350.00,46.712479,1850.68,0.000001,2100.00
81.950,1180.40,-76.35,0.041931,350.00,100.131004,1672.31,0.000001,2095.00
82.000,1021.69,-76.74,0.044076,350.00,137.704056,1543.17,0.000001,1850.00
82.050,1092.11,-76.64,0.034887,350.00,103.501038,1651.70,0.000002,2015.00
82.100,1160.30,-76.45,0.034536,350.00,104.406578,1699.90,0.000002,2095.00
82.150,1069.74,-76.58,0.039827,345.00,66.427711,1626.77,0.000001,1850.00
82.200,1044.12,-77.02,0.036864,350.00,63.111279,1571.35,0.000001,1850.00
82.250,1066.90,-77.40,0.031400,350.00,79.087318,1607.75,0.000001,1855.00
82.300,1009.97,-77.56,0.030045,185.00,61.800304,1571.83,0.000001,1850.00
82.350,945.50,-77.35,0.030350,185.00,86.721649,1507.95,0.000001,1845.00
82.400,884.61,-77.01,0.032250,370.00,110.072624,1423.81,0.000001,1720.00
82.450,879.52,-76.93,0.044841,140.00,145.064087,1468.32,0.000001,1830.00
82.500,922.27,-77.09,0.059025,140.00,123.402939,1569.28,0.000001,1845.00
82.550,867.49,-76.76,0.065835,140.00,82.024002,1518.35,0.000001,1670.00
82.600,813.14,-76.53,0.067077,140.00,101.249847,1465.01,0.000001,1480.00
82.650,916.95,-76.86,0.064143,140.00,145.785843,1632.46,0.000001,1620.00
82.700,1074.55,-76.90,0.063253,140.00,77.261536,1839.69,0.000001,1850.00
82.750,1049.93,-76.81,0.069337,140.00,60.531296,1820.58,0.000001,1850.00
82.800,1047.26,-76.59,0.070920,140.00,66.415924,1808.49,0.000001,1850.00
82.850,1005.11,-76.41,0.064901,140.00,143.192734,1776.89,0.000001,1850.00
82.900,1106.12,-76.47,0.057537,140.00,126.001801,1877.54,0.000002,1855.00
82.950,1227.58,-76.77,0.054418,140.00,101.678619,1985.06,0.000002,1855.00
83.000,1311.00,-76.53,0.050590,370.00,74.574333,2075.30,0.000002,1860.00
83.050,1323.25,-76.69,0.044786,370.00,103.248451,2082.60,0.000002,1855.00
83.100,1573.27,-76.62,0.041403,370.00,79.009354,2252.51,0.000003,2595.00
83.150,1529.71,-76.87,0.041567,370.00,74.999237,2202.43,0.000003,2590.00
83.200,1553.08,-76.80,0.041278,370.00,49.301826,2203.93,0.000003,2755.00
83.250,1573.23,-76.95,0.036504,370.00,100.181763,2169.59,0.000003,2595.00
83.300,1642.16,-76.72,0.031941,370.00,89.160423,2161.58,0.000004,2595.00
83.350,1629.07,-76.72,0.032920,370.00,94.128769,2103.99,0.000003,2470.00
83.400,1593.09,-76.98,0.033400,370.00,71.523003,2139.20,0.000002,2580.00
83.450,1420.98,-77.35,0.026999,235.00,86.184219,1977.67,0.000002,2215.00
83.500,1270.89,-77.69,0.023883,235.00,63.377365,1812.18,0.000002,1880.00
83.550,1152.94,-77.84,0.024405,235.00,41.615574,1643.37,0.000001,1855.00
83.600,1022.46,-77.58,0.024986,235.00,41.943062,1413.95,0.000001,1850.00
83.650,1001.37,-77.57,0.023996,235.00,40.750622,1367.75,0.000001,1830.00
83.700,1047.07,-77.66,0.024097,235.00,37.826916,1388.76,0.000001,1845.00
83.750,1092.76,-77.75,0.022707,235.00,45.288647,1422.82,0.000001,1855.00
83.800,1112.10,-77.17,0.019678,235.00,54.391880,1417.78,0.000002,1855.00
83.850,1041.67,-77.33,0.019987,280.00,64.921837,1399.71,0.000002,1800.00
83.900,996.56,-77.60,0.025324,275.00,75.271835,1374.67,0.000001,1840.00
83.950,968.24,-77.53,0.032274,275.00,65.636208,1376.93,0.000001,1830.00
84.000,915.90,-77.91,0.037100,280.00,55.693398,1386.97,0.000000,1485.00
84.050,893.82,-78.05,0.038854,280.00,47.917732,1372.57,0.000000,1660.00
84.100,861.87,-77.86,0.040644,280.00,37.283356,1317.35,0.000000,1720.00
84.150,894.82,-77.78,0.042226,280.00,42.001869,1346.70,0.000000,1850.00
84.200,949.23,-77.86,0.038789,280.00,49.343628,1402.82,0.000000,1850.00
84.250,1059.25,-77.58,0.027991,280.00,76.174637,1505.38,0.000001,1940.00
84.300,1122.16,-77.49,0.021712,280.00,58.301857,1648.31,0.000002,1980.00
84.350,1147.46,-77.66,0.022578,280.00,33.488029,1723.34,0.000002,1985.00
84.400,1074.34,-78.10,0.023814,275.00,32.983994,1670.09,0.000001,1855.00
84.450,931.98,-78.45,0.021290,275.00,28.589186,1494.15,0.000001,1845.00
84.500,832.60,-78.65,0.019231,275.00,21.589676,1306.92,0.000000,1640.00
84.550,750.55,-78.73,0.017256,275.00,23.259882,1127.68,0.000000,1475.00
84.600,695.94,-78.80,0.014149,275.00,30.473864,1021.67,0.000000,1380.00
84.650,737.67,-78.74,0.011452,275.00,27.524096,1141.26,0.000001,1395.00
84.700,948.59,-78.49,0.009755,275.00,27.956289,1486.00,0.000002,1650.00
84.750,1192.36,-78.38,0.010120,350.00,35.707012,1773.45,0.000004,2085.00
84.800,1237.91,-78.40,0.014324,350.00,34.187881,1844.52,0.000002,2090.00
84.850,1226.03,-78.13,0.018995,350.00,33.257519,1809.96,0.000002,2085.00
84.900,1212.69,-77.37,0.020494,350.00,48.157265,1681.45,0.000003,2090.00
84.950,1154.24,-77.23,0.025220,360.00,75.067810,1608.02,0.000002,1950.00
85.000,1181.60,-77.34,0.029649,360.00,64.603813,1697.66,0.000001,2090.00
85.050,1271.57,-77.25,0.030215,370.00,109.926117,1815.79,0.000001,2225.00
85.100,1304.56,-77.12,0.031112,370.00,65.756660,1862.30,0.000001,2225.00
85.150,1224.62,-77.44,0.028900,370.00,71.898872,1800.84,0.000001,2220.00
85.200,1213.28,-77.77,0.022242,375.00,72.196167,1788.46,0.000002,2220.00
85.250,1214.04,-77.91,0.022124,350.00,52.771477,1867.08,0.000002,2220.00
85.300,1201.01,-77.52,0.023607,350.00,45.729767,1850.03,0.000002,2090.00
85.350,1064.72,-76.93,0.030254,350.00,89.641945,1624.67,0.000002,1750.00
85.400,1062.48,-76.59,0.034615,310.00,99.067757,1523.29,0.000001,1855.00
85.450,1039.27,-76.88,0.038721,310.00,89.251038,1480.34,0.000001,1865.00
85.500,994.10,-77.27,0.044707,310.00,64.694153,1490.24,0.000001,1860.00
85.550,1045.08,-76.97,0.047394,310.00,82.153740,1514.04,0.000001,1870.00
85.600,1024.84,-77.16,0.038767,310.00,71.326454,1459.32,0.000001,1865.00
85.650,934.47,-77.61,0.026706,315.00,116.433487,1337.44,0.000001,1555.00
85.700,873.85,-78.02,0.025474,350.00,72.349907,1305.14,0.000001,1550.00
85.750,838.78,-78.03,0.029989,350.00,59.730785,1297.81,0.000000,1490.00
85.800,840.13,-77.67,0.035639,350.00,64.801369,1276.95,0.000000,1545.00
85.850,771.27,-77.18,0.041588,310.00,134.319199,1191.93,0.000001,1280.00
85.900,788.92,-77.25,0.045085,310.00,92.470291,1212.67,0.000000,1350.00
85.950,873.93,-77.58,0.046371,350.00,93.465065,1323.05,0.000000,1550.00
86.000,861.65,-77.47,0.046332,350.00,79.583183,1315.92,0.000000,1550.00
86.050,758.33,-77.47,0.049538,350.00,80.774986,1201.12,0.000000,1245.00
86.100,667.79,-77.43,0.055664,350.00,145.064041,1063.17,0.000000,1015.00
86.150,575.50,-77.69,0.062183,155.00,152.264648,973.33,0.000000,930.00
86.200,529.24,-77.67,0.062059,155.00,103.411705,942.12,0.000000,725.00
86.250,504.46,-77.53,0.065368,155.00,110.121017,885.60,0.000000,710.00
86.300,504.00,-77.81,0.070521,155.00,93.771271,909.91,0.000000,740.00
86.350,498.85,-77.90,0.069490,155.00,56.138420,936.86,0.000000,735.00
86.400,465.93,-78.05,0.067050,155.00,42.160313,911.25,0.000000,625.00
86.450,454.03,-78.29,0.067873,155.00,48.742844,889.29,0.000000,625.00
86.500,497.23,-77.96,0.059951,155.00,76.932106,919.28,0.000000,695.00
86.550,622.61,-77.82,0.043581,155.00,129.633591,1100.40,0.000000,935.00
86.600,719.37,-77.76,0.032970,155.00,121.858215,1231.14,0.000001,1235.00
86.650,769.29,-77.70,0.030261,185.00,105.121300,1273.79,0.000001,1395.00
86.700,787.89,-77.77,0.028114,185.00,49.959637,1273.22,0.000001,1395.00
86.750,782.45,-77.45,0.022930,185.00,86.604736,1212.87,0.000001,1400.00
86.800,829.97,-77.75,0.020307,230.00,76.432388,1279.11,0.000001,1405.00
86.850,880.35,-78.31,0.021360,235.00,59.865360,1429.12,0.000001,1450.00
86.900,829.11,-78.18,0.024178,235.00,30.478020,1375.54,0.000001,1400.00
86.950,783.51,-77.94,0.024025,235.00,36.826557,1259.28,0.000001,1400.00
87.000,756.36,-78.21,0.022327,235.00,59.685440,1249.04,0.000001,1390.00
87.050,801.01,-78.45,0.021199,310.00,50.887596,1317.01,0.000001,1395.00
87.100,839.42,-78.24,0.020945,310.00,46.277424,1340.38,0.000001,1435.00
87.150,871.01,-78.10,0.024978,310.00,51.289154,1369.54,0.000001,1550.00
87.200,907.21,-78.11,0.028995,310.00,53.537579,1401.30,0.000001,1555.00
87.250,931.78,-77.90,0.031220,310.00,40.918919,1406.13,0.000001,1555.00
87.300,940.63,-77.83,0.035487,310.00,71.338600,1398.84,0.000001,1550.00
87.350,983.64,-77.99,0.043386,310.00,81.562027,1458.42,0.000000,1555.00
87.400,1014.24,-77.82,0.045070,315.00,93.106277,1505.04,0.000000,1570.00
87.450,1025.76,-77.42,0.039235,315.00,125.091278,1519.22,0.000001,1630.00
87.500,1005.80,-77.28,0.036594,315.00,99.340836,1510.11,0.000001,1565.00
87.550,1142.90,-77.63,0.028481,310.00,104.616577,1734.02,0.000001,1865.00
87.600,1176.47,-77.94,0.028103,310.00,53.582561,1759.47,0.000001,1860.00
87.650,1158.62,-78.11,0.027704,310.00,26.382298,1719.04,0.000001,1855.00
87.700,1225.36,-78.10,0.021094,310.00,66.369301,1739.44,0.000002,1855.00
87.750,1112.01,-77.88,0.021946,310.00,44.998856,1630.44,0.000002,1850.00
87.800,1070.76,-77.91,0.022902,315.00,33.062370,1625.11,0.000001,1850.00
87.850,1236.25,-77.88,0.020542,315.00,41.332176,1732.42,0.000002,1855.00
87.900,1340.80,-77.45,0.020094,315.00,41.117268,1726.63,0.000003,1880.00
87.950,1347.65,-77.40,0.020552,310.00,65.438255,1746.78,0.000003,1880.00
88.000,1360.99,-77.53,0.021774,465.00,53.014019,1870.41,0.000003,1965.00
88.050,1418.26,-77.59,0.024334,470.00,46.194275,1904.90,0.000002,1900.00
88.100,1487.23,-77.63,0.026291,470.00,50.989388,1928.57,0.000002,2155.00
88.150,1514.16,-77.69,0.027151,465.00,49.831188,1944.32,0.000002,2320.00
88.200,1482.82,-77.72,0.027321,465.00,28.321547,1893.04,0.000002,2195.00
88.250,1484.50,-77.71,0.025607,465.00,40.179096,1893.80,0.000002,2310.00
88.300,1492.24,-77.65,0.023911,465.00,41.347839,1922.75,0.000002,2330.00
88.350,1480.87,-77.36,0.022633,465.00,44.376480,1923.55,0.000003,2330.00
88.400,1479.77,-77.10,0.021882,465.00,57.682449,1924.06,0.000004,2325.00
88.450,1385.70,-77.44,0.024170,415.00,63.448982,1892.31,0.000002,2080.00
88.500,1363.07,-77.61,0.023567,415.00,45.068993,1866.35,0.000002,2075.00
88.550,1414.25,-77.53,0.020085,415.00,46.020176,1955.65,0.000003,2090.00
88.600,1549.76,-77.81,0.018028,830.00,35.545044,2085.65,0.000004,2900.00
88.650,1645.85,-78.00,0.017237,830.00,24.586714,2085.34,0.000003,2905.00
88.700,1623.09,-78.00,0.019450,830.00,28.371954,2037.07,0.000002,2905.00
88.750,1589.72,-77.89,0.022506,830.00,30.305681,1990.55,0.000002,2905.00
88.800,1637.77,-77.44,0.023059,830.00,31.497971,2000.50,0.000002,2905.00
88.850,1748.88,-76.35,0.020856,830.00,47.614029,2044.80,0.000006,2960.00
88.900,1671.48,-76.18,0.020645,415.00,68.750595,2033.95,0.000007,2920.00
88.950,1638.52,-77.01,0.019879,415.00,56.148766,2095.85,0.000005,2915.00
89.000,1716.36,-77.17,0.019026,415.00,38.865322,2186.05,0.000005,2965.00
89.050,1622.04,-76.91,0.020785,415.00,40.809284,2044.77,0.000005,2620.00
89.100,1564.11,-77.17,0.021864,415.00,36.190022,1969.65,0.000003,2480.00
89.150,1511.29,-77.63,0.019434,415.00,29.943472,1891.42,0.000003,2220.00
89.200,1452.52,-77.76,0.016538,415.00,38.321091,1847.14,0.000004,2095.00
89.250,1434.60,-77.77,0.013889,1850.00,39.677128,1826.35,0.000004,2080.00
89.300,1283.26,-77.57,0.015009,830.00,42.276089,1686.06,0.000003,2070.00
89.350,1121.84,-77.52,0.018794,140.00,51.608139,1584.30,0.000002,1860.00
89.400,1066.55,-77.64,0.021129,140.00,40.237370,1597.85,0.000002,1850.00
89.450,1072.24,-77.50,0.023862,140.00,33.189072,1629.96,0.000002,1945.00
89.500,1047.93,-77.11,0.029559,140.00,57.871189,1632.08,0.000002,1885.00
89.550,980.60,-77.20,0.035726,140.00,51.776928,1618.40,0.000001,1845.00
89.600,957.02,-77.38,0.040002,140.00,39.118912,1583.51,0.000001,1850.00
89.650,961.40,-77.35,0.043589,140.00,33.644566,1589.17,0.000001,1865.00
89.700,972.06,-77.22,0.046129,140.00,43.513550,1612.62,0.000001,1995.00
89.750,1146.03,-76.71,0.041764,140.00,74.589806,1788.36,0.000001,2080.00
89.800,1321.23,-76.32,0.034462,830.00,104.856651,1958.22,0.000003,2270.00
89.850,1357.68,-75.80,0.037366,830.00,95.428482,2073.69,0.000004,2500.00
89.900,1204.02,-76.03,0.044940,140.00,113.165741,2001.69,0.000003,2080.00
89.950,1268.29,-76.02,0.049465,415.00,113.968437,2013.83,0.000002,2085.00
90.000,1407.36,-75.73,0.052572,105.00,120.138130,2087.22,0.000002,2490.00
90.050,1509.58,-75.79,0.048660,105.00,92.902122,2191.07,0.000002,2505.00
90.100,1760.93,-75.44,0.041442,105.00,126.712173,2363.79,0.000003,2930.00
90.150,1645.74,-75.41,0.046715,410.00,146.684906,2318.78,0.000003,2900.00
90.200,1687.67,-74.97,0.054699,415.00,120.802032,2294.38,0.000003,2925.00
90.250,1687.56,-75.11,0.050237,415.00,142.436111,2205.72,0.000003,2920.00
90.300,1828.59,-74.98,0.039407,140.00,145.371613,2313.64,0.000006,3270.00
90.350,1807.27,-75.34,0.039495,415.00,153.707764,2360.98,0.000005,3315.00
90.400,1836.44,-75.42,0.045708,415.00,112.884155,2352.11,0.000004,3325.00
90.450,1809.35,-75.31,0.046652,830.00,123.288162,2283.88,0.000006,3035.00
90.500,1888.69,-75.57,0.036327,835.00,128.143265,2334.99,0.000008,3015.00
90.550,2024.45,-75.91,0.030148,415.00,126.429382,2431.79,0.000010,3340.00
90.600,1868.52,-76.09,0.038846,415.00,111.589455,2363.79,0.000004,3300.00
90.650,1803.76,-75.67,0.044209,415.00,98.943794,2326.84,0.000005,2930.00
90.700,1764.99,-75.74,0.040159,835.00,126.460281,2297.38,0.000005,2920.00
90.750,1822.65,-75.66,0.037687,175.00,142.869049,2392.96,0.000006,2925.00
90.800,1602.49,-76.18,0.042661,415.00,93.482292,2252.04,0.000003,2895.00
90.850,1642.28,-76.05,0.043231,415.00,73.008461,2232.22,0.000003,2910.00
90.900,1582.61,-76.28,0.041134,175.00,111.775757,2145.30,0.000003,2900.00
90.950,1594.86,-75.92,0.038016,175.00,84.701561,2116.89,0.000003,2895.00
91.000,1423.69,-76.19,0.036582,175.00,81.705475,1931.15,0.000003,2495.00
91.050,1430.14,-76.53,0.035278,175.00,52.025360,1958.85,0.000003,2495.00
91.100,1334.55,-76.60,0.033242,170.00,78.864868,1893.27,0.000003,2240.00
91.150,1134.85,-76.44,0.042061,175.00,119.375465,1748.25,0.000002,2085.00
91.200,941.78,-76.81,0.052299,175.00,127.766563,1537.37,0.000001,1690.00
91.250,964.09,-77.03,0.049510,175.00,90.717354,1574.48,0.000001,1865.00
91.300,1007.59,-77.26,0.045138,175.00,72.232178,1598.76,0.000001,2050.00
91.350,1013.06,-77.33,0.042766,175.00,50.073963,1595.24,0.000001,1870.00
91.400,967.47,-77.31,0.040447,205.00,61.076767,1536.54,0.000001,1650.00
91.450,955.08,-77.34,0.041871,205.00,74.511002,1484.26,0.000001,1650.00
91.500,940.52,-77.61,0.045318,205.00,53.996361,1415.57,0.000000,1660.00
91.550,937.47,-77.59,0.047995,210.00,40.808235,1382.06,0.000000,1660.00
91.600,942.59,-77.30,0.051903,210.00,52.375370,1366.01,0.000000,1660.00
91.650,955.22,-77.28,0.051016,625.00,45.079681,1351.31,0.000000,1665.00
91.700,1027.54,-77.66,0.038806,625.00,100.146126,1402.34,0.000001,1865.00
91.750,1122.66,-77.76,0.028976,625.00,97.673531,1502.88,0.000001,1870.00
91.800,1145.86,-77.80,0.026553,625.00,41.240299,1556.93,0.000001,1870.00
91.850,1095.54,-77.49,0.026408,465.00,55.329323,1569.46,0.000001,1860.00
91.900,1152.10,-77.40,0.026585,465.00,48.132622,1629.36,0.000001,1865.00
91.950,1225.57,-77.82,0.027958,465.00,59.701588,1725.46,0.000001,1870.00
92.000,1279.89,-77.87,0.027370,465.00,27.987570,1785.10,0.000001,1955.00
92.050,1410.03,-77.39,0.022353,465.00,51.236702,1873.43,0.000003,2275.00
92.100,1392.31,-77.09,0.021573,415.00,65.767220,1880.42,0.000003,2085.00
92.150,1320.38,-77.41,0.023859,415.00,63.176109,1829.89,0.000002,2075.00
92.200,1356.99,-77.67,0.021848,415.00,34.428421,1893.29,0.000002,2080.00
92.250,1425.36,-77.87,0.019790,830.00,35.242290,2011.05,0.000003,2335.00
92.300,1563.20,-77.91,0.018733,830.00,28.517385,2115.95,0.000003,2905.00
92.350,1587.91,-77.78,0.018116,830.00,29.047853,2057.06,0.000003,2905.00
92.400,1587.60,-77.80,0.020143,830.00,27.794729,2012.75,0.000003,2905.00
92.450,1606.48,-77.86,0.022428,830.00,34.073956,1996.87,0.000002,2905.00
92.500,1687.66,-77.20,0.022861,830.00,37.208805,2023.32,0.000003,2910.00
92.550,1632.66,-76.06,0.023529,410.00,62.457085,1982.25,0.000005,2910.00
92.600,1528.47,-76.52,0.023895,415.00,61.860352,1959.83,0.000004,2500.00
92.650,1582.39,-77.12,0.021067,415.00,46.855648,2078.15,0.000004,2750.00
92.700,1542.83,-77.44,0.021508,415.00,34.765720,2056.04,0.000004,2500.00
92.750,1461.61,-76.67,0.023925,415.00,56.639488,1898.98,0.000004,2225.00
92.800,1406.27,-76.82,0.022882,415.00,26.931053,1811.75,0.000003,2205.00
92.850,1374.05,-77.73,0.020810,415.00,51.974041,1835.32,0.000002,2080.00
92.900,1319.90,-77.91,0.018901,415.00,26.467855,1814.09,0.000002,2025.00
92.950,1309.95,-77.70,0.017644,740.00,38.934837,1756.32,0.000003,1970.00
93.000,1260.46,-77.54,0.019014,740.00,54.235218,1738.47,0.000003,1965.00
93.050,1212.01,-77.59,0.020841,495.00,54.903580,1750.75,0.000003,1975.00
93.100,1110.87,-77.49,0.023619,495.00,47.078423,1704.21,0.000002,1970.00
93.150,1038.16,-77.19,0.025718,495.00,53.532238,1683.03,0.000002,1850.00
93.200,1028.29,-77.24,0.030369,495.00,52.483925,1688.31,0.000002,1785.00
93.250,1079.71,-77.53,0.032643,495.00,39.748226,1722.41,0.000001,1855.00
93.300,1091.69,-77.53,0.034213,495.00,21.012352,1731.87,0.000001,1970.00
93.350,1102.65,-77.57,0.036581,495.00,26.880604,1744.92,0.000001,1975.00
93.400,1135.40,-77.30,0.040591,495.00,37.762268,1799.35,0.000001,1980.00
93.450,1186.82,-77.04,0.045344,495.00,38.933807,1875.64,0.000001,1980.00
93.500,1144.93,-76.40,0.048701,495.00,55.177731,1852.58,0.000002,1975.00
93.550,1092.21,-76.16,0.052457,495.00,67.999657,1803.07,0.000002,1970.00
93.600,1166.06,-76.36,0.056755,495.00,82.374542,1913.63,0.000002,1975.00
93.650,1251.28,-76.33,0.060596,495.00,46.098629,2072.47,0.000002,2125.00
93.700,1245.98,-76.28,0.061062,495.00,38.762749,2106.29,0.000002,2130.00
93.750,1254.33,-76.20,0.059240,495.00,39.224895,2082.04,0.000002,2130.00
93.800,1311.74,-75.65,0.060068,185.00,105.415161,2026.42,0.000002,1990.00
93.850,1307.08,-75.06,0.059301,275.00,118.702065,1962.90,0.000003,1980.00
93.900,1450.14,-74.93,0.051197,495.00,167.698044,2091.95,0.000004,2465.00
93.950,1494.08,-75.38,0.051705,495.00,134.401505,2178.16,0.000003,2605.00
94.000,1528.21,-75.46,0.054782,495.00,135.993317,2204.70,0.000003,2480.00
94.050,1598.96,-75.56,0.049587,490.00,127.491096,2244.77,0.000003,2465.00
94.100,1706.65,-75.26,0.042543,495.00,130.711823,2315.18,0.000004,2980.00
94.150,1705.15,-75.68,0.041351,495.00,105.426643,2323.60,0.000005,2980.00
94.200,1848.11,-76.01,0.040954,495.00,117.540428,2402.73,0.000005,3265.00
94.250,1861.22,-76.11,0.039369,490.00,97.147530,2341.50,0.000006,2980.00
94.300,1847.80,-75.73,0.038138,495.00,129.414490,2317.55,0.000007,2995.00
94.350,1847.25,-76.02,0.037387,495.00,90.392090,2351.22,0.000007,3005.00
94.400,1852.64,-76.31,0.035110,495.00,120.859505,2364.97,0.000006,2980.00
94.450,1796.28,-76.30,0.037232,490.00,67.659134,2297.00,0.000005,2940.00
94.500,1909.46,-76.17,0.037517,495.00,125.223389,2375.92,0.000006,3005.00
94.550,1996.54,-76.24,0.031412,495.00,78.054474,2415.06,0.000007,3480.00
94.600,1955.16,-76.52,0.027536,490.00,115.085411,2380.74,0.000006,3435.00
94.650,1919.69,-76.80,0.030402,490.00,46.228405,2335.01,0.000004,3260.00
94.700,1928.59,-76.67,0.030771,495.00,95.144829,2368.27,0.000004,3465.00
94.750,1984.56,-76.88,0.025614,495.00,66.526817,2423.84,0.000006,3485.00
94.800,1631.78,-76.91,0.025730,490.00,101.881569,2188.71,0.000005,2960.00
94.850,1505.64,-76.85,0.028015,490.00,67.334930,2101.93,0.000005,2470.00
94.900,1529.77,-76.79,0.032163,165.00,99.110710,2117.82,0.000004,2790.00
94.950,1423.94,-76.98,0.030429,165.00,34.926136,2028.63,0.000003,2485.00
95.000,1392.41,-77.26,0.024063,495.00,95.063011,1938.28,0.000003,2455.00
95.050,1471.09,-77.42,0.019647,490.00,57.156628,1996.97,0.000004,2470.00
95.100,1293.18,-77.81,0.017010,495.00,54.709335,1913.41,0.000003,2140.00
95.150,1107.17,-78.45,0.013872,495.00,41.626823,1711.64,0.000002,1980.00
95.200,995.31,-78.66,0.012679,495.00,35.782387,1411.77,0.000001,1965.00
95.250,865.59,-78.61,0.012844,495.00,29.927792,1171.07,0.000000,1810.00
95.300,875.58,-78.66,0.010917,495.00,27.963787,1110.36,0.000000,1960.00
95.350,906.24,-78.90,0.008996,495.00,27.416172,1143.24,0.000001,1965.00
95.400,845.81,-78.92,0.009159,495.00,17.346981,1112.47,0.000001,1855.00
95.450,860.30,-78.82,0.008042,495.00,19.842915,1097.27,0.000001,1960.00
95.500,885.55,-78.88,0.005917,495.00,21.799288,1149.50,0.000002,1965.00
95.550,896.03,-79.08,0.004452,165.00,17.835379,1258.33,0.000003,1965.00
95.600,848.32,-79.11,0.004681,165.00,13.020012,1233.08,0.000002,1840.00
95.650,767.37,-79.01,0.005033,495.00,11.472266,1140.02,0.000002,1495.00
95.700,984.62,-78.99,0.004610,170.00,14.602968,1541.82,0.000008,1960.00
95.750,1360.90,-78.74,0.005602,165.00,18.693434,1964.76,0.000012,2220.00
95.800,1593.01,-78.53,0.007320,1110.00,22.505060,2118.35,0.000009,2230.00
95.850,1606.28,-78.47,0.011367,555.00,39.304935,2045.28,0.000004,2225.00
95.900,1456.61,-78.56,0.018366,555.00,50.700989,1857.36,0.000001,2220.00
95.950,1388.36,-78.50,0.022802,555.00,33.310314,1751.29,0.000001,2220.00
96.000,1427.79,-78.47,0.023649,555.00,16.478470,1766.51,0.000001,2220.00
96.050,1485.15,-78.34,0.023961,555.00,22.686363,1822.83,0.000001,2220.00
96.100,1589.42,-78.33,0.025408,555.00,22.203247,1898.22,0.000001,2225.00
96.150,1637.33,-77.93,0.026209,555.00,24.067524,1926.85,0.000001,2225.00
96.200,1584.37,-76.95,0.023397,560.00,71.203354,1898.64,0.000003,2230.00
96.250,1502.42,-76.97,0.022573,620.00,82.081917,1945.07,0.000003,2420.00
96.300,1509.27,-77.60,0.023774,620.00,54.273682,2023.33,0.000002,2485.00
96.350,1517.78,-77.46,0.023772,625.00,41.101505,2018.88,0.000002,2485.00
96.400,1514.23,-77.67,0.027134,625.00,36.493225,1998.32,0.000002,2490.00
96.450,1557.19,-77.78,0.033062,625.00,50.392670,2003.72,0.000001,2495.00
96.500,1606.73,-77.74,0.039101,625.00,48.428219,2007.48,0.000001,2495.00
96.550,1585.19,-78.03,0.046006,625.00,54.121429,2012.19,0.000001,2490.00
96.600,1573.44,-77.79,0.048400,625.00,31.318701,2026.77,0.000001,2490.00
96.650,1638.25,-76.94,0.037453,625.00,87.646027,2028.78,0.000002,2490.00
96.700,1500.93,-76.51,0.030548,625.00,108.545235,1865.67,0.000003,2280.00
96.750,1387.24,-76.88,0.031871,550.00,82.697166,1809.54,0.000002,2220.00
96.800,1327.67,-76.97,0.038382,555.00,87.998306,1786.94,0.000001,2220.00
96.850,1231.09,-77.06,0.043181,555.00,59.879154,1727.23,0.000001,2215.00
96.900,1145.35,-77.17,0.043180,555.00,70.418488,1698.13,0.000001,2215.00
96.950,1029.26,-77.42,0.043832,140.00,68.229408,1626.53,0.000001,1770.00
97.000,987.06,-77.42,0.045522,140.00,40.791718,1561.50,0.000001,1665.00
97.050,962.46,-77.22,0.048927,140.00,74.787743,1565.63,0.000001,1665.00
97.100,893.59,-76.71,0.055098,140.00,103.150963,1520.08,0.000001,1615.00
97.150,853.41,-75.92,0.060863,555.00,223.024048,1476.81,0.000001,1550.00
97.200,892.23,-75.82,0.078486,85.00,300.521820,1498.58,0.000001,1650.00
97.250,845.38,-76.04,0.090102,85.00,158.314850,1467.38,0.000000,1645.00
97.300,895.13,-75.28,0.091078,90.00,191.439056,1483.47,0.000001,1655.00
97.350,899.35,-75.45,0.094081,85.00,148.150513,1534.22,0.000001,1665.00
97.400,1005.42,-75.97,0.091510,85.00,153.912704,1655.69,0.000001,1675.00
97.450,999.08,-76.24,0.088008,85.00,156.270386,1610.84,0.000000,1665.00
97.500,1068.59,-76.02,0.092618,85.00,124.762543,1650.71,0.000001,1690.00
97.550,1069.45,-76.16,0.083661,85.00,165.963669,1720.30,0.000001,1745.00
97.600,1309.50,-75.74,0.068739,90.00,151.718903,1921.09,0.000001,2220.00
97.650,1384.06,-75.72,0.063119,550.00,220.411575,1894.98,0.000001,2210.00
97.700,1313.87,-75.68,0.066496,550.00,107.190750,1801.11,0.000001,2210.00
97.750,1211.77,-75.65,0.074229,90.00,204.310715,1758.82,0.000001,2215.00
97.800,1278.76,-75.48,0.072626,90.00,108.126076,1920.63,0.000001,2230.00
97.850,1204.80,-75.83,0.077028,90.00,178.749710,1824.59,0.000001,2205.00
97.900,1139.91,-75.95,0.076894,90.00,110.932106,1726.95,0.000001,2195.00
97.950,1164.55,-75.67,0.068249,85.00,165.602341,1733.55,0.000001,2200.00
98.000,1264.36,-75.78,0.053227,90.00,150.236801,1950.83,0.000002,2225.00
98.050,1224.39,-76.29,0.052429,555.00,163.950134,1895.26,0.000002,2205.00
98.100,1216.21,-76.54,0.049712,550.00,104.401611,1822.78,0.000001,2190.00
98.150,1301.84,-76.71,0.042563,1105.00,97.516083,1856.46,0.000001,2220.00
98.200,1324.30,-76.82,0.033495,90.00,106.480995,1928.38,0.000002,2230.00
98.250,1320.02,-76.71,0.033576,550.00,107.634003,1862.06,0.000002,2220.00
98.300,1247.36,-76.89,0.036842,550.00,83.515221,1719.61,0.000001,2200.00
98.350,1265.23,-77.28,0.033407,175.00,76.100426,1766.62,0.000001,2220.00
98.400,1271.30,-77.46,0.026157,175.00,85.744652,1867.06,0.000002,2220.00
98.450,1222.35,-77.55,0.027785,1105.00,69.354889,1765.99,0.000002,2200.00
98.500,1242.58,-77.35,0.030266,555.00,73.740425,1705.70,0.000002,2190.00
98.550,1171.15,-77.10,0.027755,175.00,86.280426,1710.85,0.000002,2015.00
98.600,1216.12,-77.21,0.027363,175.00,90.600548,1800.45,0.000002,2205.00
98.650,1258.38,-77.37,0.027049,175.00,47.230839,1757.18,0.000002,2210.00
98.700,1287.27,-77.41,0.026613,175.00,45.653912,1746.62,0.000002,2215.00
98.750,1184.47,-77.46,0.028381,175.00,47.336983,1754.56,0.000001,2205.00
98.800,1121.79,-77.42,0.030498,175.00,48.335369,1718.29,0.000001,2080.00
98.850,1131.65,-77.24,0.030666,175.00,39.654774,1585.34,0.000001,2070.00
98.900,1083.67,-77.38,0.028259,175.00,44.151264,1504.36,0.000001,1930.00
98.950,892.08,-77.25,0.031274,170.00,88.399757,1346.74,0.000001,1655.00
99.000,732.91,-77.21,0.045254,175.00,132.452530,1172.16,0.000000,1215.00
99.050,719.46,-77.50,0.049389,175.00,95.381981,1140.85,0.000000,1115.00
99.100,770.08,-77.66,0.046183,175.00,75.136475,1250.82,0.000000,1225.00
99.150,786.64,-77.47,0.040108,175.00,68.424553,1248.40,0.000000,1245.00
99.200,770.74,-77.59,0.028008,210.00,96.532784,1166.02,0.000001,1250.00
99.250,767.81,-78.14,0.019546,205.00,85.999756,1080.60,0.000001,1245.00
99.300,742.40,-78.35,0.016658,175.00,48.219589,1028.76,0.000000,1115.00
99.350,739.18,-78.07,0.017005,175.00,43.910603,1071.86,0.000001,1110.00
99.400,909.37,-77.92,0.018179,175.00,40.843239,1387.78,0.000001,1460.00
99.450,1058.67,-78.07,0.019307,175.00,36.200600,1628.14,0.000001,2065.00
99.500,1143.75,-78.03,0.019475,415.00,34.039284,1789.09,0.000002,2075.00
99.550,1201.03,-77.92,0.019448,415.00,47.146442,1825.48,0.000002,2075.00
99.600,1260.97,-77.80,0.021353,415.00,29.223061,1879.89,0.000002,2080.00
99.650,1318.95,-77.80,0.021771,415.00,29.481682,1923.90,0.000002,2245.00
99.700,1428.81,-77.97,0.020613,830.00,35.369637,1985.51,0.000002,2760.00
99.750,1414.13,-78.12,0.020878,830.00,21.858063,1973.29,0.000002,2495.00
99.800,1419.64,-77.73,0.022508,830.00,31.604683,1934.12,0.000002,2490.00
99.850,1492.20,-76.94,0.022186,830.00,37.924866,1903.93,0.000004,2490.00
99.900,1437.70,-76.79,0.023291,830.00,57.141838,1864.35,0.000003,2300.00
99.950,1246.14,-77.23,0.028513,415.00,82.083084,1749.26,0.000002,2075.00
100.000,1090.77,-77.22,0.033814,465.00,82.031929,1582.46,0.000001,1865.00
100.050,1102.66,-77.37,0.037576,465.00,63.797081,1602.69,0.000001,1860.00
100.100,1199.36,-77.72,0.037928,465.00,52.434235,1710.69,0.000001,1865.00
100.150,1204.59,-77.63,0.033386,465.00,43.460705,1722.67,0.000001,1870.00
100.200,1206.20,-77.36,0.027258,465.00,77.484856,1743.32,0.000002,2000.00
100.250,1369.17,-77.54,0.024366,465.00,47.250801,1857.42,0.000002,2230.00
100.300,1396.27,-77.43,0.024340,465.00,49.024712,1859.03,0.000002,2265.00
100.350,1301.33,-77.05,0.022307,465.00,54.610500,1781.97,0.000003,2025.00
100.400,1291.37,-77.01,0.020230,465.00,53.333683,1848.21,0.000003,2080.00
100.450,1217.24,-77.44,0.019800,185.00,44.712513,1851.22,0.000003,1870.00
100.500,1169.80,-77.46,0.020213,185.00,46.312836,1806.52,0.000003,1865.00
100.550,1154.93,-77.50,0.022127,185.00,25.913197,1785.46,0.000003,1855.00
100.600,1132.01,-77.72,0.023135,185.00,27.480621,1746.72,0.000002,1855.00
100.650,1041.34,-77.83,0.024763,185.00,23.075724,1613.15,0.000001,1850.00
100.700,984.95,-77.87,0.027543,185.00,35.883369,1563.54,0.000001,1845.00
100.750,982.21,-77.53,0.028913,185.00,43.684711,1550.82,0.000001,1845.00
100.800,960.65,-77.09,0.028789,180.00,64.435234,1480.47,0.000001,1845.00
100.850,878.47,-76.81,0.032193,180.00,102.883797,1371.56,0.000001,1710.00
100.900,835.23,-76.60,0.037710,230.00,125.109451,1258.88,0.000001,1550.00
100.950,760.42,-76.97,0.042837,230.00,95.845612,1171.65,0.000001,1470.00
101.000,691.67,-77.35,0.046603,235.00,71.004814,1108.66,0.000000,1115.00
101.050,652.58,-77.50,0.045757,235.00,84.786003,1046.59,0.000000,1090.00
101.100,618.36,-77.90,0.043657,350.00,75.396439,1031.45,0.000000,830.00
101.150,585.80,-78.08,0.043487,350.00,49.323212,991.24,0.000000,755.00
101.200,583.76,-78.00,0.043605,350.00,80.238144,981.81,0.000000,830.00
101.250,594.80,-77.64,0.045224,350.00,83.749863,996.02,0.000000,860.00
101.300,524.47,-77.40,0.060753,140.00,206.599167,930.81,0.000000,705.00
101.350,518.65,-77.59,0.072625,140.00,177.624512,954.52,0.000000,710.00
101.400,556.42,-77.56,0.068891,140.00,104.499359,1020.93,0.000000,835.00
101.450,571.69,-77.70,0.058404,140.00,107.699829,1062.43,0.000000,835.00
101.500,583.49,-77.95,0.046633,280.00,153.933029,1096.83,0.000000,830.00
101.550,606.55,-78.09,0.043622,280.00,73.524010,1122.56,0.000000,835.00
101.600,578.76,-78.15,0.049494,280.00,102.970573,1086.20,0.000000,830.00
101.650,573.89,-78.05,0.054032,140.00,70.091141,1071.75,0.000000,835.00
101.700,613.02,-77.78,0.051438,140.00,65.122787,1131.44,0.000000,965.00
101.750,736.90,-77.37,0.041449,280.00,112.291328,1295.76,0.000001,1320.00
101.800,800.45,-77.32,0.037729,185.00,120.659752,1361.34,0.000001,1395.00
101.850,713.67,-76.98,0.045203,185.00,113.808754,1260.85,0.000001,1155.00
101.900,692.08,-77.08,0.051923,185.00,85.221581,1251.91,0.000000,1110.00
101.950,703.16,-77.59,0.055123,185.00,84.571579,1264.55,0.000000,1110.00
102.000,689.60,-77.70,0.055440,185.00,46.623455,1223.86,0.000000,1115.00
102.050,711.75,-77.70,0.049098,185.00,81.480354,1247.18,0.000000,1165.00
102.100,761.58,-77.78,0.037154,235.00,116.657097,1294.16,0.000001,1335.00
102.150,865.10,-77.49,0.032193,235.00,101.784851,1374.52,0.000001,1400.00
102.200,963.57,-77.15,0.031991,235.00,46.761742,1473.77,0.000001,1575.00
102.250,935.96,-77.53,0.030913,235.00,71.107841,1542.28,0.000001,1480.00
102.300,884.46,-77.87,0.031352,280.00,75.104897,1515.35,0.000001,1400.00
102.350,931.73,-77.85,0.032236,280.00,68.302124,1575.18,0.000001,1630.00
102.400,979.10,-77.73,0.034651,280.00,62.186115,1586.15,0.000001,1670.00
102.450,906.66,-77.83,0.036638,280.00,41.299549,1444.99,0.000001,1515.00
102.500,860.38,-78.11,0.039236,280.00,46.399994,1370.95,0.000000,1540.00
102.550,866.54,-78.07,0.042774,280.00,40.879383,1380.20,0.000000,1670.00
102.600,891.81,-77.94,0.040576,280.00,37.453075,1392.48,0.000000,1770.00
102.650,974.13,-77.53,0.032304,280.00,66.061806,1440.14,0.000001,1930.00
102.700,998.72,-77.54,0.028271,280.00,44.367912,1541.63,0.000001,1850.00
102.750,1007.94,-77.66,0.028025,280.00,45.806511,1647.94,0.000001,1850.00
102.800,1021.20,-77.88,0.029101,280.00,35.153816,1700.38,0.000001,1850.00
102.850,1094.95,-78.07,0.026744,275.00,41.066250,1785.68,0.000001,1870.00
102.900,1120.43,-78.07,0.024064,275.00,32.444283,1769.56,0.000001,1875.00
102.950,1198.09,-78.21,0.020323,275.00,39.320114,1800.23,0.000002,1880.00
103.000,1261.24,-78.20,0.017957,275.00,42.692493,1804.19,0.000002,1870.00
103.050,1246.91,-77.58,0.017630,1850.00,48.791969,1718.98,0.000003,1855.00
103.100,1272.74,-77.22,0.019718,465.00,59.754448,1704.55,0.000003,1870.00
103.150,1366.59,-77.41,0.021687,465.00,63.163029,1824.51,0.000003,2090.00
103.200,1423.28,-77.61,0.023545,465.00,51.988811,1962.49,0.000003,2305.00
103.250,1430.61,-77.70,0.026435,470.00,51.498917,1938.87,0.000002,2010.00
103.300,1418.04,-77.72,0.026888,470.00,35.460430,1942.64,0.000002,1980.00
103.350,1411.83,-77.69,0.026584,465.00,45.754177,1895.16,0.000002,2010.00
103.400,1454.32,-77.70,0.025149,465.00,48.702667,1889.36,0.000002,2120.00
103.450,1530.93,-77.83,0.022695,465.00,40.710976,1934.58,0.000002,2330.00
103.500,1503.50,-77.96,0.022106,465.00,34.350082,1970.86,0.000002,2330.00
103.550,1281.81,-78.31,0.019590,465.00,37.750324,1816.84,0.000001,1880.00
103.600,1045.25,-78.47,0.019840,465.00,35.543701,1549.84,0.000001,1850.00
103.650,1054.73,-77.90,0.037244,470.00,147.691956,1575.96,0.000001,1870.00
103.700,1122.23,-77.20,0.056432,475.00,206.441772,1646.99,0.000001,1890.00
103.750,1113.57,-77.16,0.059848,480.00,123.817955,1589.21,0.000000,1890.00
103.800,1136.02,-77.54,0.037595,480.00,188.542648,1430.69,0.000001,1905.00
103.850,1080.05,-77.69,0.023607,500.00,171.882629,1200.41,0.000001,1875.00
103.900,956.14,-77.68,0.021746,510.00,72.546776,986.06,0.000000,1550.00
103.950,980.01,-77.71,0.017543,480.00,65.935326,1059.46,0.000001,1670.00
104.000,1141.29,-77.24,0.015365,485.00,54.547466,1408.58,0.000003,1880.00
104.050,1306.91,-76.65,0.016959,485.00,53.155067,1673.68,0.000004,2150.00
104.100,1596.16,-76.50,0.016817,475.00,54.221439,1917.87,0.000005,2460.00
104.150,1631.40,-76.75,0.018139,475.00,66.191574,1919.69,0.000004,2370.00
104.200,1646.32,-77.09,0.018557,1480.00,64.521301,1937.93,0.000004,2235.00
104.250,1541.67,-77.37,0.019298,1480.00,63.622162,1908.76,0.000004,2225.00
104.300,1374.14,-77.64,0.012804,475.00,56.824795,1794.11,0.000005,2200.00
104.350,1254.13,-78.00,0.009018,475.00,41.634266,1714.73,0.000005,2040.00
104.400,1180.67,-78.26,0.009392,740.00,27.311535,1536.23,0.000003,1930.00
104.450,1050.18,-78.33,0.011002,740.00,22.796619,1280.76,0.000001,1645.00
104.500,927.21,-78.41,0.013681,470.00,44.802502,1122.20,0.000000,1490.00
104.550,904.09,-78.50,0.010830,475.00,34.197403,1058.91,0.000001,1490.00
104.600,923.32,-78.61,0.008114,465.00,27.209747,1019.05,0.000001,1495.00
104.650,883.15,-78.73,0.007425,475.00,16.674685,1020.65,0.000001,1480.00
104.700,901.05,-78.74,0.005269,475.00,24.550440,1077.55,0.000002,1495.00
104.750,852.85,-78.71,0.005964,465.00,15.787928,1053.90,0.000002,1485.00
104.800,816.64,-78.81,0.009414,480.00,30.503902,976.84,0.000001,1475.00
104.850,813.46,-78.92,0.008652,475.00,10.495104,994.94,0.000001,1475.00
104.900,840.83,-78.95,0.005227,465.00,31.779472,1095.02,0.000002,1480.00
104.950,777.87,-78.93,0.005688,470.00,15.178729,1072.65,0.000002,1465.00
105.000,769.47,-79.04,0.005404,465.00,16.162823,1084.32,0.000002,1460.00
105.050,749.76,-79.10,0.006315,475.00,14.517049,1039.72,0.000001,1415.00
105.100,752.81,-79.14,0.006179,470.00,15.348664,1058.46,0.000001,1425.00
105.150,733.08,-79.12,0.005456,465.00,16.436634,1070.82,0.000001,1400.00
105.200,750.07,-79.09,0.004584,465.00,11.225792,1089.19,0.000002,1420.00
105.250,808.77,-79.20,0.003420,465.00,11.825088,1227.23,0.000003,1475.00
105.300,823.49,-79.30,0.002813,465.00,8.469901,1301.33,0.000004,1475.00
105.350,793.12,-79.28,0.003343,465.00,9.859156,1261.32,0.000003,1455.00
105.400,794.06,-79.28,0.003881,465.00,7.876647,1228.87,0.000002,1440.00
105.450,813.82,-79.35,0.003370,470.00,7.493021,1310.73,0.000003,1455.00
105.500,827.82,-79.42,0.002416,465.00,11.822238,1407.69,0.000005,1410.00
105.550,742.69,-79.33,0.003342,475.00,9.696107,1263.31,0.000003,1080.00
105.600,751.63,-79.33,0.003343,475.00,7.046058,1278.23,0.000003,1125.00
105.650,769.29,-79.43,0.003320,470.00,12.334195,1324.17,0.000002,1335.00
105.700,756.31,-79.48,0.003663,470.00,5.641772,1332.49,0.000002,1110.00
105.750,800.23,-79.51,0.002644,465.00,10.765207,1424.19,0.000004,1400.00
105.800,806.55,-79.48,0.002267,465.00,4.462386,1445.44,0.000005,1410.00
105.850,776.61,-79.50,0.002234,465.00,4.827127,1484.96,0.000005,1115.00
105.900,774.81,-79.55,0.002653,480.00,8.209186,1476.01,0.000003,1060.00
105.950,818.81,-79.57,0.002417,465.00,7.156240,1513.33,0.000004,1115.00
106.000,842.16,-79.53,0.002275,465.00,7.952672,1548.92,0.000005,1400.00
106.050,805.13,-79.51,0.002166,465.00,4.192371,1510.06,0.000005,1105.00
106.100,803.72,-79.58,0.001786,465.00,6.064389,1597.44,0.000007,1095.00
106.150,748.52,-79.57,0.002104,465.00,5.534125,1492.43,0.000005,1025.00
106.200,786.12,-79.63,0.001844,465.00,6.233679,1609.75,0.000006,1030.00
106.250,782.70,-79.66,0.002241,470.00,6.067506,1600.63,0.000004,1000.00
106.300,808.30,-79.66,0.001968,470.00,5.288468,1678.17,0.000005,1030.00
106.350,841.69,-79.65,0.001592,465.00,4.715254,1771.05,0.000008,1075.00
106.400,868.51,-79.69,0.001332,465.00,2.965428,1859.03,0.000011,1400.00
106.450,851.46,-79.73,0.001275,465.00,2.726481,1902.15,0.000011,1060.00
106.500,825.07,-79.72,0.001247,465.00,2.327916,1889.98,0.000012,1005.00
106.550,864.95,-79.72,0.001275,465.00,3.431326,1909.05,0.000012,1045.00
106.600,905.14,-79.75,0.001631,470.00,4.836642,1966.95,0.000007,1040.00
106.650,904.23,-79.74,0.001311,475.00,3.978470,1990.64,0.000011,1030.00
106.700,915.40,-79.75,0.001000,475.00,3.338326,2060.49,0.000019,1035.00
106.750,963.88,-79.78,0.000975,465.00,2.050817,2162.06,0.000018,1060.00
106.800,986.15,-79.80,0.000886,465.00,2.479286,2255.84,0.000022,1075.00
106.850,950.18,-79.78,0.000923,465.00,2.616455,2195.95,0.000020,1060.00
106.900,943.78,-79.79,0.001119,465.00,2.497498,2176.20,0.000013,1015.00
106.950,972.28,-79.81,0.000972,465.00,2.147438,2230.93,0.000017,1010.00
107.000,969.71,-79.81,0.000887,465.00,2.663391,2251.34,0.000020,1065.00
107.050,1005.55,-79.83,0.000810,480.00,1.596399,2355.57,0.000024,1095.00
107.100,1087.79,-79.84,0.000654,465.00,2.024765,2478.67,0.000035,1155.00
107.150,1124.58,-79.84,0.000708,465.00,1.812357,2500.72,0.000030,1390.00
107.200,1085.71,-79.84,0.000917,470.00,1.988916,2425.35,0.000018,1105.00
107.250,1111.67,-79.86,0.000714,465.00,2.060261,2534.26,0.000029,1120.00
107.300,1115.64,-79.87,0.000701,465.00,1.802797,2589.98,0.000031,1035.00
107.350,1077.47,-79.85,0.000679,465.00,1.645013,2567.69,0.000033,1005.00
107.400,1155.25,-79.86,0.000541,465.00,1.898740,2693.75,0.000050,1105.00
107.450,1154.08,-79.88,0.000654,465.00,1.966338,2674.33,0.000033,1055.00
107.500,1132.70,-79.87,0.000670,465.00,1.356026,2653.26,0.000031,1035.00
107.550,1200.71,-79.90,0.000615,465.00,1.240053,2807.93,0.000036,1065.00
107.600,1157.96,-79.88,0.000561,465.00,1.872389,2788.62,0.000045,1035.00
107.650,1130.51,-79.87,0.000530,465.00,1.384973,2795.53,0.000050,995.00
107.700,1342.83,-79.91,0.000421,465.00,1.409293,3145.34,0.000077,1400.00
107.750,1209.85,-79.88,0.000545,465.00,1.822148,2893.19,0.000048,990.00
107.800,1317.57,-79.90,0.000522,470.00,0.981977,3015.41,0.000051,1125.00
107.850,1482.62,-79.91,0.000338,465.00,1.585114,3288.27,0.000117,1475.00
107.900,1612.64,-79.93,0.000281,465.00,0.770913,3470.60,0.000156,1500.00
107.950,1516.41,-79.92,0.000340,465.00,0.864278,3350.76,0.000109,1470.00
108.000,1698.24,-79.93,0.000297,465.00,0.753674,3604.21,0.000145,1605.00
108.050,1719.95,-79.94,0.000325,470.00,1.117761,3623.50,0.000113,1550.00
108.100,1665.32,-79.94,0.000354,465.00,0.845036,3555.79,0.000095,1485.00
108.150,1699.88,-79.94,0.000332,465.00,0.835114,3626.00,0.000113,1495.00
108.200,1696.30,-79.94,0.000254,465.00,1.020533,3654.23,0.000196,1505.00
108.250,1673.47,-79.93,0.000288,465.00,0.839463,3610.60,0.000151,1480.00
108.300,1721.05,-79.93,0.000272,465.00,0.684263,3661.84,0.000172,1505.00
108.350,1792.67,-79.95,0.000286,465.00,0.980933,3741.91,0.000148,1630.00
108.400,1975.36,-79.96,0.000294,470.00,0.610489,3932.19,0.000128,2270.00
108.450,2119.27,-79.96,0.000217,465.00,0.765675,4106.82,0.000247,3640.00
108.500,2138.65,-79.96,0.000218,465.00,0.521832,4118.14,0.000238,3785.00
108.550,2068.13,-79.95,0.000214,465.00,0.381405,4056.21,0.000247,3225.00
108.600,2206.38,-79.96,0.000178,465.00,0.494342,4186.48,0.000364,4455.00
108.650,2278.34,-79.96,0.000205,465.00,0.418265,4269.35,0.000260,5000.00
108.700,2075.26,-79.96,0.000262,465.00,0.579840,4087.25,0.000163,3570.00
108.750,2181.58,-79.96,0.000220,465.00,0.498933,4230.94,0.000236,4430.00
108.800,2197.57,-79.96,0.000195,465.00,0.475849,4276.37,0.000292,4690.00
108.850,2123.67,-79.96,0.000190,465.00,0.428516,4187.74,0.000308,4285.00
108.900,2257.85,-79.96,0.000171,465.00,0.363283,4292.99,0.000380,5330.00
108.950,2369.69,-79.97,0.000184,465.00,0.566156,4383.51,0.000316,6010.00
109.000,2456.24,-79.97,0.000185,470.00,0.369952,4468.62,0.000304,6385.00
109.050,2668.82,-79.98,0.000132,465.00,0.548991,4631.80,0.000607,7285.00
109.100,2990.53,-79.98,0.000115,465.00,0.390719,4857.52,0.000816,8695.00
109.150,2886.12,-79.98,0.000108,465.00,0.284428,4782.71,0.000890,8420.00
109.200,3091.00,-79.98,0.000097,465.00,0.187508,4916.22,0.001098,9025.00
109.250,3253.66,-79.98,0.000108,465.00,0.190224,4981.71,0.000852,9415.00
109.300,3219.57,-79.98,0.000122,465.00,0.223997,4954.51,0.000662,9260.00
109.350,3132.84,-79.98,0.000115,465.00,0.321813,4897.48,0.000727,9020.00
109.400,2895.18,-79.98,0.000104,465.00,0.352418,4732.18,0.000904,8185.00
109.450,2860.41,-79.98,0.000106,465.00,0.195035,4696.43,0.000855,8125.00
109.500,3320.33,-79.98,0.000090,465.00,0.273677,4972.44,0.001200,9445.00
109.550,3302.30,-79.98,0.000108,465.00,0.371249,5044.33,0.000856,9560.00
109.600,3705.34,-79.99,0.000091,465.00,0.203116,5214.37,0.001164,10445.00
109.650,3648.58,-79.99,0.000071,465.00,0.216596,5105.34,0.001900,10110.00
109.700,3562.52,-79.99,0.000067,465.00,0.166559,5056.19,0.002140,9775.00
109.750,3958.18,-79.99,0.000070,465.00,0.221517,5286.95,0.001876,10690.00
109.800,4002.39,-79.99,0.000063,465.00,0.190488,5284.88,0.002372,10755.00
109.850,3741.94,-79.99,0.000073,465.00,0.177159,5110.14,0.001745,10155.00
109.900,3615.67,-79.99,0.000089,465.00,0.159745,5121.96,0.001169,10105.00
109.950,3553.76,-79.99,0.000076,465.00,0.191357,5094.76,0.001623,9930.00
110.000,3412.57,-79.99,0.000070,465.00,0.161322,4948.95,0.001816,9425.00
110.050,3303.59,-79.99,0.000073,465.00,0.136292,4876.13,0.001621,9005.00
110.100,3542.33,-79.99,0.000067,465.00,0.133803,5021.56,0.001964,9660.00
110.150,3605.24,-79.99,0.000067,465.00,0.148397,5020.21,0.001903,9795.00
110.200,3862.89,-79.99,0.000061,465.00,0.159821,5083.19,0.002096,10055.00
110.250,4111.08,-79.99,0.000048,465.00,0.132488,5123.23,0.003235,10310.00
110.300,4258.31,-80.00,0.000041,465.00,0.106500,5218.46,0.004550,10690.00
110.350,4185.51,-80.00,0.000042,465.00,0.107909,5206.66,0.004274,10540.00
110.400,4298.88,-80.00,0.000037,465.00,0.089738,5180.86,0.004954,10550.00
110.450,4173.28,-80.00,0.000041,465.00,0.092174,5107.68,0.004004,10155.00
110.500,4205.66,-80.00,0.000045,470.00,0.094090,5105.11,0.003269,10270.00
110.550,3868.05,-80.00,0.000040,475.00,0.131524,4994.58,0.003834,9775.00
110.600,3959.96,-80.00,0.000037,465.00,0.103291,5035.41,0.004439,9850.00
110.650,4185.33,-80.00,0.000037,465.00,0.086427,5096.68,0.004738,10280.00
110.700,4238.62,-80.00,0.000033,465.00,0.100545,5118.32,0.006070,10355.00
110.750,4533.10,-80.00,0.000032,465.00,0.107846,5215.89,0.006800,10845.00
110.800,4599.58,-80.00,0.000033,465.00,0.061360,5197.27,0.006235,10900.00
110.850,4519.69,-80.00,0.000028,465.00,0.073460,5166.57,0.008484,10800.00
110.900,4617.48,-80.00,0.000023,465.00,0.060130,5168.10,0.011000,11005.00
110.950,4738.56,-80.00,0.000025,465.00,0.053740,5241.61,0.009897,11235.00
111.000,4807.57,-80.00,0.000021,465.00,0.052927,5211.83,0.012706,11180.00
111.050,4667.06,-80.00,0.000026,465.00,0.071910,5223.62,0.008306,11100.00
111.100,4742.75,-80.00,0.000033,465.00,0.060802,5299.24,0.006233,11290.00
111.150,4547.86,-80.00,0.000024,465.00,0.092115,5245.57,0.009604,10930.00
111.200,4114.42,-80.00,0.000023,465.00,0.043893,5086.63,0.008209,10205.00
111.250,3940.54,-80.00,0.000026,465.00,0.041245,4983.18,0.006377,9685.00
111.300,4032.64,-80.00,0.000024,465.00,0.041650,4978.66,0.007182,9870.00
111.350,4213.01,-80.00,0.000024,465.00,0.054158,5065.60,0.007786,10250.00
111.400,4311.48,-80.00,0.000023,465.00,0.035717,5125.07,0.007654,10505.00
111.450,4510.68,-80.00,0.000019,465.00,0.050145,5212.61,0.011910,10950.00
111.500,4653.89,-80.00,0.000016,465.00,0.035960,5211.98,0.016343,11085.00
111.550,4331.86,-80.00,0.000018,465.00,0.038514,5131.14,0.011728,10505.00
111.600,4129.38,-80.00,0.000017,465.00,0.054437,5051.44,0.010756,10145.00
111.650,4269.07,-80.00,0.000018,465.00,0.043281,5122.11,0.009770,10560.00
111.700,4242.99,-80.00,0.000014,470.00,0.048244,5128.79,0.012094,10530.00
111.750,4050.54,-80.00,0.000012,465.00,0.039009,5090.86,0.015170,10310.00
111.800,3890.34,-80.00,0.000013,465.00,0.027378,5008.60,0.013328,9820.00
111.850,4099.90,-80.00,0.000014,465.00,0.031898,5080.86,0.014155,10240.00
111.900,4334.88,-80.00,0.000013,465.00,0.031927,5163.73,0.017294,10635.00
111.950,4549.88,-80.00,0.000014,465.00,0.033274,5258.32,0.017380,11110.00
112.000,4699.30,-80.00,0.000013,465.00,0.029740,5301.62,0.019195,11395.00
112.050,4559.32,-80.00,0.000011,465.00,0.034037,5192.91,0.021378,11030.00
112.100,4348.45,-80.00,0.000011,465.00,0.027382,5112.58,0.020110,10625.00
112.150,4566.66,-80.00,0.000012,465.00,0.032263,5223.48,0.020186,11095.00
112.200,4392.24,-80.00,0.000010,465.00,0.038123,5162.96,0.024132,10835.00
112.250,4479.48,-80.00,0.000011,465.00,0.034009,5177.49,0.020897,10900.00
112.300,4522.54,-80.00,0.000012,465.00,0.029022,5166.36,0.019013,10955.00
112.350,4186.60,-80.00,0.000010,465.00,0.031841,5060.64,0.020472,10355.00
112.400,4121.32,-80.00,0.000006,465.00,0.035528,5167.00,0.023308,10450.00
112.450,4093.86,-80.00,0.000007,465.00,0.022358,5176.16,0.020525,10430.00
112.500,4076.35,-80.00,0.000008,465.00,0.017961,5115.47,0.018419,10320.00
112.550,4177.46,-80.00,0.000007,465.00,0.020157,5190.80,0.019495,10675.00
112.600,4161.60,-80.00,0.000007,465.00,0.017270,5245.57,0.020536,10730.00
112.650,4170.79,-80.00,0.000006,465.00,0.018830,5217.22,0.022362,10715.00
112.700,4214.82,-80.00,0.000007,465.00,0.018388,5194.49,0.024959,10750.00
112.750,4116.48,-80.00,0.000004,465.00,0.020718,5078.79,0.029166,10190.00
112.800,4251.17,-80.00,0.000002,465.00,0.017355,5176.07,0.038711,10995.00
112.850,4289.98,-80.00,0.000002,0.00,0.007707,5282.42,0.044367,11360.00
112.900,4506.66,-80.00,0.000001,0.00,0.006019,5358.49,0.069964,11735.00
112.950,6407.97,-80.00,0.000000,215.00,0.005311,5979.89,0.999999,14495.00
113.000,0.00,-80.00,0.000000,0.00,0.000175,0.00,0.999999,0.00
113.050,0.00,-80.00,0.000000,0.00,0.000000,0.00,0.999999,0.00
113.100,0.00,-80.00,0.000000,0.00,0.000000,0.00,0.999999,0.00
113.150,0.00,-80.00,0.000000,0.00,0.000000,0.00,0.999999,0.00

=== STATISTIKEN ===

Feature,Minimum,Maximum,Durchschnitt
Spektral Centroid (Hz),0.00,6407.97,1260.94
Power (dB),-80.00,-74.15,-77.45
Energy,0.00,0.14,0.03
Peak Frequenz (Hz),0.00,1850.00,375.62
Spectral Flux,0.00,300.52,69.36
Bandbreite (Hz),0.00,5979.89,1828.81
Spectral Flatness,0.00,1.00,0.00
Spectral Rolloff (Hz),0.00,14495.00,2259.38
