Zeit (s),Spektral Centroid (Hz),Power (dB),Energy,Peak Frequenz (Hz),Spectral Flux,Bandbreite (Hz),Spectral Flatness,Spectral Rolloff (Hz)
0.000,0.00,-80.00,0.000000,0.00,0.000000,0.00,0.999999,0.00
0.050,0.00,-80.00,0.000000,0.00,0.000000,0.00,0.999999,0.00
0.100,0.00,-80.00,0.000000,0.00,0.000000,0.00,0.999999,0.00
0.150,0.00,-80.00,0.000000,0.00,0.000000,0.00,0.999999,0.00
0.200,0.00,-80.00,0.000000,0.00,0.000000,0.00,0.999999,0.00
0.250,0.00,-80.00,0.000000,0.00,0.000000,0.00,0.999999,0.00
0.300,0.00,-80.00,0.000000,0.00,0.000000,0.00,0.999999,0.00
0.350,0.00,-80.00,0.000000,0.00,0.000000,0.00,0.999999,0.00
0.400,0.00,-80.00,0.000000,0.00,0.000000,0.00,0.999999,0.00
0.450,0.00,-80.00,0.000000,0.00,0.000000,0.00,0.999999,0.00
0.500,0.00,-80.00,0.000000,0.00,0.000000,0.00,0.999999,0.00
0.550,0.00,-80.00,0.000000,0.00,0.000000,0.00,0.999999,0.00
0.600,5012.25,-80.00,0.000003,330.00,0.019428,4393.28,0.064825,10495.00
0.650,2175.12,-75.65,0.014537,250.00,90.653618,3128.69,0.000052,5555.00
0.700,2271.57,-68.62,0.065507,250.00,325.860229,3112.69,0.000037,5235.00
0.750,2431.71,-66.17,0.092063,240.00,263.360474,3145.45,0.000038,5740.00
0.800,2135.65,-69.21,0.093863,230.00,417.867859,3000.95,0.000014,4765.00
0.850,2222.27,-72.70,0.072614,230.00,210.304428,3637.00,0.000007,6470.00
0.900,4621.19,-68.45,0.027450,230.00,314.359222,4747.00,0.000150,10565.00
0.950,4405.54,-62.91,0.050458,160.00,229.088058,4700.97,0.000256,10425.00
1.000,3379.00,-61.44,0.092311,60.00,354.506073,4268.52,0.000146,8970.00
1.050,2236.78,-64.20,0.106170,45.00,325.087219,3245.32,0.000059,5060.00
1.100,2126.29,-67.31,0.075096,40.00,364.045624,2834.28,0.000045,3680.00
1.150,3507.93,-64.85,0.052803,775.00,279.756348,4069.86,0.000140,8895.00
1.200,4530.12,-63.78,0.046949,775.00,165.138290,4561.43,0.000213,10335.00
1.250,4067.47,-65.84,0.034470,780.00,140.539230,4357.19,0.000216,9830.00
1.300,3638.74,-67.26,0.029356,785.00,106.980835,3983.19,0.000195,8420.00
1.350,3478.30,-65.98,0.034914,125.00,144.760727,3998.00,0.000214,8270.00
1.400,3402.47,-62.82,0.065034,130.00,249.092056,4060.74,0.000171,8335.00
1.450,3353.86,-64.43,0.060337,55.00,202.714050,3972.63,0.000116,7835.00
1.500,3474.61,-67.44,0.041207,50.00,249.543091,3933.74,0.000097,7595.00
1.550,4332.46,-67.04,0.028292,130.00,148.581833,4273.91,0.000219,9550.00
1.600,5734.85,-63.98,0.032308,130.00,109.618782,4664.80,0.000384,11345.00
1.650,5905.36,-63.81,0.031064,785.00,78.778320,4641.26,0.000419,11500.00
1.700,5434.72,-64.99,0.032828,130.00,91.857895,4632.47,0.000260,11280.00
1.750,5090.55,-65.68,0.033186,130.00,72.738472,4504.78,0.000212,10680.00
1.800,4444.60,-64.07,0.043337,130.00,188.294601,4560.46,0.000240,9990.00
1.850,4444.64,-62.82,0.062309,60.00,203.582672,4663.76,0.000173,10155.00
1.900,4266.79,-65.33,0.054805,50.00,225.391647,4452.89,0.000096,9675.00
1.950,3875.23,-67.33,0.040474,40.00,199.656906,4067.22,0.000097,8625.00
2.000,5649.96,-64.78,0.026932,130.00,154.957245,4637.02,0.000415,11310.00
2.050,7054.97,-61.78,0.029809,130.00,103.376732,4769.72,0.000793,12815.00
2.100,6049.40,-61.06,0.044348,135.00,175.010437,5078.70,0.000508,12435.00
2.150,3512.80,-62.59,0.086894,450.00,332.799866,4446.58,0.000113,9500.00
2.200,2382.10,-65.97,0.079924,470.00,188.315628,3478.10,0.000056,5995.00
2.250,2935.49,-63.52,0.078620,130.00,341.813934,3932.44,0.000111,7380.00
2.300,2712.69,-64.17,0.079190,130.00,252.226196,3789.35,0.000091,6950.00
2.350,2300.50,-68.01,0.057489,130.00,284.802887,3413.88,0.000053,5860.00
2.400,2832.45,-67.54,0.044398,315.00,218.784744,3732.96,0.000094,7025.00
2.450,4542.65,-64.10,0.037095,310.00,154.057465,4588.03,0.000318,10320.00
2.500,5194.01,-62.86,0.035260,130.00,118.672554,4705.54,0.000473,11045.00
2.550,5141.86,-64.51,0.031037,130.00,124.625793,4703.52,0.000353,11165.00
2.600,5267.67,-65.43,0.026501,130.00,77.334862,4649.14,0.000346,11175.00
2.650,4255.97,-65.94,0.030235,155.00,103.423836,4418.25,0.000251,9815.00
2.700,4125.53,-63.33,0.056383,140.00,223.874664,4553.36,0.000175,9840.00
2.750,3949.12,-64.59,0.060012,55.00,199.597656,4512.54,0.000102,9695.00
2.800,3263.82,-68.16,0.045714,45.00,219.904907,3892.22,0.000060,7390.00
2.850,3759.26,-68.01,0.029252,130.00,173.733612,3888.15,0.000148,7820.00
2.900,5470.54,-64.66,0.032895,130.00,157.948639,4507.87,0.000288,10890.00
2.950,5832.28,-64.67,0.030952,130.00,54.808983,4622.86,0.000318,11375.00
3.000,5178.21,-66.95,0.020225,130.00,99.616112,4358.70,0.000376,10635.00
3.050,4475.67,-67.83,0.022497,130.00,57.808079,4016.76,0.000239,9140.00
3.100,3382.00,-63.89,0.054840,130.00,266.502502,3824.24,0.000165,7350.00
3.150,2797.57,-61.84,0.109652,435.00,432.152618,3623.63,0.000089,6675.00
3.200,2221.76,-65.03,0.112230,430.00,333.479828,3211.71,0.000036,5505.00
3.250,2141.29,-65.96,0.088070,430.00,372.949036,3042.62,0.000048,5150.00
3.300,3336.89,-64.48,0.052251,425.00,307.622650,3986.23,0.000168,8005.00
3.350,5174.17,-62.67,0.035236,130.00,198.592514,4644.50,0.000499,10950.00
3.400,5210.21,-63.86,0.032322,130.00,105.287498,4701.49,0.000404,11155.00
3.450,4853.86,-64.74,0.035664,130.00,125.141975,4578.21,0.000256,10590.00
3.500,4340.91,-65.36,0.034748,130.00,91.611290,4429.50,0.000238,9925.00
3.550,3945.27,-63.31,0.055457,260.00,217.738861,4452.34,0.000194,9665.00
3.600,3734.07,-63.71,0.065132,60.00,234.207214,4392.81,0.000125,9500.00
3.650,2853.27,-66.95,0.059932,130.00,234.092545,3627.19,0.000059,6820.00
3.700,2977.52,-68.51,0.042192,130.00,198.187302,3579.80,0.000072,6835.00
3.750,5180.43,-65.37,0.030264,130.00,140.034561,4641.79,0.000306,10880.00
3.800,5812.54,-64.74,0.033758,130.00,81.247917,4757.29,0.000282,11485.00
3.850,4913.34,-66.96,0.032489,130.00,81.207390,4579.73,0.000153,10785.00
3.900,3948.65,-67.84,0.036775,130.00,65.867004,4108.95,0.000098,8910.00
3.950,3467.14,-66.01,0.045281,130.00,175.541946,4038.70,0.000127,8245.00
4.000,3224.56,-63.35,0.077573,130.00,279.180023,4023.63,0.000104,8065.00
4.050,2937.45,-65.73,0.065503,130.00,231.911118,3820.00,0.000068,7160.00
4.100,3129.50,-68.63,0.042194,130.00,250.957535,3873.59,0.000063,7330.00
4.150,4869.65,-63.35,0.043944,130.00,168.784485,4024.52,0.000243,9430.00
4.200,6238.76,-58.11,0.057991,130.00,229.411026,3699.57,0.000671,10240.00
4.250,5483.87,-58.26,0.068770,145.00,280.991333,4041.75,0.000465,9905.00
4.300,3602.54,-62.45,0.092922,285.00,350.842682,4182.06,0.000087,8790.00
4.350,2889.26,-64.61,0.088141,290.00,326.066986,3913.36,0.000059,7465.00
4.400,3096.59,-65.31,0.064128,130.00,301.708099,4030.24,0.000089,7935.00
4.450,3727.86,-63.21,0.066733,130.00,267.917908,4468.39,0.000154,9595.00
4.500,3565.64,-65.13,0.064628,55.00,240.771133,4389.67,0.000086,9400.00
4.550,2942.51,-68.08,0.051673,130.00,235.372223,3744.71,0.000053,7070.00
4.600,3711.86,-67.44,0.036019,130.00,171.671539,4091.79,0.000123,8280.00
4.650,5450.98,-64.30,0.029100,130.00,135.555786,4655.73,0.000418,11105.00
4.700,5010.25,-64.64,0.029913,130.00,81.677414,4657.95,0.000374,10955.00
4.750,3813.47,-66.87,0.029994,130.00,98.364731,4159.67,0.000208,9270.00
4.800,3416.06,-67.70,0.032656,130.00,81.506165,3820.24,0.000149,7540.00
4.850,3425.22,-64.21,0.052562,130.00,217.660431,4084.61,0.000183,8315.00
4.900,3311.75,-63.33,0.070832,135.00,205.347626,4080.64,0.000130,8190.00
4.950,3208.80,-66.90,0.049426,50.00,264.709839,3845.80,0.000081,7335.00
5.000,3593.37,-68.01,0.034176,45.00,188.255753,3930.72,0.000117,7595.00
5.050,5004.08,-65.33,0.026965,130.00,134.126907,4569.03,0.000403,10520.00
5.100,5750.14,-63.45,0.037668,785.00,130.524048,4723.35,0.000343,11565.00
5.150,5042.71,-64.59,0.040354,130.00,153.942230,4793.64,0.000218,11105.00
5.200,3522.97,-64.79,0.067484,110.00,266.426392,4443.46,0.000092,9385.00
5.250,2636.06,-64.71,0.094350,275.00,361.344055,3823.83,0.000055,6870.00
5.300,2928.65,-62.72,0.108545,560.00,355.016998,3992.26,0.000073,7890.00
5.350,2799.11,-63.49,0.090272,560.00,387.072662,3887.28,0.000086,7380.00
5.400,2525.88,-66.58,0.062877,45.00,309.904877,3406.07,0.000064,6340.00
5.450,2799.44,-68.02,0.047361,130.00,211.954529,3620.24,0.000069,6770.00
5.500,4652.41,-64.87,0.041104,130.00,154.089050,4674.73,0.000199,10530.00
5.550,4972.54,-64.71,0.037880,130.00,90.457787,4748.71,0.000235,10965.00
5.600,4079.85,-66.88,0.036584,130.00,112.227249,4378.20,0.000136,9780.00
5.650,2755.62,-67.59,0.067500,425.00,256.107208,3659.26,0.000038,6785.00
5.700,2439.03,-65.10,0.089024,560.00,312.239868,3526.30,0.000054,6105.00
5.750,2559.32,-63.24,0.098574,560.00,320.465790,3638.90,0.000078,6405.00
5.800,2318.77,-66.11,0.076032,560.00,308.140045,3366.29,0.000055,5795.00
5.850,2548.49,-67.94,0.058045,560.00,238.105759,3551.27,0.000051,6590.00
5.900,2099.96,-68.10,0.076189,60.00,306.168518,3191.41,0.000031,5480.00
5.950,1803.90,-65.80,0.134438,60.00,514.443298,2802.89,0.000023,4010.00
6.000,1981.37,-63.90,0.156438,135.00,430.355133,2896.30,0.000031,3970.00
6.050,2122.84,-65.40,0.128566,50.00,537.704529,3035.02,0.000027,4170.00
6.100,1812.71,-69.91,0.110497,50.00,377.383514,3042.59,0.000009,3860.00
6.150,1892.45,-70.25,0.112102,50.00,206.461456,2978.30,0.000007,3620.00
6.200,2044.93,-69.92,0.112559,50.00,116.212143,3006.15,0.000007,4405.00
6.250,3461.21,-66.45,0.097725,50.00,149.371094,3818.46,0.000022,7660.00
6.300,5290.64,-60.40,0.075198,50.00,251.006439,3787.24,0.000212,9345.00
6.350,5497.16,-59.77,0.052430,50.00,218.450089,3628.18,0.000498,9340.00
6.400,4005.11,-63.52,0.046207,50.00,268.445679,3682.36,0.000230,8110.00
6.450,1965.76,-69.44,0.069002,645.00,239.678375,2503.48,0.000026,3125.00
6.500,2250.91,-67.40,0.066068,650.00,269.344086,2310.80,0.000056,3360.00
6.550,2631.78,-65.52,0.057531,1755.00,252.204208,2465.78,0.000116,3935.00
6.600,2893.78,-64.41,0.051149,385.00,238.996735,3071.71,0.000189,5550.00
6.650,3079.89,-60.44,0.105875,205.00,451.993713,3505.54,0.000144,6790.00
6.700,3461.92,-58.77,0.113666,205.00,225.516281,3627.73,0.000187,7405.00
6.750,4316.64,-60.30,0.064247,585.00,398.847717,4063.35,0.000316,9195.00
6.800,6005.47,-63.02,0.035018,585.00,258.347504,4460.44,0.000407,10890.00
6.850,6499.51,-65.77,0.024843,390.00,94.457077,4325.00,0.000346,10960.00
6.900,5072.36,-70.32,0.019206,390.00,60.975559,4262.64,0.000165,9865.00
6.950,2914.29,-70.57,0.030054,390.00,148.200424,3801.56,0.000074,7580.00
7.000,2573.25,-64.39,0.115231,135.00,569.763428,3542.24,0.000037,6845.00
7.050,2129.37,-64.47,0.153424,135.00,347.744354,3268.11,0.000022,5820.00
7.100,1691.77,-68.08,0.114397,100.00,444.032349,2731.93,0.000015,3140.00
7.150,1987.81,-67.23,0.104850,100.00,446.896454,2822.68,0.000022,3800.00
7.200,1994.45,-67.09,0.127656,70.00,454.355316,2816.85,0.000015,3900.00
7.250,2056.18,-68.27,0.123738,75.00,376.682953,2990.91,0.000011,4220.00
7.300,1949.75,-69.16,0.119165,75.00,242.999329,2996.49,0.000009,3865.00
7.350,1574.00,-67.74,0.142726,75.00,509.258606,2724.04,0.000011,2980.00
7.400,1686.93,-66.08,0.162475,135.00,552.268372,2656.85,0.000014,3280.00
7.450,2395.27,-64.12,0.133677,50.00,556.935852,2789.90,0.000035,4115.00
7.500,2707.82,-63.58,0.115445,50.00,406.548676,2738.86,0.000053,4190.00
7.550,2734.32,-64.87,0.105736,50.00,259.470795,2747.89,0.000042,4175.00
7.600,2817.05,-66.10,0.079857,50.00,265.629211,2892.04,0.000048,4350.00
7.650,3179.12,-66.54,0.051253,50.00,258.948639,3191.10,0.000093,6175.00
7.700,4845.16,-61.69,0.044176,385.00,225.811081,3767.07,0.000431,8965.00
7.750,4963.78,-61.79,0.046493,85.00,157.840759,3797.48,0.000369,9110.00
7.800,2992.17,-66.74,0.048121,85.00,206.798737,3089.34,0.000094,6005.00
7.850,2793.61,-65.33,0.072163,550.00,260.380737,2740.88,0.000071,4800.00
7.900,2886.95,-66.08,0.068009,550.00,185.321915,2796.66,0.000062,5490.00
7.950,2888.26,-69.73,0.039709,540.00,255.759171,2938.42,0.000055,6025.00
8.000,2580.78,-72.37,0.018465,540.00,183.731537,3083.60,0.000097,5685.00
8.050,2834.23,-62.91,0.081336,200.00,426.461029,3302.57,0.000111,6230.00
8.100,3135.63,-59.31,0.123054,205.00,330.243317,3391.13,0.000147,6580.00
8.150,3088.91,-60.63,0.100678,1045.00,418.096649,3225.23,0.000146,6320.00
8.200,2746.46,-63.93,0.093456,85.00,388.814148,2811.04,0.000068,4800.00
8.250,2599.93,-67.21,0.063574,85.00,286.254211,2732.43,0.000055,4135.00
8.300,2624.10,-68.90,0.049927,85.00,232.147522,2865.79,0.000049,4635.00
8.350,2820.57,-65.75,0.061360,85.00,191.271667,2723.87,0.000092,4660.00
8.400,4188.85,-60.48,0.062662,85.00,169.664261,3474.88,0.000351,7810.00
8.450,5221.20,-60.46,0.049544,85.00,184.887650,3761.99,0.000501,9250.00
8.500,5621.75,-62.55,0.036922,85.00,179.570358,4207.39,0.000437,10360.00
8.550,5493.24,-64.13,0.035318,2455.00,120.003670,4325.01,0.000290,10405.00
8.600,3698.57,-67.33,0.034321,150.00,120.468384,3791.91,0.000135,8535.00
8.650,2692.01,-71.85,0.027259,1040.00,100.601753,3164.65,0.000059,5025.00
8.700,2283.01,-73.11,0.021388,225.00,99.839439,2978.16,0.000062,4290.00
8.750,1999.76,-69.67,0.043666,80.00,185.088058,2885.91,0.000053,3710.00
8.800,1907.82,-68.20,0.058764,1125.00,196.905487,2602.21,0.000056,3340.00
8.850,1933.59,-65.88,0.091754,580.00,333.773438,2389.53,0.000051,3450.00
8.900,1917.59,-66.15,0.084583,470.00,267.185791,2427.00,0.000053,3465.00
8.950,1671.68,-68.22,0.070274,470.00,304.246918,2415.39,0.000040,2905.00
9.000,1877.00,-66.08,0.081494,150.00,247.108658,2477.07,0.000056,3360.00
9.050,2128.58,-64.87,0.082455,585.00,267.066040,2522.81,0.000076,3705.00
9.100,1912.61,-66.35,0.077594,590.00,248.176666,2431.88,0.000057,3385.00
9.150,1799.90,-66.71,0.079417,245.00,256.066528,2441.04,0.000049,3295.00
9.200,2046.40,-64.45,0.090906,220.00,299.777374,2572.74,0.000073,3675.00
9.250,1942.74,-64.45,0.100358,220.00,264.381348,2566.78,0.000062,3535.00
9.300,1862.14,-65.36,0.094270,330.00,315.744690,2636.02,0.000053,3540.00
9.350,2242.80,-63.43,0.095313,35.00,319.422760,3018.22,0.000082,4660.00
9.400,2567.74,-60.73,0.115286,35.00,387.958282,3181.42,0.000124,5105.00
9.450,2672.57,-60.63,0.117552,35.00,312.954437,3421.63,0.000122,5550.00
9.500,2648.00,-62.26,0.110358,35.00,357.411926,3537.05,0.000082,5640.00
9.550,3128.87,-63.33,0.088432,35.00,287.260925,3774.51,0.000089,7175.00
9.600,4283.58,-66.62,0.046266,30.00,354.437897,4386.17,0.000108,8345.00
9.650,4454.12,-70.74,0.028902,3130.00,178.207047,4360.84,0.000075,8570.00
9.700,2737.98,-71.74,0.029727,3130.00,118.044548,3310.56,0.000053,5105.00
9.750,2471.92,-70.45,0.047124,280.00,191.993713,3162.44,0.000032,4585.00
9.800,3162.82,-69.12,0.048551,270.00,123.459427,4049.48,0.000045,7745.00
9.850,4104.73,-70.30,0.024067,260.00,198.087509,4732.37,0.000119,10590.00
9.900,3241.58,-72.51,0.018377,240.00,77.283241,4001.34,0.000101,7335.00
9.950,2648.31,-72.10,0.024948,240.00,73.839478,3355.88,0.000066,5135.00
10.000,2679.08,-72.57,0.018788,205.00,76.970520,3433.54,0.000101,5335.00
10.050,2372.38,-71.78,0.032254,260.00,163.801315,3340.06,0.000050,4470.00
10.100,2201.92,-70.28,0.047557,260.00,124.942665,3046.19,0.000038,4080.00
10.150,2027.71,-72.24,0.030218,260.00,161.995468,2766.45,0.000045,3285.00
10.200,1862.56,-73.57,0.025066,955.00,124.640564,2549.78,0.000041,2865.00
10.250,2007.08,-71.16,0.034868,960.00,112.346001,2556.41,0.000053,3020.00
10.300,2055.07,-71.92,0.029643,960.00,88.260529,2480.19,0.000055,3235.00
10.350,1942.86,-74.46,0.018999,720.00,109.888191,2523.51,0.000047,2985.00
10.400,2119.13,-73.21,0.020298,720.00,66.238808,2687.83,0.000066,3365.00
10.450,2140.09,-72.41,0.022611,930.00,64.835518,2548.63,0.000070,3350.00
10.500,1939.15,-74.02,0.019167,690.00,71.077187,2402.48,0.000049,3010.00
10.550,1726.17,-75.04,0.021020,185.00,65.651711,2359.20,0.000028,2430.00
10.600,1836.74,-74.34,0.022799,695.00,61.386585,2543.31,0.000037,2690.00
10.650,1998.98,-74.23,0.018771,875.00,62.062294,2694.39,0.000055,2910.00
10.700,1769.33,-75.93,0.013523,880.00,55.846588,2436.37,0.000040,2615.00
10.750,1572.51,-76.29,0.016370,625.00,67.081802,2104.01,0.000015,2245.00
10.800,1657.40,-76.38,0.016487,620.00,45.440231,2242.16,0.000018,2295.00
10.850,1747.09,-76.59,0.015185,690.00,59.965469,2453.45,0.000021,2490.00
10.900,1507.53,-76.75,0.018793,610.00,51.955746,2160.72,0.000010,2030.00
10.950,1507.84,-76.68,0.017714,610.00,44.386311,2100.77,0.000009,2240.00
11.000,1603.18,-76.67,0.013449,690.00,48.564350,2131.80,0.000016,2395.00
11.050,1564.62,-76.92,0.011036,190.00,41.537182,2049.26,0.000019,2335.00
11.100,1475.96,-77.27,0.009020,190.00,27.974457,1928.54,0.000015,2320.00
11.150,1597.81,-77.25,0.007722,190.00,27.415949,2126.70,0.000031,2520.00
11.200,3023.38,-74.02,0.010728,190.00,35.860073,3779.79,0.000176,7420.00
11.250,3425.65,-69.31,0.020904,50.00,92.662201,4023.80,0.000200,8390.00
11.300,2993.09,-69.25,0.031683,45.00,95.831268,3874.78,0.000094,7475.00
11.350,2290.03,-73.46,0.022704,40.00,93.323082,3488.43,0.000053,5635.00
11.400,1836.70,-76.39,0.013755,10.00,92.046036,2927.73,0.000041,3075.00
11.450,1567.05,-76.79,0.013118,940.00,52.758606,2423.08,0.000026,2310.00
11.500,1670.61,-76.78,0.013482,945.00,45.284756,2402.48,0.000023,2335.00
11.550,1841.04,-76.81,0.013145,955.00,35.772011,2475.99,0.000023,2555.00
11.600,2083.09,-76.59,0.013306,940.00,36.431679,2691.83,0.000028,3450.00
11.650,1993.32,-76.65,0.012454,945.00,30.958408,2640.16,0.000030,3135.00
11.700,1794.77,-76.78,0.011963,945.00,34.687569,2397.83,0.000024,2730.00
11.750,1722.71,-76.42,0.012198,145.00,44.188961,2216.58,0.000025,2565.00
11.800,1658.74,-75.79,0.016038,145.00,55.283470,2257.76,0.000027,2505.00
11.850,1676.87,-74.81,0.020277,140.00,60.096512,2424.69,0.000033,2860.00
11.900,1610.85,-73.71,0.027445,715.00,91.539940,2353.51,0.000030,2870.00
11.950,1643.75,-72.71,0.034288,180.00,112.341171,2282.93,0.000030,2805.00
12.000,1802.73,-72.24,0.037095,200.00,129.895126,2419.82,0.000029,3105.00
12.050,1753.30,-73.11,0.038420,200.00,134.559738,2463.22,0.000019,3030.00
12.100,1607.59,-73.77,0.038570,605.00,81.363899,2322.07,0.000016,2560.00
12.150,1615.32,-74.10,0.037021,205.00,111.719154,2354.84,0.000015,2520.00
12.200,1648.28,-74.69,0.034959,620.00,138.925476,2414.20,0.000012,2685.00
12.250,1679.56,-75.43,0.034727,625.00,116.236801,2482.76,0.000009,2715.00
12.300,1692.70,-75.85,0.033925,625.00,56.631569,2553.63,0.000008,2785.00
12.350,1821.09,-75.53,0.032861,625.00,46.921894,2709.54,0.000010,3270.00
12.400,1782.95,-75.70,0.026341,630.00,109.619583,2677.65,0.000015,3110.00
12.450,1802.51,-76.42,0.019358,640.00,105.051544,2726.88,0.000017,3065.00
12.500,1773.06,-75.91,0.020375,215.00,62.238995,2498.06,0.000021,2750.00
12.550,1731.95,-75.13,0.024795,650.00,81.151924,2318.41,0.000021,2190.00
12.600,1772.43,-74.16,0.026704,1110.00,85.685303,2349.38,0.000031,2385.00
12.650,2216.36,-72.32,0.026672,955.00,86.675804,2781.03,0.000057,3695.00
12.700,2340.44,-71.46,0.027977,960.00,86.007126,2926.97,0.000072,4100.00
12.750,1835.71,-72.53,0.033460,960.00,102.782692,2585.52,0.000038,2950.00
12.800,1537.50,-74.19,0.037111,410.00,134.614929,2360.94,0.000018,1700.00
12.850,1400.13,-74.69,0.035763,410.00,102.441574,2246.69,0.000015,1565.00
12.900,1301.24,-74.99,0.030215,205.00,152.229858,2181.33,0.000017,1650.00
12.950,1330.12,-75.51,0.029132,205.00,118.441460,2273.28,0.000014,1705.00
13.000,1325.05,-76.22,0.025045,190.00,107.058487,2346.31,0.000013,1615.00
13.050,1439.18,-76.32,0.022023,180.00,98.038597,2481.64,0.000017,1775.00
13.100,2476.00,-72.95,0.018776,175.00,69.150177,3319.59,0.000086,5350.00
13.150,4048.15,-69.17,0.015017,170.00,67.574234,4091.44,0.000381,8950.00
13.200,4039.65,-69.48,0.014449,140.00,52.725216,4206.26,0.000382,9020.00
13.250,3069.09,-70.43,0.016519,155.00,53.500328,3692.08,0.000235,6870.00
13.300,3499.42,-68.12,0.018709,570.00,58.506794,3767.88,0.000364,7630.00
13.350,4169.12,-66.31,0.019680,570.00,61.312450,4023.12,0.000540,8920.00
13.400,3689.76,-66.30,0.024035,15.00,72.315971,3961.00,0.000385,8455.00
13.450,3846.32,-64.36,0.029182,20.00,87.882111,3906.15,0.000446,8470.00
13.500,3878.86,-63.38,0.036634,25.00,110.233200,4005.67,0.000395,8865.00
13.550,3762.17,-62.95,0.039519,25.00,114.814987,3895.28,0.000383,8480.00
13.600,3989.79,-62.37,0.041012,690.00,121.897987,3987.51,0.000417,8880.00
13.650,4043.81,-61.73,0.043258,695.00,125.728058,3903.16,0.000457,8855.00
13.700,4300.67,-61.47,0.041465,165.00,124.015350,3939.06,0.000531,8970.00
13.750,4266.76,-59.80,0.070955,100.00,341.781403,4132.76,0.000315,9040.00
13.800,4029.18,-56.80,0.151967,100.00,583.984802,4272.11,0.000186,9115.00
13.850,3688.46,-56.94,0.186978,70.00,649.230652,4070.31,0.000122,8230.00
13.900,3400.29,-58.73,0.161235,45.00,601.989014,3532.94,0.000095,7005.00
13.950,3147.55,-60.76,0.137576,45.00,431.393768,3312.56,0.000072,6330.00
14.000,2837.80,-63.44,0.139845,45.00,305.789368,3261.72,0.000031,6130.00
14.050,5179.51,-58.46,0.147974,50.00,407.653625,4554.55,0.000101,10275.00
14.100,6269.15,-57.18,0.124655,65.00,504.369507,4567.90,0.000215,11300.00
14.150,5224.63,-61.74,0.107633,70.00,480.056335,4675.48,0.000069,10540.00
14.200,2163.90,-69.84,0.109843,70.00,177.091583,3257.37,0.000007,5545.00
14.250,1737.16,-72.22,0.106215,70.00,106.446297,2788.50,0.000004,4135.00
14.300,3807.35,-59.51,0.117756,70.00,352.521027,4291.54,0.000162,9225.00
14.350,4512.64,-53.79,0.156361,75.00,501.997955,4394.34,0.000491,10125.00
14.400,4927.36,-55.20,0.118803,75.00,423.421967,4411.57,0.000500,10480.00
14.450,4428.64,-63.09,0.089714,75.00,429.077423,4458.57,0.000064,10120.00
14.500,1212.54,-76.66,0.091963,75.00,131.808838,2762.31,0.000001,2065.00
14.550,5421.61,-66.09,0.095783,75.00,127.284225,4846.56,0.000027,10920.00
14.600,6943.68,-57.63,0.114023,80.00,439.447021,4454.63,0.000255,11510.00
14.650,6237.87,-56.72,0.128094,75.00,432.568481,4517.48,0.000256,11090.00
14.700,3918.76,-62.61,0.127323,70.00,417.430603,3977.41,0.000042,8790.00
14.750,2875.00,-67.87,0.115414,70.00,209.065430,3236.92,0.000012,6530.00
14.800,4595.31,-63.20,0.110167,70.00,254.146332,4645.31,0.000045,10115.00
14.850,4233.23,-57.81,0.183807,70.00,837.537415,4860.19,0.000098,10815.00
14.900,3559.25,-57.34,0.275489,70.00,847.276428,4661.07,0.000054,10215.00
14.950,2811.97,-62.10,0.201225,60.00,826.085693,4067.35,0.000024,7400.00
15.000,2198.63,-68.21,0.107242,55.00,873.404480,2819.44,0.000015,3870.00
15.050,2237.05,-69.15,0.109506,50.00,403.523682,2574.88,0.000008,3820.00
15.100,5250.96,-61.11,0.108870,50.00,246.889236,4630.54,0.000088,10445.00
15.150,6198.68,-57.26,0.120258,50.00,407.071625,4637.26,0.000256,11255.00
15.200,5486.82,-59.60,0.117656,95.00,492.300812,4639.64,0.000136,10705.00
15.250,2627.59,-68.19,0.115717,95.00,330.220581,3174.98,0.000013,5815.00
15.300,1849.00,-71.91,0.109890,95.00,215.806366,2259.86,0.000004,3490.00
15.350,3834.77,-60.19,0.117350,95.00,361.716370,4335.55,0.000135,9460.00
15.400,4357.98,-52.66,0.193678,100.00,805.878357,4347.86,0.000475,9910.00
15.450,4525.83,-52.97,0.174007,50.00,467.235687,4301.44,0.000513,9950.00
15.500,3977.37,-59.14,0.116126,50.00,710.923462,4091.36,0.000149,9180.00
15.550,2276.62,-68.51,0.113664,50.00,309.881226,2702.23,0.000011,3885.00
15.600,2920.60,-67.49,0.112175,50.00,194.671494,3505.92,0.000015,7615.00
15.650,6298.12,-59.97,0.111099,50.00,320.500305,4623.76,0.000126,11255.00
15.700,6562.88,-57.07,0.116120,95.00,424.098114,4516.29,0.000280,11465.00
15.750,4908.86,-60.92,0.119135,95.00,413.128784,4485.99,0.000082,9935.00
15.800,2075.48,-70.86,0.113189,95.00,273.478210,2785.77,0.000006,3910.00
15.850,1585.85,-72.87,0.108638,95.00,241.968842,2488.03,0.000003,2980.00
15.900,3296.66,-60.78,0.145727,100.00,673.648438,4434.53,0.000077,9240.00
15.950,3495.92,-56.78,0.260096,65.00,1053.749756,4574.64,0.000079,9840.00
16.000,3168.11,-59.35,0.250559,60.00,821.963074,4369.67,0.000037,8965.00
16.050,2259.20,-66.76,0.132248,45.00,1047.427734,3308.29,0.000015,4055.00
16.100,1690.90,-72.02,0.104875,45.00,488.059845,2466.98,0.000003,3460.00
16.150,3745.34,-65.65,0.110705,50.00,203.822556,4160.43,0.000022,8800.00
16.200,6076.93,-57.65,0.120418,50.00,398.119049,4520.15,0.000206,11110.00
16.250,5650.04,-56.56,0.120271,95.00,418.985321,4459.73,0.000289,10735.00
16.300,3636.62,-62.45,0.110393,95.00,478.878326,3726.52,0.000064,7980.00
16.350,2141.09,-70.49,0.105212,95.00,261.043976,2438.92,0.000006,3990.00
16.400,3591.61,-65.96,0.099645,95.00,193.957153,4369.80,0.000027,9690.00
16.450,4375.02,-54.88,0.154899,95.00,714.284790,4434.26,0.000311,10120.00
16.500,4552.49,-52.18,0.194679,160.00,576.292847,4372.72,0.000451,10180.00
16.550,4461.79,-55.64,0.136431,50.00,727.841309,4268.11,0.000309,9890.00
16.600,2678.83,-63.96,0.119432,50.00,433.611847,3208.44,0.000041,5540.00
16.650,1780.02,-70.38,0.118822,50.00,267.208374,1989.03,0.000005,3605.00
16.700,4130.89,-60.40,0.118358,50.00,233.615601,4188.77,0.000096,9055.00
16.750,5867.57,-55.67,0.117592,95.00,382.310669,4448.32,0.000365,10850.00
16.800,5891.03,-57.87,0.101850,95.00,392.108185,4414.80,0.000240,10860.00
16.850,3483.70,-68.53,0.093896,95.00,264.865784,4040.81,0.000012,8290.00
16.900,711.40,-78.22,0.094793,95.00,79.873550,1952.28,0.000000,485.00
16.950,3841.67,-64.66,0.106453,95.00,267.785614,4805.97,0.000036,10470.00
17.000,3843.64,-57.36,0.220815,100.00,1008.681702,4750.62,0.000084,10485.00
17.050,3331.56,-57.39,0.274289,60.00,834.897766,4402.83,0.000055,9215.00
17.100,2536.08,-63.06,0.167752,60.00,966.232727,3400.83,0.000029,4230.00
17.150,1895.38,-70.64,0.105518,45.00,697.456482,2335.63,0.000007,3755.00
17.200,1973.92,-71.14,0.108810,50.00,322.931793,2856.39,0.000005,3870.00
17.250,5739.01,-59.33,0.115492,50.00,281.386627,4518.50,0.000141,10775.00
17.300,6136.30,-56.25,0.119385,95.00,385.305511,4417.99,0.000341,11010.00
17.350,4655.75,-59.52,0.111253,95.00,445.172058,4117.88,0.000152,9300.00
17.400,2583.51,-68.07,0.106665,95.00,318.286316,2663.39,0.000016,4085.00
17.450,2490.85,-70.00,0.098672,95.00,199.643021,3219.34,0.000009,4280.00
17.500,4432.34,-56.97,0.128399,95.00,477.567200,4489.41,0.000236,10250.00
17.550,4616.41,-51.97,0.199475,95.00,671.996338,4440.85,0.000458,10230.00
17.600,4712.96,-53.62,0.152264,50.00,590.486450,4402.22,0.000455,10205.00
17.650,3446.74,-60.89,0.118757,50.00,561.420227,3839.79,0.000090,8425.00
17.700,1932.44,-68.91,0.118055,50.00,302.351959,2141.63,0.000010,3720.00
17.750,2735.83,-64.86,0.118552,50.00,198.024994,3254.25,0.000033,5940.00
17.800,5449.41,-56.55,0.121487,50.00,399.066772,4445.36,0.000296,10485.00
17.850,5830.47,-55.81,0.108811,100.00,379.060333,4455.20,0.000436,10875.00
17.900,4462.20,-62.36,0.092438,95.00,456.731415,4259.41,0.000082,9400.00
17.950,1718.93,-74.65,0.091036,95.00,149.973541,2689.76,0.000002,3285.00
18.000,2381.63,-72.61,0.091914,95.00,71.991173,4065.50,0.000005,7220.00
18.050,3883.08,-59.37,0.136325,90.00,699.306396,4681.56,0.000109,10280.00
18.100,3488.54,-56.93,0.233079,85.00,826.065979,4490.46,0.000084,9585.00
18.150,2698.09,-60.33,0.233083,50.00,840.333557,3857.22,0.000032,6485.00
18.200,1941.43,-66.12,0.153830,45.00,830.109680,2694.04,0.000016,3740.00
18.250,1705.33,-69.81,0.111950,45.00,455.648773,2460.17,0.000009,2995.00
18.300,3970.79,-63.04,0.118624,50.00,300.835571,4324.39,0.000047,9175.00
18.350,5996.39,-56.60,0.129762,50.00,480.649017,4537.33,0.000253,11020.00
18.400,5704.80,-56.76,0.120131,70.00,508.567017,4427.49,0.000278,10715.00
18.450,4061.35,-60.93,0.115934,70.00,394.994476,3715.13,0.000094,8355.00
18.500,4210.43,-61.29,0.116423,70.00,189.304108,3806.11,0.000076,8980.00
18.550,4420.60,-60.69,0.110125,70.00,230.630844,4072.89,0.000103,9205.00
18.600,4634.81,-54.56,0.150397,70.00,604.107910,4421.70,0.000372,10200.00
18.650,4877.38,-52.96,0.160782,75.00,388.695129,4428.12,0.000509,10500.00
18.700,4356.54,-56.61,0.126471,75.00,581.035217,4279.94,0.000271,9765.00
18.750,2422.85,-63.09,0.131250,75.00,367.580078,2862.95,0.000049,4115.00
18.800,2268.32,-64.66,0.130641,75.00,334.262756,2489.41,0.000036,3895.00
18.850,4268.08,-57.14,0.128286,75.00,362.001831,3863.84,0.000295,8745.00
18.900,5772.30,-54.41,0.128100,75.00,427.059448,4132.13,0.000595,10665.00
18.950,5048.15,-57.24,0.118883,70.00,345.289459,4021.99,0.000304,9745.00
19.000,2888.63,-65.53,0.108966,70.00,283.770325,3024.88,0.000027,5050.00
19.050,2044.91,-71.58,0.103716,70.00,185.215591,2619.10,0.000005,3840.00
19.100,3903.17,-63.53,0.112299,70.00,281.658325,4820.72,0.000062,10460.00
19.150,4099.01,-58.10,0.200967,65.00,899.726990,4934.66,0.000105,10925.00
19.200,3492.85,-59.20,0.235882,60.00,704.155518,4653.09,0.000055,10045.00
19.250,2397.46,-65.96,0.147858,55.00,794.329041,3812.15,0.000015,5915.00
19.300,831.19,-76.31,0.100928,45.00,611.443665,2085.50,0.000001,1680.00
19.350,2446.26,-72.72,0.106449,50.00,255.986084,4046.46,0.000004,7770.00
19.400,6353.59,-59.07,0.109123,50.00,309.287018,4551.82,0.000175,11315.00
19.450,6359.63,-56.57,0.106292,95.00,372.198303,4458.02,0.000389,11295.00
19.500,5215.14,-61.80,0.092796,95.00,377.697723,4507.23,0.000099,10350.00
19.550,1980.56,-73.66,0.090512,95.00,166.765961,3109.60,0.000003,3890.00
19.600,2665.74,-69.26,0.094942,95.00,152.785507,2977.02,0.000012,4470.00
19.650,4004.16,-57.05,0.127536,95.00,481.904877,4172.62,0.000252,9195.00
19.700,4397.74,-53.11,0.172965,95.00,567.704041,4354.21,0.000444,9925.00
19.750,4339.48,-54.81,0.143913,50.00,543.516785,4261.57,0.000369,9830.00
19.800,2867.15,-60.94,0.129600,50.00,465.745331,3337.25,0.000085,5795.00
19.850,1944.84,-67.28,0.119424,50.00,284.173981,2399.40,0.000017,3575.00
19.900,3475.38,-62.99,0.114919,50.00,264.067291,4116.41,0.000050,8455.00
19.950,5736.78,-56.06,0.122506,90.00,451.689362,4583.83,0.000326,11135.00
20.000,5276.48,-56.00,0.127809,95.00,509.307648,4493.95,0.000320,10620.00
20.050,3221.31,-62.88,0.122691,95.00,395.536713,3668.03,0.000049,7500.00
20.100,2178.68,-68.82,0.118571,95.00,191.315552,2640.04,0.000010,3890.00
20.150,2964.35,-65.35,0.117099,95.00,174.079056,3615.78,0.000031,6050.00
20.200,4015.65,-58.83,0.169737,100.00,815.746582,4793.24,0.000096,10655.00
20.250,3803.91,-58.60,0.234219,65.00,767.708862,4850.30,0.000055,10645.00
20.300,2948.78,-64.36,0.194402,55.00,859.322205,4523.70,0.000013,9240.00
20.350,1263.03,-74.02,0.118595,50.00,750.115967,2817.29,0.000002,1715.00
20.400,665.37,-77.27,0.102696,50.00,379.008301,1629.69,0.000000,1150.00
20.450,5973.35,-62.20,0.108154,50.00,192.774719,4749.69,0.000058,11430.00
20.500,6904.86,-56.94,0.118891,95.00,389.600861,4469.72,0.000251,11935.00
20.550,6566.48,-59.48,0.111962,95.00,403.104950,4572.37,0.000129,11760.00
20.600,3138.66,-70.92,0.108370,95.00,240.494049,4227.01,0.000005,8395.00
20.650,975.75,-77.27,0.108380,95.00,55.647171,2056.81,0.000000,1440.00
20.700,3827.59,-61.41,0.116065,95.00,260.873047,4419.63,0.000104,9445.00
20.750,4380.08,-53.52,0.168265,95.00,668.956543,4414.45,0.000532,9935.00
20.800,4683.33,-53.50,0.150433,50.00,465.396423,4395.78,0.000636,10175.00
20.850,4439.60,-59.78,0.107770,50.00,589.460938,4389.40,0.000130,10010.00
20.900,1995.76,-70.26,0.109523,50.00,213.898071,2881.44,0.000007,3870.00
20.950,2216.00,-69.67,0.112620,50.00,48.452499,3167.45,0.000010,4600.00
21.000,6290.84,-59.11,0.114190,50.00,270.956390,4632.38,0.000185,11660.00
21.050,6440.48,-56.46,0.110298,95.00,345.586670,4542.15,0.000438,11700.00
21.100,5410.62,-61.46,0.092725,95.00,422.505035,4634.27,0.000127,10935.00
21.150,2091.00,-70.72,0.093947,95.00,177.171997,2789.09,0.000008,3700.00
21.200,1982.80,-70.61,0.096774,95.00,84.974426,2547.07,0.000012,3215.00
21.250,4350.46,-60.46,0.117539,95.00,490.642242,4902.55,0.000133,11140.00
21.300,4113.70,-57.37,0.218757,90.00,899.949463,4902.25,0.000102,10955.00
21.350,3144.34,-60.78,0.249669,50.00,875.144287,4533.44,0.000029,9215.00
21.400,1766.64,-68.13,0.173205,50.00,849.923584,3123.54,0.000006,3655.00
21.450,1669.15,-69.96,0.118243,45.00,592.557495,2351.31,0.000007,3410.00
21.500,2869.78,-63.71,0.123211,50.00,206.938385,3673.23,0.000040,7370.00
21.550,5666.33,-56.83,0.120990,50.00,407.552246,4556.74,0.000287,10720.00
21.600,5916.87,-56.79,0.110593,95.00,441.531281,4516.74,0.000339,10965.00
21.650,3809.57,-63.26,0.101545,95.00,341.259705,4214.86,0.000058,8760.00
21.700,1509.35,-71.39,0.105770,95.00,211.178802,2307.89,0.000006,3295.00
21.750,2213.00,-65.30,0.117309,95.00,287.037598,2865.33,0.000032,4060.00
21.800,3761.49,-56.04,0.150106,95.00,551.750732,4092.23,0.000250,8985.00
21.850,4356.71,-53.35,0.167850,50.00,557.695374,4276.48,0.000430,9845.00
21.900,4386.46,-56.31,0.132065,50.00,597.155518,4281.41,0.000270,9850.00
21.950,2670.03,-65.31,0.116771,50.00,370.749817,3570.87,0.000027,6595.00
22.000,1413.43,-72.51,0.116793,50.00,191.163773,2290.33,0.000003,2395.00
22.050,4728.88,-61.78,0.119478,50.00,197.553253,4633.28,0.000057,10315.00
22.100,6459.51,-57.01,0.118145,50.00,392.848633,4554.93,0.000247,11655.00
22.150,6052.57,-59.00,0.099433,95.00,460.941742,4615.16,0.000193,11295.00
22.200,2899.98,-68.66,0.095864,95.00,314.500061,3865.69,0.000015,7775.00
22.250,1380.27,-74.75,0.096225,95.00,98.636414,2312.54,0.000002,1715.00
22.300,3622.23,-63.13,0.111503,95.00,424.147247,4669.66,0.000069,10145.00
22.350,3829.22,-57.78,0.238024,90.00,991.899414,4857.43,0.000079,10590.00
22.400,3253.37,-59.83,0.287169,65.00,969.593384,4733.97,0.000029,10035.00
22.450,2209.84,-68.90,0.212883,50.00,1075.412964,4249.95,0.000003,7345.00
22.500,560.47,-78.61,0.115963,50.00,808.078186,2074.57,0.000000,145.00
22.550,2324.72,-74.84,0.103427,50.00,171.548721,4088.94,0.000002,7775.00
22.600,6749.65,-60.99,0.109512,50.00,333.346741,4602.02,0.000086,11775.00
22.650,7292.48,-58.92,0.108819,70.00,459.361725,4387.37,0.000167,12035.00
22.700,6693.90,-64.73,0.098362,70.00,393.839508,4669.53,0.000032,11770.00
22.750,1853.94,-77.22,0.099602,70.00,124.159798,3690.41,0.000001,6915.00
22.800,1525.09,-76.10,0.101471,70.00,23.374599,3341.84,0.000002,2895.00
22.850,4249.38,-56.62,0.133918,70.00,546.913940,4434.03,0.000358,10045.00
22.900,4656.72,-52.12,0.189743,75.00,578.180420,4431.81,0.000654,10420.00
22.950,4940.58,-54.70,0.130252,75.00,564.843079,4427.87,0.000559,10565.00
23.000,4304.72,-63.83,0.092137,75.00,500.179840,4387.45,0.000049,9905.00
23.050,1132.86,-77.24,0.095712,75.00,124.228294,2714.04,0.000001,1620.00
23.100,6075.54,-66.85,0.099346,75.00,84.146515,4785.58,0.000017,11010.00
23.150,7509.30,-58.35,0.111684,75.00,295.930481,4171.44,0.000185,11560.00
23.200,6575.14,-57.01,0.122004,70.00,382.948792,4433.53,0.000230,11190.00
23.250,3994.79,-62.74,0.123117,70.00,331.660278,4149.17,0.000043,9180.00
23.300,2441.57,-69.68,0.114387,70.00,183.035309,3109.86,0.000007,6220.00
23.350,3989.39,-64.75,0.106558,70.00,252.258026,4449.75,0.000033,9575.00
23.400,4455.59,-57.86,0.172324,75.00,814.935913,4860.17,0.000110,10780.00
23.450,3705.62,-57.10,0.272229,65.00,890.159912,4716.90,0.000059,10335.00
23.500,2903.31,-61.46,0.204887,60.00,804.043579,4085.81,0.000030,7630.00
23.550,2215.49,-67.77,0.106002,55.00,892.381042,2904.24,0.000017,4280.00
23.600,2167.65,-69.31,0.111189,50.00,432.038727,2614.57,0.000008,4185.00
23.650,4733.49,-60.97,0.110402,50.00,219.970795,4481.34,0.000093,9915.00
23.700,6151.98,-57.20,0.119376,50.00,421.246094,4647.92,0.000261,11235.00
23.750,5311.63,-59.28,0.117778,95.00,487.742859,4622.36,0.000153,10495.00
23.800,2837.11,-67.64,0.115602,95.00,374.130707,3260.95,0.000016,5810.00
23.850,2170.97,-70.68,0.115020,95.00,255.505890,2495.46,0.000005,3620.00
23.900,3488.42,-61.26,0.114922,95.00,353.933014,4129.79,0.000090,8640.00
23.950,4306.42,-53.23,0.185633,100.00,791.332520,4353.44,0.000374,9905.00
24.000,4536.36,-52.89,0.175033,50.00,454.578400,4340.20,0.000449,10015.00
24.050,4071.55,-58.73,0.118180,50.00,714.557922,4152.83,0.000167,9440.00
24.100,2190.75,-67.78,0.112500,50.00,336.464661,2772.68,0.000014,3795.00
24.150,2935.78,-66.51,0.112845,50.00,222.045715,3565.99,0.000019,8005.00
24.200,6152.12,-59.51,0.110406,50.00,316.298035,4626.82,0.000134,11115.00
24.250,6473.96,-56.87,0.114650,95.00,420.470795,4543.45,0.000278,11475.00
24.300,4668.16,-60.67,0.120505,95.00,429.101471,4455.91,0.000087,9815.00
24.350,1963.44,-69.69,0.115331,95.00,292.566071,2705.37,0.000008,3415.00
24.400,1584.81,-72.23,0.112820,95.00,277.563843,2567.32,0.000005,2635.00
24.450,3599.75,-60.21,0.144193,100.00,624.454468,4569.85,0.000103,9870.00
24.500,3713.87,-56.49,0.256574,65.00,1069.215210,4672.01,0.000097,10340.00
24.550,3154.86,-59.04,0.257630,60.00,829.245728,4347.46,0.000043,8840.00
24.600,2221.17,-66.93,0.138929,55.00,1053.184204,3324.79,0.000012,4095.00
24.650,1830.75,-71.66,0.105406,45.00,500.717102,2666.31,0.000004,3810.00
24.700,3523.04,-65.72,0.112888,50.00,237.459793,3957.67,0.000021,8510.00
24.750,5861.50,-57.38,0.123853,50.00,411.307770,4484.01,0.000214,10890.00
24.800,5653.78,-56.26,0.118572,95.00,410.018036,4437.42,0.000329,10655.00
24.850,3908.36,-62.53,0.106067,95.00,491.900208,3917.58,0.000069,8605.00
24.900,2257.59,-70.64,0.100587,95.00,218.743774,2848.91,0.000007,4060.00
24.950,4772.65,-64.34,0.096498,95.00,190.647690,4789.64,0.000042,10930.00
25.000,4665.62,-54.04,0.158675,95.00,734.665161,4492.37,0.000385,10455.00
25.050,4565.09,-51.85,0.199229,100.00,554.068176,4370.74,0.000486,10085.00
25.100,4282.87,-55.88,0.136469,50.00,724.914795,4207.57,0.000300,9615.00
25.150,2504.98,-64.76,0.116218,50.00,459.701965,3159.19,0.000034,4915.00
25.200,1709.45,-70.60,0.117110,50.00,208.211823,2124.73,0.000005,3200.00
25.250,3946.71,-61.04,0.117060,50.00,209.540314,4153.58,0.000076,8920.00
25.300,5890.88,-56.09,0.115956,95.00,368.192719,4464.05,0.000322,10900.00
25.350,6143.88,-58.09,0.099728,95.00,388.129578,4420.59,0.000226,11085.00
25.400,3906.48,-68.95,0.091898,95.00,263.537476,4351.33,0.000010,8900.00
25.450,741.64,-77.91,0.093412,95.00,56.241749,1978.46,0.000000,840.00
25.500,3278.59,-64.03,0.106177,95.00,271.922516,4283.83,0.000046,8765.00
25.550,3663.84,-57.18,0.213512,100.00,915.121399,4547.00,0.000093,9915.00
25.600,3210.49,-57.41,0.278100,65.00,936.180359,4355.70,0.000052,8955.00
25.650,2321.66,-63.24,0.183545,60.00,922.236816,3547.19,0.000023,4570.00
25.700,1558.08,-71.12,0.105115,45.00,776.744324,2409.73,0.000006,2825.00
25.750,2041.76,-70.78,0.108207,50.00,327.536438,2966.56,0.000005,3815.00
25.800,5361.82,-58.77,0.119122,50.00,323.167358,4512.58,0.000148,10565.00
25.850,5890.77,-55.72,0.123243,95.00,386.975525,4504.52,0.000362,11090.00
25.900,4812.77,-59.24,0.106276,95.00,470.982025,4368.70,0.000171,9800.00
25.950,2296.01,-69.43,0.099523,95.00,271.235474,2907.35,0.000011,4045.00
26.000,3951.02,-69.13,0.092854,95.00,185.033279,4517.84,0.000011,10040.00
26.050,4593.61,-57.27,0.123061,95.00,433.647156,4527.22,0.000228,10440.00
26.100,4496.88,-52.16,0.202919,95.00,718.275330,4404.97,0.000424,10135.00
26.150,4498.00,-53.51,0.163993,50.00,552.389709,4329.21,0.000424,10005.00
26.200,3410.18,-60.45,0.117952,50.00,627.847656,3818.87,0.000109,8235.00
26.250,1883.71,-68.98,0.117498,50.00,273.333405,2285.37,0.000010,3605.00
26.300,2437.24,-65.57,0.118526,50.00,165.227310,3000.97,0.000026,4090.00
26.350,5204.60,-56.84,0.120234,50.00,392.706787,4436.72,0.000252,10260.00
26.400,5994.95,-56.42,0.107358,100.00,373.484894,4470.54,0.000348,11010.00
26.450,5355.77,-63.75,0.089242,95.00,461.495178,4566.17,0.000053,10425.00
26.500,1607.59,-76.90,0.089424,95.00,132.388123,3286.26,0.000001,3885.00
26.550,2327.66,-71.12,0.092422,95.00,108.372459,3703.58,0.000008,5570.00
26.600,3691.60,-58.60,0.162975,95.00,734.388367,4513.77,0.000110,9850.00
26.650,3424.46,-56.27,0.285155,90.00,1066.327637,4465.64,0.000073,9445.00
26.700,2684.59,-59.81,0.272338,50.00,996.274597,3942.72,0.000028,6760.00
26.750,1664.43,-67.85,0.159314,45.00,1004.579651,2585.47,0.000009,2870.00
26.800,1508.32,-72.16,0.106307,45.00,511.595093,2292.56,0.000003,2855.00
26.850,4323.34,-62.40,0.115551,50.00,251.825195,4305.68,0.000069,9380.00
26.900,5967.94,-56.42,0.126062,50.00,476.836945,4470.53,0.000342,10995.00
26.950,5561.49,-57.30,0.114565,70.00,508.010773,4435.43,0.000318,10590.00
27.000,3278.09,-65.23,0.107920,70.00,362.049805,3575.83,0.000035,7770.00
27.050,2119.60,-71.43,0.101913,70.00,187.297821,2826.17,0.000005,3925.00
27.100,3838.94,-62.51,0.104384,70.00,239.129013,4372.48,0.000066,9555.00
27.150,4486.32,-53.42,0.175846,75.00,729.136597,4350.90,0.000372,9990.00
27.200,4795.95,-52.47,0.175398,75.00,370.276093,4346.62,0.000481,10320.00
27.250,4285.85,-57.52,0.120501,75.00,672.475830,4240.22,0.000220,9770.00
27.300,2381.30,-67.20,0.110948,75.00,364.111420,2975.86,0.000018,4630.00
27.350,2048.73,-70.80,0.111089,75.00,259.731079,2316.16,0.000007,3770.00
27.400,5308.13,-59.59,0.117336,75.00,346.162994,4408.84,0.000174,10285.00
27.450,6311.53,-56.32,0.126196,75.00,409.711761,4412.91,0.000383,11255.00
27.500,5302.47,-59.08,0.112970,70.00,384.155060,4342.51,0.000201,10255.00
27.550,2597.14,-68.90,0.101979,70.00,270.494202,2896.74,0.000012,4015.00
27.600,1310.29,-75.58,0.097963,70.00,167.785370,2065.49,0.000001,2925.00
27.650,3978.62,-62.70,0.116994,70.00,405.831085,4889.02,0.000057,10870.00
27.700,4088.92,-57.26,0.236519,65.00,982.798218,4931.09,0.000077,11040.00
27.750,3539.70,-58.77,0.254726,60.00,652.225525,4694.36,0.000043,10275.00
27.800,2418.91,-66.43,0.140148,55.00,967.612610,3850.76,0.000014,5965.00
27.850,689.96,-76.95,0.096635,50.00,632.215576,1841.02,0.000001,1030.00
27.900,2888.82,-71.95,0.101112,50.00,215.843018,4319.72,0.000004,8510.00
27.950,6469.20,-59.36,0.105090,50.00,306.558624,4522.04,0.000140,11340.00
28.000,6417.36,-57.22,0.101043,95.00,353.238068,4435.02,0.000296,11300.00
28.050,5139.92,-62.72,0.087331,95.00,360.598267,4485.33,0.000075,10175.00
28.100,1741.62,-75.57,0.085961,95.00,148.230850,3040.37,0.000002,2870.00
28.150,2523.57,-72.37,0.086924,95.00,59.375130,3986.50,0.000005,7345.00
28.200,4338.65,-55.82,0.139023,95.00,649.593323,4418.75,0.000282,9935.00
28.250,4575.53,-52.17,0.199480,95.00,599.641785,4400.93,0.000430,10140.00
28.300,4588.74,-55.06,0.140350,50.00,640.656189,4356.46,0.000352,10120.00
28.350,3090.26,-64.06,0.108419,50.00,496.732239,3818.61,0.000042,7790.00
28.400,1362.02,-73.39,0.106754,50.00,204.315247,2062.30,0.000002,2300.00
28.450,4141.84,-64.97,0.108251,50.00,199.714188,4539.48,0.000044,9635.00
28.500,6470.31,-58.11,0.116499,90.00,423.278503,4621.80,0.000274,11525.00
28.550,6440.02,-59.05,0.115420,95.00,468.085693,4647.73,0.000213,11595.00
28.600,3778.03,-67.69,0.109969,95.00,345.958221,4483.73,0.000016,9050.00
28.650,1069.94,-75.99,0.109632,95.00,98.962807,2072.08,0.000001,1440.00
28.700,3114.23,-67.88,0.109921,95.00,139.557724,4473.88,0.000012,8995.00
28.750,4051.23,-59.09,0.191511,95.00,823.688171,4924.95,0.000060,10950.00
28.800,3649.96,-58.60,0.270703,65.00,884.512695,4833.19,0.000038,10520.00
28.850,2996.75,-64.82,0.185779,60.00,877.460144,4614.41,0.000012,9435.00
28.900,1173.80,-75.47,0.099287,55.00,832.279236,2824.21,0.000002,1285.00
28.950,562.28,-77.78,0.099033,50.00,364.215179,1431.05,0.000000,1140.00
29.000,6314.28,-62.35,0.104726,50.00,202.139801,4704.04,0.000063,11410.00
29.050,6945.76,-57.67,0.113811,95.00,367.950043,4475.32,0.000225,11945.00
29.100,6296.08,-60.50,0.105363,95.00,391.112610,4632.49,0.000105,11425.00
29.150,2589.60,-71.58,0.102852,95.00,212.940552,3793.82,0.000005,7545.00
29.200,1110.90,-75.28,0.104097,95.00,75.056686,1437.62,0.000001,2120.00
29.250,3895.99,-60.26,0.118196,95.00,330.114899,4373.60,0.000157,9510.00
29.300,4367.99,-53.01,0.194061,95.00,767.473755,4379.90,0.000514,9985.00
29.350,4636.32,-53.33,0.165548,50.00,478.724945,4366.09,0.000591,10150.00
29.400,4463.60,-60.13,0.103547,50.00,683.210083,4355.98,0.000121,10000.00
29.450,1674.46,-72.39,0.102815,50.00,202.232758,2811.32,0.000004,2740.00
29.500,2242.41,-70.59,0.105859,50.00,43.905998,3446.89,0.000007,5965.00
29.550,6685.83,-60.08,0.109193,50.00,272.689789,4585.43,0.000122,11755.00
29.600,6963.60,-57.83,0.102252,95.00,325.662933,4458.63,0.000274,11870.00
29.650,5633.04,-62.85,0.086453,95.00,401.274048,4660.33,0.000081,10965.00
29.700,1844.08,-74.39,0.087666,95.00,148.548248,2953.19,0.000003,3055.00
29.750,1810.58,-73.71,0.088004,95.00,57.393093,3088.34,0.000004,2650.00
29.800,4348.93,-60.47,0.134723,95.00,536.625793,4944.86,0.000088,11150.00
29.850,3921.82,-57.65,0.260207,90.00,1043.397705,4900.02,0.000059,10845.00
29.900,3075.10,-60.80,0.263863,50.00,934.153870,4472.52,0.000022,9060.00
29.950,1759.29,-69.60,0.152557,45.00,994.152283,3104.49,0.000005,2790.00
30.000,717.53,-76.93,0.100823,45.00,461.070343,1317.44,0.000000,1525.00
30.050,4459.03,-66.61,0.103141,50.00,121.784531,4720.62,0.000024,9950.00
30.100,6884.53,-58.57,0.104829,50.00,322.653107,4489.16,0.000250,11890.00
30.150,6664.28,-58.19,0.093381,95.00,377.144196,4475.42,0.000341,11690.00
30.200,4325.21,-65.88,0.086916,95.00,298.465698,4445.47,0.000036,9315.00
30.250,985.80,-77.67,0.088728,95.00,99.439201,2412.89,0.000001,1295.00
30.300,3186.14,-68.50,0.090758,95.00,91.887466,4432.45,0.000025,8895.00
30.350,4355.78,-55.98,0.127317,95.00,608.453308,4478.29,0.000492,10070.00
30.400,4565.58,-53.34,0.157540,160.00,493.594055,4391.74,0.000665,10085.00
30.450,4482.46,-56.87,0.118837,50.00,574.848999,4318.99,0.000325,9890.00
30.500,2593.78,-65.28,0.105803,50.00,341.538147,3560.26,0.000033,6430.00
30.550,2259.17,-64.07,0.121622,50.00,302.733215,3109.53,0.000040,4670.00
30.600,3386.25,-59.49,0.122170,50.00,273.828705,3908.52,0.000135,7945.00
30.650,4957.15,-55.48,0.126090,50.00,429.645233,4459.51,0.000373,10230.00
30.700,4400.21,-56.04,0.124854,95.00,461.071564,4216.19,0.000323,9215.00
30.750,2996.86,-60.36,0.125058,95.00,352.044708,3343.96,0.000101,6295.00
30.800,2805.65,-62.75,0.116389,95.00,306.220398,3156.38,0.000058,5800.00
30.850,3173.85,-62.43,0.105649,95.00,276.643555,3764.85,0.000102,6930.00
30.900,3807.13,-58.62,0.167706,100.00,751.794495,4683.69,0.000121,10320.00
30.950,3337.31,-60.21,0.221682,65.00,763.744080,4681.34,0.000046,9865.00
31.000,2333.85,-66.66,0.193361,50.00,839.757141,4109.85,0.000007,7130.00
31.050,1759.28,-72.24,0.118794,50.00,682.887756,3230.04,0.000003,4325.00
31.100,2248.64,-72.32,0.098908,50.00,237.801361,3640.18,0.000004,7205.00
31.150,5956.72,-61.13,0.101541,50.00,270.782074,4748.00,0.000102,11280.00
31.200,6689.87,-58.36,0.100909,70.00,434.046967,4585.26,0.000246,11855.00
31.250,5849.61,-62.57,0.093986,70.00,396.807251,4736.58,0.000078,11290.00
31.300,2842.88,-71.31,0.095899,70.00,174.729248,3911.87,0.000006,8205.00
31.350,2563.42,-71.48,0.099132,70.00,101.588318,3741.29,0.000006,7945.00
31.400,3916.77,-57.17,0.132287,75.00,594.091248,4302.46,0.000231,9565.00
31.450,4464.70,-52.60,0.190929,75.00,590.360168,4347.37,0.000426,9985.00
31.500,4774.47,-54.69,0.133596,75.00,551.178162,4360.51,0.000419,10180.00
31.550,4073.72,-63.00,0.096026,75.00,531.754517,4319.99,0.000063,9590.00
31.600,2695.57,-71.87,0.098425,75.00,181.902527,3821.74,0.000004,8270.00
31.650,4565.65,-67.61,0.101651,75.00,110.932533,4650.24,0.000013,9940.00
31.700,7094.32,-59.29,0.111293,75.00,260.389160,4337.60,0.000145,11840.00
31.750,7092.80,-59.05,0.110375,75.00,303.317200,4370.53,0.000163,11880.00
31.800,4757.56,-65.56,0.103231,70.00,267.604279,4664.17,0.000026,10000.00
31.850,3458.07,-67.52,0.103806,70.00,110.908424,3907.17,0.000012,8555.00
31.900,3798.03,-64.51,0.104944,70.00,145.776596,4003.09,0.000035,8705.00
31.950,3844.26,-58.73,0.179282,65.00,888.893921,4658.08,0.000084,10310.00
32.000,3569.14,-57.68,0.286268,65.00,831.144226,4712.51,0.000048,10275.00
32.050,3118.66,-61.36,0.250439,50.00,969.133240,4387.73,0.000018,8855.00
32.100,2882.47,-65.52,0.142250,45.00,930.538879,3719.84,0.000014,7265.00
32.150,3106.05,-67.25,0.104159,45.00,371.464661,3724.93,0.000014,7615.00
32.200,4626.34,-61.40,0.111030,50.00,215.555573,4458.95,0.000072,9805.00
32.250,5349.84,-55.88,0.134802,50.00,485.745331,4521.67,0.000280,10435.00
32.300,4498.42,-56.92,0.136663,95.00,516.306396,4311.65,0.000217,9555.00
32.350,2648.68,-63.61,0.121367,95.00,453.628876,3146.36,0.000044,5345.00
32.400,3086.15,-64.55,0.111409,95.00,298.050964,3559.09,0.000034,7985.00
32.450,4787.05,-59.38,0.109863,95.00,307.396149,4379.44,0.000146,9800.00
32.500,4465.09,-53.31,0.181524,100.00,798.166016,4373.60,0.000373,9955.00
32.550,4481.51,-53.01,0.186000,50.00,454.269775,4358.68,0.000388,9985.00
32.600,3906.07,-58.54,0.130891,50.00,709.339111,4182.16,0.000147,9250.00
32.650,2600.77,-66.34,0.118634,50.00,337.664337,3479.71,0.000017,7100.00
32.700,4679.53,-63.86,0.113453,50.00,214.951523,4547.66,0.000035,10185.00
32.750,6166.28,-59.50,0.110632,50.00,287.439514,4675.92,0.000138,11180.00
32.800,5814.66,-56.28,0.119356,95.00,420.842377,4603.46,0.000334,11060.00
32.850,4006.37,-58.87,0.125977,95.00,342.013214,4226.18,0.000154,8925.00
32.900,2344.14,-66.36,0.115715,95.00,348.970398,2753.80,0.000023,3715.00
32.950,2316.63,-68.09,0.108246,95.00,280.505798,2520.67,0.000015,3525.00
33.000,3542.88,-59.97,0.132776,95.00,542.162109,4334.09,0.000105,9220.00
33.050,3757.91,-57.16,0.253655,90.00,1022.662537,4774.70,0.000068,10545.00
33.100,3161.21,-60.82,0.284282,50.00,1029.414429,4701.02,0.000018,9780.00
33.150,1817.74,-70.58,0.190196,50.00,962.623718,3837.31,0.000002,5030.00
33.200,618.13,-77.79,0.108394,45.00,722.348511,1718.99,0.000000,590.00
33.250,3320.82,-69.87,0.107465,50.00,136.260834,4484.96,0.000007,8815.00
33.300,6419.39,-59.51,0.113807,50.00,355.860016,4666.52,0.000138,11680.00
33.350,6554.36,-58.03,0.107585,95.00,347.171509,4567.34,0.000234,11690.00
33.400,4713.74,-63.70,0.098024,95.00,369.083496,4474.18,0.000049,9815.00
33.450,1793.38,-72.95,0.102292,95.00,114.601257,2407.28,0.000003,3270.00
33.500,2497.59,-68.33,0.105357,95.00,98.026001,3527.72,0.000019,5065.00
33.550,4160.42,-55.07,0.159228,190.00,695.909912,4453.01,0.000377,9940.00
33.600,4511.41,-52.17,0.197513,190.00,501.967163,4428.56,0.000558,10135.00
33.650,4720.80,-56.02,0.125736,50.00,696.806885,4397.64,0.000378,10215.00
33.700,3222.27,-66.49,0.106662,50.00,409.992493,4150.06,0.000018,8705.00
33.750,759.41,-77.48,0.111128,50.00,87.010246,1889.01,0.000000,780.00
33.800,5140.55,-65.23,0.112090,50.00,173.255768,4890.20,0.000034,10805.00
33.850,6913.63,-58.75,0.116056,95.00,334.444336,4567.56,0.000212,11995.00
33.900,6816.03,-59.82,0.109441,95.00,328.712982,4552.35,0.000159,11885.00
33.950,3508.18,-68.60,0.107021,95.00,215.513931,4251.21,0.000010,8560.00
34.000,1258.92,-75.42,0.109345,95.00,54.558758,2010.72,0.000001,2990.00
34.050,3244.57,-66.05,0.115060,95.00,214.710327,4474.92,0.000020,9095.00
34.100,3816.65,-58.73,0.214298,100.00,1026.488281,4858.92,0.000057,10650.00
34.150,3450.06,-59.13,0.284046,65.00,946.724976,4795.27,0.000031,10290.00
34.200,2674.86,-66.30,0.221440,50.00,1011.784851,4498.01,0.000006,8615.00
34.250,946.37,-77.27,0.123209,50.00,850.253540,2582.87,0.000001,760.00
34.300,918.33,-77.72,0.104377,50.00,212.331665,2349.20,0.000001,770.00
34.350,5178.55,-60.19,0.115317,50.00,299.321289,4718.83,0.000108,10570.00
34.400,5308.05,-55.63,0.140047,95.00,447.044830,4572.01,0.000295,10530.00
34.450,4239.45,-58.25,0.136556,95.00,414.053223,4226.64,0.000147,9170.00
34.500,2485.32,-65.44,0.126036,95.00,317.962616,2942.47,0.000024,4190.00
34.550,2248.57,-67.53,0.119600,95.00,198.746368,2794.03,0.000014,3555.00
34.600,3846.12,-58.74,0.132661,95.00,362.815308,4302.33,0.000136,9290.00
34.650,4316.98,-52.71,0.204390,95.00,721.196777,4339.25,0.000359,9830.00
34.700,4400.00,-53.51,0.174667,50.00,505.903717,4286.10,0.000365,9840.00
34.750,3203.86,-59.76,0.132445,50.00,587.893982,3816.99,0.000108,7910.00
34.800,1828.68,-67.15,0.126767,50.00,351.272888,2520.65,0.000014,3335.00
34.850,2187.95,-67.11,0.118656,50.00,245.152130,3236.59,0.000016,4625.00
34.900,5624.11,-57.93,0.119731,50.00,432.786377,4609.63,0.000190,10905.00
34.950,5641.30,-56.06,0.127007,100.00,435.729889,4516.59,0.000316,10815.00
35.000,4171.69,-60.80,0.116719,95.00,483.175568,4084.13,0.000094,8890.00
35.050,2653.91,-67.58,0.113928,95.00,289.340698,2917.35,0.000014,4035.00
35.100,2718.64,-67.45,0.105504,95.00,228.840042,3057.69,0.000018,4185.00
35.150,3876.85,-59.29,0.151260,95.00,651.462524,4647.37,0.000092,10365.00
35.200,3748.88,-58.03,0.259964,65.00,968.634399,4870.10,0.000050,10665.00
35.250,3079.31,-62.86,0.241021,60.00,917.538635,4692.31,0.000014,9685.00
35.300,1545.60,-73.07,0.147732,50.00,947.872437,3482.98,0.000002,3085.00
35.350,551.19,-78.15,0.101431,50.00,494.566620,1475.12,0.000000,670.00
35.400,4787.53,-66.10,0.105595,50.00,133.063065,4820.53,0.000037,10270.00
35.450,6602.24,-58.20,0.112739,50.00,431.680847,4570.83,0.000323,11650.00
35.500,6454.35,-58.57,0.107399,70.00,421.249664,4532.23,0.000298,11415.00
35.550,3606.96,-66.52,0.103189,70.00,259.002686,4152.76,0.000025,8505.00
35.600,1677.10,-73.71,0.105101,70.00,88.796036,2388.58,0.000002,3375.00
35.650,3271.12,-64.03,0.108783,70.00,154.257141,4097.25,0.000048,8315.00
35.700,4329.81,-54.25,0.170734,75.00,692.924011,4397.22,0.000359,10000.00
35.750,4680.19,-52.79,0.177579,75.00,380.430359,4372.01,0.000483,10200.00
35.800,4807.87,-57.79,0.103269,75.00,645.728149,4366.98,0.000265,10275.00
35.850,2681.67,-69.84,0.094787,75.00,292.372681,3870.72,0.000009,7425.00
35.900,869.43,-77.74,0.099656,75.00,61.095310,2015.96,0.000000,1195.00
35.950,6471.49,-62.47,0.103527,75.00,164.978699,4676.70,0.000092,11730.00
36.000,7368.15,-58.00,0.111720,75.00,294.922211,4329.51,0.000292,12075.00
36.050,6601.81,-61.10,0.103903,70.00,243.758148,4587.70,0.000130,11755.00
36.100,2552.30,-71.35,0.102461,70.00,172.923813,3734.34,0.000005,7320.00
36.150,1174.06,-75.91,0.104229,70.00,43.977325,2023.44,0.000000,3020.00
36.200,3693.17,-63.19,0.120898,70.00,373.966248,4742.27,0.000044,10305.00
36.250,3973.85,-57.93,0.232025,70.00,846.252014,4939.07,0.000063,10925.00
36.300,3505.84,-59.68,0.282701,55.00,961.646851,4858.15,0.000025,10495.00
36.350,2264.80,-68.48,0.192521,50.00,965.034180,4211.78,0.000004,7275.00
36.400,2970.06,-70.46,0.108425,45.00,734.419800,3661.62,0.000005,7815.00
36.450,5060.00,-64.47,0.108326,50.00,212.736282,3786.14,0.000031,8980.00
36.500,5860.14,-57.04,0.116291,50.00,340.986847,4180.86,0.000246,10210.00
36.550,5417.55,-55.40,0.126517,95.00,453.383209,4322.21,0.000357,10235.00
36.600,3659.89,-59.72,0.128327,95.00,439.878479,3805.80,0.000112,8155.00
36.650,2423.84,-66.83,0.113893,95.00,341.745880,2596.80,0.000018,3665.00
36.700,2463.46,-68.24,0.106546,95.00,250.599808,2742.97,0.000018,3675.00
36.750,3966.04,-56.43,0.144867,95.00,575.363892,4248.78,0.000280,9450.00
36.800,4340.85,-52.47,0.205586,190.00,637.357300,4286.14,0.000448,9785.00
36.850,4364.55,-54.82,0.152072,50.00,623.207336,4194.64,0.000360,9670.00
36.900,3314.07,-62.33,0.121910,50.00,515.911621,3722.82,0.000055,8005.00
36.950,4177.58,-63.30,0.115197,50.00,225.219604,4210.45,0.000041,9205.00
37.000,4866.14,-63.10,0.112223,50.00,247.256332,4688.66,0.000059,10285.00
37.050,5658.08,-56.78,0.124057,90.00,424.475006,4600.86,0.000331,10875.00
37.100,4853.22,-56.16,0.143227,95.00,460.152496,4458.20,0.000312,9965.00
37.150,2813.49,-62.72,0.139397,95.00,420.274750,3390.68,0.000049,6385.00
37.200,2239.20,-68.13,0.127908,95.00,299.251984,2501.30,0.000010,3525.00
37.250,2667.10,-65.10,0.122032,95.00,257.196899,3341.20,0.000039,4660.00
37.300,3683.40,-57.88,0.198134,90.00,949.432312,4617.12,0.000109,10120.00
37.350,3537.01,-57.99,0.292722,85.00,1031.547241,4772.14,0.000048,10380.00
37.400,2877.22,-64.85,0.219563,50.00,968.971924,4595.83,0.000010,9255.00
37.450,1166.28,-75.52,0.113738,45.00,929.763367,2905.04,0.000001,1865.00
37.500,554.41,-77.86,0.104139,50.00,305.359253,1393.54,0.000000,760.00
37.550,5608.63,-62.85,0.108695,50.00,198.986511,4795.48,0.000058,10985.00
37.600,6681.57,-57.46,0.113946,95.00,382.846466,4520.95,0.000260,11635.00
37.650,6118.23,-59.40,0.104248,95.00,360.772217,4531.29,0.000158,11195.00
37.700,2791.06,-68.98,0.101289,95.00,209.327805,3440.37,0.000011,6725.00
37.750,1612.92,-74.20,0.102459,95.00,92.764336,1905.86,0.000001,3080.00
37.800,3826.82,-60.20,0.114682,95.00,302.377197,4348.17,0.000139,9560.00
37.850,4404.57,-53.07,0.183369,95.00,746.321777,4425.28,0.000467,10130.00
37.900,4689.43,-53.05,0.164080,50.00,444.042267,4405.85,0.000544,10275.00
37.950,4500.20,-59.60,0.108437,50.00,668.063599,4402.56,0.000132,10105.00
38.000,1721.77,-73.15,0.108439,50.00,224.693314,3235.99,0.000003,4265.00
38.050,1583.37,-75.16,0.111476,50.00,43.957157,3242.70,0.000001,3440.00
38.100,6224.86,-60.93,0.112842,50.00,258.000061,4700.26,0.000092,11305.00
38.150,6950.66,-58.08,0.102600,95.00,330.317566,4450.54,0.000258,11895.00
38.200,6085.16,-62.30,0.086893,95.00,366.414795,4599.98,0.000090,11225.00
38.250,2200.94,-72.89,0.088393,95.00,142.878952,3198.67,0.000004,4965.00
38.300,1765.55,-74.63,0.091279,95.00,51.452518,2892.67,0.000003,3145.00
38.350,4315.79,-60.53,0.133484,95.00,496.635254,4986.42,0.000104,11170.00
38.400,4064.84,-57.49,0.249949,65.00,964.703369,5002.90,0.000079,11065.00
38.450,3431.34,-61.61,0.237483,60.00,830.656799,4860.99,0.000026,10465.00
38.500,1916.84,-71.68,0.149849,50.00,939.485474,3918.26,0.000003,5710.00
38.550,1286.42,-76.46,0.105562,50.00,514.645996,2938.24,0.000001,2810.00
38.600,5355.61,-65.14,0.109987,50.00,147.587082,4652.19,0.000026,10425.00
38.650,6535.67,-56.96,0.115391,50.00,358.916870,4371.57,0.000268,10980.00
38.700,5799.47,-55.98,0.116411,95.00,424.526947,4399.17,0.000351,10595.00
38.750,3450.40,-61.43,0.117068,95.00,346.362152,3827.53,0.000080,8185.00
38.800,2135.28,-67.43,0.114925,95.00,209.195602,2817.23,0.000013,3725.00
38.850,2407.60,-65.79,0.114436,95.00,185.573471,3556.86,0.000039,5375.00
38.900,4014.80,-54.72,0.165845,190.00,652.235840,4351.65,0.000393,9555.00
38.950,4303.36,-52.33,0.196347,50.00,529.322998,4293.39,0.000564,9745.00
39.000,3997.33,-56.21,0.143460,50.00,623.639343,4110.95,0.000315,9165.00
39.050,2586.92,-63.93,0.127962,50.00,420.296997,3393.55,0.000035,5965.00
39.100,3366.04,-65.68,0.117001,50.00,288.472534,4313.44,0.000020,9205.00
39.150,5461.48,-61.13,0.114128,50.00,215.680649,4771.58,0.000081,11040.00
39.200,5821.72,-56.06,0.120451,50.00,421.928314,4588.97,0.000364,11020.00
39.250,4671.40,-57.73,0.123293,95.00,496.795074,4460.82,0.000223,9780.00
39.300,2448.25,-66.11,0.116451,95.00,344.486725,3056.43,0.000025,4260.00
39.350,2344.73,-68.42,0.111031,95.00,254.723969,2605.74,0.000010,3465.00
39.400,3326.61,-62.34,0.116580,95.00,332.313538,4094.13,0.000086,8345.00
39.450,4109.83,-57.21,0.211035,90.00,924.659180,4874.06,0.000113,11045.00
39.500,3766.61,-59.07,0.257232,60.00,768.376221,4911.38,0.000045,10800.00
39.550,2615.05,-67.34,0.163515,55.00,915.922302,4437.16,0.000008,8420.00
39.600,813.08,-77.24,0.107217,50.00,717.563049,2234.17,0.000001,765.00
39.650,1324.82,-76.12,0.111134,50.00,269.297363,2977.85,0.000001,3020.00
39.700,6044.25,-60.76,0.114795,50.00,332.519775,4768.96,0.000094,11270.00
39.750,6755.39,-57.66,0.115569,70.00,464.780426,4561.07,0.000230,11785.00
39.800,5670.69,-61.62,0.107095,70.00,365.599762,4716.95,0.000075,11065.00
39.850,1951.66,-72.01,0.107269,70.00,151.789688,2983.44,0.000004,3175.00
39.900,1546.22,-73.79,0.109086,70.00,65.289413,2282.05,0.000002,3005.00
39.950,4115.38,-57.64,0.131189,70.00,446.189484,4399.67,0.000247,9795.00
40.000,4666.27,-52.35,0.187503,75.00,612.599304,4399.74,0.000573,10240.00
40.050,4848.13,-54.25,0.141860,75.00,479.262817,4352.06,0.000529,10335.00
40.100,4170.33,-62.38,0.099359,75.00,552.171509,4338.66,0.000068,9770.00
40.150,1118.03,-76.25,0.102846,75.00,148.476608,2458.01,0.000001,2120.00
40.200,3811.35,-69.28,0.106114,75.00,50.302387,4607.07,0.000008,9380.00
40.250,6977.34,-59.30,0.114779,75.00,272.868408,4448.89,0.000136,11890.00
40.300,7145.50,-58.65,0.116033,70.00,273.952057,4393.34,0.000163,11950.00
40.350,4929.18,-65.39,0.108503,70.00,233.604431,4779.28,0.000023,10290.00
40.400,1295.96,-75.14,0.110357,70.00,90.724060,2433.57,0.000001,2780.00
40.450,2133.36,-70.29,0.110352,70.00,126.632866,3638.49,0.000008,5240.00
40.500,3821.89,-59.57,0.169717,70.00,823.565674,4797.74,0.000078,10565.00
40.550,3666.01,-58.04,0.270678,70.00,834.372314,4807.27,0.000049,10505.00
40.600,3132.24,-63.36,0.211134,60.00,863.412231,4646.02,0.000015,9615.00
40.650,1551.11,-73.56,0.121078,50.00,862.448975,3301.38,0.000002,3080.00
40.700,845.30,-77.44,0.109373,50.00,446.195496,1817.15,0.000000,2500.00
40.750,4816.39,-62.98,0.114361,50.00,150.363739,4697.90,0.000044,10320.00
40.800,5578.02,-56.42,0.128943,50.00,464.892487,4671.07,0.000265,11055.00
40.850,4568.66,-57.06,0.132732,95.00,488.584686,4478.45,0.000220,9820.00
40.900,2644.32,-64.41,0.119318,95.00,456.184021,3254.42,0.000035,5670.00
40.950,3315.14,-65.21,0.111176,95.00,285.865051,3702.78,0.000025,8540.00
41.000,4946.95,-59.94,0.113336,95.00,269.854767,4403.61,0.000122,10020.00
41.050,4503.36,-53.17,0.188468,100.00,789.177673,4376.53,0.000370,9940.00
41.100,4473.09,-52.55,0.196563,190.00,454.048523,4324.98,0.000409,9890.00
41.150,4188.65,-57.98,0.126933,50.00,727.336060,4228.85,0.000174,9540.00
41.200,3896.91,-64.89,0.108654,50.00,351.833405,4195.44,0.000027,9360.00
41.250,4599.65,-65.26,0.113840,50.00,152.319290,4498.44,0.000024,10280.00
41.300,5208.02,-59.55,0.120892,50.00,259.628357,4669.76,0.000148,10645.00
41.350,5305.19,-55.62,0.147878,95.00,475.242188,4548.50,0.000328,10490.00
41.400,4242.42,-58.71,0.141611,95.00,444.046997,4194.83,0.000146,9145.00
41.450,2422.38,-66.89,0.126986,95.00,390.320404,2758.95,0.000017,3685.00
41.500,2258.61,-68.50,0.123824,95.00,286.596100,2562.59,0.000009,3555.00
41.550,3384.42,-60.83,0.138557,190.00,507.815857,4259.18,0.000071,8885.00
41.600,3815.63,-57.42,0.240132,65.00,1022.855652,4791.46,0.000067,10610.00
41.650,3485.45,-60.26,0.247472,60.00,722.083252,4777.78,0.000028,10445.00
41.700,2294.63,-68.72,0.132004,55.00,966.995972,4056.34,0.000008,6820.00
41.750,1122.98,-75.49,0.097345,45.00,563.995911,2448.54,0.000001,2495.00
41.800,3279.55,-69.82,0.102788,50.00,187.613846,4375.05,0.000008,8755.00
41.850,6008.82,-58.35,0.112446,50.00,351.218262,4628.35,0.000186,11170.00
41.900,5441.41,-56.13,0.125835,95.00,416.680603,4544.52,0.000307,10650.00
41.950,3552.61,-60.78,0.117949,95.00,470.466125,3927.42,0.000097,8180.00
42.000,2701.42,-65.60,0.109458,95.00,255.905350,3323.05,0.000026,6935.00
42.050,4447.05,-63.02,0.104062,95.00,214.916397,4271.51,0.000055,9495.00
42.100,4557.00,-54.79,0.148403,95.00,601.116089,4383.83,0.000328,9970.00
42.150,4541.24,-52.05,0.199125,100.00,592.956238,4353.24,0.000438,10070.00
42.200,4486.35,-55.33,0.137742,50.00,647.705566,4311.94,0.000327,9920.00
42.250,3104.57,-64.28,0.112185,50.00,451.561981,3892.95,0.000036,7940.00
42.300,3649.02,-66.30,0.108898,50.00,213.751556,4275.83,0.000015,9565.00
42.350,4965.00,-63.25,0.108318,50.00,165.256744,4780.29,0.000061,10580.00
42.400,5720.54,-56.28,0.125592,95.00,437.935455,4632.30,0.000359,10990.00
42.450,4883.74,-56.41,0.137195,95.00,438.222260,4413.21,0.000300,9950.00
42.500,2917.60,-63.09,0.126070,95.00,377.848206,3320.22,0.000046,6300.00
42.550,2186.23,-67.06,0.116896,95.00,264.644073,2619.11,0.000015,3795.00
42.600,2622.33,-64.17,0.114060,95.00,301.893585,3527.35,0.000044,5660.00
42.650,3778.22,-58.02,0.198414,100.00,957.362549,4717.38,0.000086,10460.00
42.700,3741.55,-58.55,0.262683,65.00,804.064026,4857.27,0.000043,10645.00
42.750,3133.97,-65.21,0.166257,60.00,881.780334,4632.29,0.000014,9660.00
42.800,1470.22,-74.11,0.097776,45.00,726.016357,2843.64,0.000003,3625.00
42.850,1237.28,-76.38,0.103764,50.00,304.618469,2280.62,0.000001,3625.00
42.900,5765.52,-61.13,0.106979,50.00,201.920532,4638.00,0.000107,10920.00
42.950,5898.07,-56.23,0.119573,95.00,398.949280,4539.41,0.000387,11000.00
43.000,4558.77,-58.60,0.119828,95.00,417.725037,4385.52,0.000199,9695.00
43.050,2264.14,-66.68,0.112973,95.00,305.211334,2977.81,0.000020,4025.00
43.100,3161.55,-65.49,0.108490,95.00,208.163757,3739.48,0.000024,8460.00
43.150,4506.79,-57.84,0.121030,95.00,385.375763,4310.61,0.000188,9730.00
43.200,4494.54,-52.75,0.189827,95.00,688.517090,4339.89,0.000387,9940.00
43.250,4606.33,-53.67,0.158413,50.00,476.783234,4339.16,0.000412,10060.00
43.300,3922.40,-60.75,0.112616,50.00,610.805420,4195.43,0.000096,9320.00
43.350,3321.27,-66.58,0.110582,50.00,221.046829,3915.37,0.000017,8815.00
43.400,4252.37,-65.73,0.108340,50.00,203.129486,4397.90,0.000023,9825.00
43.450,5898.43,-58.47,0.115470,50.00,313.970337,4639.83,0.000182,11095.00
43.500,5414.65,-55.95,0.131351,100.00,449.084595,4574.65,0.000311,10675.00
43.550,3681.03,-60.28,0.124875,95.00,482.247070,4045.15,0.000099,8465.00
43.600,2200.65,-67.71,0.110734,95.00,320.550293,2742.40,0.000014,3655.00
43.650,2069.90,-68.26,0.107546,95.00,218.110901,2773.98,0.000017,3615.00
43.700,3688.76,-59.55,0.150612,95.00,518.223572,4593.46,0.000101,9870.00
43.750,3621.10,-57.77,0.263751,90.00,1033.978638,4781.17,0.000058,10425.00
43.800,2980.06,-62.25,0.260266,50.00,924.862854,4585.64,0.000015,9280.00
43.850,1646.80,-71.74,0.149208,45.00,962.029419,3422.53,0.000003,4035.00
43.900,924.77,-76.94,0.097447,45.00,475.293365,2064.10,0.000000,1535.00
43.950,4570.68,-65.18,0.102197,50.00,135.747833,4626.56,0.000029,9895.00
44.000,5728.53,-56.95,0.121407,50.00,487.822205,4578.31,0.000255,10855.00
44.050,5100.36,-56.72,0.133474,70.00,493.433228,4473.98,0.000228,10125.00
44.100,2896.21,-63.62,0.115393,70.00,388.733093,3569.01,0.000044,7125.00
44.150,2475.01,-66.61,0.111224,70.00,200.667252,3324.85,0.000017,6490.00
44.200,4518.93,-61.11,0.111661,70.00,241.250946,4332.85,0.000091,9630.00
44.250,4580.16,-53.70,0.168075,70.00,710.690063,4363.91,0.000391,9990.00
44.300,4617.12,-52.31,0.186321,75.00,429.809784,4344.94,0.000478,10140.00
44.350,4472.64,-56.96,0.122582,75.00,669.677002,4306.13,0.000237,9960.00
44.400,3125.08,-65.88,0.103519,75.00,351.396118,3907.58,0.000024,8575.00
44.450,4388.49,-66.15,0.096710,75.00,212.979858,4314.45,0.000017,9780.00
44.500,5438.10,-60.80,0.101774,75.00,178.211136,4596.13,0.000101,10615.00
44.550,5756.67,-55.61,0.124077,75.00,389.594391,4523.64,0.000350,10965.00
44.600,4927.31,-57.53,0.124637,70.00,344.645416,4448.45,0.000198,10070.00
44.650,2499.32,-65.81,0.122090,70.00,298.942871,3186.68,0.000023,5175.00
44.700,1888.96,-68.94,0.122934,70.00,181.802475,2590.34,0.000008,3425.00
44.750,2817.00,-62.99,0.128859,70.00,351.859467,3981.96,0.000058,7505.00
44.800,3683.53,-57.98,0.228069,70.00,959.930298,4744.17,0.000076,10460.00
44.850,3441.00,-59.59,0.259240,65.00,711.216370,4756.24,0.000037,10280.00
44.900,2593.42,-67.16,0.158952,55.00,1005.330017,4290.61,0.000009,7865.00
44.950,1235.58,-74.97,0.107237,50.00,659.988953,2507.77,0.000002,3075.00
45.000,2023.53,-73.48,0.109906,50.00,249.818970,3499.25,0.000003,5855.00
45.050,6030.37,-59.59,0.111133,50.00,289.165283,4668.99,0.000136,11145.00
45.100,5624.29,-56.24,0.121579,95.00,426.022827,4624.63,0.000328,10870.00
45.150,3766.49,-59.96,0.124108,95.00,411.319763,4168.85,0.000114,8705.00
45.200,1926.52,-67.81,0.113768,95.00,285.337006,2763.33,0.000014,3575.00
45.250,3314.50,-65.49,0.110477,95.00,211.427032,3851.77,0.000025,8645.00
45.300,4328.21,-56.00,0.140193,95.00,541.741577,4335.35,0.000265,9695.00
45.350,4539.45,-52.17,0.196369,160.00,636.090576,4359.86,0.000432,10095.00
45.400,4457.07,-54.44,0.151845,50.00,616.777588,4313.76,0.000355,9980.00
45.450,3212.88,-62.53,0.123078,50.00,519.377625,3956.57,0.000051,8400.00
45.500,4059.77,-65.17,0.114345,50.00,263.529877,4270.27,0.000021,9545.00
45.550,4677.71,-64.21,0.114272,50.00,186.780365,4591.48,0.000029,10160.00
45.600,5477.08,-57.40,0.128121,50.00,488.323425,4674.09,0.000193,10725.00
45.650,4908.80,-56.68,0.143802,95.00,516.877380,4548.69,0.000196,10115.00
45.700,2875.11,-63.04,0.133033,95.00,415.635986,3620.12,0.000040,7250.00
45.750,1638.53,-69.22,0.126813,95.00,277.551758,2323.39,0.000007,3025.00
45.800,2061.20,-66.63,0.126183,95.00,239.746567,3133.24,0.000020,3660.00
45.850,3637.75,-58.70,0.186973,100.00,881.143616,4673.00,0.000083,10245.00
45.900,3703.02,-58.10,0.261876,65.00,812.371826,4840.02,0.000051,10580.00
45.950,3086.58,-64.06,0.202753,60.00,953.050110,4657.61,0.000013,9665.00
46.000,1487.32,-74.20,0.118222,50.00,816.212280,3141.15,0.000002,4050.00
46.050,901.95,-77.66,0.099068,50.00,373.043304,1905.08,0.000000,1225.00
46.100,5424.07,-62.10,0.103689,50.00,197.026016,4625.79,0.000072,10625.00
46.150,5965.66,-56.08,0.129316,95.00,445.914459,4522.37,0.000297,11025.00
46.200,5029.43,-57.44,0.130567,95.00,412.165558,4467.94,0.000195,10130.00
46.250,2376.83,-66.19,0.109572,95.00,330.092010,3183.38,0.000025,4960.00
46.300,3045.10,-66.06,0.118497,95.00,249.527740,3709.71,0.000015,8360.00
46.350,4557.69,-59.65,0.124431,95.00,271.657471,4292.24,0.000104,9730.00
46.400,4355.00,-53.27,0.189590,95.00,739.294617,4273.62,0.000339,9790.00
46.450,4532.38,-53.01,0.173093,50.00,491.285889,4284.14,0.000432,9885.00
46.500,4284.11,-58.93,0.108931,50.00,677.316650,4245.42,0.000173,9700.00
46.550,3705.33,-66.00,0.099518,50.00,251.422424,4129.11,0.000024,9350.00
46.600,3884.80,-66.95,0.105910,50.00,172.336456,4281.56,0.000014,9680.00
46.650,5286.75,-59.04,0.118712,50.00,295.081635,4539.89,0.000135,10430.00
46.700,5611.45,-55.98,0.126605,95.00,384.673004,4487.95,0.000302,10700.00
46.750,4282.80,-59.39,0.111674,95.00,476.344879,4245.28,0.000147,9120.00
46.800,2156.53,-67.70,0.100386,95.00,266.363861,2674.07,0.000020,3945.00
46.850,1695.04,-70.35,0.103935,95.00,230.171051,2386.51,0.000009,3175.00
46.900,3887.04,-60.05,0.125336,95.00,443.042847,4695.01,0.000107,10480.00
46.950,3868.60,-57.29,0.248280,95.00,1027.482056,4876.71,0.000066,10795.00
47.000,3182.08,-61.05,0.266782,50.00,916.235535,4686.10,0.000019,9735.00
47.050,1823.17,-71.03,0.162460,45.00,957.371277,3709.51,0.000003,5030.00
47.100,849.97,-77.74,0.107295,45.00,534.706848,1962.48,0.000000,1275.00
47.150,3793.02,-67.50,0.108088,50.00,127.037109,4502.36,0.000022,9175.00
47.200,6040.04,-57.67,0.113872,50.00,365.264496,4567.75,0.000350,11080.00
47.250,5699.63,-56.55,0.108042,95.00,382.264252,4535.92,0.000530,10760.00
47.300,3356.64,-62.82,0.110638,95.00,397.254486,3988.81,0.000074,8075.00
47.350,1627.35,-70.42,0.118872,95.00,220.900955,2479.55,0.000005,2960.00
47.400,3570.55,-64.46,0.110221,95.00,210.918274,4116.31,0.000033,8920.00
47.450,4465.76,-54.50,0.154499,95.00,682.037537,4403.96,0.000333,10060.00
47.500,4583.23,-52.30,0.192530,95.00,486.524414,4360.15,0.000428,10095.00
47.550,4501.58,-56.24,0.126083,50.00,675.406555,4300.42,0.000286,9965.00
47.600,2828.76,-66.15,0.107714,50.00,410.197632,3817.81,0.000022,7615.00
47.650,2866.07,-68.95,0.114185,50.00,165.126007,3737.19,0.000006,8445.00
47.700,4936.90,-62.46,0.117031,50.00,146.953918,4643.25,0.000052,10205.00
47.750,5870.41,-56.41,0.124187,50.00,392.217621,4586.52,0.000296,10985.00
47.800,4914.57,-57.31,0.128773,95.00,486.277100,4496.87,0.000216,10125.00
47.850,2518.14,-65.25,0.128210,95.00,374.395508,3226.97,0.000025,5715.00
47.900,1849.59,-69.06,0.125859,95.00,205.376205,2508.76,0.000007,3375.00
47.950,2628.90,-63.99,0.132146,95.00,285.387085,3846.25,0.000034,6695.00
48.000,3536.91,-57.97,0.218650,100.00,1051.868286,4665.72,0.000073,10030.00
48.050,3321.40,-58.68,0.285727,65.00,953.188538,4690.30,0.000036,9930.00
48.100,2458.87,-65.92,0.230877,50.00,1033.976440,4287.59,0.000006,7675.00
48.150,1086.67,-75.75,0.128448,50.00,874.867798,2577.41,0.000001,1445.00
48.200,1275.42,-75.24,0.108973,50.00,236.085114,2736.36,0.000002,1710.00
48.250,5590.79,-59.83,0.113420,50.00,302.379150,4726.95,0.000168,10945.00
48.300,5798.99,-55.74,0.119212,70.00,475.549225,4588.00,0.000491,11015.00
48.350,4436.80,-58.72,0.112536,70.00,446.615265,4293.69,0.000228,9430.00
48.400,2384.07,-66.97,0.111483,70.00,248.945541,2998.42,0.000019,4450.00
48.450,2065.19,-70.24,0.114931,70.00,186.310196,2884.54,0.000006,3645.00
48.500,3796.15,-58.21,0.133022,70.00,411.758179,4275.55,0.000164,9290.00
48.550,4451.91,-52.56,0.193596,75.00,661.533325,4374.87,0.000414,9960.00
48.600,4614.68,-53.81,0.156073,75.00,491.954865,4333.75,0.000408,10040.00
48.650,3801.11,-61.28,0.106152,75.00,577.003845,4047.51,0.000091,8990.00
48.700,2155.54,-69.79,0.105334,75.00,213.510544,2967.50,0.000008,4125.00
48.750,3051.96,-66.83,0.110840,75.00,137.748840,3863.34,0.000027,7785.00
48.800,6019.93,-58.06,0.118358,75.00,265.989014,4594.12,0.000295,11200.00
48.850,6182.22,-56.94,0.120300,75.00,313.114349,4539.23,0.000388,11305.00
48.900,4107.05,-62.41,0.116818,70.00,296.699310,4245.65,0.000074,9020.00
48.950,2119.77,-70.06,0.115979,70.00,183.455109,2810.34,0.000006,4025.00
49.000,2241.26,-67.77,0.113943,70.00,198.793060,3045.08,0.000020,4195.00
49.050,3386.94,-59.39,0.171060,65.00,830.761658,4504.61,0.000099,9490.00
49.100,3346.41,-57.76,0.283607,65.00,859.865112,4637.14,0.000059,9805.00
49.150,2709.30,-62.07,0.261275,50.00,950.938293,4330.64,0.000018,8240.00
49.200,1423.69,-71.06,0.150640,45.00,955.835449,2925.64,0.000003,2535.00
49.250,850.73,-75.45,0.104954,45.00,438.571381,1522.97,0.000000,1720.00
49.300,4238.00,-63.45,0.108936,50.00,173.645721,4598.31,0.000045,9715.00
49.350,5869.02,-56.97,0.119582,50.00,376.089813,4614.75,0.000249,11050.00
49.400,5442.13,-57.81,0.117527,95.00,456.679382,4543.57,0.000195,10570.00
49.450,2997.12,-66.27,0.110069,95.00,339.680969,3618.67,0.000020,7430.00
49.500,1746.46,-71.90,0.113012,95.00,191.281128,2345.74,0.000003,3255.00
49.550,3263.90,-62.37,0.114908,95.00,224.418671,4025.29,0.000057,8305.00
49.600,4315.63,-53.89,0.170449,90.00,743.118713,4367.61,0.000346,10020.00
49.650,4560.86,-52.92,0.174480,50.00,397.415039,4357.96,0.000435,10110.00
49.700,4455.48,-58.32,0.113195,50.00,685.818359,4343.63,0.000186,9970.00
49.750,2013.60,-69.98,0.106397,50.00,282.791077,3363.73,0.000008,5065.00
49.800,866.70,-75.94,0.112425,50.00,106.068825,1836.39,0.000001,1145.00
49.850,5145.16,-60.69,0.114217,50.00,258.008850,4722.99,0.000098,10565.00
49.900,6105.36,-56.60,0.118187,95.00,367.576447,4571.69,0.000302,11205.00
49.950,5255.16,-59.40,0.110025,95.00,346.863434,4525.13,0.000138,10395.00
50.000,2304.06,-69.19,0.103039,95.00,225.675430,3027.17,0.000010,4065.00
50.050,1765.72,-71.81,0.105578,95.00,119.587189,2345.56,0.000004,3270.00
50.100,3247.61,-61.98,0.131237,95.00,410.172852,4335.95,0.000077,8925.00
50.150,3534.15,-57.90,0.253108,95.00,1025.952515,4713.54,0.000072,10210.00
50.200,3058.98,-60.35,0.282718,50.00,931.295959,4596.51,0.000027,9485.00
50.250,1855.40,-67.92,0.182973,50.00,995.665833,3621.84,0.000006,4350.00
50.300,875.65,-75.39,0.108167,45.00,667.844604,1731.29,0.000001,1530.00
50.350,2235.38,-69.50,0.112488,50.00,198.617462,3680.06,0.000009,6905.00
50.400,5552.94,-58.51,0.121387,50.00,341.770447,4724.16,0.000154,10890.00
50.450,5699.37,-56.74,0.120340,95.00,360.326477,4636.98,0.000263,10965.00
50.500,3978.11,-62.01,0.111129,95.00,412.986084,4242.44,0.000066,8900.00
50.550,1835.66,-71.04,0.108185,95.00,194.264969,2403.71,0.000005,3340.00
50.600,2026.82,-69.63,0.106638,95.00,124.053749,2857.10,0.000013,3575.00
50.650,3918.16,-56.18,0.149692,100.00,640.265076,4283.57,0.000313,9515.00
50.700,4398.53,-52.50,0.200094,100.00,579.546021,4353.39,0.000503,9900.00
50.750,4588.79,-55.26,0.136160,50.00,673.125427,4371.18,0.000417,10020.00
50.800,3133.19,-64.55,0.110696,50.00,486.946045,4053.48,0.000035,8470.00
50.850,920.51,-75.57,0.112325,50.00,146.892029,1819.62,0.000001,1520.00
50.900,3820.88,-64.62,0.114929,50.00,157.280579,4520.16,0.000034,9225.00
50.950,5902.00,-57.10,0.120404,95.00,357.953339,4645.16,0.000268,11055.00
51.000,5710.51,-57.45,0.112323,95.00,358.789520,4588.89,0.000264,10905.00
51.050,3203.45,-65.17,0.104071,95.00,300.706970,3801.16,0.000034,7825.00
51.100,1846.06,-71.57,0.104672,95.00,117.442459,2369.98,0.000004,3255.00
51.150,2762.35,-65.70,0.104742,95.00,195.089493,3810.58,0.000032,6670.00
51.200,3856.08,-58.57,0.193264,90.00,935.921509,4786.89,0.000078,10575.00
51.250,3514.14,-58.63,0.286076,65.00,994.961853,4788.87,0.000036,10405.00
51.300,2633.43,-64.56,0.229820,50.00,999.602661,4390.40,0.000009,8280.00
51.350,1106.38,-74.36,0.125772,45.00,898.429504,2510.67,0.000002,1540.00
51.400,865.28,-76.12,0.103600,50.00,259.837097,1784.05,0.000001,1250.00
51.450,5230.25,-61.03,0.109100,50.00,243.350922,4723.09,0.000094,10595.00
51.500,5937.28,-56.41,0.119371,95.00,366.676575,4588.84,0.000314,11025.00
51.550,4988.18,-58.88,0.113057,95.00,376.320038,4469.57,0.000165,10095.00
51.600,2340.60,-68.27,0.106293,95.00,250.959442,2989.42,0.000014,4060.00
51.650,1804.54,-71.35,0.109465,95.00,161.859024,2319.13,0.000003,3425.00
51.700,3438.71,-59.81,0.124343,95.00,369.491943,4126.10,0.000132,8635.00
51.750,4274.14,-53.07,0.190686,95.00,722.478455,4353.53,0.000401,9870.00
51.800,4600.43,-53.64,0.160043,50.00,449.073029,4350.64,0.000442,10090.00
51.850,4069.42,-60.58,0.110548,50.00,627.293518,4286.16,0.000098,9685.00
51.900,1407.40,-72.66,0.111766,50.00,209.805084,2545.30,0.000003,2510.00
51.950,1866.49,-70.87,0.117625,50.00,101.828255,3277.14,0.000005,4585.00
52.000,5370.62,-58.93,0.122773,50.00,349.156860,4671.01,0.000133,10620.00
52.050,5705.60,-56.74,0.119695,100.00,352.597900,4572.95,0.000265,10845.00
52.100,4206.71,-61.44,0.109929,95.00,451.557678,4281.83,0.000077,9125.00
52.150,1941.31,-70.34,0.109861,95.00,198.395798,2492.41,0.000007,3565.00
52.200,1898.94,-70.25,0.107655,95.00,148.425873,2570.89,0.000011,3445.00
52.250,3519.54,-60.09,0.153004,100.00,692.199463,4597.24,0.000102,9785.00
52.300,3647.03,-57.62,0.259440,65.00,953.537292,4813.04,0.000074,10555.00
52.350,2967.39,-61.43,0.258194,50.00,987.409302,4549.57,0.000023,9270.00
52.400,1543.52,-69.44,0.169597,50.00,911.692993,3104.18,0.000005,2720.00
52.450,927.64,-74.46,0.105950,50.00,596.374878,1566.71,0.000001,1830.00
52.500,3384.54,-64.84,0.114262,50.00,196.967712,4299.55,0.000032,8760.00
52.550,5490.10,-57.25,0.131229,50.00,480.990631,4665.51,0.000218,10730.00
52.600,5338.33,-57.35,0.134659,70.00,487.341278,4584.02,0.000195,10530.00
52.650,3021.68,-64.38,0.117674,70.00,351.425537,3727.16,0.000034,7565.00
52.700,1595.62,-71.27,0.119507,70.00,174.136261,2207.96,0.000004,3230.00
52.750,2573.22,-64.97,0.124138,70.00,212.155716,3561.27,0.000028,5550.00
52.800,4187.18,-54.49,0.169872,75.00,708.979309,4365.08,0.000310,9810.00
52.850,4543.82,-52.58,0.188871,75.00,402.157257,4351.59,0.000425,9955.00
52.900,4384.95,-56.95,0.123270,75.00,642.964844,4266.52,0.000246,9780.00
52.950,2492.36,-66.09,0.102215,75.00,377.202881,3239.34,0.000027,4915.00
53.000,1831.63,-70.94,0.106646,75.00,207.369034,2422.44,0.000003,3655.00
53.050,4699.20,-61.29,0.111815,75.00,174.327789,4468.40,0.000075,9845.00
53.100,6242.97,-56.89,0.116442,75.00,372.921143,4507.06,0.000261,11160.00
53.150,5695.18,-58.84,0.111895,70.00,335.936584,4534.67,0.000154,10775.00
53.200,2692.13,-67.67,0.115027,70.00,277.685425,3381.66,0.000013,6220.00
53.250,1769.60,-72.25,0.116645,70.00,116.150177,2349.21,0.000002,3640.00
53.300,3161.29,-63.87,0.119493,70.00,315.152008,4260.48,0.000041,8590.00
53.350,3810.93,-57.94,0.216250,70.00,844.200684,4797.73,0.000076,10600.00
53.400,3358.25,-58.75,0.288552,70.00,1003.645508,4710.45,0.000035,10045.00
53.450,2237.68,-65.73,0.214219,50.00,962.013184,3991.93,0.000008,6185.00
53.500,1049.42,-74.49,0.113668,45.00,857.572388,2038.46,0.000002,2065.00
53.550,1656.94,-72.33,0.103511,50.00,220.137299,2961.85,0.000005,3325.00
53.600,5570.35,-59.23,0.107406,50.00,300.808807,4681.25,0.000174,10895.00
53.650,5866.67,-56.21,0.111879,95.00,373.037109,4578.50,0.000373,11060.00
53.700,4513.63,-60.30,0.101262,95.00,375.704407,4331.48,0.000134,9570.00
53.750,2216.38,-69.69,0.098241,95.00,231.541611,2637.09,0.000010,3960.00
53.800,2019.14,-71.03,0.098754,95.00,134.627258,2488.16,0.000007,3605.00
53.850,3986.17,-56.93,0.129634,95.00,540.279236,4333.61,0.000250,9585.00
53.900,4452.70,-52.33,0.193941,160.00,662.925293,4359.38,0.000440,9960.00
53.950,4634.88,-54.38,0.142080,50.00,577.997314,4324.57,0.000412,10085.00
54.000,3583.13,-62.54,0.105115,50.00,536.378235,4098.01,0.000065,8905.00
54.050,1242.82,-73.61,0.109119,50.00,194.716537,2002.60,0.000002,2430.00
54.100,3040.19,-65.76,0.111803,50.00,192.127487,4088.19,0.000024,8190.00
54.150,5677.10,-57.50,0.119143,90.00,425.828522,4670.05,0.000225,11005.00
54.200,5721.78,-56.98,0.121109,95.00,463.577667,4597.22,0.000246,11010.00
54.250,3699.14,-63.56,0.114758,95.00,368.723846,4045.21,0.000041,8460.00
54.300,1907.74,-71.25,0.113007,95.00,169.860886,2315.93,0.000004,3520.00
54.350,2507.43,-67.10,0.112788,95.00,159.425476,3446.62,0.000017,5345.00
54.400,3751.83,-58.85,0.180164,90.00,920.779724,4745.89,0.000079,10495.00
54.450,3436.92,-58.03,0.288887,85.00,1042.369873,4743.01,0.000042,10185.00
54.500,2601.47,-63.33,0.241027,50.00,959.443542,4293.80,0.000012,7910.00
54.550,1393.64,-72.03,0.126584,45.00,969.483032,2715.45,0.000004,2550.00
54.600,1059.49,-74.99,0.102922,45.00,341.182404,1777.16,0.000001,2290.00
54.650,4465.80,-62.24,0.110085,50.00,198.298874,4636.42,0.000064,9990.00
54.700,5894.68,-56.31,0.122653,95.00,394.339600,4628.00,0.000296,11125.00
54.750,5539.62,-57.82,0.117596,95.00,377.613922,4562.53,0.000203,10775.00
54.800,2820.79,-66.86,0.113376,95.00,258.117340,3478.84,0.000018,6815.00
54.850,1853.35,-71.57,0.112871,95.00,145.728760,2239.18,0.000003,3450.00
54.900,3229.42,-61.31,0.122280,95.00,304.649567,3978.43,0.000080,8220.00
54.950,4219.40,-53.36,0.187470,95.00,799.562134,4343.62,0.000360,9765.00
55.000,4588.84,-53.01,0.172003,50.00,460.834259,4368.36,0.000449,10090.00
55.050,4426.15,-58.94,0.108310,50.00,697.676880,4326.06,0.000179,9885.00
55.100,1917.30,-70.62,0.105594,50.00,274.523956,3071.53,0.000007,4430.00
55.150,1371.11,-73.88,0.109839,50.00,99.551727,2521.56,0.000003,2495.00
55.200,5410.92,-59.53,0.113925,50.00,264.869385,4713.85,0.000162,10830.00
55.250,6031.01,-56.14,0.116510,95.00,368.929016,4609.58,0.000412,11200.00
55.300,5042.39,-59.82,0.099458,95.00,400.941620,4479.09,0.000181,10220.00
55.350,2339.08,-69.34,0.097285,95.00,213.219452,2776.18,0.000012,4045.00
55.400,1806.10,-71.07,0.098813,95.00,148.002670,2063.28,0.000004,3440.00
55.450,2390.22,-64.51,0.122306,100.00,496.240234,3484.75,0.000032,6395.00
55.500,4119.23,-55.91,0.245844,65.00,981.146057,4572.53,0.000097,9955.00
55.550,4877.59,-53.75,0.276697,65.00,982.291809,4689.35,0.000134,10640.00
55.600,4073.08,-58.90,0.215994,20.00,1038.631592,4603.21,0.000045,10090.00
55.650,1187.29,-73.20,0.155551,15.00,898.632507,2748.09,0.000001,2505.00
55.700,1750.05,-73.82,0.118036,10.00,492.603699,3269.26,0.000002,4720.00
55.750,2622.97,-73.44,0.084608,10.00,293.304993,3869.35,0.000003,7310.00
55.800,3334.82,-73.37,0.057019,10.00,194.112411,4132.74,0.000008,8495.00
55.850,3938.98,-72.98,0.032987,5.00,173.617661,4258.87,0.000026,9165.00
55.900,4288.39,-72.88,0.020287,5.00,102.047874,4283.62,0.000063,9365.00
55.950,4266.25,-73.28,0.018893,5.00,62.669743,4248.07,0.000071,9195.00
56.000,4145.80,-73.35,0.020795,10.00,57.053230,4288.78,0.000059,9075.00
56.050,3868.43,-73.16,0.018814,15.00,87.069710,4278.53,0.000080,8835.00
56.100,3339.21,-74.33,0.027237,180.00,100.670868,4160.72,0.000027,8270.00
56.150,3331.41,-75.21,0.030532,180.00,59.633949,4194.33,0.000016,8455.00
56.200,3885.42,-72.30,0.031591,180.00,47.864727,4270.51,0.000035,8960.00
56.250,4510.43,-67.27,0.033481,180.00,57.119328,4155.67,0.000123,9570.00
56.300,4294.77,-65.13,0.042771,180.00,130.935684,4112.33,0.000151,9250.00
56.350,4119.54,-64.82,0.055021,210.00,159.265915,4081.95,0.000101,9040.00
56.400,4406.01,-64.06,0.055957,215.00,126.673477,4170.29,0.000117,9570.00
56.450,4606.71,-62.92,0.058181,215.00,135.816162,4154.59,0.000153,9445.00
56.500,4546.18,-63.02,0.056707,215.00,111.149399,4091.01,0.000160,9190.00
56.550,4354.08,-65.10,0.048494,215.00,150.386597,4008.11,0.000115,8805.00
56.600,3963.47,-67.12,0.046715,215.00,103.004745,4014.91,0.000069,8610.00
56.650,3661.21,-68.65,0.046563,215.00,94.493416,4120.76,0.000045,8555.00
56.700,3772.87,-68.87,0.045694,215.00,69.420898,4353.08,0.000045,9215.00
56.750,4020.47,-69.08,0.043234,215.00,63.376640,4392.00,0.000046,9670.00
56.800,3622.26,-69.54,0.043548,215.00,53.802025,4194.44,0.000041,8880.00
56.850,2881.67,-68.36,0.049279,215.00,129.012360,3342.52,0.000050,6305.00
56.900,2965.94,-67.57,0.055511,255.00,138.676254,3120.50,0.000050,6160.00
56.950,2978.56,-68.49,0.054970,305.00,111.306084,3091.07,0.000039,6220.00
57.000,2221.23,-70.05,0.068462,35.00,273.946136,2942.81,0.000019,4590.00
57.050,1468.27,-70.67,0.143612,35.00,582.345642,2763.06,0.000004,3325.00
57.100,1308.32,-68.49,0.220792,30.00,613.404907,2819.01,0.000004,2730.00
57.150,1161.06,-67.27,0.281277,30.00,911.649536,2626.83,0.000003,2315.00
57.200,1074.63,-68.77,0.254979,45.00,826.185791,2311.71,0.000003,2485.00
57.250,801.17,-72.07,0.220649,45.00,651.670532,1864.74,0.000001,1585.00
57.300,659.21,-74.49,0.217631,20.00,875.698242,1652.49,0.000000,1100.00
57.350,1292.94,-70.32,0.175609,25.00,524.412781,1904.83,0.000003,2500.00
57.400,1862.71,-66.11,0.121891,25.00,792.850525,2221.14,0.000022,3210.00
57.450,2194.43,-66.24,0.100944,430.00,414.710022,2575.97,0.000032,3660.00
57.500,2590.01,-68.87,0.063772,430.00,367.285248,3283.21,0.000031,5165.00
57.550,3676.15,-65.93,0.061810,430.00,244.632950,4105.39,0.000074,8665.00
57.600,3939.03,-58.33,0.149200,110.00,776.929077,4638.94,0.000141,10390.00
57.650,3650.02,-56.20,0.270876,65.00,1024.734497,4558.40,0.000084,10035.00
57.700,2964.49,-59.82,0.230752,60.00,803.354919,3961.22,0.000040,7285.00
57.750,2083.32,-66.73,0.146075,55.00,930.168945,2514.13,0.000015,3615.00
57.800,1817.32,-69.81,0.129587,50.00,506.373444,1996.98,0.000005,3280.00
57.850,3800.07,-61.97,0.120644,50.00,298.314301,4046.89,0.000067,8720.00
57.900,5474.94,-55.89,0.128997,50.00,455.295502,4491.26,0.000324,10520.00
57.950,4983.45,-56.84,0.129353,95.00,473.184784,4425.43,0.000255,10070.00
58.000,2642.55,-64.90,0.118416,95.00,472.167816,3409.62,0.000031,6410.00
58.050,1746.41,-68.52,0.130999,95.00,317.002380,2268.52,0.000008,3465.00
58.100,2828.21,-62.66,0.136407,95.00,350.261108,3558.04,0.000061,6430.00
58.150,4161.63,-53.81,0.182782,100.00,765.403687,4286.93,0.000402,9670.00
58.200,4523.05,-52.51,0.182821,50.00,518.728210,4317.89,0.000554,9905.00
58.250,5142.98,-56.81,0.110242,50.00,758.825073,4448.42,0.000305,10585.00
58.300,4282.02,-64.29,0.105233,50.00,317.695679,4629.41,0.000035,10270.00
58.350,2583.86,-66.19,0.132657,50.00,346.496063,3180.11,0.000015,6340.00
58.400,4260.91,-58.84,0.146642,50.00,371.078552,4263.06,0.000114,9285.00
58.450,5632.35,-55.87,0.131479,95.00,479.480255,4581.21,0.000325,10895.00
58.500,5915.66,-59.91,0.099199,95.00,497.979340,4660.92,0.000154,11205.00
58.550,2581.89,-71.07,0.095725,95.00,223.502197,3812.41,0.000006,7615.00
58.600,2426.51,-68.58,0.107242,95.00,220.391708,3324.80,0.000013,6880.00
58.650,3957.57,-60.95,0.126376,95.00,408.484833,4584.09,0.000113,9770.00
58.700,3841.87,-57.11,0.235881,100.00,1049.748901,4805.35,0.000104,10445.00
58.750,3239.89,-58.16,0.270629,60.00,865.741516,4416.91,0.000059,9085.00
58.800,2551.14,-63.61,0.167999,60.00,1002.229248,3471.50,0.000025,5985.00
58.850,2106.58,-67.45,0.130666,45.00,701.785095,2612.30,0.000012,3975.00
58.900,2433.88,-65.78,0.140364,50.00,383.986908,2825.62,0.000019,4465.00
58.950,5028.64,-57.13,0.126197,50.00,480.650696,4413.92,0.000236,10120.00
59.000,5647.29,-55.53,0.118696,95.00,459.460541,4462.26,0.000422,10855.00
59.050,4232.00,-60.06,0.105121,95.00,472.045654,4213.70,0.000137,9050.00
59.100,2087.71,-67.45,0.129578,95.00,446.894653,2681.96,0.000012,3865.00
59.150,1983.34,-67.24,0.142320,95.00,294.710571,2513.72,0.000013,3655.00
59.200,3722.39,-56.38,0.157019,95.00,617.993408,4115.49,0.000216,8905.00
59.250,4303.80,-52.65,0.195583,100.00,646.796997,4292.61,0.000401,9710.00
59.300,4608.78,-55.06,0.133369,50.00,636.764526,4310.07,0.000372,9965.00
59.350,4352.19,-62.92,0.099018,50.00,501.475555,4470.27,0.000058,10060.00
59.400,4640.62,-63.77,0.105772,50.00,144.506149,4726.73,0.000041,10640.00
59.450,6375.06,-60.49,0.110063,50.00,168.007034,4775.82,0.000103,11310.00
59.500,6547.26,-56.41,0.115521,95.00,348.363464,4556.73,0.000316,11370.00
59.550,5530.65,-56.70,0.119954,95.00,435.560303,4445.90,0.000281,10600.00
59.600,3078.99,-63.57,0.114573,95.00,367.989288,3537.17,0.000049,7320.00
59.650,1560.35,-70.52,0.119948,95.00,377.148254,2033.81,0.000006,2905.00
59.700,2014.94,-65.55,0.140341,95.00,349.628204,2993.37,0.000022,3480.00
59.750,3229.00,-58.22,0.200823,100.00,936.635559,4362.21,0.000087,8955.00
59.800,3301.65,-57.52,0.268948,65.00,940.427734,4490.70,0.000056,9450.00
59.850,3245.35,-61.27,0.183793,60.00,859.065186,4292.04,0.000034,9090.00
59.900,4777.34,-61.93,0.096024,45.00,811.706177,4488.39,0.000080,9985.00
59.950,4189.68,-62.43,0.116051,50.00,465.854431,4331.74,0.000048,9610.00
60.000,4244.71,-60.16,0.131296,50.00,248.624603,4435.29,0.000093,9615.00
60.050,5506.89,-56.22,0.140568,95.00,588.807983,4604.78,0.000258,10710.00
60.100,4794.87,-58.76,0.133669,95.00,457.247986,4537.05,0.000136,10065.00
60.150,2231.67,-67.98,0.109356,95.00,462.419739,3107.23,0.000015,4395.00
60.200,1562.43,-70.65,0.118881,95.00,262.626373,2257.86,0.000004,3145.00
60.250,3177.04,-60.35,0.138011,95.00,398.114136,4015.41,0.000092,8255.00
60.300,4265.41,-53.06,0.190216,95.00,753.778625,4345.72,0.000389,9920.00
60.350,4543.43,-53.13,0.170449,50.00,503.142059,4361.12,0.000448,10160.00
60.400,4112.53,-59.49,0.111446,50.00,702.366455,4228.49,0.000148,9595.00
60.450,2265.38,-67.76,0.109343,50.00,299.979614,2762.90,0.000014,4125.00
60.500,2545.91,-66.40,0.127088,50.00,302.875916,2697.51,0.000017,4220.00
60.550,5336.80,-58.50,0.122717,50.00,366.758942,4484.20,0.000164,10425.00
60.600,6110.61,-57.34,0.121272,100.00,451.988434,4621.51,0.000248,11235.00
60.650,4394.41,-61.37,0.116162,95.00,541.534668,4398.33,0.000079,9475.00
60.700,2199.65,-69.20,0.111843,95.00,355.039001,2674.64,0.000009,4125.00
60.750,4218.56,-65.05,0.095701,95.00,267.887024,3903.48,0.000034,8655.00
60.800,5111.71,-58.58,0.129619,95.00,596.111694,4656.47,0.000136,10500.00
60.850,3973.71,-55.92,0.259796,90.00,1023.368164,4647.67,0.000085,10050.00
60.900,2818.31,-58.67,0.277821,50.00,955.912598,3930.34,0.000037,7160.00
60.950,2081.25,-65.48,0.177055,50.00,975.701782,2731.43,0.000013,3610.00
61.000,2270.07,-69.00,0.102677,45.00,637.170837,2548.34,0.000011,3735.00
61.050,3325.90,-63.63,0.105913,50.00,214.086472,3666.53,0.000053,7775.00
61.100,5007.88,-56.03,0.127674,50.00,474.529785,4451.87,0.000322,10130.00
61.150,5033.96,-55.80,0.121585,70.00,468.908081,4454.02,0.000378,10120.00
61.200,3517.74,-62.46,0.104640,70.00,428.828003,3940.83,0.000071,8235.00
61.250,4463.77,-63.07,0.103347,70.00,187.156891,4052.57,0.000050,9155.00
61.300,3561.09,-60.88,0.119190,70.00,326.601807,3726.92,0.000093,8325.00
61.350,3832.92,-54.52,0.183201,70.00,695.309265,4137.28,0.000278,9210.00
61.400,4442.23,-52.30,0.196551,75.00,517.722900,4304.62,0.000431,10045.00
61.450,4761.43,-56.41,0.110762,75.00,719.093689,4319.76,0.000345,10280.00
61.500,3114.93,-66.73,0.087880,75.00,376.821136,3929.72,0.000025,8090.00
61.550,2238.78,-68.30,0.102649,75.00,268.653381,2619.34,0.000013,4435.00
61.600,3901.60,-59.36,0.125463,75.00,286.825500,3781.93,0.000120,8305.00
61.650,5305.26,-55.42,0.124455,75.00,413.604889,4388.57,0.000369,10205.00
61.700,4441.47,-57.57,0.128148,70.00,413.430359,4414.86,0.000206,9635.00
61.750,2146.38,-65.44,0.112591,70.00,313.528778,2940.39,0.000033,3875.00
61.800,1773.49,-70.08,0.100102,70.00,289.900574,2429.36,0.000008,3155.00
61.850,3281.10,-64.00,0.106460,70.00,278.191833,4341.02,0.000049,8915.00
61.900,3912.40,-57.98,0.213301,65.00,981.708679,4842.95,0.000074,10705.00
61.950,3619.70,-59.08,0.259655,65.00,637.929688,4828.68,0.000037,10555.00
62.000,2734.19,-65.70,0.152638,55.00,955.594788,4352.95,0.000014,8250.00
62.050,1071.87,-72.49,0.105493,50.00,720.653748,2043.81,0.000004,2305.00
62.100,1235.33,-70.63,0.137125,50.00,441.534882,2313.78,0.000006,2355.00
62.150,4831.11,-59.45,0.129497,50.00,406.395233,4688.63,0.000122,10205.00
62.200,6125.23,-57.12,0.117224,95.00,460.905853,4609.07,0.000272,11205.00
62.250,5121.72,-61.08,0.096074,95.00,413.782928,4613.48,0.000116,10255.00
62.300,2530.85,-68.03,0.098839,95.00,213.799133,3575.30,0.000015,6860.00
62.350,1911.69,-69.64,0.112306,95.00,224.184723,2821.32,0.000009,3230.00
62.400,3716.28,-57.85,0.137044,95.00,509.140656,4217.13,0.000169,9050.00
62.450,4269.26,-52.69,0.204247,95.00,692.022522,4343.97,0.000363,9855.00
62.500,4455.45,-54.36,0.164620,50.00,590.008545,4358.89,0.000316,9970.00
62.550,3551.11,-61.71,0.117378,50.00,599.574036,4040.92,0.000068,8750.00
62.600,4551.85,-63.46,0.106046,50.00,281.193787,4110.84,0.000040,9230.00
62.650,5866.48,-60.77,0.105698,50.00,192.144043,4171.60,0.000089,10115.00
62.700,5193.64,-55.65,0.133869,50.00,534.389832,4381.98,0.000292,10185.00
62.750,4887.52,-54.94,0.149296,95.00,516.321716,4306.93,0.000309,9865.00
62.800,3673.92,-60.74,0.123638,95.00,510.236023,3674.80,0.000090,7975.00
62.850,2776.03,-67.32,0.114501,95.00,344.654205,2975.21,0.000015,4050.00
62.900,2974.06,-66.00,0.116136,95.00,220.325546,3415.67,0.000023,6430.00
62.950,3793.92,-58.99,0.173962,100.00,862.631409,4656.38,0.000081,10305.00
63.000,3745.12,-57.48,0.260404,65.00,823.159119,4745.43,0.000060,10455.00
63.050,4237.90,-59.72,0.204046,60.00,899.293152,4743.41,0.000044,10270.00
63.100,6606.53,-61.92,0.118650,50.00,847.004333,4630.64,0.000062,11025.00
63.150,7183.56,-63.10,0.099215,50.00,423.980042,4612.72,0.000058,11460.00
63.200,5660.55,-61.92,0.102813,50.00,188.462357,4864.52,0.000113,11120.00
63.250,5657.08,-56.61,0.124907,95.00,466.970032,4662.77,0.000377,10940.00
63.300,4666.31,-57.08,0.132769,95.00,447.373627,4433.35,0.000301,9845.00
63.350,2403.39,-64.32,0.120785,95.00,402.927460,2937.38,0.000040,4285.00
63.400,1885.71,-67.81,0.124597,95.00,280.890686,2085.16,0.000010,3115.00
63.450,2789.18,-61.30,0.132580,95.00,352.800323,3389.76,0.000082,6000.00
63.500,4095.67,-53.50,0.188815,95.00,725.102966,4236.37,0.000356,9500.00
63.550,4484.61,-52.89,0.175419,50.00,484.507690,4298.77,0.000462,9880.00
63.600,4364.42,-58.40,0.106096,50.00,704.012390,4227.59,0.000214,9685.00
63.650,2628.29,-65.04,0.118674,50.00,364.440582,3011.82,0.000030,4235.00
63.700,2396.57,-65.23,0.136801,50.00,266.900024,2641.08,0.000024,3930.00
63.750,4891.53,-58.78,0.117457,50.00,369.333466,4431.49,0.000151,10035.00
63.800,6386.43,-57.38,0.106258,95.00,405.278076,4606.50,0.000279,11470.00
63.850,4843.03,-60.93,0.096223,95.00,416.544128,4716.66,0.000128,10260.00
63.900,1769.61,-70.56,0.089794,95.00,236.150223,3100.45,0.000011,3465.00
63.950,1154.59,-75.02,0.084213,95.00,149.960861,2385.28,0.000003,1680.00
64.000,4234.82,-61.92,0.115540,95.00,349.562683,4952.58,0.000082,11135.00
64.050,3981.65,-57.65,0.241543,90.00,999.890564,4935.06,0.000074,10985.00
64.100,3330.72,-60.25,0.272686,50.00,937.714294,4739.76,0.000025,10000.00
64.150,1980.15,-68.71,0.171471,50.00,968.582947,3763.61,0.000005,4815.00
64.200,1374.38,-71.03,0.110915,45.00,637.192017,1936.55,0.000005,2865.00
64.250,2166.93,-64.80,0.126935,50.00,273.385864,3051.27,0.000047,3855.00
64.300,5258.04,-57.32,0.120464,50.00,394.541138,4648.42,0.000330,10560.00
64.350,5848.03,-56.97,0.120270,95.00,499.306763,4610.98,0.000354,11050.00
64.400,3864.22,-63.20,0.120505,95.00,384.879364,4198.65,0.000057,8795.00
64.450,1812.30,-70.42,0.109854,95.00,280.847198,2559.69,0.000006,3140.00
64.500,1956.89,-68.34,0.125723,95.00,252.251648,3043.23,0.000013,3230.00
64.550,4136.54,-55.46,0.151823,95.00,643.962830,4397.89,0.000353,9770.00
64.600,4613.34,-52.05,0.187424,160.00,616.941467,4416.27,0.000608,10325.00
64.650,4651.92,-55.20,0.132624,50.00,635.316528,4355.52,0.000413,10305.00
64.700,3060.50,-63.93,0.115003,50.00,474.019012,3693.34,0.000040,7365.00
64.750,2047.88,-69.61,0.122676,50.00,200.686371,2746.76,0.000006,3540.00
64.800,4046.65,-63.26,0.112823,50.00,275.154114,4406.21,0.000048,9240.00
64.850,5837.22,-56.87,0.117512,50.00,448.912201,4566.89,0.000302,10995.00
64.900,5353.22,-57.24,0.113602,95.00,467.491638,4329.03,0.000289,10200.00
64.950,3617.40,-63.58,0.110232,95.00,407.303436,3240.42,0.000053,7115.00
65.000,3160.83,-66.80,0.108039,95.00,265.558258,2736.37,0.000018,5925.00
65.050,3480.03,-63.22,0.108978,95.00,307.078094,3697.64,0.000074,7575.00
65.100,3774.50,-57.67,0.205031,100.00,963.855408,4650.91,0.000105,10180.00
65.150,3453.21,-57.60,0.279034,65.00,850.459534,4624.65,0.000060,9945.00
65.200,4078.50,-60.11,0.223546,50.00,1078.603271,4648.19,0.000031,10380.00
65.250,5834.55,-60.09,0.134932,50.00,835.073181,4700.31,0.000072,10965.00
65.300,5228.60,-60.37,0.119244,50.00,341.092957,4572.11,0.000083,10805.00
65.350,6083.18,-58.13,0.113767,50.00,297.729584,4679.36,0.000191,11240.00
65.400,6019.84,-55.67,0.128311,70.00,532.068420,4594.28,0.000326,11145.00
65.450,4948.02,-57.89,0.122137,70.00,458.084839,4472.15,0.000180,10165.00
65.500,3687.81,-61.13,0.121001,70.00,392.087219,4078.95,0.000077,9500.00
65.550,3454.78,-60.65,0.140843,70.00,353.234894,3767.41,0.000076,8865.00
65.600,3807.27,-57.48,0.143186,70.00,439.299408,4019.75,0.000173,9195.00
65.650,4414.23,-52.43,0.194391,75.00,675.502136,4271.95,0.000398,9885.00
65.700,4691.30,-53.16,0.162377,75.00,471.808380,4280.79,0.000433,10090.00
65.750,4684.60,-58.72,0.101557,75.00,642.987854,4261.85,0.000189,10005.00
65.800,4115.46,-60.60,0.106968,75.00,291.201447,3936.34,0.000105,9485.00
65.850,3931.59,-60.10,0.116617,75.00,171.779755,3702.46,0.000115,9050.00
65.900,5751.31,-56.99,0.110332,75.00,307.438934,4357.65,0.000290,10645.00
65.950,5556.50,-55.64,0.122806,75.00,369.633392,4437.50,0.000381,10615.00
66.000,4902.67,-58.97,0.110544,70.00,269.147491,4430.97,0.000164,10240.00
66.050,4653.85,-60.87,0.117194,70.00,352.069916,4486.78,0.000075,10350.00
66.100,3308.53,-62.09,0.126658,70.00,201.952744,3948.74,0.000056,9120.00
66.150,3516.28,-59.48,0.158527,75.00,778.720337,4553.56,0.000089,9815.00
66.200,3233.19,-56.38,0.274999,65.00,912.772888,4344.43,0.000078,8955.00
66.250,2637.32,-58.52,0.270435,50.00,961.328552,3649.01,0.000045,6230.00
66.300,2342.83,-64.56,0.170812,50.00,974.894836,2897.14,0.000019,4295.00
66.350,2398.32,-66.54,0.115619,45.00,547.820557,2626.13,0.000015,4045.00
66.400,3641.17,-63.01,0.104789,50.00,288.075104,3935.70,0.000053,8370.00
66.450,5578.00,-56.61,0.114392,50.00,446.539032,4496.78,0.000288,10620.00
66.500,4906.12,-56.35,0.130520,95.00,489.630890,4299.24,0.000255,9795.00
66.550,3235.02,-63.55,0.109095,95.00,386.409393,3576.04,0.000048,7550.00
66.600,2567.58,-65.24,0.124315,95.00,398.338867,2768.17,0.000024,5085.00
66.650,2928.61,-62.03,0.136492,95.00,229.277298,3240.35,0.000083,6220.00
66.700,4068.99,-53.85,0.171301,100.00,770.575195,4260.34,0.000488,9520.00
66.750,4434.86,-52.38,0.184170,50.00,450.192780,4318.19,0.000634,9890.00
66.800,4553.41,-57.48,0.110706,50.00,733.195251,4299.42,0.000325,9975.00
66.850,3799.28,-62.73,0.104981,50.00,305.136414,3679.18,0.000058,8265.00
66.900,2971.37,-63.50,0.134812,50.00,341.384338,2986.46,0.000029,6630.00
66.950,4293.97,-60.12,0.125245,50.00,297.590790,4224.47,0.000095,9250.00
67.000,6500.74,-57.28,0.110018,95.00,470.663574,4550.08,0.000266,11430.00
67.050,7444.62,-59.93,0.096294,95.00,362.887054,4279.35,0.000150,11930.00
67.100,5204.09,-63.04,0.096058,95.00,220.644485,4497.29,0.000055,10345.00
67.150,2614.16,-64.25,0.134893,95.00,474.654205,2879.07,0.000025,5685.00
67.200,3028.11,-60.13,0.159384,95.00,476.474457,3659.44,0.000075,6755.00
67.250,3574.02,-56.79,0.234156,105.00,1094.378906,4524.80,0.000089,9695.00
67.300,3229.77,-58.70,0.275895,65.00,1015.101624,4540.02,0.000036,9415.00
67.350,2126.46,-66.57,0.206185,50.00,971.831299,3875.55,0.000006,5760.00
67.400,1741.00,-69.24,0.129850,50.00,866.410095,2443.15,0.000007,3410.00
67.450,2109.55,-66.66,0.128010,50.00,313.457642,2647.33,0.000017,3640.00
67.500,4768.28,-57.88,0.124861,50.00,459.136780,4508.82,0.000198,9970.00
67.550,4954.79,-55.81,0.140730,95.00,517.708374,4533.64,0.000304,10130.00
67.600,3651.58,-60.05,0.133744,95.00,537.513489,4003.90,0.000097,8435.00
67.650,2136.56,-68.62,0.127424,95.00,405.311279,2408.39,0.000009,3860.00
67.700,2140.59,-69.52,0.116011,95.00,333.596619,2434.69,0.000011,3785.00
67.750,3940.77,-56.46,0.138367,95.00,648.344666,4273.75,0.000312,9495.00
67.800,4495.57,-52.21,0.194622,100.00,626.129639,4383.35,0.000538,10100.00
67.850,4539.16,-54.56,0.141928,50.00,627.674622,4332.41,0.000458,10070.00
67.900,3207.32,-62.58,0.109115,50.00,496.048401,3701.93,0.000058,7690.00
67.950,2306.04,-67.46,0.114217,50.00,293.584747,2427.57,0.000015,3875.00
68.000,3081.41,-62.07,0.126657,50.00,206.216019,3353.71,0.000093,6585.00
68.050,5628.39,-56.92,0.115520,95.00,452.071594,4530.27,0.000438,10815.00
68.100,5315.33,-56.83,0.130713,95.00,485.227356,4464.98,0.000347,10350.00
68.150,3036.79,-62.95,0.118904,95.00,327.727997,3584.10,0.000061,7495.00
68.200,2468.99,-65.34,0.119468,95.00,407.982544,2773.92,0.000022,4390.00
68.250,3827.56,-61.26,0.108939,95.00,236.491318,3803.33,0.000088,8550.00
68.300,4370.18,-57.54,0.182605,100.00,953.037720,4698.52,0.000101,10190.00
68.350,3469.26,-56.45,0.278633,65.00,919.224243,4450.74,0.000067,9210.00
68.400,2566.57,-60.30,0.242278,50.00,1026.612427,3616.89,0.000032,6100.00
68.450,2050.71,-66.89,0.148760,50.00,905.908264,2521.04,0.000013,3835.00
68.500,2025.01,-69.10,0.114573,50.00,418.567780,2158.84,0.000008,3210.00
68.550,4556.34,-61.42,0.105384,50.00,308.032440,4352.02,0.000090,9635.00
68.600,6366.68,-57.31,0.107333,95.00,403.423157,4501.29,0.000292,11070.00
68.650,5213.14,-57.71,0.117780,95.00,467.749420,4446.69,0.000226,9920.00
68.700,4069.86,-61.62,0.116994,95.00,255.468399,3862.93,0.000079,8830.00
68.750,3886.88,-62.75,0.110020,95.00,287.863556,3539.18,0.000041,8545.00
68.800,3733.75,-58.99,0.117372,95.00,303.437469,3814.74,0.000173,8390.00
68.850,4333.63,-52.87,0.187851,95.00,737.922363,4314.37,0.000411,9775.00
68.900,4590.49,-52.58,0.177709,50.00,437.062408,4299.52,0.000482,9920.00
68.950,4831.91,-57.96,0.106670,50.00,700.794006,4231.91,0.000230,9830.00
69.000,5735.39,-60.69,0.103303,50.00,274.997833,4154.45,0.000101,9995.00
69.050,4173.73,-59.45,0.128305,50.00,376.267761,3887.13,0.000138,9055.00
69.100,4480.04,-56.74,0.145796,50.00,412.508270,4200.39,0.000277,9405.00
69.150,5637.02,-55.75,0.129911,100.00,472.297760,4424.46,0.000427,10585.00
69.200,4707.95,-59.91,0.101966,95.00,524.110962,4163.76,0.000183,9395.00
69.250,3699.76,-66.75,0.089214,95.00,275.678558,3569.59,0.000023,8380.00
69.300,4197.16,-66.01,0.094795,95.00,214.890427,4001.03,0.000026,9265.00
69.350,3952.81,-58.71,0.142671,95.00,544.812683,4399.67,0.000125,9575.00
69.400,3777.91,-56.49,0.250874,65.00,1003.014038,4652.04,0.000085,10160.00
69.450,3278.12,-60.22,0.251392,60.00,886.335815,4593.40,0.000028,9540.00
69.500,2005.00,-69.08,0.158248,50.00,989.486206,3740.83,0.000005,5010.00
69.550,2018.97,-69.11,0.107742,50.00,634.337769,2323.59,0.000008,3435.00
69.600,2640.38,-62.90,0.123757,50.00,277.337036,3047.42,0.000075,4690.00
69.650,4897.65,-56.35,0.124762,50.00,490.618317,4451.27,0.000405,10060.00
69.700,4653.74,-55.60,0.140211,70.00,558.659241,4343.80,0.000408,9705.00
69.750,2979.61,-61.19,0.136170,70.00,451.061707,3323.78,0.000087,6575.00
69.800,2222.71,-68.56,0.123600,70.00,372.089355,2284.91,0.000009,3825.00
69.850,2911.74,-63.82,0.115012,70.00,263.847504,3339.71,0.000041,6550.00
69.900,4243.33,-54.80,0.161354,75.00,692.533203,4318.06,0.000274,9780.00
69.950,4582.72,-52.60,0.184901,75.00,396.507629,4340.51,0.000414,10075.00
70.000,4395.49,-56.45,0.128396,75.00,698.111328,4277.99,0.000264,9825.00
70.050,2660.10,-64.56,0.121898,75.00,362.740234,3364.46,0.000032,6580.00
70.100,1840.73,-69.01,0.123139,75.00,269.296875,2406.97,0.000007,3365.00
70.150,3966.55,-61.79,0.126056,75.00,236.286362,4262.27,0.000069,9015.00
70.200,5911.39,-56.96,0.120590,75.00,430.833862,4546.28,0.000290,10975.00
70.250,4751.89,-57.89,0.136397,70.00,391.108185,4422.01,0.000184,9865.00
70.300,2610.46,-65.19,0.112365,70.00,353.129272,3232.40,0.000033,6050.00
70.350,2426.88,-66.74,0.114605,70.00,403.365540,2911.00,0.000017,4305.00
70.400,3077.89,-61.94,0.123664,70.00,247.963348,3813.12,0.000072,7435.00
70.450,3795.26,-57.29,0.216562,70.00,985.430481,4736.34,0.000089,10550.00
70.500,3060.29,-57.09,0.294675,65.00,943.436523,4297.12,0.000055,8535.00
70.550,2186.41,-61.72,0.236658,50.00,1070.083374,3119.78,0.000024,3875.00
70.600,1893.92,-67.81,0.137898,45.00,925.130920,2187.84,0.000011,3490.00
70.650,2030.99,-69.58,0.107952,50.00,323.053101,2321.44,0.000010,3545.00
70.700,5443.57,-59.60,0.101903,50.00,340.822632,4556.54,0.000174,10545.00
70.750,6351.37,-57.00,0.099807,95.00,380.054169,4547.92,0.000397,11300.00
70.800,4365.00,-59.80,0.106312,95.00,414.299622,4355.80,0.000166,9380.00
70.850,2087.45,-68.49,0.100316,95.00,216.020889,2802.59,0.000016,3850.00
70.900,1622.38,-71.64,0.096735,95.00,215.375595,2246.79,0.000005,3500.00
70.950,3742.45,-57.84,0.127877,95.00,442.317963,4199.10,0.000184,9130.00
71.000,4435.97,-52.52,0.188916,160.00,692.690369,4350.10,0.000409,10005.00
71.050,4613.29,-53.93,0.147476,50.00,520.011475,4332.83,0.000422,10135.00
71.100,3503.24,-61.66,0.109544,50.00,576.138428,4080.53,0.000081,8810.00
71.150,1753.99,-68.07,0.121603,50.00,285.289429,2148.68,0.000012,3065.00
71.200,2324.12,-63.88,0.132135,50.00,336.257019,2825.77,0.000037,3680.00
71.250,5141.50,-57.11,0.129742,90.00,525.876831,4447.25,0.000204,10260.00
71.300,6162.02,-57.22,0.121100,95.00,514.605164,4480.38,0.000212,11175.00
71.350,4868.32,-63.48,0.103163,95.00,382.122437,4477.71,0.000042,9895.00
71.400,1816.46,-71.40,0.105287,95.00,210.935516,3037.78,0.000005,4050.00
71.450,1950.50,-68.94,0.116401,95.00,172.346573,3339.11,0.000012,4690.00
71.500,3681.69,-60.06,0.169362,100.00,837.016357,4810.90,0.000067,10415.00
71.550,3362.30,-57.62,0.280971,70.00,1014.869812,4670.87,0.000053,9845.00
71.600,2478.14,-60.63,0.257284,50.00,993.987183,3851.37,0.000028,6165.00
71.650,1825.26,-68.12,0.152670,45.00,978.780334,2514.77,0.000009,3125.00
71.700,1826.93,-71.27,0.107376,45.00,448.891632,2070.69,0.000005,2980.00
71.750,4480.67,-62.94,0.101906,50.00,270.705444,4470.63,0.000066,9745.00
71.800,6604.86,-57.95,0.110659,95.00,423.765167,4614.49,0.000243,11770.00
71.850,5867.74,-59.22,0.116719,95.00,412.554291,4742.52,0.000155,11270.00
71.900,2750.11,-68.40,0.106218,95.00,289.375519,3934.45,0.000013,7795.00
71.950,1700.89,-71.17,0.110298,95.00,232.241501,2266.69,0.000005,2850.00
72.000,3015.18,-61.92,0.120680,95.00,247.794281,3476.73,0.000068,6330.00
72.050,4179.73,-53.78,0.177061,95.00,724.791992,4215.36,0.000335,9695.00
72.100,4536.42,-52.78,0.174489,50.00,474.152313,4259.32,0.000445,9945.00
72.150,4459.24,-57.69,0.112458,50.00,679.641113,4109.19,0.000227,9730.00
72.200,2735.62,-67.51,0.105624,50.00,315.547577,2880.28,0.000019,3685.00
72.250,2401.53,-70.15,0.111854,50.00,219.651108,2505.34,0.000007,3530.00
72.300,5271.24,-59.93,0.112732,50.00,265.774750,4479.23,0.000119,10290.00
72.350,6360.33,-57.14,0.106942,95.00,375.973633,4604.39,0.000300,11445.00
72.400,4674.04,-59.51,0.100201,95.00,450.812195,4488.15,0.000183,9800.00
72.450,2182.24,-67.25,0.101853,95.00,273.188110,2697.92,0.000023,3185.00
72.500,2122.12,-68.71,0.106048,95.00,275.677277,2312.59,0.000015,3050.00
72.550,3393.11,-60.91,0.121933,95.00,419.213257,4279.84,0.000127,8710.00
72.600,3747.70,-57.12,0.236670,95.00,998.378845,4778.57,0.000100,10495.00
72.650,2902.20,-58.71,0.253250,65.00,792.097900,4262.18,0.000064,8215.00
72.700,1962.99,-64.37,0.175540,50.00,997.134644,2843.05,0.000022,3140.00
72.750,1888.30,-69.52,0.121308,50.00,694.645691,2134.09,0.000008,2925.00
72.800,2585.73,-67.85,0.113736,50.00,312.419708,3153.31,0.000015,4625.00
72.850,6039.46,-58.97,0.102006,50.00,380.654572,4532.05,0.000199,11065.00
72.900,6230.25,-57.19,0.098045,95.00,416.891174,4482.18,0.000370,11185.00
72.950,4165.07,-62.01,0.095250,95.00,317.144531,4251.13,0.000098,9145.00
73.000,2084.84,-68.59,0.112083,95.00,345.774994,2697.99,0.000011,3580.00
73.050,2603.40,-67.04,0.104852,95.00,176.255127,3437.64,0.000021,6045.00
73.100,4354.37,-55.75,0.139756,95.00,664.769714,4431.49,0.000308,10080.00
73.150,4505.19,-52.24,0.198594,50.00,577.109802,4385.36,0.000442,10080.00
73.200,4309.49,-54.88,0.149354,50.00,638.500366,4239.77,0.000326,9680.00
73.250,3109.19,-62.58,0.114483,50.00,513.640015,3367.92,0.000059,6615.00
73.300,2127.45,-69.44,0.109653,50.00,258.153870,2511.55,0.000008,3730.00
73.350,3347.30,-64.41,0.114670,50.00,238.804169,4271.67,0.000039,8690.00
73.400,6006.38,-57.95,0.111310,50.00,390.214447,4705.72,0.000243,11240.00
73.450,5412.50,-57.68,0.111192,95.00,484.840881,4655.40,0.000268,10860.00
73.500,2924.15,-64.45,0.104079,95.00,330.774597,3661.57,0.000047,7445.00
73.550,2389.58,-68.01,0.094088,95.00,324.172272,2891.57,0.000015,4085.00
73.600,3914.32,-62.34,0.101671,95.00,221.856308,4153.94,0.000077,9280.00
73.650,4404.89,-56.79,0.185462,90.00,880.119934,4826.15,0.000127,10710.00
73.700,3595.24,-56.24,0.261183,60.00,826.370178,4485.25,0.000083,9630.00
73.750,2714.42,-61.46,0.182512,60.00,856.201050,3589.25,0.000040,6085.00
73.800,2188.51,-69.20,0.111514,50.00,792.241089,2768.03,0.000011,3510.00
73.850,1933.33,-70.81,0.108377,50.00,398.589478,2452.94,0.000005,3115.00
73.900,5553.38,-60.86,0.105730,50.00,313.290680,4755.59,0.000101,10990.00
73.950,6148.64,-56.73,0.117274,70.00,519.150330,4638.83,0.000297,11370.00
74.000,4889.44,-59.12,0.120748,70.00,456.753906,4502.96,0.000141,10050.00
74.050,2308.59,-67.99,0.117618,70.00,344.540436,2962.24,0.000012,4980.00
74.100,2011.34,-68.99,0.121055,70.00,240.514496,2306.15,0.000007,3520.00
74.150,3336.81,-58.80,0.133746,70.00,428.009705,3765.08,0.000157,7760.00
74.200,4258.34,-52.83,0.193810,75.00,664.647034,4219.44,0.000413,9630.00
74.250,4525.48,-53.40,0.161000,75.00,484.768616,4203.54,0.000467,9860.00
74.300,3916.75,-59.80,0.108035,75.00,611.933777,3766.70,0.000147,8505.00
74.350,2639.19,-67.14,0.104574,75.00,280.774048,2499.50,0.000020,3810.00
74.400,2659.89,-64.44,0.124320,75.00,331.179230,2648.97,0.000036,3770.00
74.450,4583.75,-56.54,0.140673,75.00,363.729736,4074.42,0.000227,9330.00
74.500,5494.11,-55.69,0.132965,75.00,454.919952,4291.13,0.000308,10360.00
74.550,4105.46,-60.99,0.120703,70.00,382.977448,3918.54,0.000089,8675.00
74.600,2187.36,-69.63,0.115557,70.00,238.376907,2398.53,0.000009,3485.00
74.650,2143.59,-70.31,0.111518,70.00,249.313248,2712.11,0.000008,3600.00
74.700,3677.95,-59.99,0.145408,70.00,694.866882,4491.25,0.000092,9740.00
74.750,3641.33,-57.17,0.256130,70.00,831.616821,4622.08,0.000069,10165.00
74.800,3146.81,-60.63,0.224039,60.00,756.196350,4343.53,0.000032,8885.00
74.850,2169.87,-67.71,0.123902,55.00,911.448730,2957.05,0.000014,3485.00
74.900,2008.28,-69.15,0.106663,50.00,560.792603,2273.35,0.000010,3415.00
74.950,3195.31,-62.66,0.122101,50.00,280.060150,3686.79,0.000057,7700.00
75.000,5501.00,-56.61,0.122774,50.00,457.498016,4630.90,0.000296,10875.00
75.050,5254.89,-57.18,0.124561,95.00,504.193604,4532.15,0.000262,10480.00
75.100,3417.11,-63.46,0.117378,95.00,453.390076,3446.34,0.000050,7465.00
75.150,2865.58,-66.90,0.108377,95.00,284.906219,2766.46,0.000018,4510.00
75.200,3114.83,-63.84,0.108636,95.00,265.411041,3440.87,0.000047,6205.00
75.250,4163.46,-54.38,0.165161,100.00,725.732056,4273.90,0.000307,9725.00
75.300,4628.10,-52.23,0.186857,100.00,505.114471,4358.19,0.000452,10285.00
75.350,5511.64,-55.47,0.115929,50.00,731.162476,4515.84,0.000381,10950.00
75.400,5943.90,-61.91,0.101115,50.00,349.750885,4905.20,0.000071,11425.00
75.450,3223.88,-66.62,0.112387,50.00,245.545288,4087.77,0.000016,9190.00
75.500,4494.92,-60.88,0.124085,50.00,286.510986,4421.15,0.000082,9700.00
75.550,5952.63,-56.79,0.124253,95.00,436.491974,4546.95,0.000274,11105.00
75.600,5514.30,-59.08,0.109440,95.00,472.124725,4534.16,0.000169,10675.00
75.650,2559.59,-68.62,0.105659,95.00,322.777435,3353.79,0.000012,6415.00
75.700,3040.21,-66.74,0.105181,95.00,170.571289,3744.81,0.000019,8375.00
75.750,4720.49,-60.28,0.113800,95.00,375.002014,4750.89,0.000108,10465.00
75.800,4305.91,-57.11,0.219502,105.00,1059.535400,4952.70,0.000085,10905.00
75.850,3373.28,-58.17,0.265446,60.00,808.377441,4510.63,0.000046,9625.00
75.900,2487.62,-63.33,0.167815,60.00,978.819092,3282.18,0.000029,4210.00
75.950,1983.72,-70.36,0.112157,45.00,687.952332,2248.75,0.000008,3780.00
76.000,2198.21,-70.69,0.105387,50.00,341.476837,2922.55,0.000006,4015.00
76.050,6014.59,-59.38,0.106998,50.00,323.234711,4643.44,0.000137,11220.00
76.100,5747.22,-56.11,0.118965,90.00,421.598267,4514.83,0.000316,10950.00
76.150,4245.47,-59.83,0.109391,95.00,440.654297,4162.33,0.000129,8930.00
76.200,2236.81,-69.01,0.098862,95.00,276.638672,2603.68,0.000012,4020.00
76.250,2357.77,-67.39,0.128385,95.00,379.832703,2367.47,0.000014,3850.00
76.300,3774.34,-56.16,0.157477,95.00,571.812012,3971.77,0.000215,8735.00
76.350,4395.11,-52.26,0.201217,100.00,706.906433,4288.25,0.000407,9905.00
76.400,4584.60,-54.46,0.142711,50.00,638.696716,4287.77,0.000383,10085.00
76.450,3560.92,-62.55,0.107549,50.00,545.669617,3792.73,0.000064,8345.00
76.500,2223.82,-70.03,0.113824,50.00,216.427368,2457.45,0.000006,3715.00
76.550,3309.84,-64.33,0.117145,50.00,168.185257,3665.28,0.000045,7750.00
76.600,5857.73,-57.26,0.113471,50.00,394.597992,4575.18,0.000325,10965.00
76.650,5540.75,-57.06,0.117203,95.00,427.721039,4607.28,0.000327,10740.00
76.700,3782.90,-62.88,0.105005,95.00,305.048859,4219.30,0.000069,9050.00
76.750,3082.03,-65.75,0.107961,95.00,347.925140,3820.30,0.000021,8640.00
76.800,2495.72,-66.17,0.117812,95.00,201.497055,3453.37,0.000022,5600.00
76.850,3715.70,-59.05,0.178320,100.00,892.876526,4698.45,0.000076,10330.00
76.900,3472.12,-56.96,0.262751,65.00,854.054688,4494.40,0.000070,9630.00
76.950,2906.13,-59.90,0.192018,60.00,838.821106,3665.14,0.000057,6255.00
77.000,2362.66,-65.75,0.112154,55.00,832.705078,2410.28,0.000031,3715.00
77.050,2286.99,-67.86,0.116628,50.00,445.555847,2079.73,0.000011,3500.00
77.100,4175.89,-60.41,0.114447,50.00,247.867676,4004.47,0.000148,8815.00
77.150,6323.21,-56.57,0.108549,95.00,382.942566,4555.92,0.000436,11335.00
77.200,5486.81,-58.48,0.102546,95.00,412.058594,4650.74,0.000291,10855.00
77.250,2596.14,-67.07,0.102766,95.00,292.353119,3432.58,0.000022,6495.00
77.300,1574.56,-71.92,0.107060,95.00,195.376114,2131.37,0.000003,3585.00
77.350,3182.20,-61.79,0.116500,95.00,299.475128,3978.76,0.000074,8105.00
77.400,4184.37,-53.60,0.183593,95.00,745.857544,4320.94,0.000335,9710.00
77.450,4487.72,-53.07,0.176368,50.00,434.024567,4335.25,0.000416,9980.00
77.500,4488.73,-59.03,0.104629,50.00,725.985901,4340.89,0.000173,10015.00
77.550,2059.18,-67.55,0.123817,50.00,427.096130,2911.04,0.000014,3495.00
77.600,2110.29,-67.09,0.140030,50.00,246.727905,2517.22,0.000018,3395.00
77.650,4721.88,-57.93,0.126309,50.00,479.592896,4240.12,0.000253,9715.00
77.700,5671.71,-55.64,0.120249,100.00,443.439270,4353.20,0.000519,10665.00
77.750,4680.77,-59.62,0.105957,95.00,530.250122,4068.50,0.000219,9380.00
77.800,2584.72,-68.99,0.097077,95.00,263.528625,2496.82,0.000014,3620.00
77.850,2364.02,-69.67,0.100319,95.00,212.613541,2350.39,0.000009,3695.00
77.900,3238.37,-60.62,0.139792,95.00,463.068054,4001.18,0.000083,8195.00
77.950,3447.84,-57.17,0.254304,95.00,1052.846558,4589.66,0.000071,9775.00
78.000,2910.25,-58.69,0.270955,55.00,938.545593,4155.77,0.000040,7985.00
78.050,2135.48,-64.95,0.169766,45.00,1012.157776,2948.09,0.000016,3540.00
78.100,1929.39,-68.86,0.115606,45.00,604.370667,2148.09,0.000009,3215.00
78.150,2757.20,-65.27,0.110497,50.00,291.150024,3364.70,0.000034,6265.00
78.200,5840.68,-57.46,0.108802,50.00,426.781006,4574.03,0.000271,11000.00
78.250,5786.90,-56.42,0.109902,70.00,460.699463,4502.97,0.000364,10910.00
78.300,3777.56,-62.01,0.105016,70.00,390.208649,4021.08,0.000081,8540.00
78.350,1947.60,-69.50,0.111063,70.00,232.302048,2435.30,0.000008,3700.00
78.400,2387.06,-65.92,0.123318,70.00,225.687775,2802.17,0.000025,3870.00
78.450,3964.77,-54.96,0.166510,70.00,672.831177,4127.57,0.000276,9245.00
78.500,4417.11,-52.29,0.199346,75.00,551.237183,4234.58,0.000410,9855.00
78.550,4468.17,-55.82,0.137510,75.00,675.833191,4137.79,0.000276,9775.00
78.600,3021.86,-64.05,0.110343,75.00,450.661957,3241.78,0.000042,6040.00
78.650,2592.25,-67.88,0.110759,75.00,304.928558,2475.77,0.000013,3880.00
78.700,4108.64,-60.45,0.116870,75.00,306.951996,3780.84,0.000104,8660.00
78.750,5766.99,-55.63,0.124217,75.00,378.408234,4321.91,0.000354,10655.00
78.800,5489.68,-57.25,0.115220,70.00,380.124054,4372.57,0.000254,10395.00
78.850,2892.17,-65.75,0.103466,70.00,312.234283,3470.17,0.000030,6920.00
78.900,1784.76,-71.22,0.099038,70.00,174.528641,2706.76,0.000005,3600.00
78.950,3176.72,-65.54,0.103006,70.00,210.546677,4323.84,0.000041,8910.00
79.000,3836.49,-58.67,0.208619,70.00,920.667236,4804.17,0.000078,10560.00
79.050,3546.76,-59.11,0.266065,65.00,724.009460,4790.66,0.000043,10400.00
79.100,2760.64,-64.74,0.177870,55.00,981.264160,4368.95,0.000014,8690.00
79.150,1819.10,-70.86,0.102027,50.00,735.176270,2916.72,0.000006,3450.00
79.200,1979.61,-69.13,0.108342,50.00,377.216858,2375.77,0.000010,3060.00
79.250,4412.40,-58.58,0.117258,50.00,255.572021,4264.07,0.000189,9435.00
79.300,5829.40,-56.38,0.110857,100.00,402.069183,4584.65,0.000384,11000.00
79.350,4148.10,-58.55,0.109570,95.00,466.010895,4198.96,0.000220,9060.00
79.400,2184.52,-66.04,0.111923,95.00,336.705627,2708.98,0.000028,3670.00
79.450,1936.66,-69.57,0.099865,95.00,296.323822,2792.20,0.000010,3635.00
79.500,3837.18,-58.74,0.115490,95.00,421.251709,4268.94,0.000182,9335.00
79.550,4409.44,-52.53,0.192825,95.00,707.684204,4361.35,0.000420,10040.00
79.600,4614.20,-53.50,0.159069,50.00,504.791412,4350.36,0.000448,10175.00
79.650,4265.10,-60.44,0.104537,50.00,630.932312,4220.57,0.000119,9610.00
79.700,5286.11,-63.47,0.098835,50.00,254.382309,4316.71,0.000047,9880.00
79.750,4429.76,-64.39,0.103624,50.00,152.097366,4404.55,0.000034,9465.00
79.800,5670.40,-58.34,0.113677,50.00,402.795105,4646.97,0.000181,10940.00
79.850,5228.71,-56.22,0.134174,95.00,502.777985,4503.29,0.000256,10320.00
79.900,3582.48,-61.12,0.127450,95.00,474.178650,3844.95,0.000071,8195.00
79.950,2293.74,-68.31,0.113982,95.00,335.118774,2683.31,0.000012,3455.00
80.000,2753.25,-67.41,0.109693,95.00,217.258453,3322.20,0.000017,6650.00
80.050,4147.90,-59.11,0.157372,100.00,791.730835,4694.42,0.000086,10040.00
80.100,3636.34,-56.22,0.259824,65.00,897.881226,4504.89,0.000083,9515.00
80.150,2670.17,-58.99,0.228433,60.00,909.197998,3693.39,0.000055,6035.00
80.200,2039.10,-65.03,0.146665,50.00,909.479431,2556.84,0.000026,3165.00
80.250,2006.66,-68.68,0.115007,50.00,523.487183,2333.47,0.000010,3110.00
80.300,3856.40,-61.99,0.108453,50.00,267.680725,4239.71,0.000077,8915.00
80.350,5952.31,-56.47,0.121123,95.00,447.880615,4643.99,0.000317,11175.00
80.400,5718.50,-56.98,0.116584,95.00,394.568756,4564.98,0.000282,10845.00
80.450,4829.06,-61.59,0.103528,95.00,324.280304,4269.11,0.000079,9505.00
80.500,4867.98,-62.43,0.103177,95.00,156.708557,3948.76,0.000054,9290.00
80.550,4059.38,-59.48,0.116297,95.00,255.617905,3868.17,0.000128,8520.00
80.600,3991.92,-53.83,0.187371,95.00,727.073486,4174.25,0.000299,9340.00
80.650,4327.02,-52.58,0.190509,50.00,524.656982,4215.96,0.000408,9725.00
80.700,4064.91,-57.29,0.126916,50.00,744.542725,4048.99,0.000208,9190.00
80.750,2128.53,-66.99,0.116569,50.00,375.215118,2808.75,0.000018,3750.00
80.800,2072.75,-68.42,0.124233,50.00,313.168732,2539.57,0.000009,3765.00
80.850,4536.39,-59.39,0.122611,50.00,242.916519,4345.79,0.000126,9650.00
80.900,5539.69,-55.94,0.121855,45.00,460.809113,4583.17,0.000361,10640.00
80.950,4822.24,-59.13,0.104380,95.00,421.515533,4496.77,0.000196,9890.00
81.000,3693.04,-64.44,0.088628,95.00,343.878937,3787.09,0.000048,8345.00
81.050,3347.48,-63.05,0.103198,95.00,260.800201,3376.55,0.000061,7540.00
81.100,2944.10,-60.50,0.128736,95.00,407.066559,3809.03,0.000142,6995.00
81.150,3443.34,-57.00,0.243323,95.00,1017.574036,4586.90,0.000105,9800.00
81.200,2977.62,-58.23,0.274839,60.00,908.081238,4276.48,0.000059,8330.00
81.250,2732.12,-62.38,0.172863,50.00,975.087219,3644.54,0.000031,7325.00
81.300,4719.60,-62.68,0.104389,45.00,627.844971,4447.43,0.000058,9935.00
81.350,4974.26,-63.54,0.103167,50.00,212.258591,4644.03,0.000042,10305.00
81.400,5274.27,-57.65,0.120646,50.00,384.617371,4589.94,0.000213,10480.00
81.450,5647.89,-56.31,0.121371,95.00,378.792877,4614.09,0.000325,10830.00
81.500,5578.45,-61.22,0.092626,95.00,435.001129,4647.18,0.000122,10410.00
81.550,4844.56,-61.67,0.100648,95.00,233.173569,4366.92,0.000084,9820.00
81.600,2697.60,-63.22,0.126822,95.00,349.933411,3341.67,0.000073,7025.00
81.650,3757.52,-55.21,0.156558,95.00,601.057251,4186.21,0.000414,9140.00
81.700,4470.52,-51.69,0.197611,95.00,595.138062,4371.48,0.000649,10040.00
81.750,4722.60,-55.08,0.130833,50.00,657.315735,4347.11,0.000507,10180.00
81.800,3626.19,-64.60,0.097720,50.00,474.451813,4219.46,0.000035,9165.00
81.850,1367.48,-70.82,0.114701,50.00,289.052734,2236.07,0.000007,2125.00
81.900,2807.86,-62.85,0.132635,50.00,256.076385,3664.72,0.000064,7375.00
81.950,5383.92,-56.16,0.127369,50.00,460.336029,4566.15,0.000368,10580.00
82.000,5685.61,-57.04,0.106833,95.00,460.656982,4597.70,0.000395,10875.00
82.050,3343.49,-65.41,0.091894,95.00,440.211334,4158.32,0.000046,8455.00
82.100,2132.01,-69.40,0.100397,95.00,183.649017,3365.65,0.000011,4090.00
82.150,4661.46,-63.64,0.094263,95.00,221.113846,4892.60,0.000088,10580.00
82.200,4348.51,-57.33,0.184423,90.00,909.374023,4957.43,0.000151,10875.00
82.250,3373.00,-56.34,0.288227,65.00,990.580261,4516.64,0.000090,9575.00
82.300,2438.17,-61.09,0.248344,50.00,993.222046,3616.89,0.000030,5420.00
82.350,2077.82,-68.37,0.140772,50.00,955.144165,2671.07,0.000009,3585.00
82.400,2062.47,-70.45,0.107474,50.00,330.827179,2424.15,0.000005,3560.00
82.450,5178.31,-60.85,0.106344,50.00,284.494690,4645.28,0.000092,10390.00
82.500,5630.22,-55.99,0.120394,70.00,510.474304,4544.26,0.000334,10715.00
82.550,4843.58,-58.29,0.110809,70.00,435.660919,4351.96,0.000198,9775.00
82.600,2988.63,-65.86,0.098200,70.00,328.313751,3438.03,0.000027,6860.00
82.650,2638.94,-63.95,0.126224,70.00,413.526276,2831.04,0.000035,4145.00
82.700,3193.94,-58.74,0.150608,70.00,365.611603,3408.22,0.000124,6375.00
82.750,4226.61,-52.90,0.194148,70.00,726.055969,4142.76,0.000367,9545.00
82.800,4480.55,-53.01,0.169664,75.00,473.952179,4131.38,0.000436,9700.00
82.850,3967.48,-58.85,0.113130,75.00,638.774414,3719.63,0.000177,8505.00
82.900,2526.61,-67.50,0.113340,75.00,321.389984,2379.56,0.000017,3680.00
82.950,2592.64,-67.55,0.117525,75.00,200.170868,2471.85,0.000015,3730.00
83.000,5459.37,-58.04,0.113960,75.00,308.366241,4253.78,0.000181,10090.00
83.050,6630.21,-56.14,0.116808,75.00,374.419098,4324.91,0.000307,11070.00
83.100,5300.08,-59.03,0.119203,70.00,375.575409,4426.83,0.000130,10285.00
83.150,2610.66,-66.59,0.115341,70.00,217.100616,3188.22,0.000017,6415.00
83.200,2356.86,-66.70,0.119776,70.00,366.528015,2732.92,0.000018,4355.00
83.250,3157.93,-59.75,0.155076,75.00,657.634460,4049.39,0.000089,8100.00
83.300,3373.48,-56.99,0.261580,65.00,912.615051,4437.19,0.000069,9445.00
83.350,2892.51,-58.10,0.272448,50.00,947.254456,3808.34,0.000048,6630.00
83.400,2514.12,-62.59,0.179300,50.00,921.634766,3063.93,0.000031,4505.00
83.450,4730.94,-62.34,0.101642,45.00,650.965820,4654.58,0.000072,10675.00
83.500,7017.60,-61.62,0.103340,50.00,240.895096,4695.21,0.000088,11670.00
83.550,6787.74,-56.92,0.115049,50.00,376.811249,4515.76,0.000297,11470.00
83.600,5653.74,-55.83,0.126685,95.00,504.061005,4366.96,0.000338,10565.00
83.650,3901.28,-60.45,0.126241,95.00,421.876068,3492.43,0.000093,8075.00
83.700,4540.76,-61.34,0.110303,95.00,312.610199,3918.90,0.000074,9635.00
83.750,6441.69,-59.07,0.107152,95.00,279.844147,4488.59,0.000156,11170.00
83.800,4992.35,-53.39,0.161755,100.00,713.415100,4549.48,0.000425,10630.00
83.850,4765.97,-51.89,0.189453,50.00,506.486938,4406.19,0.000497,10335.00
83.900,4551.85,-55.33,0.135431,50.00,738.208862,4049.49,0.000335,9840.00
83.950,3326.14,-62.85,0.123666,50.00,421.864990,2914.28,0.000055,4750.00
84.000,2988.61,-66.65,0.120084,50.00,295.504150,2473.45,0.000014,4105.00
84.050,4251.09,-60.93,0.117611,50.00,297.392761,3977.01,0.000109,8800.00
84.100,6099.72,-57.18,0.113461,95.00,439.431396,4567.97,0.000326,11155.00
84.150,5438.80,-59.26,0.126431,95.00,487.639557,4631.76,0.000147,10640.00
84.200,2476.60,-67.21,0.124950,95.00,325.124176,3408.98,0.000014,6270.00
84.250,1495.30,-73.37,0.106024,95.00,366.212189,2334.64,0.000002,3120.00
84.300,3649.60,-64.68,0.105080,95.00,370.633392,4764.06,0.000037,10400.00
84.350,3911.52,-57.99,0.221910,90.00,971.772583,4875.57,0.000065,10865.00
84.400,3120.82,-57.41,0.287979,50.00,972.181152,4221.73,0.000051,8355.00
84.450,2546.47,-61.63,0.211579,50.00,1007.847473,3191.04,0.000028,4450.00
84.500,2041.84,-70.58,0.110218,45.00,850.681152,2367.49,0.000006,3305.00
84.550,1831.66,-73.30,0.094899,50.00,241.199463,3246.44,0.000003,3810.00
84.600,5454.35,-58.92,0.113213,50.00,380.376556,4628.60,0.000163,10770.00
84.650,5546.46,-55.60,0.129104,95.00,403.007019,4472.22,0.000349,10625.00
84.700,4458.84,-59.23,0.110393,95.00,442.503418,4200.53,0.000163,9360.00
84.750,2478.19,-66.79,0.103897,95.00,330.340729,2841.76,0.000023,4150.00
84.800,2959.49,-64.76,0.123000,95.00,306.080109,2928.29,0.000033,4560.00
84.850,3865.19,-56.38,0.144475,95.00,522.204956,3934.08,0.000251,8850.00
84.900,4430.99,-52.02,0.197345,100.00,691.942261,4279.75,0.000464,9875.00
84.950,4579.51,-53.80,0.149136,50.00,629.068604,4219.28,0.000453,9875.00
85.000,3675.56,-61.44,0.113508,50.00,564.527344,3623.30,0.000085,8045.00
85.050,2852.16,-66.68,0.118740,50.00,291.823029,2642.88,0.000018,4025.00
85.100,3076.12,-63.03,0.128931,50.00,317.771881,3205.48,0.000053,6200.00
85.150,5306.32,-56.68,0.125526,95.00,394.707794,4455.64,0.000277,10290.00
85.200,5497.92,-56.36,0.111837,95.00,460.713196,4469.83,0.000368,10495.00
85.250,3288.06,-61.84,0.115233,95.00,388.244415,3392.33,0.000080,7170.00
85.300,2239.95,-68.94,0.103566,95.00,218.203201,2159.86,0.000012,3355.00
85.350,2742.63,-69.01,0.092936,95.00,251.460541,3731.07,0.000017,6240.00
85.400,3971.44,-59.26,0.168007,100.00,880.180359,4864.74,0.000092,10765.00
85.450,3487.10,-57.42,0.277030,70.00,927.060120,4683.44,0.000062,10095.00
85.500,2919.12,-60.40,0.249475,50.00,1018.522156,3987.16,0.000030,7690.00
85.550,2782.74,-63.99,0.156665,50.00,896.021545,3179.24,0.000025,5405.00
85.600,3044.66,-66.12,0.112448,50.00,490.775574,3055.85,0.000016,5970.00
85.650,4299.64,-61.54,0.112947,50.00,227.970322,4132.12,0.000086,9185.00
85.700,5932.00,-56.68,0.112827,95.00,415.322906,4523.31,0.000329,11035.00
85.750,5073.96,-57.14,0.125782,95.00,463.822449,4254.62,0.000239,10055.00
85.800,3562.44,-62.46,0.120972,95.00,319.768066,3349.27,0.000059,7440.00
85.850,3355.70,-65.15,0.107762,95.00,309.356659,3068.64,0.000030,6230.00
85.900,3635.59,-60.94,0.111046,95.00,344.985474,3904.75,0.000138,8425.00
85.950,4171.25,-53.65,0.187123,95.00,774.975586,4330.24,0.000408,9805.00
86.000,4398.58,-52.98,0.188407,50.00,433.124756,4286.64,0.000467,9875.00
86.050,4221.73,-57.71,0.122085,50.00,728.223511,3977.81,0.000205,9260.00
86.100,3240.57,-64.57,0.117604,50.00,315.030731,3159.11,0.000033,6295.00
86.150,3554.45,-64.17,0.115312,50.00,253.330399,3292.85,0.000037,7670.00
86.200,5808.26,-58.04,0.114540,50.00,362.345032,4273.63,0.000219,10430.00
86.250,6887.25,-56.54,0.107309,100.00,348.385498,4358.37,0.000384,11330.00
86.300,5868.56,-58.93,0.102670,95.00,520.681702,4467.11,0.000204,10805.00
86.350,3302.21,-63.56,0.116860,95.00,312.990173,3464.73,0.000044,7680.00
86.400,2067.35,-69.40,0.109817,95.00,345.533386,2478.61,0.000007,4055.00
86.450,3577.57,-62.00,0.124677,95.00,523.525330,4596.53,0.000063,9740.00
86.500,3731.36,-57.64,0.234449,70.00,967.425781,4752.29,0.000069,10460.00
86.550,3018.47,-58.50,0.260706,65.00,925.400513,4173.07,0.000046,8225.00
86.600,2274.81,-63.96,0.183802,50.00,955.365173,2949.12,0.000020,3655.00
86.650,1801.69,-72.00,0.098463,50.00,703.994690,2160.54,0.000004,3175.00
86.700,3196.67,-68.29,0.097126,50.00,198.973099,4186.32,0.000012,8410.00
86.750,5623.41,-57.56,0.117064,50.00,457.818817,4560.56,0.000212,10850.00
86.800,6036.38,-55.81,0.119420,70.00,453.227112,4495.05,0.000345,11035.00
86.850,6530.26,-57.97,0.105415,70.00,397.955505,4418.70,0.000226,11000.00
86.900,7173.70,-59.79,0.105572,70.00,209.168701,4380.50,0.000138,11375.00
86.950,5748.11,-58.86,0.111756,70.00,265.599304,4521.10,0.000160,11040.00
87.000,4031.29,-54.75,0.166008,75.00,642.104004,4056.56,0.000289,9305.00
87.050,4354.37,-52.37,0.201948,75.00,518.865417,4147.36,0.000390,9660.00
87.100,4497.62,-55.34,0.129838,75.00,673.353455,4037.66,0.000365,9620.00
87.150,3420.77,-62.98,0.108957,75.00,456.201416,3281.40,0.000062,6520.00
87.200,2990.38,-67.08,0.112728,75.00,275.030701,2777.45,0.000013,4600.00
87.250,4018.56,-61.99,0.111106,75.00,224.943726,3791.09,0.000080,8480.00
87.300,6327.13,-57.06,0.107816,75.00,364.630402,4459.63,0.000309,11285.00
87.350,6816.76,-58.92,0.097771,70.00,310.489197,4456.42,0.000211,11860.00
87.400,4012.54,-67.28,0.091111,70.00,214.696503,4402.75,0.000020,9060.00
87.450,1504.34,-73.14,0.095911,70.00,157.067017,2380.37,0.000003,2920.00
87.500,2856.24,-64.19,0.113295,70.00,280.865570,3816.73,0.000044,7555.00
87.550,4121.44,-57.36,0.196101,75.00,818.270264,4702.26,0.000103,10315.00
87.600,3778.33,-56.74,0.280909,70.00,989.915588,4670.13,0.000062,9940.00
87.650,2517.29,-60.75,0.223861,50.00,937.854797,3647.19,0.000033,6110.00
87.700,1884.41,-67.38,0.123079,45.00,906.596802,2412.67,0.000017,3515.00
87.750,3315.14,-64.28,0.103144,50.00,382.126801,3560.90,0.000040,7970.00
87.800,5697.62,-58.35,0.106106,50.00,290.289795,4245.39,0.000200,10145.00
87.850,6234.53,-55.78,0.108940,95.00,378.303070,4311.25,0.000415,10795.00
87.900,4774.36,-57.74,0.111901,95.00,432.636993,4180.04,0.000233,9640.00
87.950,2604.83,-66.34,0.095234,95.00,269.826080,3010.61,0.000027,4425.00
88.000,1746.91,-71.42,0.094258,95.00,272.902252,2402.54,0.000005,3385.00
88.050,3593.47,-58.48,0.133456,95.00,458.285248,4038.09,0.000164,8705.00
88.100,4207.91,-52.51,0.206213,160.00,792.931030,4272.26,0.000385,9700.00
88.150,4344.22,-53.32,0.185769,50.00,583.083313,4221.39,0.000353,9755.00
88.200,3569.09,-59.88,0.127145,50.00,693.979431,3695.88,0.000101,8230.00
88.250,2342.62,-67.87,0.118845,50.00,392.418579,2324.12,0.000013,3485.00
88.300,2707.98,-65.79,0.122499,50.00,333.553253,3040.95,0.000022,4345.00
88.350,5419.15,-57.95,0.129901,50.00,489.813354,4620.92,0.000158,10800.00
88.400,5838.38,-56.95,0.134641,95.00,515.251465,4681.20,0.000199,11195.00
88.450,3930.90,-62.29,0.133088,95.00,444.552856,4314.37,0.000043,9080.00
88.500,1639.83,-70.91,0.121935,95.00,304.747681,2391.63,0.000004,3220.00
88.550,2067.32,-69.63,0.110154,95.00,283.673096,3118.83,0.000009,4090.00
88.600,4178.57,-59.86,0.151119,95.00,671.940125,4886.60,0.000077,10950.00
88.650,3868.23,-57.27,0.263451,90.00,1012.703247,4795.79,0.000058,10545.00
88.700,3070.04,-60.04,0.231676,60.00,788.822876,4199.92,0.000035,8465.00
88.750,2204.81,-66.67,0.122190,45.00,982.911743,3184.17,0.000019,4190.00
88.800,2648.62,-68.52,0.102441,45.00,468.455292,3977.77,0.000013,8720.00
88.850,6349.46,-62.41,0.101653,50.00,241.987167,4749.09,0.000069,11335.00
88.900,6701.61,-57.01,0.114622,95.00,372.515900,4427.72,0.000270,11385.00
88.950,5716.75,-57.16,0.118934,95.00,418.545593,4364.91,0.000240,10580.00
89.000,3356.87,-64.01,0.108125,95.00,296.192871,3568.28,0.000043,7615.00
89.050,2253.48,-69.21,0.103829,95.00,222.491638,2824.75,0.000009,3840.00
89.100,3133.94,-62.49,0.122421,95.00,304.205841,3437.41,0.000056,6775.00
89.150,4080.45,-53.61,0.178963,95.00,733.988892,4129.81,0.000343,9285.00
89.200,4477.60,-52.22,0.185424,50.00,534.851624,4222.93,0.000477,9765.00
89.250,4415.03,-56.67,0.124345,50.00,707.824219,4039.47,0.000263,9475.00
89.300,3100.85,-65.30,0.116867,50.00,401.148224,3100.37,0.000027,6090.00
89.350,2870.47,-68.69,0.120916,50.00,229.276306,3073.92,0.000007,5955.00
89.400,4838.40,-60.43,0.118841,50.00,221.323761,4354.48,0.000094,9825.00
89.450,5894.03,-56.61,0.113849,95.00,449.546844,4603.14,0.000314,11010.00
89.500,4560.06,-58.95,0.125788,95.00,521.347717,4501.10,0.000137,9765.00
89.550,2264.10,-66.70,0.117748,95.00,272.410034,2955.29,0.000019,3705.00
89.600,2124.01,-69.15,0.100522,95.00,286.513184,2680.48,0.000011,3605.00
89.650,3689.37,-62.59,0.109819,95.00,361.503998,4597.67,0.000069,9865.00
89.700,3973.90,-58.16,0.231436,100.00,975.734924,4948.18,0.000060,10995.00
89.750,3294.50,-59.15,0.261017,65.00,797.081787,4602.53,0.000036,9650.00
89.800,2259.29,-64.15,0.188529,50.00,1009.706421,3365.52,0.000017,4080.00
89.850,2497.98,-65.84,0.118053,50.00,692.706726,3250.83,0.000021,5920.00
89.900,5076.92,-62.37,0.104013,50.00,299.878113,4468.01,0.000060,9980.00
89.950,6802.31,-58.51,0.106245,50.00,315.251831,4331.61,0.000199,11015.00
90.000,6595.96,-56.62,0.105940,95.00,421.994202,4382.42,0.000351,11040.00
90.050,4658.81,-59.57,0.119277,95.00,449.005005,4350.40,0.000120,9945.00
90.100,2279.27,-68.61,0.102757,95.00,246.657013,2958.86,0.000012,3890.00
90.150,1684.56,-74.31,0.085713,95.00,312.963867,3045.11,0.000003,3380.00
90.200,4085.40,-57.00,0.126826,95.00,556.095947,4358.20,0.000234,9765.00
90.250,4418.62,-52.35,0.197224,95.00,638.815308,4331.36,0.000402,10005.00
90.300,4385.08,-54.02,0.159610,50.00,592.146667,4136.07,0.000354,9805.00
90.350,3248.48,-60.87,0.125611,50.00,532.095093,3490.03,0.000078,7210.00
90.400,1775.84,-70.77,0.106471,50.00,357.838684,2786.35,0.000006,3475.00
90.450,5105.80,-65.40,0.104743,50.00,201.140717,4892.65,0.000026,10845.00
90.500,6718.36,-58.33,0.107601,50.00,369.009613,4513.37,0.000219,11530.00
90.550,6291.34,-58.17,0.101059,95.00,421.648285,4562.05,0.000259,11295.00
90.600,3862.80,-65.19,0.091907,95.00,345.533691,4373.69,0.000038,9030.00
90.650,1500.81,-73.95,0.089344,95.00,158.541687,2595.77,0.000003,3235.00
90.700,3040.39,-68.69,0.086373,95.00,120.053917,4344.40,0.000019,8665.00
90.750,4159.34,-58.68,0.168617,90.00,815.596252,4924.06,0.000100,11100.00
90.800,3725.87,-57.55,0.267013,60.00,897.354858,4804.18,0.000058,10570.00
90.850,2815.89,-62.55,0.196597,60.00,773.218994,4255.32,0.000023,8165.00
90.900,1926.99,-68.43,0.108449,55.00,881.230591,2897.73,0.000014,3585.00
90.950,2154.73,-66.88,0.125841,50.00,477.883759,2535.71,0.000013,3605.00
91.000,4008.00,-59.87,0.129063,50.00,342.430511,4126.65,0.000115,8875.00
91.050,5658.85,-56.39,0.125868,70.00,540.265381,4523.32,0.000312,10730.00
91.100,5022.90,-58.43,0.112459,70.00,462.827454,4459.56,0.000200,10080.00
91.150,2253.95,-66.98,0.109834,70.00,319.138306,2992.90,0.000019,4480.00
91.200,1836.16,-68.97,0.119590,70.00,257.432495,2389.70,0.000008,3430.00
91.250,3176.89,-60.23,0.135959,70.00,318.940582,3837.55,0.000096,7850.00
91.300,4332.44,-53.05,0.192128,75.00,703.539368,4316.00,0.000378,9900.00
91.350,4692.62,-52.93,0.166277,75.00,433.362854,4334.69,0.000478,10150.00
91.400,4022.93,-58.59,0.113149,75.00,617.185303,3952.96,0.000182,9050.00
91.450,3043.39,-63.09,0.115895,75.00,318.400055,3187.93,0.000053,5880.00
91.500,5035.45,-60.02,0.111168,75.00,263.993591,4393.95,0.000114,10570.00
91.550,6724.88,-57.46,0.114266,75.00,301.603180,4472.70,0.000235,11380.00
91.600,6529.73,-55.68,0.121417,75.00,348.655823,4461.13,0.000356,11335.00
91.650,4393.34,-58.20,0.134954,70.00,452.034302,4202.40,0.000153,9655.00
91.700,2365.92,-65.05,0.133323,70.00,324.519104,2590.53,0.000026,3930.00
91.750,1963.72,-68.77,0.116137,70.00,392.826599,2265.99,0.000011,3705.00
91.800,3615.37,-60.37,0.125376,70.00,550.389587,4498.08,0.000108,9740.00
91.850,3869.95,-57.15,0.234660,70.00,831.174988,4818.69,0.000079,10685.00
91.900,3298.88,-59.96,0.241887,60.00,716.865784,4557.39,0.000033,9515.00
91.950,2184.95,-67.59,0.127110,55.00,986.234375,3368.57,0.000013,4575.00
92.000,1409.52,-73.64,0.094675,45.00,495.669342,2114.38,0.000002,3070.00
92.050,3913.16,-66.68,0.098213,50.00,186.835266,4451.07,0.000024,9190.00
92.100,5993.40,-57.50,0.111342,50.00,389.323181,4655.48,0.000285,11165.00
92.150,5192.75,-56.54,0.136626,95.00,514.342224,4615.88,0.000266,10420.00
92.200,3147.06,-62.18,0.132698,95.00,463.554779,3661.60,0.000056,7565.00
92.250,2170.10,-68.06,0.117735,95.00,313.727417,2546.29,0.000012,4190.00
92.300,2579.64,-64.36,0.124308,95.00,318.396729,3144.40,0.000036,4835.00
92.350,3936.39,-54.59,0.171950,100.00,748.804321,4181.54,0.000301,9285.00
92.400,4392.68,-52.46,0.194906,160.00,565.402893,4285.88,0.000423,9850.00
92.450,4525.00,-56.41,0.120470,50.00,735.660522,4306.79,0.000312,9970.00
92.500,2921.04,-64.89,0.109887,50.00,424.817291,3160.09,0.000037,5005.00
92.550,2764.77,-65.78,0.133482,50.00,316.176575,2370.20,0.000018,3790.00
92.600,3951.21,-59.70,0.136383,50.00,384.854706,3655.34,0.000109,8195.00
92.650,5851.33,-56.20,0.123624,95.00,432.641571,4383.44,0.000315,10875.00
92.700,6434.12,-59.44,0.097017,95.00,456.090393,4470.14,0.000178,11385.00
92.750,3903.75,-71.35,0.091136,95.00,259.162140,4638.44,0.000006,9265.00
92.800,790.84,-77.76,0.092688,95.00,33.506710,1948.70,0.000000,1160.00
92.850,3632.51,-65.88,0.101917,95.00,269.395416,4767.02,0.000033,10210.00
92.900,3743.17,-57.61,0.206129,105.00,1026.151733,4751.26,0.000110,10475.00
92.950,3090.87,-57.35,0.268701,65.00,833.785950,4336.49,0.000078,8855.00
93.000,2246.13,-63.22,0.175586,60.00,932.247070,3511.47,0.000029,4245.00
93.050,1626.63,-69.90,0.116388,45.00,721.205750,2615.71,0.000008,3210.00
93.100,1933.09,-68.87,0.128235,50.00,366.801849,2773.38,0.000009,3440.00
93.150,5064.45,-59.12,0.122506,50.00,358.193756,4593.24,0.000142,10295.00
93.200,5784.89,-56.14,0.127559,90.00,399.720032,4606.36,0.000310,11005.00
93.250,4665.22,-59.57,0.107840,95.00,479.096130,4450.97,0.000153,9775.00
93.300,2351.63,-66.64,0.124135,95.00,319.506653,2784.49,0.000016,4250.00
93.350,2411.20,-66.84,0.154274,95.00,335.994232,2559.43,0.000014,3935.00
93.400,3671.15,-57.37,0.142419,95.00,564.602966,4000.76,0.000256,8610.00
93.450,4351.43,-52.24,0.197392,100.00,772.776550,4352.91,0.000582,9900.00
93.500,4752.20,-53.65,0.149438,50.00,535.212280,4402.97,0.000612,10310.00
93.550,6119.21,-58.68,0.103562,50.00,616.552979,4642.67,0.000177,11120.00
93.600,6779.02,-62.73,0.103756,50.00,153.972565,4726.32,0.000058,11370.00
93.650,4708.75,-66.23,0.103179,50.00,128.651123,4802.87,0.000020,10480.00
93.700,6380.81,-58.71,0.106513,50.00,311.854584,4543.55,0.000176,11310.00
93.750,5282.57,-55.85,0.122594,95.00,505.608398,4408.46,0.000313,10250.00
93.800,3017.88,-60.07,0.145256,95.00,472.577698,3347.49,0.000082,6700.00
93.850,2106.20,-67.80,0.123992,95.00,392.922150,2230.34,0.000013,3600.00
93.900,2338.06,-68.35,0.102129,95.00,332.544922,2988.99,0.000017,3670.00
93.950,4029.11,-59.67,0.159749,100.00,764.680542,4863.11,0.000075,10830.00
94.000,3581.96,-56.86,0.270270,65.00,990.203186,4611.56,0.000065,10045.00
94.050,2758.18,-59.31,0.228430,60.00,855.767395,3698.26,0.000048,6070.00
94.100,2240.96,-65.04,0.135505,45.00,978.617676,2526.32,0.000027,3650.00
94.150,2282.75,-67.18,0.118297,50.00,533.246216,2223.08,0.000017,3565.00
94.200,4001.69,-61.50,0.110349,50.00,265.227997,3920.85,0.000078,8715.00
94.250,6462.19,-57.28,0.108220,95.00,377.852783,4456.53,0.000263,11285.00
94.300,5651.01,-57.37,0.106075,95.00,416.553589,4407.67,0.000260,10575.00
94.350,3331.24,-63.56,0.106900,95.00,312.144775,3446.37,0.000048,7535.00
94.400,2299.33,-68.80,0.101201,95.00,243.826218,2600.83,0.000011,3880.00
94.450,3292.21,-61.28,0.120281,95.00,300.215576,3889.95,0.000097,8265.00
94.500,4250.27,-53.53,0.182466,95.00,728.128052,4365.27,0.000404,9845.00
94.550,4470.28,-52.52,0.184901,50.00,452.534088,4313.54,0.000502,9925.00
94.600,4115.99,-57.58,0.119175,50.00,714.590149,4099.19,0.000232,9430.00
94.650,2472.12,-66.22,0.116051,50.00,384.829865,3268.68,0.000020,5785.00
94.700,2195.56,-67.62,0.132259,50.00,298.518341,2698.19,0.000012,3910.00
94.750,4809.36,-59.04,0.125629,50.00,403.981995,4280.58,0.000119,9735.00
94.800,6095.85,-56.33,0.112952,50.00,397.696838,4399.64,0.000320,11020.00
94.850,6076.99,-60.85,0.088692,95.00,498.487610,4536.54,0.000129,11125.00
94.900,2221.28,-71.33,0.090235,95.00,256.298279,3370.30,0.000007,5805.00
94.950,1750.70,-71.08,0.114691,95.00,305.052307,2588.33,0.000005,3000.00
95.000,3308.76,-62.31,0.134051,95.00,371.475006,4390.85,0.000056,9110.00
95.050,3553.07,-57.65,0.243222,95.00,1041.025757,4668.68,0.000073,10210.00
95.100,3011.71,-58.56,0.274383,60.00,932.987976,4279.71,0.000043,8540.00
95.150,2281.84,-64.57,0.171312,45.00,972.985352,3317.69,0.000017,4065.00
95.200,2204.68,-68.20,0.107764,45.00,640.940674,2822.02,0.000013,3965.00
95.250,2844.62,-65.81,0.115728,50.00,238.622208,3516.71,0.000022,7420.00
95.300,5504.50,-58.07,0.119695,50.00,415.719269,4579.19,0.000172,10640.00
95.350,5621.00,-56.35,0.123288,70.00,461.024384,4548.72,0.000275,10775.00
95.400,4093.78,-61.46,0.103589,70.00,432.417847,4251.07,0.000087,8980.00
95.450,2250.84,-67.87,0.113625,70.00,264.619568,2632.76,0.000015,3845.00
95.500,2549.63,-65.59,0.142646,70.00,350.354065,2742.42,0.000021,4020.00
95.550,3859.31,-55.93,0.168622,510.00,565.418884,4047.69,0.000204,8985.00
95.600,4451.00,-52.46,0.195399,75.00,577.341003,4265.48,0.000416,9870.00
95.650,4801.67,-55.35,0.119751,75.00,636.783325,4309.74,0.000421,10215.00
95.700,3634.09,-64.97,0.087260,75.00,469.305817,4174.96,0.000043,9070.00
95.750,1155.16,-74.35,0.095056,75.00,175.478134,1874.27,0.000001,2535.00
95.800,3996.18,-63.71,0.106229,75.00,209.056717,4443.75,0.000043,9300.00
95.850,6269.12,-56.95,0.111473,75.00,325.160309,4495.55,0.000277,11235.00
95.900,5457.72,-56.75,0.117624,70.00,396.873352,4291.51,0.000268,10300.00
95.950,3082.27,-62.76,0.130299,70.00,363.426025,3091.15,0.000048,5705.00
96.000,2522.46,-67.75,0.114557,70.00,282.108490,2569.61,0.000012,3905.00
96.050,2990.40,-66.30,0.101615,70.00,320.250916,3978.41,0.000029,7665.00
96.100,3829.66,-58.57,0.187925,65.00,923.285156,4794.67,0.000084,10560.00
96.150,3329.04,-57.11,0.272884,65.00,747.388123,4414.67,0.000068,9290.00
96.200,2680.22,-60.97,0.192429,60.00,911.385742,3523.25,0.000044,5265.00
96.250,2267.44,-66.79,0.115486,55.00,848.560425,2544.17,0.000022,3730.00
96.300,2488.78,-67.66,0.118107,50.00,406.302917,2710.51,0.000013,3945.00
96.350,4928.24,-60.87,0.108891,50.00,288.744476,4440.23,0.000098,10045.00
96.400,6576.28,-57.62,0.102451,100.00,346.045654,4490.49,0.000287,11555.00
96.450,6282.89,-60.61,0.087552,95.00,389.419006,4580.85,0.000150,11340.00
96.500,2744.06,-71.36,0.084803,95.00,200.754089,3838.96,0.000008,7670.00
96.550,1573.88,-74.00,0.084537,95.00,92.737419,2786.23,0.000003,3075.00
96.600,4188.14,-59.10,0.105879,95.00,358.295227,4420.08,0.000181,9865.00
96.650,4457.71,-52.56,0.191655,95.00,742.882507,4393.92,0.000416,10060.00
96.700,4638.39,-53.06,0.165179,50.00,468.250305,4385.74,0.000461,10130.00
96.750,3586.77,-58.99,0.131247,50.00,671.554321,3988.65,0.000133,8725.00
96.800,3194.07,-62.93,0.122265,50.00,295.906097,3714.27,0.000048,8480.00
96.850,5907.26,-61.57,0.106191,50.00,350.249329,4722.46,0.000076,11150.00
96.900,7452.35,-59.37,0.108259,50.00,375.412170,4447.86,0.000157,11815.00
96.950,7318.98,-58.23,0.110449,95.00,403.221802,4400.78,0.000215,11750.00
97.000,6901.94,-62.06,0.102776,95.00,403.384338,4604.22,0.000071,11440.00
97.050,5465.25,-65.46,0.103515,95.00,169.347855,4836.15,0.000024,10825.00
97.100,3509.16,-66.13,0.115602,95.00,210.313431,4316.62,0.000019,9760.00
97.150,3810.56,-60.38,0.151118,100.00,692.024719,4816.35,0.000070,10575.00
97.200,3607.36,-57.21,0.252592,65.00,930.533264,4686.05,0.000071,10235.00
97.250,2813.30,-59.96,0.228371,60.00,843.573547,4054.43,0.000039,7460.00
97.300,2023.27,-67.42,0.135257,50.00,904.101257,2981.15,0.000011,3635.00
97.350,1616.22,-72.22,0.094569,50.00,515.650513,2503.81,0.000004,3060.00
97.400,4119.95,-64.30,0.100800,50.00,165.106232,4410.85,0.000064,9365.00
97.450,6325.37,-56.99,0.111546,50.00,348.417664,4505.91,0.000423,11290.00
97.500,5458.06,-56.16,0.124432,95.00,462.596924,4336.19,0.000446,10385.00
97.550,3175.93,-61.93,0.124917,95.00,376.938538,3474.73,0.000076,7040.00
97.600,2286.15,-65.07,0.118900,95.00,299.676453,3124.34,0.000030,4425.00
97.650,2494.53,-62.81,0.132432,95.00,336.413177,3240.62,0.000063,4715.00
97.700,3962.65,-53.95,0.180468,95.00,645.230347,4179.59,0.000382,9290.00
97.750,4495.81,-52.41,0.186501,50.00,508.117859,4334.80,0.000523,9930.00
97.800,4643.32,-57.00,0.110704,50.00,715.270325,4335.59,0.000323,10085.00
97.850,2683.02,-66.55,0.103144,50.00,339.289124,3301.25,0.000022,5385.00
97.900,2200.37,-68.27,0.116872,50.00,244.327942,2499.55,0.000011,3675.00
97.950,4152.67,-59.88,0.123680,50.00,228.190247,4166.11,0.000143,9105.00
98.000,6153.68,-56.63,0.109353,50.00,390.739258,4547.53,0.000421,11260.00
98.050,5818.31,-58.82,0.089002,95.00,397.653992,4537.11,0.000312,11055.00
98.100,2743.14,-64.18,0.106285,95.00,356.893555,3069.76,0.000047,5075.00
98.150,3148.07,-63.32,0.105565,95.00,221.360367,3575.35,0.000059,7760.00
98.200,5165.59,-60.77,0.106474,95.00,366.484467,4762.16,0.000102,10760.00
98.250,3878.62,-59.90,0.222489,95.00,955.798767,4708.93,0.000038,10010.00
98.300,3037.36,-60.34,0.285389,60.00,993.338135,4269.16,0.000022,9260.00
98.350,2439.98,-62.52,0.204064,50.00,982.347473,3369.12,0.000022,5900.00
98.400,1981.72,-66.39,0.121928,45.00,791.122131,2441.21,0.000019,3755.00
98.450,1888.48,-68.06,0.114157,50.00,338.311584,2516.33,0.000010,3200.00
98.500,1540.05,-69.86,0.114453,50.00,257.460236,2433.83,0.000007,2745.00
98.550,1476.84,-70.16,0.114675,95.00,466.746399,2326.48,0.000007,2850.00
98.600,1668.85,-70.77,0.113678,95.00,356.587769,2440.19,0.000005,3295.00
98.650,1556.44,-71.48,0.101320,95.00,261.996826,2300.12,0.000004,3260.00
98.700,1921.77,-69.45,0.103992,95.00,327.496277,2702.65,0.000013,3840.00
98.750,3987.61,-56.72,0.137022,95.00,533.901733,4324.92,0.000294,9670.00
98.800,4492.73,-52.31,0.195154,95.00,666.170471,4384.61,0.000529,10095.00
98.850,4494.28,-54.47,0.147326,50.00,586.015747,4329.66,0.000437,9995.00
98.900,3193.63,-62.65,0.111682,50.00,544.984619,3851.98,0.000063,7985.00
98.950,2364.76,-68.90,0.110233,50.00,260.088501,3213.35,0.000009,5945.00
99.000,5118.18,-64.08,0.108308,50.00,186.648163,4594.13,0.000038,10105.00
99.050,6929.97,-58.57,0.109769,50.00,353.454498,4404.70,0.000202,11315.00
99.100,6277.38,-57.92,0.104339,90.00,402.907318,4565.28,0.000272,11130.00
99.150,4087.06,-63.95,0.100118,95.00,429.239471,4449.10,0.000047,9410.00
99.200,1837.51,-72.89,0.092237,95.00,229.715683,3224.91,0.000004,3680.00
99.250,4610.36,-67.12,0.090554,95.00,151.979355,4929.71,0.000021,10500.00
99.300,3235.60,-62.68,0.152192,100.00,773.472473,4490.80,0.000037,9415.00
99.350,1753.31,-64.58,0.248281,65.00,853.545044,3459.09,0.000010,4530.00
99.400,531.10,-74.37,0.242886,50.00,991.671143,1695.07,0.000000,380.00
99.450,1091.63,-73.49,0.156389,50.00,815.406860,2197.38,0.000001,2495.00
99.500,1838.40,-71.58,0.104351,50.00,441.428864,2679.82,0.000004,3285.00
99.550,1683.81,-72.23,0.106878,50.00,147.065399,2814.25,0.000003,3440.00
99.600,2471.26,-66.10,0.111853,50.00,469.069763,3051.82,0.000025,4485.00
99.650,2749.59,-64.44,0.118205,70.00,479.532745,3010.48,0.000037,5435.00
99.700,2706.46,-65.93,0.112843,70.00,242.361877,3149.69,0.000023,6075.00
99.750,2968.94,-64.66,0.114308,70.00,254.840744,3320.63,0.000034,5985.00
99.800,3074.73,-62.86,0.126631,70.00,247.720322,3143.79,0.000051,5495.00
99.850,2687.25,-65.21,0.120724,70.00,351.724091,2848.87,0.000030,4250.00
99.900,2280.27,-68.24,0.111204,75.00,359.133942,2678.33,0.000014,3800.00
99.950,2550.88,-66.77,0.117959,75.00,306.125671,2752.33,0.000018,3970.00
100.000,2636.32,-66.96,0.126233,75.00,201.380173,2825.20,0.000015,4190.00
100.050,2476.17,-69.81,0.119079,75.00,262.416290,2901.35,0.000007,4320.00
100.100,2135.71,-68.36,0.119710,75.00,256.956543,2756.02,0.000011,3725.00
100.150,2195.81,-64.87,0.135306,75.00,413.698639,2762.29,0.000027,3655.00
100.200,2419.29,-63.65,0.139801,70.00,336.346313,2813.38,0.000036,3700.00
100.250,2290.10,-65.19,0.126929,75.00,406.106110,2622.33,0.000028,3625.00
100.300,2040.28,-67.75,0.121900,70.00,300.726044,2291.26,0.000014,3305.00
100.350,1878.30,-65.72,0.138413,70.00,501.589264,2598.59,0.000022,3435.00
100.400,1985.16,-61.48,0.247161,65.00,888.968384,2926.40,0.000024,3920.00
100.450,2317.22,-60.18,0.278364,50.00,903.176392,3257.69,0.000025,5040.00
100.500,4135.79,-59.23,0.201351,50.00,899.026062,4497.33,0.000048,10050.00
100.550,5774.97,-59.39,0.134252,95.00,709.320068,4801.00,0.000097,11225.00
100.600,5144.50,-60.09,0.130956,95.00,217.089401,4823.41,0.000082,11215.00
100.650,5188.08,-56.81,0.132186,50.00,418.881470,4552.16,0.000233,10435.00
100.700,5557.58,-56.50,0.109339,190.00,421.713928,4500.61,0.000379,10635.00
100.750,4420.44,-61.98,0.085701,190.00,418.163574,4270.98,0.000115,9365.00
100.800,5650.36,-61.52,0.085017,190.00,171.287689,4584.27,0.000126,10770.00
100.850,5958.00,-59.84,0.083829,190.00,121.751259,4653.85,0.000211,11215.00
100.900,4310.60,-54.70,0.146361,190.00,659.823364,4361.37,0.000384,10000.00
100.950,4325.83,-52.45,0.199543,190.00,502.720062,4250.43,0.000419,9760.00
101.000,4186.27,-55.73,0.135197,50.00,665.118530,4080.12,0.000310,9370.00
101.050,2950.10,-63.66,0.106265,50.00,464.060059,3283.54,0.000049,5750.00
101.100,2472.46,-68.29,0.107304,50.00,194.375336,3247.42,0.000011,5150.00
101.150,3942.71,-59.92,0.118404,50.00,269.348602,4026.01,0.000116,8800.00
101.200,4982.58,-55.33,0.141334,95.00,445.356659,4327.35,0.000323,10000.00
101.250,4834.55,-57.25,0.124314,95.00,385.115295,4314.74,0.000235,9810.00
101.300,2977.70,-65.00,0.106777,95.00,352.995087,3475.51,0.000035,6800.00
101.350,2582.60,-68.96,0.105610,95.00,153.302750,3299.40,0.000009,5230.00
101.400,4144.02,-62.05,0.113242,95.00,230.822739,4383.74,0.000061,9380.00
101.450,4038.55,-56.56,0.206884,90.00,861.063599,4583.14,0.000108,9920.00
101.500,3232.43,-56.98,0.276331,50.00,951.420288,4245.71,0.000060,8565.00
101.550,2396.19,-62.45,0.214146,50.00,952.277100,3415.18,0.000021,4450.00
101.600,2091.08,-67.58,0.126856,45.00,830.835022,2676.16,0.000013,3405.00
101.650,2309.47,-68.58,0.107619,50.00,266.072144,3169.98,0.000011,4895.00
101.700,4855.37,-59.51,0.115404,50.00,324.833801,4612.77,0.000139,10220.00
101.750,5375.87,-55.92,0.137035,90.00,434.925476,4637.17,0.000294,10800.00
101.800,4480.76,-58.89,0.119144,95.00,449.820221,4455.03,0.000156,9730.00
101.850,2566.41,-66.21,0.107780,95.00,369.340179,3084.61,0.000024,5205.00
101.900,2870.52,-65.30,0.111995,95.00,220.566132,3033.05,0.000026,5245.00
101.950,3653.90,-57.94,0.129818,95.00,437.886627,3916.24,0.000180,8385.00
102.000,4344.73,-52.71,0.189665,100.00,700.296448,4258.64,0.000394,9775.00
102.050,4489.61,-53.69,0.162084,50.00,524.979736,4259.64,0.000393,9885.00
102.100,3595.72,-60.18,0.124768,50.00,609.047913,3785.69,0.000100,8230.00
102.150,3328.90,-63.35,0.122456,50.00,214.310013,3681.78,0.000042,8245.00
102.200,4656.77,-60.42,0.120994,50.00,183.981873,4482.72,0.000090,10440.00
102.250,5840.26,-56.73,0.120335,50.00,334.437134,4627.73,0.000261,11060.00
102.300,5468.93,-55.83,0.126709,95.00,493.615265,4505.32,0.000322,10585.00
102.350,3789.76,-60.06,0.130769,95.00,381.361084,3842.34,0.000094,8360.00
102.400,2699.39,-65.91,0.116421,95.00,329.268219,3012.91,0.000023,6125.00
102.450,2663.46,-66.45,0.113286,95.00,226.928406,3231.19,0.000023,6195.00
102.500,3561.17,-58.99,0.164268,100.00,767.281921,4514.99,0.000099,9625.00
102.550,3311.19,-57.02,0.271392,70.00,940.703247,4487.22,0.000069,9300.00
102.600,2663.24,-60.16,0.253760,50.00,983.975769,3902.72,0.000031,6665.00
102.650,2102.76,-65.27,0.156724,50.00,906.351135,2872.60,0.000018,3545.00
102.700,2392.83,-65.61,0.116121,50.00,509.984039,2789.09,0.000027,3830.00
102.750,3636.26,-61.36,0.116851,50.00,231.831253,3898.32,0.000085,8365.00
102.800,5482.27,-56.20,0.122496,95.00,395.678528,4493.71,0.000336,10595.00
102.850,4914.36,-57.08,0.128330,95.00,451.114990,4459.18,0.000249,10070.00
102.900,2581.30,-63.62,0.126719,95.00,400.780304,3265.24,0.000044,5750.00
102.950,2234.96,-67.18,0.115916,95.00,356.023254,2454.04,0.000013,3605.00
103.000,2907.75,-62.16,0.118792,95.00,276.136322,3424.65,0.000069,5875.00
103.050,4109.03,-53.94,0.180365,95.00,758.007263,4307.82,0.000312,9745.00
103.100,4526.60,-52.68,0.183381,50.00,437.920532,4386.39,0.000429,10180.00
103.150,4536.42,-57.68,0.112124,50.00,691.588501,4381.82,0.000234,10170.00
103.200,2727.04,-67.72,0.103069,50.00,305.319916,3718.07,0.000015,6840.00
103.250,2435.31,-69.69,0.106564,50.00,75.365608,3425.43,0.000007,5980.00
103.300,4941.57,-59.49,0.113725,50.00,255.419113,4433.68,0.000139,9925.00
103.350,5140.53,-55.03,0.137642,100.00,468.612549,4366.65,0.000392,10090.00
103.400,4321.25,-57.75,0.129323,95.00,438.062592,4126.77,0.000208,9120.00
103.450,4250.54,-62.04,0.105106,95.00,398.537933,4274.34,0.000068,9915.00
103.500,5114.65,-62.52,0.103802,95.00,158.917786,4575.51,0.000056,10730.00
103.550,3982.11,-61.06,0.123024,95.00,366.418488,4643.84,0.000078,10165.00
103.600,3348.19,-57.05,0.236857,100.00,985.707947,4449.73,0.000084,9440.00
103.650,2783.73,-58.28,0.265010,65.00,875.886902,4035.24,0.000050,7405.00
103.700,2154.14,-64.03,0.192407,50.00,968.473083,3153.98,0.000017,3875.00
103.750,2122.77,-67.01,0.118048,50.00,710.391907,2720.60,0.000018,3745.00
103.800,2474.68,-66.02,0.109884,50.00,244.990295,3232.04,0.000028,5220.00
103.850,5084.29,-57.80,0.121410,50.00,434.257935,4535.22,0.000220,10260.00
103.900,5587.13,-56.18,0.119517,70.00,450.844910,4547.62,0.000346,10720.00
103.950,3958.31,-60.68,0.109751,70.00,418.249054,4173.08,0.000107,8820.00
104.000,2573.95,-65.51,0.113337,70.00,245.043350,2906.97,0.000028,4495.00
104.050,2837.77,-64.27,0.117876,70.00,218.521530,2916.32,0.000042,4665.00
104.100,3842.60,-56.07,0.155761,70.00,556.478333,4088.87,0.000226,9005.00
104.150,4337.83,-52.62,0.204625,75.00,613.293945,4296.43,0.000363,9865.00
104.200,4398.87,-54.96,0.144206,75.00,608.712891,4224.46,0.000344,9800.00
104.250,3173.81,-62.33,0.116561,75.00,473.549561,3486.05,0.000064,6825.00
104.300,2378.50,-66.66,0.116087,75.00,197.216873,2678.47,0.000017,3805.00
104.350,3381.81,-62.66,0.110433,75.00,223.375931,3882.55,0.000069,8085.00
104.400,5428.62,-56.21,0.122054,75.00,392.305878,4528.88,0.000329,10590.00
104.450,5548.02,-56.73,0.119223,70.00,330.490112,4561.27,0.000288,10775.00
104.500,3581.52,-62.12,0.121394,70.00,347.236084,4164.34,0.000057,9010.00
104.550,2295.06,-65.14,0.133136,70.00,289.041382,3007.23,0.000023,4260.00
104.600,2695.29,-63.03,0.130050,70.00,242.084763,3421.30,0.000050,5420.00
104.650,3758.60,-57.46,0.187963,70.00,786.685547,4577.92,0.000113,10150.00
104.700,3478.47,-56.78,0.272058,70.00,1003.636597,4484.92,0.000068,9620.00
104.750,2550.44,-61.30,0.229768,50.00,854.226685,3659.16,0.000026,5685.00
104.800,2038.10,-65.98,0.141654,45.00,943.283386,2593.07,0.000018,3560.00
104.850,2044.09,-67.13,0.128211,45.00,347.617981,2522.87,0.000011,3690.00
104.900,4281.97,-59.78,0.122582,50.00,322.166718,4430.12,0.000099,9680.00
104.950,5421.84,-56.21,0.139218,100.00,427.038086,4608.56,0.000226,10720.00
105.000,4557.56,-58.50,0.126516,95.00,406.040497,4373.21,0.000142,9720.00
105.050,2375.83,-65.79,0.119447,95.00,374.058868,2835.13,0.000025,4075.00
105.100,1921.96,-68.38,0.121811,95.00,242.809357,2376.29,0.000007,3485.00
105.150,3457.10,-59.91,0.121958,95.00,377.658752,4170.35,0.000129,8685.00
105.200,4369.62,-53.01,0.183652,190.00,728.273926,4366.05,0.000420,9910.00
105.250,4554.68,-53.32,0.165938,50.00,453.625244,4322.99,0.000455,9950.00
105.300,4017.86,-59.92,0.115641,50.00,643.889160,4243.71,0.000114,9515.00
105.350,1760.14,-71.18,0.110652,50.00,228.086670,2902.22,0.000005,4050.00
105.400,2156.56,-69.08,0.113340,50.00,79.765053,3348.63,0.000009,4935.00
105.450,4914.60,-58.22,0.123860,50.00,398.343903,4623.78,0.000178,10340.00
105.500,4980.69,-55.71,0.142086,95.00,505.676971,4550.56,0.000292,10295.00
105.550,3634.27,-59.73,0.132435,95.00,400.510193,3985.79,0.000107,8400.00
105.600,2064.72,-67.49,0.123503,95.00,323.723816,2486.59,0.000014,3555.00
105.650,2297.85,-67.39,0.119725,95.00,203.722260,2942.71,0.000014,4390.00
105.700,4045.84,-59.19,0.147367,90.00,577.919434,4596.62,0.000093,9830.00
105.750,3598.29,-56.55,0.252451,85.00,959.943542,4554.84,0.000080,9545.00
105.800,2755.86,-60.20,0.248727,50.00,867.601196,4151.58,0.000029,7965.00
105.850,1761.76,-66.72,0.153921,45.00,916.856323,2940.96,0.000013,3260.00
105.900,1916.20,-66.58,0.138502,45.00,528.831665,2633.17,0.000015,3445.00
105.950,2666.42,-63.96,0.130635,50.00,280.139557,3448.34,0.000044,6425.00
106.000,5320.27,-57.19,0.122651,95.00,458.161072,4583.15,0.000297,10520.00
106.050,6099.19,-56.80,0.117462,95.00,405.200287,4560.03,0.000340,11070.00
106.100,5345.55,-59.47,0.113449,95.00,279.038055,4546.77,0.000141,10555.00
106.150,4401.14,-60.66,0.116706,95.00,196.629456,4205.09,0.000088,9670.00
106.200,3102.33,-61.75,0.126138,95.00,247.712143,3346.14,0.000069,6690.00
106.250,3845.50,-54.76,0.177330,95.00,699.671143,4094.42,0.000265,9060.00
106.300,4403.46,-52.75,0.188026,50.00,522.063538,4297.58,0.000399,9905.00
106.350,4293.17,-56.42,0.132566,50.00,670.612793,4168.15,0.000244,9630.00
106.400,2801.67,-64.25,0.115628,50.00,382.085815,3124.48,0.000039,5365.00
106.450,2470.15,-66.37,0.116813,50.00,188.186310,2714.12,0.000016,3915.00
106.500,4253.15,-60.49,0.113652,50.00,221.119553,4293.90,0.000098,9290.00
106.550,5471.93,-56.01,0.130751,95.00,446.463898,4602.48,0.000287,10810.00
106.600,5010.95,-57.83,0.122349,95.00,414.858551,4595.94,0.000190,10280.00
106.650,3409.20,-63.73,0.109168,95.00,346.850433,3959.90,0.000043,8930.00
106.700,2822.82,-65.37,0.114003,95.00,144.634476,3434.70,0.000025,6995.00
106.750,3212.41,-63.15,0.121486,95.00,330.138397,4332.54,0.000064,8620.00
106.800,3635.80,-57.67,0.229947,100.00,923.734863,4687.31,0.000089,10025.00
106.850,3111.44,-58.34,0.266667,65.00,842.327393,4354.19,0.000059,8655.00
106.900,2363.17,-63.49,0.199003,50.00,1000.481079,3519.22,0.000017,4720.00
106.950,3483.02,-64.10,0.120161,50.00,732.681091,4134.91,0.000030,9475.00
107.000,5466.44,-61.81,0.106470,50.00,265.996399,4732.28,0.000071,10875.00
107.050,6216.17,-57.90,0.115839,50.00,296.602997,4665.51,0.000204,11245.00
107.100,5840.87,-56.06,0.126099,95.00,424.856628,4536.32,0.000309,10985.00
107.150,4491.02,-60.12,0.110829,95.00,338.455017,4262.19,0.000124,9370.00
107.200,2577.92,-68.47,0.093511,95.00,268.753784,3240.09,0.000015,5535.00
107.250,2629.93,-70.04,0.088317,95.00,146.877274,3449.73,0.000013,5785.00
107.300,4014.23,-57.70,0.114026,95.00,482.878723,4279.43,0.000336,9525.00
107.350,4441.68,-52.27,0.188064,50.00,703.104980,4291.72,0.000609,9885.00
107.400,4600.88,-53.88,0.150195,50.00,528.997803,4256.75,0.000537,9940.00
107.450,3660.26,-61.64,0.105618,50.00,564.415466,4062.66,0.000084,8840.00
107.500,3107.17,-67.28,0.101339,50.00,219.948654,4050.83,0.000016,8905.00
107.550,5028.40,-62.99,0.108663,50.00,183.906296,4715.56,0.000050,10750.00
107.600,6247.89,-57.77,0.122330,95.00,376.754425,4619.89,0.000209,11335.00
107.650,6288.34,-57.79,0.124935,95.00,406.198914,4605.18,0.000197,11340.00
107.700,4344.30,-64.08,0.116624,95.00,346.977905,4487.01,0.000033,9625.00
107.750,2414.60,-70.43,0.107693,95.00,132.783630,3337.92,0.000005,5390.00
107.800,3031.46,-68.24,0.092869,95.00,137.682556,3931.13,0.000018,7585.00
107.850,4215.78,-58.86,0.146374,90.00,733.021973,4881.14,0.000123,11015.00
107.900,3980.38,-57.31,0.251069,65.00,890.837708,4893.93,0.000068,10865.00
107.950,3158.38,-61.99,0.205851,60.00,703.521118,4567.87,0.000024,9430.00
108.000,2021.46,-65.49,0.128497,55.00,908.368225,2955.71,0.000026,3755.00
108.050,1999.18,-65.25,0.135674,50.00,502.802277,2529.36,0.000025,3425.00
108.100,3368.72,-60.59,0.129220,50.00,330.398315,3805.34,0.000091,8000.00
108.150,5357.79,-56.36,0.126948,70.00,507.403351,4512.51,0.000280,10410.00
108.200,5255.83,-58.03,0.118284,70.00,436.502625,4534.56,0.000185,10285.00
108.250,2689.77,-65.01,0.116241,70.00,281.896240,3442.68,0.000028,6530.00
108.300,2374.51,-65.13,0.123737,70.00,218.195404,2832.68,0.000027,4165.00
108.350,3197.77,-60.47,0.126911,70.00,281.385468,3618.70,0.000096,7210.00
108.400,4283.12,-53.58,0.175976,70.00,636.581726,4257.16,0.000347,9770.00
108.450,4602.97,-52.91,0.170516,75.00,388.601135,4239.35,0.000433,10040.00
108.500,4082.75,-57.53,0.116302,75.00,618.482361,3931.66,0.000231,9005.00
108.550,3041.35,-62.18,0.117756,75.00,285.028839,3380.60,0.000065,7030.00
108.600,4826.63,-60.69,0.110926,75.00,225.178726,4545.07,0.000095,10420.00
108.650,6156.53,-57.95,0.112199,75.00,236.806519,4614.96,0.000219,11260.00
108.700,5774.72,-55.51,0.133140,75.00,400.339844,4452.98,0.000345,10875.00
108.750,4484.07,-59.02,0.125025,70.00,300.506409,4149.02,0.000150,9235.00
108.800,2620.88,-66.30,0.112883,70.00,293.636749,2896.39,0.000023,4335.00
108.850,2282.68,-68.82,0.108264,70.00,177.041534,2843.28,0.000012,4085.00
108.900,3813.77,-61.05,0.116329,70.00,459.130127,4614.76,0.000099,10185.00
108.950,3791.75,-56.29,0.230900,70.00,819.405579,4598.73,0.000108,10235.00
109.000,3342.18,-57.24,0.255168,60.00,669.748291,4232.27,0.000069,8840.00
109.050,4334.76,-59.19,0.161915,95.00,933.267456,4527.62,0.000074,10175.00
109.100,5873.02,-59.62,0.132518,95.00,599.243225,4861.67,0.000088,11285.00
109.150,5504.91,-60.73,0.133511,95.00,236.036469,4944.25,0.000062,11430.00
109.200,5259.87,-57.34,0.137699,95.00,373.195953,4549.53,0.000164,10500.00
109.250,5458.00,-56.71,0.116678,90.00,365.341705,4468.42,0.000286,10400.00
109.300,4366.48,-62.05,0.088644,95.00,441.291504,4247.04,0.000100,9210.00
109.350,5554.35,-61.85,0.088043,95.00,169.567719,4541.48,0.000098,10655.00
109.400,6005.38,-60.18,0.088275,95.00,107.673294,4645.96,0.000161,11220.00
109.450,4280.03,-55.18,0.146308,190.00,670.429199,4343.26,0.000315,9925.00
109.500,4231.40,-52.59,0.206202,175.00,565.255981,4220.28,0.000366,9620.00
109.550,4103.57,-55.49,0.143556,50.00,676.763062,4082.88,0.000296,9260.00
109.600,2987.99,-63.25,0.108807,50.00,503.443970,3361.80,0.000055,6015.00
109.650,2491.26,-68.37,0.105962,50.00,195.447510,3274.43,0.000012,5170.00
109.700,3848.26,-60.73,0.113460,50.00,233.583237,3916.78,0.000095,8575.00
109.750,4970.67,-55.64,0.136270,95.00,425.004791,4258.79,0.000298,9780.00
109.800,4913.34,-56.96,0.122144,95.00,385.325684,4306.77,0.000245,9760.00
109.850,3112.79,-64.35,0.105898,95.00,383.998566,3591.89,0.000040,7145.00
109.900,2560.21,-68.66,0.105616,95.00,153.111633,3302.24,0.000011,5240.00
109.950,4131.42,-62.69,0.109911,95.00,176.781052,4283.76,0.000054,9270.00
110.000,4025.79,-56.72,0.192561,100.00,913.851685,4539.17,0.000125,9795.00
110.050,3368.89,-56.57,0.262457,65.00,848.190308,4301.17,0.000077,8905.00
110.100,2548.79,-61.81,0.184520,60.00,824.293152,3565.92,0.000035,5185.00
110.150,2156.98,-67.29,0.108622,45.00,771.912292,2858.12,0.000019,4080.00
110.200,2336.94,-68.77,0.107267,50.00,360.285004,3262.81,0.000011,5140.00
110.250,4727.00,-59.88,0.118993,50.00,284.203766,4552.65,0.000115,10080.00
110.300,5362.55,-56.09,0.137956,145.00,386.677460,4596.17,0.000272,10610.00
110.350,4444.88,-58.79,0.123927,95.00,453.552979,4435.23,0.000152,9695.00
110.400,2441.67,-65.93,0.121162,95.00,316.526733,3105.18,0.000021,5130.00
110.450,2798.55,-65.18,0.120859,95.00,215.194382,3005.71,0.000021,5145.00
110.500,3628.91,-58.20,0.135357,95.00,377.887726,3891.75,0.000163,8395.00
110.550,4257.85,-52.85,0.193107,100.00,705.617493,4262.23,0.000388,9660.00
110.600,4447.92,-53.68,0.161828,50.00,512.103149,4257.72,0.000406,9825.00
110.650,3780.03,-60.00,0.119360,50.00,619.801880,3912.35,0.000110,8660.00
110.700,3663.04,-62.81,0.118352,50.00,212.942413,3900.06,0.000047,8910.00
110.750,5462.30,-60.34,0.118071,50.00,186.465607,4655.81,0.000092,10775.00
110.800,6124.05,-56.91,0.122119,50.00,323.055939,4617.14,0.000263,11055.00
110.850,5482.82,-55.80,0.133960,95.00,477.489502,4512.47,0.000313,10595.00
110.900,3680.12,-60.49,0.131942,95.00,416.229309,3853.17,0.000088,8160.00
110.950,2447.63,-66.17,0.129032,95.00,297.219757,2902.52,0.000018,4855.00
111.000,2431.47,-66.90,0.123299,95.00,237.834076,3086.48,0.000017,5675.00
111.050,3510.83,-59.08,0.163401,100.00,735.713501,4484.80,0.000093,9610.00
111.100,3591.06,-56.87,0.252711,65.00,902.218140,4599.42,0.000076,10070.00
111.150,3061.36,-60.08,0.205084,60.00,752.301697,4116.41,0.000045,8110.00
111.200,2107.85,-65.52,0.119324,55.00,850.832031,2930.01,0.000029,3750.00
111.250,2220.34,-65.74,0.118809,50.00,477.655792,2715.86,0.000024,3705.00
111.300,3321.42,-62.05,0.115161,50.00,230.530960,3679.66,0.000080,7775.00
111.350,5232.41,-56.41,0.124644,95.00,384.089111,4475.19,0.000311,10345.00
111.400,4776.16,-56.75,0.128887,95.00,445.707153,4419.25,0.000270,9895.00
111.450,2580.47,-63.04,0.131531,95.00,425.690582,3203.99,0.000046,5425.00
111.500,2145.80,-67.29,0.125977,95.00,374.109253,2374.33,0.000010,3550.00
111.550,2764.88,-62.94,0.125247,95.00,218.265594,3248.35,0.000052,4795.00
111.600,4086.47,-54.23,0.175903,95.00,704.990051,4295.78,0.000308,9560.00
111.650,4491.99,-52.81,0.183704,95.00,456.309937,4388.68,0.000420,10080.00
111.700,4497.15,-57.56,0.118208,50.00,688.151184,4387.40,0.000214,10060.00
111.750,2671.25,-67.64,0.110366,50.00,311.910156,3701.17,0.000013,6830.00
111.800,1998.44,-71.43,0.113879,50.00,76.505043,3133.85,0.000003,4580.00
111.850,5102.12,-60.91,0.116555,50.00,181.639603,4605.08,0.000076,10285.00
111.900,5417.28,-55.51,0.128681,50.00,439.507629,4437.28,0.000336,10350.00
111.950,4272.31,-57.05,0.133232,95.00,490.448120,4078.32,0.000218,9025.00
112.000,3763.87,-61.85,0.111659,95.00,352.940399,3931.05,0.000069,9145.00
112.050,5099.78,-61.85,0.105746,95.00,230.146103,4575.63,0.000067,10555.00
112.100,4354.69,-61.11,0.120287,95.00,262.492920,4752.47,0.000075,10515.00
112.150,3468.27,-57.33,0.228397,95.00,933.145264,4577.89,0.000080,9865.00
112.200,2777.68,-58.47,0.274777,55.00,939.731018,4130.77,0.000043,7785.00
112.250,2120.37,-64.12,0.190237,50.00,926.119263,3253.35,0.000017,3940.00
112.300,2045.80,-67.79,0.116752,45.00,721.380615,2718.53,0.000014,3690.00
112.350,2457.36,-66.75,0.110497,50.00,260.601166,3264.06,0.000024,5275.00
112.400,5221.84,-58.14,0.122646,50.00,367.822876,4571.27,0.000219,10375.00
112.450,5604.64,-56.28,0.123680,70.00,433.615204,4571.46,0.000365,10755.00
112.500,4097.83,-60.76,0.113861,70.00,434.088867,4254.69,0.000109,9020.00
112.550,2514.61,-66.25,0.116563,70.00,237.962357,2951.70,0.000020,4525.00
112.600,2858.07,-64.61,0.118614,70.00,176.232559,3024.28,0.000035,5105.00
112.650,3797.44,-56.53,0.142198,70.00,552.423828,4021.53,0.000240,8855.00
112.700,4368.05,-52.62,0.187521,75.00,545.507935,4296.67,0.000418,9875.00
112.750,4435.11,-54.94,0.138819,75.00,550.522705,4242.94,0.000368,9875.00
112.800,3253.71,-62.18,0.114233,75.00,473.108612,3506.31,0.000071,7045.00
112.850,2592.86,-66.78,0.112043,75.00,199.589890,2764.60,0.000017,3965.00
112.900,3430.17,-62.87,0.111122,75.00,223.356171,3770.30,0.000061,7975.00
112.950,5510.59,-56.43,0.117303,75.00,365.457520,4522.99,0.000326,10680.00
113.000,5528.95,-56.57,0.111052,70.00,310.500641,4548.48,0.000346,10730.00
113.050,4095.78,-61.60,0.099908,70.00,324.098938,4332.36,0.000093,9655.00
113.100,2564.37,-65.04,0.112263,70.00,250.819305,3270.93,0.000031,5170.00
113.150,2649.40,-63.64,0.124221,70.00,235.497696,3289.66,0.000048,5100.00
113.200,3243.36,-58.48,0.197258,70.00,852.570435,4321.91,0.000084,8840.00
113.250,3316.25,-57.72,0.267628,65.00,771.303284,4459.54,0.000055,9370.00
113.300,2768.40,-61.20,0.204063,60.00,938.179688,3814.48,0.000032,6410.00
113.350,2199.77,-65.61,0.127165,50.00,819.810486,2735.07,0.000024,3755.00
113.400,2211.91,-66.41,0.124459,50.00,422.609772,2604.38,0.000016,3620.00
113.450,4039.04,-60.18,0.123082,50.00,251.107422,4236.91,0.000106,9045.00
113.500,5508.47,-56.34,0.132595,610.00,446.317139,4570.28,0.000274,10745.00
113.550,4721.17,-58.11,0.124239,95.00,401.042145,4390.27,0.000188,9780.00
113.600,2621.45,-64.87,0.110099,95.00,356.054565,3020.05,0.000039,5135.00
113.650,2147.30,-67.39,0.114325,95.00,237.102676,2558.12,0.000011,3740.00
113.700,3412.20,-59.74,0.118908,95.00,336.379822,4074.40,0.000157,8555.00
113.750,4399.35,-53.01,0.178095,95.00,732.560608,4378.81,0.000473,9985.00
113.800,4600.09,-53.33,0.163046,50.00,420.072235,4367.16,0.000475,10105.00
113.850,4060.23,-60.02,0.115510,50.00,643.310791,4310.48,0.000112,9680.00
113.900,1756.92,-71.38,0.111274,50.00,227.132172,2891.67,0.000004,4025.00
113.950,2078.57,-69.78,0.113025,50.00,62.408676,3199.83,0.000007,4550.00
114.000,4873.36,-58.06,0.122751,50.00,375.615021,4533.29,0.000187,10215.00
114.050,4851.25,-55.13,0.142956,90.00,486.034210,4494.00,0.000349,10140.00
114.100,3495.41,-58.88,0.139416,95.00,474.579498,3956.13,0.000134,8190.00
114.150,1995.38,-66.77,0.128570,95.00,333.063293,2428.11,0.000017,3445.00
114.200,2138.27,-67.08,0.120464,95.00,249.509537,2656.04,0.000016,3720.00
114.250,3740.88,-59.75,0.144396,100.00,535.852173,4465.58,0.000081,9435.00
114.300,3677.24,-56.70,0.244759,65.00,926.674683,4556.90,0.000076,9730.00
114.350,2998.75,-59.67,0.230094,60.00,792.650574,4233.21,0.000037,8345.00
114.400,1856.34,-65.87,0.153310,55.00,898.161255,2995.38,0.000016,3375.00
114.450,1819.64,-66.52,0.136377,50.00,559.592224,2438.98,0.000016,3205.00
114.500,2576.38,-63.71,0.128413,50.00,302.378418,3363.57,0.000040,6075.00
114.550,5522.03,-57.11,0.124166,50.00,388.570587,4631.58,0.000237,10770.00
114.600,6572.99,-57.17,0.114477,95.00,402.033722,4553.81,0.000266,11440.00
114.650,6052.13,-60.58,0.108858,95.00,310.912720,4610.95,0.000100,10865.00
114.700,4592.50,-61.54,0.114427,95.00,192.751617,4237.15,0.000060,9905.00
114.750,3217.22,-62.35,0.121456,95.00,214.357727,3370.45,0.000059,7320.00
114.800,3891.05,-55.10,0.167761,95.00,662.853455,4117.04,0.000256,9165.00
114.850,4296.76,-52.70,0.193894,95.00,532.934448,4267.64,0.000386,9790.00
114.900,4258.73,-56.09,0.134378,50.00,690.876953,4165.69,0.000281,9575.00
114.950,3148.68,-63.26,0.116083,50.00,409.564789,3423.39,0.000049,6955.00
115.000,2722.75,-65.81,0.119253,50.00,173.901428,2930.85,0.000017,4920.00
115.050,4155.95,-61.07,0.117828,50.00,200.323959,4157.83,0.000083,9050.00
115.100,5462.30,-56.18,0.130202,50.00,413.260254,4536.94,0.000293,10585.00
115.150,5009.91,-57.48,0.114249,95.00,403.505646,4474.87,0.000256,10130.00
115.200,3509.62,-63.79,0.109592,95.00,410.868134,3953.20,0.000041,8910.00
115.250,3024.58,-65.56,0.104592,95.00,184.114685,3613.81,0.000028,8110.00
115.300,2163.20,-67.57,0.114365,95.00,277.270599,3297.43,0.000014,4710.00
115.350,1449.93,-65.74,0.223956,95.00,909.054443,2707.47,0.000009,2880.00
115.400,1374.28,-65.56,0.282824,60.00,952.812561,2404.79,0.000006,2835.00
115.450,1693.52,-66.91,0.192578,50.00,947.846436,2547.93,0.000006,3445.00
115.500,3222.72,-64.55,0.122560,45.00,729.992004,4035.37,0.000026,9190.00
115.550,5524.38,-62.55,0.116453,50.00,309.797424,4796.75,0.000048,10850.00
115.600,5760.24,-61.29,0.118254,50.00,210.186966,4894.80,0.000070,11115.00
115.650,4181.66,-60.82,0.130511,95.00,435.017090,4431.22,0.000072,10055.00
115.700,2807.08,-64.54,0.132710,95.00,326.749207,3304.16,0.000026,6185.00
115.750,2249.52,-69.29,0.118123,95.00,282.249084,2925.79,0.000006,4515.00
115.800,2334.82,-70.68,0.112879,95.00,159.587250,3295.78,0.000004,5290.00
115.850,2563.27,-67.73,0.110628,95.00,201.006195,2908.02,0.000013,4735.00
115.900,2749.41,-64.19,0.124094,95.00,463.957458,2725.61,0.000031,4680.00
115.950,2700.02,-64.36,0.125497,50.00,408.611603,2779.51,0.000030,4510.00
116.000,2236.01,-67.70,0.112468,50.00,307.004089,2945.50,0.000014,4150.00
116.050,2929.47,-67.41,0.106890,50.00,176.392075,3925.12,0.000015,8395.00
116.100,4887.38,-63.65,0.105594,50.00,152.268356,4644.99,0.000039,10640.00
116.150,4459.51,-62.10,0.111184,50.00,318.428253,4550.40,0.000063,10120.00
116.200,2952.51,-65.18,0.119740,95.00,477.765411,3928.59,0.000024,8045.00
116.250,2431.70,-68.62,0.124760,95.00,370.107178,3452.41,0.000007,5715.00
116.300,2166.24,-70.52,0.125930,95.00,127.601280,3198.89,0.000003,4700.00
116.350,2169.12,-70.56,0.122370,95.00,105.667587,3216.57,0.000004,4705.00
116.400,1223.02,-69.00,0.169196,100.00,805.877869,2411.80,0.000005,2340.00
116.450,980.42,-67.83,0.276834,70.00,974.812805,2138.33,0.000003,1700.00
116.500,990.60,-69.58,0.267816,50.00,1005.227844,2261.72,0.000002,1730.00
116.550,1565.66,-68.23,0.169223,50.00,942.527771,2662.39,0.000006,3080.00
116.600,1886.71,-66.56,0.128291,50.00,513.753662,2585.52,0.000017,3465.00
116.650,3251.16,-61.52,0.126794,50.00,254.104385,3818.13,0.000072,7970.00
116.700,5446.77,-56.47,0.126519,50.00,463.509094,4546.00,0.000280,10640.00
116.750,5424.44,-57.60,0.115002,70.00,440.610199,4551.60,0.000239,10590.00
116.800,2908.83,-64.58,0.110535,70.00,293.226868,3619.97,0.000036,7105.00
116.850,2233.80,-65.63,0.123950,70.00,277.074432,2865.87,0.000020,4210.00
116.900,2894.89,-61.32,0.137608,70.00,286.178680,3573.73,0.000088,6700.00
116.950,4186.22,-53.77,0.176251,70.00,653.570862,4291.54,0.000437,9755.00
117.000,4578.66,-52.70,0.176193,75.00,395.894897,4325.69,0.000552,10125.00
117.050,4270.86,-57.61,0.117803,75.00,638.492371,4159.78,0.000239,9540.00
117.100,2643.70,-65.25,0.109035,75.00,282.832428,3126.87,0.000031,5445.00
117.150,2256.87,-68.07,0.108923,75.00,191.886536,2847.09,0.000012,4440.00
117.200,5006.84,-59.98,0.115512,75.00,227.171143,4527.63,0.000122,10205.00
117.250,5664.15,-56.36,0.126197,75.00,354.915619,4581.96,0.000310,10845.00
117.300,4031.66,-58.45,0.135194,70.00,427.402588,4138.06,0.000163,8865.00
117.350,2742.42,-63.00,0.129680,70.00,350.352020,2943.41,0.000050,5425.00
117.400,2738.53,-62.88,0.127783,70.00,363.512970,2850.91,0.000049,5550.00
117.450,2793.41,-60.03,0.147748,70.00,576.717834,3603.17,0.000095,6460.00
117.500,3172.26,-57.28,0.248575,65.00,934.567505,4359.31,0.000073,8955.00
117.550,2844.13,-58.75,0.276772,50.00,886.647766,4117.41,0.000038,7650.00
117.600,2217.48,-63.71,0.188184,50.00,941.791748,2912.90,0.000021,3860.00
117.650,2321.30,-66.03,0.119408,45.00,694.692749,2391.70,0.000017,3835.00
117.700,2545.03,-64.56,0.121211,50.00,357.663269,2871.25,0.000041,4290.00
117.750,5034.96,-57.45,0.123095,50.00,426.866211,4384.20,0.000261,10070.00
117.800,5547.57,-56.43,0.116438,95.00,433.844330,4391.85,0.000377,10515.00
117.850,3925.82,-60.84,0.116886,95.00,472.568695,3878.83,0.000101,8620.00
117.900,2602.10,-66.58,0.118343,95.00,266.705017,3031.19,0.000017,4295.00
117.950,2370.12,-67.62,0.106569,95.00,282.971771,3264.28,0.000017,4445.00
118.000,4321.38,-55.41,0.142579,95.00,645.695068,4423.79,0.000316,9905.00
118.050,4771.52,-52.07,0.184043,160.00,577.252686,4433.66,0.000515,10410.00
118.100,5015.77,-55.38,0.119014,50.00,665.433899,4426.32,0.000416,10525.00
118.150,3979.75,-65.37,0.094991,50.00,443.686035,4387.00,0.000028,9825.00
118.200,1243.42,-75.81,0.097884,50.00,92.320412,2712.53,0.000001,2480.00
118.250,5186.12,-66.04,0.099811,50.00,129.941895,4870.05,0.000037,10740.00
118.300,6794.02,-58.38,0.106112,95.00,349.556122,4517.06,0.000337,11880.00
118.350,5697.71,-57.49,0.114566,95.00,434.616455,4400.88,0.000350,10715.00
118.400,3352.00,-63.62,0.117220,95.00,321.287323,3295.51,0.000055,7185.00
118.450,3719.08,-66.02,0.102871,95.00,274.074890,3670.29,0.000025,8515.00
118.500,5769.46,-62.30,0.099584,95.00,283.356537,4618.30,0.000072,10545.00
118.550,4566.64,-57.97,0.193109,90.00,906.355103,4977.61,0.000085,11020.00
118.600,3546.17,-57.86,0.286246,65.00,1006.703125,4716.41,0.000042,10265.00
118.650,2570.15,-62.44,0.238366,50.00,1036.580688,3800.10,0.000018,6350.00
118.700,2081.32,-68.00,0.139255,45.00,914.963379,2896.11,0.000009,3955.00
118.750,2376.26,-68.05,0.114872,50.00,435.759552,3020.60,0.000009,5505.00
118.800,4641.97,-60.08,0.117180,50.00,323.110382,4511.72,0.000114,9930.00
118.850,5683.47,-56.09,0.124067,90.00,441.874695,4605.60,0.000337,11020.00
118.900,4767.75,-58.28,0.115549,95.00,465.804352,4455.26,0.000199,9940.00
118.950,2403.33,-67.48,0.098819,95.00,336.166473,3038.49,0.000020,4935.00
119.000,2223.23,-66.96,0.127372,95.00,462.210083,2458.73,0.000012,3955.00
119.050,3334.12,-58.06,0.160666,95.00,443.233459,3674.61,0.000128,7405.00
119.100,4213.46,-52.66,0.195096,100.00,772.980896,4239.94,0.000407,9680.00
119.150,4462.96,-53.49,0.161159,50.00,585.117615,4302.36,0.000434,9900.00
119.200,3791.30,-60.15,0.116314,50.00,630.401672,3974.06,0.000108,8850.00
119.250,2901.69,-66.86,0.114252,50.00,326.808868,2963.96,0.000018,4455.00
119.300,3002.59,-65.11,0.134186,50.00,388.921783,3137.12,0.000023,5935.00
119.350,5150.35,-57.72,0.137941,50.00,377.266083,4406.01,0.000158,10205.00
119.400,6516.05,-56.51,0.111500,95.00,516.774353,4445.47,0.000329,11230.00
119.450,7295.49,-60.23,0.097013,95.00,340.691803,4350.49,0.000140,11300.00
119.500,6271.75,-61.80,0.102158,95.00,208.496078,4674.63,0.000081,11040.00
119.550,3846.54,-64.94,0.110249,95.00,217.083893,4418.29,0.000037,10040.00
119.600,3821.92,-59.68,0.149961,90.00,692.783142,4764.80,0.000105,10540.00
119.650,3574.93,-56.65,0.269260,90.00,1019.526855,4634.69,0.000084,10130.00
119.700,2770.76,-59.34,0.264504,50.00,948.085938,3857.48,0.000041,6385.00
119.750,2291.80,-65.54,0.159963,50.00,968.360535,2636.97,0.000017,3795.00
119.800,2309.63,-68.38,0.111168,45.00,512.886536,2063.94,0.000010,3610.00
119.850,3280.30,-62.51,0.111701,50.00,243.445969,3472.56,0.000074,7355.00
119.900,5618.94,-56.76,0.112076,95.00,375.453308,4500.48,0.000321,10780.00
119.950,6395.86,-57.81,0.097162,95.00,377.315765,4551.16,0.000300,11320.00
120.000,6221.43,-63.75,0.088485,95.00,289.647736,4685.97,0.000056,11015.00
120.050,3260.34,-66.70,0.095345,95.00,198.650894,3876.19,0.000023,8720.00
120.100,2816.16,-63.76,0.107975,95.00,198.176300,3454.49,0.000049,6350.00
120.150,4192.79,-54.42,0.164796,95.00,723.504944,4305.56,0.000312,9730.00
120.200,4532.87,-52.43,0.188026,50.00,457.317596,4355.56,0.000432,10090.00
120.250,3976.93,-56.42,0.141581,50.00,705.050659,4141.21,0.000233,9215.00
120.300,2253.78,-65.44,0.124900,50.00,412.707214,2737.26,0.000026,3465.00
120.350,2164.29,-67.53,0.122307,50.00,237.262192,2652.32,0.000014,3245.00
120.400,4974.86,-59.24,0.118823,50.00,319.097260,4570.09,0.000137,10475.00
120.450,6938.79,-57.57,0.106672,100.00,421.451599,4485.42,0.000290,11605.00
120.500,6200.17,-60.16,0.092929,95.00,472.028381,4613.26,0.000164,11205.00
120.550,3061.74,-65.42,0.111067,95.00,361.175903,3358.84,0.000026,6880.00
120.600,2618.56,-67.70,0.123008,95.00,228.050735,2731.80,0.000009,3975.00
120.650,3170.68,-62.90,0.130667,95.00,346.854401,4100.50,0.000060,8270.00
120.700,3731.09,-57.99,0.221747,100.00,1011.133057,4765.71,0.000091,10415.00
120.750,3355.91,-58.77,0.267736,65.00,859.905090,4622.18,0.000047,9685.00
120.800,3859.67,-61.52,0.199608,50.00,992.021667,4553.69,0.000025,9840.00
120.850,6627.64,-62.09,0.109774,50.00,778.005981,4714.61,0.000065,11130.00
120.900,5812.34,-61.75,0.111652,50.00,303.917725,4764.81,0.000067,10940.00
120.950,5067.89,-58.44,0.132600,50.00,391.877563,4623.19,0.000131,10320.00
121.000,5583.14,-56.07,0.134186,70.00,485.699829,4547.51,0.000264,10700.00
121.050,4292.95,-59.40,0.123414,70.00,427.086151,4119.88,0.000120,9020.00
121.100,2631.15,-65.78,0.112877,70.00,367.629578,2631.56,0.000026,4450.00
121.150,2505.47,-65.56,0.116735,70.00,241.191391,2474.68,0.000027,4300.00
121.200,3752.55,-56.10,0.150377,70.00,540.598511,3999.51,0.000233,8730.00
121.250,4433.20,-52.38,0.193777,75.00,545.018311,4270.10,0.000412,9875.00
121.300,4627.18,-54.70,0.130639,75.00,575.192993,4256.88,0.000428,9955.00
121.350,3725.25,-63.29,0.089871,75.00,521.162354,4143.50,0.000065,9060.00
121.400,2237.90,-68.79,0.105916,75.00,305.073517,2801.19,0.000011,3840.00
121.450,3326.10,-62.87,0.118505,75.00,168.359573,3576.08,0.000051,7720.00
121.500,6237.68,-56.78,0.108213,75.00,403.617950,4341.49,0.000284,10870.00
121.550,7222.69,-57.07,0.104661,70.00,332.068604,4096.51,0.000281,11290.00
121.600,6986.46,-60.09,0.099489,70.00,219.981323,4115.39,0.000131,10810.00
121.650,6706.87,-61.61,0.099784,70.00,130.125107,4148.82,0.000084,10650.00
121.700,6028.58,-61.92,0.100390,70.00,139.600906,4324.82,0.000085,10385.00
121.750,4649.39,-57.66,0.168175,75.00,747.979919,4801.87,0.000121,10470.00
121.800,3918.03,-57.32,0.272616,70.00,976.877441,4829.68,0.000055,10425.00
121.850,3390.30,-61.58,0.236302,50.00,880.317139,4600.41,0.000019,9425.00
121.900,2589.81,-65.93,0.124850,45.00,967.268921,3496.87,0.000019,7315.00
121.950,2444.96,-65.27,0.111887,45.00,398.443420,2998.23,0.000031,4585.00
122.000,4774.12,-59.42,0.111862,50.00,249.657898,4376.36,0.000136,9910.00
122.050,6511.39,-56.94,0.104783,100.00,383.723022,4482.96,0.000325,11205.00
122.100,4869.36,-58.28,0.111535,95.00,480.488831,4493.30,0.000204,10045.00
122.150,2139.76,-66.01,0.116919,95.00,334.043579,2802.53,0.000028,3445.00
122.200,2064.42,-69.15,0.103842,95.00,342.661560,2444.18,0.000012,3425.00
122.250,3662.26,-60.96,0.099946,95.00,312.013885,4169.45,0.000148,8880.00
122.300,4373.16,-53.36,0.173419,165.00,745.614990,4381.30,0.000460,9945.00
122.350,4541.97,-52.93,0.170530,50.00,431.613678,4327.83,0.000517,9960.00
122.400,3634.13,-58.03,0.139261,50.00,687.860229,3921.70,0.000156,8675.00
122.450,2162.02,-66.18,0.122136,50.00,342.169495,2849.05,0.000020,3845.00
122.500,1995.20,-67.00,0.122747,50.00,317.925446,2905.80,0.000017,3385.00
122.550,4545.29,-58.63,0.123768,50.00,451.305817,4541.19,0.000177,9970.00
122.600,5660.28,-56.13,0.129176,95.00,453.283478,4611.60,0.000314,10815.00
122.650,4428.65,-58.97,0.127533,95.00,493.052582,4212.37,0.000141,9315.00
122.700,2603.67,-66.19,0.122090,95.00,301.215881,2501.93,0.000023,3725.00
122.750,2470.21,-69.33,0.110737,95.00,251.481445,2338.13,0.000009,3630.00
122.800,3935.29,-61.52,0.130444,95.00,579.172607,4729.14,0.000063,10485.00
122.850,3747.39,-57.72,0.255844,90.00,1034.352905,4805.41,0.000057,10515.00
122.900,2889.45,-59.54,0.264852,60.00,831.116455,4337.11,0.000034,8600.00
122.950,3190.60,-62.12,0.148000,45.00,1017.909485,4096.34,0.000044,9170.00
123.000,5038.93,-61.71,0.102692,45.00,517.542786,4687.25,0.000080,10585.00
123.050,3958.88,-61.81,0.129977,50.00,385.933777,4396.62,0.000052,9910.00
123.100,5253.44,-57.03,0.134794,95.00,396.573517,4610.35,0.000191,10565.00
123.150,5779.50,-56.56,0.129273,95.00,517.526550,4582.78,0.000227,10960.00
123.200,5576.13,-59.92,0.109548,95.00,368.230347,4650.37,0.000110,10875.00
123.250,5259.20,-60.53,0.109933,95.00,242.939850,4673.69,0.000093,10775.00
123.300,2907.53,-61.41,0.133582,95.00,363.492889,3559.07,0.000070,7520.00
123.350,3810.00,-54.59,0.172696,95.00,695.100586,4108.67,0.000285,9040.00
123.400,4478.56,-52.38,0.187707,50.00,550.632141,4304.69,0.000428,9970.00
123.450,4661.12,-56.23,0.116194,50.00,693.957336,4323.94,0.000318,10135.00
123.500,2870.05,-66.32,0.100963,50.00,394.486542,3833.32,0.000023,7635.00
123.550,1707.76,-70.22,0.110986,50.00,176.112122,2292.83,0.000007,3365.00
123.600,3888.89,-60.98,0.115260,50.00,218.610291,4123.00,0.000079,8830.00
123.650,6277.31,-56.97,0.109427,95.00,365.695068,4504.73,0.000267,11135.00
123.700,7121.37,-58.71,0.091286,95.00,396.015411,4395.50,0.000231,11535.00
123.750,6530.46,-64.30,0.084098,95.00,258.346039,4708.26,0.000053,11285.00
123.800,4062.53,-67.32,0.088336,95.00,146.678116,4769.02,0.000021,10625.00
123.850,4723.06,-62.07,0.103730,95.00,237.312576,4769.15,0.000076,10580.00
123.900,4892.45,-56.71,0.211125,100.00,927.097900,4932.16,0.000100,10890.00
123.950,3987.84,-56.22,0.267990,65.00,802.716919,4664.68,0.000075,10150.00
124.000,2850.18,-60.11,0.210261,50.00,1048.306152,3727.53,0.000042,7330.00
124.050,2066.39,-66.69,0.132312,50.00,793.752136,2656.89,0.000016,3925.00
124.100,2196.41,-66.70,0.118037,50.00,353.107910,2810.46,0.000018,4115.00
124.150,4692.92,-59.10,0.110898,50.00,335.346252,4509.14,0.000162,9890.00
124.200,5405.52,-56.19,0.126058,95.00,497.403717,4540.75,0.000292,10515.00
124.250,4551.54,-59.59,0.121007,95.00,391.467346,4384.10,0.000112,9720.00
124.300,4847.56,-62.76,0.097787,95.00,378.991211,4656.33,0.000060,10625.00
124.350,4141.41,-61.81,0.122731,95.00,378.335602,4220.85,0.000051,9815.00
124.400,3555.94,-58.29,0.142520,95.00,398.224670,4081.05,0.000152,8710.00
124.450,4226.76,-52.70,0.199694,95.00,747.247437,4305.43,0.000400,9725.00
124.500,4377.48,-53.68,0.173829,50.00,558.063538,4252.49,0.000364,9770.00
124.550,3861.94,-60.77,0.122948,50.00,646.566101,4015.75,0.000077,8900.00
124.600,2476.27,-69.92,0.115469,50.00,344.151245,3039.33,0.000006,5785.00
124.650,3084.79,-67.77,0.117735,50.00,220.739243,3708.59,0.000014,7545.00
124.700,5784.73,-58.75,0.123686,50.00,408.794983,4599.88,0.000173,10945.00
124.750,5966.93,-57.93,0.131379,95.00,512.562744,4587.56,0.000197,11080.00
124.800,4234.30,-63.54,0.117865,95.00,396.507416,4331.85,0.000042,9210.00
124.850,2140.98,-69.59,0.105969,95.00,388.194153,2684.26,0.000008,4010.00
124.900,2279.20,-67.48,0.111318,95.00,212.916611,2839.63,0.000020,3720.00
124.950,3533.30,-59.16,0.161541,95.00,707.986389,4538.81,0.000099,9665.00
125.000,3625.91,-56.98,0.263572,65.00,956.534546,4654.54,0.000071,10245.00
125.050,3585.90,-58.87,0.218656,60.00,836.793396,4332.34,0.000054,9215.00
125.100,5668.61,-60.09,0.125676,50.00,955.303772,4334.47,0.000089,10225.00
125.150,5966.52,-60.72,0.109608,50.00,508.247559,4288.74,0.000095,10305.00
125.200,4292.33,-60.73,0.123475,50.00,294.385681,4365.06,0.000114,9540.00
125.250,5629.11,-56.37,0.132922,50.00,488.762878,4643.49,0.000350,10985.00
125.300,5399.28,-57.10,0.132625,70.00,496.701324,4538.48,0.000269,10665.00
125.350,3049.53,-64.47,0.121322,70.00,340.570953,3589.06,0.000034,7210.00
125.400,2597.48,-65.76,0.131268,70.00,283.111725,2851.98,0.000016,4120.00
125.450,2936.96,-60.66,0.148066,70.00,391.447540,3260.97,0.000079,5215.00
125.500,4242.58,-52.97,0.195458,75.00,753.658325,4215.82,0.000382,9680.00
125.550,4705.55,-52.00,0.185017,75.00,422.686432,4297.57,0.000526,10135.00
125.600,4763.26,-56.97,0.114626,75.00,691.154480,4269.57,0.000273,10105.00
125.650,4840.64,-59.41,0.116395,75.00,324.656830,4444.79,0.000121,10205.00
125.700,4416.57,-58.49,0.135470,75.00,314.611053,4173.70,0.000134,9780.00
125.750,4880.17,-57.05,0.131774,75.00,303.011047,4180.71,0.000230,9880.00
125.800,5928.91,-55.02,0.133650,75.00,413.423431,4326.32,0.000384,10820.00
125.850,5032.59,-58.05,0.122309,70.00,341.373505,4201.98,0.000190,9795.00
125.900,2825.99,-65.98,0.121920,70.00,268.895691,2854.05,0.000024,4580.00
125.950,2612.46,-67.38,0.125351,70.00,189.732727,2676.75,0.000015,3990.00
126.000,3063.90,-61.05,0.139152,70.00,545.490234,3829.66,0.000077,7595.00
126.050,3526.97,-56.84,0.245765,70.00,886.462769,4486.43,0.000080,9455.00
126.100,3392.57,-58.89,0.257870,60.00,773.830444,4593.08,0.000038,9600.00
126.150,3359.46,-64.38,0.162585,55.00,977.190674,4403.18,0.000016,8770.00
126.200,3761.62,-64.85,0.106615,50.00,633.356079,3998.31,0.000029,8340.00
126.250,2940.03,-63.93,0.118016,50.00,317.126801,3436.15,0.000036,7295.00
126.300,5234.64,-57.09,0.128673,50.00,346.627167,4572.27,0.000211,10340.00
126.350,5477.99,-55.07,0.134246,90.00,497.703613,4441.72,0.000358,10430.00
126.400,4050.89,-58.38,0.139241,95.00,530.566711,3774.48,0.000138,8490.00
126.450,4889.30,-59.21,0.118673,95.00,344.253448,4098.39,0.000129,9790.00
126.500,4712.34,-59.50,0.123225,95.00,357.392914,4120.58,0.000117,9750.00
126.550,4090.22,-55.16,0.162920,95.00,620.172668,4180.17,0.000247,9545.00
126.600,4523.12,-51.68,0.212600,100.00,728.463074,4320.40,0.000409,10070.00
126.650,4445.32,-54.08,0.161229,50.00,722.816711,4218.93,0.000329,9885.00
126.700,3068.54,-61.71,0.131153,50.00,587.982788,3277.73,0.000058,6345.00
126.750,2292.46,-67.03,0.127721,50.00,374.025726,2294.70,0.000012,3470.00
126.800,3472.54,-61.60,0.125735,50.00,312.110992,3818.00,0.000072,8145.00
126.850,5993.14,-56.19,0.125643,95.00,445.470306,4593.49,0.000313,11195.00
126.900,5918.86,-56.53,0.119166,95.00,421.404297,4478.17,0.000297,11070.00
126.950,3750.95,-63.70,0.106451,95.00,365.154541,3741.56,0.000046,8120.00
127.000,2275.67,-71.16,0.100722,95.00,194.795364,2922.25,0.000005,4040.00
127.050,3158.81,-68.49,0.097535,95.00,159.110611,4484.81,0.000013,9095.00
127.100,3956.90,-59.11,0.180636,90.00,926.663391,4877.69,0.000069,10770.00
127.150,3570.25,-57.92,0.272166,65.00,893.437195,4744.90,0.000047,10370.00
127.200,2677.35,-62.19,0.199730,60.00,827.490173,4104.25,0.000027,7660.00
127.250,3505.30,-64.17,0.103043,55.00,853.003601,4070.23,0.000044,8880.00
127.300,3723.70,-64.17,0.109770,50.00,461.023743,4021.78,0.000036,9040.00
127.350,4693.52,-60.06,0.122967,50.00,252.650162,4496.95,0.000097,9960.00
127.400,5975.75,-56.21,0.122734,50.00,428.502106,4562.82,0.000309,11055.00
127.450,6095.85,-57.34,0.104645,95.00,470.190582,4552.43,0.000286,10865.00
127.500,6289.51,-60.73,0.098299,95.00,300.999054,4523.95,0.000111,10815.00
127.550,3968.01,-63.31,0.102793,95.00,257.386200,3783.12,0.000054,9145.00
127.600,3434.64,-58.61,0.133117,95.00,446.884552,3699.66,0.000154,7635.00
127.650,4246.76,-52.95,0.195497,100.00,732.573608,4263.80,0.000359,9755.00
127.700,4517.71,-53.31,0.164728,50.00,493.307983,4301.87,0.000429,10035.00
127.750,3725.82,-59.45,0.114344,50.00,670.578308,4009.94,0.000141,8915.00
127.800,1681.00,-69.73,0.108943,50.00,288.718445,2571.84,0.000009,2530.00
127.850,2132.91,-67.61,0.114804,50.00,229.438721,2957.65,0.000015,3680.00
127.900,5413.94,-57.97,0.115241,50.00,349.393005,4598.97,0.000215,10655.00
127.950,6553.85,-57.24,0.105002,95.00,381.110382,4567.90,0.000315,11645.00
128.000,5857.42,-63.50,0.090138,95.00,360.121368,4720.68,0.000061,11190.00
128.050,2036.05,-72.17,0.091993,95.00,132.395493,3016.77,0.000005,4025.00
128.100,3808.39,-64.52,0.101554,95.00,181.532150,4122.95,0.000038,9505.00
128.150,4792.97,-58.26,0.143759,100.00,657.320312,4824.98,0.000129,10675.00
128.200,4038.78,-56.69,0.253577,65.00,951.780945,4834.22,0.000073,10565.00
128.250,3012.62,-58.72,0.232140,60.00,805.837280,4072.14,0.000054,8065.00
128.300,2406.56,-63.57,0.137590,55.00,935.275879,2868.27,0.000039,5575.00
128.350,2205.29,-67.71,0.117160,50.00,541.565063,2451.34,0.000012,4395.00
128.400,3254.49,-63.62,0.120008,50.00,274.094116,3712.70,0.000044,7735.00
128.450,5670.02,-57.07,0.122306,50.00,375.033691,4562.86,0.000236,10875.00
128.500,5196.69,-56.81,0.138258,95.00,492.338348,4450.62,0.000209,10295.00
128.550,3257.16,-63.51,0.121710,95.00,374.246338,3583.02,0.000041,7570.00
128.600,2210.81,-68.66,0.108451,95.00,411.431580,2700.03,0.000011,3875.00
128.650,2917.94,-64.15,0.126685,95.00,262.541412,3515.32,0.000046,6585.00
128.700,4196.89,-54.64,0.164988,95.00,690.427979,4363.14,0.000407,9770.00
128.750,4494.30,-52.47,0.191404,95.00,503.635651,4354.05,0.000554,9930.00
128.800,4346.79,-56.35,0.133496,50.00,693.169739,4232.85,0.000302,9750.00
128.850,2555.53,-64.99,0.122981,50.00,417.926666,3435.06,0.000026,6395.00
128.900,3318.85,-65.54,0.110046,50.00,319.802246,3929.99,0.000020,8410.00
128.950,6043.89,-60.64,0.106141,50.00,276.190430,4409.78,0.000104,10635.00
129.000,6600.41,-56.95,0.114255,50.00,418.335510,4419.57,0.000302,11305.00
129.050,5428.58,-58.65,0.113755,95.00,504.722687,4624.38,0.000180,10605.00
129.100,2437.46,-68.11,0.097356,95.00,339.268799,3558.20,0.000017,6895.00
129.150,1312.96,-72.60,0.093595,95.00,251.481339,2454.43,0.000005,2520.00
129.200,2673.60,-63.27,0.125717,95.00,367.314728,3970.05,0.000065,7585.00
129.250,3451.13,-57.89,0.226980,95.00,900.976135,4602.55,0.000092,9695.00
129.300,2881.21,-58.18,0.283836,60.00,983.855835,4279.64,0.000057,8365.00
129.350,2177.81,-63.11,0.206791,50.00,968.210144,3513.65,0.000020,5575.00
129.400,1894.85,-68.94,0.120634,45.00,779.255615,2889.13,0.000009,4830.00
129.450,1774.90,-70.26,0.116013,50.00,416.575073,2846.39,0.000006,3770.00
129.500,5261.27,-58.78,0.126155,50.00,389.558960,4656.45,0.000145,10650.00
129.550,5333.03,-55.35,0.138445,70.00,546.475586,4489.29,0.000344,10560.00
129.600,4155.96,-59.09,0.122323,70.00,487.702087,3987.10,0.000145,8800.00
129.650,2536.52,-67.28,0.114457,70.00,384.505707,2327.80,0.000018,3645.00
129.700,2497.33,-66.45,0.143086,70.00,362.570557,2130.10,0.000016,3530.00
129.750,3589.22,-56.58,0.165582,70.00,547.136353,3739.37,0.000186,8005.00
129.800,4367.01,-52.33,0.199129,75.00,635.394592,4239.57,0.000414,9805.00
129.850,4659.51,-54.33,0.137333,75.00,552.767639,4302.97,0.000442,10110.00
129.900,3359.59,-61.93,0.102666,75.00,520.507751,3791.49,0.000088,8105.00
129.950,2339.31,-66.37,0.136666,75.00,398.700928,2154.02,0.000017,3610.00
130.000,3065.75,-62.52,0.143255,75.00,334.041534,2807.02,0.000053,4540.00
130.050,5368.26,-56.13,0.137160,75.00,430.709961,4184.14,0.000292,10225.00
130.100,5925.32,-56.25,0.115492,75.00,422.509827,4345.16,0.000368,10930.00
130.150,5339.09,-60.38,0.100469,70.00,349.129791,4589.19,0.000124,10785.00
130.200,5219.10,-59.53,0.109104,70.00,243.975479,4580.89,0.000131,10730.00
130.250,3737.25,-60.94,0.122946,70.00,242.638474,3902.32,0.000098,9005.00
130.300,3640.52,-58.02,0.169619,70.00,797.221130,4529.52,0.000126,9760.00
130.350,3300.02,-56.19,0.267361,65.00,815.300659,4319.62,0.000096,8960.00
130.400,2615.94,-59.32,0.219633,60.00,854.928711,3487.90,0.000056,5080.00
130.450,2000.78,-65.30,0.129395,50.00,921.975525,2557.92,0.000027,3595.00
130.500,1958.51,-66.72,0.137621,50.00,626.543152,2598.48,0.000013,3630.00
130.550,3370.84,-60.79,0.148205,50.00,453.181458,4041.10,0.000070,8350.00
130.600,5477.17,-56.40,0.141464,50.00,539.830811,4665.90,0.000257,10875.00
130.650,5436.43,-58.51,0.113086,95.00,504.766510,4714.14,0.000205,10940.00
130.700,2587.11,-68.01,0.094043,95.00,402.034821,3762.98,0.000020,7375.00
130.750,1150.65,-74.78,0.085990,95.00,191.355331,2001.97,0.000002,2270.00
130.800,3853.31,-62.09,0.092900,95.00,225.296936,4393.41,0.000090,9685.00
130.850,4479.22,-53.28,0.173025,95.00,743.321960,4424.09,0.000402,10120.00
130.900,4683.97,-52.50,0.175178,50.00,454.343689,4392.06,0.000488,10130.00
130.950,4263.41,-58.02,0.123323,50.00,699.145386,4207.56,0.000183,9530.00
131.000,3054.93,-65.52,0.107775,50.00,336.015747,3380.92,0.000029,7570.00
131.050,5475.32,-59.94,0.112512,50.00,255.570282,4259.95,0.000120,10365.00
131.100,6988.14,-57.79,0.113149,50.00,348.496704,4371.00,0.000228,11245.00
131.150,6268.71,-56.51,0.119715,90.00,446.106293,4536.86,0.000303,11130.00
131.200,4366.67,-59.65,0.130902,95.00,521.938171,4270.77,0.000097,9300.00
131.250,2225.58,-68.33,0.121366,95.00,351.537506,2828.73,0.000010,3705.00
131.300,2220.33,-70.45,0.119787,95.00,276.028168,2705.01,0.000008,3675.00
131.350,3722.41,-60.25,0.141378,95.00,570.097290,4529.26,0.000114,9900.00
131.400,3749.32,-56.67,0.247618,85.00,1026.116943,4779.39,0.000108,10565.00
131.450,2956.74,-58.75,0.260310,65.00,891.541931,4160.67,0.000059,8020.00
131.500,2279.04,-64.76,0.172844,50.00,978.754028,3051.56,0.000016,3680.00
131.550,2290.55,-67.68,0.116567,50.00,696.658875,2728.64,0.000013,3900.00
131.600,3060.75,-64.68,0.127792,50.00,243.712067,3476.68,0.000027,7220.00
131.650,5584.10,-57.70,0.125795,50.00,431.097473,4572.30,0.000186,10800.00
131.700,5627.38,-56.49,0.128329,95.00,416.811005,4537.42,0.000249,10780.00
131.750,3643.74,-61.84,0.118345,95.00,441.198334,4021.37,0.000060,8360.00
131.800,2213.14,-67.17,0.123457,95.00,281.425415,2332.79,0.000015,3815.00
131.850,2589.73,-64.32,0.134809,95.00,344.567230,2576.95,0.000034,3885.00
131.900,3863.31,-55.13,0.164828,95.00,614.057312,4034.14,0.000282,8850.00
131.950,4360.59,-52.45,0.192332,50.00,574.229492,4264.72,0.000451,9805.00
132.000,4459.54,-55.64,0.129758,50.00,660.269165,4202.07,0.000349,9795.00
132.050,4667.99,-61.51,0.102640,50.00,442.333374,4393.77,0.000080,10185.00
132.100,4159.35,-64.40,0.103749,50.00,178.047195,4334.38,0.000034,9970.00
132.150,4027.25,-61.49,0.116292,50.00,211.718384,4187.97,0.000104,9080.00
132.200,5934.78,-56.68,0.124314,50.00,374.838593,4611.03,0.000360,11100.00
132.250,5755.47,-58.20,0.108667,95.00,399.229584,4631.85,0.000299,11020.00
132.300,4626.63,-63.94,0.087639,95.00,381.661346,4617.51,0.000061,10090.00
132.350,3712.17,-63.38,0.094456,95.00,180.769196,4116.13,0.000066,9210.00
132.400,2819.92,-61.49,0.136692,95.00,452.200531,3266.22,0.000068,5195.00
132.450,3402.39,-57.03,0.219125,95.00,881.496887,4188.98,0.000096,8675.00
132.500,3272.70,-57.11,0.283588,60.00,1034.006836,4320.67,0.000055,8950.00
132.550,2682.74,-62.26,0.205274,50.00,938.651245,3721.76,0.000024,6225.00
132.600,2048.04,-69.50,0.108332,45.00,837.111572,2633.83,0.000010,3565.00
132.650,2325.00,-68.69,0.108932,50.00,337.014648,2583.48,0.000010,4615.00
132.700,4515.22,-59.29,0.131101,50.00,325.275513,4192.56,0.000120,9265.00
132.750,5674.35,-56.21,0.123594,95.00,425.704071,4456.04,0.000321,10795.00
132.800,5037.53,-59.61,0.112457,95.00,495.582855,4379.30,0.000138,9995.00
132.850,2575.10,-68.93,0.101728,95.00,283.333099,2729.69,0.000014,3840.00
132.900,2408.29,-69.98,0.097981,95.00,279.129333,2163.85,0.000008,3610.00
132.950,3631.61,-58.47,0.127755,95.00,450.957153,3882.32,0.000169,8370.00
133.000,4328.04,-52.71,0.194168,95.00,719.762695,4266.06,0.000384,9880.00
133.050,4527.83,-53.56,0.166011,50.00,524.901001,4265.32,0.000399,9995.00
133.100,3940.22,-60.47,0.114945,50.00,636.316223,4032.14,0.000101,9010.00
133.150,2177.32,-69.69,0.108765,50.00,319.406616,2636.03,0.000009,3620.00
133.200,2746.04,-67.04,0.119399,50.00,202.380646,3166.44,0.000016,6055.00
133.250,5590.52,-58.68,0.119453,50.00,352.026276,4557.26,0.000145,10730.00
133.300,6042.94,-57.78,0.117030,95.00,443.938568,4615.80,0.000208,11140.00
133.350,4281.43,-63.48,0.124308,95.00,497.477203,4445.64,0.000035,9435.00
133.400,1891.78,-72.64,0.114798,95.00,284.577423,2615.54,0.000003,3465.00
133.450,2186.49,-70.47,0.099438,95.00,262.259033,3103.29,0.000009,3685.00
133.500,4088.90,-59.19,0.145393,90.00,759.270752,4876.24,0.000099,10985.00
133.550,3861.88,-56.38,0.272781,85.00,1022.011658,4785.49,0.000069,10560.00
133.600,3332.58,-58.25,0.280045,50.00,1025.690674,4293.58,0.000037,9025.00
133.650,4720.29,-60.04,0.178678,50.00,988.992981,4506.82,0.000045,10055.00
133.700,4777.55,-60.15,0.127588,50.00,620.346313,4488.74,0.000089,10270.00
133.750,3716.26,-60.36,0.141975,50.00,271.475311,4076.60,0.000081,8850.00
133.800,5485.30,-55.34,0.139903,50.00,545.795349,4543.94,0.000347,10665.00
133.850,5166.18,-55.50,0.143354,70.00,556.428406,4359.17,0.000315,10120.00
133.900,6046.09,-54.84,0.148951,70.00,518.905579,3883.72,0.000323,10025.00
133.950,6469.02,-53.03,0.158454,70.00,402.741760,3807.48,0.000462,10400.00
134.000,5318.80,-54.29,0.155998,70.00,518.270142,3964.72,0.000325,9835.00
134.050,4720.46,-52.43,0.188594,70.00,690.623901,4253.61,0.000429,9930.00
134.100,5359.76,-50.69,0.199937,75.00,549.682007,4293.19,0.000628,10355.00
134.150,6054.42,-52.86,0.141484,75.00,698.088196,4123.90,0.000613,10540.00
134.200,6921.01,-55.52,0.119190,75.00,437.425751,4095.49,0.000368,11055.00
134.250,7389.73,-56.39,0.121186,75.00,280.309753,4140.92,0.000293,11595.00
134.300,6898.78,-55.32,0.133624,75.00,301.836334,4128.65,0.000334,11170.00
134.350,6762.30,-54.05,0.143914,75.00,386.610291,4133.81,0.000416,11165.00
134.400,6237.95,-55.00,0.131429,70.00,401.874176,4150.38,0.000365,10960.00
134.450,5698.95,-57.52,0.115164,70.00,321.304596,4157.93,0.000207,10605.00
134.500,4647.82,-60.69,0.117104,70.00,251.580032,4297.14,0.000082,10000.00
134.550,3387.02,-61.38,0.128299,70.00,435.771881,4183.85,0.000073,8675.00
134.600,3540.64,-57.43,0.246041,65.00,989.622742,4577.56,0.000068,9800.00
134.650,3456.74,-58.03,0.294014,50.00,893.628052,4600.23,0.000038,9860.00
134.700,4356.52,-61.15,0.196309,50.00,1011.772949,4896.75,0.000029,10690.00
134.750,3794.72,-60.02,0.137730,45.00,856.932617,4070.02,0.000086,9560.00
134.800,2812.27,-61.24,0.154953,50.00,398.888428,2829.76,0.000057,4375.00
134.850,4495.01,-55.54,0.149502,50.00,566.826416,4086.92,0.000262,9290.00
134.900,5588.65,-54.70,0.131171,95.00,499.415588,4440.12,0.000398,10685.00
134.950,6049.97,-59.19,0.106217,95.00,538.057007,4584.72,0.000147,10975.00
135.000,4227.34,-63.58,0.109383,95.00,241.907272,4332.02,0.000041,9925.00
135.050,2803.93,-63.28,0.142014,95.00,399.458282,3033.19,0.000035,6135.00
135.100,3640.36,-56.16,0.157767,95.00,575.350037,4074.22,0.000229,8805.00
135.150,4436.70,-52.52,0.190496,160.00,701.187012,4362.27,0.000444,10010.00
135.200,4797.19,-54.92,0.129116,50.00,633.580688,4384.45,0.000414,10280.00
135.250,4850.26,-62.71,0.094915,50.00,494.811981,4485.52,0.000063,10170.00
135.300,5170.84,-62.08,0.109995,50.00,270.650452,4272.60,0.000054,10070.00
135.350,4297.32,-60.75,0.122558,50.00,208.830490,4058.87,0.000085,9420.00
135.400,6146.15,-57.36,0.110698,95.00,395.546448,4446.23,0.000245,11025.00
135.450,6165.54,-56.66,0.105814,95.00,380.475861,4246.71,0.000315,10865.00
135.500,4147.37,-62.48,0.097608,95.00,269.038330,3830.76,0.000068,8750.00
135.550,3418.23,-65.09,0.098566,95.00,196.109406,3607.01,0.000029,7990.00
135.600,3344.75,-63.84,0.101991,95.00,129.363998,3907.90,0.000067,8220.00
135.650,4444.35,-58.27,0.181274,95.00,835.751526,4969.37,0.000107,11160.00
135.700,3855.48,-56.27,0.286503,90.00,1016.366760,4710.47,0.000081,10285.00
135.750,2844.87,-59.36,0.250252,50.00,1037.284668,3666.45,0.000042,6415.00
135.800,2400.01,-64.49,0.149656,45.00,962.679565,2522.09,0.000025,3740.00
135.850,3065.03,-64.03,0.111829,50.00,440.147064,3272.66,0.000041,7470.00
135.900,5086.78,-60.36,0.103087,50.00,328.564423,4520.73,0.000126,10195.00
135.950,5872.92,-56.43,0.112773,90.00,397.704468,4558.74,0.000353,10935.00
136.000,4945.63,-57.90,0.108083,95.00,423.977386,4432.72,0.000249,9870.00
136.050,3357.59,-64.93,0.092861,95.00,326.269806,3792.77,0.000041,8065.00
136.100,2888.40,-66.49,0.100518,95.00,240.863846,3146.28,0.000025,5615.00
136.150,3328.49,-58.90,0.141194,95.00,463.109009,3536.16,0.000129,6825.00
136.200,4145.37,-52.75,0.200390,100.00,790.996948,4170.17,0.000372,9355.00
136.250,4480.85,-53.03,0.172932,50.00,503.600281,4242.50,0.000428,9820.00
136.300,4118.55,-58.97,0.115892,50.00,694.732971,3935.93,0.000157,9020.00
136.350,2561.17,-67.69,0.108230,50.00,270.333527,2785.21,0.000016,3930.00
136.400,2353.18,-68.08,0.107491,50.00,176.854675,3145.18,0.000013,4175.00
136.450,5081.26,-58.24,0.118570,50.00,342.641541,4459.08,0.000176,10210.00
136.500,6043.33,-56.45,0.111955,95.00,393.816315,4472.20,0.000325,11060.00
136.550,4486.23,-60.94,0.110350,95.00,392.129700,4341.82,0.000092,9515.00
136.600,2311.69,-68.27,0.105465,95.00,204.937683,2978.51,0.000013,4010.00
136.650,4542.02,-61.78,0.109200,95.00,190.407471,4266.35,0.000068,9815.00
136.700,5589.32,-57.49,0.137392,90.00,629.911804,4828.83,0.000166,11010.00
136.750,4707.71,-56.25,0.257850,85.00,998.333069,4991.84,0.000077,10975.00
136.800,3605.70,-58.27,0.271281,50.00,953.412415,4474.23,0.000039,9565.00
136.850,2828.49,-62.64,0.176550,50.00,973.731079,3240.83,0.000029,4815.00
136.900,3138.26,-64.32,0.118878,45.00,623.100952,3050.09,0.000037,5330.00
136.950,4794.29,-60.33,0.111594,50.00,242.947769,4232.55,0.000111,9985.00
137.000,6603.90,-56.86,0.109873,95.00,368.221924,4489.88,0.000304,11280.00
137.050,6383.13,-57.45,0.106192,95.00,386.362610,4568.37,0.000281,11220.00
137.100,4193.35,-64.27,0.095812,95.00,322.760101,4476.81,0.000046,9680.00
137.150,1783.85,-72.30,0.092090,95.00,186.767242,2514.63,0.000004,3465.00
137.200,2695.08,-64.80,0.118858,95.00,381.703796,3164.25,0.000034,4325.00
137.250,3976.91,-54.80,0.176384,95.00,686.944458,4172.76,0.000248,9305.00
137.300,4416.73,-52.61,0.187451,50.00,556.233887,4288.98,0.000408,9855.00
137.350,4427.78,-56.59,0.121823,50.00,699.000122,4218.61,0.000271,9805.00
137.400,2608.70,-65.99,0.110134,50.00,391.590485,3436.22,0.000023,5935.00
137.450,1749.86,-70.05,0.123008,50.00,271.365173,2398.74,0.000004,3615.00
137.500,3904.57,-60.61,0.134054,50.00,283.310852,4184.16,0.000077,8840.00
137.550,6321.87,-56.57,0.119690,50.00,479.108917,4490.21,0.000305,11170.00
137.600,6066.31,-57.11,0.111762,95.00,504.566711,4408.58,0.000289,10660.00
137.650,3951.73,-61.74,0.116127,95.00,342.128754,4028.66,0.000069,8870.00
137.700,2021.59,-68.86,0.113481,95.00,300.735016,2569.55,0.000009,4050.00
137.750,2829.68,-62.17,0.127149,95.00,377.631439,3575.22,0.000077,6090.00
137.800,3562.89,-57.10,0.226731,100.00,1070.254517,4536.37,0.000096,9775.00
137.850,3272.84,-56.93,0.288228,65.00,955.454773,4261.91,0.000065,8690.00
137.900,2631.75,-60.57,0.236696,50.00,1082.092163,3086.50,0.000033,4135.00
137.950,2473.25,-65.52,0.151387,50.00,898.536926,2125.99,0.000019,3575.00
138.000,2917.11,-64.89,0.127893,50.00,382.121735,2731.48,0.000028,4260.00
138.050,5392.60,-57.22,0.118695,50.00,435.828857,4363.12,0.000227,10350.00
138.100,6580.88,-55.67,0.119364,70.00,517.402405,4370.82,0.000352,11265.00
138.150,5473.66,-58.12,0.109313,70.00,436.163727,4269.91,0.000188,10140.00
138.200,2794.81,-65.29,0.109488,70.00,262.129944,3244.04,0.000029,6745.00
138.250,2059.09,-67.63,0.135807,70.00,387.671143,2194.39,0.000013,3515.00
138.300,3513.51,-56.42,0.163563,70.00,522.734253,3774.87,0.000201,8095.00
138.350,4416.77,-51.83,0.210507,75.00,719.960999,4211.18,0.000428,9800.00
138.400,4846.57,-53.20,0.153120,75.00,538.901489,4250.46,0.000481,10115.00
138.450,5641.31,-58.53,0.099562,75.00,597.586243,4302.83,0.000198,10295.00
138.500,3836.37,-63.13,0.106387,75.00,260.402008,4167.93,0.000053,9400.00
138.550,2325.21,-64.77,0.133410,75.00,352.141937,3367.32,0.000029,5970.00
138.600,5084.74,-57.32,0.139297,75.00,401.211456,4625.51,0.000188,10360.00
138.650,5299.45,-56.08,0.141577,70.00,388.745087,4471.18,0.000253,10365.00
138.700,3761.79,-60.14,0.138606,70.00,471.847687,3735.56,0.000089,8270.00
138.750,3171.73,-63.53,0.133217,70.00,388.737152,3135.97,0.000037,6290.00
138.800,2940.48,-64.15,0.120034,70.00,361.780548,3003.95,0.000043,5280.00
138.850,3808.13,-58.52,0.160451,70.00,730.133484,4534.05,0.000108,10045.00
138.900,3722.55,-57.70,0.269355,70.00,983.145142,4836.49,0.000051,10630.00
138.950,2988.79,-62.25,0.250744,50.00,894.872009,4588.49,0.000015,9375.00
139.000,1488.93,-71.20,0.134556,45.00,983.664734,2981.63,0.000004,2905.00
139.050,1156.54,-73.37,0.104872,45.00,453.075287,1906.60,0.000002,2615.00
139.100,3370.02,-62.10,0.122746,50.00,283.545929,4145.58,0.000076,8515.00
139.150,5358.74,-56.56,0.119139,100.00,419.499268,4610.85,0.000358,10645.00
139.200,4889.38,-57.28,0.113572,95.00,462.008301,4444.02,0.000304,9960.00
139.250,2572.66,-64.22,0.107795,95.00,365.273102,3124.54,0.000050,4670.00
139.300,2035.01,-68.55,0.105416,95.00,238.653442,2533.92,0.000011,3535.00
139.350,3191.54,-62.72,0.101984,95.00,284.888702,4000.86,0.000076,8250.00
139.400,4191.01,-53.82,0.174829,95.00,774.226685,4351.19,0.000368,9850.00
139.450,4387.23,-52.80,0.185336,50.00,450.025238,4304.02,0.000422,9940.00
139.500,4052.15,-57.78,0.126589,50.00,735.634094,4020.52,0.000187,9185.00
139.550,2596.57,-66.41,0.114958,50.00,336.061981,2733.44,0.000023,3940.00
139.600,2322.94,-69.44,0.107551,50.00,247.459641,2334.04,0.000009,3670.00
139.650,5769.32,-60.21,0.102945,50.00,384.322144,4633.40,0.000118,11025.00
139.700,6032.67,-56.11,0.118067,90.00,453.149719,4564.57,0.000336,11220.00
139.750,4452.05,-57.76,0.130434,95.00,495.809509,4187.86,0.000182,9375.00
139.800,2799.58,-64.20,0.126239,95.00,331.260803,3070.33,0.000036,5200.00
139.850,2386.53,-67.81,0.121259,95.00,275.679932,2756.05,0.000014,4065.00
139.900,3358.19,-61.06,0.141194,95.00,466.136932,4236.74,0.000093,8825.00
139.950,3657.70,-56.79,0.243598,90.00,995.997803,4682.12,0.000106,10360.00
140.000,3155.48,-58.64,0.256828,60.00,784.638184,4389.44,0.000055,9035.00
140.050,2350.11,-65.29,0.144622,55.00,994.645691,3431.29,0.000020,4930.00
140.100,2238.43,-67.20,0.116463,45.00,529.872559,2842.64,0.000016,4010.00
140.150,2811.09,-64.95,0.123830,50.00,302.809326,3315.73,0.000041,6055.00
140.200,5207.70,-57.19,0.128602,50.00,439.101074,4515.33,0.000295,10290.00
140.250,5581.57,-56.06,0.130523,95.00,448.681122,4488.10,0.000399,10775.00
140.300,4366.28,-61.18,0.113100,95.00,408.001678,4135.34,0.000117,9220.00
140.350,2542.96,-67.14,0.119260,95.00,306.973999,3000.64,0.000016,4755.00
140.400,2512.32,-66.55,0.127908,95.00,221.789215,3073.49,0.000028,4160.00
140.450,4002.69,-55.46,0.153690,95.00,673.583618,4296.69,0.000417,9595.00
140.500,4414.02,-52.36,0.194727,50.00,605.492981,4341.23,0.000611,9955.00
140.550,4418.15,-55.33,0.136200,50.00,612.867310,4247.43,0.000431,9810.00
140.600,3002.95,-63.76,0.113016,50.00,485.543549,3616.42,0.000045,7275.00
140.650,2197.71,-68.25,0.121368,50.00,258.942932,2864.34,0.000013,3910.00
140.700,3822.12,-62.07,0.122380,50.00,200.466309,4080.96,0.000065,8785.00
140.750,5734.96,-56.34,0.124348,50.00,403.903290,4592.04,0.000323,10935.00
140.800,5551.35,-57.36,0.114803,95.00,443.416809,4533.40,0.000277,10680.00
140.850,3429.64,-64.64,0.103755,95.00,366.974518,3776.80,0.000041,8290.00
140.900,2643.54,-67.41,0.102244,95.00,192.276337,3157.51,0.000019,5475.00
140.950,2426.76,-67.88,0.086454,95.00,251.362625,2875.70,0.000023,3925.00
141.000,2846.38,-68.16,0.037969,95.00,354.338318,2835.88,0.000077,5145.00
141.050,5112.27,-63.73,0.031666,2855.00,234.854050,2962.22,0.000389,8270.00
141.100,5625.36,-61.29,0.047229,2780.00,154.402267,2831.54,0.000415,8665.00
141.150,5838.99,-60.92,0.053617,5040.00,157.321625,2765.84,0.000372,9120.00
141.200,5981.86,-61.33,0.052873,5555.00,169.515045,2814.40,0.000314,9570.00
141.250,6048.09,-62.74,0.039638,5255.00,146.918106,2864.80,0.000376,9665.00
141.300,5264.13,-64.24,0.023973,275.00,198.585861,3842.23,0.000564,9935.00
141.350,3532.78,-64.24,0.065171,285.00,300.639587,3509.51,0.000104,8135.00
141.400,3916.27,-63.55,0.066287,285.00,134.239334,3378.52,0.000120,8360.00
141.450,6116.50,-61.41,0.039769,290.00,287.839569,3699.74,0.000482,9930.00
141.500,3877.49,-58.55,0.096794,560.00,500.790741,3904.98,0.000263,8755.00
141.550,3828.40,-53.53,0.202024,160.00,762.753418,3992.15,0.000289,8940.00
141.600,4076.90,-54.11,0.179934,50.00,535.655762,4022.26,0.000293,9175.00
141.650,3260.91,-60.31,0.138076,50.00,669.105103,3628.20,0.000074,7890.00
141.700,2072.78,-68.34,0.123780,50.00,326.388153,2651.65,0.000010,3575.00
141.750,2764.80,-66.65,0.120634,50.00,225.997910,3548.87,0.000018,7310.00
141.800,6147.63,-58.57,0.113989,50.00,368.092133,4666.82,0.000183,11090.00
141.850,6454.62,-56.51,0.113539,95.00,468.748169,4569.88,0.000339,11210.00
141.900,4505.52,-59.61,0.132436,95.00,504.856567,4347.17,0.000100,9795.00
141.950,2618.74,-66.28,0.123493,95.00,270.503754,3216.40,0.000016,5810.00
142.000,2817.69,-66.66,0.115887,95.00,227.943359,3452.82,0.000019,7890.00
142.050,4453.48,-59.14,0.139015,95.00,628.900940,4920.76,0.000114,11160.00
142.100,4433.05,-56.66,0.250449,65.00,976.939270,5004.19,0.000076,11145.00
142.150,3556.43,-59.62,0.235161,60.00,819.891663,4640.34,0.000036,9810.00
142.200,1920.06,-67.63,0.150112,55.00,979.462280,3216.63,0.000009,3735.00
142.250,1780.26,-69.92,0.123651,50.00,569.983643,2591.07,0.000006,3435.00
142.300,3382.64,-63.32,0.132306,50.00,307.528748,3957.36,0.000037,8375.00
142.350,5506.74,-57.02,0.137242,50.00,533.446167,4565.91,0.000207,10615.00
142.400,5451.77,-57.05,0.129782,70.00,570.312012,4442.70,0.000229,10345.00
142.450,3338.20,-63.30,0.116370,70.00,326.015259,3604.63,0.000047,7660.00
142.500,2201.85,-67.92,0.126958,70.00,266.896606,2609.02,0.000008,4190.00
142.550,2764.20,-64.14,0.128896,70.00,220.789719,3504.58,0.000038,6375.00
142.600,4186.31,-54.53,0.173841,70.00,747.433838,4348.33,0.000321,9760.00
142.650,4563.23,-52.68,0.187575,75.00,386.006165,4355.40,0.000447,10075.00
142.700,4435.62,-56.99,0.117646,75.00,676.690918,4243.42,0.000273,9815.00
142.750,2496.28,-65.80,0.108301,75.00,324.426910,3113.56,0.000027,4960.00
142.800,2163.93,-68.28,0.119221,75.00,296.116425,2663.44,0.000007,4020.00
142.850,4537.54,-60.28,0.122402,75.00,243.405853,4364.57,0.000102,9670.00
142.900,6050.19,-56.38,0.127111,75.00,422.556763,4517.23,0.000285,11065.00
142.950,5110.94,-58.61,0.134556,70.00,380.169037,4475.03,0.000135,10195.00
143.000,2630.01,-66.41,0.127799,70.00,253.474930,3267.96,0.000017,6465.00
143.050,2490.19,-67.83,0.121010,70.00,238.868332,2898.97,0.000008,4415.00
143.100,3201.51,-61.58,0.120723,70.00,427.276703,3984.12,0.000106,8305.00
143.150,3765.84,-57.31,0.222765,70.00,872.152649,4674.33,0.000103,10370.00
143.200,3338.45,-58.09,0.260245,60.00,738.785889,4331.21,0.000062,9035.00
143.250,2625.77,-63.12,0.160607,55.00,937.299744,3433.04,0.000031,4890.00
143.300,1956.46,-67.88,0.118727,50.00,703.131409,2564.52,0.000013,3630.00
143.350,2098.83,-67.20,0.129863,50.00,331.181488,2845.41,0.000015,3950.00
143.400,5117.15,-58.47,0.124178,50.00,382.770844,4630.37,0.000173,10330.00
143.450,5782.65,-56.66,0.125689,90.00,475.838074,4647.43,0.000292,11025.00
143.500,4210.35,-60.76,0.130900,95.00,514.127930,4292.58,0.000078,9195.00
143.550,2286.75,-67.27,0.123850,95.00,347.047394,2701.92,0.000014,4070.00
143.600,2193.74,-68.22,0.128391,95.00,358.411774,2669.63,0.000012,3830.00
143.650,3847.88,-56.60,0.149575,95.00,566.957581,4222.11,0.000233,9220.00
143.700,4437.07,-52.28,0.195199,100.00,688.006042,4352.41,0.000474,9975.00
143.750,4643.11,-54.47,0.135796,50.00,596.927795,4334.67,0.000452,10105.00
143.800,3865.80,-63.38,0.097074,50.00,540.703918,4252.40,0.000055,9375.00
143.850,1834.00,-70.55,0.111883,50.00,308.048340,2806.36,0.000006,3690.00
143.900,3099.80,-62.94,0.136279,50.00,270.337769,3715.39,0.000036,7775.00
143.950,5376.30,-56.48,0.128410,95.00,444.927612,4541.31,0.000249,10545.00
144.000,5715.71,-57.10,0.118675,95.00,487.171173,4483.53,0.000244,10760.00
144.050,3987.55,-63.79,0.102777,95.00,354.599854,3803.82,0.000049,8450.00
144.100,3941.37,-64.07,0.103654,95.00,216.501495,3751.71,0.000043,8780.00
144.150,6056.04,-61.12,0.102778,95.00,200.513992,4530.29,0.000093,10750.00
144.200,5218.56,-57.47,0.174149,100.00,852.843872,4960.53,0.000112,10945.00
144.250,4019.23,-57.42,0.272092,65.00,980.581116,4894.16,0.000051,10645.00
144.300,2908.82,-61.54,0.221006,60.00,874.855530,3946.69,0.000026,6860.00
144.350,2452.53,-66.09,0.132613,45.00,973.107666,2773.67,0.000020,3960.00
144.400,2347.38,-67.33,0.121009,45.00,477.388733,2611.63,0.000010,4045.00
144.450,4371.06,-60.69,0.115716,50.00,295.421722,4375.87,0.000100,9620.00
144.500,5443.67,-55.53,0.126560,50.00,456.492767,4546.36,0.000377,10705.00
144.550,4711.20,-56.86,0.115586,95.00,466.686371,4306.63,0.000310,9745.00
144.600,2953.15,-64.68,0.099310,95.00,393.440125,3203.52,0.000043,6235.00
144.650,3885.35,-61.96,0.107787,95.00,212.817871,3900.16,0.000074,9240.00
144.700,5242.67,-57.62,0.111234,95.00,265.362427,4583.25,0.000247,10815.00
144.750,4587.25,-52.79,0.180446,100.00,735.840271,4433.08,0.000440,10355.00
144.800,4615.59,-52.82,0.169457,50.00,435.774719,4363.47,0.000487,10180.00
144.850,3780.21,-58.53,0.127347,50.00,712.325378,4156.04,0.000162,9105.00
144.900,1912.73,-66.04,0.146916,50.00,403.471344,2616.80,0.000016,3640.00
144.950,1876.89,-67.54,0.129838,50.00,370.762299,2510.79,0.000012,3415.00
145.000,4534.03,-57.90,0.124053,50.00,476.717590,4398.91,0.000204,9690.00
145.050,5880.62,-56.13,0.115850,95.00,411.114594,4580.58,0.000365,11020.00
145.100,5805.87,-61.45,0.092606,95.00,411.449829,4681.10,0.000110,11090.00
145.150,2184.91,-72.49,0.091752,95.00,167.777054,3366.36,0.000004,5815.00
145.200,3913.47,-64.80,0.103937,95.00,216.623871,4291.94,0.000033,9590.00
145.250,5410.10,-57.89,0.136797,95.00,461.356812,4811.02,0.000154,10960.00
145.300,4938.96,-56.03,0.246685,100.00,1024.677124,4998.21,0.000089,11035.00
145.350,4073.06,-58.23,0.251502,60.00,823.588257,4772.64,0.000047,10260.00
145.400,2593.40,-64.08,0.147753,45.00,1009.568909,3634.00,0.000028,7360.00
145.450,1937.78,-68.00,0.122876,45.00,498.265289,2543.63,0.000011,3595.00
145.500,2788.39,-64.26,0.119502,50.00,334.943939,3249.66,0.000040,5955.00
145.550,5394.50,-56.89,0.120484,50.00,416.691284,4477.96,0.000281,10510.00
145.600,5455.93,-56.36,0.119346,95.00,437.516937,4487.46,0.000347,10580.00
145.650,3809.69,-63.06,0.101571,95.00,405.507751,4131.96,0.000068,8755.00
145.700,2196.60,-68.56,0.109193,95.00,276.592194,2875.46,0.000012,3815.00
145.750,3306.37,-64.21,0.107013,95.00,113.668808,3981.48,0.000042,8810.00
145.800,4611.98,-54.50,0.154668,95.00,682.637756,4488.77,0.000336,10345.00
145.850,4737.88,-51.93,0.196058,95.00,518.682007,4423.43,0.000466,10315.00
145.900,4548.88,-55.56,0.140615,50.00,719.470093,4325.03,0.000291,10065.00
145.950,2790.81,-64.90,0.115720,50.00,447.668945,3566.74,0.000030,6930.00
146.000,4241.99,-64.73,0.105020,50.00,300.870361,4130.25,0.000029,9085.00
146.050,6422.57,-59.51,0.110034,50.00,239.061401,4097.92,0.000180,10495.00
146.100,6138.20,-55.65,0.124957,50.00,469.283112,4386.44,0.000459,10860.00
146.150,5138.18,-57.35,0.121059,95.00,494.158936,4449.38,0.000299,10160.00
146.200,2898.40,-67.03,0.094538,95.00,420.427734,3676.92,0.000023,7600.00
146.250,1767.54,-74.00,0.087457,95.00,218.454300,2977.11,0.000002,3915.00
146.300,3618.99,-66.53,0.095582,95.00,182.935364,4731.79,0.000024,10210.00
146.350,3534.89,-57.89,0.208000,95.00,911.162781,4607.28,0.000081,10015.00
146.400,3007.53,-57.02,0.289468,60.00,1003.240234,4181.07,0.000060,8215.00
146.450,2464.28,-62.10,0.216823,50.00,977.051514,3411.32,0.000024,4230.00
146.500,2659.51,-67.89,0.110932,45.00,870.123596,3565.36,0.000015,6610.00
146.550,3556.69,-64.95,0.102227,50.00,336.300842,4204.10,0.000034,9235.00
146.600,4793.70,-58.80,0.119585,50.00,304.356995,4436.90,0.000154,10010.00
146.650,5606.60,-55.95,0.121999,70.00,470.739380,4556.96,0.000347,10845.00
146.700,4459.53,-59.17,0.116225,70.00,481.074524,4362.93,0.000149,9665.00
146.750,2140.13,-67.55,0.108999,70.00,299.362000,2885.97,0.000017,4110.00
146.800,2080.34,-67.46,0.117999,70.00,310.997711,2706.02,0.000015,3785.00
146.850,3518.41,-58.11,0.140112,70.00,411.949341,3964.90,0.000150,8355.00
146.900,4277.19,-52.81,0.195813,75.00,678.728027,4295.96,0.000372,9710.00
146.950,4459.98,-53.79,0.159518,75.00,517.339783,4268.74,0.000387,9845.00
147.000,3755.58,-60.72,0.100316,75.00,622.456909,3930.75,0.000123,8825.00
147.050,1986.80,-69.85,0.102003,75.00,332.783264,2332.24,0.000010,3220.00
147.100,2567.40,-65.08,0.122320,75.00,262.082367,2994.90,0.000033,4115.00
147.150,5366.24,-56.95,0.122676,75.00,408.156403,4508.18,0.000272,10490.00
147.200,5781.41,-55.93,0.125537,75.00,433.172272,4457.87,0.000340,10900.00
147.250,3909.49,-60.71,0.119557,70.00,366.433350,3870.09,0.000096,8450.00
147.300,2428.01,-66.89,0.114655,70.00,338.276642,2728.86,0.000018,4135.00
147.350,2343.29,-66.63,0.128640,70.00,384.558990,2973.93,0.000025,4210.00
147.400,3480.22,-59.46,0.172590,70.00,768.411255,4550.79,0.000105,9645.00
147.450,3446.20,-57.14,0.264777,65.00,810.466797,4541.51,0.000088,9670.00
147.500,2835.56,-59.94,0.219020,60.00,836.259216,3811.51,0.000050,6570.00
147.550,4077.65,-60.89,0.122559,55.00,916.795227,4123.59,0.000082,9680.00
147.600,6559.76,-60.06,0.102398,50.00,517.596497,4530.09,0.000129,11120.00
147.650,6596.87,-61.62,0.102734,50.00,157.225998,4653.55,0.000088,11220.00
147.700,5915.13,-56.78,0.110141,50.00,383.796204,4498.44,0.000330,10940.00
147.750,5037.22,-56.74,0.124002,95.00,492.347778,4296.35,0.000277,10010.00
147.800,3268.74,-62.93,0.115378,95.00,381.792389,3446.33,0.000058,7705.00
147.850,2383.29,-67.95,0.108181,95.00,399.422821,2913.50,0.000010,3900.00
147.900,3047.57,-63.68,0.105908,95.00,281.532288,3999.44,0.000064,8090.00
147.950,4271.52,-54.26,0.172389,95.00,763.339417,4363.98,0.000389,9890.00
148.000,4622.96,-52.93,0.177238,50.00,408.102478,4383.65,0.000507,10180.00
148.050,4811.50,-58.17,0.102083,50.00,727.537354,4379.72,0.000228,10245.00
148.100,2362.89,-69.88,0.097306,50.00,278.647491,3695.37,0.000009,6640.00
148.150,1216.80,-73.45,0.119037,50.00,310.812103,2307.62,0.000002,2200.00
148.200,4826.92,-60.52,0.124828,50.00,303.676239,4685.98,0.000092,10235.00
148.250,5111.91,-55.29,0.140140,90.00,512.787964,4516.66,0.000347,10280.00
148.300,3806.26,-57.09,0.152807,95.00,507.666473,3941.71,0.000186,8515.00
148.350,3660.49,-61.69,0.118371,95.00,479.026459,3682.10,0.000072,8785.00
148.400,6404.94,-61.55,0.106464,95.00,312.042816,4427.82,0.000077,11075.00
148.450,5862.85,-60.48,0.122654,95.00,380.193146,4978.56,0.000102,11385.00
148.500,3922.33,-57.26,0.234835,100.00,998.396545,4801.73,0.000087,10655.00
148.550,3140.82,-58.21,0.251796,65.00,746.961365,4309.08,0.000059,8725.00
148.600,2424.72,-63.94,0.154290,55.00,958.825928,3442.45,0.000027,4405.00
148.650,2428.22,-67.34,0.107686,50.00,680.767334,3409.15,0.000017,5680.00
148.700,4448.54,-64.11,0.104803,50.00,268.398468,4745.71,0.000038,10500.00
148.750,5909.90,-57.74,0.118125,50.00,372.713470,4663.35,0.000204,11145.00
148.800,5861.79,-56.73,0.132105,95.00,426.917664,4627.43,0.000230,11090.00
148.850,4779.01,-60.09,0.117681,95.00,401.942871,4538.82,0.000099,10090.00
148.900,3933.23,-61.83,0.111470,95.00,338.042175,4211.02,0.000069,9670.00
148.950,2271.65,-63.13,0.147977,95.00,452.939209,2718.77,0.000041,3525.00
149.000,3702.87,-55.07,0.172830,95.00,606.729553,3949.51,0.000269,8840.00
149.050,4753.69,-51.90,0.190865,50.00,628.753845,4349.45,0.000516,10245.00
149.100,5544.29,-54.29,0.126464,50.00,658.155640,4443.26,0.000488,10745.00
149.150,5376.30,-60.87,0.103695,50.00,425.150757,4708.14,0.000101,10905.00
149.200,2481.64,-65.11,0.133820,50.00,430.425659,3375.89,0.000023,5710.00
149.250,3203.44,-61.63,0.149486,50.00,263.604492,3804.96,0.000046,8035.00
149.300,5601.79,-56.51,0.127001,50.00,515.646973,4537.07,0.000255,10750.00
149.350,5827.30,-57.69,0.103492,95.00,446.123749,4595.23,0.000263,11010.00
149.400,3293.68,-65.90,0.091991,95.00,377.080597,4120.12,0.000031,8310.00
149.450,1683.84,-72.13,0.093643,95.00,208.090912,2327.77,0.000004,3165.00
149.500,2673.51,-66.24,0.101343,95.00,187.149078,3872.97,0.000037,6860.00
149.550,4066.73,-58.74,0.181338,95.00,772.937500,4913.58,0.000098,10985.00
149.600,3390.71,-56.84,0.278442,65.00,1029.654785,4507.93,0.000076,9605.00
149.650,2541.07,-59.78,0.233876,50.00,917.479370,3355.57,0.000044,4385.00
149.700,3712.70,-61.05,0.128415,45.00,934.353088,3819.60,0.000071,9055.00
149.750,6221.74,-60.72,0.104577,50.00,360.810883,4495.31,0.000101,10940.00
149.800,6745.97,-59.94,0.106640,50.00,208.852692,4516.71,0.000134,11145.00
149.850,6283.88,-56.76,0.109764,95.00,381.010559,4504.21,0.000335,11160.00
149.900,4817.49,-58.40,0.115389,95.00,438.911102,4240.18,0.000197,9740.00
149.950,2828.69,-64.79,0.118315,95.00,363.333069,3086.16,0.000034,5240.00
150.000,2377.18,-68.11,0.110952,95.00,350.290924,2805.91,0.000010,3950.00
150.050,3705.36,-59.44,0.118291,95.00,398.401581,4242.63,0.000151,9165.00
150.100,4414.22,-52.99,0.182090,95.00,692.786499,4385.65,0.000435,9965.00
150.150,4559.61,-53.50,0.161769,50.00,535.400085,4326.49,0.000446,9915.00
150.200,3683.22,-60.02,0.127658,50.00,636.343262,4013.33,0.000100,8810.00
150.250,2237.75,-67.83,0.121800,50.00,381.593567,2946.78,0.000011,4230.00
150.300,2799.44,-67.29,0.114801,50.00,279.954559,3203.29,0.000015,5890.00
150.350,5960.84,-58.84,0.108832,50.00,333.180420,4497.33,0.000166,11005.00
150.400,6011.88,-56.44,0.107451,95.00,377.781433,4466.58,0.000362,11025.00
150.450,3948.26,-59.13,0.115798,95.00,489.553864,3775.05,0.000161,8375.00
150.500,2951.99,-64.54,0.109607,95.00,302.699280,2840.72,0.000041,3960.00
150.550,4107.45,-64.71,0.093887,95.00,287.127533,4040.79,0.000044,9545.00
150.600,4833.30,-59.09,0.136071,100.00,694.495667,4941.81,0.000114,10950.00
150.650,3929.82,-56.76,0.263129,70.00,985.872620,4793.33,0.000069,10535.00
150.700,2989.19,-59.35,0.272853,50.00,1026.711670,4085.12,0.000033,7620.00
150.750,2294.51,-64.81,0.185843,50.00,962.920532,2872.29,0.000016,3735.00
150.800,2321.37,-66.99,0.118125,50.00,664.687622,2629.50,0.000016,3645.00
150.850,4209.06,-61.87,0.111725,50.00,264.431549,4231.47,0.000069,9615.00
150.900,6027.05,-56.93,0.115238,50.00,453.891235,4614.87,0.000274,11110.00
150.950,5469.09,-56.70,0.122031,70.00,500.153046,4537.28,0.000269,10650.00
151.000,3342.94,-63.68,0.120701,70.00,407.066101,3953.48,0.000039,8335.00
151.050,1638.43,-70.36,0.121980,70.00,271.335724,2231.42,0.000005,2995.00
151.100,2553.79,-63.65,0.128867,70.00,387.821350,2998.59,0.000043,4345.00
151.150,4024.90,-54.40,0.170168,70.00,639.017700,4079.69,0.000305,9210.00
151.200,4695.21,-52.53,0.178655,75.00,425.061646,4289.27,0.000449,9995.00
151.250,5382.34,-56.21,0.106655,75.00,670.818970,4394.56,0.000367,10495.00
151.300,4355.34,-63.49,0.093646,75.00,324.514771,4335.67,0.000055,10010.00
151.350,2827.67,-65.34,0.115690,75.00,306.503662,3168.15,0.000027,5600.00
151.400,3963.55,-59.72,0.130638,75.00,287.905975,3943.81,0.000102,8705.00
151.450,5549.98,-55.95,0.132363,75.00,418.545776,4428.80,0.000269,10555.00
151.500,5120.90,-58.26,0.118766,70.00,395.681580,4426.77,0.000172,10150.00
151.550,2442.70,-66.61,0.111413,70.00,312.289001,3030.15,0.000021,4535.00
151.600,1735.54,-70.61,0.109227,70.00,243.767944,2148.64,0.000005,3585.00
151.650,3259.15,-63.08,0.109874,70.00,351.874908,4215.79,0.000077,8335.00
151.700,4014.68,-55.90,0.209213,65.00,878.800415,4521.70,0.000160,9845.00
151.750,4038.43,-55.05,0.271488,60.00,777.127625,4212.53,0.000121,8960.00
151.800,4361.21,-57.46,0.212731,50.00,892.431885,3868.17,0.000075,8580.00
151.850,4728.79,-59.78,0.116966,45.00,821.778870,3660.98,0.000113,8685.00
151.900,4213.35,-63.90,0.094936,50.00,249.693649,3683.20,0.000046,8280.00
151.950,5996.95,-59.95,0.100224,50.00,305.362335,4610.80,0.000132,11115.00
152.000,5645.22,-56.44,0.113257,90.00,408.160706,4552.52,0.000324,10755.00
152.050,3841.89,-59.51,0.120269,95.00,467.074799,3986.52,0.000131,8615.00
152.100,3550.77,-62.89,0.104827,95.00,258.234375,3834.58,0.000061,8580.00
152.150,5705.56,-63.38,0.096508,95.00,243.321808,4479.85,0.000047,10615.00
152.200,4225.43,-57.10,0.127941,95.00,522.644958,4403.07,0.000235,9855.00
152.250,4420.65,-52.49,0.194356,160.00,709.173279,4350.48,0.000425,9925.00
152.300,4490.14,-54.36,0.146966,50.00,604.203918,4244.06,0.000407,9860.00
152.350,3491.27,-62.07,0.108282,50.00,551.854431,3726.19,0.000075,8095.00
152.400,1647.59,-73.11,0.107613,50.00,222.974930,2162.05,0.000002,3295.00
152.450,3089.11,-66.26,0.107969,50.00,178.005081,4012.06,0.000024,8085.00
152.500,6178.15,-58.79,0.107814,95.00,347.016998,4635.67,0.000206,11305.00
152.550,7048.47,-59.36,0.099990,95.00,360.594635,4411.03,0.000197,11895.00
152.600,5693.31,-67.31,0.090877,95.00,266.705292,4786.49,0.000019,11070.00
152.650,1410.87,-74.59,0.093253,95.00,100.824005,2223.90,0.000001,2680.00
152.700,2661.14,-68.04,0.095726,95.00,90.375748,3862.03,0.000016,6600.00
152.750,4214.72,-59.21,0.165333,90.00,815.012146,4964.10,0.000075,11250.00
152.800,3624.69,-56.90,0.271690,85.00,943.705933,4687.48,0.000062,10340.00
152.850,2677.78,-59.45,0.250634,50.00,1005.319031,3803.41,0.000037,6540.00
152.900,1816.58,-66.87,0.151334,50.00,916.991211,2635.77,0.000012,3300.00
152.950,2775.91,-67.25,0.100606,50.00,431.993103,3466.52,0.000015,7120.00
153.000,4939.20,-59.17,0.106336,50.00,301.203491,4066.38,0.000151,9250.00
153.050,5215.91,-54.96,0.131014,50.00,450.989594,4257.78,0.000388,10030.00
153.100,4750.42,-57.05,0.117361,95.00,457.447021,4305.34,0.000260,9735.00
153.150,2553.92,-65.65,0.100332,95.00,369.134430,3280.43,0.000033,5975.00
153.200,2125.25,-67.46,0.108471,95.00,213.890976,2804.72,0.000018,4545.00
153.250,3180.27,-60.45,0.123213,95.00,316.787201,3717.80,0.000104,7565.00
153.300,4166.02,-52.87,0.188963,100.00,778.393433,4205.30,0.000400,9595.00
153.350,4497.25,-52.32,0.179719,50.00,466.976349,4177.84,0.000507,9790.00
153.400,4252.45,-57.61,0.121105,50.00,721.653381,3799.46,0.000239,8905.00
153.450,2900.89,-67.02,0.117948,50.00,312.931366,2409.14,0.000021,3860.00
153.500,2839.26,-68.18,0.123815,50.00,235.877487,2227.43,0.000015,3800.00
153.550,5072.12,-58.02,0.127718,50.00,416.198730,4150.15,0.000194,9880.00
153.600,5616.24,-55.18,0.133284,95.00,488.989044,4338.54,0.000390,10600.00
153.650,4592.54,-58.25,0.116497,95.00,401.407104,4172.44,0.000201,9545.00
153.700,4081.28,-62.14,0.105725,95.00,369.541595,4155.04,0.000072,9515.00
153.750,4030.00,-63.07,0.107760,95.00,178.467941,4217.21,0.000056,9710.00
153.800,4718.31,-59.63,0.125383,100.00,555.831055,4845.60,0.000114,10845.00
153.850,4808.04,-56.21,0.246509,100.00,983.007812,4988.83,0.000089,10980.00
153.900,4160.98,-57.33,0.268334,50.00,950.552856,4777.80,0.000055,10440.00
153.950,2685.58,-62.72,0.185429,50.00,944.586487,3623.40,0.000026,6845.00
154.000,2408.70,-66.75,0.108629,50.00,699.810120,3130.70,0.000019,4365.00
154.050,5198.12,-62.06,0.100885,50.00,274.735931,4233.28,0.000072,9620.00
154.100,6636.58,-57.19,0.109590,50.00,317.667145,4158.05,0.000270,10660.00
154.150,6037.84,-56.81,0.111286,95.00,431.019867,4375.39,0.000302,10675.00
154.200,3685.60,-62.11,0.118997,95.00,411.998596,3967.15,0.000060,8435.00
154.250,2158.97,-68.69,0.111363,95.00,324.951080,2859.97,0.000009,3910.00
154.300,2874.23,-66.84,0.098687,95.00,291.215485,3850.22,0.000023,8270.00
154.350,4507.09,-54.92,0.147302,95.00,622.487427,4478.20,0.000340,10270.00
154.400,4725.09,-51.80,0.196896,95.00,534.606506,4426.35,0.000488,10255.00
154.450,4670.72,-55.05,0.139879,50.00,668.375549,4350.37,0.000338,10045.00
154.500,2830.96,-64.01,0.122505,50.00,487.521667,3609.88,0.000035,7350.00
154.550,3538.32,-64.72,0.118829,50.00,326.208435,4105.58,0.000026,9465.00
154.600,6201.67,-60.75,0.109680,50.00,308.274872,4592.98,0.000094,10725.00
154.650,6760.11,-57.75,0.112768,50.00,438.622589,4449.06,0.000229,11180.00
154.700,5482.46,-58.75,0.120201,95.00,533.660583,4597.89,0.000151,10490.00
154.750,2705.63,-66.68,0.109403,95.00,388.325256,3563.36,0.000019,7100.00
154.800,1655.88,-71.42,0.113829,95.00,320.532440,2265.82,0.000003,3015.00
154.850,2746.66,-64.91,0.116473,95.00,199.198547,3903.11,0.000032,6840.00
154.900,3941.48,-58.11,0.192607,95.00,849.468201,4857.11,0.000090,10900.00
154.950,3463.01,-57.74,0.267981,65.00,837.811829,4608.41,0.000055,10055.00
155.000,2647.80,-61.79,0.204938,55.00,939.348083,3614.05,0.000029,5485.00
155.050,2467.75,-66.01,0.119897,50.00,803.624695,3055.61,0.000022,3995.00
155.100,5245.20,-62.15,0.099926,50.00,396.648590,4464.21,0.000070,10370.00
155.150,5996.74,-57.73,0.109653,50.00,295.119446,4481.15,0.000226,10860.00
155.200,5963.68,-56.09,0.119162,70.00,462.180634,4560.39,0.000337,11025.00
155.250,5225.31,-58.60,0.115419,70.00,432.029541,4619.77,0.000162,10585.00
155.300,4440.71,-61.67,0.110711,70.00,275.365692,4663.08,0.000074,10360.00
155.350,2558.01,-66.15,0.123849,70.00,319.130402,3536.22,0.000018,5965.00
155.400,3630.73,-58.25,0.146481,70.00,407.902863,3982.67,0.000130,8610.00
155.450,4309.35,-52.78,0.202124,75.00,715.881165,4232.71,0.000342,9830.00
155.500,4514.54,-53.70,0.157539,75.00,502.449921,4154.31,0.000411,9800.00
155.550,3915.86,-59.82,0.109618,75.00,609.355286,3613.74,0.000145,8390.00
155.600,3186.19,-65.97,0.114015,75.00,309.510010,3032.06,0.000024,6105.00
155.650,3482.06,-64.59,0.110858,75.00,204.333115,3413.93,0.000053,7795.00
155.700,5694.20,-57.00,0.116238,75.00,347.040558,4461.75,0.000367,10810.00
155.750,6200.35,-56.18,0.117583,75.00,348.472595,4512.29,0.000439,11245.00
155.800,5183.30,-60.56,0.099083,70.00,307.004761,4541.30,0.000157,10505.00
155.850,2741.64,-64.39,0.113500,70.00,296.750275,3419.97,0.000037,6645.00
155.900,2475.48,-65.15,0.118981,70.00,172.172409,3047.18,0.000040,4310.00
155.950,4298.82,-58.23,0.149597,70.00,691.114380,4800.33,0.000153,10800.00
156.000,4551.95,-55.91,0.266353,70.00,927.072388,4975.40,0.000099,10920.00
156.050,3761.39,-57.73,0.268691,50.00,970.365540,4563.28,0.000053,9915.00
156.100,2290.72,-64.12,0.173955,45.00,984.626587,3248.61,0.000020,4080.00
156.150,2403.34,-67.62,0.105621,45.00,566.532898,3475.45,0.000017,4670.00
156.200,5764.65,-61.78,0.099942,50.00,284.674194,4940.23,0.000082,11290.00
156.250,6904.24,-57.16,0.104758,50.00,338.971436,4507.63,0.000295,11690.00
156.300,5657.48,-56.73,0.112481,95.00,479.165253,4468.35,0.000282,10785.00
156.350,3241.97,-62.00,0.119070,95.00,341.193115,3560.42,0.000062,7970.00
156.400,2376.35,-67.02,0.103544,95.00,319.319946,3008.43,0.000020,3960.00
156.450,4346.56,-61.71,0.095252,95.00,282.865326,4621.96,0.000102,10520.00
156.500,4503.64,-53.83,0.161964,95.00,719.727539,4420.25,0.000402,10115.00
156.550,4713.05,-52.67,0.172580,50.00,389.515076,4379.90,0.000483,10205.00
156.600,4925.32,-57.68,0.103672,50.00,702.102539,4418.04,0.000254,10490.00
156.650,2322.55,-68.53,0.098614,50.00,289.945160,3395.54,0.000013,5370.00
156.700,1982.61,-68.17,0.118564,50.00,271.932068,2552.42,0.000013,3715.00
156.750,4452.37,-59.91,0.113780,50.00,333.709808,4390.67,0.000122,9730.00
156.800,7126.52,-56.98,0.112768,90.00,497.115143,4382.77,0.000293,11630.00
156.850,6838.43,-58.10,0.119884,95.00,465.448395,4470.06,0.000179,11295.00
156.900,3993.94,-64.95,0.122735,95.00,290.432159,4422.44,0.000023,9740.00
156.950,4621.49,-65.14,0.115660,95.00,251.364868,4674.93,0.000021,10285.00
157.000,5818.37,-59.64,0.123855,95.00,471.243042,4816.85,0.000115,10880.00
157.050,4610.03,-56.68,0.238071,85.00,1036.502075,4963.65,0.000085,10750.00
157.100,3409.81,-58.33,0.282407,55.00,957.135315,4631.27,0.000040,9845.00
157.150,2132.09,-64.94,0.187618,50.00,1009.328003,3573.99,0.000013,4585.00
157.200,2457.99,-68.99,0.105768,45.00,694.833130,3750.40,0.000010,8200.00
157.250,5502.18,-64.13,0.097252,50.00,309.938629,4703.20,0.000060,10575.00
157.300,6211.03,-57.90,0.110520,50.00,322.629059,4608.24,0.000307,11080.00
157.350,6775.02,-55.82,0.116554,95.00,392.212463,4439.30,0.000513,11300.00
157.400,6052.88,-59.19,0.104587,95.00,349.115723,4486.99,0.000211,10725.00
157.450,5156.83,-61.46,0.102507,95.00,177.186691,4741.89,0.000080,10795.00
157.500,3802.71,-62.92,0.111555,95.00,236.115112,4395.18,0.000054,9380.00
157.550,3750.31,-56.42,0.155166,95.00,562.806274,4158.77,0.000222,9025.00
157.600,4340.66,-52.27,0.198787,95.00,629.843872,4270.78,0.000437,9760.00
157.650,4561.03,-54.37,0.140368,50.00,636.179016,4183.29,0.000422,9845.00
157.700,3602.81,-61.45,0.112946,50.00,514.115784,3517.27,0.000087,8060.00
157.750,2866.28,-66.37,0.116803,50.00,280.876709,2777.55,0.000018,4340.00
157.800,3425.20,-62.26,0.125083,50.00,267.113892,3570.13,0.000062,7715.00
157.850,5702.49,-56.71,0.122958,50.00,443.447723,4594.74,0.000287,10920.00
157.900,5673.07,-57.28,0.119716,95.00,486.142700,4716.87,0.000256,11040.00
157.950,2856.14,-63.87,0.119374,95.00,452.258484,3866.77,0.000042,7760.00
158.000,2371.20,-67.91,0.104363,95.00,303.331268,3503.09,0.000015,6885.00
158.050,5428.36,-62.19,0.093656,95.00,289.489288,4686.61,0.000087,10625.00
158.100,5153.01,-57.07,0.183104,95.00,795.430481,4930.24,0.000113,10960.00
158.150,4427.65,-57.11,0.263036,65.00,814.373657,4917.36,0.000058,10625.00
158.200,3344.52,-60.71,0.206009,55.00,977.837708,4355.36,0.000034,9125.00
158.250,1904.17,-66.98,0.131407,50.00,826.026428,2844.17,0.000016,3615.00
158.300,2159.53,-68.62,0.105410,50.00,395.315033,3164.71,0.000011,4130.00
158.350,5624.49,-61.09,0.102200,50.00,275.561768,4639.47,0.000100,10570.00
158.400,6665.09,-57.53,0.104464,95.00,387.414734,4456.40,0.000284,11290.00
158.450,5108.19,-59.72,0.117094,95.00,508.210693,4704.16,0.000125,10350.00
158.500,1996.07,-68.78,0.130931,95.00,351.712952,3303.43,0.000008,5995.00
158.550,4182.51,-65.98,0.107565,95.00,280.269623,4558.57,0.000020,9830.00
158.600,5209.26,-58.01,0.108138,95.00,421.898926,4521.91,0.000207,10410.00
158.650,4672.74,-52.57,0.187287,95.00,723.496948,4382.69,0.000399,10065.00
158.700,4719.38,-53.07,0.169463,50.00,451.609650,4377.38,0.000422,10175.00
158.750,3947.17,-59.23,0.127578,50.00,650.832642,4284.61,0.000118,9415.00
158.800,1805.40,-68.62,0.118280,50.00,313.396057,2748.34,0.000011,3410.00
158.850,1976.52,-70.24,0.109515,50.00,285.417236,2962.18,0.000008,3630.00
158.900,6254.18,-60.79,0.106359,50.00,319.968597,4600.10,0.000113,11110.00
158.950,6151.47,-57.61,0.109376,95.00,445.983246,4541.43,0.000282,11090.00
159.000,3712.29,-60.43,0.141053,95.00,586.119263,4139.51,0.000079,8705.00
159.050,1922.05,-68.12,0.128544,95.00,395.822296,2830.10,0.000010,3330.00
159.100,5281.64,-63.85,0.103349,95.00,418.335785,4625.35,0.000042,10285.00
159.150,5431.97,-59.40,0.131771,90.00,642.291016,4683.30,0.000109,10400.00
159.200,4003.73,-58.48,0.252485,85.00,1017.526733,4595.22,0.000045,9675.00
159.250,3169.74,-60.06,0.240665,60.00,711.663025,4078.15,0.000031,8795.00
159.300,2599.70,-63.97,0.137641,55.00,998.765503,3121.34,0.000030,5075.00
159.350,2368.87,-68.84,0.110368,50.00,606.764038,2858.28,0.000010,3840.00
159.400,2091.48,-72.10,0.105223,50.00,253.313843,3416.42,0.000004,5490.00
159.450,2288.34,-68.17,0.102415,50.00,403.697540,3617.69,0.000014,6745.00
159.500,2280.08,-65.33,0.118507,70.00,548.895996,3070.54,0.000027,4440.00
159.550,2071.20,-66.45,0.134301,70.00,294.412231,2593.49,0.000015,3875.00
159.600,1946.53,-68.57,0.128794,70.00,380.586731,2375.21,0.000008,3725.00
159.650,2676.26,-65.64,0.133248,70.00,255.537308,2877.64,0.000016,4295.00
159.700,3224.42,-63.29,0.126209,70.00,342.701813,3042.26,0.000030,6160.00
159.750,3251.36,-63.66,0.122688,75.00,431.956970,2890.43,0.000027,6045.00
159.800,3096.88,-64.49,0.121809,75.00,312.631439,2768.64,0.000020,5850.00
159.850,2870.10,-66.53,0.109615,75.00,249.132141,2684.23,0.000012,5510.00
159.900,2564.49,-69.40,0.102515,75.00,213.215851,2583.65,0.000004,4245.00
159.950,1780.45,-71.75,0.103373,75.00,149.734222,2400.04,0.000004,3615.00
160.000,1948.01,-67.55,0.120604,75.00,376.974976,2550.25,0.000015,3435.00
160.050,2231.87,-65.67,0.128315,70.00,319.029755,2583.98,0.000025,3510.00
160.100,2320.42,-67.51,0.118204,70.00,306.141022,2486.58,0.000016,3480.00
160.150,2132.56,-68.96,0.113943,70.00,223.156525,2281.64,0.000009,3255.00
160.200,1816.05,-68.05,0.111325,70.00,346.265320,2491.52,0.000015,3225.00
160.250,1988.49,-62.26,0.206402,70.00,834.681885,2959.45,0.000026,3935.00
160.300,2203.43,-60.38,0.273643,65.00,775.488220,3111.96,0.000025,4595.00
160.350,3738.82,-59.41,0.187506,60.00,901.347229,4243.68,0.000055,9520.00
160.400,5772.60,-59.42,0.132324,95.00,740.555603,4850.69,0.000096,11205.00
160.450,5747.13,-60.42,0.136329,95.00,302.717926,4959.84,0.000065,11465.00
160.500,4905.39,-58.24,0.141727,95.00,319.426453,4594.29,0.000125,10460.00
160.550,5506.41,-56.27,0.126918,90.00,409.768463,4528.71,0.000292,10675.00
160.600,4888.04,-60.02,0.092479,95.00,441.490784,4429.25,0.000175,9945.00
160.650,5265.63,-62.14,0.087076,95.00,216.471786,4539.90,0.000093,10500.00
160.700,6200.87,-60.23,0.087797,95.00,109.454018,4601.32,0.000157,11240.00
160.750,4405.78,-56.66,0.121126,95.00,503.847351,4455.75,0.000280,10355.00
160.800,4269.30,-52.59,0.202286,100.00,696.963745,4290.75,0.000375,9885.00
160.850,4308.44,-54.12,0.161346,50.00,568.708435,4207.47,0.000361,9770.00
160.900,3385.74,-60.86,0.111934,50.00,603.931885,3607.52,0.000101,7560.00
160.950,2351.19,-68.36,0.108582,50.00,239.085419,3043.48,0.000011,4575.00
161.000,3350.07,-62.76,0.115055,50.00,172.318268,3689.46,0.000054,7825.00
161.050,4766.09,-56.06,0.136311,50.00,418.925964,4209.91,0.000277,9700.00
161.100,5013.29,-56.23,0.129790,95.00,373.696686,4317.91,0.000286,9980.00
161.150,3602.85,-62.51,0.108149,95.00,413.072083,3883.01,0.000066,8080.00
161.200,2541.01,-68.74,0.105086,95.00,176.191666,3245.73,0.000011,5180.00
161.250,3848.30,-64.98,0.106330,95.00,113.363297,4102.39,0.000029,8735.00
161.300,4280.73,-57.80,0.161650,100.00,706.246216,4541.50,0.000117,9905.00
161.350,3519.43,-56.25,0.261133,65.00,1008.267883,4358.52,0.000081,9110.00
161.400,2708.85,-60.25,0.227303,60.00,808.782471,3783.94,0.000035,6155.00
161.450,2112.98,-66.73,0.127050,45.00,945.231018,2753.79,0.000018,3410.00
161.500,2235.19,-68.47,0.108147,45.00,387.506622,2994.53,0.000013,4330.00
161.550,4196.73,-62.05,0.111372,50.00,216.870224,4443.61,0.000094,9510.00
161.600,5305.23,-56.18,0.136686,50.00,480.055084,4622.13,0.000353,10575.00
161.650,4839.09,-57.39,0.129880,95.00,416.445221,4548.53,0.000274,10075.00
161.700,2797.77,-64.45,0.115292,95.00,450.464417,3460.59,0.000038,6550.00
161.750,2708.81,-65.58,0.116785,95.00,221.931778,3025.26,0.000023,5100.00
161.800,3289.38,-60.92,0.123212,95.00,245.906281,3536.36,0.000092,6910.00
161.850,4099.28,-53.69,0.182250,190.00,693.202271,4219.16,0.000334,9575.00
161.900,4439.22,-52.83,0.181874,50.00,491.654297,4321.93,0.000424,10000.00
161.950,4151.89,-57.55,0.125944,50.00,705.355530,4105.12,0.000200,9460.00
162.000,3176.32,-63.61,0.119875,50.00,302.684631,3463.80,0.000040,7115.00
162.050,4551.87,-61.28,0.119565,50.00,173.595779,4365.57,0.000072,10255.00
162.100,5815.84,-57.76,0.118098,50.00,276.573639,4635.51,0.000196,11110.00
162.150,5759.84,-55.61,0.129387,95.00,462.699249,4606.31,0.000329,11075.00
162.200,4370.21,-58.20,0.140710,95.00,458.865204,4205.63,0.000139,9435.00
162.250,2752.00,-64.93,0.127727,95.00,307.065094,3073.63,0.000027,6130.00
162.300,2425.72,-67.56,0.122813,95.00,278.163605,2924.09,0.000014,5655.00
162.350,3447.01,-60.80,0.141041,100.00,445.756622,4364.18,0.000091,9055.00
162.400,3555.14,-57.10,0.242978,100.00,980.070618,4617.38,0.000092,9905.00
162.450,3047.06,-58.92,0.241334,60.00,735.466370,4219.39,0.000054,8270.00
162.500,2306.84,-63.97,0.133318,55.00,937.707397,3148.39,0.000036,4050.00
162.550,2303.14,-65.46,0.113000,45.00,568.916809,2773.74,0.000031,3770.00
162.600,2756.82,-64.54,0.117764,50.00,260.506714,3172.90,0.000034,5600.00
162.650,5166.22,-57.27,0.121219,50.00,364.749359,4474.85,0.000225,10315.00
162.700,5242.37,-56.28,0.129669,95.00,418.896088,4517.13,0.000278,10485.00
162.750,3267.30,-61.07,0.130088,95.00,466.697418,3866.41,0.000077,7920.00
162.800,2135.47,-66.85,0.124019,95.00,358.227081,2500.57,0.000015,3460.00
162.850,2337.36,-66.17,0.125070,95.00,270.874115,2675.30,0.000029,3700.00
162.900,3867.29,-55.59,0.158298,95.00,605.130554,4163.83,0.000340,9140.00
162.950,4402.72,-52.38,0.198181,95.00,573.982971,4312.91,0.000531,9840.00
163.000,4585.49,-55.57,0.134121,50.00,663.387695,4309.13,0.000372,9900.00
163.050,3273.24,-64.65,0.110118,50.00,449.608704,4000.07,0.000030,8370.00
163.100,2147.96,-70.61,0.111786,50.00,110.331612,3234.28,0.000005,5140.00
163.150,4319.72,-62.15,0.116294,50.00,132.946014,4325.91,0.000054,9230.00
163.200,5165.37,-55.83,0.138768,50.00,493.900848,4418.43,0.000268,10220.00
163.250,4537.67,-56.44,0.143320,95.00,451.421875,4254.27,0.000229,9535.00
163.300,3897.58,-61.68,0.114976,95.00,464.481781,4096.07,0.000068,9260.00
163.350,5027.24,-62.15,0.111309,95.00,219.836060,4572.79,0.000052,10700.00
163.400,4427.71,-62.34,0.116348,95.00,137.387100,4650.12,0.000055,10465.00
163.450,3709.97,-57.59,0.195852,95.00,782.057617,4635.60,0.000102,10220.00
163.500,3073.66,-57.10,0.276255,65.00,991.247375,4288.11,0.000064,8600.00
163.550,2357.20,-62.02,0.221235,50.00,906.537170,3540.63,0.000023,4740.00
163.600,2072.57,-66.66,0.128824,45.00,861.937744,2711.72,0.000018,3600.00
163.650,2179.22,-67.34,0.110089,50.00,309.387085,2853.81,0.000016,4215.00
163.700,4558.99,-59.52,0.120061,50.00,335.741730,4437.43,0.000133,9730.00
163.750,5625.02,-55.97,0.124888,70.00,450.666443,4581.61,0.000337,10860.00
163.800,4775.20,-58.54,0.112426,70.00,481.545654,4482.71,0.000190,9950.00
163.850,2594.33,-64.96,0.115267,70.00,290.237610,3051.90,0.000032,4835.00
163.900,2767.98,-64.87,0.116351,70.00,209.460632,2874.98,0.000031,4550.00
163.950,3528.60,-58.60,0.127280,70.00,388.531921,3833.17,0.000174,8095.00
164.000,4277.11,-53.16,0.193485,75.00,697.671936,4307.45,0.000362,9845.00
164.050,4480.33,-53.67,0.168433,75.00,451.522430,4292.31,0.000381,9940.00
164.100,3715.80,-59.81,0.120529,75.00,608.950012,3852.97,0.000118,8580.00
164.150,2501.55,-66.49,0.113980,75.00,244.772324,2737.71,0.000021,3820.00
164.200,2540.52,-65.90,0.110350,75.00,198.401260,3097.46,0.000027,4560.00
164.250,5171.19,-57.45,0.115629,75.00,339.225433,4481.72,0.000248,10255.00
164.300,5756.87,-56.05,0.120015,75.00,319.531342,4521.90,0.000344,10890.00
164.350,4585.73,-60.41,0.101923,70.00,375.786652,4489.18,0.000131,9960.00
164.400,2455.11,-65.09,0.117097,70.00,332.255188,3233.23,0.000029,5160.00
164.450,2446.03,-64.90,0.129648,70.00,238.665298,3045.25,0.000037,4355.00
164.500,3444.95,-58.91,0.158768,70.00,639.358582,4349.39,0.000136,9090.00
164.550,3715.86,-56.45,0.250248,65.00,856.952393,4592.98,0.000111,10155.00
164.600,3127.04,-59.27,0.221063,60.00,713.711487,4115.10,0.000061,8220.00
164.650,2212.42,-64.60,0.135381,55.00,908.283813,2880.92,0.000030,3760.00
164.700,2055.10,-66.96,0.127025,50.00,527.315247,2504.15,0.000012,3655.00
164.750,3256.97,-62.51,0.122438,50.00,245.788727,3887.49,0.000057,8030.00
164.800,5322.07,-56.51,0.135239,50.00,442.796967,4561.48,0.000253,10590.00
164.850,5065.83,-56.85,0.131642,95.00,409.590332,4493.41,0.000239,10280.00
164.900,2969.33,-63.43,0.112484,95.00,448.741730,3408.46,0.000055,6515.00
164.950,2078.71,-67.70,0.117504,95.00,275.881317,2468.15,0.000012,3535.00
165.000,2766.20,-63.56,0.110211,95.00,295.237823,3680.65,0.000054,6425.00
165.050,4272.87,-53.95,0.167721,95.00,736.916443,4369.76,0.000365,9910.00
165.100,4615.65,-52.44,0.181687,50.00,470.137604,4353.32,0.000481,10100.00
165.150,4431.12,-57.26,0.121443,50.00,686.106812,4335.72,0.000239,9900.00
165.200,2401.48,-68.13,0.108776,50.00,336.928101,3528.21,0.000013,5975.00
165.250,1695.39,-71.89,0.110381,50.00,76.430580,2788.45,0.000003,3780.00
165.300,4560.08,-60.09,0.118517,50.00,264.737854,4505.06,0.000105,9945.00
165.350,5144.76,-55.26,0.142594,90.00,492.637146,4543.16,0.000325,10335.00
165.400,4273.27,-57.29,0.139771,95.00,477.736481,4290.41,0.000190,9280.00
165.450,2309.04,-65.68,0.125651,95.00,388.421265,2823.57,0.000023,3895.00
165.500,2034.70,-68.24,0.121758,95.00,227.733398,2554.28,0.000008,3645.00
165.550,3786.22,-61.31,0.127582,95.00,329.684357,4349.06,0.000066,9245.00
165.600,3850.55,-56.82,0.221614,100.00,940.432983,4617.50,0.000095,9885.00
165.650,3216.25,-58.27,0.245305,65.00,701.755554,4413.18,0.000054,9150.00
165.700,2200.33,-64.73,0.159220,55.00,892.953796,3575.87,0.000020,4960.00
165.750,1880.03,-66.65,0.135704,50.00,697.117310,2636.01,0.000017,3460.00
165.800,2051.05,-66.22,0.138178,50.00,324.317230,2758.02,0.000017,3655.00
165.850,4839.83,-58.11,0.126709,50.00,417.516663,4534.83,0.000154,10130.00
165.900,6156.64,-56.43,0.119199,95.00,426.331055,4614.63,0.000281,11200.00
165.950,5788.08,-58.74,0.106672,95.00,357.297241,4587.07,0.000166,10790.00
166.000,4796.54,-60.34,0.108786,95.00,209.713486,4338.77,0.000101,10085.00
166.050,3464.61,-61.81,0.118557,95.00,222.061264,3528.85,0.000090,8300.00
166.100,3745.13,-56.19,0.151257,95.00,516.831177,4016.64,0.000310,8810.00
166.150,4351.67,-52.23,0.196897,95.00,623.542786,4286.88,0.000551,9850.00
166.200,4458.87,-54.62,0.144112,50.00,597.799255,4225.80,0.000470,9815.00
166.250,3289.77,-62.01,0.115222,50.00,508.805054,3550.16,0.000069,7335.00
166.300,2528.42,-66.26,0.115275,50.00,192.180191,2691.22,0.000018,3955.00
166.350,3468.55,-63.00,0.112490,50.00,163.196350,3782.25,0.000060,7985.00
166.400,5400.61,-56.82,0.125735,50.00,385.307922,4538.96,0.000277,10585.00
166.450,5302.68,-56.82,0.116350,95.00,359.778564,4536.68,0.000325,10450.00
166.500,3912.46,-62.53,0.101729,95.00,441.701111,4201.16,0.000070,9200.00
166.550,3123.99,-64.75,0.103284,95.00,195.417786,3570.82,0.000035,7955.00
166.600,2934.74,-65.39,0.099407,95.00,146.794373,3837.14,0.000035,7345.00
166.650,4199.73,-58.50,0.170848,90.00,711.035522,4889.87,0.000090,11070.00
166.700,3561.12,-57.16,0.268372,90.00,964.995117,4623.37,0.000061,10025.00
166.750,2615.98,-61.45,0.240523,50.00,870.220215,3882.57,0.000022,6440.00
166.800,2773.33,-64.93,0.145054,45.00,886.975708,3718.38,0.000018,7925.00
166.850,5056.65,-62.34,0.113902,50.00,353.373718,4677.06,0.000052,10610.00
166.900,6179.20,-59.66,0.117609,50.00,218.001556,4710.92,0.000115,11220.00
166.950,6073.17,-56.13,0.132619,95.00,392.417847,4585.12,0.000275,11220.00
167.000,5131.43,-57.90,0.132924,95.00,365.982056,4463.51,0.000166,10320.00
167.050,2852.04,-66.38,0.119268,95.00,302.519409,3492.23,0.000017,6635.00
167.100,2333.79,-70.46,0.114669,95.00,175.157623,3259.18,0.000004,5210.00
167.150,3641.23,-61.02,0.118375,95.00,275.634705,4151.96,0.000079,8855.00
167.200,4239.27,-53.45,0.175891,95.00,736.701904,4229.87,0.000369,9620.00
167.250,4443.62,-53.41,0.163804,50.00,465.910339,4203.15,0.000428,9725.00
167.300,4036.31,-59.37,0.108760,50.00,639.814819,4137.68,0.000157,9295.00
167.350,2707.96,-67.69,0.101358,50.00,261.996826,3786.26,0.000016,7580.00
167.400,4679.50,-64.59,0.101714,50.00,154.406677,4673.16,0.000032,10575.00
167.450,6112.05,-59.23,0.109473,50.00,259.139984,4618.62,0.000159,11165.00
167.500,6366.37,-57.43,0.119319,95.00,441.491638,4584.59,0.000239,11300.00
167.550,5247.24,-61.44,0.116363,95.00,437.227753,4646.47,0.000069,10535.00
167.600,2496.63,-69.37,0.118468,95.00,194.026199,3476.65,0.000007,5960.00
167.650,2335.27,-70.79,0.118140,95.00,102.160294,3351.13,0.000004,5345.00
167.700,3777.69,-61.29,0.142292,100.00,519.532654,4752.93,0.000057,10490.00
167.750,3640.39,-57.82,0.256665,70.00,990.000671,4800.17,0.000055,10540.00
167.800,2941.05,-60.85,0.277039,50.00,990.483093,4519.71,0.000020,9090.00
167.850,1908.06,-65.68,0.193372,50.00,961.035706,3164.56,0.000010,3710.00
167.900,1957.98,-65.56,0.140646,50.00,739.109497,2537.49,0.000022,3340.00
167.950,2443.04,-63.67,0.135738,50.00,301.488831,3020.91,0.000048,4120.00
168.000,5021.24,-57.15,0.129077,50.00,447.666351,4482.60,0.000274,10215.00
168.050,5559.46,-56.94,0.117526,70.00,476.107819,4563.47,0.000331,10680.00
168.100,3604.28,-62.56,0.111493,70.00,353.995209,4072.39,0.000068,8380.00
168.150,2293.19,-65.59,0.118640,70.00,234.173721,2832.98,0.000026,4225.00
168.200,2761.83,-62.87,0.122121,70.00,237.157974,3187.58,0.000076,5205.00
168.250,4046.13,-54.54,0.164990,70.00,621.794800,4208.88,0.000400,9445.00
168.300,4516.85,-52.20,0.185873,75.00,415.159668,4305.27,0.000596,10010.00
168.350,4400.22,-55.98,0.126264,75.00,606.876892,4141.73,0.000387,9710.00
168.400,2935.52,-62.14,0.114375,75.00,348.344788,3224.39,0.000076,5865.00
168.450,4328.93,-60.87,0.110874,75.00,223.020386,4322.37,0.000093,9975.00
168.500,5951.85,-59.54,0.112397,75.00,204.784500,4711.21,0.000122,11190.00
168.550,5994.81,-56.04,0.123843,75.00,352.444397,4476.06,0.000299,11090.00
168.600,5082.32,-57.52,0.124810,70.00,328.399963,4324.87,0.000205,10080.00
168.650,2991.42,-64.58,0.111540,70.00,319.923401,3217.05,0.000039,6020.00
168.700,2504.69,-68.05,0.102401,70.00,201.337067,2823.93,0.000014,4255.00
168.750,3234.38,-64.01,0.104449,70.00,283.720673,4258.32,0.000059,8425.00
168.800,3738.35,-56.90,0.200080,75.00,894.210876,4621.51,0.000134,10195.00
168.850,3333.44,-56.45,0.275637,60.00,784.736755,4311.88,0.000084,8865.00
168.900,3685.99,-58.94,0.233263,50.00,879.853271,4354.11,0.000042,9565.00
168.950,5813.01,-59.75,0.144412,50.00,865.327759,4861.97,0.000073,11200.00
169.000,5940.12,-60.66,0.127430,95.00,274.125519,4959.60,0.000082,11505.00
169.050,4923.96,-58.17,0.134861,95.00,332.279053,4651.21,0.000185,10640.00
169.100,5474.63,-55.81,0.125848,190.00,426.353180,4550.93,0.000443,10705.00
169.150,5149.96,-59.68,0.085208,190.00,418.385406,4444.82,0.000294,10275.00
169.200,5406.76,-62.27,0.077220,190.00,219.267715,4504.52,0.000123,10540.00
169.250,6420.83,-60.51,0.081738,190.00,113.797150,4577.47,0.000177,11350.00
169.300,4652.88,-57.12,0.106368,195.00,448.615540,4557.93,0.000311,10685.00
169.350,4285.02,-52.94,0.190778,170.00,744.531616,4268.03,0.000373,9745.00
169.400,4305.43,-53.79,0.163319,50.00,505.747894,4166.89,0.000382,9560.00
169.450,3584.37,-59.97,0.109984,50.00,637.947144,3740.44,0.000131,8120.00
169.500,2422.93,-68.34,0.104300,50.00,250.210922,3066.77,0.000012,4725.00
169.550,3310.89,-63.41,0.109901,50.00,164.923523,3677.86,0.000050,7810.00
169.600,4789.46,-56.17,0.134259,95.00,447.751953,4253.27,0.000295,9725.00
169.650,5151.55,-55.79,0.132098,95.00,374.912933,4366.25,0.000329,10205.00
169.700,3887.61,-61.61,0.106004,95.00,418.381409,4034.50,0.000087,8500.00
169.750,2593.82,-68.28,0.101620,95.00,190.270630,3260.57,0.000013,5200.00
169.800,3822.74,-64.93,0.102879,95.00,107.431900,4019.01,0.000032,8690.00
169.850,4193.74,-57.67,0.158353,90.00,727.091064,4489.05,0.000127,9730.00
169.900,3486.93,-56.23,0.260886,65.00,911.666138,4345.05,0.000082,8995.00
169.950,2636.48,-60.17,0.253050,50.00,958.484985,3776.50,0.000030,6095.00
170.000,2012.44,-66.57,0.159751,50.00,879.619141,2861.11,0.000011,3905.00
170.050,2315.42,-68.61,0.106842,50.00,498.287689,3169.52,0.000012,4895.00
170.100,3858.22,-62.84,0.113000,50.00,220.631882,4343.16,0.000054,8995.00
170.150,5393.10,-56.75,0.128287,50.00,420.033234,4603.75,0.000259,10620.00
170.200,5188.61,-57.46,0.114122,95.00,412.148987,4555.10,0.000260,10335.00
170.250,3057.04,-63.99,0.102693,95.00,393.672943,3594.26,0.000050,7115.00
170.300,2853.63,-65.83,0.104082,95.00,222.073853,2974.50,0.000026,5240.00
170.350,3352.84,-60.93,0.112003,95.00,279.446899,3474.14,0.000110,7020.00
170.400,4140.66,-53.61,0.177895,100.00,739.526306,4216.03,0.000379,9565.00
170.450,4504.71,-52.60,0.181535,50.00,392.500824,4330.13,0.000462,10060.00
170.500,4234.12,-57.47,0.124082,50.00,715.881470,4195.07,0.000211,9640.00
170.550,3237.80,-63.59,0.116521,50.00,287.834015,3610.91,0.000041,7865.00
170.600,5050.76,-60.86,0.116979,50.00,172.397263,4583.00,0.000081,10485.00
170.650,6088.27,-57.92,0.116642,50.00,277.570648,4703.21,0.000198,11165.00
170.700,5859.54,-55.49,0.122776,95.00,443.367920,4566.63,0.000383,10940.00
170.750,4602.93,-58.18,0.119214,95.00,417.962585,4253.83,0.000193,9620.00
170.800,2674.22,-65.16,0.117840,95.00,346.079346,3037.66,0.000030,5520.00
170.850,2494.26,-67.73,0.110089,95.00,259.646484,2908.88,0.000015,5355.00
170.900,3394.95,-60.91,0.129618,100.00,462.274597,4316.32,0.000114,8755.00
170.950,3599.62,-56.77,0.238539,105.00,988.266785,4629.30,0.000111,10010.00
171.000,3040.81,-58.70,0.269509,50.00,952.395081,4282.03,0.000051,8360.00
171.050,2151.21,-64.42,0.187981,50.00,926.099915,3267.17,0.000016,4020.00
171.100,2182.56,-66.09,0.121983,50.00,742.474304,2781.96,0.000023,3685.00
171.150,2533.76,-65.22,0.112748,50.00,251.760712,2936.53,0.000033,4340.00
171.200,4945.37,-57.53,0.117218,50.00,370.572388,4391.20,0.000243,10010.00
171.250,5260.62,-56.14,0.124896,95.00,410.832397,4454.01,0.000331,10275.00
171.300,3347.98,-60.22,0.132270,95.00,478.043671,3832.23,0.000098,7970.00
171.350,2153.34,-66.54,0.123128,95.00,366.957855,2485.24,0.000018,3545.00
171.400,2385.83,-66.38,0.116983,95.00,235.937653,2639.79,0.000024,3750.00
171.450,3856.35,-56.01,0.151397,95.00,613.571533,4209.89,0.000257,9180.00
171.500,4399.07,-52.55,0.197561,95.00,570.718140,4348.95,0.000409,9905.00
171.550,4656.44,-55.35,0.129110,50.00,643.397522,4336.46,0.000357,10095.00
171.600,3531.72,-64.19,0.102018,50.00,472.345978,4104.45,0.000039,8745.00
171.650,2156.87,-71.46,0.105636,50.00,112.695770,3239.05,0.000004,5090.00
171.700,4321.61,-63.91,0.108625,50.00,117.828804,4455.70,0.000037,9495.00
171.750,5614.49,-56.53,0.117716,50.00,421.907745,4483.56,0.000284,10520.00
171.800,4726.96,-56.16,0.126526,95.00,502.274170,4236.56,0.000296,9665.00
171.850,3677.66,-61.42,0.105989,95.00,356.517609,3774.75,0.000087,8560.00
171.900,5217.61,-61.67,0.094519,95.00,282.524170,4499.89,0.000086,10520.00
171.950,4876.42,-62.14,0.098315,95.00,164.474792,4708.90,0.000078,10640.00
172.000,3672.23,-58.25,0.190721,100.00,903.004822,4621.55,0.000086,10025.00
172.050,3026.90,-57.65,0.268858,65.00,838.810547,4286.38,0.000056,8585.00
172.100,2323.10,-62.21,0.223221,50.00,981.103577,3596.08,0.000021,4925.00
172.150,1981.09,-67.63,0.133977,50.00,833.997681,2725.84,0.000012,3490.00
172.200,2145.03,-68.27,0.108943,50.00,338.646851,2898.94,0.000011,4215.00
172.250,4611.65,-60.17,0.117215,50.00,311.727905,4502.08,0.000107,9895.00
172.300,5761.98,-56.50,0.120274,70.00,434.513794,4570.48,0.000308,10885.00
172.350,5089.07,-58.76,0.102812,70.00,446.695953,4473.98,0.000197,10205.00
172.400,2698.18,-65.53,0.104336,70.00,280.562378,3148.58,0.000031,5560.00
172.450,2801.41,-65.19,0.113632,70.00,195.213989,2938.50,0.000024,4910.00
172.500,3578.60,-58.66,0.128946,70.00,370.385712,3845.54,0.000154,8205.00
172.550,4302.55,-52.96,0.193957,75.00,699.340393,4265.91,0.000357,9845.00
172.600,4453.84,-53.48,0.165869,75.00,448.079712,4223.34,0.000405,9840.00
172.650,3820.04,-59.54,0.113826,75.00,623.802246,3839.54,0.000142,8555.00
172.700,2634.45,-66.24,0.112195,75.00,235.410187,2853.55,0.000022,4195.00
172.750,2602.28,-66.07,0.112115,75.00,195.222092,2985.83,0.000022,4435.00
172.800,5104.65,-57.63,0.112277,75.00,347.329590,4468.06,0.000227,10270.00
172.850,5716.57,-55.76,0.121260,75.00,392.702698,4532.77,0.000342,10950.00
172.900,4780.64,-59.58,0.115074,70.00,333.890442,4525.04,0.000123,10250.00
172.950,2722.78,-64.44,0.120032,70.00,262.829681,3516.39,0.000032,6820.00
173.000,2489.46,-65.07,0.127722,70.00,224.884506,3048.47,0.000027,4180.00
173.050,3394.24,-59.30,0.154395,70.00,555.348083,4249.89,0.000102,8720.00
173.100,3592.69,-56.78,0.254931,70.00,897.490173,4603.07,0.000078,10070.00
173.150,3032.32,-59.29,0.265620,50.00,909.572266,4169.61,0.000033,8030.00
173.200,2203.04,-64.59,0.168136,50.00,964.742798,2941.35,0.000019,3825.00
173.250,2178.65,-66.31,0.126660,45.00,613.611328,2539.99,0.000018,3590.00
173.300,2939.86,-62.87,0.127177,50.00,220.506332,3552.66,0.000050,7305.00
173.350,5227.24,-56.96,0.129807,50.00,459.419189,4516.34,0.000229,10310.00
173.400,5108.28,-57.05,0.131606,95.00,404.671051,4441.43,0.000219,10195.00
173.450,3078.62,-62.74,0.117222,95.00,395.593475,3490.36,0.000058,7025.00
173.500,2183.35,-67.01,0.118512,95.00,239.394592,2602.34,0.000014,3745.00
173.550,2511.86,-64.43,0.118813,95.00,247.555420,3359.47,0.000039,5335.00
173.600,4175.08,-54.56,0.160837,95.00,704.761536,4375.39,0.000326,9765.00
173.650,4606.70,-52.49,0.182782,50.00,507.954254,4404.00,0.000445,10260.00
173.700,4490.88,-56.71,0.123673,50.00,666.968872,4387.51,0.000253,10140.00
173.750,2630.15,-67.21,0.108558,50.00,383.353027,3704.03,0.000016,6815.00
173.800,1618.59,-72.47,0.110281,50.00,81.371101,2670.08,0.000003,3685.00
173.850,4376.81,-60.44,0.116290,50.00,287.457764,4450.89,0.000098,9705.00
173.900,4912.68,-55.40,0.143127,90.00,497.999573,4496.96,0.000305,10090.00
173.950,4016.07,-57.18,0.145840,95.00,477.553528,4206.79,0.000180,8935.00
174.000,2171.62,-65.27,0.132648,95.00,384.670227,2721.36,0.000026,3600.00
174.050,1974.80,-67.66,0.124945,95.00,266.701508,2451.39,0.000010,3390.00
174.100,3396.27,-61.81,0.128862,95.00,316.756012,4161.92,0.000057,8600.00
174.150,3774.90,-57.14,0.222975,90.00,952.025879,4605.04,0.000082,9880.00
174.200,3247.05,-58.22,0.265314,60.00,823.112549,4429.60,0.000044,9215.00
174.250,2203.32,-64.34,0.168881,60.00,936.708557,3568.44,0.000019,4705.00
174.300,1806.15,-66.71,0.131972,45.00,679.583374,2486.15,0.000016,3225.00
174.350,1930.32,-66.64,0.129566,50.00,329.707855,2562.00,0.000017,3335.00
174.400,4786.60,-58.45,0.125099,50.00,374.472198,4534.08,0.000152,10030.00
174.450,6325.93,-56.83,0.122976,95.00,415.083832,4567.00,0.000248,11220.00
174.500,6228.49,-59.83,0.115405,95.00,325.472809,4593.07,0.000106,10890.00
174.550,4834.86,-61.43,0.118471,95.00,191.106384,4419.58,0.000059,10145.00
174.600,3341.00,-62.69,0.125534,95.00,210.007538,3486.09,0.000048,8185.00
174.650,3690.56,-56.73,0.151038,95.00,516.372375,4019.63,0.000199,8765.00
174.700,4303.40,-52.49,0.196452,160.00,683.245056,4261.58,0.000401,9780.00
174.750,4394.89,-54.36,0.151354,50.00,545.840881,4212.78,0.000372,9760.00
174.800,3484.33,-61.31,0.116890,50.00,553.453003,3692.55,0.000084,8055.00
174.850,2837.75,-65.49,0.117686,50.00,185.719116,2987.62,0.000022,5160.00
174.900,3390.71,-63.32,0.115005,50.00,162.541092,3651.94,0.000049,7695.00
174.950,5447.19,-56.92,0.123493,50.00,384.940430,4562.64,0.000258,10650.00
175.000,5204.05,-56.58,0.128121,95.00,409.046783,4555.81,0.000268,10350.00
175.050,3722.40,-62.18,0.111188,95.00,428.161652,4167.24,0.000066,9000.00
175.100,2960.29,-65.09,0.119915,95.00,299.158112,3657.05,0.000025,8200.00
175.150,2431.98,-67.41,0.106413,95.00,272.972809,3368.39,0.000016,5470.00
175.200,1534.68,-66.40,0.188896,100.00,799.212830,2845.92,0.000009,3155.00
175.250,1361.63,-65.43,0.273367,65.00,861.382446,2429.77,0.000007,2885.00
175.300,1564.38,-66.47,0.225966,50.00,1003.177124,2474.90,0.000006,3380.00
175.350,2549.61,-65.53,0.144268,50.00,879.028687,3555.82,0.000015,6845.00
175.400,5002.08,-62.89,0.113592,50.00,390.982117,4736.98,0.000045,10645.00
175.450,5861.16,-61.70,0.116426,50.00,222.748108,4897.96,0.000064,11140.00
175.500,4572.96,-60.73,0.126207,95.00,404.234619,4620.57,0.000077,10540.00
175.550,3120.76,-63.20,0.132214,95.00,359.345734,3583.35,0.000038,7440.00
175.600,2261.70,-68.58,0.117756,95.00,254.029602,2845.27,0.000008,4225.00
175.650,2294.52,-70.53,0.109824,95.00,194.469345,3235.61,0.000005,4890.00
175.700,2400.39,-68.87,0.105311,95.00,149.565765,2997.81,0.000010,4665.00
175.750,2704.24,-64.75,0.115526,95.00,464.015564,2728.81,0.000032,4670.00
175.800,2775.44,-64.07,0.124482,50.00,422.103394,2757.42,0.000031,4670.00
175.850,2418.75,-66.70,0.111871,50.00,322.888214,2906.01,0.000018,4290.00
175.900,2612.84,-68.29,0.104280,50.00,207.368774,3647.90,0.000013,6880.00
175.950,4556.82,-64.60,0.104388,50.00,182.855026,4626.25,0.000031,10485.00
176.000,4758.46,-62.07,0.113083,50.00,286.769196,4643.88,0.000059,10530.00
176.050,3328.73,-63.99,0.128659,95.00,458.966583,4184.10,0.000029,8690.00
176.100,2252.71,-68.37,0.133728,95.00,383.014587,3393.63,0.000007,5295.00
176.150,2168.69,-70.00,0.127969,95.00,130.907379,3182.77,0.000004,4635.00
176.200,2176.09,-70.88,0.116715,95.00,125.366646,3175.49,0.000004,4705.00
176.250,1538.29,-69.28,0.130919,100.00,510.328308,2737.44,0.000007,3255.00
176.300,1031.76,-67.75,0.253180,85.00,1027.558472,2164.10,0.000004,1870.00
176.350,1005.28,-68.77,0.255116,60.00,778.329224,2206.34,0.000003,1725.00
176.400,1577.37,-68.67,0.141211,55.00,1008.758789,2724.73,0.000007,3260.00
176.450,1793.50,-66.70,0.129402,45.00,614.100464,2568.26,0.000016,3415.00
176.500,2391.52,-64.01,0.128611,50.00,250.901794,3155.47,0.000041,4595.00
176.550,5103.47,-57.26,0.123656,50.00,471.001587,4541.51,0.000247,10300.00
176.600,5687.63,-56.85,0.115328,70.00,450.649719,4558.01,0.000305,10885.00
176.650,3724.02,-62.43,0.110079,70.00,332.095337,4121.59,0.000066,8495.00
176.700,2181.15,-66.37,0.118164,70.00,241.301651,2835.38,0.000018,4240.00
176.750,2487.96,-63.83,0.132318,70.00,272.822754,3152.58,0.000038,4780.00
176.800,3905.41,-55.39,0.165454,70.00,586.593811,4208.25,0.000258,9240.00
176.850,4457.39,-52.61,0.190793,75.00,483.675140,4300.14,0.000415,9965.00
176.900,4521.60,-55.87,0.124804,75.00,604.449829,4216.55,0.000328,9880.00
176.950,2942.75,-63.20,0.107292,75.00,355.842194,3362.49,0.000056,6310.00
177.000,2347.00,-64.45,0.122099,75.00,293.328064,2908.88,0.000036,4370.00
177.050,4475.81,-58.80,0.123765,75.00,208.015366,4482.25,0.000148,10160.00
177.100,6787.28,-55.31,0.127210,75.00,413.755463,4525.66,0.000352,11620.00
177.150,6149.49,-55.49,0.132281,70.00,373.899597,4603.70,0.000310,11250.00
177.200,4113.32,-59.54,0.126431,70.00,358.408295,4101.91,0.000116,9480.00
177.250,4829.87,-60.05,0.109567,70.00,332.202332,4431.45,0.000119,10475.00
177.300,5893.30,-58.33,0.107797,70.00,312.502808,4861.77,0.000209,11405.00
177.350,4466.29,-56.66,0.182666,70.00,772.111755,4850.14,0.000137,10960.00
177.400,3486.80,-57.31,0.258727,65.00,793.746765,4446.01,0.000060,9560.00
177.450,2672.89,-61.67,0.182388,60.00,831.498352,3442.90,0.000037,5310.00
177.500,2234.27,-66.71,0.116888,45.00,771.819458,2582.54,0.000021,3830.00
177.550,3455.90,-64.95,0.105361,50.00,379.432831,4025.14,0.000034,9170.00
177.600,6793.44,-58.19,0.107861,50.00,338.367157,4603.04,0.000206,11485.00
177.650,5887.83,-54.64,0.137448,90.00,518.807312,4539.95,0.000393,10950.00
177.700,4135.49,-57.43,0.146065,95.00,534.311829,4018.81,0.000167,9075.00
177.750,2575.48,-64.84,0.122288,95.00,448.993469,2563.97,0.000032,3720.00
177.800,3739.41,-62.51,0.109486,95.00,293.604706,3895.10,0.000065,9380.00
177.850,4775.67,-57.09,0.122320,95.00,445.970703,4553.25,0.000249,10420.00
177.900,4531.06,-52.50,0.192666,100.00,724.746521,4386.17,0.000426,10090.00
177.950,4605.33,-53.34,0.155339,50.00,531.971863,4255.59,0.000476,10005.00
178.000,3837.30,-59.85,0.116117,50.00,626.372375,3675.11,0.000129,8395.00
178.050,2346.07,-69.29,0.101273,50.00,283.294250,2625.63,0.000010,3905.00
178.100,3295.39,-67.87,0.098538,50.00,191.854477,4130.10,0.000013,8475.00
178.150,6432.56,-58.59,0.104450,50.00,294.654694,4555.54,0.000188,11365.00
178.200,5534.44,-55.88,0.117769,95.00,456.040009,4403.22,0.000349,10550.00
178.250,3540.18,-60.48,0.127743,95.00,411.416901,3540.84,0.000098,7615.00
178.300,2383.52,-67.69,0.106329,95.00,312.843658,2574.61,0.000015,4045.00
178.350,2539.19,-67.04,0.109462,95.00,333.378571,3017.44,0.000023,5245.00
178.400,3853.77,-58.90,0.156245,90.00,733.707886,4637.01,0.000108,10155.00
178.450,4674.75,-56.28,0.259919,65.00,941.171814,4989.30,0.000082,10910.00
178.500,4996.85,-56.26,0.220844,60.00,813.983521,4662.01,0.000106,10590.00
178.550,3916.05,-59.81,0.132332,55.00,902.925293,3913.06,0.000101,9320.00
178.600,2688.17,-67.92,0.100432,50.00,550.748291,3076.37,0.000016,4160.00
178.650,5225.86,-64.38,0.100019,50.00,221.637802,4736.45,0.000036,10615.00
178.700,5799.88,-56.49,0.118227,50.00,452.309570,4558.17,0.000305,10905.00
178.750,5125.65,-56.80,0.117990,95.00,397.574158,4498.46,0.000284,10260.00
178.800,4963.91,-61.09,0.095789,95.00,428.300903,4596.16,0.000108,10730.00
178.850,7016.69,-58.33,0.105569,95.00,247.834869,4571.31,0.000214,11505.00
178.900,4845.93,-55.83,0.142894,95.00,505.147614,4324.50,0.000276,10360.00
178.950,3898.98,-53.15,0.204378,100.00,746.019958,4015.48,0.000334,9040.00
179.000,4392.32,-52.40,0.187858,100.00,554.137573,4220.46,0.000457,9810.00
179.050,4424.40,-57.46,0.109632,50.00,771.514526,4189.49,0.000258,9785.00
179.100,2258.07,-68.25,0.100482,50.00,326.338959,3316.40,0.000014,5155.00
179.150,2192.39,-66.06,0.131403,50.00,390.880280,2559.67,0.000019,3550.00
179.200,3643.56,-57.35,0.162205,50.00,452.075409,3673.84,0.000151,8070.00
179.250,5159.94,-54.89,0.139278,95.00,499.494263,4266.35,0.000356,10110.00
179.300,5256.97,-58.74,0.101482,95.00,519.359375,4396.96,0.000196,10260.00
179.350,3089.96,-66.38,0.095240,95.00,236.730606,3615.54,0.000023,7780.00
179.400,2589.04,-69.54,0.093832,95.00,91.946571,3244.14,0.000011,6085.00
179.450,3709.53,-62.81,0.111760,100.00,382.527069,4696.49,0.000091,10155.00
179.500,3917.49,-57.54,0.230260,100.00,1007.769043,4897.11,0.000105,10725.00
179.550,3451.74,-58.27,0.250520,60.00,721.462952,4456.65,0.000070,9440.00
179.600,2826.15,-62.35,0.152030,55.00,970.966064,3235.36,0.000047,5635.00
179.650,2449.53,-66.26,0.122654,50.00,647.832275,2748.43,0.000023,4000.00
179.700,2685.56,-65.90,0.123243,50.00,329.270203,2904.31,0.000024,4435.00
179.750,5170.25,-57.56,0.118837,50.00,400.014008,4466.38,0.000223,10285.00
179.800,5323.07,-55.98,0.136254,95.00,518.478882,4528.48,0.000282,10560.00
179.850,3969.41,-60.64,0.122280,95.00,424.077118,4062.19,0.000091,8775.00
179.900,2354.24,-68.29,0.104269,95.00,410.517609,2555.24,0.000015,3675.00
179.950,2735.61,-66.95,0.104221,95.00,281.544281,2721.77,0.000026,4000.00
180.000,3903.23,-55.79,0.144686,95.00,591.012390,4093.44,0.000322,9000.00
180.050,4359.93,-52.14,0.199599,95.00,586.822510,4343.77,0.000495,9925.00
180.100,4556.26,-54.86,0.143794,50.00,616.815552,4367.58,0.000387,10150.00
180.150,3359.34,-63.31,0.121130,50.00,502.837830,3977.62,0.000039,8240.00
180.200,3883.07,-64.59,0.118595,50.00,275.430542,4061.57,0.000025,9075.00
180.250,5763.10,-61.94,0.107815,50.00,282.578888,4564.02,0.000066,10485.00
180.300,6512.15,-57.42,0.114415,50.00,414.504364,4568.01,0.000257,11540.00
180.350,5695.92,-57.44,0.125361,100.00,476.347229,4589.28,0.000219,10940.00
180.400,3540.14,-64.23,0.109055,95.00,429.819641,3873.68,0.000038,8050.00
180.450,3043.02,-65.94,0.099732,95.00,387.070312,3184.21,0.000028,7005.00
180.500,3173.88,-63.23,0.123439,95.00,322.469543,3411.52,0.000061,7095.00
180.550,3698.52,-57.90,0.189204,95.00,797.207092,4594.54,0.000117,9980.00
180.600,3385.71,-57.43,0.283144,90.00,1044.616577,4601.48,0.000061,9650.00
180.650,2969.60,-60.84,0.238511,50.00,948.716187,3927.04,0.000028,7580.00
180.700,4590.26,-61.77,0.127741,45.00,934.821533,4411.59,0.000055,10300.00
180.750,7252.86,-62.43,0.097916,50.00,368.164520,4606.51,0.000072,11590.00
180.800,6789.95,-58.81,0.107261,50.00,223.206757,4618.47,0.000172,11535.00
180.850,5762.40,-55.57,0.127544,50.00,508.502777,4502.28,0.000351,10985.00
180.900,4694.35,-57.94,0.117342,70.00,467.365784,4302.56,0.000209,9695.00
180.950,2450.65,-67.53,0.100082,70.00,372.151947,3101.46,0.000019,4885.00
181.000,2190.24,-68.59,0.103843,70.00,232.810776,2563.01,0.000013,3985.00
181.050,3139.81,-58.32,0.155934,70.00,564.991333,3355.93,0.000135,6330.00
181.100,4071.34,-52.38,0.207202,75.00,688.950928,4076.24,0.000411,9175.00
181.150,4642.64,-52.90,0.159795,75.00,565.622559,4279.37,0.000527,10085.00
181.200,4946.45,-58.70,0.092775,75.00,638.138733,4315.26,0.000238,10150.00
181.250,6314.11,-59.48,0.095011,75.00,221.902451,4126.17,0.000167,10505.00
181.300,6405.53,-58.98,0.099163,75.00,114.815125,4031.00,0.000194,10570.00
181.350,6138.46,-57.82,0.103367,75.00,213.140640,4284.77,0.000288,10925.00
181.400,6520.29,-56.31,0.109208,75.00,286.130951,4328.71,0.000412,11380.00
181.450,5698.16,-61.56,0.095507,70.00,295.506866,4515.94,0.000101,10895.00
181.500,2861.57,-68.11,0.096520,70.00,146.877335,3785.36,0.000015,7560.00
181.550,2935.33,-63.55,0.116038,70.00,318.084503,3626.78,0.000045,7395.00
181.600,3377.94,-59.31,0.158011,70.00,564.609253,4162.87,0.000090,8825.00
181.650,4097.40,-56.63,0.254562,70.00,883.915466,4709.29,0.000073,10215.00
181.700,4330.50,-58.70,0.231579,65.00,796.562195,4729.72,0.000045,10035.00
181.750,2967.10,-62.25,0.144412,55.00,999.610535,3783.85,0.000042,7760.00
181.800,2214.14,-64.32,0.135208,50.00,575.851624,2980.75,0.000029,4270.00
181.850,3004.08,-64.83,0.110682,50.00,328.112823,3871.89,0.000048,7775.00
181.900,5729.32,-57.78,0.122022,50.00,492.660706,4762.88,0.000279,11085.00
181.950,4296.72,-55.75,0.185022,95.00,675.804688,4559.13,0.000243,9705.00
182.000,2429.66,-60.09,0.176067,95.00,630.154968,3050.88,0.000085,4135.00
182.050,2355.21,-64.44,0.136633,95.00,581.873108,2230.49,0.000031,3265.00
182.100,2815.92,-63.82,0.105148,95.00,396.434662,2968.40,0.000060,4065.00
182.150,4460.30,-54.33,0.152493,95.00,689.099060,4368.21,0.000357,9930.00
182.200,4775.10,-51.84,0.189001,50.00,487.720947,4361.18,0.000496,10145.00
182.250,4340.76,-55.12,0.141874,50.00,701.587952,4057.96,0.000328,9365.00
182.300,2893.15,-62.52,0.131477,50.00,392.679413,2885.38,0.000055,4630.00
182.350,2379.29,-70.23,0.103232,50.00,404.627441,2527.58,0.000007,3545.00
182.400,5568.08,-64.38,0.100287,50.00,272.926941,4796.63,0.000037,10980.00
182.450,6952.05,-58.76,0.107064,90.00,373.552704,4500.33,0.000195,11910.00
182.500,6438.77,-59.56,0.105869,95.00,461.295044,4608.56,0.000149,11625.00
182.550,2970.53,-66.51,0.124675,95.00,411.574860,3764.76,0.000015,7685.00
182.600,2320.01,-68.42,0.123202,95.00,102.832695,3179.82,0.000008,5495.00
182.650,3445.24,-61.57,0.125166,95.00,453.929626,4034.65,0.000071,8250.00
182.700,3832.84,-56.77,0.223641,90.00,1058.496094,4594.90,0.000095,10285.00
182.750,3587.21,-58.57,0.263709,65.00,845.788452,4765.10,0.000040,10460.00
182.800,2931.68,-63.11,0.192823,55.00,1026.688232,3792.25,0.000021,6465.00
182.850,2957.61,-65.53,0.127423,50.00,743.187683,2912.02,0.000023,4265.00
182.900,2985.55,-68.38,0.104103,50.00,340.125702,3126.85,0.000012,5740.00
182.950,6524.13,-59.00,0.108737,50.00,332.406189,4359.31,0.000157,11070.00
183.000,5922.51,-54.61,0.132295,95.00,498.087524,4268.29,0.000415,10560.00
183.050,4405.47,-57.81,0.130503,95.00,426.990540,3963.30,0.000176,9010.00
183.100,2419.67,-67.27,0.111838,95.00,368.761566,2514.53,0.000017,3695.00
183.150,2517.01,-65.80,0.139252,95.00,402.597168,2064.46,0.000022,3470.00
183.200,3464.77,-56.21,0.180346,95.00,543.490906,3543.27,0.000188,7225.00
183.250,4247.38,-51.87,0.218259,95.00,757.790283,4154.75,0.000409,9520.00
183.300,4647.39,-53.50,0.153391,50.00,664.441589,4268.69,0.000467,9960.00
183.350,4988.86,-59.84,0.103674,50.00,620.121155,4371.39,0.000133,10145.00
183.400,4643.76,-63.46,0.104362,50.00,159.387192,4221.19,0.000042,9785.00
183.450,3897.43,-60.75,0.120152,50.00,285.254395,3793.09,0.000086,8575.00
183.500,5176.36,-55.48,0.145914,50.00,415.152466,4196.06,0.000276,10000.00
183.550,5818.92,-55.90,0.116465,95.00,428.919861,4344.34,0.000371,10775.00
183.600,4883.64,-63.85,0.085365,95.00,498.435211,4518.30,0.000060,10060.00
183.650,2480.00,-70.91,0.086665,95.00,112.407791,3455.04,0.000007,6120.00
183.700,2936.39,-68.91,0.088510,95.00,58.065952,4151.29,0.000023,8260.00
183.750,4334.79,-59.46,0.153139,95.00,617.915039,4998.53,0.000131,11345.00
183.800,3621.57,-57.69,0.261763,90.00,1003.558289,4809.36,0.000080,10490.00
183.850,2227.26,-60.94,0.249631,50.00,954.952393,3642.33,0.000037,4815.00
183.900,1649.61,-66.28,0.155541,45.00,963.188599,2337.37,0.000017,2600.00
183.950,3960.16,-62.38,0.105253,45.00,501.076935,4197.20,0.000068,9480.00
184.000,6375.65,-59.46,0.105041,50.00,276.785767,4559.77,0.000149,11055.00
184.050,6879.98,-56.76,0.109013,50.00,329.970612,4533.49,0.000340,11790.00
184.100,5804.05,-57.96,0.109718,95.00,458.100189,4664.22,0.000243,11180.00
184.150,3091.67,-66.03,0.110368,95.00,304.533630,3846.84,0.000024,7855.00
184.200,2123.34,-70.74,0.108382,95.00,124.309959,2757.55,0.000006,3690.00
184.250,3271.39,-62.07,0.113204,95.00,327.848572,3985.83,0.000098,8315.00
184.300,4326.20,-53.43,0.179856,95.00,774.837463,4379.51,0.000476,9930.00
184.350,4579.52,-52.60,0.179993,50.00,426.366577,4379.42,0.000566,10120.00
184.400,4220.62,-57.89,0.119521,50.00,716.395691,4197.69,0.000213,9570.00
184.450,2377.52,-66.78,0.120287,50.00,318.311127,2971.57,0.000018,3850.00
184.500,2102.56,-68.49,0.126580,50.00,235.094162,2701.92,0.000010,3340.00
184.550,5037.03,-59.65,0.122873,50.00,354.977509,4553.96,0.000123,10190.00
184.600,5651.58,-56.26,0.122866,95.00,403.174500,4600.89,0.000340,10835.00
184.650,4386.05,-58.69,0.108498,95.00,492.042938,4176.79,0.000214,9145.00
184.700,3037.49,-66.44,0.096392,95.00,307.554657,3073.37,0.000029,6000.00
184.750,2115.73,-72.37,0.088403,95.00,210.002136,2761.42,0.000005,3665.00
184.800,3990.73,-61.98,0.114571,95.00,498.433380,4885.46,0.000095,10950.00
184.850,3881.60,-56.18,0.242572,85.00,1041.019531,4658.14,0.000123,10455.00
184.900,3340.03,-56.99,0.283447,50.00,977.735413,4137.88,0.000071,8435.00
184.950,3946.28,-60.07,0.196768,50.00,1010.925049,4242.47,0.000040,9810.00
185.000,6770.78,-62.43,0.108423,50.00,768.052551,4819.93,0.000058,11460.00
185.050,6390.77,-63.94,0.102251,50.00,182.308029,4819.27,0.000040,11305.00
185.100,5795.57,-56.76,0.118140,50.00,431.704865,4454.13,0.000301,10855.00
185.150,5807.73,-55.52,0.121053,70.00,462.821716,4399.02,0.000423,10835.00
185.200,4613.05,-61.68,0.100401,70.00,440.244446,4239.69,0.000091,9485.00
185.250,2208.55,-66.66,0.112431,70.00,257.947968,2446.15,0.000020,3810.00
185.300,2339.18,-63.23,0.148244,70.00,429.894806,2374.11,0.000045,3550.00
185.350,3785.10,-54.55,0.177856,70.00,612.975952,3951.59,0.000297,8680.00
185.400,4534.88,-51.46,0.205365,75.00,593.840515,4291.68,0.000508,9940.00
185.450,5045.06,-54.37,0.128889,75.00,692.868591,4334.93,0.000473,10325.00
185.500,4910.86,-61.44,0.096253,75.00,462.280914,4242.27,0.000092,9870.00
185.550,3235.98,-65.33,0.108569,75.00,275.024658,3435.61,0.000027,7995.00
185.600,3856.83,-60.29,0.137571,75.00,345.737030,3804.05,0.000081,8490.00
185.650,5926.03,-55.75,0.136085,75.00,401.644135,4380.69,0.000292,10825.00
185.700,6359.59,-57.83,0.113875,70.00,441.766266,4448.12,0.000217,11230.00
185.750,4893.03,-64.60,0.104204,70.00,286.154663,4600.21,0.000034,10485.00
185.800,4231.57,-63.14,0.116075,70.00,252.197891,4344.40,0.000040,9765.00
185.850,2975.68,-63.19,0.125056,70.00,258.506805,3922.86,0.000058,8425.00
185.900,3612.53,-58.25,0.202911,65.00,969.955994,4667.13,0.000094,10240.00
185.950,3078.83,-57.29,0.288465,65.00,844.247314,4377.45,0.000066,9005.00
186.000,2105.39,-60.77,0.255910,50.00,1050.136353,3250.00,0.000033,3680.00
186.050,1673.25,-66.30,0.169261,45.00,933.482361,2302.87,0.000015,3225.00
186.100,1845.31,-69.13,0.113880,50.00,596.869568,2632.76,0.000010,3460.00
186.150,4644.75,-59.98,0.116835,50.00,422.407104,4536.95,0.000110,9995.00
186.200,5185.04,-55.89,0.159705,425.00,590.337891,4477.31,0.000210,10290.00
186.250,4546.40,-58.53,0.146637,95.00,520.147766,4166.17,0.000117,9355.00
186.300,3131.32,-65.67,0.111424,95.00,427.818298,3108.10,0.000027,6705.00
186.350,2424.38,-69.75,0.097371,95.00,256.945770,2943.84,0.000009,4810.00
186.400,4086.11,-58.91,0.112552,95.00,368.330231,4456.88,0.000234,9920.00
186.450,4516.05,-52.33,0.185973,160.00,763.542786,4441.67,0.000617,10185.00
186.500,4618.00,-53.32,0.167572,50.00,574.233398,4409.06,0.000557,10200.00
186.550,3793.76,-60.34,0.141943,50.00,660.975525,4170.31,0.000068,9095.00
186.600,2416.64,-68.46,0.110171,50.00,393.606018,3149.07,0.000010,6155.00
186.650,3254.96,-64.34,0.112289,50.00,350.783112,3323.46,0.000037,7170.00
186.700,5420.42,-57.35,0.115266,50.00,315.309967,4381.01,0.000243,10375.00
186.750,6232.82,-56.69,0.111254,95.00,404.203339,4356.22,0.000314,11095.00
186.800,4543.21,-61.26,0.112710,95.00,358.092926,3928.84,0.000088,8945.00
186.850,5019.40,-62.35,0.102249,95.00,221.620056,4353.22,0.000071,10460.00
186.900,7494.58,-60.62,0.098511,95.00,248.139679,4463.48,0.000116,12005.00
186.950,5483.93,-58.09,0.143912,90.00,685.718323,5039.59,0.000133,11380.00
187.000,3682.55,-56.59,0.263999,85.00,975.385620,4714.74,0.000072,10310.00
187.050,2629.15,-59.12,0.268243,50.00,1002.442139,3822.30,0.000037,6335.00
187.100,1935.74,-65.85,0.173924,50.00,939.522766,2801.06,0.000012,3810.00
187.150,1677.70,-71.95,0.107692,50.00,583.434509,2431.25,0.000003,3280.00
187.200,4156.51,-65.42,0.099904,50.00,273.688782,4594.00,0.000031,9725.00
187.250,5135.01,-56.50,0.126798,50.00,526.070679,4563.38,0.000292,10425.00
187.300,4322.29,-55.90,0.160298,95.00,559.146667,4239.78,0.000240,9390.00
187.350,2782.54,-62.49,0.131338,95.00,534.844238,3118.04,0.000057,5380.00
187.400,2209.06,-67.71,0.116805,95.00,432.804199,2258.46,0.000012,3765.00
187.450,2822.97,-62.75,0.127091,95.00,421.410553,3399.45,0.000055,5760.00
187.500,4108.67,-54.05,0.179396,100.00,756.456116,4325.97,0.000325,9700.00
187.550,4459.23,-52.63,0.186618,50.00,499.477081,4337.17,0.000436,9925.00
187.600,4392.19,-57.47,0.113899,50.00,729.106506,4282.50,0.000239,9800.00
187.650,2477.73,-67.72,0.100260,50.00,354.561249,3600.92,0.000017,6775.00
187.700,2468.76,-68.21,0.107541,50.00,122.828743,3336.50,0.000011,6630.00
187.750,4849.84,-61.21,0.106743,50.00,260.585327,4607.40,0.000089,10115.00
187.800,6687.94,-57.74,0.103643,95.00,362.232178,4540.66,0.000253,11725.00
187.850,6636.94,-60.81,0.092002,95.00,326.416199,4569.25,0.000122,11755.00
187.900,2865.70,-71.55,0.089807,95.00,185.321503,3998.67,0.000006,7865.00
187.950,1595.01,-73.66,0.094475,95.00,137.964203,2614.08,0.000002,3310.00
188.000,3733.72,-62.97,0.112817,100.00,352.645172,4704.48,0.000053,10235.00
188.050,3920.61,-57.92,0.227105,105.00,1007.372009,4901.93,0.000065,10850.00
188.100,3072.79,-58.47,0.279023,65.00,975.526978,4404.52,0.000040,8820.00
188.150,2097.92,-63.73,0.206856,50.00,975.739868,3257.01,0.000016,3840.00
188.200,2348.97,-66.57,0.114354,50.00,830.764587,2989.43,0.000019,4140.00
188.250,5223.84,-60.25,0.102435,50.00,254.920670,4361.90,0.000118,10500.00
188.300,6895.73,-57.61,0.107955,50.00,299.289001,4449.17,0.000256,11560.00
188.350,7210.52,-56.58,0.105719,95.00,344.296661,4392.13,0.000372,11895.00
188.400,5617.69,-57.70,0.105667,95.00,422.746277,4437.57,0.000254,10965.00
188.450,3431.43,-63.94,0.106406,95.00,209.374344,3462.41,0.000048,7715.00
188.500,4479.42,-64.59,0.092462,95.00,260.053467,3775.61,0.000042,8755.00
188.550,4755.83,-55.53,0.134343,95.00,576.553040,4280.93,0.000320,9835.00
188.600,4536.63,-52.22,0.200405,95.00,623.883179,4324.57,0.000416,9985.00
188.650,4580.67,-54.61,0.145891,50.00,595.107300,4324.96,0.000366,10085.00
188.700,3261.97,-63.16,0.108806,50.00,538.785278,4014.13,0.000054,8530.00
188.750,1341.88,-70.98,0.135251,50.00,383.649780,2278.21,0.000004,1740.00
188.800,2947.14,-64.88,0.132719,50.00,350.075623,3917.11,0.000030,7960.00
188.850,6140.39,-57.98,0.124486,50.00,538.987427,4608.36,0.000229,11145.00
188.900,6229.18,-58.07,0.105939,95.00,451.478607,4624.71,0.000301,11275.00
188.950,4144.67,-66.06,0.087789,95.00,406.517761,4619.26,0.000038,9620.00
189.000,1774.23,-68.83,0.108859,95.00,300.524994,2744.69,0.000013,3385.00
189.050,2169.66,-64.90,0.128156,95.00,304.043549,3214.03,0.000034,3635.00
189.100,3496.70,-58.39,0.188053,100.00,880.169861,4546.69,0.000096,9745.00
189.150,3341.51,-57.51,0.271290,65.00,939.627136,4584.58,0.000059,9695.00
189.200,2612.98,-62.10,0.232125,50.00,1001.417908,4012.73,0.000020,6820.00
189.250,2058.83,-68.09,0.138370,50.00,895.502136,2881.04,0.000010,3640.00
189.300,4281.37,-64.54,0.100227,50.00,394.197510,4364.78,0.000039,9920.00
189.350,6718.44,-59.70,0.102915,50.00,274.988159,4589.80,0.000146,11360.00
189.400,6171.71,-55.81,0.113963,70.00,465.415985,4515.69,0.000400,11160.00
189.450,4517.52,-56.98,0.130998,70.00,565.937195,4127.72,0.000225,9250.00
189.500,2855.19,-63.59,0.136128,70.00,372.403351,2897.46,0.000035,4320.00
189.550,2465.42,-66.65,0.132814,70.00,411.311157,2571.73,0.000014,3690.00
189.600,3238.96,-59.69,0.136092,70.00,455.294189,3687.01,0.000108,7525.00
189.650,4234.71,-53.18,0.196144,75.00,781.689026,4285.98,0.000346,9755.00
189.700,4601.34,-53.19,0.168187,75.00,403.350494,4331.36,0.000435,10030.00
189.750,4179.76,-59.12,0.101844,75.00,640.583984,4226.74,0.000190,9660.00
189.800,1816.40,-70.41,0.091459,75.00,265.222595,2750.31,0.000010,3235.00
189.850,1589.19,-72.93,0.092721,75.00,134.143509,2775.72,0.000005,2810.00
189.900,5626.37,-59.30,0.102824,75.00,253.971344,4636.30,0.000197,10980.00
189.950,6105.56,-56.54,0.113469,75.00,324.681122,4578.24,0.000367,11300.00
190.000,4576.57,-60.68,0.107172,70.00,315.973358,4598.00,0.000120,9885.00
190.050,2078.33,-68.93,0.109527,70.00,256.245850,3241.90,0.000011,5480.00
190.100,1580.63,-71.04,0.106016,70.00,242.998489,2655.41,0.000008,2870.00
190.150,3727.40,-60.58,0.132324,70.00,513.609131,4654.43,0.000106,10320.00
190.200,3883.84,-57.47,0.246635,75.00,913.882935,4867.56,0.000077,10750.00
190.250,3241.72,-60.70,0.261066,55.00,883.850891,4707.20,0.000025,9945.00
190.300,1832.87,-68.51,0.151042,45.00,988.470276,3470.12,0.000007,3715.00
190.350,1120.41,-73.77,0.096321,45.00,504.338715,2014.62,0.000002,2555.00
190.400,2831.10,-65.54,0.111625,50.00,301.179596,3925.17,0.000029,7780.00
190.450,5473.92,-57.17,0.128618,50.00,403.624298,4677.71,0.000225,10800.00
190.500,5037.82,-56.05,0.132471,95.00,547.104553,4574.10,0.000299,10255.00
190.550,2821.95,-61.61,0.129204,95.00,465.269501,3468.37,0.000077,6920.00
190.600,1785.30,-68.59,0.117061,95.00,428.870117,2232.33,0.000012,3380.00
190.650,2417.47,-65.96,0.106161,95.00,339.132355,3441.37,0.000047,4960.00
190.700,4243.29,-54.49,0.156098,95.00,708.368591,4408.93,0.000526,9940.00
190.750,4496.89,-52.03,0.199781,160.00,575.664673,4401.61,0.000643,10195.00
190.800,4170.24,-55.82,0.160002,50.00,763.682068,4287.80,0.000278,9765.00
190.850,2237.48,-65.28,0.124261,50.00,520.374695,3239.96,0.000027,4715.00
190.900,1092.26,-73.18,0.111310,50.00,432.198151,1986.28,0.000003,1220.00
190.950,4218.26,-62.83,0.113313,50.00,327.671661,4702.65,0.000061,9795.00
191.000,6326.56,-57.63,0.122657,90.00,474.635437,4723.78,0.000228,11560.00
191.050,6030.71,-59.41,0.121445,95.00,474.386353,4788.79,0.000132,11340.00
191.100,3133.59,-68.74,0.108079,95.00,336.097473,4325.87,0.000011,8565.00
191.150,2110.58,-72.03,0.108562,95.00,85.997139,3693.81,0.000004,6820.00
191.200,3814.06,-65.64,0.110651,95.00,212.401260,4827.63,0.000025,10325.00
191.250,4495.54,-58.26,0.205261,90.00,954.183594,4978.74,0.000072,10870.00
191.300,4027.36,-57.97,0.278826,60.00,906.618652,4847.57,0.000043,10290.00
191.350,2826.41,-63.98,0.188061,60.00,956.309753,4243.03,0.000015,8405.00
191.400,1512.41,-71.95,0.112969,45.00,783.874573,2746.61,0.000004,3325.00
191.450,1682.97,-71.07,0.141006,50.00,480.946503,2729.96,0.000003,3300.00
191.500,4683.24,-59.46,0.136269,50.00,375.540100,4589.84,0.000097,10070.00
191.550,5726.06,-56.26,0.126165,95.00,578.886169,4653.36,0.000277,11010.00
191.600,4698.17,-59.50,0.114129,95.00,406.260315,4554.68,0.000127,9940.00
191.650,1845.89,-69.03,0.107403,95.00,267.840851,2689.88,0.000011,3450.00
191.700,1725.36,-68.96,0.115763,95.00,225.407303,2315.99,0.000011,3190.00
191.750,3574.34,-57.68,0.141983,95.00,440.450989,3994.81,0.000169,8520.00
191.800,4359.52,-52.51,0.193738,95.00,674.447998,4293.50,0.000401,9870.00
191.850,4701.94,-53.92,0.145970,50.00,529.089050,4306.45,0.000440,10120.00
191.900,3917.42,-61.43,0.101288,50.00,551.408691,4187.87,0.000095,9425.00
191.950,1967.13,-65.99,0.132064,50.00,410.150543,2775.71,0.000023,3590.00
192.000,2325.41,-63.98,0.144963,50.00,287.562317,3023.03,0.000035,3810.00
192.050,5030.28,-57.26,0.125150,50.00,447.070740,4506.09,0.000218,10215.00
192.100,5772.15,-57.08,0.106584,95.00,434.930786,4618.66,0.000298,11045.00
192.150,4329.96,-64.12,0.087856,95.00,385.008453,4604.82,0.000057,9715.00
192.200,1408.30,-73.39,0.090918,95.00,162.920197,2560.04,0.000004,2755.00
192.250,2968.79,-67.63,0.091361,95.00,102.811752,4048.30,0.000020,8905.00
192.300,4658.89,-59.00,0.158261,95.00,693.045471,4964.23,0.000085,10850.00
192.350,3999.17,-56.96,0.263883,65.00,904.720947,4826.76,0.000063,10370.00
192.400,2867.73,-60.28,0.236342,60.00,990.672363,4192.84,0.000033,8640.00
192.450,1538.50,-68.25,0.154622,50.00,880.171997,2694.64,0.000009,3025.00
192.500,1440.25,-70.92,0.108879,50.00,499.339813,2560.00,0.000007,2785.00
192.550,4335.15,-63.30,0.102000,50.00,272.561279,4658.40,0.000082,9830.00
192.600,6226.70,-57.56,0.102544,50.00,341.675079,4654.69,0.000409,11295.00
192.650,5930.63,-59.09,0.092157,95.00,360.198273,4711.57,0.000331,11170.00
192.700,3467.52,-68.37,0.082945,95.00,285.284424,4410.88,0.000023,8775.00
192.750,2303.11,-72.15,0.084964,95.00,101.297112,3551.94,0.000005,6390.00
192.800,3569.57,-62.89,0.094272,95.00,218.152924,4302.01,0.000111,8950.00
192.850,4283.07,-53.35,0.178618,95.00,766.407715,4394.05,0.000506,9900.00
192.900,4387.19,-52.38,0.191352,50.00,494.746002,4353.34,0.000590,9905.00
192.950,3346.37,-57.21,0.160791,50.00,724.300354,3877.52,0.000197,8215.00
193.000,1964.07,-65.49,0.133200,50.00,489.287567,2541.42,0.000026,3525.00
193.050,2364.62,-67.78,0.120657,50.00,424.657318,2982.24,0.000011,6100.00
193.100,5001.99,-60.42,0.115447,50.00,284.561646,4629.98,0.000110,10265.00
193.150,5393.56,-55.82,0.130269,95.00,540.214905,4515.70,0.000347,10430.00
193.200,4177.59,-58.04,0.138525,95.00,491.564758,4096.16,0.000167,8930.00
193.250,2543.36,-65.58,0.109385,95.00,445.577667,2673.29,0.000032,3840.00
193.300,2710.01,-67.30,0.101036,95.00,333.707550,2677.13,0.000020,4020.00
193.350,3755.79,-60.43,0.117729,95.00,452.282257,4284.15,0.000121,9120.00
193.400,3961.02,-56.55,0.230775,90.00,1021.002075,4817.92,0.000104,10740.00
193.450,3650.18,-57.31,0.255173,60.00,692.375244,4588.16,0.000065,9995.00
193.500,5388.79,-57.94,0.146302,55.00,972.968018,4792.27,0.000129,10935.00
193.550,6289.48,-59.21,0.113402,50.00,678.764099,4854.58,0.000147,11305.00
193.600,4820.20,-61.82,0.122535,50.00,302.392273,4793.32,0.000061,10750.00
193.650,5148.58,-57.45,0.124188,50.00,443.508026,4629.86,0.000232,10480.00
193.700,5304.55,-55.50,0.133610,70.00,521.533081,4489.84,0.000349,10430.00
193.750,4281.93,-59.65,0.114332,70.00,379.633698,4257.55,0.000133,9630.00
193.800,6319.34,-58.35,0.110735,70.00,290.222961,4817.62,0.000175,11570.00
193.850,5116.95,-55.06,0.152301,70.00,519.692932,4399.04,0.000292,10825.00
193.900,3834.27,-54.21,0.190706,70.00,591.759216,3839.79,0.000282,8760.00
193.950,4442.41,-52.40,0.193430,75.00,611.634277,4231.66,0.000424,9870.00
194.000,4772.89,-55.39,0.121351,75.00,639.917664,4301.14,0.000392,10180.00
194.050,2909.77,-63.12,0.112984,75.00,504.978424,3482.52,0.000055,6615.00
194.100,2345.44,-64.39,0.159899,75.00,480.963440,2538.67,0.000023,3635.00
194.150,3099.48,-60.92,0.157001,75.00,471.194885,3328.90,0.000064,6895.00
194.200,5067.79,-56.22,0.146926,75.00,563.866211,4423.09,0.000229,10240.00
194.250,5166.97,-57.33,0.147282,70.00,504.597107,4517.40,0.000162,10395.00
194.300,2796.63,-64.27,0.137322,70.00,355.295258,3432.40,0.000027,6560.00
194.350,2213.03,-66.77,0.137709,70.00,278.239685,2554.61,0.000011,4000.00
194.400,2545.29,-63.64,0.140170,70.00,406.667816,3248.16,0.000036,4940.00
194.450,3528.19,-57.91,0.190032,70.00,872.332153,4468.51,0.000099,9605.00
194.500,3385.19,-56.92,0.260196,60.00,846.586914,4345.11,0.000071,9155.00
194.550,2815.65,-60.73,0.185681,60.00,816.282837,3553.49,0.000048,5710.00
194.600,3465.72,-63.22,0.103465,50.00,781.469421,3962.36,0.000062,9190.00
194.650,6222.43,-61.56,0.100570,50.00,390.388397,4797.85,0.000088,11365.00
194.700,5760.04,-58.90,0.107203,50.00,188.241425,4637.71,0.000164,11030.00
194.750,4823.04,-55.19,0.142305,50.00,576.929077,4389.74,0.000332,9890.00
194.800,3767.17,-57.29,0.158892,95.00,549.046875,4002.69,0.000161,8515.00
194.850,1994.00,-66.41,0.135232,95.00,492.741302,2516.58,0.000019,3460.00
194.900,1514.14,-70.18,0.124855,95.00,437.198151,1983.04,0.000004,3035.00
194.950,3479.98,-59.61,0.128180,95.00,431.494446,4200.93,0.000123,8930.00
195.000,4431.86,-52.95,0.188900,100.00,744.739624,4379.84,0.000389,9965.00
195.050,4716.96,-53.54,0.155715,50.00,460.362427,4338.43,0.000439,10095.00
195.100,4477.28,-60.63,0.097510,50.00,674.251648,4333.32,0.000115,9900.00
195.150,1641.69,-73.97,0.096666,50.00,194.465988,3088.16,0.000002,3640.00
195.200,2545.88,-72.16,0.100414,50.00,41.710728,3993.99,0.000004,7775.00
195.250,6307.89,-59.58,0.106254,50.00,295.036835,4516.37,0.000152,11170.00
195.300,5676.70,-56.02,0.122349,95.00,475.440155,4367.11,0.000342,10485.00
195.350,4318.55,-59.35,0.121169,95.00,381.802521,3981.53,0.000136,9095.00
195.400,5713.92,-61.69,0.102552,95.00,332.478058,4509.28,0.000081,10765.00
195.450,7364.80,-63.80,0.097601,95.00,209.918533,4603.55,0.000048,11495.00
195.500,4644.05,-59.39,0.138054,90.00,668.727417,5021.01,0.000102,11195.00
195.550,3887.00,-56.31,0.254233,65.00,981.779236,4718.62,0.000085,10550.00
195.600,3232.26,-58.66,0.232684,60.00,760.414673,4043.11,0.000053,7910.00
195.650,2367.08,-65.05,0.134321,55.00,959.469421,2907.90,0.000028,3735.00
195.700,2261.04,-67.67,0.123205,50.00,575.714600,2741.37,0.000013,3825.00
195.750,3506.54,-62.53,0.120865,50.00,295.182190,3722.13,0.000051,8020.00
195.800,5541.88,-56.18,0.123951,50.00,448.547272,4465.02,0.000289,10715.00
195.850,5761.01,-55.80,0.114265,95.00,394.816589,4492.34,0.000374,10880.00
195.900,6346.02,-58.74,0.099042,95.00,428.364990,4459.33,0.000197,10955.00
195.950,6923.45,-59.51,0.101107,95.00,182.507401,4372.47,0.000158,11175.00
196.000,5067.17,-59.38,0.110590,95.00,278.818695,4331.46,0.000150,10255.00
196.050,4105.81,-53.97,0.174011,95.00,722.656189,4163.13,0.000333,9405.00
196.100,4442.20,-52.25,0.192174,100.00,511.538055,4243.66,0.000446,9830.00
196.150,4569.32,-56.79,0.115771,50.00,754.049011,4243.12,0.000271,9855.00
196.200,2450.14,-66.12,0.114446,50.00,391.759644,3379.47,0.000021,5695.00
196.250,2248.48,-66.61,0.140327,50.00,341.435089,2842.49,0.000012,4020.00
196.300,4241.06,-60.16,0.134667,50.00,285.388458,4380.24,0.000126,9480.00
196.350,5894.86,-56.21,0.125920,95.00,464.551880,4624.82,0.000411,11030.00
196.400,5365.44,-59.00,0.119222,95.00,432.021027,4575.60,0.000206,10545.00
196.450,2623.77,-68.27,0.105839,95.00,289.917175,3357.63,0.000013,6145.00
196.500,2153.99,-70.26,0.100613,95.00,261.502716,2533.71,0.000008,3715.00
196.550,3464.48,-62.12,0.118799,95.00,370.363220,4049.58,0.000074,8280.00
196.600,3779.37,-56.81,0.221529,100.00,1010.320190,4608.16,0.000102,10185.00
196.650,3362.30,-57.25,0.255891,65.00,780.508057,4322.44,0.000067,9010.00
196.700,2715.67,-62.76,0.157314,55.00,924.724548,3315.18,0.000037,4620.00
196.750,2366.07,-67.36,0.116220,50.00,692.536072,2375.66,0.000017,3760.00
196.800,2531.87,-67.88,0.121780,50.00,374.403748,2526.92,0.000016,3780.00
196.850,4948.54,-58.42,0.127764,50.00,350.405670,4324.94,0.000185,9915.00
196.900,5990.60,-56.54,0.114732,95.00,414.140289,4514.91,0.000368,11035.00
196.950,4547.51,-60.70,0.107326,95.00,427.176086,4312.46,0.000118,9525.00
197.000,2202.74,-68.67,0.109983,95.00,240.189392,2483.16,0.000012,3665.00
197.050,2081.46,-69.34,0.109993,95.00,198.625290,2335.28,0.000013,3365.00
197.100,3819.76,-57.01,0.137941,95.00,518.349365,4181.23,0.000273,9170.00
197.150,4388.17,-52.44,0.197472,95.00,624.310669,4363.41,0.000498,10035.00
197.200,4533.00,-54.27,0.150668,50.00,597.144165,4339.12,0.000443,10085.00
197.250,3535.39,-62.47,0.114180,50.00,556.845032,3982.00,0.000056,8595.00
197.300,1763.04,-72.48,0.115635,50.00,314.497528,2440.12,0.000003,3575.00
197.350,3677.76,-66.71,0.116141,50.00,229.056641,4328.82,0.000017,8820.00
197.400,6187.34,-57.91,0.113719,50.00,394.300964,4592.33,0.000231,11245.00
197.450,5464.97,-56.58,0.113232,100.00,420.727142,4451.58,0.000351,10485.00
197.500,3815.02,-61.54,0.109680,95.00,441.034149,3702.72,0.000088,8255.00
197.550,5210.92,-62.29,0.095844,95.00,259.564270,4155.92,0.000071,9955.00
197.600,6965.47,-62.65,0.092716,95.00,220.354919,4345.89,0.000089,10990.00
197.650,4471.07,-59.29,0.170798,100.00,785.148987,4940.59,0.000086,10850.00
197.700,3514.45,-58.40,0.277811,65.00,1051.464844,4761.85,0.000047,10365.00
197.750,2622.86,-62.29,0.243113,60.00,957.789795,4157.39,0.000018,7665.00
197.800,1753.00,-68.96,0.139722,45.00,979.989136,2934.60,0.000007,3685.00
197.850,2034.26,-69.42,0.128001,45.00,599.317017,2779.31,0.000005,3845.00
197.900,4036.62,-61.60,0.130481,50.00,277.992310,4314.44,0.000079,9055.00
197.950,5674.66,-56.24,0.129299,50.00,523.073608,4609.01,0.000362,10870.00
198.000,5117.88,-57.32,0.123096,70.00,493.802673,4500.93,0.000288,10185.00
198.050,2691.61,-65.54,0.113279,70.00,330.715088,3426.98,0.000028,6490.00
198.100,1794.46,-70.03,0.107858,70.00,266.853424,2547.76,0.000008,3440.00
198.150,2980.07,-61.29,0.132067,70.00,416.724243,3652.16,0.000075,6680.00
198.200,4150.27,-53.69,0.185637,75.00,667.711548,4251.54,0.000320,9595.00
198.250,4631.95,-53.22,0.162556,75.00,478.998657,4328.09,0.000456,10130.00
198.300,5215.84,-57.87,0.095968,75.00,614.070374,4470.60,0.000287,10570.00
198.350,6511.24,-60.99,0.093967,75.00,252.685608,4778.26,0.000117,11420.00
198.400,4627.40,-60.42,0.119944,75.00,375.778839,4408.44,0.000094,10390.00
198.450,4771.18,-58.04,0.135561,75.00,277.406281,4295.82,0.000167,9735.00
198.500,6097.44,-56.38,0.120424,75.00,434.143341,4416.52,0.000319,11020.00
198.550,5612.75,-60.98,0.097514,70.00,385.532257,4531.36,0.000114,10765.00
198.600,4913.02,-63.61,0.097786,70.00,196.958374,4637.46,0.000050,10630.00
198.650,3867.12,-61.60,0.124172,70.00,339.936218,4006.34,0.000066,9385.00
198.700,3285.31,-59.75,0.144945,70.00,514.578186,4052.98,0.000100,8315.00
198.750,3690.03,-57.34,0.245414,65.00,968.144287,4707.75,0.000069,10355.00
198.800,3103.33,-58.99,0.249475,65.00,736.994080,4250.65,0.000043,8445.00
198.850,2631.55,-63.23,0.158049,55.00,1025.932007,3107.71,0.000032,4160.00
198.900,2517.85,-66.45,0.115596,50.00,644.479248,2769.30,0.000020,4045.00
198.950,2884.97,-66.11,0.109693,50.00,356.510315,3694.22,0.000023,7540.00
199.000,5341.22,-57.18,0.120463,50.00,380.122375,4504.18,0.000245,10370.00
199.050,4871.68,-55.75,0.142633,95.00,494.740356,4339.48,0.000285,9850.00
199.100,3235.67,-61.63,0.121546,95.00,491.842163,3664.40,0.000077,7780.00
199.150,1821.04,-69.79,0.104381,95.00,393.135376,2425.51,0.000009,3210.00
199.200,2408.63,-68.06,0.091648,95.00,264.913025,3616.19,0.000021,5895.00
199.250,4229.04,-55.10,0.146739,95.00,658.049255,4370.11,0.000332,9835.00
199.300,4541.63,-52.39,0.188279,50.00,513.087524,4352.99,0.000455,10025.00
199.350,4799.95,-56.15,0.117617,50.00,689.589966,4362.14,0.000328,10210.00
199.400,4502.05,-64.47,0.097289,50.00,398.868744,4366.48,0.000037,9540.00
199.450,4141.55,-64.53,0.107309,50.00,190.704239,4309.67,0.000032,9395.00
199.500,5760.46,-60.54,0.111512,50.00,199.949570,4638.53,0.000107,10620.00
199.550,6959.35,-57.83,0.112319,90.00,417.003448,4502.56,0.000237,11765.00
199.600,5062.30,-57.62,0.126881,95.00,553.016174,4596.78,0.000204,10285.00
199.650,2318.67,-63.18,0.145676,95.00,389.758087,2991.19,0.000041,3685.00
199.700,2475.85,-65.07,0.122619,95.00,375.551727,3039.30,0.000029,3865.00
199.750,4972.09,-61.15,0.112830,95.00,369.509460,4739.78,0.000084,10540.00
199.800,4589.33,-57.43,0.207210,90.00,1007.805786,4963.05,0.000085,10875.00
199.850,3506.84,-58.71,0.271147,65.00,808.505310,4764.56,0.000038,10285.00
199.900,2199.09,-64.88,0.211885,50.00,1062.320679,3920.24,0.000011,6340.00
199.950,1104.80,-73.43,0.124143,50.00,791.496155,2366.41,0.000003,1205.00
200.000,1378.97,-72.21,0.113983,50.00,405.309082,2379.56,0.000004,2465.00
200.050,4394.04,-59.43,0.130401,50.00,322.294556,4454.06,0.000120,9700.00
200.100,5634.27,-56.23,0.129739,95.00,474.046234,4538.44,0.000287,10710.00
200.150,4660.38,-59.31,0.120532,95.00,412.640472,4388.82,0.000132,9740.00
200.200,2104.95,-68.63,0.105052,95.00,310.953827,2877.84,0.000012,3780.00
200.250,1780.66,-68.44,0.116599,95.00,336.022858,2970.18,0.000012,3525.00
200.300,3203.86,-58.49,0.150431,95.00,447.051849,4005.58,0.000132,8265.00
200.350,4151.69,-52.76,0.203044,95.00,665.930847,4268.69,0.000354,9675.00
200.400,4573.53,-53.90,0.154146,50.00,568.349792,4299.34,0.000404,9995.00
200.450,4825.87,-60.00,0.101070,50.00,630.394470,4428.31,0.000133,10225.00
200.500,5710.26,-61.19,0.107988,50.00,221.014069,4425.44,0.000085,10300.00
200.550,4077.69,-61.62,0.126684,50.00,317.837646,4169.58,0.000066,9165.00
200.600,5143.36,-57.87,0.128048,50.00,283.542023,4622.58,0.000198,10305.00
200.650,5391.85,-56.43,0.124249,95.00,495.001038,4591.77,0.000327,10505.00
200.700,3774.17,-61.65,0.114869,95.00,426.796021,4125.44,0.000089,8800.00
200.750,2133.11,-69.03,0.098703,95.00,303.821991,2807.88,0.000013,3535.00
200.800,3208.26,-64.58,0.108248,95.00,221.430038,3694.54,0.000040,8335.00
200.850,4599.52,-58.73,0.151645,95.00,614.803833,4802.10,0.000104,10450.00
200.900,4196.93,-57.15,0.265972,100.00,1037.228516,4881.39,0.000058,10460.00
200.950,3288.49,-59.53,0.250642,50.00,916.647827,4388.03,0.000034,9255.00
201.000,2089.16,-65.53,0.148921,45.00,969.752197,3164.83,0.000018,3835.00
201.050,3935.01,-63.50,0.106165,45.00,455.195312,4444.61,0.000043,9885.00
201.100,5607.50,-61.45,0.103414,50.00,210.789795,4786.05,0.000086,11060.00
201.150,6369.73,-57.65,0.109785,50.00,331.227875,4592.99,0.000262,11570.00
201.200,4603.79,-57.20,0.135120,95.00,570.460449,4517.43,0.000213,9825.00
201.250,2310.98,-62.56,0.142953,95.00,397.875305,3025.55,0.000047,3995.00
201.300,2459.76,-65.59,0.111068,95.00,485.365479,3022.43,0.000028,3835.00
201.350,4423.99,-61.84,0.096278,95.00,320.659271,4537.77,0.000100,10335.00
201.400,4530.82,-53.74,0.167008,95.00,713.311340,4431.05,0.000393,10195.00
201.450,4643.13,-52.55,0.178116,50.00,412.513092,4376.15,0.000487,10145.00
201.500,4249.95,-57.55,0.130138,50.00,731.922363,4278.12,0.000186,9760.00
201.550,1938.99,-67.79,0.121779,50.00,306.319702,2951.51,0.000013,3415.00
201.600,1660.50,-69.67,0.125977,50.00,390.576508,2510.05,0.000007,2725.00
201.650,5011.63,-60.39,0.119666,50.00,258.832550,4686.03,0.000094,10575.00
201.700,7070.39,-57.79,0.106151,50.00,429.046600,4448.65,0.000278,11765.00
201.750,5730.66,-58.18,0.100962,95.00,490.817413,4549.84,0.000253,10865.00
201.800,2988.76,-63.06,0.117730,95.00,360.336975,3187.24,0.000055,6585.00
201.850,2534.75,-67.41,0.108298,95.00,313.090485,2418.16,0.000017,3865.00
201.900,3502.71,-62.51,0.110811,95.00,488.605988,4409.57,0.000065,9120.00
201.950,3803.31,-58.05,0.235193,90.00,1012.272827,4874.09,0.000059,10685.00
202.000,3122.77,-58.95,0.274120,65.00,871.321167,4472.93,0.000036,9180.00
202.050,2150.63,-64.40,0.175760,55.00,1036.288696,3361.54,0.000019,4005.00
202.100,1781.62,-69.58,0.072327,50.00,827.182556,2455.56,0.000019,3315.00
202.150,2509.67,-66.74,0.066240,275.00,357.076385,2973.68,0.000055,5220.00
202.200,5725.47,-58.14,0.065113,325.00,311.208344,4411.82,0.000575,10715.00
202.250,5992.68,-56.21,0.091394,325.00,304.101959,4411.72,0.000541,10955.00
202.300,5672.42,-58.45,0.071089,360.00,256.991211,4339.33,0.000448,10365.00
202.350,6951.45,-60.62,0.046171,290.00,299.174652,4079.87,0.000489,10965.00
202.400,6516.86,-60.47,0.048856,720.00,176.880234,4312.66,0.000471,10900.00
202.450,4231.06,-55.14,0.132573,165.00,675.025391,4236.52,0.000386,9700.00
202.500,4462.74,-51.91,0.199976,160.00,532.654785,4231.28,0.000446,9875.00
202.550,4798.04,-54.33,0.116376,160.00,632.466125,4231.97,0.000580,10155.00
202.600,4804.96,-60.25,0.059082,290.00,520.935120,4252.15,0.000383,9900.00
202.650,5367.56,-59.92,0.061916,225.00,261.402283,4468.96,0.000413,10650.00
202.700,6078.05,-57.31,0.075380,505.00,221.113159,4643.07,0.000609,11560.00
202.750,6961.57,-55.24,0.077825,225.00,289.343506,4247.31,0.000994,11640.00
202.800,7174.07,-55.74,0.076795,9485.00,308.431213,3943.58,0.000842,11200.00
202.850,6919.28,-61.65,0.060361,10755.00,291.795563,3950.25,0.000236,10760.00
202.900,5348.67,-73.89,0.039270,10755.00,197.241348,4201.49,0.000015,10750.00
202.950,4329.44,-68.59,0.038456,10755.00,162.901489,4561.21,0.000102,10750.00
203.000,3761.78,-59.39,0.179296,95.00,972.207214,4751.44,0.000072,10480.00
203.050,3371.70,-58.67,0.298843,65.00,979.097839,4716.97,0.000033,10155.00
203.100,2741.15,-64.34,0.242929,50.00,988.921143,4457.88,0.000009,8725.00
203.150,2463.84,-67.17,0.129126,45.00,968.955444,3813.90,0.000012,7590.00
203.200,5613.57,-60.05,0.110323,45.00,330.530243,4881.47,0.000117,11325.00
203.250,7177.32,-57.80,0.113166,50.00,283.686768,4630.19,0.000220,11850.00
203.300,6354.98,-55.69,0.122659,90.00,445.685181,4623.45,0.000362,11530.00
203.350,4720.10,-57.77,0.135841,95.00,553.215515,4378.35,0.000164,10045.00
203.400,2684.21,-64.96,0.121946,95.00,361.862305,3162.73,0.000030,6015.00
203.450,1836.09,-69.59,0.108585,95.00,333.130249,2689.82,0.000010,3750.00
203.500,4266.30,-59.26,0.113182,95.00,329.815277,4636.36,0.000157,10595.00
203.550,4577.08,-52.51,0.188418,90.00,798.089661,4485.51,0.000445,10510.00
203.600,4515.09,-52.84,0.179739,50.00,471.285034,4332.18,0.000435,10100.00
203.650,3745.94,-58.77,0.128565,50.00,700.748596,3830.43,0.000141,8550.00
203.700,2400.25,-66.17,0.136560,50.00,484.814117,2692.09,0.000017,3990.00
203.750,3070.67,-65.48,0.130346,50.00,342.840790,3770.18,0.000021,8345.00
203.800,5997.04,-59.05,0.110918,50.00,444.119629,4690.86,0.000175,11165.00
203.850,6160.53,-56.67,0.112488,95.00,410.046021,4554.50,0.000337,11225.00
203.900,4463.76,-60.06,0.117216,95.00,398.668060,4196.94,0.000116,9610.00
203.950,2925.64,-66.80,0.114744,95.00,202.577835,3198.32,0.000018,5830.00
204.000,2380.77,-69.26,0.110878,95.00,235.637573,2736.90,0.000013,3960.00
204.050,3752.78,-59.94,0.142968,95.00,619.945435,4470.97,0.000113,9805.00
204.100,3773.06,-57.39,0.261056,90.00,1020.802673,4794.63,0.000070,10590.00
204.150,3145.18,-61.62,0.273001,50.00,988.050171,4718.58,0.000017,9835.00
204.200,3598.49,-64.48,0.169742,50.00,943.523254,4213.14,0.000013,8745.00
204.250,3951.98,-61.07,0.114675,45.00,680.367310,3734.64,0.000077,8590.00
204.300,3330.47,-60.83,0.132870,50.00,287.236542,3519.92,0.000081,7770.00
204.350,5665.09,-56.62,0.116415,50.00,456.747559,4542.82,0.000309,10975.00
204.400,6716.99,-56.65,0.103196,95.00,441.658661,4563.08,0.000370,11640.00
204.450,6748.50,-58.97,0.098203,95.00,348.644928,4685.68,0.000191,11590.00
204.500,6091.93,-59.86,0.101627,95.00,202.778473,4728.94,0.000147,11260.00
204.550,3971.92,-59.95,0.120729,95.00,329.382935,3947.92,0.000113,9495.00
204.600,4013.05,-54.29,0.176280,100.00,713.081787,4104.03,0.000302,9245.00
204.650,4462.02,-52.23,0.195421,50.00,492.826813,4254.16,0.000434,9875.00
204.700,4470.51,-56.08,0.127455,50.00,751.283569,4172.86,0.000298,9770.00
204.750,3099.94,-64.53,0.118049,50.00,425.150970,3429.05,0.000031,6960.00
204.800,2562.20,-68.21,0.120115,50.00,207.186447,3125.36,0.000011,4465.00
204.850,4373.11,-61.14,0.121678,50.00,295.948303,4534.74,0.000075,9945.00
204.900,6166.84,-56.99,0.116623,95.00,414.389679,4628.59,0.000269,11320.00
204.950,5334.82,-57.54,0.121057,95.00,461.292297,4427.93,0.000204,10350.00
205.000,3249.71,-64.35,0.115173,95.00,265.738342,3444.16,0.000037,7525.00
205.050,2066.48,-71.03,0.102149,95.00,291.630707,2384.34,0.000006,3420.00
205.100,3408.46,-62.84,0.113856,95.00,303.050720,4167.76,0.000083,8500.00
205.150,3941.69,-57.01,0.215975,90.00,944.122009,4779.44,0.000117,10595.00
205.200,3266.97,-57.66,0.279675,50.00,940.880615,4458.24,0.000060,9280.00
205.250,2327.72,-63.46,0.198609,50.00,961.625305,3415.93,0.000019,4365.00
205.300,1788.22,-69.32,0.120627,45.00,774.329407,2187.09,0.000009,3185.00
205.350,2228.75,-68.69,0.118125,50.00,328.203857,2579.66,0.000010,3745.00
205.400,5173.18,-58.54,0.119033,50.00,336.139740,4344.89,0.000179,10080.00
205.450,5762.96,-56.05,0.130957,95.00,445.831909,4436.33,0.000304,10790.00
205.500,4677.08,-60.49,0.127482,95.00,473.189178,4387.93,0.000085,9725.00
205.550,2113.67,-69.83,0.111395,95.00,278.640869,2702.25,0.000008,3765.00
205.600,2176.64,-70.41,0.104656,95.00,274.902710,2596.76,0.000008,3610.00
205.650,3849.85,-57.64,0.132870,95.00,527.815247,4293.94,0.000210,9430.00
205.700,4366.27,-52.40,0.206055,95.00,705.070923,4383.02,0.000411,9900.00
205.750,4383.78,-53.89,0.163874,50.00,594.106079,4319.52,0.000393,9880.00
205.800,3174.30,-61.10,0.124603,50.00,616.862000,3771.22,0.000086,7850.00
205.850,3662.40,-63.95,0.112131,50.00,330.859802,4036.09,0.000036,9215.00
205.900,5576.28,-63.05,0.104686,50.00,241.728989,4678.85,0.000047,10680.00
205.950,6425.96,-58.33,0.108154,50.00,393.189819,4535.10,0.000194,11245.00
206.000,5979.55,-57.43,0.103771,100.00,392.261505,4541.74,0.000281,11040.00
206.050,4298.08,-64.60,0.089346,95.00,395.823792,4424.01,0.000045,9400.00
206.100,2062.32,-71.98,0.090066,95.00,180.596909,2972.39,0.000005,3710.00
206.150,2912.05,-65.37,0.106597,95.00,262.254974,3490.15,0.000033,6925.00
206.200,4217.75,-58.02,0.166571,100.00,749.377930,4703.53,0.000108,10355.00
206.250,4237.41,-57.18,0.261700,65.00,923.871704,4934.83,0.000059,10685.00
206.300,3988.70,-61.52,0.235037,60.00,970.633728,4907.70,0.000019,10360.00
206.350,2482.39,-65.64,0.144818,50.00,928.779541,3519.63,0.000015,6935.00
206.400,2049.60,-65.99,0.133550,50.00,571.878174,2339.49,0.000019,3555.00
206.450,3837.78,-59.29,0.127022,50.00,315.490021,3989.98,0.000139,9080.00
206.500,6260.41,-56.00,0.115571,50.00,541.451721,4529.03,0.000386,11085.00
206.550,6692.43,-57.17,0.102981,70.00,448.703125,4469.86,0.000324,11310.00
206.600,4330.66,-62.25,0.105073,70.00,350.593201,4540.74,0.000070,10180.00
206.650,2096.42,-66.08,0.136242,70.00,412.181335,2720.13,0.000018,3760.00
206.700,3023.12,-60.22,0.144219,70.00,367.519775,3519.22,0.000090,6815.00
206.750,4214.10,-53.40,0.191501,75.00,744.573792,4305.46,0.000336,9750.00
206.800,4622.79,-52.80,0.177310,75.00,389.555450,4352.59,0.000447,10105.00
206.850,4653.18,-58.30,0.098542,75.00,680.270020,4336.72,0.000246,10125.00
206.900,2382.23,-69.41,0.089922,75.00,272.319855,3513.63,0.000013,5600.00
206.950,1530.38,-73.91,0.092067,75.00,109.096527,2708.15,0.000003,3080.00
207.000,6284.69,-61.17,0.096223,75.00,186.124924,4583.13,0.000097,11215.00
207.050,7156.22,-58.11,0.102461,75.00,291.930817,4301.20,0.000226,11780.00
207.100,6380.64,-62.08,0.094228,70.00,241.264389,4547.70,0.000081,11300.00
207.150,4979.71,-66.41,0.095421,70.00,125.679855,4178.87,0.000023,9395.00
207.200,5362.48,-64.06,0.101022,70.00,144.635956,4218.44,0.000043,9640.00
207.250,3966.48,-60.36,0.133308,70.00,490.581696,4607.20,0.000098,9700.00
207.300,3612.77,-57.56,0.246612,75.00,929.392700,4764.91,0.000070,10415.00
207.350,3125.04,-58.70,0.265764,60.00,854.724976,4364.13,0.000042,8870.00
207.400,3994.54,-59.77,0.160726,45.00,995.825989,4214.49,0.000069,9630.00
207.450,6221.05,-59.79,0.105613,45.00,569.775696,4490.16,0.000141,10695.00
207.500,6882.15,-61.51,0.102149,50.00,243.883591,4660.19,0.000090,11490.00
207.550,6208.04,-58.22,0.106413,50.00,325.334839,4648.19,0.000215,11280.00
207.600,5501.70,-56.46,0.115716,95.00,450.429047,4569.03,0.000316,10655.00
207.650,3983.41,-60.74,0.111334,95.00,359.699493,4216.60,0.000103,9305.00
207.700,5606.19,-61.61,0.095082,95.00,302.504211,4531.78,0.000098,10495.00
207.750,6545.96,-62.27,0.090025,95.00,198.311157,4482.53,0.000092,10900.00
207.800,4301.96,-55.53,0.143740,95.00,672.283569,4414.89,0.000315,9955.00
207.850,4509.08,-52.35,0.201552,160.00,580.061157,4401.32,0.000415,10130.00
207.900,4501.32,-55.36,0.142129,50.00,699.280945,4370.53,0.000308,10095.00
207.950,3040.11,-63.75,0.118025,50.00,515.529724,3581.57,0.000040,7245.00
208.000,2521.04,-68.05,0.123844,50.00,323.150452,2984.03,0.000012,3880.00
208.050,3583.28,-62.03,0.123277,50.00,360.800629,4073.27,0.000060,8595.00
208.100,5362.88,-56.03,0.131268,90.00,538.558472,4559.61,0.000288,10545.00
208.150,5388.45,-57.02,0.123878,95.00,492.269714,4524.74,0.000229,10510.00
208.200,2871.49,-65.87,0.109010,95.00,395.226807,3845.12,0.000024,7765.00
208.250,2013.10,-69.91,0.107504,95.00,223.642532,2964.59,0.000007,3810.00
208.300,2996.34,-63.04,0.126601,95.00,323.891907,3739.76,0.000050,7550.00
208.350,4184.31,-56.77,0.201653,90.00,893.970398,4735.96,0.000118,10435.00
208.400,4384.08,-57.28,0.273488,60.00,950.179993,4968.21,0.000053,10735.00
208.450,4650.90,-62.57,0.185328,60.00,903.590088,4953.34,0.000022,10605.00
208.500,2705.52,-65.86,0.101540,45.00,819.002319,3521.45,0.000027,7480.00
208.550,2162.38,-65.30,0.130770,50.00,490.145447,2472.02,0.000025,3615.00
208.600,4146.98,-58.17,0.131645,50.00,337.409546,4099.29,0.000161,9165.00
208.650,6554.36,-55.93,0.119821,95.00,520.613892,4438.79,0.000319,11245.00
208.700,6889.02,-57.68,0.109873,95.00,394.737457,4370.83,0.000209,11270.00
208.750,4933.72,-62.72,0.102016,95.00,238.814407,4440.33,0.000054,10180.00
208.800,2922.19,-64.83,0.117312,95.00,321.565521,3059.72,0.000033,5465.00
208.850,3515.99,-57.44,0.156272,95.00,494.863129,3744.22,0.000158,7965.00
208.900,4288.63,-52.38,0.201820,95.00,765.225281,4257.46,0.000392,9765.00
208.950,4554.96,-53.47,0.161044,50.00,543.094666,4306.96,0.000424,10070.00
209.000,3765.67,-60.38,0.111461,50.00,623.998291,4129.39,0.000108,9120.00
209.050,1597.11,-71.41,0.106110,50.00,231.296463,2538.80,0.000005,3650.00
209.100,2533.53,-69.42,0.104109,50.00,147.323898,3759.05,0.000009,7270.00
209.150,6411.43,-59.67,0.105587,50.00,282.128601,4644.78,0.000135,11570.00
209.200,6894.86,-58.33,0.097336,95.00,336.928894,4534.37,0.000242,11935.00
209.250,5775.00,-64.62,0.081434,95.00,359.298431,4798.09,0.000051,11205.00
209.300,1437.86,-76.20,0.084898,95.00,108.123154,2919.06,0.000002,2300.00
209.350,1776.29,-72.76,0.087049,95.00,102.457680,3399.61,0.000006,3390.00
209.400,3619.22,-59.82,0.159292,100.00,781.520874,4711.44,0.000076,10225.00
209.450,3525.71,-56.70,0.272902,70.00,934.754578,4589.00,0.000066,9800.00
209.500,3010.45,-59.03,0.253204,50.00,1002.546875,4020.93,0.000040,7720.00
209.550,3064.28,-63.68,0.153009,50.00,919.176636,3698.93,0.000024,7980.00
209.600,5235.35,-63.73,0.098108,50.00,495.611786,4186.23,0.000045,9575.00
209.650,5260.60,-61.99,0.100840,50.00,152.677200,4328.01,0.000086,9730.00
209.700,5425.12,-56.13,0.125263,50.00,505.205536,4518.02,0.000338,10485.00
209.750,4705.70,-56.38,0.135553,95.00,439.532501,4396.10,0.000280,9770.00
209.800,4470.18,-60.88,0.100612,95.00,477.135651,4221.16,0.000113,9670.00
209.850,6827.91,-62.62,0.089817,95.00,291.063690,4320.99,0.000076,10820.00
209.900,5804.97,-61.06,0.091748,95.00,163.170746,4662.13,0.000111,10920.00
209.950,4180.44,-54.26,0.170421,95.00,762.673828,4333.69,0.000315,9710.00
210.000,4289.10,-52.34,0.207620,50.00,532.568787,4269.89,0.000389,9765.00
210.050,4145.28,-56.41,0.149933,50.00,751.098999,4082.68,0.000212,9310.00
210.100,2872.15,-64.50,0.124038,50.00,459.729584,3114.73,0.000033,6015.00
210.150,2559.41,-67.33,0.113667,50.00,319.362366,2958.01,0.000015,4595.00
210.200,4520.39,-59.22,0.119500,50.00,314.903870,4418.14,0.000180,9710.00
210.250,5416.29,-55.05,0.121210,50.00,394.522797,4527.77,0.000569,10555.00
210.300,4831.69,-58.04,0.099978,95.00,496.175964,4473.38,0.000348,10010.00
210.350,2377.02,-67.04,0.102884,95.00,325.590485,3424.14,0.000021,6580.00
210.400,3950.45,-63.97,0.095060,95.00,219.031799,4004.87,0.000043,8885.00
210.450,4027.62,-60.13,0.113432,95.00,374.964722,4340.58,0.000124,9490.00
210.500,4266.78,-56.41,0.220151,90.00,927.367737,4836.99,0.000108,10820.00
210.550,4726.99,-57.54,0.251702,60.00,739.380920,5003.75,0.000057,11000.00
210.600,5599.87,-63.49,0.153520,55.00,936.048157,5059.23,0.000025,11110.00
210.650,3165.50,-65.54,0.105128,50.00,695.145813,3932.43,0.000028,8935.00
210.700,2424.61,-64.12,0.139066,50.00,461.227783,2739.73,0.000046,4210.00
210.750,4700.25,-57.00,0.134050,50.00,406.741608,4316.34,0.000302,9685.00
210.800,6454.33,-56.81,0.109681,70.00,587.436768,4525.16,0.000427,11410.00
210.850,6583.78,-59.90,0.102407,70.00,363.501984,4486.27,0.000178,11220.00
210.900,6441.27,-59.49,0.109093,70.00,199.245819,4588.61,0.000136,11180.00
210.950,4894.47,-59.03,0.128634,70.00,358.045898,4405.80,0.000128,10540.00
211.000,3810.14,-55.96,0.167818,70.00,552.795410,3998.16,0.000224,8905.00
211.050,4372.86,-52.16,0.207282,75.00,623.814270,4250.99,0.000429,9845.00
211.100,4625.87,-54.32,0.138997,75.00,620.876770,4229.97,0.000447,9960.00
211.150,3176.24,-61.45,0.110356,75.00,456.100220,3345.10,0.000097,6475.00
211.200,2422.71,-64.55,0.126324,75.00,299.394897,2755.30,0.000031,3910.00
211.250,2776.23,-61.83,0.130113,75.00,319.785309,3318.78,0.000082,6035.00
211.300,4639.40,-55.05,0.149789,75.00,447.767029,4279.33,0.000374,9715.00
211.350,4909.38,-55.36,0.138821,70.00,463.471649,4356.42,0.000383,9950.00
211.400,2919.81,-62.10,0.126028,70.00,362.966370,3430.17,0.000070,6755.00
211.450,1975.97,-68.18,0.124731,70.00,372.681549,2104.59,0.000010,3425.00
211.500,2336.86,-64.62,0.126181,70.00,301.467072,3011.59,0.000044,4045.00
211.550,3588.71,-57.73,0.183729,70.00,876.375610,4534.83,0.000134,9900.00
211.600,3428.26,-56.94,0.272392,60.00,838.702393,4546.94,0.000077,9800.00
211.650,2684.96,-60.45,0.205410,60.00,872.366394,3591.12,0.000047,5910.00
211.700,2256.01,-65.77,0.123716,55.00,860.361206,2515.98,0.000025,3500.00
211.750,1913.43,-69.97,0.105950,50.00,457.975647,2275.52,0.000004,3235.00
211.800,5047.79,-62.41,0.105124,50.00,249.381805,4673.49,0.000085,10285.00
211.850,5770.80,-56.45,0.119044,50.00,410.498810,4634.37,0.000407,10975.00
211.900,5079.45,-58.28,0.113057,95.00,440.709930,4602.08,0.000259,10255.00
211.950,2915.98,-66.79,0.100828,95.00,353.002869,3813.05,0.000021,7800.00
212.000,2120.31,-67.09,0.132583,95.00,425.449921,2840.27,0.000014,4025.00
212.050,3078.59,-59.94,0.153596,95.00,395.762268,3851.33,0.000130,7710.00
212.100,4330.86,-52.79,0.192147,100.00,827.071350,4369.07,0.000566,9880.00
212.150,4789.28,-52.83,0.164270,50.00,474.920929,4388.36,0.000709,10300.00
212.200,4998.48,-58.79,0.100198,50.00,708.865112,4351.99,0.000190,10180.00
212.250,3729.36,-62.68,0.107835,50.00,257.568695,3542.86,0.000059,8140.00
212.300,3149.31,-62.30,0.135777,50.00,327.908295,3041.69,0.000053,6160.00
212.350,4715.33,-57.55,0.133029,50.00,371.236420,4047.11,0.000208,9430.00
212.400,5661.98,-55.71,0.125394,95.00,439.094330,4262.48,0.000366,10490.00
212.450,4791.85,-60.29,0.110472,95.00,424.308533,4075.49,0.000125,9465.00
212.500,2516.23,-68.70,0.105752,95.00,256.058197,2729.68,0.000012,3875.00
212.550,2137.24,-69.60,0.108628,95.00,241.553711,2520.75,0.000011,3785.00
212.600,3798.55,-60.48,0.133492,100.00,605.926331,4683.01,0.000106,10260.00
212.650,3832.98,-56.94,0.247449,65.00,1026.023560,4825.75,0.000093,10580.00
212.700,3017.87,-58.82,0.245187,60.00,758.437988,4236.21,0.000055,8375.00
212.750,2214.10,-64.87,0.136638,55.00,990.355835,2890.12,0.000027,3960.00
212.800,2025.51,-68.95,0.105053,45.00,561.851135,2352.84,0.000009,3470.00
212.850,3780.45,-65.57,0.101113,50.00,254.384064,4143.22,0.000025,8720.00
212.900,5952.85,-57.13,0.114637,50.00,390.869934,4468.19,0.000258,10815.00
212.950,5475.73,-56.11,0.122174,95.00,393.672821,4447.53,0.000319,10435.00
213.000,3782.75,-62.38,0.098748,95.00,447.245239,4002.52,0.000078,8380.00
213.050,2126.10,-68.66,0.102207,95.00,292.533356,2493.02,0.000013,4010.00
213.100,2568.76,-63.60,0.132181,95.00,351.166656,2934.39,0.000044,4940.00
213.150,3940.82,-54.49,0.172930,95.00,709.965637,4203.06,0.000291,9520.00
213.200,4556.24,-52.24,0.192678,100.00,541.008728,4368.54,0.000430,10090.00
213.250,5333.40,-55.39,0.120286,50.00,734.823486,4431.10,0.000388,10455.00
213.300,6213.16,-60.43,0.103882,50.00,363.984528,4535.20,0.000114,10770.00
213.350,4514.46,-61.30,0.112945,50.00,245.686707,3989.66,0.000083,9630.00
213.400,4214.14,-59.57,0.122691,50.00,261.217041,3700.11,0.000136,8480.00
213.450,5729.46,-55.48,0.124342,95.00,414.849731,4225.77,0.000405,10475.00
213.500,5621.35,-57.74,0.112790,95.00,430.574188,4204.22,0.000253,10345.00
213.550,3287.30,-65.51,0.102355,95.00,316.216034,3236.35,0.000036,6760.00
213.600,2415.33,-66.49,0.120649,95.00,348.320312,2545.39,0.000016,3930.00
213.650,3029.89,-61.29,0.125244,95.00,291.479248,3628.50,0.000090,6725.00
213.700,3923.99,-57.08,0.209773,100.00,1020.234497,4737.30,0.000100,10520.00
213.750,3459.43,-57.34,0.263481,65.00,795.601929,4351.09,0.000064,9085.00
213.800,2651.38,-62.26,0.171866,60.00,922.637573,3221.22,0.000039,4250.00
213.850,2078.26,-67.98,0.115404,45.00,753.734314,2185.48,0.000015,3550.00
213.900,1880.31,-69.91,0.117927,50.00,381.622101,2268.71,0.000007,3495.00
213.950,5248.56,-59.45,0.118539,50.00,307.371918,4652.20,0.000138,10590.00
214.000,6070.06,-56.53,0.128033,95.00,396.650055,4647.13,0.000283,11280.00
214.050,5312.59,-60.61,0.104965,95.00,408.606903,4693.77,0.000121,10715.00
214.100,1838.54,-70.97,0.098174,95.00,346.077850,2894.78,0.000008,3370.00
214.150,1741.40,-68.33,0.142084,95.00,449.854675,2196.70,0.000009,2930.00
214.200,3561.80,-57.23,0.149868,95.00,478.466064,4076.34,0.000174,8800.00
214.250,4649.77,-52.10,0.192509,95.00,704.960083,4413.55,0.000454,10280.00
214.300,5241.89,-53.36,0.144460,50.00,539.424377,4442.81,0.000515,10585.00
214.350,5288.63,-60.55,0.097707,50.00,578.517212,4510.13,0.000115,10560.00
214.400,2743.96,-66.49,0.110187,50.00,282.185699,3086.98,0.000019,4660.00
214.450,3027.99,-63.08,0.137455,50.00,358.796478,3324.60,0.000047,6860.00
214.500,5200.84,-56.85,0.145303,50.00,501.124908,4452.82,0.000228,10260.00
214.550,5858.64,-56.63,0.125158,100.00,506.086090,4543.04,0.000324,10970.00
214.600,4413.64,-63.06,0.099064,95.00,536.817444,4472.86,0.000074,9670.00
214.650,3774.28,-67.09,0.092917,95.00,187.272964,4587.02,0.000021,10230.00
214.700,3533.27,-66.65,0.103276,95.00,200.443253,4494.52,0.000020,9920.00
214.750,3903.91,-59.66,0.163642,95.00,653.708130,4847.43,0.000075,10660.00
214.800,3769.52,-57.13,0.277848,90.00,1075.867676,4819.23,0.000057,10535.00
214.850,3035.81,-59.37,0.258123,50.00,958.002319,4130.78,0.000035,8375.00
214.900,2133.88,-65.38,0.156595,45.00,1021.599976,2759.86,0.000019,4155.00
214.950,1723.79,-70.34,0.112844,45.00,507.304382,2366.08,0.000005,3340.00
215.000,4536.64,-63.29,0.103105,50.00,290.501740,4607.75,0.000055,9990.00
215.050,6147.67,-56.60,0.115277,50.00,460.037048,4580.33,0.000335,11140.00
215.100,6303.34,-56.63,0.107307,70.00,439.670715,4517.04,0.000360,11125.00
215.150,5832.25,-61.09,0.097155,70.00,320.821350,4636.10,0.000100,11080.00
215.200,2412.72,-66.26,0.107154,70.00,271.921082,3406.19,0.000024,5100.00
215.250,2420.04,-61.35,0.147690,70.00,444.895233,3116.86,0.000070,4040.00
215.300,4013.64,-53.40,0.192517,70.00,717.811707,4166.35,0.000343,9435.00
215.350,4771.06,-52.52,0.174570,75.00,471.328766,4359.02,0.000481,10250.00
215.400,5407.40,-57.09,0.098857,75.00,664.778259,4452.01,0.000322,10725.00
215.450,4639.67,-63.90,0.092688,75.00,280.826019,4612.33,0.000048,10655.00
215.500,2863.19,-65.74,0.106492,75.00,227.017731,3196.62,0.000026,5415.00
215.550,4937.26,-58.37,0.115564,75.00,252.238113,4073.78,0.000184,9705.00
215.600,6035.92,-55.65,0.120331,75.00,369.098846,4209.98,0.000366,10800.00
215.650,5257.50,-59.12,0.109606,70.00,345.859100,4183.98,0.000167,9945.00
215.700,2930.97,-67.15,0.102783,70.00,236.001404,3143.18,0.000021,5830.00
215.750,2619.64,-67.41,0.106370,70.00,199.656082,2850.10,0.000020,3830.00
215.800,3418.81,-61.09,0.126641,70.00,423.799103,4139.80,0.000083,8435.00
215.850,3950.64,-57.44,0.235780,65.00,976.164856,4845.08,0.000066,10750.00
215.900,3730.33,-59.26,0.249386,60.00,641.548462,4827.10,0.000035,10485.00
215.950,2711.07,-64.84,0.142208,55.00,969.431519,4089.46,0.000021,8350.00
216.000,1110.44,-73.14,0.104238,50.00,636.570801,2117.46,0.000003,2445.00
216.050,2284.61,-70.54,0.102619,50.00,253.314392,3716.60,0.000007,7210.00
216.100,5807.86,-59.24,0.105904,50.00,337.873444,4636.26,0.000158,10960.00
216.150,5039.18,-56.07,0.123361,95.00,490.376007,4447.81,0.000318,10170.00
216.200,3219.19,-59.94,0.130424,95.00,461.691437,3398.54,0.000112,7215.00
216.250,2436.22,-67.36,0.113345,95.00,395.785339,2121.83,0.000019,3520.00
216.300,2611.67,-67.94,0.094962,95.00,276.466858,2656.22,0.000019,3625.00
216.350,4198.98,-55.84,0.139595,95.00,637.842896,4364.04,0.000284,9845.00
216.400,4545.99,-52.25,0.195377,175.00,571.205994,4411.78,0.000440,10225.00
216.450,4552.39,-54.90,0.141712,50.00,663.105591,4376.49,0.000358,10175.00
216.500,2912.52,-62.63,0.125579,50.00,496.617157,3568.65,0.000052,6985.00
216.550,2775.14,-66.85,0.116743,50.00,273.157837,3550.68,0.000014,7395.00
216.600,5588.51,-62.29,0.109054,50.00,289.216156,4720.30,0.000063,10710.00
216.650,7100.98,-57.94,0.111474,90.00,422.633759,4378.99,0.000229,11390.00
216.700,6190.42,-57.35,0.113562,95.00,482.532684,4501.47,0.000251,10910.00
216.750,3404.92,-63.33,0.115786,95.00,368.648468,3692.14,0.000048,8020.00
216.800,2579.58,-68.94,0.108467,95.00,198.027145,2963.27,0.000010,3915.00
216.850,5358.08,-63.87,0.104901,95.00,226.288589,4762.51,0.000039,10780.00
216.900,4750.93,-57.88,0.191541,100.00,911.606506,4980.62,0.000086,10990.00
216.950,3884.45,-58.09,0.264557,65.00,816.573242,4862.00,0.000045,10555.00
217.000,2918.53,-63.92,0.183325,60.00,896.249084,4424.43,0.000017,9240.00
217.050,5278.12,-64.51,0.101911,50.00,800.070557,4695.11,0.000035,10520.00
217.100,6393.81,-61.55,0.102837,50.00,389.060822,4440.49,0.000076,10705.00
217.150,4972.63,-57.67,0.130909,50.00,408.108551,4430.58,0.000195,10080.00
217.200,5268.81,-55.08,0.140879,95.00,425.705048,4451.87,0.000355,10295.00
217.250,4989.43,-58.34,0.113353,95.00,519.334717,4447.27,0.000192,10085.00
217.300,3016.10,-66.08,0.103318,95.00,295.135071,3808.62,0.000023,7525.00
217.350,2808.00,-66.36,0.105047,95.00,154.333389,3792.75,0.000023,7030.00
217.400,3261.86,-58.91,0.136521,95.00,421.463043,3796.71,0.000131,7875.00
217.450,4184.10,-52.74,0.201959,95.00,737.307373,4212.00,0.000353,9590.00
217.500,5003.50,-52.75,0.162754,50.00,550.784485,4347.77,0.000483,10355.00
217.550,6222.05,-56.85,0.109296,50.00,666.400879,4302.01,0.000272,10705.00
217.600,5603.53,-62.07,0.106138,50.00,244.151291,4621.75,0.000064,10590.00
217.650,2728.74,-66.41,0.114010,50.00,234.988266,3909.31,0.000019,8040.00
217.700,5485.81,-58.74,0.118891,50.00,297.151794,4691.68,0.000156,10865.00
217.750,6313.63,-57.74,0.103782,95.00,358.438446,4633.46,0.000272,11390.00
217.800,5198.77,-63.70,0.087569,95.00,415.999542,4783.81,0.000062,10695.00
217.850,1622.37,-74.35,0.085712,95.00,151.994736,3023.77,0.000003,3055.00
217.900,1534.74,-73.21,0.090448,95.00,136.366501,2962.23,0.000005,2455.00
217.950,3632.46,-60.92,0.150459,95.00,566.035767,4721.91,0.000065,10255.00
218.000,3589.38,-58.11,0.267234,100.00,1052.757202,4816.45,0.000049,10455.00
218.050,3004.46,-61.51,0.252821,50.00,890.468933,4571.37,0.000019,9415.00
218.100,1703.81,-68.61,0.146698,45.00,987.235291,3217.28,0.000007,3260.00
218.150,1719.61,-70.38,0.114334,45.00,401.563263,2827.11,0.000005,3545.00
218.200,4652.63,-62.83,0.116048,50.00,241.259567,4483.30,0.000046,9730.00
218.250,6638.56,-57.68,0.112383,50.00,359.600128,4410.88,0.000233,11040.00
218.300,5875.46,-56.61,0.108359,95.00,459.852051,4408.67,0.000337,10690.00
218.350,3653.34,-61.35,0.111301,95.00,356.050140,3702.91,0.000093,8325.00
218.400,2899.06,-67.68,0.093440,95.00,290.417664,3045.72,0.000019,4035.00
218.450,3852.67,-64.71,0.088093,95.00,226.308609,4325.59,0.000047,9470.00
218.500,4562.83,-53.79,0.159191,95.00,760.539490,4391.36,0.000411,10000.00
218.550,4750.43,-51.84,0.190660,50.00,471.369598,4384.32,0.000513,10155.00
218.600,4251.52,-56.19,0.143302,50.00,722.605408,4267.13,0.000248,9645.00
218.650,2358.83,-65.26,0.135664,50.00,488.363342,3311.38,0.000021,6240.00
218.700,1978.70,-69.75,0.126417,50.00,280.508606,3073.07,0.000005,6070.00
218.750,5214.50,-62.33,0.109465,50.00,351.195496,4790.59,0.000072,10740.00
218.800,6506.48,-56.89,0.109254,50.00,374.960846,4519.84,0.000337,11480.00
218.850,5045.51,-57.87,0.109472,95.00,493.401978,4375.43,0.000262,10045.00
218.900,2744.41,-65.14,0.115112,95.00,364.952148,2872.13,0.000032,3980.00
218.950,2269.39,-70.41,0.099227,95.00,255.071228,2362.65,0.000006,3795.00
219.000,3755.62,-63.63,0.101071,95.00,404.457092,4715.35,0.000070,10275.00
219.050,3864.26,-57.56,0.223264,85.00,1047.489746,4844.82,0.000091,10670.00
219.100,3151.64,-58.33,0.287816,65.00,963.770630,4497.07,0.000044,9270.00
219.150,2962.52,-62.14,0.220170,50.00,1046.628662,4028.88,0.000019,8725.00
219.200,5817.25,-61.89,0.120257,50.00,851.498291,4687.16,0.000056,10765.00
219.250,5626.67,-61.08,0.113076,50.00,304.876617,4570.09,0.000085,10580.00
219.300,4723.54,-57.44,0.138257,50.00,423.151428,4328.21,0.000177,9755.00
219.350,5424.12,-56.03,0.127749,70.00,541.196655,4428.81,0.000303,10425.00
219.400,4848.30,-60.77,0.102083,70.00,479.534302,4345.55,0.000105,9770.00
219.450,2423.53,-67.34,0.100688,70.00,241.815582,3193.04,0.000020,5365.00
219.500,1809.72,-64.26,0.159755,70.00,637.159241,2390.62,0.000030,3370.00
219.550,2863.87,-56.14,0.214377,70.00,647.788147,3460.42,0.000147,6285.00
219.600,4007.68,-52.51,0.217516,75.00,762.307434,4108.56,0.000349,9185.00
219.650,4496.44,-54.79,0.143070,75.00,703.373108,4250.52,0.000356,9865.00
219.700,3787.73,-62.58,0.093521,75.00,558.517700,4016.20,0.000077,9000.00
219.750,3105.96,-67.77,0.094407,75.00,189.954926,3606.55,0.000016,7800.00
219.800,3565.81,-62.57,0.111265,75.00,268.026337,3659.25,0.000059,8015.00
219.850,5373.32,-56.37,0.127870,75.00,321.861542,4262.75,0.000253,10220.00
219.900,5623.69,-56.57,0.121356,75.00,395.801422,4329.79,0.000255,10540.00
219.950,3515.86,-62.71,0.115440,70.00,349.087128,3763.84,0.000054,7975.00
220.000,2109.63,-67.58,0.115332,70.00,230.583603,2624.29,0.000015,3600.00
220.050,2078.72,-65.19,0.125710,70.00,339.139465,2810.65,0.000041,3555.00
220.100,3159.67,-58.20,0.188626,65.00,861.276306,4204.93,0.000125,8420.00
220.150,3250.44,-57.65,0.280541,65.00,849.277161,4490.68,0.000063,9390.00
220.200,2560.81,-61.77,0.244094,50.00,944.205811,3904.99,0.000023,6395.00
220.250,1854.08,-68.17,0.140220,45.00,922.883667,2499.53,0.000010,3410.00
220.300,1935.50,-70.15,0.104616,45.00,385.653900,2159.29,0.000008,3465.00
220.350,4217.01,-60.82,0.107680,50.00,258.252167,4201.47,0.000109,9140.00
220.400,5786.98,-56.30,0.114676,90.00,380.716461,4506.57,0.000355,10890.00
220.450,5445.36,-58.26,0.106462,95.00,447.182770,4488.28,0.000224,10515.00
220.500,2698.87,-67.38,0.103989,95.00,315.975616,3219.84,0.000019,5745.00
220.550,1764.04,-72.06,0.104958,95.00,154.895996,1974.81,0.000003,3240.00
220.600,3447.43,-61.30,0.109528,95.00,282.571564,4064.80,0.000121,8505.00
220.650,4315.58,-53.09,0.181573,100.00,792.853699,4377.30,0.000485,9925.00
220.700,4494.45,-52.59,0.179057,50.00,443.739380,4308.82,0.000568,9970.00
220.750,4218.57,-57.85,0.120307,50.00,720.268372,4065.98,0.000204,9450.00
220.800,4806.60,-62.60,0.103373,50.00,328.265778,4532.54,0.000059,10445.00
220.850,4522.65,-62.75,0.106945,50.00,195.557373,4441.49,0.000052,10135.00
220.900,5298.23,-59.24,0.106301,50.00,258.086243,4565.96,0.000153,10460.00
220.950,5601.47,-56.01,0.118038,95.00,454.224213,4535.39,0.000332,10815.00
221.000,3973.80,-59.01,0.129413,95.00,411.861969,4103.45,0.000127,8865.00
221.050,2570.91,-67.25,0.119660,95.00,336.452332,2949.70,0.000015,4305.00
221.100,2875.10,-67.69,0.108053,95.00,229.198395,3332.72,0.000015,7720.00
221.150,4641.40,-59.79,0.124844,95.00,577.407166,4819.40,0.000103,10595.00
221.200,4516.64,-56.94,0.245969,90.00,985.312744,4975.33,0.000071,10855.00
221.250,3556.85,-57.80,0.277655,50.00,1012.072632,4524.01,0.000045,9770.00
221.300,2453.74,-62.99,0.194567,50.00,946.854187,3216.26,0.000023,4070.00
221.350,1987.07,-70.54,0.104368,50.00,746.456726,2233.13,0.000007,3430.00
221.400,3770.42,-67.92,0.096533,50.00,236.685349,4435.17,0.000012,9065.00
221.450,5754.42,-57.93,0.113549,50.00,435.312378,4511.45,0.000193,10860.00
221.500,5213.24,-56.30,0.132193,95.00,459.592529,4324.27,0.000245,10175.00
221.550,3534.91,-61.68,0.112917,95.00,464.021973,3676.74,0.000074,7805.00
221.600,1888.80,-69.48,0.106575,95.00,289.583588,2440.42,0.000008,3765.00
221.650,2203.71,-65.18,0.131256,95.00,343.750244,2924.89,0.000031,4000.00
221.700,3744.71,-54.75,0.170905,100.00,728.469910,4160.89,0.000336,9035.00
221.750,4401.37,-52.25,0.194228,160.00,532.234436,4344.02,0.000496,9920.00
221.800,5119.03,-55.29,0.120467,50.00,741.670227,4399.49,0.000423,10440.00
221.850,6360.25,-60.69,0.102283,50.00,389.149658,4461.03,0.000101,10815.00
221.900,5569.71,-65.92,0.102283,50.00,138.262177,4726.32,0.000023,10620.00
221.950,5072.17,-64.53,0.103074,50.00,163.737656,4797.39,0.000035,10505.00
222.000,6669.70,-58.22,0.105299,95.00,349.262726,4529.60,0.000233,11625.00
222.050,6084.28,-58.90,0.101334,95.00,372.034302,4610.41,0.000204,11095.00
222.100,2681.04,-64.32,0.117208,95.00,394.205109,3501.75,0.000038,6980.00
222.150,2039.68,-67.16,0.131681,95.00,333.981018,2396.20,0.000015,3360.00
222.200,2933.35,-62.07,0.127282,95.00,392.925262,3495.92,0.000069,6370.00
222.250,3697.10,-57.31,0.219255,90.00,1040.240723,4527.08,0.000089,9815.00
222.300,3268.58,-57.73,0.288816,65.00,995.217834,4494.44,0.000046,9405.00
222.350,2665.62,-61.86,0.220452,50.00,1031.947998,3674.61,0.000024,6295.00
222.400,2746.38,-64.76,0.131158,45.00,880.458252,3168.93,0.000026,5865.00
222.450,2831.30,-66.12,0.119714,50.00,360.185547,3048.07,0.000021,5655.00
222.500,4737.97,-59.25,0.125807,50.00,376.018097,4338.61,0.000133,9800.00
222.550,5832.05,-56.31,0.123086,95.00,450.332306,4536.54,0.000316,11020.00
222.600,4864.41,-59.76,0.120286,95.00,522.940063,4401.54,0.000112,9910.00
222.650,2419.76,-67.81,0.118316,95.00,293.899780,2892.64,0.000012,4280.00
222.700,2323.47,-68.03,0.117299,95.00,251.710480,2651.40,0.000010,4330.00
222.750,3626.66,-58.03,0.141965,95.00,453.016327,4062.33,0.000142,8690.00
222.800,4325.47,-52.56,0.199956,95.00,711.733521,4313.72,0.000363,9870.00
222.850,4582.05,-53.86,0.153164,50.00,533.930969,4297.36,0.000404,10090.00
222.900,3546.25,-60.60,0.115450,50.00,604.802429,3798.27,0.000100,8325.00
222.950,2136.96,-68.47,0.122882,50.00,329.353394,2145.29,0.000011,3435.00
223.000,2735.73,-66.79,0.112529,50.00,256.325562,3167.01,0.000021,5025.00
223.050,6031.98,-58.93,0.106440,50.00,424.631683,4611.08,0.000187,11160.00
223.100,5406.15,-56.87,0.122109,100.00,496.417847,4457.86,0.000283,10550.00
223.150,3508.23,-61.63,0.130397,95.00,488.362885,3542.87,0.000070,7770.00
223.200,2365.64,-68.38,0.117839,95.00,411.959900,2097.65,0.000013,3360.00
223.250,2458.54,-68.26,0.103680,95.00,324.525024,2546.45,0.000018,3445.00
223.300,3672.97,-60.01,0.153759,100.00,773.980774,4627.94,0.000074,10030.00
223.350,3468.30,-57.86,0.261939,65.00,926.247986,4659.23,0.000052,10015.00
223.400,2724.40,-60.73,0.248159,60.00,997.332153,4026.71,0.000026,7290.00
223.450,1990.28,-66.86,0.164715,50.00,951.256592,2814.32,0.000011,3480.00
223.500,2114.89,-68.71,0.121773,50.00,602.533997,2778.31,0.000009,3680.00
223.550,4527.78,-61.52,0.113269,50.00,308.621979,4433.85,0.000075,9940.00
223.600,6112.26,-56.50,0.111452,50.00,488.490082,4531.71,0.000344,11025.00
223.650,5275.16,-56.94,0.118825,70.00,495.287323,4439.18,0.000263,10245.00
223.700,2913.77,-64.33,0.114984,70.00,320.053864,3439.43,0.000036,6705.00
223.750,1828.90,-69.89,0.121132,70.00,245.338379,2338.67,0.000006,3440.00
223.800,2758.61,-62.53,0.143269,70.00,354.733429,3521.09,0.000046,6325.00
223.850,4015.62,-54.11,0.187689,75.00,714.819641,4203.96,0.000286,9495.00
223.900,4430.33,-52.95,0.178872,75.00,411.174408,4256.47,0.000415,9880.00
223.950,4279.70,-57.66,0.107829,75.00,685.919250,4160.24,0.000256,9620.00
224.000,2567.23,-66.14,0.105245,75.00,354.390961,3090.99,0.000025,5595.00
224.050,3914.85,-63.57,0.098659,75.00,191.967163,3968.16,0.000063,8930.00
224.100,6476.47,-59.63,0.096360,75.00,251.848648,4561.30,0.000254,11585.00
224.150,6652.88,-56.53,0.108733,75.00,325.258118,4517.05,0.000521,11750.00
224.200,5079.79,-59.33,0.119894,70.00,362.959229,4569.54,0.000193,10255.00
224.250,2182.54,-68.15,0.111022,70.00,245.116180,2951.10,0.000014,4190.00
224.300,1990.61,-68.78,0.113105,70.00,350.794586,2323.25,0.000007,3920.00
224.350,3077.30,-61.24,0.130074,70.00,447.668213,4045.56,0.000075,7985.00
224.400,3621.68,-56.92,0.230841,70.00,880.261597,4591.18,0.000087,10005.00
224.450,3120.70,-58.13,0.277189,55.00,956.992737,4215.29,0.000043,8360.00
224.500,2369.20,-63.72,0.188627,50.00,969.200867,3106.76,0.000019,4075.00
224.550,2251.04,-67.35,0.112094,45.00,743.582642,2563.71,0.000017,3310.00
224.600,2467.47,-65.03,0.119085,50.00,348.746887,2837.42,0.000038,3940.00
224.650,4750.83,-56.95,0.122760,50.00,407.437073,4442.49,0.000293,10050.00
224.700,5151.24,-55.69,0.129125,95.00,445.320679,4538.55,0.000391,10460.00
224.750,3626.23,-60.31,0.121575,95.00,439.236633,3887.57,0.000114,8270.00
224.800,2208.44,-67.55,0.111840,95.00,288.249512,2380.70,0.000016,3835.00
224.850,2259.71,-67.88,0.105282,95.00,314.004242,2576.24,0.000019,3870.00
224.900,4007.01,-56.38,0.135625,95.00,568.605591,4290.02,0.000283,9670.00
224.950,4494.16,-52.33,0.192957,160.00,626.998779,4382.47,0.000460,10135.00
225.000,4522.34,-54.78,0.144219,50.00,592.182312,4309.28,0.000361,10035.00
225.050,3272.44,-62.95,0.114462,50.00,510.523773,3670.19,0.000054,7705.00
225.100,2682.85,-68.24,0.112767,50.00,221.852844,2859.93,0.000013,3990.00
225.150,4015.60,-63.88,0.104323,50.00,261.458923,4084.00,0.000049,8835.00
225.200,6597.05,-58.54,0.107297,90.00,413.037781,4520.16,0.000211,11500.00
225.250,6013.10,-57.51,0.111658,95.00,475.943939,4376.29,0.000255,10995.00
225.300,3738.78,-62.12,0.117181,95.00,329.293457,3335.32,0.000069,7615.00
225.350,4450.33,-62.35,0.110035,95.00,209.224518,3633.58,0.000060,8935.00
225.400,6140.04,-60.76,0.109466,95.00,265.074310,4112.29,0.000094,10120.00
225.450,5018.16,-56.78,0.191339,90.00,957.826538,4778.38,0.000117,10525.00
225.500,4004.83,-56.77,0.285889,85.00,998.567444,4744.26,0.000055,10035.00
225.550,3156.15,-60.77,0.222490,50.00,977.062805,4065.96,0.000029,8390.00
225.600,2437.27,-67.11,0.123016,45.00,911.287842,3115.99,0.000015,4675.00
225.650,1887.07,-71.34,0.106730,50.00,381.161011,2707.75,0.000005,3835.00
225.700,4755.86,-61.39,0.117485,50.00,303.604736,4572.50,0.000076,10070.00
225.750,5881.61,-56.50,0.127802,95.00,449.094238,4598.56,0.000269,11025.00
225.800,6061.63,-57.35,0.117993,95.00,410.793396,4594.04,0.000229,11030.00
225.850,6731.11,-59.50,0.110183,95.00,296.549011,4586.52,0.000129,11245.00
225.900,6617.50,-60.33,0.108714,95.00,167.932663,4650.33,0.000106,11300.00
225.950,4304.26,-57.55,0.126711,95.00,397.949829,4252.52,0.000208,9950.00
226.000,4217.14,-52.68,0.190940,95.00,728.727783,4199.94,0.000424,9575.00
226.050,4500.80,-52.98,0.164613,50.00,502.842743,4191.33,0.000493,9805.00
226.100,4075.45,-58.78,0.115601,50.00,657.369690,3798.85,0.000171,8835.00
226.150,3110.31,-66.09,0.114462,50.00,308.793457,2986.92,0.000020,5360.00
226.200,3030.47,-66.97,0.118561,50.00,208.335770,3211.23,0.000016,6290.00
226.250,5332.42,-58.55,0.118847,50.00,301.304413,4369.52,0.000179,10260.00
226.300,6075.98,-56.80,0.113322,95.00,404.438477,4406.89,0.000328,10965.00
226.350,4886.53,-61.02,0.102872,95.00,415.619537,4273.17,0.000113,9795.00
226.400,2683.21,-67.56,0.103374,95.00,249.672302,3086.02,0.000017,5865.00
226.450,2366.10,-68.29,0.099105,95.00,182.281754,2863.38,0.000020,3785.00
226.500,3595.22,-60.42,0.142627,100.00,602.362793,4590.17,0.000092,9660.00
226.550,3661.22,-58.09,0.256261,100.00,938.666870,4806.55,0.000057,10450.00
226.600,2959.37,-61.37,0.242548,60.00,905.995850,4484.00,0.000024,8900.00
226.650,2022.56,-67.91,0.154991,50.00,913.110840,3419.13,0.000008,4340.00
226.700,4458.77,-64.03,0.101134,50.00,533.744812,4384.05,0.000042,9810.00
226.750,6383.12,-60.52,0.104460,50.00,201.920212,4484.22,0.000118,10920.00
226.800,7009.50,-57.60,0.105688,50.00,306.346283,4414.28,0.000294,11400.00
226.850,6355.82,-56.88,0.101435,95.00,431.315063,4529.57,0.000373,11215.00
226.900,3942.98,-61.56,0.111296,95.00,365.968353,4013.12,0.000084,9225.00
226.950,2241.48,-70.24,0.097855,95.00,218.582840,2578.14,0.000008,3755.00
227.000,2599.71,-68.06,0.089000,95.00,259.878021,3488.81,0.000019,6225.00
227.050,3710.25,-55.93,0.160344,95.00,728.726318,3971.45,0.000235,8775.00
227.100,4058.59,-53.15,0.200104,50.00,495.042603,3975.60,0.000341,9060.00
227.150,4043.80,-56.48,0.140531,50.00,703.561218,3824.12,0.000221,8875.00
227.200,2553.23,-64.70,0.118068,50.00,426.638977,3191.77,0.000024,6050.00
227.250,1979.27,-70.59,0.108734,50.00,263.520813,3348.40,0.000006,4550.00
227.300,4714.60,-66.50,0.105011,50.00,219.055954,4748.21,0.000018,10395.00
227.350,4842.25,-64.33,0.095659,50.00,306.101807,4656.22,0.000042,10285.00
227.400,3584.55,-66.63,0.089468,95.00,410.382721,4262.24,0.000026,9320.00
227.450,2116.09,-72.22,0.089473,95.00,176.921997,3389.56,0.000005,5425.00
227.500,1897.77,-74.36,0.086738,95.00,98.440712,3175.79,0.000003,4625.00
227.550,1236.56,-73.16,0.097386,95.00,230.797028,2366.24,0.000003,2340.00
227.600,934.05,-69.64,0.211927,90.00,966.941528,1873.65,0.000003,1615.00
227.650,905.62,-69.43,0.266268,60.00,749.698853,1947.32,0.000002,1520.00
227.700,1203.89,-71.40,0.160277,55.00,927.848572,2456.31,0.000002,2800.00
227.750,1959.63,-68.23,0.116153,50.00,791.388977,2584.11,0.000012,3480.00
227.800,2091.55,-67.16,0.131080,50.00,369.498322,2250.62,0.000012,3315.00
227.850,1869.13,-68.99,0.122306,50.00,423.391083,2029.80,0.000007,3180.00
227.900,1753.92,-69.51,0.108193,70.00,512.256226,2109.68,0.000007,3325.00
227.950,1918.91,-69.93,0.104854,70.00,387.718231,2273.02,0.000005,4060.00
228.000,1750.66,-69.63,0.112146,70.00,210.051895,2324.29,0.000006,3815.00
228.050,2249.60,-65.78,0.125570,70.00,262.790436,2739.19,0.000019,4015.00
228.100,2627.91,-64.47,0.137732,70.00,367.217316,2861.41,0.000021,5665.00
228.150,2598.08,-65.81,0.131854,75.00,320.187134,2746.78,0.000015,5355.00
228.200,2672.04,-66.37,0.119970,75.00,434.819061,2664.96,0.000017,5030.00
228.250,2525.26,-66.86,0.118204,75.00,226.923843,2559.47,0.000014,4115.00
228.300,2248.87,-69.71,0.107471,75.00,256.926544,2485.27,0.000005,3870.00
228.350,1641.83,-73.53,0.101743,75.00,185.985229,2294.57,0.000002,3600.00
228.400,1803.09,-69.37,0.110627,75.00,300.543335,2487.10,0.000010,3410.00
228.450,2163.18,-65.67,0.127276,70.00,378.674683,2601.27,0.000025,3510.00
228.500,2330.59,-66.51,0.121506,70.00,266.227051,2532.28,0.000021,3515.00
228.550,2223.41,-68.70,0.114904,70.00,242.662033,2335.83,0.000011,3320.00
228.600,1907.55,-69.40,0.109101,70.00,229.927719,2290.83,0.000009,3180.00
228.650,1956.25,-64.02,0.158245,70.00,770.351196,2885.95,0.000025,3860.00
228.700,2062.67,-60.93,0.269456,70.00,851.772034,2987.31,0.000023,4190.00
228.750,2964.28,-59.71,0.226817,60.00,714.282593,3760.35,0.000039,8185.00
228.800,5118.32,-59.30,0.141641,95.00,900.385620,4756.25,0.000092,10825.00
228.850,5939.23,-60.00,0.135717,95.00,442.297119,4903.78,0.000080,11430.00
228.900,4950.11,-59.66,0.139148,95.00,207.417526,4741.91,0.000083,11000.00
228.950,5333.50,-56.20,0.138621,95.00,422.639099,4520.05,0.000247,10525.00
229.000,5234.84,-57.75,0.105112,95.00,385.017212,4472.87,0.000271,10320.00
229.050,4442.95,-63.00,0.089956,95.00,356.154266,4348.61,0.000073,9780.00
229.100,5987.05,-60.87,0.090663,95.00,135.476791,4596.36,0.000126,11050.00
229.150,5167.45,-58.73,0.096301,190.00,220.171539,4627.08,0.000250,10890.00
229.200,4228.67,-53.37,0.183214,190.00,783.479187,4268.96,0.000397,9705.00
229.250,4355.94,-52.69,0.189704,50.00,403.950806,4241.90,0.000452,9800.00
229.300,3944.57,-57.79,0.121060,50.00,717.436401,3960.00,0.000209,8955.00
229.350,2534.30,-66.58,0.107946,50.00,338.289978,3034.72,0.000021,4590.00
229.400,2819.68,-66.21,0.111638,50.00,145.679565,3487.67,0.000020,6795.00
229.450,4368.34,-57.56,0.128630,50.00,376.383087,4115.59,0.000203,9170.00
229.500,5010.41,-55.38,0.139245,95.00,369.747162,4307.85,0.000321,9920.00
229.550,4384.12,-59.40,0.114947,95.00,440.287659,4188.83,0.000140,9175.00
229.600,2642.12,-67.34,0.106361,95.00,260.088226,3251.30,0.000016,5325.00
229.650,3034.29,-67.62,0.106443,95.00,128.528625,3670.52,0.000014,7470.00
229.700,4393.47,-59.15,0.128231,95.00,469.157501,4569.67,0.000119,10005.00
229.750,3900.61,-55.71,0.233803,90.00,949.493042,4529.03,0.000113,9850.00
229.800,3155.63,-58.21,0.235472,60.00,712.413879,4110.83,0.000057,8105.00
229.850,2342.31,-64.46,0.137288,55.00,899.532104,3111.62,0.000029,3770.00
229.900,2176.76,-67.90,0.109973,50.00,559.500305,2806.54,0.000015,3695.00
229.950,3101.75,-65.71,0.109280,50.00,241.688385,3897.64,0.000031,7790.00
230.000,5141.15,-57.48,0.129616,50.00,447.299103,4632.06,0.000248,10520.00
230.050,5049.20,-56.48,0.141638,95.00,377.117554,4611.63,0.000280,10380.00
230.100,3467.45,-61.76,0.120406,95.00,523.551208,4026.84,0.000077,8190.00
230.150,2523.27,-66.25,0.117797,95.00,279.937531,2973.18,0.000019,4825.00
230.200,2991.96,-63.73,0.119223,95.00,216.411865,3191.21,0.000044,5680.00
230.250,4019.99,-55.15,0.159403,95.00,622.669922,4181.67,0.000281,9480.00
230.300,4406.87,-52.31,0.196301,100.00,556.407288,4298.86,0.000432,9915.00
230.350,4343.41,-55.48,0.139124,50.00,692.258057,4173.71,0.000320,9605.00
230.400,3145.63,-62.83,0.119448,50.00,449.079773,3430.11,0.000052,6585.00
230.450,4006.05,-62.14,0.121332,50.00,188.155914,4113.86,0.000057,9655.00
230.500,5382.82,-59.18,0.119368,50.00,197.354706,4645.06,0.000136,10975.00
230.550,5987.81,-55.78,0.123078,95.00,382.060760,4663.50,0.000364,11230.00
230.600,4993.91,-56.43,0.137803,95.00,515.504700,4430.37,0.000250,10250.00
230.650,3158.16,-62.68,0.131362,95.00,316.096130,3380.35,0.000046,6695.00
230.700,2544.00,-66.91,0.120566,95.00,318.346863,2947.25,0.000013,5870.00
230.750,2994.20,-63.76,0.121589,95.00,233.659622,3835.11,0.000041,7045.00
230.800,3706.63,-57.79,0.198959,100.00,928.821106,4639.65,0.000091,10195.00
230.850,3406.22,-57.33,0.260852,65.00,800.437622,4470.91,0.000063,9440.00
230.900,2666.18,-61.81,0.169815,60.00,851.903076,3673.54,0.000040,6130.00
230.950,2206.86,-65.46,0.110457,45.00,738.057434,2761.31,0.000034,3740.00
231.000,2421.57,-65.76,0.120394,50.00,377.540527,2761.52,0.000023,4010.00
231.050,4421.39,-59.36,0.118642,50.00,278.956909,4256.82,0.000126,9350.00
231.100,5398.00,-56.15,0.128684,95.00,407.574951,4473.23,0.000278,10415.00
231.150,4212.76,-58.56,0.130302,95.00,477.012817,4291.26,0.000144,9135.00
231.200,2210.28,-65.70,0.125862,95.00,369.390625,2753.89,0.000024,3660.00
231.250,2214.89,-67.39,0.122587,95.00,326.399353,2410.27,0.000011,3630.00
231.300,3425.46,-58.87,0.134860,95.00,372.001343,3938.19,0.000134,8180.00
231.350,4233.95,-53.18,0.192459,95.00,695.690857,4315.64,0.000352,9710.00
231.400,4526.50,-53.88,0.158450,50.00,521.212402,4335.10,0.000392,9915.00
231.450,4035.46,-60.93,0.111368,50.00,613.667725,4258.76,0.000088,9530.00
231.500,2176.34,-70.60,0.110822,50.00,182.361725,3314.13,0.000005,5150.00
231.550,3163.51,-66.35,0.113509,50.00,69.421585,3890.15,0.000023,7670.00
231.600,5171.32,-57.17,0.125812,50.00,372.514221,4449.95,0.000289,10250.00
231.650,4855.64,-55.30,0.143808,100.00,428.088074,4331.10,0.000411,9870.00
231.700,3826.49,-60.06,0.123851,95.00,481.752014,4000.15,0.000132,8675.00
231.750,4724.07,-62.17,0.111223,95.00,324.480164,4485.88,0.000053,10530.00
231.800,4812.17,-62.80,0.112205,95.00,104.689522,4601.74,0.000046,10575.00
231.850,3791.67,-59.24,0.159183,100.00,640.530884,4645.69,0.000088,10210.00
231.900,3171.80,-56.82,0.263307,100.00,1030.529053,4345.87,0.000075,8855.00
231.950,2574.33,-59.87,0.238170,60.00,879.331360,3811.67,0.000037,6155.00
232.000,2067.43,-65.85,0.137477,45.00,965.726807,2817.24,0.000020,3545.00
232.050,2149.27,-67.05,0.112790,45.00,404.582794,2796.97,0.000016,3925.00
232.100,3580.14,-62.34,0.115331,50.00,277.656830,4046.26,0.000056,8475.00
232.150,5473.36,-56.61,0.126360,50.00,444.116974,4557.78,0.000241,10670.00
232.200,5313.14,-57.08,0.116826,70.00,488.832886,4562.67,0.000242,10500.00
232.250,2931.74,-63.22,0.117131,70.00,407.800385,3508.11,0.000047,6860.00
232.300,2632.11,-65.16,0.118477,70.00,215.027298,2865.86,0.000027,4405.00
232.350,3130.95,-61.71,0.115183,70.00,278.278442,3340.52,0.000087,6135.00
232.400,4278.14,-53.90,0.168259,70.00,653.694092,4232.02,0.000354,9760.00
232.450,4541.57,-52.47,0.183469,75.00,445.216522,4290.32,0.000462,10005.00
232.500,4202.62,-56.88,0.129513,75.00,643.248596,4082.95,0.000243,9445.00
232.550,2707.63,-64.85,0.116124,75.00,354.253998,2992.68,0.000032,4580.00
232.600,2353.23,-67.27,0.112673,75.00,209.469406,2691.21,0.000015,3785.00
232.650,4525.07,-59.40,0.113250,75.00,281.165985,4345.33,0.000138,9675.00
232.700,5704.58,-55.62,0.125282,75.00,344.693481,4481.04,0.000335,10730.00
232.750,5320.07,-58.25,0.105200,70.00,371.044373,4546.29,0.000215,10490.00
232.800,2877.63,-63.96,0.112181,70.00,326.512268,3666.68,0.000042,7490.00
232.850,2368.07,-65.17,0.128739,70.00,243.812714,2967.68,0.000024,4220.00
232.900,2844.96,-61.68,0.133491,70.00,392.641388,3729.09,0.000070,6725.00
232.950,3427.54,-57.62,0.231131,70.00,903.215576,4456.50,0.000075,9505.00
233.000,3216.41,-58.24,0.255673,65.00,724.842468,4289.84,0.000049,8770.00
233.050,2409.69,-62.87,0.172994,55.00,984.104919,3321.43,0.000029,4230.00
233.100,2064.84,-66.56,0.131070,50.00,673.579529,2514.88,0.000017,3630.00
233.150,2238.24,-66.20,0.125078,50.00,298.363464,2874.98,0.000020,3995.00
233.200,4991.82,-57.95,0.128033,50.00,403.929443,4535.73,0.000180,10230.00
233.250,5404.96,-56.20,0.136247,95.00,389.106354,4530.40,0.000266,10560.00
233.300,3896.03,-60.33,0.115321,95.00,465.535400,4066.09,0.000112,8740.00
233.350,2174.24,-66.97,0.120332,95.00,344.752380,2574.76,0.000017,3640.00
233.400,1981.26,-68.04,0.115024,95.00,240.958420,2619.56,0.000019,3605.00
233.450,4020.40,-56.32,0.136612,95.00,576.655518,4342.22,0.000326,9630.00
233.500,4519.96,-52.21,0.192152,170.00,632.820129,4393.25,0.000541,10090.00
233.550,4620.03,-54.70,0.139552,50.00,579.199463,4394.65,0.000435,10200.00
233.600,3382.78,-63.60,0.110792,50.00,522.412170,4125.85,0.000043,8840.00
233.650,1534.96,-72.73,0.110387,50.00,124.491493,2555.40,0.000002,3600.00
233.700,3584.40,-63.99,0.114459,50.00,121.922203,4227.43,0.000033,8820.00
233.750,5160.59,-56.58,0.131902,50.00,464.864471,4563.21,0.000236,10320.00
233.800,4704.87,-56.27,0.140826,95.00,490.832947,4439.00,0.000238,9805.00
233.850,2825.12,-62.75,0.127604,95.00,427.492218,3385.36,0.000052,6405.00
233.900,1994.48,-68.19,0.122579,95.00,270.940826,2423.87,0.000009,3485.00
233.950,3099.90,-64.19,0.118113,95.00,216.796158,3807.68,0.000033,7910.00
234.000,3992.80,-57.54,0.188968,90.00,844.861023,4611.24,0.000097,9930.00
234.050,3465.80,-56.99,0.267852,65.00,825.830383,4490.84,0.000062,9405.00
234.100,2533.87,-62.53,0.216455,50.00,988.901489,3980.81,0.000019,6785.00
234.150,1774.70,-66.95,0.148796,50.00,854.541565,2675.50,0.000013,3265.00
234.200,1951.67,-66.74,0.140580,50.00,401.561371,2587.81,0.000013,3515.00
234.250,3802.97,-60.67,0.128181,50.00,340.952240,4186.79,0.000073,8840.00
234.300,5836.96,-56.54,0.123160,95.00,443.095612,4582.55,0.000247,10865.00
234.350,5986.21,-57.57,0.114595,95.00,393.441193,4573.82,0.000202,10875.00
234.400,5093.59,-60.24,0.111214,95.00,258.051941,4467.07,0.000101,10355.00
234.450,3999.23,-61.20,0.116003,95.00,215.556030,3916.73,0.000075,9240.00
234.500,3257.36,-59.71,0.132839,95.00,317.358643,3598.88,0.000107,7110.00
234.550,4067.01,-53.44,0.195010,95.00,739.072632,4185.47,0.000311,9455.00
234.600,4346.02,-53.18,0.175639,50.00,506.113464,4234.17,0.000391,9765.00
234.650,3834.78,-58.59,0.125789,50.00,706.572449,3942.59,0.000151,8775.00
234.700,2577.78,-65.77,0.117264,50.00,291.239014,2805.47,0.000024,4170.00
234.750,2503.41,-66.26,0.117122,50.00,179.249786,2848.58,0.000020,4105.00
234.800,4902.89,-58.31,0.120650,50.00,302.628265,4488.08,0.000163,10100.00
234.850,5406.01,-55.90,0.127577,95.00,392.855255,4551.66,0.000309,10575.00
234.900,4630.23,-59.89,0.103883,95.00,490.671722,4461.04,0.000142,9765.00
234.950,3294.24,-64.05,0.114064,95.00,408.608856,3795.08,0.000035,8760.00
235.000,2722.31,-66.27,0.100045,95.00,310.727783,3342.60,0.000030,6125.00
235.050,3930.46,-60.86,0.142073,95.00,547.549255,4784.77,0.000073,10580.00
235.100,3750.69,-57.06,0.249736,95.00,940.313721,4740.69,0.000078,10465.00
235.150,2995.51,-59.25,0.260382,50.00,895.668457,4241.59,0.000038,8265.00
235.200,2236.94,-64.94,0.161388,45.00,984.967346,3302.89,0.000017,4525.00
235.250,4215.10,-63.01,0.115557,45.00,479.756500,4495.96,0.000043,10030.00
235.300,5762.47,-61.12,0.116795,50.00,244.360611,4785.30,0.000073,11025.00
235.350,6177.23,-56.76,0.130162,95.00,335.418793,4623.31,0.000223,11270.00
235.400,5525.25,-56.71,0.139161,95.00,408.368744,4512.79,0.000210,10675.00
235.450,3607.63,-63.02,0.124741,95.00,341.400177,3941.61,0.000042,8245.00
235.500,2326.33,-69.90,0.115894,95.00,232.940338,3182.41,0.000006,5035.00
235.550,3014.19,-66.32,0.113309,95.00,116.480057,3853.67,0.000019,7535.00
235.600,4201.17,-54.94,0.154653,95.00,669.730103,4267.02,0.000313,9695.00
235.650,4467.94,-52.43,0.186478,95.00,538.360535,4254.80,0.000456,9910.00
235.700,4416.88,-56.15,0.126086,50.00,657.393982,4217.22,0.000307,9820.00
235.750,2847.92,-65.35,0.106083,50.00,403.917908,3781.16,0.000029,7355.00
235.800,3892.50,-66.07,0.102746,50.00,202.507797,4462.36,0.000021,9855.00
235.850,5823.06,-60.80,0.107312,50.00,174.897766,4682.27,0.000096,11180.00
235.900,6404.02,-57.40,0.118970,50.00,413.400848,4604.37,0.000239,11445.00
235.950,5911.13,-59.50,0.115777,95.00,464.438049,4672.41,0.000129,11140.00
236.000,3087.15,-67.39,0.116969,95.00,303.970245,3925.75,0.000012,7805.00
236.050,2231.34,-71.02,0.119486,95.00,116.805771,3241.64,0.000004,4935.00
236.100,3481.73,-64.35,0.121758,95.00,227.857681,4510.46,0.000043,9420.00
236.150,3831.83,-58.10,0.207932,95.00,877.728699,4854.43,0.000096,10710.00
236.200,3369.77,-58.95,0.275687,50.00,1019.005920,4732.31,0.000044,10060.00
236.250,2345.78,-64.37,0.214122,50.00,881.792236,3925.23,0.000012,6350.00
236.300,1941.86,-65.73,0.140818,45.00,868.801575,2661.73,0.000020,3455.00
236.350,2007.15,-65.69,0.137276,50.00,316.979980,2488.21,0.000022,3390.00
236.400,4379.14,-58.52,0.130685,50.00,376.676849,4292.30,0.000140,9480.00
236.450,5555.31,-56.33,0.121966,70.00,484.685791,4551.72,0.000282,10680.00
236.500,4623.03,-59.96,0.110753,70.00,429.661133,4440.81,0.000113,9750.00
236.550,2278.25,-66.24,0.115424,70.00,226.922958,2908.87,0.000019,4430.00
236.600,2505.71,-64.66,0.120738,70.00,254.008820,2856.95,0.000032,4210.00
236.650,3786.58,-57.49,0.134248,70.00,410.890808,4061.84,0.000191,8860.00
236.700,4408.87,-52.71,0.190063,75.00,632.197571,4293.78,0.000381,9920.00
236.750,4551.45,-53.79,0.153309,75.00,476.876587,4222.69,0.000407,9880.00
236.800,3427.74,-60.04,0.115045,75.00,525.111084,3612.15,0.000127,7760.00
236.850,3707.70,-61.40,0.111699,75.00,224.918121,3911.20,0.000080,9030.00
236.900,5477.27,-60.50,0.111644,75.00,233.800980,4728.54,0.000095,10955.00
236.950,6045.20,-56.85,0.117481,75.00,286.186005,4565.15,0.000268,11310.00
237.000,5448.94,-56.30,0.126966,75.00,360.796478,4411.38,0.000293,10650.00
237.050,3695.80,-61.74,0.114451,70.00,319.491516,3778.55,0.000081,8025.00
237.100,2572.58,-67.29,0.104883,70.00,242.619003,2820.05,0.000018,4255.00
237.150,2658.74,-67.70,0.099248,70.00,167.258499,3453.67,0.000018,5590.00
237.200,3893.26,-58.82,0.158404,65.00,774.702332,4681.16,0.000096,10395.00
237.250,3500.86,-56.40,0.272184,65.00,817.647705,4469.91,0.000073,9470.00
237.300,3246.40,-58.46,0.257451,50.00,871.836060,4178.01,0.000044,8930.00
237.350,5044.06,-59.47,0.159664,45.00,933.708252,4800.46,0.000066,10875.00
237.400,6144.82,-60.13,0.117528,45.00,443.616394,4874.84,0.000096,11470.00
237.450,5107.35,-59.90,0.118789,50.00,218.762558,4764.41,0.000123,11095.00
237.500,5473.38,-56.15,0.125667,100.00,417.816559,4517.47,0.000355,10595.00
237.550,5401.94,-57.68,0.102179,95.00,378.417816,4459.93,0.000335,10485.00
237.600,4430.45,-63.02,0.088900,95.00,334.956024,4295.34,0.000074,9660.00
237.650,6017.54,-60.93,0.092051,95.00,140.764008,4602.27,0.000119,11095.00
237.700,5233.10,-58.81,0.097660,95.00,218.276993,4654.46,0.000216,10950.00
237.750,4267.28,-53.58,0.172890,95.00,748.415100,4339.34,0.000387,9880.00
237.800,4382.67,-52.76,0.180711,50.00,438.534058,4262.27,0.000451,9820.00
237.850,3944.91,-57.66,0.117393,50.00,690.332703,3951.67,0.000234,8975.00
237.900,2576.64,-66.40,0.104334,50.00,346.558014,3043.99,0.000024,4635.00
237.950,2797.82,-66.63,0.105730,50.00,144.478638,3454.48,0.000021,6725.00
238.000,4480.96,-57.75,0.121708,50.00,383.857666,4158.35,0.000242,9400.00
238.050,5242.93,-55.08,0.136372,95.00,405.729309,4345.57,0.000408,10260.00
238.100,4712.84,-58.55,0.107492,95.00,426.155365,4275.16,0.000227,9690.00
238.150,2780.37,-66.92,0.097032,95.00,292.137299,3305.28,0.000023,5755.00
238.200,3094.00,-67.47,0.097873,95.00,125.857918,3636.53,0.000017,7420.00
238.250,4369.31,-59.88,0.120336,95.00,370.394012,4476.62,0.000107,9770.00
238.300,3769.35,-56.14,0.237450,95.00,957.487854,4478.95,0.000099,9675.00
238.350,2996.35,-58.06,0.271047,50.00,897.030396,4085.14,0.000047,7885.00
238.400,2198.56,-64.31,0.180167,50.00,943.171448,3166.37,0.000017,4080.00
238.450,2205.76,-68.13,0.111509,45.00,651.289917,2978.86,0.000013,4255.00
238.500,2912.03,-66.42,0.108566,50.00,200.519119,3820.70,0.000019,7560.00
238.550,5193.58,-57.78,0.126184,50.00,413.297913,4623.27,0.000185,10495.00
238.600,5415.09,-56.57,0.125046,95.00,342.653168,4601.03,0.000271,10670.00
238.650,3813.85,-61.45,0.106049,95.00,454.428894,4140.22,0.000092,8700.00
238.700,2621.51,-66.37,0.105558,95.00,236.498108,2997.84,0.000022,5105.00
238.750,3160.72,-63.88,0.104955,95.00,226.281738,3140.44,0.000054,5890.00
238.800,4092.87,-55.30,0.141734,100.00,604.756409,4154.47,0.000329,9350.00
238.850,4499.40,-52.13,0.189614,160.00,548.210815,4306.90,0.000471,9875.00
238.900,4478.46,-55.14,0.139615,50.00,653.630005,4246.24,0.000345,9770.00
238.950,3207.47,-62.71,0.117592,50.00,450.383850,3555.78,0.000055,7260.00
239.000,4422.63,-61.64,0.116410,50.00,176.548462,4329.23,0.000064,9860.00
239.050,5818.17,-59.45,0.116182,50.00,210.914078,4740.23,0.000123,11040.00
239.100,5978.93,-55.95,0.120779,95.00,382.564209,4617.88,0.000336,11070.00
239.150,5241.37,-56.53,0.122678,95.00,437.896484,4427.84,0.000278,10285.00
239.200,3223.95,-62.83,0.117222,95.00,380.277863,3484.11,0.000055,7060.00
239.250,2526.82,-67.04,0.112123,95.00,274.429626,2916.81,0.000016,5265.00
239.300,2824.68,-64.46,0.113304,95.00,224.419189,3654.61,0.000040,6700.00
239.350,3655.39,-58.08,0.192196,90.00,876.310730,4619.87,0.000089,10105.00
239.400,3390.63,-57.50,0.275933,65.00,968.840149,4520.46,0.000052,9600.00
239.450,2575.43,-61.99,0.218820,50.00,916.847351,3783.55,0.000023,6260.00
239.500,2066.17,-66.10,0.130000,45.00,876.129883,2818.80,0.000020,3625.00
239.550,2325.29,-66.08,0.116290,50.00,312.013214,2699.66,0.000024,3755.00
239.600,4331.35,-59.03,0.114213,50.00,281.498901,4264.27,0.000163,9380.00
239.650,5517.08,-55.94,0.121594,95.00,391.057373,4540.79,0.000350,10680.00
239.700,4268.64,-58.18,0.127193,95.00,480.472534,4315.41,0.000177,9315.00
239.750,2225.54,-65.48,0.125363,95.00,351.396454,2707.52,0.000026,3645.00
239.800,2273.01,-67.55,0.114838,95.00,297.963348,2395.98,0.000012,3630.00
239.850,3496.84,-58.71,0.122629,95.00,377.193726,3976.95,0.000198,8365.00
239.900,4260.97,-52.87,0.189380,95.00,721.492859,4340.22,0.000446,9775.00
239.950,4573.19,-53.57,0.158385,50.00,485.147797,4355.05,0.000466,10000.00
240.000,4156.49,-60.52,0.108471,50.00,635.063904,4308.43,0.000105,9710.00
240.050,2222.05,-70.32,0.108251,50.00,193.985016,3327.01,0.000006,5175.00
240.100,2744.45,-68.26,0.111685,50.00,62.804188,3758.21,0.000010,7230.00
240.150,5604.54,-58.23,0.116983,50.00,333.432953,4557.40,0.000176,10690.00
240.200,5174.54,-55.38,0.128244,285.00,434.975494,4356.26,0.000366,10180.00
240.250,3887.55,-59.51,0.116108,95.00,423.539093,3854.09,0.000137,8510.00
240.300,4646.22,-61.77,0.096701,95.00,319.217560,4310.20,0.000082,10035.00
240.350,5386.11,-62.51,0.095424,95.00,148.872498,4629.26,0.000069,10805.00
240.400,3860.48,-59.82,0.143689,100.00,646.367737,4693.99,0.000093,10335.00
240.450,3228.85,-57.29,0.254656,65.00,929.526062,4450.26,0.000071,9395.00
240.500,2605.91,-60.09,0.251930,50.00,952.757629,3959.60,0.000033,6795.00
240.550,2013.87,-66.06,0.166838,50.00,898.394592,2967.85,0.000013,3650.00
240.600,2141.84,-68.06,0.109054,50.00,570.395813,2808.62,0.000012,4125.00
240.650,3442.79,-63.33,0.111391,50.00,223.221893,4070.05,0.000071,8395.00
240.700,5565.85,-56.74,0.123731,50.00,432.038147,4640.89,0.000363,10850.00
240.750,5572.64,-56.90,0.112389,70.00,446.151703,4592.87,0.000399,10835.00
240.800,3369.46,-63.29,0.098591,70.00,344.363220,3764.92,0.000081,7775.00
240.850,2780.70,-65.64,0.103284,70.00,230.647034,2930.57,0.000026,4965.00
240.900,3210.49,-62.36,0.108102,70.00,208.230591,3328.65,0.000076,6695.00
240.950,4130.28,-54.49,0.165986,75.00,687.472046,4160.49,0.000305,9475.00
241.000,4485.69,-52.50,0.194370,75.00,419.673553,4255.02,0.000397,9905.00
241.050,4365.08,-56.32,0.127782,75.00,662.158325,4137.78,0.000281,9695.00
241.100,2948.28,-64.25,0.110733,75.00,365.118317,3213.85,0.000043,5700.00
241.150,2551.62,-66.79,0.111830,75.00,202.708878,2782.81,0.000016,4010.00
241.200,4318.69,-59.83,0.108782,75.00,236.941299,4232.58,0.000134,9255.00
241.250,5551.02,-55.72,0.119286,75.00,389.076599,4489.14,0.000368,10565.00
241.300,5102.36,-57.76,0.113321,70.00,297.801941,4523.36,0.000218,10265.00
241.350,3279.78,-63.42,0.107231,70.00,291.863800,3973.83,0.000047,8560.00
241.400,2415.28,-65.49,0.117282,70.00,238.363083,3020.84,0.000027,4290.00
241.450,2984.08,-61.17,0.131947,70.00,357.448486,3823.36,0.000113,7140.00
241.500,3610.30,-56.88,0.220535,75.00,863.044495,4598.08,0.000129,10135.00
241.550,3289.36,-58.07,0.264897,60.00,868.498108,4411.05,0.000063,9240.00
241.600,2508.75,-63.21,0.177292,50.00,893.063171,3444.12,0.000024,4920.00
241.650,2211.29,-66.17,0.118625,45.00,713.445740,2645.30,0.000023,3685.00
241.700,2330.68,-65.81,0.125770,50.00,304.789307,2860.28,0.000023,3820.00
241.750,5004.44,-58.11,0.123254,50.00,392.072845,4504.10,0.000194,10220.00
241.800,5584.74,-56.51,0.132233,95.00,419.010620,4510.87,0.000266,10720.00
241.850,4032.11,-60.51,0.117346,95.00,393.619934,4083.40,0.000103,8820.00
241.900,2392.62,-66.70,0.113630,95.00,268.178131,2765.04,0.000019,4305.00
241.950,2130.86,-67.59,0.118018,95.00,218.190552,2712.43,0.000019,3750.00
242.000,3921.76,-56.54,0.139861,95.00,566.244690,4355.47,0.000280,9620.00
242.050,4502.09,-52.44,0.189362,95.00,608.378784,4415.34,0.000477,10160.00
242.100,4587.28,-54.79,0.140353,50.00,588.283691,4379.95,0.000392,10125.00
242.150,3420.33,-63.52,0.108347,50.00,506.485382,4118.22,0.000046,8830.00
242.200,1483.35,-73.21,0.109417,50.00,135.697189,2491.60,0.000002,3590.00
242.250,3656.89,-63.86,0.112769,50.00,138.747009,4236.33,0.000036,8810.00
242.300,5048.21,-56.19,0.131184,90.00,468.305847,4530.35,0.000275,10260.00
242.350,4464.28,-55.90,0.145327,95.00,499.222229,4367.95,0.000259,9660.00
242.400,2612.57,-62.54,0.135387,95.00,420.858978,3228.75,0.000052,5460.00
242.450,1927.47,-67.53,0.127358,95.00,270.506683,2340.53,0.000010,3340.00
242.500,2775.16,-64.37,0.121275,95.00,244.499161,3567.62,0.000032,6850.00
242.550,3987.62,-57.93,0.182413,95.00,717.264893,4669.15,0.000091,10155.00
242.600,3501.73,-57.19,0.267411,90.00,939.462036,4547.66,0.000058,9620.00
242.650,2631.24,-62.29,0.200143,60.00,815.994385,4038.27,0.000023,6985.00
242.700,1803.79,-66.58,0.127033,45.00,894.897034,2637.83,0.000020,3240.00
242.750,1844.59,-66.64,0.133805,50.00,438.441010,2418.94,0.000014,3215.00
242.800,3799.20,-60.50,0.126351,50.00,321.303497,4219.92,0.000097,8890.00
242.850,6041.45,-56.59,0.124826,95.00,417.229492,4643.58,0.000296,11165.00
242.900,6454.58,-58.30,0.117672,95.00,381.467499,4604.30,0.000185,11290.00
242.950,5305.74,-61.08,0.117288,95.00,219.331558,4585.33,0.000075,10480.00
243.000,3870.91,-61.90,0.122933,95.00,202.743744,3910.43,0.000055,9110.00
243.050,3300.60,-59.74,0.135298,95.00,314.190948,3655.62,0.000103,7520.00
243.100,4173.82,-53.38,0.186691,95.00,713.401001,4232.90,0.000350,9600.00
243.150,4464.44,-53.37,0.167257,50.00,465.804810,4302.20,0.000427,9920.00
243.200,3958.40,-58.89,0.120065,50.00,624.592285,4003.77,0.000159,9020.00
243.250,2906.04,-65.25,0.114810,50.00,233.851730,3087.34,0.000028,5735.00
243.300,2804.95,-65.71,0.114262,50.00,153.331055,3008.08,0.000023,5070.00
243.350,5036.87,-58.46,0.119148,50.00,289.864594,4470.85,0.000157,10210.00
243.400,5350.63,-56.07,0.133340,95.00,451.184357,4533.31,0.000272,10575.00
243.450,4329.96,-59.95,0.115578,95.00,431.834076,4363.56,0.000114,9420.00
243.500,3200.36,-64.75,0.108036,95.00,266.856995,3788.14,0.000033,8725.00
243.550,2608.98,-66.59,0.110779,95.00,112.824318,3397.00,0.000019,6350.00
243.600,1735.17,-67.24,0.134928,100.00,566.852051,3069.78,0.000014,3725.00
243.650,1389.53,-65.42,0.251301,80.00,953.275269,2545.41,0.000008,2795.00
243.700,1462.22,-66.14,0.263710,50.00,935.266663,2417.78,0.000005,3180.00
243.750,1988.27,-67.09,0.174245,50.00,972.415588,2912.14,0.000006,3845.00
243.800,4743.03,-64.34,0.102639,50.00,614.743286,4654.34,0.000035,10345.00
243.850,6697.23,-63.82,0.097325,50.00,253.293884,4781.86,0.000051,11295.00
243.900,5667.74,-61.58,0.093150,50.00,293.156342,4840.06,0.000107,11105.00
243.950,3990.16,-62.30,0.088925,95.00,422.209473,4104.36,0.000102,9590.00
244.000,2897.56,-67.35,0.074379,95.00,253.072189,3135.56,0.000033,5970.00
244.050,2959.14,-71.30,0.058451,95.00,240.368073,3602.32,0.000014,6800.00
244.100,3147.06,-71.16,0.056508,95.00,113.788780,3750.92,0.000016,7400.00
244.150,2876.80,-66.11,0.081504,90.00,372.748291,2878.76,0.000042,5500.00
244.200,2848.22,-64.09,0.122993,50.00,404.935059,2750.76,0.000031,4955.00
244.250,2607.19,-65.60,0.122016,50.00,338.234039,2873.08,0.000021,4500.00
244.300,2195.99,-69.38,0.113032,50.00,244.959961,3370.72,0.000008,4865.00
244.350,4019.60,-67.96,0.112146,50.00,170.457642,4693.67,0.000011,10230.00
244.400,5167.86,-64.01,0.119101,50.00,166.940262,4802.87,0.000029,10855.00
244.450,4114.31,-63.84,0.121967,95.00,331.432648,4546.15,0.000032,9710.00
244.500,2605.45,-68.44,0.118721,95.00,386.365143,3870.65,0.000009,7560.00
244.550,2527.14,-71.45,0.106768,95.00,212.796997,3760.01,0.000004,6860.00
244.600,2657.66,-73.07,0.085205,95.00,161.179153,3804.55,0.000004,6915.00
244.650,2126.95,-70.36,0.078651,95.00,260.406403,3386.46,0.000013,5380.00
244.700,1154.89,-67.81,0.212160,100.00,972.234070,2361.72,0.000006,2265.00
244.750,1026.90,-67.89,0.275477,65.00,824.328491,2277.28,0.000003,1825.00
244.800,1274.64,-69.90,0.213558,50.00,1023.959961,2690.47,0.000002,2745.00
244.850,1891.05,-67.05,0.130572,50.00,821.365906,2747.26,0.000014,3580.00
244.900,2189.71,-65.47,0.118208,50.00,304.620636,2742.58,0.000025,3840.00
244.950,2898.14,-62.64,0.115107,50.00,362.768188,3285.83,0.000058,6615.00
245.000,3357.75,-60.71,0.117401,70.00,486.035431,3639.48,0.000093,7740.00
245.050,3140.13,-61.54,0.124317,70.00,433.949738,3395.27,0.000069,6790.00
245.100,2642.55,-63.33,0.133220,70.00,252.754532,2906.75,0.000040,4290.00
245.150,2555.70,-63.36,0.137293,70.00,330.546021,2970.69,0.000038,4370.00
245.200,3351.41,-57.89,0.151473,70.00,435.635498,3738.05,0.000162,7960.00
245.250,4209.21,-52.85,0.195809,75.00,606.185303,4049.57,0.000403,9275.00
245.300,4336.01,-53.91,0.162959,75.00,508.754089,3976.56,0.000400,9370.00
245.350,3429.12,-59.39,0.141348,75.00,562.396545,3335.42,0.000107,7115.00
245.400,3110.74,-63.04,0.131176,75.00,348.054291,2983.69,0.000041,5815.00
245.450,3132.00,-64.26,0.122081,75.00,277.923920,3116.18,0.000034,6130.00
245.500,3102.17,-64.60,0.116112,75.00,260.332886,3466.07,0.000031,6640.00
245.550,3185.63,-63.69,0.119751,75.00,334.901459,3493.97,0.000039,6805.00
245.600,3139.96,-64.03,0.122918,70.00,279.748566,3167.50,0.000037,6205.00
245.650,2984.18,-66.28,0.121744,70.00,263.356964,3024.71,0.000020,5670.00
245.700,2823.63,-65.69,0.121181,70.00,240.204620,3073.48,0.000026,5390.00
245.750,3824.25,-58.03,0.161612,70.00,786.226562,4525.00,0.000128,9840.00
245.800,3763.05,-56.49,0.277257,70.00,904.627197,4733.75,0.000069,10425.00
245.850,2962.06,-59.62,0.268116,50.00,953.398743,4072.67,0.000031,7655.00
245.900,2295.21,-65.36,0.167157,45.00,965.108826,2658.91,0.000017,3670.00
245.950,2361.06,-68.14,0.116745,45.00,549.251648,2301.63,0.000012,3555.00
246.000,3850.76,-61.05,0.117401,50.00,234.632050,3847.16,0.000095,8390.00
246.050,5930.99,-55.99,0.118434,50.00,436.385101,4495.46,0.000358,11000.00
246.100,5854.67,-57.35,0.110096,95.00,452.060852,4502.41,0.000270,10980.00
246.150,3209.36,-64.40,0.112855,95.00,399.765717,3404.13,0.000037,7030.00
246.200,2320.70,-68.51,0.122502,95.00,211.605484,2269.26,0.000011,3435.00
246.250,3066.42,-61.92,0.124578,95.00,314.783691,3410.08,0.000074,5910.00
246.300,4347.69,-53.17,0.179249,90.00,772.973389,4302.60,0.000416,9880.00
246.350,4703.28,-51.97,0.185013,50.00,469.107880,4328.73,0.000536,10190.00
246.400,4469.67,-56.88,0.121143,50.00,735.958984,4156.27,0.000261,9795.00
246.450,2506.64,-66.41,0.111703,50.00,337.923950,2915.45,0.000023,3770.00
246.500,1955.10,-70.39,0.109615,50.00,165.944412,2333.87,0.000007,3050.00
246.550,5691.37,-60.06,0.108171,50.00,286.222992,4598.94,0.000108,10895.00
246.600,7273.87,-57.82,0.111015,95.00,381.426605,4303.95,0.000226,11980.00
246.650,7187.76,-61.68,0.097684,95.00,344.432587,4374.32,0.000087,11950.00
246.700,3258.44,-73.41,0.095004,95.00,188.171555,4441.81,0.000003,8740.00
246.750,615.09,-78.55,0.096305,95.00,24.396866,1720.65,0.000000,560.00
246.800,4064.13,-63.19,0.115735,95.00,385.232574,4922.05,0.000059,11005.00
246.850,4032.88,-57.93,0.240619,90.00,993.259460,4966.22,0.000071,11055.00
246.900,3484.44,-60.12,0.286188,50.00,969.813599,4854.43,0.000025,10520.00
246.950,2327.62,-69.19,0.194737,50.00,977.911255,4310.47,0.000003,7670.00
247.000,594.64,-78.76,0.105300,45.00,754.276611,2107.70,0.000000,145.00
247.050,3444.96,-71.51,0.099666,50.00,150.035202,4578.06,0.000005,9095.00
247.100,6410.26,-58.95,0.109595,50.00,360.136475,4558.57,0.000162,11260.00
247.150,6038.17,-56.17,0.110923,95.00,366.368042,4477.80,0.000358,10985.00
247.200,3987.14,-60.00,0.107451,95.00,461.701904,3834.28,0.000133,8425.00
247.250,2647.48,-66.15,0.116949,95.00,271.509705,2304.71,0.000024,3900.00
247.300,2716.71,-66.47,0.120921,95.00,242.192291,2375.74,0.000024,3750.00
247.350,3924.42,-55.32,0.154002,95.00,641.145020,4074.85,0.000311,9010.00
247.400,4473.92,-51.80,0.206461,100.00,637.000244,4300.41,0.000474,9890.00
247.450,4649.51,-54.21,0.142662,50.00,684.346130,4247.01,0.000443,9935.00
247.500,3272.84,-61.47,0.117681,50.00,504.501984,3388.46,0.000081,6665.00
247.550,2421.12,-67.30,0.121039,50.00,228.732697,2388.50,0.000015,3660.00
247.600,3620.46,-62.10,0.118551,50.00,242.017120,3767.63,0.000062,8095.00
247.650,5888.24,-56.13,0.118222,95.00,413.832947,4460.27,0.000317,10940.00
247.700,5638.63,-56.14,0.116065,95.00,425.179901,4358.41,0.000325,10595.00
247.750,3464.02,-62.48,0.115058,95.00,348.278229,3462.05,0.000062,7560.00
247.800,2659.04,-66.94,0.114562,95.00,229.371674,2582.39,0.000020,3970.00
247.850,3024.49,-63.64,0.109972,95.00,246.443176,3420.00,0.000054,5345.00
247.900,4108.18,-57.51,0.189156,90.00,907.013367,4777.63,0.000104,10925.00
247.950,3734.34,-56.95,0.286682,90.00,1019.863953,4705.58,0.000055,10460.00
248.000,2823.35,-60.74,0.232951,50.00,970.466919,3768.16,0.000029,6195.00
248.050,2318.56,-65.77,0.135593,45.00,932.036072,2483.77,0.000023,3645.00
248.100,2516.21,-66.17,0.121004,50.00,342.909576,2332.04,0.000018,3610.00
248.150,4411.61,-58.90,0.119357,50.00,280.269470,4046.88,0.000166,9085.00
248.200,6138.41,-55.60,0.115036,95.00,419.526672,4457.09,0.000430,11095.00
248.250,5270.25,-57.51,0.110402,95.00,434.781342,4319.34,0.000268,10140.00
248.300,3056.42,-65.07,0.114952,95.00,302.159302,3087.21,0.000033,5410.00
248.350,2676.84,-67.77,0.112714,95.00,250.489716,2590.40,0.000017,3965.00
248.400,3634.52,-58.59,0.124616,95.00,388.045166,3865.86,0.000176,8330.00
248.450,4438.25,-52.11,0.195424,95.00,749.188965,4334.73,0.000471,9975.00
248.500,4769.02,-52.51,0.166845,50.00,477.128235,4356.00,0.000542,10275.00
248.550,4517.13,-59.30,0.106431,50.00,673.674805,4291.07,0.000158,10025.00
248.600,2033.04,-71.84,0.102443,50.00,231.658051,3128.71,0.000004,4395.00
248.650,2640.61,-72.33,0.104517,50.00,67.020218,4075.92,0.000003,7965.00
248.700,6700.57,-60.02,0.109617,50.00,341.392181,4519.30,0.000117,11525.00
248.750,7173.91,-58.17,0.105118,100.00,326.610107,4355.77,0.000231,11935.00
248.800,6606.75,-64.29,0.089312,95.00,443.635803,4630.46,0.000050,11695.00
248.850,2091.18,-76.26,0.089741,95.00,137.995224,3701.24,0.000001,7060.00
248.900,1848.44,-76.56,0.090861,95.00,15.572791,3682.21,0.000002,4900.00
248.950,4227.84,-60.37,0.137148,100.00,625.475159,4942.47,0.000081,11135.00
249.000,4000.22,-57.28,0.257581,65.00,981.635010,4927.57,0.000063,10940.00
249.050,3371.09,-61.17,0.263488,60.00,996.868042,4803.09,0.000018,10290.00
249.100,1855.45,-71.78,0.173044,50.00,973.559387,3929.12,0.000002,5650.00
249.150,361.37,-79.05,0.099136,50.00,623.363281,1465.42,0.000000,145.00
249.200,4450.37,-66.01,0.101347,50.00,133.823181,4700.01,0.000024,9905.00
249.250,6061.56,-56.59,0.116475,50.00,468.781464,4572.06,0.000311,11115.00
249.300,5393.21,-55.33,0.123148,70.00,509.374207,4388.99,0.000410,10320.00
249.350,3344.59,-61.07,0.124673,70.00,407.466797,3316.60,0.000087,6890.00
249.400,2625.39,-66.38,0.123888,70.00,268.944397,2310.17,0.000020,3800.00
249.450,3002.67,-62.93,0.123439,70.00,258.144348,2993.20,0.000056,4505.00
249.500,4349.70,-53.61,0.170299,75.00,724.506165,4269.62,0.000393,9775.00
249.550,4817.31,-51.65,0.186236,75.00,419.540436,4355.17,0.000557,10300.00
249.600,4629.34,-55.62,0.122001,75.00,668.296326,4195.62,0.000369,9895.00
249.650,2862.36,-64.08,0.115061,75.00,392.335968,2868.41,0.000044,4200.00
249.700,2450.85,-68.12,0.114480,75.00,251.265656,2151.95,0.000014,3585.00
249.750,4639.48,-59.74,0.110215,75.00,260.257996,4081.71,0.000143,9425.00
249.800,6480.93,-55.55,0.116044,75.00,369.596924,4353.95,0.000416,11285.00
249.850,5554.05,-56.89,0.113635,70.00,338.132843,4264.99,0.000300,10315.00
249.900,3032.11,-64.28,0.116163,70.00,288.472534,2919.02,0.000042,4585.00
249.950,2610.11,-67.38,0.116013,70.00,236.715576,2413.37,0.000017,3830.00
250.000,3410.93,-60.99,0.117965,70.00,332.044708,3854.58,0.000101,7885.00
250.050,4113.02,-56.32,0.214266,75.00,859.271179,4779.98,0.000116,10900.00
250.100,3529.38,-56.98,0.285420,55.00,996.766235,4556.84,0.000056,9690.00
250.150,2650.74,-61.81,0.212922,50.00,973.298523,3398.99,0.000027,4665.00
250.200,2583.91,-66.08,0.125703,45.00,843.622559,2716.92,0.000023,3810.00
250.250,2749.27,-66.42,0.113597,50.00,317.498657,2849.83,0.000024,4125.00
250.300,5374.73,-57.99,0.111833,50.00,347.707672,4399.30,0.000203,10330.00
250.350,6262.48,-56.04,0.107594,95.00,384.502533,4449.53,0.000384,11250.00
250.400,4806.11,-59.63,0.101473,95.00,415.535492,4236.05,0.000148,9725.00
250.450,2400.50,-68.16,0.106025,95.00,243.945969,2514.69,0.000014,3620.00
250.500,2185.76,-69.87,0.104341,95.00,182.713409,2205.23,0.000014,3395.00
250.550,3972.46,-56.24,0.133320,95.00,559.812927,4194.50,0.000371,9240.00
250.600,4525.43,-51.59,0.201776,170.00,688.035400,4356.22,0.000616,10095.00
250.650,4763.83,-53.64,0.148981,50.00,605.500122,4327.75,0.000568,10230.00
250.700,4166.09,-62.10,0.101621,50.00,584.873169,4253.34,0.000071,9740.00
250.750,1301.14,-75.50,0.102142,50.00,171.876144,2651.46,0.000001,2740.00
250.800,4375.17,-67.92,0.104610,50.00,120.454292,4785.02,0.000015,10040.00
250.850,6907.38,-59.24,0.112545,90.00,413.803894,4504.36,0.000193,11820.00
250.900,7198.25,-59.18,0.112820,95.00,451.239685,4390.19,0.000191,11980.00
250.950,5762.36,-67.25,0.104391,95.00,344.903534,4827.00,0.000017,11190.00
251.000,1196.88,-77.83,0.104949,95.00,76.668198,2794.44,0.000000,1695.00
251.050,3105.04,-70.56,0.105745,95.00,74.095879,4585.21,0.000009,9270.00
251.100,4471.77,-58.62,0.167890,90.00,792.768860,5046.32,0.000118,11480.00
251.150,4065.47,-57.17,0.275439,90.00,1010.955017,5004.66,0.000071,11115.00
251.200,3337.98,-63.31,0.223204,60.00,855.187012,4838.69,0.000016,10335.00
251.250,1536.63,-74.82,0.109786,45.00,953.253845,3568.76,0.000002,3480.00
251.300,309.61,-78.72,0.099007,45.00,375.703827,1153.82,0.000000,150.00
251.350,5529.17,-63.64,0.104488,50.00,164.559494,4788.37,0.000044,11060.00
251.400,6333.43,-56.21,0.118483,95.00,413.043915,4487.66,0.000320,11330.00
251.450,5214.66,-56.33,0.126746,95.00,462.409271,4276.80,0.000272,10090.00
251.500,2926.89,-63.24,0.127392,95.00,327.903198,2949.05,0.000045,4690.00
251.550,2394.93,-67.68,0.125360,95.00,292.404694,2260.68,0.000012,3660.00
251.600,3166.24,-60.90,0.125884,95.00,304.144562,3600.11,0.000084,6675.00
251.650,4252.26,-53.12,0.190222,95.00,804.700500,4312.89,0.000355,9835.00
251.700,4649.17,-52.35,0.181641,50.00,467.566681,4323.04,0.000475,10120.00
251.750,4255.90,-57.45,0.120160,50.00,735.019592,4084.74,0.000224,9495.00
251.800,2426.72,-66.64,0.118969,50.00,296.517853,2573.77,0.000021,3665.00
251.850,2234.81,-68.72,0.119763,50.00,189.513260,2280.52,0.000012,3525.00
251.900,4964.68,-58.42,0.116391,50.00,293.543793,4367.57,0.000187,10010.00
251.950,6336.55,-56.12,0.108953,95.00,378.295959,4464.32,0.000413,11260.00
252.000,5269.03,-59.12,0.092537,95.00,406.008453,4349.86,0.000218,10175.00
252.050,2559.29,-67.23,0.097544,95.00,217.541992,2765.57,0.000022,3830.00
252.100,2183.93,-69.92,0.098500,95.00,147.270782,2296.49,0.000010,3555.00
252.150,3783.59,-60.32,0.126611,95.00,452.048645,4461.83,0.000100,9695.00
252.200,4003.38,-57.08,0.247804,100.00,986.919128,4876.30,0.000069,10900.00
252.250,3353.26,-58.97,0.260603,65.00,899.509338,4586.68,0.000037,9685.00
252.300,2337.37,-65.03,0.179515,50.00,984.000488,3315.73,0.000014,3920.00
252.350,2201.28,-69.08,0.113809,50.00,659.426208,2400.98,0.000010,3625.00
252.400,2988.05,-64.49,0.112409,50.00,216.239655,3157.07,0.000041,5445.00
252.450,5603.31,-56.54,0.120164,50.00,384.337860,4351.49,0.000314,10525.00
252.500,6207.53,-56.39,0.119028,95.00,422.338989,4357.27,0.000331,11160.00
252.550,4455.46,-62.05,0.103348,95.00,361.247498,4012.79,0.000078,8965.00
252.600,2333.70,-70.59,0.097733,95.00,207.669769,2219.48,0.000008,3480.00
252.650,2651.19,-67.51,0.093737,95.00,162.147705,3118.48,0.000021,4220.00
252.700,4244.08,-54.98,0.153525,95.00,691.859131,4301.16,0.000304,9700.00
252.750,4654.05,-51.77,0.202584,95.00,521.276306,4343.56,0.000453,10085.00
252.800,4960.05,-55.14,0.127673,50.00,687.817383,4364.73,0.000369,10355.00
252.850,3738.77,-65.62,0.102817,50.00,456.827179,4313.70,0.000024,9595.00
252.900,752.77,-77.59,0.106383,50.00,95.120377,2032.08,0.000000,940.00
252.950,5514.97,-65.14,0.109094,50.00,127.362320,4850.64,0.000042,11045.00
253.000,7109.25,-58.18,0.109889,50.00,370.979034,4430.38,0.000334,12010.00
253.050,7194.52,-59.64,0.093499,95.00,421.653900,4394.53,0.000293,12060.00
253.100,5097.48,-69.68,0.086151,95.00,299.104370,4816.09,0.000013,10480.00
253.150,908.16,-78.60,0.087926,95.00,49.353119,2369.75,0.000000,765.00
253.200,4278.53,-65.75,0.093245,95.00,170.119049,4963.97,0.000037,11325.00
253.250,4580.68,-57.50,0.187523,90.00,858.102173,5055.49,0.000120,11605.00
253.300,4095.24,-57.87,0.264820,65.00,836.577942,5011.60,0.000054,11190.00
253.350,3103.59,-65.67,0.182518,60.00,851.092285,4760.56,0.000010,9975.00
253.400,1061.05,-77.10,0.106101,50.00,809.975647,2970.34,0.000001,380.00
253.450,2022.84,-72.48,0.107668,50.00,356.626556,3299.62,0.000003,5520.00
253.500,5504.44,-58.83,0.114668,50.00,312.204956,4426.12,0.000139,10400.00
253.550,6100.12,-55.21,0.121333,70.00,503.453735,4368.63,0.000386,10970.00
253.600,4913.31,-57.44,0.117391,70.00,458.732056,4180.28,0.000225,9750.00
253.650,2930.33,-63.64,0.122023,70.00,273.063080,2935.27,0.000043,4580.00
253.700,2519.91,-66.80,0.115182,70.00,233.105347,2714.35,0.000021,4005.00
253.750,4072.27,-58.12,0.125321,70.00,384.623260,4333.71,0.000227,9660.00
253.800,4677.55,-52.04,0.194289,75.00,681.961731,4394.11,0.000556,10335.00
253.850,4793.54,-52.99,0.163917,75.00,473.347321,4274.42,0.000547,10170.00
253.900,3905.84,-58.62,0.126901,75.00,600.657349,3678.40,0.000139,8365.00
253.950,3120.41,-64.21,0.121233,75.00,327.464539,2914.31,0.000034,5635.00
254.000,3451.85,-64.11,0.115693,75.00,254.362030,3267.85,0.000042,6805.00
254.050,6123.72,-57.24,0.116756,75.00,327.740997,4338.00,0.000257,11005.00
254.100,6385.43,-56.09,0.118945,75.00,339.741791,4322.25,0.000345,11160.00
254.150,4419.78,-60.94,0.120967,70.00,351.750641,3916.42,0.000092,8875.00
254.200,2952.17,-67.33,0.122711,70.00,229.593063,2901.80,0.000015,5485.00
254.250,2709.11,-67.28,0.118270,70.00,255.103821,2906.42,0.000017,4655.00
254.300,3829.27,-58.41,0.151834,70.00,733.986877,4495.74,0.000122,9950.00
254.350,3889.25,-56.48,0.262122,70.00,838.947998,4738.52,0.000073,10540.00
254.400,3202.12,-59.50,0.233660,60.00,779.199951,4181.41,0.000040,8280.00
254.450,2444.25,-65.18,0.137188,55.00,938.818726,2777.56,0.000026,3745.00
254.500,2357.60,-68.03,0.116750,50.00,577.026611,2298.58,0.000013,3560.00
254.550,3835.78,-61.32,0.118179,50.00,226.072540,3841.96,0.000082,8395.00
254.600,6021.03,-55.87,0.120538,50.00,432.621185,4517.35,0.000353,11080.00
254.650,5890.86,-56.99,0.112315,95.00,417.676636,4555.36,0.000289,11060.00
254.700,3261.37,-63.91,0.114693,95.00,449.836792,3509.24,0.000044,7345.00
254.750,2321.76,-68.64,0.122932,95.00,217.901993,2321.05,0.000011,3440.00
254.800,2928.32,-62.80,0.126585,95.00,308.926025,3285.38,0.000057,5215.00
254.850,4235.06,-53.52,0.180172,100.00,761.604492,4238.58,0.000377,9690.00
254.900,4646.70,-52.01,0.189548,50.00,494.518585,4299.99,0.000505,10120.00
254.950,4537.23,-56.48,0.120693,50.00,755.130066,4195.99,0.000302,9945.00
255.000,2640.22,-66.25,0.108237,50.00,357.645416,3116.91,0.000024,4635.00
255.050,1993.92,-70.87,0.108856,50.00,152.840530,2474.55,0.000005,3120.00
255.100,5702.79,-60.68,0.108305,50.00,233.243164,4615.03,0.000101,10890.00
255.150,7256.48,-57.84,0.111195,95.00,353.078400,4346.24,0.000247,12020.00
255.200,7134.12,-61.34,0.097764,95.00,364.095581,4421.85,0.000106,11980.00
255.250,3473.04,-72.97,0.095353,95.00,211.019989,4508.66,0.000003,8885.00
255.300,651.21,-78.55,0.096877,95.00,28.007313,1803.87,0.000000,570.00
255.350,4275.22,-63.08,0.112238,95.00,361.144440,4983.82,0.000067,11210.00
255.400,4236.68,-57.17,0.224142,105.00,1047.055176,5012.57,0.000108,11265.00
255.450,3768.20,-59.22,0.266802,60.00,810.448425,4945.70,0.000042,10840.00
255.500,2584.81,-68.47,0.158201,60.00,971.238098,4478.65,0.000006,8505.00
255.550,628.73,-78.53,0.097976,45.00,632.343140,2167.20,0.000000,160.00
255.600,2389.68,-72.86,0.104093,50.00,256.789398,4034.39,0.000003,7720.00
255.650,5843.45,-57.98,0.114909,50.00,350.504669,4604.94,0.000210,11060.00
255.700,5491.52,-54.63,0.127369,90.00,415.588684,4429.00,0.000484,10540.00
255.750,3986.60,-58.44,0.122612,95.00,527.290649,3798.65,0.000185,8295.00
255.800,2671.07,-66.00,0.119521,95.00,315.297394,2363.09,0.000024,3825.00
255.850,2704.17,-67.41,0.115940,95.00,249.239334,2505.33,0.000026,3765.00
255.900,4160.66,-55.52,0.142705,95.00,586.564514,4235.53,0.000408,9615.00
255.950,4649.43,-51.48,0.198329,100.00,657.766968,4361.89,0.000686,10205.00
256.000,4681.76,-53.87,0.145821,50.00,614.784912,4261.57,0.000585,10085.00
256.050,3348.76,-61.10,0.119162,50.00,524.653931,3441.10,0.000087,7035.00
256.100,2443.57,-68.00,0.121924,50.00,226.095963,2431.95,0.000013,3585.00
256.150,3494.05,-62.53,0.119472,50.00,203.233780,3714.24,0.000059,7995.00
256.200,5878.28,-56.05,0.118853,95.00,405.006256,4455.54,0.000346,10885.00
256.250,5577.84,-55.69,0.117802,95.00,435.345367,4333.46,0.000395,10510.00
256.300,3547.02,-62.05,0.113737,95.00,361.195648,3525.20,0.000079,7700.00
256.350,2529.37,-67.35,0.113778,95.00,236.973343,2480.13,0.000018,3575.00
256.400,2862.98,-64.70,0.110959,95.00,213.879990,3295.02,0.000051,4730.00
256.450,3982.06,-57.79,0.185444,100.00,959.444641,4752.80,0.000119,10655.00
256.500,3775.66,-56.64,0.270475,65.00,861.809875,4703.72,0.000079,10500.00
256.550,3001.89,-60.40,0.193681,60.00,886.990112,3868.78,0.000050,6960.00
256.600,2241.35,-66.06,0.119067,55.00,827.484009,2517.13,0.000027,3555.00
256.650,2372.90,-67.14,0.118311,50.00,445.141052,2416.77,0.000017,3445.00
256.700,4375.33,-59.63,0.120610,50.00,223.366226,4078.96,0.000120,9140.00
256.750,6120.99,-55.86,0.116894,95.00,405.718506,4441.06,0.000346,11070.00
256.800,5187.30,-57.53,0.110402,95.00,433.042267,4360.34,0.000243,10175.00
256.850,2879.21,-64.83,0.111389,95.00,308.493011,3070.10,0.000037,5165.00
256.900,2465.49,-68.11,0.110089,95.00,248.381012,2545.92,0.000016,3485.00
256.950,3665.11,-59.26,0.119832,95.00,362.610809,3977.11,0.000185,8590.00
257.000,4472.29,-52.37,0.189996,95.00,736.719727,4356.02,0.000551,9995.00
257.050,4775.34,-52.55,0.169378,50.00,448.318115,4369.38,0.000618,10315.00
257.100,4462.51,-58.92,0.109325,50.00,676.132019,4255.07,0.000166,9885.00
257.150,2107.56,-71.12,0.103711,50.00,249.856003,3082.23,0.000005,4395.00
257.200,2161.31,-73.12,0.105447,50.00,90.108795,3692.61,0.000002,6810.00
257.250,6699.60,-60.50,0.110991,50.00,286.662018,4535.69,0.000108,11725.00
257.300,7130.57,-58.16,0.108317,100.00,316.325317,4385.59,0.000240,11970.00
257.350,6507.08,-63.47,0.090444,95.00,476.329773,4649.72,0.000064,11735.00
257.400,2292.94,-75.84,0.090138,95.00,179.999115,3870.94,0.000002,7505.00
257.450,1505.27,-77.48,0.091481,95.00,16.650434,3321.08,0.000001,2870.00
257.500,4343.68,-61.17,0.132016,95.00,513.591553,4976.25,0.000069,11345.00
257.550,4005.08,-57.61,0.255789,100.00,1043.849243,4950.18,0.000059,11055.00
257.600,3427.98,-61.17,0.262995,60.00,916.646057,4836.13,0.000019,10425.00
257.650,1952.77,-71.62,0.150714,45.00,998.556763,4008.61,0.000003,6255.00
257.700,381.93,-79.05,0.098863,45.00,487.495728,1553.20,0.000000,140.00
257.750,4468.99,-66.80,0.102540,50.00,158.486038,4735.95,0.000018,10050.00
257.800,6101.25,-56.86,0.117196,50.00,438.580261,4597.85,0.000292,11250.00
257.850,5230.01,-55.16,0.127222,70.00,525.486084,4423.70,0.000413,10295.00
257.900,3231.90,-60.65,0.125937,70.00,471.739655,3281.95,0.000101,6625.00
257.950,2545.23,-66.33,0.120793,70.00,297.728699,2305.22,0.000022,3680.00
258.000,2810.80,-63.85,0.118287,70.00,289.793396,2843.51,0.000052,3905.00
258.050,4225.78,-54.08,0.164395,70.00,653.083740,4185.99,0.000361,9605.00
258.100,4716.09,-51.83,0.188210,75.00,440.016022,4302.61,0.000511,10150.00
258.150,4610.11,-55.41,0.123616,75.00,648.269897,4168.66,0.000384,9890.00
258.200,2909.69,-64.04,0.110525,75.00,403.528961,3073.77,0.000046,4970.00
258.250,2281.34,-69.28,0.112602,75.00,243.383347,2298.61,0.000010,3500.00
258.300,4570.95,-60.19,0.111034,75.00,229.799393,4229.22,0.000108,9650.00
258.350,6230.37,-55.64,0.118814,75.00,380.614105,4411.74,0.000346,11200.00
258.400,5397.53,-57.24,0.122008,70.00,382.259186,4300.46,0.000219,10280.00
258.450,3011.45,-64.86,0.119207,70.00,288.737488,3043.06,0.000032,4910.00
258.500,2455.15,-68.34,0.117134,70.00,228.555634,2383.93,0.000013,3570.00
258.550,3352.88,-62.07,0.117593,70.00,302.018066,3960.62,0.000069,8175.00
258.600,4096.84,-56.77,0.211669,70.00,970.606079,4764.90,0.000099,10680.00
258.650,3541.76,-57.26,0.267324,65.00,748.083618,4513.00,0.000058,9640.00
258.700,2655.62,-62.51,0.182035,55.00,981.198608,3545.41,0.000029,4915.00
258.750,2296.06,-67.19,0.117655,50.00,739.666199,2751.00,0.000019,3625.00
258.800,2407.69,-67.64,0.110679,50.00,361.603180,2919.72,0.000023,3840.00
258.850,5582.85,-58.40,0.110613,50.00,307.341736,4558.24,0.000295,10800.00
258.900,6110.08,-55.59,0.111773,100.00,363.597900,4503.37,0.000667,11155.00
258.950,4715.18,-59.04,0.104812,95.00,436.020081,4266.59,0.000266,9720.00
259.000,2377.51,-68.20,0.103099,95.00,243.818359,2607.99,0.000016,3590.00
259.050,2113.45,-70.05,0.101300,95.00,206.314163,2207.38,0.000010,3290.00
259.100,3958.35,-57.24,0.126572,95.00,467.295837,4215.92,0.000217,9380.00
259.150,4574.36,-51.81,0.198152,95.00,699.287781,4381.18,0.000455,10160.00
259.200,4876.96,-53.34,0.150809,50.00,538.160645,4380.60,0.000471,10430.00
259.250,4379.53,-61.43,0.100741,50.00,616.808350,4356.31,0.000080,10020.00
259.300,1382.42,-75.37,0.101516,50.00,171.587387,2833.25,0.000001,2940.00
259.350,3898.29,-69.52,0.104264,50.00,67.307495,4668.33,0.000011,9600.00
259.400,6812.96,-59.14,0.111560,50.00,405.731659,4513.19,0.000218,11735.00
259.450,7085.74,-58.44,0.113369,95.00,428.262085,4412.77,0.000257,11885.00
259.500,5994.21,-66.02,0.104672,95.00,402.184601,4768.99,0.000026,11235.00
259.550,1422.05,-77.45,0.105114,95.00,92.967178,3095.10,0.000001,2515.00
259.600,2626.01,-72.09,0.106304,95.00,63.962109,4282.01,0.000004,8250.00
259.650,4083.11,-59.52,0.168312,90.00,854.372070,4930.23,0.000071,11015.00
259.700,3918.87,-57.81,0.269115,65.00,894.341797,4935.70,0.000049,10920.00
259.750,3341.89,-62.96,0.233123,55.00,1008.874939,4837.47,0.000013,10350.00
259.800,1723.39,-72.46,0.138244,50.00,884.218506,3672.28,0.000002,4270.00
259.850,803.10,-77.29,0.097502,50.00,433.908783,2167.67,0.000001,1100.00
259.900,5694.83,-63.42,0.103669,50.00,150.418915,4819.29,0.000046,11115.00
259.950,6391.75,-56.14,0.122054,95.00,405.439453,4594.20,0.000305,11505.00
260.000,5271.99,-56.44,0.127636,95.00,450.199188,4525.27,0.000257,10505.00
260.050,2901.20,-62.87,0.120895,95.00,332.628784,3378.12,0.000051,6295.00
260.100,2273.72,-66.97,0.114719,95.00,215.504745,2814.92,0.000018,3625.00
260.150,3232.14,-61.75,0.119537,95.00,199.514267,3795.43,0.000066,7780.00
260.200,4390.25,-53.32,0.184997,95.00,753.787170,4315.46,0.000327,9905.00
260.250,4691.86,-52.28,0.185169,50.00,494.060059,4328.43,0.000438,10195.00
260.300,4442.45,-57.45,0.115308,50.00,726.207214,4234.17,0.000227,9860.00
260.350,2259.39,-66.03,0.118783,50.00,330.374512,2779.30,0.000024,3585.00
260.400,1971.69,-68.31,0.120669,50.00,146.112305,2387.96,0.000016,3295.00
260.450,4949.19,-58.22,0.117070,50.00,290.571472,4489.18,0.000258,10120.00
260.500,6469.29,-55.91,0.110202,95.00,357.300598,4556.16,0.000548,11565.00
260.550,5609.76,-59.56,0.090327,95.00,418.441315,4627.71,0.000277,10930.00
260.600,2316.91,-68.66,0.093156,95.00,235.556259,3030.84,0.000016,4010.00
260.650,1798.33,-71.40,0.093488,95.00,108.776115,2326.21,0.000008,3265.00
260.700,4211.33,-60.32,0.117549,95.00,366.732361,4785.56,0.000134,10965.00
260.750,4176.24,-56.70,0.240107,95.00,1001.064392,4978.01,0.000098,11185.00
260.800,3370.93,-59.27,0.278478,50.00,964.782593,4713.44,0.000035,10105.00
260.850,2078.43,-65.88,0.180773,50.00,974.408508,3370.21,0.000011,3945.00
260.900,1770.40,-69.81,0.109738,45.00,651.817505,2237.46,0.000009,3355.00
260.950,2816.33,-64.88,0.108438,50.00,200.319733,3420.32,0.000039,6400.00
261.000,6023.30,-57.19,0.114311,50.00,336.566956,4492.13,0.000294,11005.00
261.050,6454.23,-56.84,0.105177,95.00,383.270966,4423.66,0.000391,11270.00
261.100,4968.10,-63.33,0.089728,95.00,371.462219,4411.26,0.000070,9910.00
261.150,2076.50,-72.91,0.089782,95.00,138.147751,2545.36,0.000004,3420.00
261.200,2733.37,-69.85,0.089474,95.00,101.578094,3767.99,0.000011,6580.00
261.250,4409.81,-55.44,0.139513,95.00,649.103394,4398.32,0.000323,10040.00
261.300,4656.52,-51.96,0.196695,95.00,576.538208,4346.84,0.000465,10155.00
261.350,4873.74,-54.85,0.133093,50.00,653.095215,4341.11,0.000368,10305.00
261.400,3902.31,-64.65,0.104544,50.00,486.216827,4329.13,0.000029,9610.00
261.450,766.31,-77.56,0.107054,50.00,106.287170,2074.38,0.000000,890.00
261.500,5640.82,-65.07,0.110066,50.00,108.636070,4804.70,0.000036,11000.00
261.550,7159.36,-58.16,0.114964,50.00,370.444336,4362.14,0.000274,11930.00
261.600,7103.69,-59.54,0.096715,95.00,406.671936,4408.86,0.000255,11915.00
261.650,5062.73,-69.82,0.086419,95.00,362.806305,4855.99,0.000012,10485.00
261.700,916.28,-78.58,0.088699,95.00,52.650551,2388.53,0.000000,765.00
261.750,3964.12,-66.66,0.093312,95.00,168.370255,4919.01,0.000032,10935.00
261.800,4392.37,-57.67,0.189798,90.00,981.951416,5026.71,0.000121,11410.00
261.850,3838.81,-57.78,0.290199,65.00,984.718079,4939.88,0.000052,10865.00
261.900,2767.57,-65.39,0.249726,50.00,1039.706421,4595.63,0.000006,9175.00
261.950,914.37,-77.31,0.137869,50.00,931.275146,2773.78,0.000001,220.00
262.000,1417.78,-76.20,0.103110,50.00,297.011169,3015.51,0.000001,3550.00
262.050,5761.93,-58.94,0.114218,50.00,299.307678,4336.01,0.000144,10680.00
262.100,5760.88,-54.54,0.133814,70.00,542.089355,4339.23,0.000420,10635.00
262.150,4618.82,-56.77,0.127493,70.00,506.004059,4130.14,0.000248,9375.00
262.200,3365.57,-63.45,0.115906,70.00,377.719116,3231.12,0.000045,6990.00
262.250,3475.88,-65.27,0.112681,70.00,213.244446,3228.68,0.000029,7390.00
262.300,4013.49,-57.67,0.128727,70.00,410.177765,4023.84,0.000195,9050.00
262.350,4506.61,-52.15,0.197876,75.00,707.525269,4287.21,0.000427,10005.00
262.400,4767.42,-52.91,0.162145,75.00,474.840302,4272.52,0.000477,10180.00
262.450,4262.23,-59.32,0.103731,75.00,607.312317,4058.84,0.000164,9435.00
262.500,2704.09,-68.84,0.099435,75.00,229.424896,3156.85,0.000011,5470.00
262.550,3941.24,-68.11,0.100775,75.00,110.609100,4462.14,0.000013,9785.00
262.600,6919.93,-58.71,0.109447,75.00,245.693878,4401.06,0.000168,11765.00
262.650,7201.60,-57.03,0.115820,75.00,308.283630,4293.85,0.000253,11860.00
262.700,6507.04,-61.57,0.106268,70.00,283.381317,4638.08,0.000075,11615.00
262.750,4278.20,-67.70,0.106025,70.00,128.465302,4630.09,0.000013,10430.00
262.800,2175.94,-72.82,0.106692,70.00,60.942745,3451.60,0.000004,4970.00
262.850,3871.59,-60.26,0.150896,65.00,720.694519,4776.60,0.000079,10520.00
262.900,3789.31,-57.53,0.274128,65.00,876.619263,4849.24,0.000056,10660.00
262.950,3222.67,-61.39,0.270841,50.00,927.198181,4715.93,0.000017,9945.00
263.000,1959.49,-70.54,0.160185,45.00,962.987427,3686.28,0.000003,4650.00
263.050,1387.01,-75.86,0.100076,45.00,514.578247,2501.27,0.000001,3260.00
263.100,4592.34,-65.59,0.103063,50.00,145.833633,4647.32,0.000027,9975.00
263.150,6626.68,-57.52,0.112980,50.00,389.751678,4524.69,0.000253,11620.00
263.200,6740.10,-58.05,0.106697,95.00,415.024292,4515.44,0.000238,11790.00
263.250,4829.95,-66.75,0.099350,95.00,369.558563,4710.41,0.000020,10280.00
263.300,1963.22,-74.98,0.100766,95.00,66.528275,3286.23,0.000002,4155.00
263.350,3388.20,-65.45,0.102338,95.00,128.281189,4255.64,0.000040,8790.00
263.400,4440.05,-53.71,0.161262,95.00,758.095520,4419.09,0.000513,10105.00
263.450,4777.23,-51.71,0.183735,50.00,469.462860,4412.78,0.000691,10395.00
263.500,4984.87,-56.44,0.114268,50.00,733.548584,4414.54,0.000364,10510.00
263.550,3111.27,-68.32,0.100670,50.00,360.492371,4112.16,0.000012,8525.00
263.600,752.29,-77.62,0.103731,50.00,62.083973,1997.65,0.000000,940.00
263.650,6033.88,-63.01,0.106206,50.00,216.929565,4692.14,0.000049,11080.00
263.700,7198.36,-58.19,0.110850,95.00,370.852325,4309.50,0.000207,11915.00
263.750,7214.57,-61.15,0.099076,95.00,344.004089,4344.71,0.000102,11980.00
263.800,3723.65,-72.81,0.095601,95.00,205.718216,4630.44,0.000004,9075.00
263.850,630.69,-78.87,0.096898,95.00,30.430822,1850.31,0.000000,305.00
263.900,4257.38,-63.37,0.108259,95.00,327.218140,4981.03,0.000066,11220.00
263.950,4303.98,-57.12,0.220717,90.00,1011.794312,5015.50,0.000109,11420.00
264.000,3665.90,-58.88,0.286844,65.00,1016.209961,4901.64,0.000039,10675.00
264.050,2464.82,-67.71,0.220892,50.00,981.508301,4419.42,0.000004,8160.00
264.100,643.06,-78.59,0.115907,50.00,871.994690,2237.96,0.000000,150.00
264.150,2216.89,-75.07,0.099778,50.00,182.446259,3986.37,0.000002,7580.00
264.200,6429.27,-59.72,0.108770,50.00,334.478302,4597.49,0.000144,11345.00
264.250,6594.85,-56.55,0.110375,95.00,344.449524,4470.14,0.000361,11370.00
264.300,5184.60,-60.28,0.097178,95.00,437.781982,4443.55,0.000143,10060.00
264.350,2404.44,-70.05,0.097023,95.00,191.857193,2865.47,0.000009,4590.00
264.400,2080.91,-73.69,0.097984,95.00,83.502785,2958.84,0.000003,4300.00
264.450,4166.33,-56.28,0.136658,95.00,585.321716,4388.08,0.000267,9765.00
264.500,4548.73,-51.72,0.205059,100.00,695.197266,4386.24,0.000481,10035.00
264.550,4822.29,-53.93,0.144142,50.00,639.506226,4365.78,0.000470,10180.00
264.600,4182.58,-62.47,0.103319,50.00,567.212585,4377.19,0.000063,9835.00
264.650,1869.74,-74.12,0.105678,50.00,136.578033,3368.97,0.000002,4275.00
264.700,4145.92,-66.58,0.107559,50.00,105.075798,4607.83,0.000017,9685.00
264.750,6612.84,-58.03,0.111140,95.00,355.580292,4496.62,0.000203,11365.00
264.800,6974.40,-58.01,0.103609,95.00,364.622192,4372.93,0.000233,11750.00
264.850,5295.09,-65.60,0.093602,95.00,290.141968,4694.47,0.000030,10690.00
264.900,2060.19,-75.08,0.095152,95.00,77.526299,3290.60,0.000002,4550.00
264.950,3458.40,-67.99,0.097194,95.00,93.755280,4532.87,0.000016,9610.00
265.000,4408.36,-58.26,0.175098,90.00,876.387207,5010.50,0.000092,11435.00
265.050,3863.07,-57.50,0.285136,85.00,1007.649597,4915.23,0.000046,10875.00
265.100,2915.10,-62.65,0.246395,50.00,991.443970,4429.38,0.000013,8740.00
265.150,1869.22,-70.21,0.135896,45.00,936.732605,3058.53,0.000005,3945.00
265.200,1640.63,-74.43,0.100505,50.00,331.217957,2569.80,0.000001,3645.00
265.250,5631.19,-62.41,0.105577,50.00,184.146729,4641.83,0.000067,10835.00
265.300,6848.10,-57.39,0.109873,95.00,348.218414,4398.62,0.000281,11555.00
265.350,6628.31,-59.87,0.096379,95.00,374.439697,4466.52,0.000165,11425.00
265.400,3711.48,-69.86,0.091913,95.00,236.399918,4393.85,0.000009,8940.00
265.450,1871.86,-75.44,0.093289,95.00,43.102333,3134.44,0.000001,3730.00
265.500,4029.78,-61.02,0.103835,95.00,274.925049,4446.71,0.000099,9870.00
265.550,4501.98,-52.84,0.186795,95.00,785.785339,4403.32,0.000388,10245.00
265.600,4783.00,-52.46,0.176767,50.00,401.274841,4369.72,0.000475,10440.00
265.650,4832.80,-58.50,0.106515,50.00,713.004333,4372.00,0.000187,10325.00
265.700,2286.79,-71.71,0.102106,50.00,258.853546,3662.45,0.000004,6260.00
265.750,1870.66,-74.99,0.105177,50.00,38.092327,3576.30,0.000002,5970.00
265.800,6648.46,-60.73,0.109523,50.00,312.511169,4630.56,0.000129,11835.00
265.850,7212.66,-58.16,0.107066,100.00,326.363892,4425.64,0.000293,12045.00
265.900,6759.51,-63.46,0.090808,95.00,455.709503,4615.20,0.000077,11865.00
265.950,2468.28,-75.64,0.089931,95.00,164.326645,3990.08,0.000002,7760.00
266.000,958.64,-78.74,0.091195,95.00,17.243967,2571.93,0.000001,855.00
266.050,3920.57,-61.46,0.128220,100.00,550.551453,4886.37,0.000090,10685.00
266.100,3948.16,-57.12,0.250661,70.00,998.493958,4949.58,0.000089,10915.00
266.150,3510.75,-60.33,0.268137,60.00,981.670898,4892.86,0.000030,10570.00
266.200,2169.84,-70.27,0.183578,50.00,977.955078,4213.94,0.000003,7005.00
266.250,450.29,-79.03,0.101278,50.00,683.224243,1752.68,0.000000,145.00
266.300,4334.61,-67.58,0.100801,50.00,127.403839,4752.70,0.000013,9910.00
266.350,6537.77,-57.46,0.112825,50.00,436.937164,4541.74,0.000236,11685.00
266.400,6512.72,-56.45,0.109641,70.00,445.774323,4476.33,0.000324,11575.00
266.450,4510.20,-62.68,0.099175,70.00,363.890686,4328.46,0.000061,9460.00
266.500,2044.90,-73.02,0.100961,70.00,139.067932,2648.31,0.000003,4295.00
266.550,3111.09,-67.16,0.102755,70.00,71.470039,3982.87,0.000019,7840.00
266.600,4489.69,-54.32,0.157097,75.00,685.206299,4435.99,0.000359,10255.00
266.650,4800.37,-51.62,0.192779,75.00,443.938202,4397.79,0.000540,10460.00
266.700,4983.12,-55.36,0.116139,75.00,647.649109,4370.22,0.000436,10490.00
266.750,3516.42,-65.52,0.092418,75.00,416.319702,4093.74,0.000033,8985.00
266.800,1531.72,-74.72,0.094922,75.00,94.648170,2526.44,0.000002,3065.00
266.850,5710.00,-62.26,0.098733,75.00,143.540665,4621.74,0.000073,10915.00
266.900,7036.50,-56.93,0.110139,75.00,308.018280,4309.44,0.000307,11805.00
266.950,6764.73,-59.00,0.102041,70.00,278.676544,4388.01,0.000187,11575.00
267.000,3714.65,-68.08,0.096145,70.00,220.545715,4209.05,0.000015,8715.00
267.050,1657.86,-75.76,0.097509,70.00,63.522434,2760.56,0.000001,3445.00
267.100,3657.30,-64.53,0.105166,70.00,229.802948,4616.97,0.000039,9870.00
267.150,4089.21,-57.52,0.209486,75.00,893.280396,4902.78,0.000085,10970.00
267.200,3663.94,-58.10,0.283325,60.00,921.186890,4824.74,0.000040,10475.00
267.250,2739.32,-64.13,0.200096,50.00,946.096008,4304.43,0.000013,8190.00
267.300,2161.02,-70.07,0.106094,45.00,829.033691,3395.82,0.000008,4600.00
267.350,2389.97,-71.35,0.101284,50.00,293.985382,3630.87,0.000006,5810.00
267.400,6116.09,-59.98,0.106265,50.00,276.045868,4630.12,0.000138,11200.00
267.450,6850.60,-56.91,0.105379,95.00,351.989410,4442.84,0.000358,11825.00
267.500,6216.49,-61.06,0.090750,95.00,380.954620,4587.46,0.000131,11305.00
267.550,2575.85,-71.94,0.089256,95.00,171.565552,3616.68,0.000006,6965.00
267.600,1496.77,-75.44,0.088949,95.00,57.933872,2582.75,0.000002,2960.00
267.650,4259.48,-58.17,0.112251,95.00,404.971619,4450.61,0.000247,9950.00
267.700,4588.69,-52.04,0.193482,95.00,748.120789,4389.02,0.000532,10115.00
267.750,4795.29,-53.11,0.157584,50.00,469.818085,4340.87,0.000533,10205.00
267.800,4418.12,-61.03,0.102539,50.00,654.036743,4307.16,0.000094,9855.00
267.850,1498.57,-74.98,0.102133,50.00,184.328049,3001.88,0.000002,3410.00
267.900,3611.14,-69.89,0.104625,50.00,91.526947,4565.44,0.000008,9120.00
267.950,6761.06,-59.19,0.111630,50.00,415.106445,4493.46,0.000170,11635.00
268.000,7168.72,-58.30,0.114138,95.00,447.785950,4344.30,0.000211,11890.00
268.050,6197.03,-65.69,0.105127,95.00,369.497498,4727.49,0.000025,11350.00
268.100,1507.30,-77.35,0.105220,95.00,98.457970,3199.55,0.000001,3405.00
268.150,2545.16,-72.84,0.105608,95.00,44.078823,4237.33,0.000005,8010.00
268.200,4355.99,-59.35,0.157299,90.00,732.664673,4959.48,0.000119,11225.00
268.250,3991.39,-57.22,0.270988,90.00,1021.477173,4910.54,0.000078,10940.00
268.300,3367.37,-62.26,0.235347,60.00,836.253418,4788.63,0.000020,10170.00
268.350,1707.69,-73.79,0.117488,45.00,976.161194,3758.08,0.000002,4655.00
268.400,310.54,-78.90,0.098860,45.00,378.563904,1228.07,0.000000,145.00
268.450,5496.92,-64.87,0.103473,50.00,142.176544,4817.86,0.000031,10885.00
268.500,6893.29,-57.33,0.115881,95.00,390.833405,4459.14,0.000251,11855.00
268.550,6454.04,-57.57,0.113407,95.00,389.027740,4510.36,0.000231,11370.00
268.600,3525.38,-64.87,0.106018,95.00,293.775879,3957.11,0.000032,8120.00
268.650,2015.47,-72.03,0.105513,95.00,121.696182,2609.34,0.000003,3860.00
268.700,3557.45,-63.00,0.110224,95.00,184.843628,4266.16,0.000076,8995.00
268.750,4438.57,-53.09,0.176633,95.00,794.984802,4447.31,0.000539,10255.00
268.800,4742.13,-52.01,0.183363,50.00,482.164429,4413.65,0.000662,10465.00
268.850,4743.15,-57.18,0.113723,50.00,723.837341,4375.21,0.000282,10305.00
268.900,2689.73,-68.72,0.104666,50.00,318.215302,3726.85,0.000011,6935.00
268.950,1458.02,-75.19,0.107539,50.00,52.038620,2569.28,0.000001,3115.00
269.000,5917.55,-60.72,0.110256,50.00,214.599121,4635.32,0.000110,11055.00
269.050,6884.64,-56.79,0.108109,95.00,349.446960,4403.35,0.000369,11720.00
269.100,6500.82,-60.43,0.088006,95.00,396.834045,4518.52,0.000179,11410.00
269.150,2949.96,-71.55,0.087636,95.00,210.693085,4035.08,0.000007,7970.00
269.200,1494.16,-75.91,0.089040,95.00,31.531672,2747.80,0.000001,3065.00
269.250,4073.09,-62.20,0.116729,100.00,445.417084,4860.59,0.000064,10895.00
269.300,4026.97,-57.44,0.245666,100.00,1007.234009,4920.39,0.000065,10950.00
269.350,3416.99,-59.56,0.274628,65.00,945.917053,4766.80,0.000028,10220.00
269.400,2314.91,-67.40,0.191371,50.00,1006.337646,4021.84,0.000006,6425.00
269.450,1453.79,-73.73,0.107194,50.00,722.951904,2369.03,0.000002,3010.00
269.500,2825.73,-68.87,0.101839,50.00,155.374573,3807.49,0.000011,7570.00
269.550,6406.30,-59.02,0.106683,50.00,313.292297,4568.19,0.000165,11345.00
269.600,7059.99,-57.90,0.099509,95.00,376.464813,4392.72,0.000268,11885.00
269.650,6210.55,-64.27,0.086154,95.00,334.183929,4685.32,0.000050,11395.00
269.700,1953.18,-76.37,0.087650,95.00,117.696938,3459.73,0.000001,6005.00
269.750,2261.69,-72.54,0.089617,95.00,41.823059,3661.48,0.000006,5950.00
269.800,4245.37,-55.59,0.142753,95.00,658.642700,4335.39,0.000378,9795.00
269.850,4681.19,-51.66,0.200497,95.00,569.670715,4380.95,0.000607,10225.00
269.900,5023.16,-54.52,0.133891,50.00,643.254761,4415.81,0.000501,10575.00
269.950,4038.50,-64.33,0.104291,50.00,489.207062,4416.50,0.000033,9850.00
270.000,805.24,-77.50,0.107111,50.00,108.828857,2142.60,0.000000,1040.00
270.050,5204.62,-66.05,0.109697,50.00,104.630714,4876.17,0.000027,10800.00
270.100,7118.34,-58.24,0.111471,50.00,380.007141,4433.77,0.000272,11935.00
270.150,7259.75,-59.24,0.095613,95.00,417.897614,4373.90,0.000276,12005.00
270.200,5484.45,-69.05,0.086574,95.00,330.984650,4849.53,0.000016,10970.00
270.250,1040.28,-78.37,0.088784,95.00,60.361374,2587.18,0.000000,1035.00
270.300,3726.46,-67.84,0.092577,95.00,127.230209,4795.40,0.000018,10395.00
270.350,4427.58,-58.33,0.178934,95.00,804.930481,4998.85,0.000088,11340.00
270.400,4069.43,-57.89,0.268150,65.00,885.435791,4974.91,0.000047,11085.00
270.450,3290.15,-64.59,0.195978,60.00,837.778625,4827.10,0.000011,10325.00
270.500,1294.44,-76.10,0.110295,50.00,859.356262,3299.71,0.000001,910.00
270.550,367.14,-79.09,0.106838,50.00,398.886322,1542.67,0.000000,140.00
270.600,6117.58,-61.80,0.111239,50.00,247.580185,4669.47,0.000074,11130.00
270.650,6790.28,-56.57,0.115925,70.00,491.702301,4416.74,0.000333,11510.00
270.700,6202.47,-58.84,0.105384,70.00,434.044373,4441.12,0.000189,11170.00
270.750,3453.89,-67.56,0.102495,70.00,211.012787,3752.31,0.000016,7610.00
270.800,2496.09,-71.77,0.102818,70.00,104.239029,3096.30,0.000004,4985.00
270.850,3944.78,-59.53,0.117468,70.00,311.851105,4314.19,0.000184,9360.00
270.900,4538.67,-52.34,0.194385,75.00,731.985535,4402.64,0.000558,10160.00
270.950,4836.02,-52.74,0.167227,75.00,402.180450,4379.66,0.000643,10410.00
271.000,4633.08,-59.32,0.100777,75.00,641.469482,4260.61,0.000158,10025.00
271.050,2694.30,-70.03,0.099009,75.00,232.167450,3263.53,0.000007,5705.00
271.100,3235.97,-70.52,0.101984,75.00,74.011360,3935.08,0.000007,8015.00
271.150,6743.32,-59.05,0.110784,75.00,256.747864,4341.58,0.000159,11370.00
271.200,7089.48,-57.22,0.116091,75.00,307.770050,4233.87,0.000252,11715.00
271.250,5898.66,-62.98,0.104506,70.00,277.580505,4560.59,0.000055,11005.00
271.300,2388.89,-73.58,0.104914,70.00,124.194160,3377.62,0.000003,5585.00
271.350,1967.27,-74.14,0.105834,70.00,57.108856,3133.82,0.000003,4075.00
271.400,4169.64,-59.81,0.134872,70.00,627.735229,4863.75,0.000123,10985.00
271.450,4154.10,-56.70,0.251953,70.00,820.257996,4966.07,0.000089,11145.00
271.500,3710.40,-60.64,0.235866,60.00,699.099487,4896.36,0.000031,10715.00
271.550,2334.58,-69.80,0.123702,55.00,935.175781,3965.93,0.000007,6350.00
271.600,1437.55,-75.36,0.100984,50.00,530.471313,2619.50,0.000001,3385.00
271.650,4639.54,-65.75,0.106833,50.00,161.395035,4637.29,0.000030,10040.00
271.700,6588.09,-57.71,0.117312,50.00,393.398804,4495.33,0.000279,11370.00
271.750,6528.10,-58.14,0.110167,95.00,376.406586,4524.74,0.000273,11380.00
271.800,4675.74,-66.88,0.100465,95.00,431.383942,4656.43,0.000022,9965.00
271.850,1943.12,-75.01,0.101868,95.00,70.390701,3261.31,0.000002,4020.00
271.900,3358.72,-66.03,0.102895,95.00,117.714310,4239.67,0.000023,8930.00
271.950,4343.11,-54.26,0.163918,95.00,761.135071,4364.77,0.000335,9975.00
272.000,4642.72,-52.09,0.191671,100.00,516.896973,4361.63,0.000465,10160.00
272.050,4889.68,-56.16,0.117666,50.00,752.401672,4380.84,0.000307,10415.00
272.100,3315.94,-67.52,0.100389,50.00,380.969116,4177.01,0.000014,8880.00
272.150,775.06,-77.66,0.104130,50.00,73.545967,2054.68,0.000000,940.00
272.200,6069.97,-63.45,0.107398,50.00,181.851105,4752.92,0.000060,11310.00
272.250,7301.39,-58.10,0.112974,95.00,355.856628,4340.89,0.000287,12035.00
272.300,7305.81,-60.62,0.100003,95.00,363.492126,4353.43,0.000159,12025.00
272.350,4097.33,-71.98,0.095860,95.00,241.468903,4736.35,0.000004,9485.00
272.400,687.33,-78.83,0.097688,95.00,35.991077,1979.55,0.000000,380.00
272.450,4177.55,-63.73,0.109340,95.00,314.490082,4941.11,0.000042,11135.00
272.500,4236.77,-57.25,0.217384,105.00,1070.379517,4981.57,0.000087,11185.00
272.550,3811.27,-58.69,0.269012,60.00,816.656311,4932.82,0.000038,10830.00
272.600,2781.68,-67.68,0.162959,60.00,951.425293,4613.83,0.000007,9130.00
272.650,723.00,-78.34,0.097616,45.00,680.502319,2389.32,0.000001,185.00
272.700,1406.06,-76.94,0.104231,50.00,276.302979,3286.63,0.000001,2515.00
272.750,6360.49,-60.30,0.110672,50.00,285.025146,4617.00,0.000099,11370.00
272.800,6610.41,-56.48,0.112966,90.00,347.735260,4475.67,0.000311,11520.00
272.850,5370.99,-59.56,0.098696,95.00,462.267944,4500.84,0.000155,10540.00
272.900,2487.33,-69.46,0.097432,95.00,224.192795,2989.99,0.000010,5160.00
272.950,1949.87,-74.17,0.098300,95.00,87.522903,2764.13,0.000002,4155.00
273.000,4176.99,-56.67,0.135017,95.00,575.830444,4347.54,0.000230,9770.00
273.050,4609.67,-51.71,0.203066,100.00,693.033813,4390.96,0.000466,10185.00
273.100,4836.12,-53.68,0.146471,50.00,614.843750,4392.12,0.000462,10350.00
273.150,4116.90,-62.36,0.104487,50.00,585.471924,4335.50,0.000062,9770.00
273.200,1774.94,-74.51,0.106498,50.00,141.039902,3256.19,0.000002,4070.00
273.250,4181.99,-66.52,0.108627,50.00,77.963127,4662.61,0.000027,9735.00
273.300,6646.48,-57.26,0.113655,50.00,349.035156,4580.24,0.000354,11820.00
273.350,6889.19,-57.29,0.105769,95.00,373.947266,4488.50,0.000403,11935.00
273.400,5194.87,-65.33,0.094549,95.00,325.036835,4697.47,0.000044,10645.00
273.450,2102.54,-74.50,0.096684,95.00,81.340874,3319.04,0.000002,4575.00
273.500,3070.25,-69.39,0.097609,95.00,56.611992,4249.00,0.000012,8345.00
273.550,4329.43,-58.67,0.169637,100.00,812.092102,4971.04,0.000088,11230.00
273.600,4036.53,-57.33,0.273304,65.00,969.017456,4957.24,0.000053,11075.00
273.650,3358.84,-61.80,0.209213,60.00,810.379395,4655.07,0.000022,9975.00
273.700,2106.98,-69.47,0.103657,45.00,926.274170,3261.53,0.000010,4245.00
273.750,1554.88,-74.18,0.103604,50.00,430.879639,2454.35,0.000001,3405.00
273.800,5279.79,-63.51,0.108028,50.00,132.729630,4666.73,0.000047,10585.00
273.850,6814.80,-57.52,0.112412,95.00,343.548096,4446.31,0.000261,11680.00
273.900,6731.74,-59.29,0.098089,95.00,371.716309,4490.18,0.000193,11640.00
273.950,4154.91,-68.34,0.092740,95.00,285.091797,4557.63,0.000014,9705.00
274.000,2067.49,-74.71,0.094033,95.00,50.309204,3396.04,0.000002,4445.00
274.050,3979.76,-61.80,0.100670,95.00,218.531845,4403.34,0.000109,9715.00
274.100,4510.42,-53.05,0.180505,95.00,778.728027,4376.23,0.000488,10125.00
274.150,4753.26,-52.26,0.180920,50.00,426.145203,4367.22,0.000574,10330.00
274.200,4815.50,-57.98,0.108861,50.00,749.504517,4357.77,0.000203,10290.00
274.250,2552.05,-70.79,0.101909,50.00,284.252411,3859.37,0.000006,7330.00
274.300,1338.55,-76.49,0.105091,50.00,44.354641,2999.00,0.000001,2725.00
274.350,6599.89,-60.97,0.110354,50.00,263.429749,4601.05,0.000126,11635.00
274.400,7173.39,-57.72,0.111602,100.00,336.647461,4373.86,0.000335,11950.00
274.450,6756.71,-62.46,0.092688,95.00,478.963867,4560.40,0.000112,11755.00
274.500,2857.43,-74.83,0.090075,95.00,218.862854,4236.33,0.000002,8240.00
274.550,848.32,-78.82,0.091441,95.00,20.629004,2333.17,0.000000,585.00
274.600,4199.89,-61.84,0.123232,95.00,418.261017,4856.60,0.000065,10855.00
274.650,3995.23,-57.40,0.252133,95.00,1044.917114,4879.46,0.000065,10740.00
274.700,3551.82,-60.12,0.278610,55.00,955.112488,4857.23,0.000023,10505.00
274.750,2215.61,-70.16,0.170726,45.00,1009.452759,4237.81,0.000003,7280.00
274.800,461.37,-78.98,0.100793,45.00,605.624390,1783.56,0.000000,145.00
274.850,4072.83,-68.79,0.101944,50.00,170.078827,4699.85,0.000009,9690.00
274.900,6522.84,-58.07,0.113429,50.00,392.312561,4546.53,0.000187,11440.00
274.950,6445.96,-56.63,0.110535,70.00,447.092804,4501.99,0.000301,11370.00
275.000,4642.94,-62.37,0.098109,70.00,407.565643,4361.62,0.000067,9545.00
275.050,2025.86,-73.35,0.099141,70.00,145.770126,2673.39,0.000003,4235.00
275.100,2960.95,-68.44,0.100464,70.00,50.176136,3926.59,0.000015,7165.00
275.150,4450.52,-54.90,0.149241,70.00,634.536743,4447.14,0.000357,10275.00
275.200,4692.57,-51.80,0.192597,75.00,496.317505,4356.35,0.000537,10215.00
275.250,4847.27,-55.31,0.120552,75.00,615.591492,4268.38,0.000421,10120.00
275.300,3629.60,-65.18,0.092265,75.00,448.411163,4099.28,0.000036,8940.00
275.350,1619.80,-74.29,0.094743,75.00,99.185226,2648.36,0.000002,3195.00
275.400,5347.92,-63.21,0.098315,75.00,121.016869,4611.93,0.000056,10485.00
275.450,6973.50,-57.07,0.109347,75.00,295.826050,4312.82,0.000292,11730.00
275.500,6846.73,-58.58,0.103265,70.00,291.565430,4359.30,0.000204,11645.00
275.550,4012.56,-67.50,0.097752,70.00,238.808655,4334.87,0.000017,9040.00
275.600,1706.18,-75.48,0.099060,70.00,66.639557,2793.40,0.000001,3440.00
275.650,3764.74,-64.82,0.103472,70.00,172.159943,4645.21,0.000037,10175.00
275.700,4301.88,-57.45,0.195582,65.00,943.149170,4958.35,0.000101,11200.00
275.750,3850.81,-57.82,0.268639,65.00,700.795959,4886.95,0.000049,10790.00
275.800,2943.50,-63.86,0.178673,60.00,921.241394,4404.26,0.000017,8780.00
275.850,2181.68,-69.54,0.101474,50.00,780.656555,3434.14,0.000011,4620.00
275.900,2327.03,-71.40,0.103087,50.00,347.521729,3579.80,0.000006,5175.00
275.950,5895.07,-60.61,0.107538,50.00,224.333511,4606.49,0.000111,10935.00
276.000,6723.75,-57.08,0.107289,100.00,332.236847,4417.31,0.000333,11390.00
276.050,6218.47,-60.65,0.090341,95.00,403.442810,4544.04,0.000151,11175.00
276.100,2780.51,-71.44,0.088441,95.00,199.620560,3762.38,0.000007,7525.00
276.150,1438.78,-75.52,0.088326,95.00,57.780239,2455.59,0.000001,3055.00
276.200,4228.38,-58.49,0.111318,95.00,401.777618,4421.11,0.000207,9930.00
276.250,4570.65,-52.22,0.194318,95.00,738.854675,4370.06,0.000466,10110.00
276.300,4806.92,-53.14,0.159654,50.00,472.632599,4347.02,0.000481,10235.00
276.350,4653.32,-60.46,0.102631,50.00,666.845215,4414.58,0.000107,10240.00
276.400,1620.85,-74.49,0.102295,50.00,193.029327,3154.35,0.000002,3860.00
276.450,3104.34,-71.60,0.104888,50.00,50.529240,4389.02,0.000005,8695.00
276.500,6758.50,-59.70,0.111553,50.00,399.347229,4535.66,0.000142,11810.00
276.550,7147.71,-58.18,0.115212,95.00,420.318420,4376.94,0.000213,11940.00
276.600,6383.48,-64.71,0.105524,95.00,422.237946,4659.84,0.000032,11490.00
276.650,1713.18,-76.85,0.105484,95.00,119.386902,3401.94,0.000001,5725.00
276.700,2215.96,-74.19,0.106338,95.00,35.217693,4011.73,0.000002,6700.00
276.750,4140.22,-59.93,0.157310,100.00,799.801453,4954.60,0.000068,11110.00
276.800,4047.94,-57.56,0.260664,65.00,909.595764,4976.68,0.000054,11080.00
276.850,3516.08,-62.24,0.231231,60.00,951.353088,4898.73,0.000017,10580.00
276.900,1887.66,-72.83,0.139270,50.00,896.657654,3957.02,0.000002,5820.00
276.950,327.17,-78.88,0.098088,50.00,476.526825,1289.18,0.000000,145.00
277.000,5425.65,-65.47,0.102964,50.00,124.187531,4809.79,0.000026,10890.00
277.050,6859.76,-57.50,0.116060,95.00,366.335602,4448.79,0.000234,11820.00
277.100,6416.09,-57.40,0.113064,95.00,393.223206,4505.97,0.000242,11410.00
277.150,3604.48,-64.39,0.106995,95.00,329.474609,4005.80,0.000034,8285.00
277.200,2081.99,-71.45,0.106770,95.00,125.511856,2693.84,0.000004,4060.00
277.250,3428.22,-64.02,0.110282,95.00,140.185684,4113.45,0.000041,8525.00
277.300,4374.97,-53.78,0.175145,95.00,754.479248,4357.69,0.000347,9875.00
277.350,4660.23,-52.26,0.185956,50.00,485.665955,4330.04,0.000466,10055.00
277.400,4759.82,-57.09,0.113517,50.00,731.313538,4298.06,0.000251,10100.00
277.450,2780.67,-68.24,0.104592,50.00,325.790009,3778.33,0.000012,7280.00
277.500,1451.44,-75.29,0.106984,50.00,60.681126,2550.87,0.000001,3115.00
277.550,5804.42,-61.18,0.111046,50.00,189.867096,4616.35,0.000089,10900.00
277.600,6785.98,-56.86,0.110692,95.00,341.660400,4426.73,0.000332,11545.00
277.650,6396.87,-60.09,0.090183,95.00,410.340515,4565.92,0.000185,11355.00
277.700,3099.45,-70.96,0.088431,95.00,247.925369,4112.11,0.000008,8175.00
277.750,1394.16,-76.40,0.088737,95.00,47.484940,2596.61,0.000001,2730.00
277.800,4316.05,-62.43,0.109690,95.00,310.049469,4937.47,0.000070,11190.00
277.850,4231.14,-57.33,0.232084,95.00,976.519470,5001.03,0.000078,11230.00
277.900,3599.64,-59.14,0.279433,60.00,948.584839,4857.77,0.000031,10530.00
277.950,2394.12,-66.84,0.182100,50.00,960.632874,4099.85,0.000007,6740.00
278.000,1492.22,-73.40,0.105583,45.00,676.247498,2444.50,0.000002,3010.00
278.050,2500.22,-69.86,0.104567,50.00,184.842896,3513.54,0.000008,6135.00
278.100,6410.67,-59.25,0.110745,50.00,302.319336,4564.23,0.000158,11315.00
278.150,7057.11,-57.63,0.104800,95.00,368.111450,4392.88,0.000294,11910.00
278.200,6402.85,-63.38,0.086494,95.00,364.760101,4624.30,0.000069,11440.00
278.250,2200.58,-75.92,0.086091,95.00,135.270309,3658.96,0.000002,6920.00
278.300,2138.27,-74.06,0.088082,95.00,29.068258,3670.43,0.000004,5235.00
278.350,4250.26,-56.25,0.132957,95.00,607.470398,4382.33,0.000299,9855.00
278.400,4627.31,-51.83,0.198597,95.00,621.151611,4390.43,0.000508,10235.00
278.450,4923.64,-54.27,0.139374,50.00,628.779175,4397.68,0.000436,10520.00
278.500,4099.66,-63.74,0.104531,50.00,525.303589,4367.39,0.000041,9805.00
278.550,867.90,-77.26,0.106939,50.00,119.711243,2250.50,0.000000,1150.00
278.600,5166.08,-66.70,0.109637,50.00,86.757729,4812.66,0.000016,10650.00
278.650,7092.50,-58.95,0.114139,50.00,364.195953,4392.15,0.000166,11900.00
278.700,7142.64,-59.60,0.097889,95.00,384.106445,4401.58,0.000183,11930.00
278.750,5433.42,-68.70,0.086640,95.00,380.589691,4849.43,0.000014,10970.00
278.800,1062.20,-78.38,0.089044,95.00,64.669319,2637.05,0.000000,1080.00
278.850,3396.67,-69.14,0.092282,95.00,119.648987,4695.68,0.000012,9710.00
278.900,4148.14,-58.60,0.183703,100.00,965.880493,4962.16,0.000076,11160.00
278.950,3790.43,-57.73,0.288296,65.00,951.742371,4911.07,0.000043,10700.00
279.000,2990.97,-64.08,0.255650,50.00,1095.596191,4688.15,0.000008,9565.00
279.050,1183.90,-75.83,0.148197,50.00,921.513245,3180.78,0.000001,435.00
279.100,278.24,-79.15,0.103202,50.00,374.655945,1224.00,0.000000,135.00
279.150,6202.46,-62.20,0.109518,50.00,213.790222,4673.84,0.000076,11255.00
279.200,6773.70,-56.72,0.116168,50.00,468.275848,4436.33,0.000342,11710.00
279.250,6164.66,-58.85,0.105015,70.00,460.687622,4457.82,0.000205,11210.00
279.300,3565.41,-66.96,0.101709,70.00,236.939743,3828.14,0.000019,7810.00
279.350,2722.90,-70.50,0.102402,70.00,94.248779,3306.80,0.000006,5715.00
279.400,3801.63,-60.02,0.115679,70.00,313.017944,4222.55,0.000124,9125.00
279.450,4532.35,-52.79,0.184483,70.00,686.789978,4356.71,0.000422,10075.00
279.500,4899.87,-52.88,0.156540,75.00,422.710327,4357.63,0.000528,10320.00
279.550,4672.07,-59.11,0.098867,75.00,613.894531,4272.25,0.000179,10085.00
279.600,2771.48,-69.75,0.096959,75.00,224.313522,3265.09,0.000009,5765.00
279.650,2814.95,-71.94,0.100259,75.00,74.458939,3601.46,0.000005,6825.00
279.700,6607.07,-59.78,0.107066,75.00,221.302490,4388.70,0.000141,11335.00
279.750,7002.33,-57.28,0.112459,75.00,305.669525,4287.73,0.000273,11720.00
279.800,5965.34,-62.25,0.104826,70.00,288.457764,4574.56,0.000068,11125.00
279.850,2442.80,-73.00,0.106158,70.00,137.465897,3497.58,0.000003,6210.00
279.900,1718.44,-75.29,0.107374,70.00,37.527668,2821.19,0.000002,3650.00
279.950,3639.05,-61.26,0.143980,70.00,668.272644,4685.94,0.000065,10055.00
280.000,3724.88,-57.64,0.269810,65.00,906.083130,4825.63,0.000055,10515.00
280.050,3263.89,-60.93,0.275476,50.00,906.045044,4710.14,0.000019,9860.00
280.100,2129.96,-69.78,0.164456,45.00,978.946777,3855.66,0.000004,5440.00
280.150,1402.68,-75.86,0.100706,45.00,548.479370,2540.75,0.000001,3260.00
280.200,4156.71,-67.13,0.102721,50.00,142.651443,4583.98,0.000018,9660.00
280.250,6493.86,-58.15,0.112514,50.00,388.856750,4572.49,0.000217,11400.00
280.300,6658.24,-58.09,0.107945,95.00,399.869537,4523.07,0.000236,11575.00
280.350,5078.74,-66.04,0.099448,95.00,389.968994,4701.31,0.000024,10455.00
280.400,1995.39,-74.90,0.100871,95.00,75.679947,3311.83,0.000002,4295.00
280.450,3258.22,-66.73,0.101717,95.00,98.028282,4224.24,0.000020,8650.00
280.500,4463.08,-54.34,0.156682,95.00,734.006836,4440.89,0.000371,10140.00
280.550,4790.79,-51.91,0.186879,50.00,505.806671,4424.60,0.000533,10415.00
280.600,5013.36,-56.00,0.116842,50.00,731.884888,4417.26,0.000339,10545.00
280.650,3417.07,-67.13,0.100190,50.00,382.270691,4243.62,0.000016,9085.00
280.700,799.72,-77.54,0.103536,50.00,73.996101,2096.43,0.000000,1075.00
280.750,5931.56,-63.44,0.106301,50.00,197.250092,4747.73,0.000047,11135.00
280.800,7196.49,-58.22,0.112305,95.00,370.447540,4328.71,0.000216,11900.00
280.850,7257.82,-60.83,0.100342,95.00,346.514862,4300.18,0.000116,11900.00
280.900,4103.05,-71.94,0.095580,95.00,223.446350,4709.12,0.000004,9410.00
280.950,696.61,-78.78,0.097012,95.00,35.611908,1979.16,0.000000,405.00
281.000,4022.63,-64.84,0.104790,95.00,266.011963,4873.28,0.000033,10890.00
281.050,4261.77,-57.81,0.210107,90.00,976.389221,4966.26,0.000076,11190.00
281.100,3700.12,-58.80,0.287061,65.00,1022.511414,4891.43,0.000032,10650.00
281.150,2634.31,-66.83,0.227611,50.00,980.418762,4520.58,0.000004,8650.00
281.200,756.73,-78.23,0.120130,50.00,892.334717,2466.81,0.000000,165.00
281.250,1669.74,-76.62,0.099535,50.00,210.121201,3563.02,0.000001,5815.00
281.300,6374.67,-60.27,0.107807,50.00,308.209961,4676.42,0.000126,11470.00
281.350,6606.33,-56.78,0.110184,95.00,340.058929,4535.59,0.000343,11755.00
281.400,5273.61,-59.97,0.097777,95.00,442.548035,4503.43,0.000154,10300.00
281.450,2472.33,-69.45,0.097290,95.00,201.746185,2939.73,0.000010,4790.00
281.500,1815.08,-74.98,0.097851,95.00,94.188484,2518.47,0.000002,4010.00
281.550,4055.35,-57.31,0.126859,95.00,507.688904,4310.41,0.000279,9625.00
281.600,4560.46,-51.91,0.199609,100.00,728.257996,4362.61,0.000572,10110.00
281.650,4866.06,-53.49,0.151332,50.00,560.015625,4358.54,0.000544,10415.00
281.700,4285.10,-61.48,0.104343,50.00,607.419495,4318.60,0.000081,9845.00
281.750,1792.76,-74.24,0.105628,50.00,159.022888,3266.31,0.000002,4080.00
281.800,3730.06,-67.64,0.107336,50.00,85.043915,4501.71,0.000014,9185.00
281.850,6500.00,-57.98,0.110771,95.00,345.724396,4557.20,0.000230,11445.00
281.900,6912.71,-57.44,0.105305,95.00,368.152740,4432.81,0.000291,11900.00
281.950,5469.13,-64.79,0.094667,95.00,299.029175,4700.94,0.000038,10970.00
282.000,2290.73,-73.89,0.095639,95.00,86.958084,3480.21,0.000003,5165.00
282.050,3303.72,-69.31,0.096479,95.00,53.498898,4399.22,0.000015,9080.00
282.100,4423.59,-58.62,0.165533,100.00,862.462769,5032.26,0.000120,11515.00
282.150,3893.61,-57.38,0.277613,70.00,958.161133,4940.62,0.000065,10970.00
282.200,3001.36,-62.12,0.256442,50.00,1026.312378,4529.96,0.000016,9215.00
282.250,1837.90,-69.84,0.152045,50.00,918.838867,3125.88,0.000004,3955.00
282.300,1658.26,-74.07,0.100606,50.00,441.587097,2568.86,0.000001,3750.00
282.350,5193.25,-63.68,0.104417,50.00,162.432114,4667.36,0.000045,10390.00
282.400,6858.88,-57.37,0.109994,95.00,356.413818,4458.24,0.000274,11880.00
282.450,6905.45,-58.90,0.097608,95.00,364.915894,4471.21,0.000212,11965.00
282.500,4329.28,-68.52,0.091875,95.00,267.781738,4618.45,0.000014,9755.00
282.550,1960.97,-75.30,0.093256,95.00,49.420582,3251.75,0.000002,4270.00
282.600,3889.82,-62.63,0.099300,95.00,191.301605,4367.10,0.000090,9575.00
282.650,4466.33,-53.05,0.179071,95.00,770.943115,4346.01,0.000497,10015.00
282.700,4729.32,-52.20,0.184500,50.00,394.239502,4343.88,0.000589,10205.00
282.750,4833.12,-57.76,0.109325,50.00,729.051147,4372.85,0.000239,10310.00
282.800,2631.56,-70.20,0.101500,50.00,298.057983,3874.89,0.000006,7400.00
282.850,1148.44,-76.96,0.104946,50.00,49.340820,2716.63,0.000001,2005.00
282.900,6383.43,-61.42,0.108894,50.00,279.922272,4637.62,0.000080,11410.00
282.950,7135.13,-58.03,0.108640,100.00,333.318787,4375.62,0.000238,11975.00
283.000,6898.98,-62.30,0.091943,95.00,458.922028,4503.28,0.000087,11880.00
283.050,2974.81,-74.55,0.089784,95.00,196.060333,4320.21,0.000003,8445.00
283.100,715.82,-78.87,0.091329,95.00,22.103962,2065.32,0.000000,570.00
283.150,3970.00,-62.38,0.120572,95.00,469.639435,4864.45,0.000057,10730.00
283.200,3938.08,-57.64,0.244625,100.00,1015.374023,4899.98,0.000063,10835.00
283.250,3488.42,-60.15,0.271407,65.00,959.132324,4841.38,0.000024,10500.00
283.300,2285.00,-69.48,0.190943,50.00,1005.306274,4301.08,0.000003,7630.00
283.350,519.13,-78.93,0.103985,50.00,723.713074,1928.63,0.000000,145.00
283.400,3627.50,-69.74,0.100631,50.00,139.995941,4563.64,0.000007,9160.00
283.450,6335.86,-58.27,0.110602,50.00,411.883148,4523.16,0.000194,11285.00
283.500,6419.08,-56.65,0.109632,70.00,451.981720,4426.81,0.000315,11290.00
283.550,4689.12,-61.99,0.100901,70.00,372.890900,4340.39,0.000072,9640.00
283.600,2027.89,-73.00,0.102627,70.00,152.489761,2710.77,0.000003,4285.00
283.650,2634.68,-70.05,0.103515,70.00,40.399727,3702.73,0.000010,6405.00
283.700,4403.73,-55.19,0.148664,70.00,607.247620,4400.00,0.000325,10000.00
283.750,4679.41,-51.80,0.199471,75.00,555.155212,4355.78,0.000502,10155.00
283.800,4892.76,-54.90,0.125949,75.00,612.402466,4319.56,0.000441,10305.00
283.850,3790.13,-64.42,0.092161,75.00,455.252655,4164.25,0.000044,9315.00
283.900,1538.69,-74.63,0.095336,75.00,110.815437,2518.63,0.000002,3060.00
283.950,5174.98,-63.58,0.098354,75.00,120.410233,4598.08,0.000051,10370.00
284.000,6972.25,-57.18,0.108964,75.00,310.283112,4317.87,0.000292,11720.00
284.050,6949.63,-58.54,0.102931,70.00,278.689514,4329.52,0.000219,11730.00
284.100,4164.94,-66.98,0.096241,70.00,239.551407,4371.37,0.000021,9170.00
284.150,1771.76,-75.26,0.097326,70.00,68.831734,2821.68,0.000001,3585.00
284.200,3448.60,-65.65,0.101226,70.00,165.570282,4460.23,0.000039,9240.00
284.250,4335.72,-57.34,0.187482,70.00,785.371155,4930.63,0.000133,11245.00
284.300,3876.64,-57.39,0.283114,70.00,1029.886475,4907.47,0.000059,10800.00
284.350,2844.87,-63.41,0.232677,50.00,921.594727,4439.21,0.000013,8745.00
284.400,2052.64,-69.95,0.121757,45.00,932.562012,3366.16,0.000006,4340.00
284.450,2314.04,-71.87,0.099489,50.00,286.153015,3568.43,0.000005,5165.00
284.500,5763.56,-61.18,0.103776,50.00,240.662460,4641.67,0.000090,10900.00
284.550,6748.24,-57.06,0.104515,95.00,346.272644,4434.52,0.000304,11495.00
284.600,6377.17,-60.29,0.091432,95.00,375.813171,4537.73,0.000146,11310.00
284.650,2939.27,-70.71,0.089084,95.00,195.516418,3885.56,0.000008,7795.00
284.700,1587.98,-74.90,0.088740,95.00,56.225002,2661.24,0.000002,3290.00
284.750,4207.45,-58.51,0.109216,95.00,406.451202,4482.31,0.000249,10100.00
284.800,4601.01,-52.03,0.190436,165.00,756.449951,4414.21,0.000570,10255.00
284.850,4807.79,-53.02,0.158587,50.00,472.668549,4345.60,0.000567,10245.00
284.900,4594.74,-60.57,0.102401,50.00,663.592957,4348.24,0.000108,10095.00
284.950,1629.50,-74.39,0.101938,50.00,190.745880,3119.41,0.000002,3895.00
285.000,2793.95,-72.10,0.104539,50.00,69.896828,4220.50,0.000004,8245.00
285.050,6685.03,-59.81,0.111108,50.00,412.897003,4538.87,0.000132,11555.00
285.100,7211.29,-58.07,0.116585,95.00,446.587982,4332.22,0.000204,11900.00
285.150,6554.93,-64.37,0.105700,95.00,390.508972,4617.33,0.000033,11525.00
285.200,1837.84,-76.65,0.104929,95.00,122.864952,3534.53,0.000001,6415.00
285.250,2290.56,-74.31,0.105589,95.00,27.010902,4085.86,0.000002,7060.00
285.300,4515.85,-59.59,0.149023,95.00,674.261902,5052.45,0.000079,11555.00
285.350,4139.64,-57.10,0.266562,90.00,1032.711304,5011.58,0.000059,11260.00
285.400,3449.08,-61.78,0.244418,60.00,823.132629,4856.00,0.000017,10495.00
285.450,1802.33,-73.15,0.123259,45.00,994.725220,3855.21,0.000002,5310.00
285.500,326.87,-78.86,0.098541,45.00,397.898712,1299.41,0.000000,145.00
285.550,5274.64,-65.46,0.103487,50.00,138.480194,4809.31,0.000030,10700.00
285.600,6799.18,-57.42,0.115903,95.00,385.411072,4448.16,0.000279,11635.00
285.650,6449.24,-57.37,0.113680,95.00,393.331512,4479.87,0.000274,11350.00
285.700,3661.65,-64.37,0.106885,95.00,302.294586,4033.39,0.000035,8425.00
285.750,2042.30,-71.72,0.105940,95.00,122.645142,2600.37,0.000003,3860.00
285.800,3341.13,-64.27,0.109288,95.00,152.534409,4122.20,0.000039,8445.00
285.850,4427.27,-53.57,0.173320,95.00,799.245117,4428.87,0.000377,10140.00
285.900,4789.39,-51.90,0.186677,50.00,486.256622,4415.15,0.000521,10420.00
285.950,4887.22,-56.66,0.114782,50.00,739.273254,4404.91,0.000281,10435.00
286.000,2906.69,-67.70,0.104175,50.00,334.724823,3881.79,0.000014,7560.00
286.050,1611.71,-74.07,0.106815,50.00,56.573696,2671.80,0.000002,3400.00
286.100,5718.03,-61.16,0.109571,50.00,191.468109,4670.30,0.000109,11005.00
286.150,6801.50,-56.82,0.109961,95.00,352.647461,4470.03,0.000387,11825.00
286.200,6500.11,-60.00,0.089849,95.00,392.610291,4555.97,0.000216,11530.00
286.250,3145.96,-70.93,0.087325,95.00,227.946350,4138.54,0.000008,8195.00
286.300,1374.05,-76.41,0.089102,95.00,33.027416,2588.61,0.000001,2730.00
286.350,4282.68,-63.15,0.105097,95.00,267.744171,4920.21,0.000055,11125.00
286.400,4258.74,-57.53,0.223116,95.00,954.337769,4985.79,0.000073,11155.00
286.450,3713.57,-58.94,0.260770,65.00,788.905640,4864.91,0.000035,10630.00
286.500,2619.83,-66.22,0.182167,50.00,1001.499023,4259.38,0.000008,7705.00
286.550,1494.68,-73.27,0.108327,50.00,700.644165,2512.23,0.000003,2995.00
286.600,2201.51,-70.69,0.102664,50.00,208.344376,3275.94,0.000009,4785.00
286.650,6270.51,-59.56,0.106555,50.00,296.104553,4660.63,0.000204,11415.00
286.700,7120.12,-57.86,0.101612,95.00,381.683594,4432.83,0.000375,12040.00
286.750,6565.98,-63.20,0.086731,95.00,336.784424,4621.37,0.000091,11690.00
286.800,2362.97,-75.40,0.087400,95.00,140.658539,3796.37,0.000002,7360.00
286.850,1777.10,-75.81,0.089428,95.00,23.777905,3394.03,0.000002,3825.00
286.900,4239.89,-56.64,0.128303,95.00,554.363953,4386.51,0.000261,9915.00
286.950,4569.55,-51.91,0.198437,95.00,651.162476,4353.62,0.000465,10155.00
287.000,4848.90,-53.97,0.143814,50.00,568.881714,4335.73,0.000438,10310.00
287.050,4261.82,-62.74,0.103963,50.00,560.319214,4352.62,0.000053,9850.00
287.100,1002.92,-76.82,0.106585,50.00,138.878632,2460.37,0.000001,1655.00
287.150,4639.52,-67.70,0.109324,50.00,81.555641,4836.61,0.000016,10240.00
287.200,7010.57,-58.81,0.111818,50.00,379.218201,4470.66,0.000226,11935.00
287.250,7266.28,-58.98,0.097894,95.00,409.791168,4383.73,0.000279,12045.00
287.300,5953.47,-67.57,0.086555,95.00,353.755646,4842.98,0.000022,11340.00
287.350,1239.99,-78.12,0.088666,95.00,73.816147,2884.43,0.000000,1770.00
287.400,3326.41,-69.59,0.091318,95.00,96.692123,4666.61,0.000011,9675.00
287.450,4356.05,-58.74,0.171127,95.00,743.390015,5015.40,0.000082,11290.00
287.500,4094.51,-57.60,0.265667,65.00,902.070496,4995.23,0.000051,11105.00
287.550,3443.08,-63.61,0.205918,60.00,849.172791,4877.37,0.000014,10495.00
287.600,1510.89,-75.10,0.116941,50.00,885.708984,3557.99,0.000002,3375.00
287.650,222.17,-79.13,0.106290,50.00,430.086273,991.17,0.000000,100.00
287.700,5920.75,-63.06,0.110468,50.00,206.612762,4850.01,0.000071,11295.00
287.750,6862.91,-56.64,0.117019,70.00,500.785339,4526.32,0.000412,11960.00
287.800,6385.52,-58.29,0.110354,70.00,443.713837,4513.23,0.000269,11570.00
287.850,3598.40,-66.78,0.105493,70.00,233.684006,3870.55,0.000018,7920.00
287.900,2611.50,-71.08,0.105280,70.00,88.033569,3176.78,0.000004,5375.00
287.950,3641.76,-61.00,0.116658,70.00,271.286591,4094.00,0.000092,8870.00
288.000,4439.58,-52.85,0.193115,75.00,746.660645,4333.06,0.000390,9960.00
288.050,4851.74,-52.50,0.172108,75.00,385.033142,4384.61,0.000506,10470.00
288.100,4809.31,-58.41,0.101536,75.00,657.676758,4305.35,0.000204,10245.00
288.150,2884.18,-68.87,0.098281,75.00,242.259827,3379.25,0.000012,6105.00
288.200,2764.80,-72.11,0.101274,75.00,80.131775,3611.83,0.000004,6820.00
288.250,6689.31,-59.52,0.109002,75.00,236.436356,4394.29,0.000132,11415.00
288.300,7098.84,-56.89,0.116728,75.00,320.078705,4265.20,0.000257,11835.00
288.350,6106.72,-61.96,0.105957,70.00,279.633606,4551.45,0.000068,11175.00
288.400,2638.57,-72.26,0.106092,70.00,143.155655,3609.45,0.000004,6695.00
288.450,1755.88,-75.09,0.107082,70.00,50.717346,2868.56,0.000002,3845.00
288.500,4063.70,-60.68,0.125928,70.00,530.589722,4784.45,0.000086,10740.00
288.550,4114.87,-56.76,0.242515,70.00,828.567200,4913.59,0.000079,11050.00
288.600,3645.39,-59.98,0.249800,60.00,711.169556,4846.13,0.000028,10575.00
288.650,2413.26,-68.83,0.131606,55.00,987.372131,4036.14,0.000008,6580.00
288.700,1367.78,-75.57,0.100040,50.00,565.333496,2525.11,0.000001,3245.00
288.750,3997.44,-67.42,0.106225,50.00,189.364914,4522.40,0.000015,9465.00
288.800,6615.82,-58.20,0.115529,50.00,377.370392,4546.18,0.000197,11690.00
288.850,6713.40,-57.86,0.110642,95.00,351.811096,4529.86,0.000238,11770.00
288.900,5190.19,-65.29,0.099653,95.00,450.050018,4713.41,0.000029,10570.00
288.950,2040.08,-74.76,0.101282,95.00,93.415192,3341.71,0.000002,4540.00
289.000,2868.45,-68.09,0.102375,95.00,91.561401,3957.67,0.000014,7725.00
289.050,4273.03,-54.65,0.161698,95.00,751.664734,4321.11,0.000314,9860.00
289.100,4617.58,-51.88,0.198872,175.00,551.848694,4318.09,0.000468,10095.00
289.150,4872.97,-55.49,0.122452,50.00,760.386353,4329.35,0.000365,10285.00
289.200,3624.13,-66.20,0.100739,50.00,439.992432,4285.69,0.000021,9255.00
289.250,793.05,-77.49,0.104575,50.00,83.439499,2073.94,0.000000,1080.00
289.300,5989.06,-63.34,0.107440,50.00,158.543991,4771.52,0.000057,11205.00
289.350,7258.35,-57.70,0.113191,95.00,345.112762,4356.55,0.000290,12035.00
289.400,7261.05,-60.11,0.100798,95.00,367.712128,4369.80,0.000173,12030.00
289.450,4258.96,-71.55,0.095841,95.00,256.980377,4784.78,0.000005,9750.00
289.500,731.75,-78.75,0.097711,95.00,38.149887,2057.56,0.000000,450.00
289.550,3829.98,-65.34,0.105552,95.00,255.040817,4828.84,0.000038,10520.00
289.600,4133.63,-57.63,0.209278,105.00,1039.264282,4942.84,0.000102,11090.00
289.650,3849.12,-58.39,0.271817,65.00,838.814697,4923.75,0.000049,10830.00
289.700,3087.83,-66.29,0.170394,60.00,923.888916,4745.23,0.000009,9930.00
289.750,938.89,-77.67,0.095501,45.00,729.525940,2763.55,0.000001,275.00
289.800,966.41,-78.30,0.098067,50.00,293.791473,2738.58,0.000000,290.00
289.850,6340.23,-61.27,0.101196,50.00,233.880280,4626.63,0.000103,11310.00
289.900,6652.08,-57.16,0.102395,90.00,320.631714,4466.95,0.000344,11460.00
289.950,5495.08,-59.97,0.086742,95.00,416.821930,4512.03,0.000190,10555.00
290.000,2586.31,-69.78,0.084001,95.00,217.478149,3060.01,0.000012,5650.00
290.050,1791.55,-75.54,0.083685,95.00,85.344917,2441.29,0.000002,4010.00
290.100,4136.54,-58.37,0.106637,95.00,414.021362,4340.60,0.000288,9740.00
290.150,4578.91,-52.65,0.172247,100.00,636.137268,4359.12,0.000611,10160.00
290.200,4839.97,-54.27,0.130486,50.00,450.938080,4350.35,0.000608,10350.00
290.250,4414.08,-62.35,0.083716,50.00,549.317017,4342.50,0.000093,9945.00
290.300,2002.48,-74.46,0.083200,50.00,136.162231,3479.63,0.000003,4625.00
290.350,3239.26,-70.83,0.083681,50.00,38.960320,4315.66,0.000009,8695.00
290.400,6504.23,-60.36,0.084427,50.00,250.330002,4562.46,0.000189,11415.00
290.450,6978.63,-59.29,0.079027,95.00,279.917969,4403.14,0.000296,11840.00
290.500,5827.15,-65.76,0.069048,95.00,250.553574,4668.09,0.000052,11085.00
290.550,2288.97,-75.57,0.068235,95.00,77.970482,3516.32,0.000003,5485.00
290.600,2723.43,-73.29,0.067641,95.00,27.446396,4017.98,0.000008,7325.00
290.650,4364.20,-61.21,0.118848,100.00,570.143188,4992.17,0.000081,11370.00
290.700,4135.75,-59.01,0.203214,65.00,727.332581,4999.09,0.000056,11210.00
290.750,3617.58,-62.95,0.159443,60.00,594.626099,4819.24,0.000026,10575.00
290.800,2320.22,-70.63,0.071959,45.00,718.219666,3544.44,0.000014,4765.00
290.850,1652.67,-75.10,0.065974,45.00,311.797150,2597.46,0.000002,3580.00
290.900,5147.85,-66.90,0.067566,50.00,79.063622,4645.27,0.000037,10320.00
290.950,6786.36,-60.53,0.069544,95.00,209.189972,4410.98,0.000240,11500.00
291.000,6710.85,-61.98,0.059634,95.00,223.472198,4449.38,0.000207,11505.00
291.050,4333.75,-71.33,0.053959,95.00,188.107010,4595.16,0.000017,9765.00
291.100,1936.28,-77.06,0.053890,95.00,29.796194,3272.94,0.000002,4020.00
291.150,3876.51,-65.95,0.056592,95.00,111.446167,4405.64,0.000080,9685.00
291.200,4467.87,-56.13,0.110225,95.00,479.117920,4407.68,0.000420,10130.00
291.250,4733.93,-55.07,0.113334,50.00,246.755524,4380.66,0.000524,10260.00
291.300,4980.16,-60.57,0.061468,50.00,468.707275,4398.76,0.000286,10480.00
291.350,2890.17,-72.99,0.053343,50.00,182.691574,4044.29,0.000010,8080.00
291.400,901.82,-78.76,0.053771,50.00,26.267796,2312.20,0.000001,1265.00
291.450,6428.77,-66.32,0.054853,50.00,112.322144,4638.97,0.000063,11415.00
291.500,7195.63,-62.47,0.054995,50.00,176.137711,4370.03,0.000210,12010.00
291.550,6881.54,-66.21,0.044911,95.00,233.337051,4542.28,0.000100,11890.00
291.600,3244.34,-77.10,0.042151,95.00,121.417686,4416.58,0.000004,8650.00
291.650,670.46,-79.34,0.041858,95.00,11.288440,1911.93,0.000000,570.00
291.700,4275.59,-66.70,0.057633,95.00,210.885254,4953.12,0.000066,11190.00
291.750,4142.43,-61.46,0.127089,95.00,537.832886,4983.91,0.000071,11165.00
291.800,3714.46,-63.71,0.140050,60.00,469.118042,4941.57,0.000029,10735.00
291.850,2537.90,-73.39,0.080678,50.00,517.651123,4488.82,0.000005,8345.00
291.900,545.39,-79.36,0.042686,45.00,316.154053,2002.85,0.000000,145.00
291.950,3071.65,-76.20,0.041866,50.00,86.569283,4350.30,0.000005,8615.00
292.000,6422.03,-64.62,0.045415,50.00,148.662247,4587.12,0.000169,11105.00
292.050,6530.80,-62.34,0.044856,70.00,180.571426,4513.88,0.000331,11260.00
292.100,4992.27,-67.20,0.037954,70.00,169.091095,4450.96,0.000107,9965.00
292.150,2203.87,-75.89,0.037453,70.00,62.802055,2828.42,0.000006,4440.00
292.200,2520.42,-75.60,0.037290,70.00,18.549189,3530.89,0.000011,5890.00
292.250,4344.46,-61.16,0.056842,70.00,248.430176,4356.36,0.000321,9915.00
292.300,4694.41,-57.59,0.076923,75.00,201.729858,4334.37,0.000504,10120.00
292.350,4945.29,-60.65,0.046625,75.00,236.271179,4295.18,0.000488,10220.00
292.400,3916.58,-70.27,0.031835,75.00,184.896698,4226.80,0.000061,9465.00
292.450,1589.82,-77.35,0.031362,75.00,39.324898,2576.09,0.000003,3205.00
292.500,4961.36,-71.27,0.031853,75.00,33.832138,4604.06,0.000051,10240.00
292.550,6975.52,-64.56,0.034633,75.00,90.373772,4331.09,0.000289,11750.00
292.600,7000.78,-65.49,0.032563,70.00,91.105644,4337.70,0.000242,11815.00
292.650,4500.43,-73.30,0.029308,70.00,78.040688,4491.46,0.000032,9685.00
292.700,1782.48,-78.20,0.029124,70.00,23.436581,2890.49,0.000002,3865.00
292.750,3320.48,-73.80,0.029822,70.00,43.216732,4415.67,0.000029,9100.00
292.800,4172.27,-65.07,0.062291,65.00,310.388855,4922.28,0.000086,11120.00
292.850,3982.08,-64.33,0.090323,65.00,232.404236,4936.19,0.000052,10955.00
292.900,3402.65,-69.74,0.057825,60.00,303.613800,4711.08,0.000026,10145.00
292.950,2202.78,-75.66,0.028438,55.00,260.366058,3488.90,0.000014,4855.00
293.000,2324.49,-76.95,0.027184,50.00,105.973061,3559.68,0.000008,5160.00
293.050,5614.07,-69.95,0.027770,50.00,47.514637,4663.79,0.000096,10825.00
293.100,6676.76,-65.70,0.027421,100.00,84.831543,4488.98,0.000332,11575.00
293.150,6330.72,-68.58,0.022951,95.00,103.114288,4573.80,0.000207,11305.00
293.200,3050.06,-77.11,0.021838,95.00,55.667381,3949.48,0.000015,7860.00
293.250,1483.50,-78.22,0.021318,95.00,13.898407,2498.31,0.000002,3060.00
293.300,4085.83,-67.74,0.026606,95.00,92.934685,4383.90,0.000204,9720.00
293.350,4537.83,-60.76,0.050069,95.00,196.965347,4405.26,0.000467,10225.00
293.400,4816.97,-61.33,0.041178,50.00,115.234962,4392.13,0.000533,10455.00
293.450,4750.50,-68.58,0.023198,50.00,180.407303,4394.86,0.000176,10285.00
293.500,1871.82,-78.71,0.022111,50.00,50.898285,3355.76,0.000005,4875.00
293.550,2576.02,-78.86,0.022102,50.00,7.416746,4112.39,0.000007,7975.00
293.600,6765.18,-69.73,0.022765,50.00,78.575691,4628.29,0.000165,11885.00
293.650,7254.18,-67.90,0.023202,95.00,81.961777,4445.76,0.000267,12065.00
293.700,6647.83,-73.17,0.020807,95.00,88.869354,4677.68,0.000064,11795.00
293.750,1961.40,-79.47,0.020503,95.00,27.507660,3629.02,0.000002,6815.00
293.800,1643.01,-79.54,0.020239,95.00,4.238072,3482.85,0.000002,3630.00
293.850,4257.61,-70.21,0.029095,100.00,142.346008,4995.01,0.000084,11255.00
293.900,4179.89,-66.99,0.053862,65.00,198.965424,5010.55,0.000064,11230.00
293.950,3742.43,-70.76,0.046831,60.00,162.917862,4950.86,0.000030,10800.00
294.000,2276.81,-78.73,0.025257,50.00,198.356415,4252.92,0.000006,7495.00
294.050,409.18,-79.56,0.016888,50.00,95.908127,1549.93,0.000000,150.00
294.100,5001.61,-76.48,0.017257,50.00,22.287216,4819.42,0.000032,10540.00
294.150,6849.19,-68.98,0.018908,50.00,58.494202,4449.38,0.000242,11760.00
294.200,6526.18,-68.49,0.018146,95.00,63.770901,4485.96,0.000292,11420.00
294.250,3908.76,-74.30,0.016827,95.00,56.034737,4150.76,0.000064,8780.00
294.300,2057.20,-77.30,0.016378,95.00,21.039742,2665.39,0.000007,4010.00
294.350,3298.90,-75.59,0.016483,95.00,19.978779,4102.14,0.000052,8375.00
294.400,4353.08,-65.09,0.029086,95.00,130.229645,4401.43,0.000369,9935.00
294.450,4637.15,-63.08,0.032626,50.00,77.237167,4373.15,0.000510,10140.00
294.500,4823.48,-67.69,0.017642,50.00,129.882431,4331.47,0.000399,10240.00
294.550,3124.29,-76.88,0.014525,50.00,59.649994,3969.21,0.000037,8170.00
294.600,1481.63,-78.91,0.014525,50.00,10.476694,2585.86,0.000003,3215.00
294.650,5605.51,-73.97,0.014707,50.00,20.571081,4686.87,0.000098,10985.00
294.700,6887.86,-69.45,0.014644,50.00,45.272106,4456.06,0.000354,11940.00
294.750,6634.35,-71.77,0.011683,95.00,52.706306,4543.35,0.000291,11780.00
294.800,3500.12,-78.61,0.010968,95.00,35.843647,4308.11,0.000024,8705.00
294.850,1580.78,-79.24,0.010727,95.00,7.122629,2885.42,0.000004,3230.00
294.900,4290.85,-75.54,0.012840,95.00,36.636990,4924.09,0.000094,11185.00
294.950,4345.07,-69.86,0.030309,95.00,131.509476,5022.46,0.000088,11435.00
295.000,3769.01,-70.99,0.037807,60.00,127.778976,4906.41,0.000043,10780.00
295.050,2662.38,-77.24,0.025023,50.00,132.487091,4336.82,0.000014,8085.00
295.100,1473.36,-78.60,0.012649,45.00,102.391747,2536.59,0.000005,3005.00
295.150,2038.37,-78.69,0.011523,50.00,23.207441,3096.42,0.000011,4475.00
295.200,6255.46,-73.12,0.011740,50.00,29.908594,4585.15,0.000193,11240.00
295.250,7075.19,-71.19,0.010978,95.00,36.803017,4365.65,0.000382,11895.00
295.300,6638.52,-75.46,0.008735,95.00,39.038616,4549.24,0.000173,11655.00
295.350,2536.15,-79.67,0.008393,95.00,16.331480,3900.14,0.000008,7625.00
295.400,1653.27,-79.70,0.008362,95.00,2.158577,3198.81,0.000005,3495.00
295.450,4223.22,-70.61,0.012784,95.00,60.743454,4389.15,0.000348,9875.00
295.500,4536.21,-65.96,0.021173,95.00,70.045029,4359.74,0.000477,10125.00
295.550,4794.85,-68.01,0.014808,50.00,61.202366,4334.25,0.000498,10255.00
295.600,4312.64,-75.88,0.009479,50.00,61.730766,4345.61,0.000120,9915.00
295.650,1131.75,-79.70,0.009338,50.00,14.173432,2627.85,0.000002,2095.00
295.700,4496.12,-79.02,0.009300,50.00,5.106440,4804.80,0.000029,10100.00
295.750,7015.40,-73.82,0.009547,50.00,29.285892,4442.64,0.000236,11860.00
295.800,7170.28,-73.71,0.008136,95.00,29.765911,4384.37,0.000321,11910.00
295.850,5981.98,-78.62,0.006501,95.00,33.433292,4791.90,0.000066,11270.00
295.900,1396.37,-79.84,0.006381,95.00,6.758676,3052.34,0.000003,2485.00
295.950,3216.85,-79.61,0.006251,95.00,5.735620,4650.54,0.000027,9635.00
296.000,4302.28,-74.90,0.011894,90.00,62.247864,5046.63,0.000130,11450.00
296.050,4023.09,-73.59,0.019914,85.00,67.571053,5014.22,0.000070,11165.00
296.100,3279.24,-77.80,0.017299,50.00,69.825699,4821.28,0.000022,10315.00
296.150,1446.66,-79.70,0.009112,50.00,66.346169,3502.38,0.000004,2280.00
296.200,449.01,-79.82,0.005615,50.00,26.851625,1698.91,0.000001,145.00
296.250,5812.67,-78.75,0.005560,50.00,8.632027,4786.19,0.000096,11080.00
296.300,6742.78,-75.37,0.005604,50.00,23.029644,4473.37,0.000442,11680.00
296.350,6325.45,-76.34,0.004920,70.00,22.475101,4467.95,0.000410,11280.00
296.400,3761.64,-79.07,0.004473,70.00,12.403003,3972.08,0.000071,8280.00
296.450,2639.76,-79.27,0.004214,70.00,4.313143,3235.54,0.000021,5220.00
296.500,3760.97,-78.21,0.004378,70.00,10.043535,4232.66,0.000224,9080.00
296.550,4431.15,-72.77,0.007436,70.00,30.200254,4337.21,0.000538,9940.00
296.600,4718.34,-72.53,0.006673,75.00,14.279083,4316.58,0.000697,10140.00
296.650,4813.43,-77.06,0.003339,75.00,27.715822,4273.00,0.000633,10150.00
296.700,3002.80,-79.48,0.002864,75.00,9.283175,3455.92,0.000060,6365.00
296.750,2451.98,-79.72,0.002736,75.00,2.708548,3175.27,0.000015,5565.00
296.800,6599.50,-78.93,0.002736,75.00,5.251391,4453.33,0.000387,11600.00
296.850,7241.78,-77.74,0.002801,75.00,7.549699,4263.40,0.000758,12025.00
296.900,6459.20,-79.25,0.002351,70.00,7.258952,4504.48,0.000380,11435.00
296.950,2769.92,-79.78,0.002135,70.00,4.064094,3732.88,0.000027,7310.00
297.000,1710.03,-79.81,0.002003,70.00,1.062052,2732.07,0.000008,3655.00
297.050,3942.86,-79.52,0.002239,70.00,9.290740,4808.68,0.000227,10720.00
297.100,4112.11,-78.97,0.004211,65.00,15.101691,4965.73,0.000180,11140.00
297.150,3625.42,-79.43,0.004399,50.00,13.342533,4877.96,0.000086,10660.00
297.200,2352.20,-79.78,0.002707,50.00,15.552240,4124.44,0.000024,6885.00
297.250,1518.28,-79.88,0.001208,45.00,11.548890,2715.98,0.000013,3450.00
297.300,3084.60,-79.90,0.000959,50.00,2.287514,4139.21,0.000072,8300.00
297.350,6335.81,-79.79,0.000908,50.00,3.183621,4634.46,0.000820,11350.00
297.400,6777.26,-79.75,0.000788,95.00,2.869589,4509.49,0.001324,11795.00
297.450,5812.61,-79.95,0.000576,95.00,3.054853,4670.58,0.000453,11070.00
297.500,2257.24,-79.96,0.000468,95.00,0.917682,3432.14,0.000051,5715.00
297.550,2326.55,-79.97,0.000372,95.00,0.632781,3498.44,0.000084,5560.00
297.600,3601.59,-79.97,0.000288,95.00,0.922051,3908.53,0.001344,8550.00

=== STATISTIKEN ===

Feature,Minimum,Maximum,Durchschnitt
Spektral Centroid (Hz),0.00,7509.30,3818.42
Power (dB),-80.00,-50.69,-62.48
Energy,0.00,0.30,0.13
Peak Frequenz (Hz),0.00,10755.00,97.04
Spectral Flux,0.00,1095.60,447.65
Bandbreite (Hz),0.00,5078.70,3889.62
Spectral Flatness,0.00,1.00,0.00
Spectral Rolloff (Hz),0.00,12815.00,8099.60
