file;cfar;boundary_idx;time_s;time_ms;score;threshold
interleaved_pod_1k_60sec_rand;0;0;0.055374;55.374;1.000000;0.666676
interleaved_pod_1k_60sec_rand;0;1;0.093288;93.288;1.000000;0.666676
interleaved_pod_1k_60sec_rand;0;2;0.136689;136.689;0.988624;0.666676
interleaved_pod_1k_60sec_rand;0;3;0.158639;158.639;1.000000;0.666676
interleaved_pod_1k_60sec_rand;0;4;0.165125;165.125;0.978066;0.666676
interleaved_pod_1k_60sec_rand;0;5;0.172109;172.109;1.000000;0.666676
interleaved_pod_1k_60sec_rand;0;6;0.179592;179.592;0.983400;0.666676
interleaved_pod_1k_60sec_rand;0;7;0.230476;230.476;1.000000;0.666676
interleaved_pod_1k_60sec_rand;0;8;0.235964;235.964;0.684173;0.666676
interleaved_pod_1k_60sec_rand;0;9;0.242449;242.449;0.700977;0.666676
interleaved_pod_1k_60sec_rand;0;10;0.249932;249.932;0.812645;0.666676
interleaved_pod_1k_60sec_rand;0;11;0.259909;259.909;1.000000;0.666676
interleaved_pod_1k_60sec_rand;0;12;0.267392;267.392;0.787166;0.666676
interleaved_pod_1k_60sec_rand;0;13;0.274875;274.875;0.741650;0.666676
interleaved_pod_1k_60sec_rand;0;14;0.280363;280.363;0.968177;0.666676
interleaved_pod_1k_60sec_rand;0;15;0.292336;292.336;1.000000;0.666676
interleaved_pod_1k_60sec_rand;0;16;0.303810;303.810;1.000000;0.666676
interleaved_pod_1k_60sec_rand;0;17;0.316281;316.281;1.000000;0.666676
interleaved_pod_1k_60sec_rand;0;18;0.323764;323.764;0.693708;0.666676
interleaved_pod_1k_60sec_rand;0;19;0.372653;372.653;1.000000;0.666676
interleaved_pod_1k_60sec_rand;0;20;0.416553;416.553;1.000000;0.666676
interleaved_pod_1k_60sec_rand;0;21;0.435510;435.510;1.000000;0.666676
interleaved_pod_1k_60sec_rand;0;22;0.454467;454.467;1.000000;0.666676
interleaved_pod_1k_60sec_rand;0;23;0.495374;495.374;1.000000;0.666676
interleaved_pod_1k_60sec_rand;0;24;0.536281;536.281;1.000000;0.666676
interleaved_pod_1k_60sec_rand;0;25;0.568707;568.707;1.000000;0.666676
interleaved_pod_1k_60sec_rand;0;26;0.600635;600.635;1.000000;0.666676
interleaved_pod_1k_60sec_rand;0;27;0.630567;630.567;1.000000;0.666676
interleaved_pod_1k_60sec_rand;0;28;0.660499;660.499;1.000000;0.666676
interleaved_pod_1k_60sec_rand;0;29;0.681451;681.451;1.000000;0.666676
interleaved_pod_1k_60sec_rand;0;30;0.690930;690.930;0.722378;0.666676
interleaved_pod_1k_60sec_rand;0;31;0.702404;702.404;1.000000;0.666676
interleaved_pod_1k_60sec_rand;0;32;0.734331;734.331;1.000000;0.666676
interleaved_pod_1k_60sec_rand;0;33;0.766757;766.757;0.906430;0.666676
interleaved_pod_1k_60sec_rand;0;34;0.792698;792.698;1.000000;0.666676
interleaved_pod_1k_60sec_rand;0;35;0.818639;818.639;1.000000;0.666676
interleaved_pod_1k_60sec_rand;0;36;0.837596;837.596;1.000000;0.666676
interleaved_pod_1k_60sec_rand;0;37;0.856553;856.553;1.000000;0.666676
interleaved_pod_1k_60sec_rand;0;38;0.890476;890.476;1.000000;0.666676
interleaved_pod_1k_60sec_rand;0;39;0.924399;924.399;1.000000;0.666676
interleaved_pod_1k_60sec_rand;0;40;0.940363;940.363;1.000000;0.666676
interleaved_pod_1k_60sec_rand;0;41;0.956327;956.327;0.978523;0.666676
interleaved_pod_1k_60sec_rand;0;42;0.984762;984.762;0.982718;0.666676
interleaved_pod_1k_60sec_rand;0;43;1.012698;1012.698;1.000000;0.666676
interleaved_pod_1k_60sec_rand;0;44;1.035646;1035.646;1.000000;0.666676
interleaved_pod_1k_60sec_rand;0;45;1.058594;1058.594;1.000000;0.666676
interleaved_pod_1k_60sec_rand;0;46;1.103492;1103.492;1.000000;0.666676
interleaved_pod_1k_60sec_rand;0;47;1.148390;1148.390;1.000000;0.666676
interleaved_pod_1k_60sec_rand;0;48;1.181315;1181.315;1.000000;0.666676
interleaved_pod_1k_60sec_rand;0;49;1.214739;1214.739;0.895313;0.666676
interleaved_pod_1k_60sec_rand;0;50;1.251655;1251.655;1.000000;0.666676
interleaved_pod_1k_60sec_rand;0;51;1.288571;1288.571;1.000000;0.666676
interleaved_pod_1k_60sec_rand;0;52;1.310522;1310.522;1.000000;0.666676
interleaved_pod_1k_60sec_rand;0;53;1.332472;1332.472;1.000000;0.666676
interleaved_pod_1k_60sec_rand;0;54;1.369388;1369.388;1.000000;0.666676
interleaved_pod_1k_60sec_rand;0;55;1.406304;1406.304;1.000000;0.666676
interleaved_pod_1k_60sec_rand;0;56;1.450703;1450.703;1.000000;0.666676
interleaved_pod_1k_60sec_rand;0;57;1.494603;1494.603;1.000000;0.666676
interleaved_pod_1k_60sec_rand;0;58;1.516553;1516.553;1.000000;0.666676
interleaved_pod_1k_60sec_rand;0;59;1.538503;1538.503;1.000000;0.666676
interleaved_pod_1k_60sec_rand;0;60;1.552472;1552.472;1.000000;0.666676
interleaved_pod_1k_60sec_rand;0;61;1.566440;1566.440;1.000000;0.666676
interleaved_pod_1k_60sec_rand;0;62;1.580408;1580.408;1.000000;0.666676
interleaved_pod_1k_60sec_rand;0;63;1.594376;1594.376;1.000000;0.666676
interleaved_pod_1k_60sec_rand;0;64;1.632290;1632.290;0.956935;0.666676
interleaved_pod_1k_60sec_rand;0;65;1.670703;1670.703;1.000000;0.666676
interleaved_pod_1k_60sec_rand;0;66;1.705624;1705.624;1.000000;0.666676
interleaved_pod_1k_60sec_rand;0;67;1.740544;1740.544;1.000000;0.666676
interleaved_pod_1k_60sec_rand;0;68;1.783447;1783.447;1.000000;0.666676
interleaved_pod_1k_60sec_rand;0;69;1.826349;1826.349;1.000000;0.666676
interleaved_pod_1k_60sec_rand;0;70;1.842313;1842.313;1.000000;0.666676
interleaved_pod_1k_60sec_rand;0;71;1.858277;1858.277;0.950482;0.666676
interleaved_pod_1k_60sec_rand;0;72;1.900680;1900.680;1.000000;0.666676
interleaved_pod_1k_60sec_rand;0;73;1.942585;1942.585;1.000000;0.666676
interleaved_pod_1k_60sec_rand;0;74;1.964535;1964.535;1.000000;0.666676
interleaved_pod_1k_60sec_rand;0;75;1.986485;1986.485;1.000000;0.666676
interleaved_pod_1k_60sec_rand;0;76;2.017415;2017.415;1.000000;0.666676
interleaved_pod_1k_60sec_rand;0;77;2.048345;2048.345;1.000000;0.666676
interleaved_pod_1k_60sec_rand;0;78;2.086259;2086.259;0.953848;0.666676
interleaved_pod_1k_60sec_rand;0;79;2.124671;2124.671;1.000000;0.666676
interleaved_pod_1k_60sec_rand;0;80;2.163583;2163.583;1.000000;0.666676
interleaved_pod_1k_60sec_rand;0;81;2.202494;2202.494;1.000000;0.666676
interleaved_pod_1k_60sec_rand;0;82;2.232426;2232.426;1.000000;0.666676
interleaved_pod_1k_60sec_rand;0;83;2.262358;2262.358;1.000000;0.666676
interleaved_pod_1k_60sec_rand;0;84;2.288299;2288.299;1.000000;0.666676
interleaved_pod_1k_60sec_rand;0;85;2.314739;2314.739;1.000000;0.666676
interleaved_pod_1k_60sec_rand;0;86;2.332698;2332.698;1.000000;0.666676
interleaved_pod_1k_60sec_rand;0;87;2.350658;2350.658;1.000000;0.666676
interleaved_pod_1k_60sec_rand;0;88;2.379592;2379.592;1.000000;0.666676
interleaved_pod_1k_60sec_rand;0;89;2.408526;2408.526;1.000000;0.666676
interleaved_pod_1k_60sec_rand;0;90;2.440454;2440.454;1.000000;0.666676
interleaved_pod_1k_60sec_rand;0;91;2.472381;2472.381;1.000000;0.666676
interleaved_pod_1k_60sec_rand;0;92;2.506304;2506.304;1.000000;0.666676
interleaved_pod_1k_60sec_rand;0;93;2.540726;2540.726;1.000000;0.666676
interleaved_pod_1k_60sec_rand;0;94;2.585624;2585.624;1.000000;0.666676
interleaved_pod_1k_60sec_rand;0;95;2.630522;2630.522;1.000000;0.666676
interleaved_pod_1k_60sec_rand;0;96;2.668435;2668.435;1.000000;0.666676
interleaved_pod_1k_60sec_rand;0;97;2.706349;2706.349;1.000000;0.666676
interleaved_pod_1k_60sec_rand;0;98;2.721315;2721.315;1.000000;0.666676
interleaved_pod_1k_60sec_rand;0;99;2.736281;2736.281;0.964804;0.666676
interleaved_pod_1k_60sec_rand;0;100;2.772698;2772.698;1.000000;0.666676
interleaved_pod_1k_60sec_rand;0;101;2.808617;2808.617;1.000000;0.666676
interleaved_pod_1k_60sec_rand;0;102;2.847528;2847.528;1.000000;0.666676
interleaved_pod_1k_60sec_rand;0;103;2.886440;2886.440;1.000000;0.666676
interleaved_pod_1k_60sec_rand;0;104;2.899410;2899.410;1.000000;0.666676
interleaved_pod_1k_60sec_rand;0;105;2.912381;2912.381;1.000000;0.666676
interleaved_pod_1k_60sec_rand;0;106;2.933333;2933.333;1.000000;0.666676
interleaved_pod_1k_60sec_rand;0;107;2.954286;2954.286;1.000000;0.666676
interleaved_pod_1k_60sec_rand;0;108;3.004671;3004.671;1.000000;0.666676
interleaved_pod_1k_60sec_rand;0;109;3.054558;3054.558;1.000000;0.666676
interleaved_pod_1k_60sec_rand;0;110;3.065533;3065.533;1.000000;0.666676
interleaved_pod_1k_60sec_rand;0;111;3.076508;3076.508;1.000000;0.666676
interleaved_pod_1k_60sec_rand;0;112;3.105442;3105.442;1.000000;0.666676
interleaved_pod_1k_60sec_rand;0;113;3.134376;3134.376;1.000000;0.666676
interleaved_pod_1k_60sec_rand;0;114;3.155329;3155.329;1.000000;0.666676
interleaved_pod_1k_60sec_rand;0;115;3.176281;3176.281;0.981077;0.666676
interleaved_pod_1k_60sec_rand;0;116;3.202721;3202.721;1.000000;0.666676
interleaved_pod_1k_60sec_rand;0;117;3.228662;3228.662;1.000000;0.666676
interleaved_pod_1k_60sec_rand;0;118;3.257596;3257.596;1.000000;0.666676
interleaved_pod_1k_60sec_rand;0;119;3.286531;3286.531;1.000000;0.666676
interleaved_pod_1k_60sec_rand;0;120;3.303492;3303.492;1.000000;0.666676
interleaved_pod_1k_60sec_rand;0;121;3.320454;3320.454;1.000000;0.666676
interleaved_pod_1k_60sec_rand;0;122;3.352381;3352.381;1.000000;0.666676
interleaved_pod_1k_60sec_rand;0;123;3.384308;3384.308;1.000000;0.666676
interleaved_pod_1k_60sec_rand;0;124;3.407256;3407.256;0.890032;0.666676
interleaved_pod_1k_60sec_rand;0;125;3.430703;3430.703;0.989515;0.666676
interleaved_pod_1k_60sec_rand;0;126;3.460635;3460.635;1.000000;0.666676
interleaved_pod_1k_60sec_rand;0;127;3.490567;3490.567;1.000000;0.666676
interleaved_pod_1k_60sec_rand;0;128;3.501542;3501.542;1.000000;0.666676
interleaved_pod_1k_60sec_rand;0;129;3.512517;3512.517;1.000000;0.666676
interleaved_pod_1k_60sec_rand;0;130;3.527483;3527.483;1.000000;0.666676
interleaved_pod_1k_60sec_rand;0;131;3.542449;3542.449;1.000000;0.666676
interleaved_pod_1k_60sec_rand;0;132;3.560408;3560.408;1.000000;0.666676
interleaved_pod_1k_60sec_rand;0;133;3.578367;3578.367;1.000000;0.666676
interleaved_pod_1k_60sec_rand;0;134;3.625261;3625.261;0.968165;0.666676
interleaved_pod_1k_60sec_rand;0;135;3.672653;3672.653;1.000000;0.666676
interleaved_pod_1k_60sec_rand;0;136;3.706576;3706.576;1.000000;0.666676
interleaved_pod_1k_60sec_rand;0;137;3.740499;3740.499;1.000000;0.666676
interleaved_pod_1k_60sec_rand;0;138;3.768435;3768.435;1.000000;0.666676
interleaved_pod_1k_60sec_rand;0;139;3.796372;3796.372;1.000000;0.666676
interleaved_pod_1k_60sec_rand;0;140;3.842766;3842.766;0.915041;0.666676
interleaved_pod_1k_60sec_rand;0;141;3.888662;3888.662;1.000000;0.666676
interleaved_pod_1k_60sec_rand;0;142;3.909615;3909.615;1.000000;0.666676
interleaved_pod_1k_60sec_rand;0;143;3.930567;3930.567;1.000000;0.666676
interleaved_pod_1k_60sec_rand;0;144;3.955510;3955.510;1.000000;0.666676
interleaved_pod_1k_60sec_rand;0;145;3.980454;3980.454;1.000000;0.666676
interleaved_pod_1k_60sec_rand;0;146;4.020363;4020.363;1.000000;0.666676
interleaved_pod_1k_60sec_rand;0;147;4.060272;4060.272;1.000000;0.666676
interleaved_pod_1k_60sec_rand;0;148;4.079728;4079.728;1.000000;0.666676
interleaved_pod_1k_60sec_rand;0;149;4.098685;4098.685;1.000000;0.666676
interleaved_pod_1k_60sec_rand;0;150;4.148571;4148.571;1.000000;0.666676
interleaved_pod_1k_60sec_rand;0;151;4.198458;4198.458;1.000000;0.666676
interleaved_pod_1k_60sec_rand;0;152;4.242358;4242.358;1.000000;0.666676
interleaved_pod_1k_60sec_rand;0;153;4.286757;4286.757;0.871340;0.666676
interleaved_pod_1k_60sec_rand;0;154;4.323673;4323.673;1.000000;0.666676
interleaved_pod_1k_60sec_rand;0;155;4.360590;4360.590;1.000000;0.666676
interleaved_pod_1k_60sec_rand;0;156;4.405488;4405.488;1.000000;0.666676
interleaved_pod_1k_60sec_rand;0;157;4.450385;4450.385;1.000000;0.666676
interleaved_pod_1k_60sec_rand;0;158;4.490295;4490.295;1.000000;0.666676
interleaved_pod_1k_60sec_rand;0;159;4.530703;4530.703;1.000000;0.666676
interleaved_pod_1k_60sec_rand;0;160;4.569615;4569.615;1.000000;0.666676
interleaved_pod_1k_60sec_rand;0;161;4.608526;4608.526;1.000000;0.666676
interleaved_pod_1k_60sec_rand;0;162;4.627483;4627.483;1.000000;0.666676
interleaved_pod_1k_60sec_rand;0;163;4.646440;4646.440;1.000000;0.666676
interleaved_pod_1k_60sec_rand;0;164;4.686349;4686.349;1.000000;0.666676
interleaved_pod_1k_60sec_rand;0;165;4.726259;4726.259;0.981159;0.666676
interleaved_pod_1k_60sec_rand;0;166;4.775646;4775.646;1.000000;0.666676
interleaved_pod_1k_60sec_rand;0;167;4.824535;4824.535;1.000000;0.666676
interleaved_pod_1k_60sec_rand;0;168;4.842494;4842.494;1.000000;0.666676
interleaved_pod_1k_60sec_rand;0;169;4.860454;4860.454;1.000000;0.666676
interleaved_pod_1k_60sec_rand;0;170;4.889388;4889.388;1.000000;0.666676
interleaved_pod_1k_60sec_rand;0;171;4.918322;4918.322;1.000000;0.666676
interleaved_pod_1k_60sec_rand;0;172;4.930295;4930.295;1.000000;0.666676
interleaved_pod_1k_60sec_rand;0;173;4.942268;4942.268;1.000000;0.666676
interleaved_pod_1k_60sec_rand;0;174;4.969705;4969.705;1.000000;0.666676
interleaved_pod_1k_60sec_rand;0;175;4.996644;4996.644;1.000000;0.666676
interleaved_pod_1k_60sec_rand;0;176;5.009615;5009.615;1.000000;0.666676
interleaved_pod_1k_60sec_rand;0;177;5.022585;5022.585;1.000000;0.666676
interleaved_pod_1k_60sec_rand;0;178;5.059501;5059.501;1.000000;0.666676
interleaved_pod_1k_60sec_rand;0;179;5.096417;5096.417;1.000000;0.666676
interleaved_pod_1k_60sec_rand;0;180;5.138322;5138.322;1.000000;0.666676
interleaved_pod_1k_60sec_rand;0;181;5.180726;5180.726;1.000000;0.666676
interleaved_pod_1k_60sec_rand;0;182;5.191701;5191.701;1.000000;0.666676
interleaved_pod_1k_60sec_rand;0;183;5.202676;5202.676;1.000000;0.666676
interleaved_pod_1k_60sec_rand;0;184;5.226621;5226.621;1.000000;0.666676
interleaved_pod_1k_60sec_rand;0;185;5.250567;5250.567;1.000000;0.666676
interleaved_pod_1k_60sec_rand;0;186;5.286485;5286.485;1.000000;0.666676
interleaved_pod_1k_60sec_rand;0;187;5.322404;5322.404;1.000000;0.666676
interleaved_pod_1k_60sec_rand;0;188;5.364308;5364.308;1.000000;0.666676
interleaved_pod_1k_60sec_rand;0;189;5.406712;5406.712;1.000000;0.666676
interleaved_pod_1k_60sec_rand;0;190;5.417687;5417.687;1.000000;0.666676
interleaved_pod_1k_60sec_rand;0;191;5.428662;5428.662;1.000000;0.666676
interleaved_pod_1k_60sec_rand;0;192;5.454603;5454.603;1.000000;0.666676
interleaved_pod_1k_60sec_rand;0;193;5.480544;5480.544;1.000000;0.666676
interleaved_pod_1k_60sec_rand;0;194;5.514467;5514.467;1.000000;0.666676
interleaved_pod_1k_60sec_rand;0;195;5.548390;5548.390;1.000000;0.666676
interleaved_pod_1k_60sec_rand;0;196;5.597279;5597.279;1.000000;0.666676
interleaved_pod_1k_60sec_rand;0;197;5.646667;5646.667;1.000000;0.666676
interleaved_pod_1k_60sec_rand;0;198;5.695556;5695.556;1.000000;0.666676
interleaved_pod_1k_60sec_rand;0;199;5.744444;5744.444;1.000000;0.666676
interleaved_pod_1k_60sec_rand;0;200;5.761406;5761.406;1.000000;0.666676
interleaved_pod_1k_60sec_rand;0;201;5.778367;5778.367;1.000000;0.666676
interleaved_pod_1k_60sec_rand;0;202;5.813288;5813.288;0.972747;0.666676
interleaved_pod_1k_60sec_rand;0;203;5.848707;5848.707;1.000000;0.666676
interleaved_pod_1k_60sec_rand;0;204;5.879637;5879.637;1.000000;0.666676
interleaved_pod_1k_60sec_rand;0;205;5.910567;5910.567;1.000000;0.666676
interleaved_pod_1k_60sec_rand;0;206;5.954467;5954.467;1.000000;0.666676
interleaved_pod_1k_60sec_rand;0;207;5.998367;5998.367;1.000000;0.666676
interleaved_pod_1k_60sec_rand;0;208;6.023311;6023.311;1.000000;0.666676
interleaved_pod_1k_60sec_rand;0;209;6.048753;6048.753;0.929405;0.666676
interleaved_pod_1k_60sec_rand;0;210;6.087664;6087.664;1.000000;0.666676
interleaved_pod_1k_60sec_rand;0;211;6.126576;6126.576;1.000000;0.666676
interleaved_pod_1k_60sec_rand;0;212;6.171474;6171.474;1.000000;0.666676
interleaved_pod_1k_60sec_rand;0;213;6.216372;6216.372;1.000000;0.666676
interleaved_pod_1k_60sec_rand;0;214;6.232336;6232.336;1.000000;0.666676
interleaved_pod_1k_60sec_rand;0;215;6.248299;6248.299;1.000000;0.666676
interleaved_pod_1k_60sec_rand;0;216;6.279728;6279.728;0.990858;0.666676
interleaved_pod_1k_60sec_rand;0;217;6.310658;6310.658;1.000000;0.666676
interleaved_pod_1k_60sec_rand;0;218;6.328617;6328.617;1.000000;0.666676
interleaved_pod_1k_60sec_rand;0;219;6.346576;6346.576;1.000000;0.666676
interleaved_pod_1k_60sec_rand;0;220;6.391474;6391.474;1.000000;0.666676
interleaved_pod_1k_60sec_rand;0;221;6.436372;6436.372;1.000000;0.666676
interleaved_pod_1k_60sec_rand;0;222;6.455329;6455.329;1.000000;0.666676
interleaved_pod_1k_60sec_rand;0;223;6.474286;6474.286;1.000000;0.666676
interleaved_pod_1k_60sec_rand;0;224;6.501723;6501.723;1.000000;0.666676
interleaved_pod_1k_60sec_rand;0;225;6.528662;6528.662;1.000000;0.666676
interleaved_pod_1k_60sec_rand;0;226;6.541633;6541.633;1.000000;0.666676
interleaved_pod_1k_60sec_rand;0;227;6.554603;6554.603;1.000000;0.666676
interleaved_pod_1k_60sec_rand;0;228;6.576553;6576.553;1.000000;0.666676
interleaved_pod_1k_60sec_rand;0;229;6.598503;6598.503;1.000000;0.666676
interleaved_pod_1k_60sec_rand;0;230;6.611474;6611.474;1.000000;0.666676
interleaved_pod_1k_60sec_rand;0;231;6.624444;6624.444;1.000000;0.666676
interleaved_pod_1k_60sec_rand;0;232;6.645397;6645.397;1.000000;0.666676
interleaved_pod_1k_60sec_rand;0;233;6.666349;6666.349;1.000000;0.666676
interleaved_pod_1k_60sec_rand;0;234;6.704263;6704.263;0.951270;0.666676
interleaved_pod_1k_60sec_rand;0;235;6.742676;6742.676;1.000000;0.666676
interleaved_pod_1k_60sec_rand;0;236;6.777596;6777.596;1.000000;0.666676
interleaved_pod_1k_60sec_rand;0;237;6.812517;6812.517;1.000000;0.666676
interleaved_pod_1k_60sec_rand;0;238;6.835465;6835.465;1.000000;0.666676
interleaved_pod_1k_60sec_rand;0;239;6.858413;6858.413;1.000000;0.666676
interleaved_pod_1k_60sec_rand;0;240;6.895329;6895.329;1.000000;0.666676
interleaved_pod_1k_60sec_rand;0;241;6.932744;6932.744;0.981055;0.666676
interleaved_pod_1k_60sec_rand;0;242;6.947710;6947.710;1.000000;0.666676
interleaved_pod_1k_60sec_rand;0;243;6.962676;6962.676;1.000000;0.666676
interleaved_pod_1k_60sec_rand;0;244;6.983628;6983.628;1.000000;0.666676
interleaved_pod_1k_60sec_rand;0;245;7.004580;7004.580;1.000000;0.666676
interleaved_pod_1k_60sec_rand;0;246;7.038503;7038.503;1.000000;0.666676
interleaved_pod_1k_60sec_rand;0;247;7.072426;7072.426;1.000000;0.666676
interleaved_pod_1k_60sec_rand;0;248;7.122313;7122.313;1.000000;0.666676
interleaved_pod_1k_60sec_rand;0;249;7.172698;7172.698;1.000000;0.666676
interleaved_pod_1k_60sec_rand;0;250;7.204626;7204.626;1.000000;0.666676
interleaved_pod_1k_60sec_rand;0;251;7.236553;7236.553;1.000000;0.666676
interleaved_pod_1k_60sec_rand;0;252;7.251519;7251.519;1.000000;0.666676
interleaved_pod_1k_60sec_rand;0;253;7.266485;7266.485;1.000000;0.666676
interleaved_pod_1k_60sec_rand;0;254;7.283447;7283.447;1.000000;0.666676
interleaved_pod_1k_60sec_rand;0;255;7.300408;7300.408;1.000000;0.666676
interleaved_pod_1k_60sec_rand;0;256;7.346304;7346.304;1.000000;0.666676
interleaved_pod_1k_60sec_rand;0;257;7.392698;7392.698;1.000000;0.666676
interleaved_pod_1k_60sec_rand;0;258;7.440590;7440.590;1.000000;0.666676
interleaved_pod_1k_60sec_rand;0;259;7.488481;7488.481;1.000000;0.666676
interleaved_pod_1k_60sec_rand;0;260;7.538367;7538.367;1.000000;0.666676
interleaved_pod_1k_60sec_rand;0;261;7.588254;7588.254;0.979857;0.666676
interleaved_pod_1k_60sec_rand;0;262;7.598730;7598.730;1.000000;0.666676
interleaved_pod_1k_60sec_rand;0;263;7.608707;7608.707;1.000000;0.666676
interleaved_pod_1k_60sec_rand;0;264;7.628662;7628.662;1.000000;0.666676
interleaved_pod_1k_60sec_rand;0;265;7.648617;7648.617;1.000000;0.666676
interleaved_pod_1k_60sec_rand;0;266;7.673560;7673.560;1.000000;0.666676
interleaved_pod_1k_60sec_rand;0;267;7.698503;7698.503;1.000000;0.666676
interleaved_pod_1k_60sec_rand;0;268;7.711474;7711.474;1.000000;0.666676
interleaved_pod_1k_60sec_rand;0;269;7.724444;7724.444;1.000000;0.666676
interleaved_pod_1k_60sec_rand;0;270;7.736417;7736.417;1.000000;0.666676
interleaved_pod_1k_60sec_rand;0;271;7.748390;7748.390;1.000000;0.666676
interleaved_pod_1k_60sec_rand;0;272;7.767347;7767.347;1.000000;0.666676
interleaved_pod_1k_60sec_rand;0;273;7.786304;7786.304;1.000000;0.666676
interleaved_pod_1k_60sec_rand;0;274;7.815737;7815.737;1.000000;0.666676
interleaved_pod_1k_60sec_rand;0;275;7.844671;7844.671;1.000000;0.666676
interleaved_pod_1k_60sec_rand;0;276;7.874603;7874.603;1.000000;0.666676
interleaved_pod_1k_60sec_rand;0;277;7.904535;7904.535;1.000000;0.666676
interleaved_pod_1k_60sec_rand;0;278;7.938458;7938.458;1.000000;0.666676
interleaved_pod_1k_60sec_rand;0;279;7.972381;7972.381;1.000000;0.666676
interleaved_pod_1k_60sec_rand;0;280;8.008299;8008.299;1.000000;0.666676
interleaved_pod_1k_60sec_rand;0;281;8.044717;8044.717;1.000000;0.666676
interleaved_pod_1k_60sec_rand;0;282;8.057687;8057.687;1.000000;0.666676
interleaved_pod_1k_60sec_rand;0;283;8.070658;8070.658;1.000000;0.666676
interleaved_pod_1k_60sec_rand;0;284;8.104580;8104.580;1.000000;0.666676
interleaved_pod_1k_60sec_rand;0;285;8.138503;8138.503;1.000000;0.666676
interleaved_pod_1k_60sec_rand;0;286;8.152472;8152.472;1.000000;0.666676
interleaved_pod_1k_60sec_rand;0;287;8.166440;8166.440;1.000000;0.666676
interleaved_pod_1k_60sec_rand;0;288;8.176417;8176.417;1.000000;0.666676
interleaved_pod_1k_60sec_rand;0;289;8.186395;8186.395;1.000000;0.666676
interleaved_pod_1k_60sec_rand;0;290;8.234286;8234.286;1.000000;0.666676
interleaved_pod_1k_60sec_rand;0;291;8.282676;8282.676;1.000000;0.666676
interleaved_pod_1k_60sec_rand;0;292;8.330567;8330.567;1.000000;0.666676
interleaved_pod_1k_60sec_rand;0;293;8.378458;8378.458;1.000000;0.666676
interleaved_pod_1k_60sec_rand;0;294;8.408390;8408.390;1.000000;0.666676
interleaved_pod_1k_60sec_rand;0;295;8.438322;8438.322;1.000000;0.666676
interleaved_pod_1k_60sec_rand;0;296;8.456281;8456.281;0.971359;0.666676
interleaved_pod_1k_60sec_rand;0;297;8.474739;8474.739;1.000000;0.666676
interleaved_pod_1k_60sec_rand;0;298;8.521633;8521.633;1.000000;0.666676
interleaved_pod_1k_60sec_rand;0;299;8.568526;8568.526;1.000000;0.666676
interleaved_pod_1k_60sec_rand;0;300;8.581497;8581.497;1.000000;0.666676
interleaved_pod_1k_60sec_rand;0;301;8.594467;8594.467;1.000000;0.666676
interleaved_pod_1k_60sec_rand;0;302;8.644354;8644.354;1.000000;0.666676
interleaved_pod_1k_60sec_rand;0;303;8.694739;8694.739;1.000000;0.666676
interleaved_pod_1k_60sec_rand;0;304;8.711701;8711.701;1.000000;0.666676
interleaved_pod_1k_60sec_rand;0;305;8.728662;8728.662;1.000000;0.666676
interleaved_pod_1k_60sec_rand;0;306;8.755601;8755.601;1.000000;0.666676
interleaved_pod_1k_60sec_rand;0;307;8.782540;8782.540;1.000000;0.666676
interleaved_pod_1k_60sec_rand;0;308;8.801497;8801.497;1.000000;0.666676
interleaved_pod_1k_60sec_rand;0;309;8.820454;8820.454;1.000000;0.666676
interleaved_pod_1k_60sec_rand;0;310;8.840408;8840.408;1.000000;0.666676
interleaved_pod_1k_60sec_rand;0;311;8.860363;8860.363;1.000000;0.666676
interleaved_pod_1k_60sec_rand;0;312;8.897279;8897.279;0.959442;0.666676
interleaved_pod_1k_60sec_rand;0;313;8.934694;8934.694;1.000000;0.666676
interleaved_pod_1k_60sec_rand;0;314;8.981587;8981.587;1.000000;0.666676
interleaved_pod_1k_60sec_rand;0;315;9.028481;9028.481;1.000000;0.666676
interleaved_pod_1k_60sec_rand;0;316;9.062404;9062.404;1.000000;0.666676
interleaved_pod_1k_60sec_rand;0;317;9.096327;9096.327;1.000000;0.666676
interleaved_pod_1k_60sec_rand;0;318;9.106304;9106.304;1.000000;0.666676
interleaved_pod_1k_60sec_rand;0;319;9.116281;9116.281;1.000000;0.666676
interleaved_pod_1k_60sec_rand;0;320;9.140726;9140.726;1.000000;0.666676
interleaved_pod_1k_60sec_rand;0;321;9.164671;9164.671;1.000000;0.666676
interleaved_pod_1k_60sec_rand;0;322;9.200590;9200.590;1.000000;0.666676
interleaved_pod_1k_60sec_rand;0;323;9.236508;9236.508;1.000000;0.666676
interleaved_pod_1k_60sec_rand;0;324;9.255465;9255.465;1.000000;0.666676
interleaved_pod_1k_60sec_rand;0;325;9.274422;9274.422;1.000000;0.666676
interleaved_pod_1k_60sec_rand;0;326;9.313333;9313.333;1.000000;0.666676
interleaved_pod_1k_60sec_rand;0;327;9.352245;9352.245;0.993221;0.666676
interleaved_pod_1k_60sec_rand;0;328;9.392653;9392.653;1.000000;0.666676
interleaved_pod_1k_60sec_rand;0;329;9.432562;9432.562;1.000000;0.666676
interleaved_pod_1k_60sec_rand;0;330;9.473469;9473.469;1.000000;0.666676
interleaved_pod_1k_60sec_rand;0;331;9.514376;9514.376;1.000000;0.666676
interleaved_pod_1k_60sec_rand;0;332;9.533333;9533.333;1.000000;0.666676
interleaved_pod_1k_60sec_rand;0;333;9.552290;9552.290;1.000000;0.666676
interleaved_pod_1k_60sec_rand;0;334;9.581723;9581.723;1.000000;0.666676
interleaved_pod_1k_60sec_rand;0;335;9.610658;9610.658;1.000000;0.666676
interleaved_pod_1k_60sec_rand;0;336;9.652562;9652.562;1.000000;0.666676
interleaved_pod_1k_60sec_rand;0;337;9.694467;9694.467;1.000000;0.666676
interleaved_pod_1k_60sec_rand;0;338;9.725397;9725.397;1.000000;0.666676
interleaved_pod_1k_60sec_rand;0;339;9.756327;9756.327;1.000000;0.666676
interleaved_pod_1k_60sec_rand;0;340;9.783265;9783.265;0.905228;0.666676
interleaved_pod_1k_60sec_rand;0;341;9.810703;9810.703;1.000000;0.666676
interleaved_pod_1k_60sec_rand;0;342;9.859592;9859.592;1.000000;0.666676
interleaved_pod_1k_60sec_rand;0;343;9.908481;9908.481;1.000000;0.666676
interleaved_pod_1k_60sec_rand;0;344;9.951383;9951.383;1.000000;0.666676
interleaved_pod_1k_60sec_rand;0;345;9.994286;9994.286;0.944482;0.666676
interleaved_pod_1k_60sec_rand;0;346;10.019728;10019.728;1.000000;0.666676
interleaved_pod_1k_60sec_rand;0;347;10.044671;10044.671;1.000000;0.666676
interleaved_pod_1k_60sec_rand;0;348;10.059637;10059.637;1.000000;0.666676
interleaved_pod_1k_60sec_rand;0;349;10.074603;10074.603;1.000000;0.666676
interleaved_pod_1k_60sec_rand;0;350;10.108526;10108.526;1.000000;0.666676
interleaved_pod_1k_60sec_rand;0;351;10.142449;10142.449;1.000000;0.666676
interleaved_pod_1k_60sec_rand;0;352;10.176372;10176.372;1.000000;0.666676
interleaved_pod_1k_60sec_rand;0;353;10.210295;10210.295;1.000000;0.666676
interleaved_pod_1k_60sec_rand;0;354;10.242721;10242.721;0.944962;0.666676
interleaved_pod_1k_60sec_rand;0;355;10.274649;10274.649;1.000000;0.666676
interleaved_pod_1k_60sec_rand;0;356;10.317551;10317.551;1.000000;0.666676
interleaved_pod_1k_60sec_rand;0;357;10.360454;10360.454;1.000000;0.666676
interleaved_pod_1k_60sec_rand;0;358;10.374422;10374.422;1.000000;0.666676
interleaved_pod_1k_60sec_rand;0;359;10.388390;10388.390;1.000000;0.666676
interleaved_pod_1k_60sec_rand;0;360;10.428299;10428.299;1.000000;0.666676
interleaved_pod_1k_60sec_rand;0;361;10.468707;10468.707;1.000000;0.666676
interleaved_pod_1k_60sec_rand;0;362;10.478685;10478.685;1.000000;0.666676
interleaved_pod_1k_60sec_rand;0;363;10.488662;10488.662;1.000000;0.666676
interleaved_pod_1k_60sec_rand;0;364;10.512608;10512.608;1.000000;0.666676
interleaved_pod_1k_60sec_rand;0;365;10.536553;10536.553;1.000000;0.666676
interleaved_pod_1k_60sec_rand;0;366;10.555510;10555.510;1.000000;0.666676
interleaved_pod_1k_60sec_rand;0;367;10.574467;10574.467;1.000000;0.666676
interleaved_pod_1k_60sec_rand;0;368;10.603401;10603.401;1.000000;0.666676
interleaved_pod_1k_60sec_rand;0;369;10.632336;10632.336;1.000000;0.666676
interleaved_pod_1k_60sec_rand;0;370;10.646304;10646.304;1.000000;0.666676
interleaved_pod_1k_60sec_rand;0;371;10.660771;10660.771;0.934241;0.666676
interleaved_pod_1k_60sec_rand;0;372;10.693696;10693.696;1.000000;0.666676
interleaved_pod_1k_60sec_rand;0;373;10.726621;10726.621;1.000000;0.666676
interleaved_pod_1k_60sec_rand;0;374;10.736599;10736.599;1.000000;0.666676
interleaved_pod_1k_60sec_rand;0;375;10.746576;10746.576;1.000000;0.666676
interleaved_pod_1k_60sec_rand;0;376;10.778503;10778.503;1.000000;0.666676
interleaved_pod_1k_60sec_rand;0;377;10.810431;10810.431;1.000000;0.666676
interleaved_pod_1k_60sec_rand;0;378;10.837370;10837.370;1.000000;0.666676
interleaved_pod_1k_60sec_rand;0;379;10.864308;10864.308;0.969872;0.666676
interleaved_pod_1k_60sec_rand;0;380;10.902721;10902.721;1.000000;0.666676
interleaved_pod_1k_60sec_rand;0;381;10.940635;10940.635;1.000000;0.666676
interleaved_pod_1k_60sec_rand;0;382;10.974558;10974.558;1.000000;0.666676
interleaved_pod_1k_60sec_rand;0;383;11.008481;11008.481;1.000000;0.666676
interleaved_pod_1k_60sec_rand;0;384;11.047392;11047.392;1.000000;0.666676
interleaved_pod_1k_60sec_rand;0;385;11.086304;11086.304;1.000000;0.666676
interleaved_pod_1k_60sec_rand;0;386;11.133696;11133.696;1.000000;0.666676
interleaved_pod_1k_60sec_rand;0;387;11.180590;11180.590;1.000000;0.666676
interleaved_pod_1k_60sec_rand;0;388;11.201542;11201.542;1.000000;0.666676
interleaved_pod_1k_60sec_rand;0;389;11.222494;11222.494;1.000000;0.666676
interleaved_pod_1k_60sec_rand;0;390;11.237460;11237.460;1.000000;0.666676
interleaved_pod_1k_60sec_rand;0;391;11.252426;11252.426;1.000000;0.666676
interleaved_pod_1k_60sec_rand;0;392;11.285351;11285.351;1.000000;0.666676
interleaved_pod_1k_60sec_rand;0;393;11.318277;11318.277;0.938159;0.666676
interleaved_pod_1k_60sec_rand;0;394;11.338730;11338.730;0.975951;0.666676
interleaved_pod_1k_60sec_rand;0;395;11.358685;11358.685;1.000000;0.666676
interleaved_pod_1k_60sec_rand;0;396;11.403583;11403.583;1.000000;0.666676
interleaved_pod_1k_60sec_rand;0;397;11.448481;11448.481;1.000000;0.666676
interleaved_pod_1k_60sec_rand;0;398;11.498367;11498.367;1.000000;0.666676
interleaved_pod_1k_60sec_rand;0;399;11.548254;11548.254;0.948573;0.666676
interleaved_pod_1k_60sec_rand;0;400;11.564717;11564.717;0.995204;0.666676
interleaved_pod_1k_60sec_rand;0;401;11.580680;11580.680;1.000000;0.666676
interleaved_pod_1k_60sec_rand;0;402;11.590658;11590.658;1.000000;0.666676
interleaved_pod_1k_60sec_rand;0;403;11.600635;11600.635;1.000000;0.666676
interleaved_pod_1k_60sec_rand;0;404;11.650522;11650.522;1.000000;0.666676
interleaved_pod_1k_60sec_rand;0;405;11.700408;11700.408;1.000000;0.666676
interleaved_pod_1k_60sec_rand;0;406;11.727347;11727.347;1.000000;0.666676
interleaved_pod_1k_60sec_rand;0;407;11.754286;11754.286;0.869791;0.666676
interleaved_pod_1k_60sec_rand;0;408;11.798685;11798.685;1.000000;0.666676
interleaved_pod_1k_60sec_rand;0;409;11.842585;11842.585;1.000000;0.666676
interleaved_pod_1k_60sec_rand;0;410;11.878503;11878.503;1.000000;0.666676
interleaved_pod_1k_60sec_rand;0;411;11.914422;11914.422;1.000000;0.666676
interleaved_pod_1k_60sec_rand;0;412;11.938367;11938.367;1.000000;0.666676
interleaved_pod_1k_60sec_rand;0;413;11.962313;11962.313;1.000000;0.666676
interleaved_pod_1k_60sec_rand;0;414;11.974286;11974.286;1.000000;0.666676
interleaved_pod_1k_60sec_rand;0;415;11.986259;11986.259;0.936244;0.666676
interleaved_pod_1k_60sec_rand;0;416;12.020680;12020.680;1.000000;0.666676
interleaved_pod_1k_60sec_rand;0;417;12.054603;12054.603;1.000000;0.666676
interleaved_pod_1k_60sec_rand;0;418;12.069569;12069.569;1.000000;0.666676
interleaved_pod_1k_60sec_rand;0;419;12.084535;12084.535;1.000000;0.666676
interleaved_pod_1k_60sec_rand;0;420;12.114467;12114.467;1.000000;0.666676
interleaved_pod_1k_60sec_rand;0;421;12.144399;12144.399;1.000000;0.666676
interleaved_pod_1k_60sec_rand;0;422;12.157370;12157.370;1.000000;0.666676
interleaved_pod_1k_60sec_rand;0;423;12.170340;12170.340;1.000000;0.666676
interleaved_pod_1k_60sec_rand;0;424;12.209751;12209.751;0.959290;0.666676
interleaved_pod_1k_60sec_rand;0;425;12.248662;12248.662;1.000000;0.666676
interleaved_pod_1k_60sec_rand;0;426;12.258639;12258.639;1.000000;0.666676
interleaved_pod_1k_60sec_rand;0;427;12.268617;12268.617;1.000000;0.666676
interleaved_pod_1k_60sec_rand;0;428;12.296553;12296.553;1.000000;0.666676
interleaved_pod_1k_60sec_rand;0;429;12.324490;12324.490;1.000000;0.666676
interleaved_pod_1k_60sec_rand;0;430;12.370385;12370.385;1.000000;0.666676
interleaved_pod_1k_60sec_rand;0;431;12.416780;12416.780;0.863263;0.666676
interleaved_pod_1k_60sec_rand;0;432;12.456689;12456.689;1.000000;0.666676
interleaved_pod_1k_60sec_rand;0;433;12.496599;12496.599;1.000000;0.666676
interleaved_pod_1k_60sec_rand;0;434;12.528526;12528.526;1.000000;0.666676
interleaved_pod_1k_60sec_rand;0;435;12.560454;12560.454;1.000000;0.666676
interleaved_pod_1k_60sec_rand;0;436;12.604354;12604.354;1.000000;0.666676
interleaved_pod_1k_60sec_rand;0;437;12.648254;12648.254;0.985198;0.666676
interleaved_pod_1k_60sec_rand;0;438;12.682676;12682.676;1.000000;0.666676
interleaved_pod_1k_60sec_rand;0;439;12.716599;12716.599;1.000000;0.666676
interleaved_pod_1k_60sec_rand;0;440;12.733560;12733.560;1.000000;0.666676
interleaved_pod_1k_60sec_rand;0;441;12.750522;12750.522;1.000000;0.666676
interleaved_pod_1k_60sec_rand;0;442;12.789433;12789.433;1.000000;0.666676
interleaved_pod_1k_60sec_rand;0;443;12.828345;12828.345;1.000000;0.666676
interleaved_pod_1k_60sec_rand;0;444;12.875737;12875.737;1.000000;0.666676
interleaved_pod_1k_60sec_rand;0;445;12.922630;12922.630;1.000000;0.666676
interleaved_pod_1k_60sec_rand;0;446;12.955556;12955.556;1.000000;0.666676
interleaved_pod_1k_60sec_rand;0;447;12.988481;12988.481;1.000000;0.666676
interleaved_pod_1k_60sec_rand;0;448;13.004444;13004.444;1.000000;0.666676
interleaved_pod_1k_60sec_rand;0;449;13.020408;13020.408;1.000000;0.666676
interleaved_pod_1k_60sec_rand;0;450;13.065306;13065.306;1.000000;0.666676
interleaved_pod_1k_60sec_rand;0;451;13.110703;13110.703;1.000000;0.666676
interleaved_pod_1k_60sec_rand;0;452;13.153605;13153.605;1.000000;0.666676
interleaved_pod_1k_60sec_rand;0;453;13.196508;13196.508;1.000000;0.666676
interleaved_pod_1k_60sec_rand;0;454;13.245397;13245.397;1.000000;0.666676
interleaved_pod_1k_60sec_rand;0;455;13.294785;13294.785;0.906322;0.666676
interleaved_pod_1k_60sec_rand;0;456;13.325714;13325.714;1.000000;0.666676
interleaved_pod_1k_60sec_rand;0;457;13.356644;13356.644;1.000000;0.666676
interleaved_pod_1k_60sec_rand;0;458;13.380590;13380.590;1.000000;0.666676
interleaved_pod_1k_60sec_rand;0;459;13.404535;13404.535;1.000000;0.666676
interleaved_pod_1k_60sec_rand;0;460;13.453424;13453.424;1.000000;0.666676
interleaved_pod_1k_60sec_rand;0;461;13.502313;13502.313;1.000000;0.666676
interleaved_pod_1k_60sec_rand;0;462;13.543719;13543.719;1.000000;0.666676
interleaved_pod_1k_60sec_rand;0;463;13.584626;13584.626;1.000000;0.666676
interleaved_pod_1k_60sec_rand;0;464;13.605578;13605.578;1.000000;0.666676
interleaved_pod_1k_60sec_rand;0;465;13.626531;13626.531;1.000000;0.666676
interleaved_pod_1k_60sec_rand;0;466;13.675420;13675.420;1.000000;0.666676
interleaved_pod_1k_60sec_rand;0;467;13.724308;13724.308;1.000000;0.666676
interleaved_pod_1k_60sec_rand;0;468;13.744263;13744.263;0.932606;0.666676
interleaved_pod_1k_60sec_rand;0;469;13.764717;13764.717;1.000000;0.666676
interleaved_pod_1k_60sec_rand;0;470;13.782676;13782.676;1.000000;0.666676
interleaved_pod_1k_60sec_rand;0;471;13.800635;13800.635;1.000000;0.666676
interleaved_pod_1k_60sec_rand;0;472;13.836553;13836.553;1.000000;0.666676
interleaved_pod_1k_60sec_rand;0;473;13.872472;13872.472;1.000000;0.666676
interleaved_pod_1k_60sec_rand;0;474;13.890431;13890.431;1.000000;0.666676
interleaved_pod_1k_60sec_rand;0;475;13.908390;13908.390;1.000000;0.666676
interleaved_pod_1k_60sec_rand;0;476;13.918367;13918.367;1.000000;0.666676
interleaved_pod_1k_60sec_rand;0;477;13.928345;13928.345;1.000000;0.666676
interleaved_pod_1k_60sec_rand;0;478;13.962766;13962.766;0.931162;0.666676
interleaved_pod_1k_60sec_rand;0;479;13.996689;13996.689;1.000000;0.666676
interleaved_pod_1k_60sec_rand;0;480;14.023628;14023.628;1.000000;0.666676
interleaved_pod_1k_60sec_rand;0;481;14.050567;14050.567;1.000000;0.666676
interleaved_pod_1k_60sec_rand;0;482;14.080499;14080.499;1.000000;0.666676
interleaved_pod_1k_60sec_rand;0;483;14.110431;14110.431;1.000000;0.666676
interleaved_pod_1k_60sec_rand;0;484;14.154331;14154.331;1.000000;0.666676
interleaved_pod_1k_60sec_rand;0;485;14.198730;14198.730;1.000000;0.666676
interleaved_pod_1k_60sec_rand;0;486;14.216689;14216.689;1.000000;0.666676
interleaved_pod_1k_60sec_rand;0;487;14.234649;14234.649;1.000000;0.666676
interleaved_pod_1k_60sec_rand;0;488;14.244626;14244.626;1.000000;0.666676
interleaved_pod_1k_60sec_rand;0;489;14.254603;14254.603;1.000000;0.666676
interleaved_pod_1k_60sec_rand;0;490;14.270567;14270.567;1.000000;0.666676
interleaved_pod_1k_60sec_rand;0;491;14.286531;14286.531;1.000000;0.666676
interleaved_pod_1k_60sec_rand;0;492;14.315465;14315.465;1.000000;0.666676
interleaved_pod_1k_60sec_rand;0;493;14.344399;14344.399;1.000000;0.666676
interleaved_pod_1k_60sec_rand;0;494;14.354376;14354.376;1.000000;0.666676
interleaved_pod_1k_60sec_rand;0;495;14.364354;14364.354;1.000000;0.666676
interleaved_pod_1k_60sec_rand;0;496;14.412744;14412.744;1.000000;0.666676
interleaved_pod_1k_60sec_rand;0;497;14.460635;14460.635;1.000000;0.666676
interleaved_pod_1k_60sec_rand;0;498;14.482585;14482.585;1.000000;0.666676
interleaved_pod_1k_60sec_rand;0;499;14.504535;14504.535;1.000000;0.666676
interleaved_pod_1k_60sec_rand;0;500;14.542449;14542.449;1.000000;0.666676
interleaved_pod_1k_60sec_rand;0;501;14.580363;14580.363;1.000000;0.666676
interleaved_pod_1k_60sec_rand;0;502;14.599320;14599.320;1.000000;0.666676
interleaved_pod_1k_60sec_rand;0;503;14.618776;14618.776;0.874797;0.666676
interleaved_pod_1k_60sec_rand;0;504;14.637732;14637.732;0.835703;0.666676
interleaved_pod_1k_60sec_rand;0;505;14.656689;14656.689;1.000000;0.666676
interleaved_pod_1k_60sec_rand;0;506;14.698594;14698.594;1.000000;0.666676
interleaved_pod_1k_60sec_rand;0;507;14.740499;14740.499;1.000000;0.666676
interleaved_pod_1k_60sec_rand;0;508;14.778413;14778.413;1.000000;0.666676
interleaved_pod_1k_60sec_rand;0;509;14.816327;14816.327;1.000000;0.666676
interleaved_pod_1k_60sec_rand;0;510;14.862721;14862.721;1.000000;0.666676
interleaved_pod_1k_60sec_rand;0;511;14.908617;14908.617;1.000000;0.666676
interleaved_pod_1k_60sec_rand;0;512;14.925578;14925.578;1.000000;0.666676
interleaved_pod_1k_60sec_rand;0;513;14.942540;14942.540;1.000000;0.666676
interleaved_pod_1k_60sec_rand;0;514;14.978458;14978.458;1.000000;0.666676
interleaved_pod_1k_60sec_rand;0;515;15.014376;15014.376;1.000000;0.666676
interleaved_pod_1k_60sec_rand;0;516;15.051293;15051.293;0.992384;0.666676
interleaved_pod_1k_60sec_rand;0;517;15.088707;15088.707;1.000000;0.666676
interleaved_pod_1k_60sec_rand;0;518;15.121633;15121.633;1.000000;0.666676
interleaved_pod_1k_60sec_rand;0;519;15.154558;15154.558;1.000000;0.666676
interleaved_pod_1k_60sec_rand;0;520;15.190476;15190.476;1.000000;0.666676
interleaved_pod_1k_60sec_rand;0;521;15.226395;15226.395;1.000000;0.666676
interleaved_pod_1k_60sec_rand;0;522;15.256327;15256.327;1.000000;0.666676
interleaved_pod_1k_60sec_rand;0;523;15.286757;15286.757;0.913812;0.666676
interleaved_pod_1k_60sec_rand;0;524;15.333651;15333.651;1.000000;0.666676
interleaved_pod_1k_60sec_rand;0;525;15.380544;15380.544;1.000000;0.666676
interleaved_pod_1k_60sec_rand;0;526;15.408481;15408.481;1.000000;0.666676
interleaved_pod_1k_60sec_rand;0;527;15.436417;15436.417;1.000000;0.666676
interleaved_pod_1k_60sec_rand;0;528;15.453379;15453.379;1.000000;0.666676
interleaved_pod_1k_60sec_rand;0;529;15.470340;15470.340;1.000000;0.666676
interleaved_pod_1k_60sec_rand;0;530;15.499274;15499.274;0.992480;0.666676
interleaved_pod_1k_60sec_rand;0;531;15.528707;15528.707;1.000000;0.666676
interleaved_pod_1k_60sec_rand;0;532;15.557642;15557.642;1.000000;0.666676
interleaved_pod_1k_60sec_rand;0;533;15.586576;15586.576;1.000000;0.666676
interleaved_pod_1k_60sec_rand;0;534;15.620499;15620.499;1.000000;0.666676
interleaved_pod_1k_60sec_rand;0;535;15.654422;15654.422;1.000000;0.666676
interleaved_pod_1k_60sec_rand;0;536;15.679365;15679.365;1.000000;0.666676
interleaved_pod_1k_60sec_rand;0;537;15.704308;15704.308;1.000000;0.666676
interleaved_pod_1k_60sec_rand;0;538;15.715283;15715.283;1.000000;0.666676
interleaved_pod_1k_60sec_rand;0;539;15.726259;15726.259;0.932561;0.666676
interleaved_pod_1k_60sec_rand;0;540;15.758685;15758.685;1.000000;0.666676
interleaved_pod_1k_60sec_rand;0;541;15.790612;15790.612;1.000000;0.666676
interleaved_pod_1k_60sec_rand;0;542;15.832517;15832.517;1.000000;0.666676
interleaved_pod_1k_60sec_rand;0;543;15.874422;15874.422;1.000000;0.666676
interleaved_pod_1k_60sec_rand;0;544;15.888390;15888.390;1.000000;0.666676
interleaved_pod_1k_60sec_rand;0;545;15.902358;15902.358;1.000000;0.666676
interleaved_pod_1k_60sec_rand;0;546;15.920317;15920.317;1.000000;0.666676
interleaved_pod_1k_60sec_rand;0;547;15.938277;15938.277;1.000000;0.666676
interleaved_pod_1k_60sec_rand;0;548;15.970703;15970.703;1.000000;0.666676
interleaved_pod_1k_60sec_rand;0;549;16.002630;16002.630;1.000000;0.666676
interleaved_pod_1k_60sec_rand;0;550;16.045533;16045.533;1.000000;0.666676
interleaved_pod_1k_60sec_rand;0;551;16.088435;16088.435;1.000000;0.666676
interleaved_pod_1k_60sec_rand;0;552;16.106395;16106.395;1.000000;0.666676
interleaved_pod_1k_60sec_rand;0;553;16.124354;16124.354;1.000000;0.666676
interleaved_pod_1k_60sec_rand;0;554;16.174739;16174.739;1.000000;0.666676
interleaved_pod_1k_60sec_rand;0;555;16.224626;16224.626;1.000000;0.666676
interleaved_pod_1k_60sec_rand;0;556;16.274512;16274.512;1.000000;0.666676
interleaved_pod_1k_60sec_rand;0;557;16.324399;16324.399;1.000000;0.666676
interleaved_pod_1k_60sec_rand;0;558;16.367302;16367.302;1.000000;0.666676
interleaved_pod_1k_60sec_rand;0;559;16.410703;16410.703;1.000000;0.666676
interleaved_pod_1k_60sec_rand;0;560;16.428662;16428.662;1.000000;0.666676
interleaved_pod_1k_60sec_rand;0;561;16.446621;16446.621;1.000000;0.666676
interleaved_pod_1k_60sec_rand;0;562;16.477551;16477.551;1.000000;0.666676
interleaved_pod_1k_60sec_rand;0;563;16.508481;16508.481;1.000000;0.666676
interleaved_pod_1k_60sec_rand;0;564;16.556372;16556.372;1.000000;0.666676
interleaved_pod_1k_60sec_rand;0;565;16.604263;16604.263;1.000000;0.666676
interleaved_pod_1k_60sec_rand;0;566;16.653651;16653.651;1.000000;0.666676
interleaved_pod_1k_60sec_rand;0;567;16.702540;16702.540;1.000000;0.666676
interleaved_pod_1k_60sec_rand;0;568;16.726485;16726.485;1.000000;0.666676
interleaved_pod_1k_60sec_rand;0;569;16.750431;16750.431;1.000000;0.666676
interleaved_pod_1k_60sec_rand;0;570;16.794331;16794.331;1.000000;0.666676
interleaved_pod_1k_60sec_rand;0;571;16.838730;16838.730;1.000000;0.666676
interleaved_pod_1k_60sec_rand;0;572;16.864671;16864.671;1.000000;0.666676
interleaved_pod_1k_60sec_rand;0;573;16.890612;16890.612;1.000000;0.666676
interleaved_pod_1k_60sec_rand;0;574;16.920544;16920.544;1.000000;0.666676
interleaved_pod_1k_60sec_rand;0;575;16.950476;16950.476;1.000000;0.666676
interleaved_pod_1k_60sec_rand;0;576;16.972426;16972.426;1.000000;0.666676
interleaved_pod_1k_60sec_rand;0;577;16.994376;16994.376;1.000000;0.666676
interleaved_pod_1k_60sec_rand;0;578;17.027302;17027.302;1.000000;0.666676
interleaved_pod_1k_60sec_rand;0;579;17.060726;17060.726;1.000000;0.666676
interleaved_pod_1k_60sec_rand;0;580;17.077687;17077.687;1.000000;0.666676
interleaved_pod_1k_60sec_rand;0;581;17.094649;17094.649;1.000000;0.666676
interleaved_pod_1k_60sec_rand;0;582;17.118594;17118.594;1.000000;0.666676
interleaved_pod_1k_60sec_rand;0;583;17.142540;17142.540;1.000000;0.666676
interleaved_pod_1k_60sec_rand;0;584;17.189433;17189.433;1.000000;0.666676
interleaved_pod_1k_60sec_rand;0;585;17.236327;17236.327;1.000000;0.666676
interleaved_pod_1k_60sec_rand;0;586;17.264263;17264.263;0.933078;0.666676
interleaved_pod_1k_60sec_rand;0;587;17.292698;17292.698;1.000000;0.666676
interleaved_pod_1k_60sec_rand;0;588;17.318639;17318.639;1.000000;0.666676
interleaved_pod_1k_60sec_rand;0;589;17.344580;17344.580;1.000000;0.666676
interleaved_pod_1k_60sec_rand;0;590;17.362540;17362.540;1.000000;0.666676
interleaved_pod_1k_60sec_rand;0;591;17.380499;17380.499;1.000000;0.666676
interleaved_pod_1k_60sec_rand;0;592;17.403447;17403.447;1.000000;0.666676
interleaved_pod_1k_60sec_rand;0;593;17.426395;17426.395;1.000000;0.666676
interleaved_pod_1k_60sec_rand;0;594;17.458322;17458.322;1.000000;0.666676
interleaved_pod_1k_60sec_rand;0;595;17.490249;17490.249;0.971170;0.666676
interleaved_pod_1k_60sec_rand;0;596;17.524671;17524.671;1.000000;0.666676
interleaved_pod_1k_60sec_rand;0;597;17.558594;17558.594;1.000000;0.666676
interleaved_pod_1k_60sec_rand;0;598;17.586531;17586.531;1.000000;0.666676
interleaved_pod_1k_60sec_rand;0;599;17.614467;17614.467;1.000000;0.666676
interleaved_pod_1k_60sec_rand;0;600;17.646395;17646.395;1.000000;0.666676
interleaved_pod_1k_60sec_rand;0;601;17.678322;17678.322;1.000000;0.666676
interleaved_pod_1k_60sec_rand;0;602;17.691293;17691.293;1.000000;0.666676
interleaved_pod_1k_60sec_rand;0;603;17.704263;17704.263;0.950346;0.666676
interleaved_pod_1k_60sec_rand;0;604;17.734694;17734.694;1.000000;0.666676
interleaved_pod_1k_60sec_rand;0;605;17.764626;17764.626;1.000000;0.666676
interleaved_pod_1k_60sec_rand;0;606;17.812517;17812.517;1.000000;0.666676
interleaved_pod_1k_60sec_rand;0;607;17.860408;17860.408;1.000000;0.666676
interleaved_pod_1k_60sec_rand;0;608;17.898322;17898.322;1.000000;0.666676
interleaved_pod_1k_60sec_rand;0;609;17.936735;17936.735;1.000000;0.666676
interleaved_pod_1k_60sec_rand;0;610;17.960680;17960.680;1.000000;0.666676
interleaved_pod_1k_60sec_rand;0;611;17.984626;17984.626;1.000000;0.666676
interleaved_pod_1k_60sec_rand;0;612;17.995601;17995.601;1.000000;0.666676
interleaved_pod_1k_60sec_rand;0;613;18.006576;18006.576;1.000000;0.666676
interleaved_pod_1k_60sec_rand;0;614;18.036508;18036.508;1.000000;0.666676
interleaved_pod_1k_60sec_rand;0;615;18.066440;18066.440;1.000000;0.666676
interleaved_pod_1k_60sec_rand;0;616;18.081406;18081.406;1.000000;0.666676
interleaved_pod_1k_60sec_rand;0;617;18.096372;18096.372;1.000000;0.666676
interleaved_pod_1k_60sec_rand;0;618;18.113333;18113.333;1.000000;0.666676
interleaved_pod_1k_60sec_rand;0;619;18.130295;18130.295;1.000000;0.666676
interleaved_pod_1k_60sec_rand;0;620;18.160726;18160.726;1.000000;0.666676
interleaved_pod_1k_60sec_rand;0;621;18.190658;18190.658;1.000000;0.666676
interleaved_pod_1k_60sec_rand;0;622;18.214603;18214.603;1.000000;0.666676
interleaved_pod_1k_60sec_rand;0;623;18.238549;18238.549;1.000000;0.666676
interleaved_pod_1k_60sec_rand;0;624;18.287438;18287.438;1.000000;0.666676
interleaved_pod_1k_60sec_rand;0;625;18.336327;18336.327;1.000000;0.666676
interleaved_pod_1k_60sec_rand;0;626;18.354286;18354.286;0.973128;0.666676
interleaved_pod_1k_60sec_rand;0;627;18.372245;18372.245;0.991021;0.666676
interleaved_pod_1k_60sec_rand;0;628;18.400680;18400.680;1.000000;0.666676
interleaved_pod_1k_60sec_rand;0;629;18.428617;18428.617;1.000000;0.666676
interleaved_pod_1k_60sec_rand;0;630;18.478503;18478.503;1.000000;0.666676
interleaved_pod_1k_60sec_rand;0;631;18.528390;18528.390;1.000000;0.666676
interleaved_pod_1k_60sec_rand;0;632;18.561315;18561.315;1.000000;0.666676
interleaved_pod_1k_60sec_rand;0;633;18.594739;18594.739;1.000000;0.666676
interleaved_pod_1k_60sec_rand;0;634;18.614694;18614.694;1.000000;0.666676
interleaved_pod_1k_60sec_rand;0;635;18.634649;18634.649;1.000000;0.666676
interleaved_pod_1k_60sec_rand;0;636;18.666576;18666.576;1.000000;0.666676
interleaved_pod_1k_60sec_rand;0;637;18.698503;18698.503;1.000000;0.666676
interleaved_pod_1k_60sec_rand;0;638;18.734422;18734.422;1.000000;0.666676
interleaved_pod_1k_60sec_rand;0;639;18.770340;18770.340;1.000000;0.666676
interleaved_pod_1k_60sec_rand;0;640;18.812744;18812.744;0.996259;0.666676
interleaved_pod_1k_60sec_rand;0;641;18.854649;18854.649;1.000000;0.666676
interleaved_pod_1k_60sec_rand;0;642;18.879592;18879.592;1.000000;0.666676
interleaved_pod_1k_60sec_rand;0;643;18.904535;18904.535;1.000000;0.666676
interleaved_pod_1k_60sec_rand;0;644;18.917506;18917.506;1.000000;0.666676
interleaved_pod_1k_60sec_rand;0;645;18.930476;18930.476;1.000000;0.666676
interleaved_pod_1k_60sec_rand;0;646;18.971383;18971.383;1.000000;0.666676
interleaved_pod_1k_60sec_rand;0;647;19.012290;19012.290;0.923249;0.666676
interleaved_pod_1k_60sec_rand;0;648;19.024263;19024.263;0.939041;0.666676
interleaved_pod_1k_60sec_rand;0;649;19.036735;19036.735;1.000000;0.666676
interleaved_pod_1k_60sec_rand;0;650;19.051701;19051.701;1.000000;0.666676
interleaved_pod_1k_60sec_rand;0;651;19.066667;19066.667;1.000000;0.666676
interleaved_pod_1k_60sec_rand;0;652;19.094603;19094.603;1.000000;0.666676
interleaved_pod_1k_60sec_rand;0;653;19.122540;19122.540;1.000000;0.666676
interleaved_pod_1k_60sec_rand;0;654;19.144490;19144.490;1.000000;0.666676
interleaved_pod_1k_60sec_rand;0;655;19.166440;19166.440;1.000000;0.666676
interleaved_pod_1k_60sec_rand;0;656;19.182404;19182.404;1.000000;0.666676
interleaved_pod_1k_60sec_rand;0;657;19.198367;19198.367;1.000000;0.666676
interleaved_pod_1k_60sec_rand;0;658;19.223311;19223.311;1.000000;0.666676
interleaved_pod_1k_60sec_rand;0;659;19.248254;19248.254;0.949628;0.666676
interleaved_pod_1k_60sec_rand;0;660;19.297642;19297.642;1.000000;0.666676
interleaved_pod_1k_60sec_rand;0;661;19.346531;19346.531;1.000000;0.666676
interleaved_pod_1k_60sec_rand;0;662;19.368481;19368.481;1.000000;0.666676
interleaved_pod_1k_60sec_rand;0;663;19.390431;19390.431;1.000000;0.666676
interleaved_pod_1k_60sec_rand;0;664;19.440317;19440.317;1.000000;0.666676
interleaved_pod_1k_60sec_rand;0;665;19.490703;19490.703;1.000000;0.666676
interleaved_pod_1k_60sec_rand;0;666;19.515646;19515.646;1.000000;0.666676
interleaved_pod_1k_60sec_rand;0;667;19.540590;19540.590;1.000000;0.666676
interleaved_pod_1k_60sec_rand;0;668;19.554558;19554.558;1.000000;0.666676
interleaved_pod_1k_60sec_rand;0;669;19.568526;19568.526;1.000000;0.666676
interleaved_pod_1k_60sec_rand;0;670;19.581497;19581.497;1.000000;0.666676
interleaved_pod_1k_60sec_rand;0;671;19.594467;19594.467;1.000000;0.666676
interleaved_pod_1k_60sec_rand;0;672;19.605442;19605.442;1.000000;0.666676
interleaved_pod_1k_60sec_rand;0;673;19.616417;19616.417;1.000000;0.666676
interleaved_pod_1k_60sec_rand;0;674;19.662313;19662.313;1.000000;0.666676
interleaved_pod_1k_60sec_rand;0;675;19.708707;19708.707;1.000000;0.666676
interleaved_pod_1k_60sec_rand;0;676;19.754603;19754.603;1.000000;0.666676
interleaved_pod_1k_60sec_rand;0;677;19.800499;19800.499;1.000000;0.666676
interleaved_pod_1k_60sec_rand;0;678;19.825442;19825.442;1.000000;0.666676
interleaved_pod_1k_60sec_rand;0;679;19.850385;19850.385;1.000000;0.666676
interleaved_pod_1k_60sec_rand;0;680;19.866349;19866.349;1.000000;0.666676
interleaved_pod_1k_60sec_rand;0;681;19.882313;19882.313;1.000000;0.666676
interleaved_pod_1k_60sec_rand;0;682;19.901769;19901.769;0.969191;0.666676
interleaved_pod_1k_60sec_rand;0;683;19.920726;19920.726;1.000000;0.666676
interleaved_pod_1k_60sec_rand;0;684;19.932698;19932.698;1.000000;0.666676
interleaved_pod_1k_60sec_rand;0;685;19.944671;19944.671;1.000000;0.666676
interleaved_pod_1k_60sec_rand;0;686;19.973605;19973.605;1.000000;0.666676
interleaved_pod_1k_60sec_rand;0;687;20.002540;20002.540;1.000000;0.666676
interleaved_pod_1k_60sec_rand;0;688;20.032472;20032.472;1.000000;0.666676
interleaved_pod_1k_60sec_rand;0;689;20.062404;20062.404;1.000000;0.666676
interleaved_pod_1k_60sec_rand;0;690;20.099320;20099.320;1.000000;0.666676
interleaved_pod_1k_60sec_rand;0;691;20.136735;20136.735;1.000000;0.666676
interleaved_pod_1k_60sec_rand;0;692;20.171655;20171.655;1.000000;0.666676
interleaved_pod_1k_60sec_rand;0;693;20.206576;20206.576;1.000000;0.666676
interleaved_pod_1k_60sec_rand;0;694;20.217551;20217.551;1.000000;0.666676
interleaved_pod_1k_60sec_rand;0;695;20.228526;20228.526;1.000000;0.666676
interleaved_pod_1k_60sec_rand;0;696;20.243492;20243.492;1.000000;0.666676
interleaved_pod_1k_60sec_rand;0;697;20.258458;20258.458;1.000000;0.666676
interleaved_pod_1k_60sec_rand;0;698;20.306349;20306.349;1.000000;0.666676
interleaved_pod_1k_60sec_rand;0;699;20.354739;20354.739;1.000000;0.666676
interleaved_pod_1k_60sec_rand;0;700;20.366712;20366.712;1.000000;0.666676
interleaved_pod_1k_60sec_rand;0;701;20.378685;20378.685;1.000000;0.666676
interleaved_pod_1k_60sec_rand;0;702;20.406621;20406.621;1.000000;0.666676
interleaved_pod_1k_60sec_rand;0;703;20.434558;20434.558;1.000000;0.666676
interleaved_pod_1k_60sec_rand;0;704;20.449524;20449.524;1.000000;0.666676
interleaved_pod_1k_60sec_rand;0;705;20.464490;20464.490;1.000000;0.666676
interleaved_pod_1k_60sec_rand;0;706;20.478458;20478.458;1.000000;0.666676
interleaved_pod_1k_60sec_rand;0;707;20.492426;20492.426;1.000000;0.666676
interleaved_pod_1k_60sec_rand;0;708;20.515374;20515.374;1.000000;0.666676
interleaved_pod_1k_60sec_rand;0;709;20.538322;20538.322;1.000000;0.666676
interleaved_pod_1k_60sec_rand;0;710;20.572744;20572.744;1.000000;0.666676
interleaved_pod_1k_60sec_rand;0;711;20.606667;20606.667;1.000000;0.666676
interleaved_pod_1k_60sec_rand;0;712;20.626621;20626.621;1.000000;0.666676
interleaved_pod_1k_60sec_rand;0;713;20.646576;20646.576;1.000000;0.666676
interleaved_pod_1k_60sec_rand;0;714;20.696463;20696.463;1.000000;0.666676
interleaved_pod_1k_60sec_rand;0;715;20.746349;20746.349;1.000000;0.666676
interleaved_pod_1k_60sec_rand;0;716;20.774286;20774.286;1.000000;0.666676
interleaved_pod_1k_60sec_rand;0;717;20.802721;20802.721;1.000000;0.666676
interleaved_pod_1k_60sec_rand;0;718;20.829660;20829.660;1.000000;0.666676
interleaved_pod_1k_60sec_rand;0;719;20.856599;20856.599;1.000000;0.666676
interleaved_pod_1k_60sec_rand;0;720;20.871565;20871.565;1.000000;0.666676
interleaved_pod_1k_60sec_rand;0;721;20.886531;20886.531;1.000000;0.666676
interleaved_pod_1k_60sec_rand;0;722;20.907483;20907.483;1.000000;0.666676
interleaved_pod_1k_60sec_rand;0;723;20.928435;20928.435;1.000000;0.666676
interleaved_pod_1k_60sec_rand;0;724;20.957370;20957.370;1.000000;0.666676
interleaved_pod_1k_60sec_rand;0;725;20.986304;20986.304;1.000000;0.666676
interleaved_pod_1k_60sec_rand;0;726;21.023719;21023.719;1.000000;0.666676
interleaved_pod_1k_60sec_rand;0;727;21.060635;21060.635;1.000000;0.666676
interleaved_pod_1k_60sec_rand;0;728;21.085578;21085.578;1.000000;0.666676
interleaved_pod_1k_60sec_rand;0;729;21.110522;21110.522;1.000000;0.666676
interleaved_pod_1k_60sec_rand;0;730;21.156417;21156.417;1.000000;0.666676
interleaved_pod_1k_60sec_rand;0;731;21.202313;21202.313;1.000000;0.666676
interleaved_pod_1k_60sec_rand;0;732;21.228753;21228.753;0.918247;0.666676
interleaved_pod_1k_60sec_rand;0;733;21.254694;21254.694;1.000000;0.666676
interleaved_pod_1k_60sec_rand;0;734;21.271655;21271.655;1.000000;0.666676
interleaved_pod_1k_60sec_rand;0;735;21.288617;21288.617;1.000000;0.666676
interleaved_pod_1k_60sec_rand;0;736;21.338503;21338.503;1.000000;0.666676
interleaved_pod_1k_60sec_rand;0;737;21.388390;21388.390;1.000000;0.666676
interleaved_pod_1k_60sec_rand;0;738;21.438277;21438.277;1.000000;0.666676
interleaved_pod_1k_60sec_rand;0;739;21.488662;21488.662;1.000000;0.666676
interleaved_pod_1k_60sec_rand;0;740;21.509615;21509.615;1.000000;0.666676
interleaved_pod_1k_60sec_rand;0;741;21.530567;21530.567;1.000000;0.666676
interleaved_pod_1k_60sec_rand;0;742;21.553515;21553.515;1.000000;0.666676
interleaved_pod_1k_60sec_rand;0;743;21.576463;21576.463;1.000000;0.666676
interleaved_pod_1k_60sec_rand;0;744;21.615374;21615.374;1.000000;0.666676
interleaved_pod_1k_60sec_rand;0;745;21.654286;21654.286;0.977053;0.666676
interleaved_pod_1k_60sec_rand;0;746;21.667755;21667.755;0.989888;0.666676
interleaved_pod_1k_60sec_rand;0;747;21.680726;21680.726;1.000000;0.666676
interleaved_pod_1k_60sec_rand;0;748;21.709660;21709.660;1.000000;0.666676
interleaved_pod_1k_60sec_rand;0;749;21.738594;21738.594;1.000000;0.666676
interleaved_pod_1k_60sec_rand;0;750;21.773515;21773.515;1.000000;0.666676
interleaved_pod_1k_60sec_rand;0;751;21.808435;21808.435;1.000000;0.666676
interleaved_pod_1k_60sec_rand;0;752;21.820408;21820.408;1.000000;0.666676
interleaved_pod_1k_60sec_rand;0;753;21.832381;21832.381;1.000000;0.666676
interleaved_pod_1k_60sec_rand;0;754;21.864308;21864.308;1.000000;0.666676
interleaved_pod_1k_60sec_rand;0;755;21.896735;21896.735;1.000000;0.666676
interleaved_pod_1k_60sec_rand;0;756;21.938639;21938.639;1.000000;0.666676
interleaved_pod_1k_60sec_rand;0;757;21.980544;21980.544;1.000000;0.666676
interleaved_pod_1k_60sec_rand;0;758;22.010476;22010.476;1.000000;0.666676
interleaved_pod_1k_60sec_rand;0;759;22.040408;22040.408;1.000000;0.666676
interleaved_pod_1k_60sec_rand;0;760;22.056372;22056.372;1.000000;0.666676
interleaved_pod_1k_60sec_rand;0;761;22.072336;22072.336;1.000000;0.666676
interleaved_pod_1k_60sec_rand;0;762;22.110748;22110.748;1.000000;0.666676
interleaved_pod_1k_60sec_rand;0;763;22.148662;22148.662;1.000000;0.666676
interleaved_pod_1k_60sec_rand;0;764;22.188571;22188.571;1.000000;0.666676
interleaved_pod_1k_60sec_rand;0;765;22.228481;22228.481;1.000000;0.666676
interleaved_pod_1k_60sec_rand;0;766;22.244444;22244.444;1.000000;0.666676
interleaved_pod_1k_60sec_rand;0;767;22.260408;22260.408;1.000000;0.666676
interleaved_pod_1k_60sec_rand;0;768;22.281361;22281.361;1.000000;0.666676
interleaved_pod_1k_60sec_rand;0;769;22.302313;22302.313;1.000000;0.666676
interleaved_pod_1k_60sec_rand;0;770;22.350703;22350.703;1.000000;0.666676
interleaved_pod_1k_60sec_rand;0;771;22.398594;22398.594;1.000000;0.666676
interleaved_pod_1k_60sec_rand;0;772;22.408571;22408.571;1.000000;0.666676
interleaved_pod_1k_60sec_rand;0;773;22.418549;22418.549;1.000000;0.666676
interleaved_pod_1k_60sec_rand;0;774;22.449478;22449.478;1.000000;0.666676
interleaved_pod_1k_60sec_rand;0;775;22.480408;22480.408;1.000000;0.666676
interleaved_pod_1k_60sec_rand;0;776;22.502358;22502.358;1.000000;0.666676
interleaved_pod_1k_60sec_rand;0;777;22.524308;22524.308;1.000000;0.666676
interleaved_pod_1k_60sec_rand;0;778;22.556735;22556.735;1.000000;0.666676
interleaved_pod_1k_60sec_rand;0;779;22.588662;22588.662;1.000000;0.666676
interleaved_pod_1k_60sec_rand;0;780;22.603628;22603.628;1.000000;0.666676
interleaved_pod_1k_60sec_rand;0;781;22.618594;22618.594;1.000000;0.666676
interleaved_pod_1k_60sec_rand;0;782;22.653515;22653.515;1.000000;0.666676
interleaved_pod_1k_60sec_rand;0;783;22.688435;22688.435;1.000000;0.666676
interleaved_pod_1k_60sec_rand;0;784;22.710385;22710.385;1.000000;0.666676
interleaved_pod_1k_60sec_rand;0;785;22.732336;22732.336;1.000000;0.666676
interleaved_pod_1k_60sec_rand;0;786;22.765261;22765.261;0.964524;0.666676
interleaved_pod_1k_60sec_rand;0;787;22.798685;22798.685;1.000000;0.666676
interleaved_pod_1k_60sec_rand;0;788;22.843583;22843.583;1.000000;0.666676
interleaved_pod_1k_60sec_rand;0;789;22.888481;22888.481;1.000000;0.666676
interleaved_pod_1k_60sec_rand;0;790;22.911429;22911.429;1.000000;0.666676
interleaved_pod_1k_60sec_rand;0;791;22.934376;22934.376;1.000000;0.666676
interleaved_pod_1k_60sec_rand;0;792;22.978776;22978.776;0.928479;0.666676
interleaved_pod_1k_60sec_rand;0;793;23.022676;23022.676;1.000000;0.666676
interleaved_pod_1k_60sec_rand;0;794;23.062585;23062.585;1.000000;0.666676
interleaved_pod_1k_60sec_rand;0;795;23.102494;23102.494;1.000000;0.666676
interleaved_pod_1k_60sec_rand;0;796;23.152381;23152.381;1.000000;0.666676
interleaved_pod_1k_60sec_rand;0;797;23.202766;23202.766;0.918448;0.666676
interleaved_pod_1k_60sec_rand;0;798;23.248662;23248.662;1.000000;0.666676
interleaved_pod_1k_60sec_rand;0;799;23.294558;23294.558;1.000000;0.666676
interleaved_pod_1k_60sec_rand;0;800;23.338458;23338.458;1.000000;0.666676
interleaved_pod_1k_60sec_rand;0;801;23.382358;23382.358;1.000000;0.666676
interleaved_pod_1k_60sec_rand;0;802;23.397324;23397.324;1.000000;0.666676
interleaved_pod_1k_60sec_rand;0;803;23.412290;23412.290;1.000000;0.666676
interleaved_pod_1k_60sec_rand;0;804;23.462676;23462.676;1.000000;0.666676
interleaved_pod_1k_60sec_rand;0;805;23.512562;23512.562;1.000000;0.666676
interleaved_pod_1k_60sec_rand;0;806;23.539501;23539.501;1.000000;0.666676
interleaved_pod_1k_60sec_rand;0;807;23.566440;23566.440;1.000000;0.666676
interleaved_pod_1k_60sec_rand;0;808;23.579410;23579.410;1.000000;0.666676
interleaved_pod_1k_60sec_rand;0;809;23.592381;23592.381;1.000000;0.666676
interleaved_pod_1k_60sec_rand;0;810;23.613333;23613.333;1.000000;0.666676
interleaved_pod_1k_60sec_rand;0;811;23.634286;23634.286;1.000000;0.666676
interleaved_pod_1k_60sec_rand;0;812;23.650748;23650.748;1.000000;0.666676
interleaved_pod_1k_60sec_rand;0;813;23.666712;23666.712;1.000000;0.666676
interleaved_pod_1k_60sec_rand;0;814;23.682676;23682.676;1.000000;0.666676
interleaved_pod_1k_60sec_rand;0;815;23.698639;23698.639;1.000000;0.666676
interleaved_pod_1k_60sec_rand;0;816;23.729569;23729.569;1.000000;0.666676
interleaved_pod_1k_60sec_rand;0;817;23.760499;23760.499;1.000000;0.666676
interleaved_pod_1k_60sec_rand;0;818;23.783447;23783.447;1.000000;0.666676
interleaved_pod_1k_60sec_rand;0;819;23.806395;23806.395;1.000000;0.666676
interleaved_pod_1k_60sec_rand;0;820;23.826349;23826.349;1.000000;0.666676
interleaved_pod_1k_60sec_rand;0;821;23.846304;23846.304;1.000000;0.666676
interleaved_pod_1k_60sec_rand;0;822;23.869751;23869.751;0.868650;0.666676
interleaved_pod_1k_60sec_rand;0;823;23.892698;23892.698;1.000000;0.666676
interleaved_pod_1k_60sec_rand;0;824;23.929615;23929.615;1.000000;0.666676
interleaved_pod_1k_60sec_rand;0;825;23.966531;23966.531;1.000000;0.666676
interleaved_pod_1k_60sec_rand;0;826;23.978503;23978.503;1.000000;0.666676
interleaved_pod_1k_60sec_rand;0;827;23.990476;23990.476;1.000000;0.666676
interleaved_pod_1k_60sec_rand;0;828;24.026395;24026.395;1.000000;0.666676
interleaved_pod_1k_60sec_rand;0;829;24.062313;24062.313;1.000000;0.666676
interleaved_pod_1k_60sec_rand;0;830;24.072290;24072.290;1.000000;0.666676
interleaved_pod_1k_60sec_rand;0;831;24.082268;24082.268;0.943412;0.666676
interleaved_pod_1k_60sec_rand;0;832;24.123673;24123.673;1.000000;0.666676
interleaved_pod_1k_60sec_rand;0;833;24.164580;24164.580;1.000000;0.666676
interleaved_pod_1k_60sec_rand;0;834;24.211474;24211.474;1.000000;0.666676
interleaved_pod_1k_60sec_rand;0;835;24.258367;24258.367;1.000000;0.666676
interleaved_pod_1k_60sec_rand;0;836;24.295283;24295.283;0.975206;0.666676
interleaved_pod_1k_60sec_rand;0;837;24.332698;24332.698;1.000000;0.666676
interleaved_pod_1k_60sec_rand;0;838;24.380590;24380.590;1.000000;0.666676
interleaved_pod_1k_60sec_rand;0;839;24.428481;24428.481;1.000000;0.666676
interleaved_pod_1k_60sec_rand;0;840;24.470385;24470.385;1.000000;0.666676
interleaved_pod_1k_60sec_rand;0;841;24.512290;24512.290;1.000000;0.666676
interleaved_pod_1k_60sec_rand;0;842;24.525261;24525.261;0.979438;0.666676
interleaved_pod_1k_60sec_rand;0;843;24.538730;24538.730;1.000000;0.666676
interleaved_pod_1k_60sec_rand;0;844;24.570658;24570.658;1.000000;0.666676
interleaved_pod_1k_60sec_rand;0;845;24.602585;24602.585;1.000000;0.666676
interleaved_pod_1k_60sec_rand;0;846;24.640499;24640.499;1.000000;0.666676
interleaved_pod_1k_60sec_rand;0;847;24.678413;24678.413;1.000000;0.666676
interleaved_pod_1k_60sec_rand;0;848;24.722313;24722.313;0.991629;0.666676
interleaved_pod_1k_60sec_rand;0;849;24.766712;24766.712;1.000000;0.666676
interleaved_pod_1k_60sec_rand;0;850;24.783673;24783.673;0.999559;0.666676
interleaved_pod_1k_60sec_rand;0;851;24.800635;24800.635;1.000000;0.666676
interleaved_pod_1k_60sec_rand;0;852;24.816599;24816.599;1.000000;0.666676
interleaved_pod_1k_60sec_rand;0;853;24.832562;24832.562;1.000000;0.666676
interleaved_pod_1k_60sec_rand;0;854;24.851519;24851.519;1.000000;0.666676
interleaved_pod_1k_60sec_rand;0;855;24.870476;24870.476;1.000000;0.666676
interleaved_pod_1k_60sec_rand;0;856;24.906395;24906.395;1.000000;0.666676
interleaved_pod_1k_60sec_rand;0;857;24.942313;24942.313;1.000000;0.666676
interleaved_pod_1k_60sec_rand;0;858;24.969751;24969.751;0.982169;0.666676
interleaved_pod_1k_60sec_rand;0;859;24.996689;24996.689;1.000000;0.666676
interleaved_pod_1k_60sec_rand;0;860;25.010658;25010.658;1.000000;0.666676
interleaved_pod_1k_60sec_rand;0;861;25.024626;25024.626;1.000000;0.666676
interleaved_pod_1k_60sec_rand;0;862;25.065533;25065.533;1.000000;0.666676
interleaved_pod_1k_60sec_rand;0;863;25.106440;25106.440;1.000000;0.666676
interleaved_pod_1k_60sec_rand;0;864;25.134376;25134.376;1.000000;0.666676
interleaved_pod_1k_60sec_rand;0;865;25.162313;25162.313;1.000000;0.666676
interleaved_pod_1k_60sec_rand;0;866;25.191746;25191.746;1.000000;0.666676
interleaved_pod_1k_60sec_rand;0;867;25.220680;25220.680;1.000000;0.666676
interleaved_pod_1k_60sec_rand;0;868;25.261587;25261.587;1.000000;0.666676
interleaved_pod_1k_60sec_rand;0;869;25.302494;25302.494;1.000000;0.666676
interleaved_pod_1k_60sec_rand;0;870;25.337415;25337.415;1.000000;0.666676
interleaved_pod_1k_60sec_rand;0;871;25.372336;25372.336;1.000000;0.666676
interleaved_pod_1k_60sec_rand;0;872;25.382313;25382.313;1.000000;0.666676
interleaved_pod_1k_60sec_rand;0;873;25.392290;25392.290;1.000000;0.666676
interleaved_pod_1k_60sec_rand;0;874;25.439683;25439.683;1.000000;0.666676
interleaved_pod_1k_60sec_rand;0;875;25.486576;25486.576;1.000000;0.666676
interleaved_pod_1k_60sec_rand;0;876;25.511519;25511.519;1.000000;0.666676
interleaved_pod_1k_60sec_rand;0;877;25.536463;25536.463;1.000000;0.666676
interleaved_pod_1k_60sec_rand;0;878;25.567392;25567.392;1.000000;0.666676
interleaved_pod_1k_60sec_rand;0;879;25.598322;25598.322;1.000000;0.666676
interleaved_pod_1k_60sec_rand;0;880;25.640726;25640.726;1.000000;0.666676
interleaved_pod_1k_60sec_rand;0;881;25.682630;25682.630;1.000000;0.666676
interleaved_pod_1k_60sec_rand;0;882;25.727528;25727.528;1.000000;0.666676
interleaved_pod_1k_60sec_rand;0;883;25.772426;25772.426;1.000000;0.666676
interleaved_pod_1k_60sec_rand;0;884;25.790385;25790.385;1.000000;0.666676
interleaved_pod_1k_60sec_rand;0;885;25.808345;25808.345;1.000000;0.666676
interleaved_pod_1k_60sec_rand;0;886;25.851746;25851.746;1.000000;0.666676
interleaved_pod_1k_60sec_rand;0;887;25.894649;25894.649;1.000000;0.666676
interleaved_pod_1k_60sec_rand;0;888;25.912608;25912.608;1.000000;0.666676
interleaved_pod_1k_60sec_rand;0;889;25.930567;25930.567;1.000000;0.666676
interleaved_pod_1k_60sec_rand;0;890;25.943537;25943.537;1.000000;0.666676
interleaved_pod_1k_60sec_rand;0;891;25.956508;25956.508;1.000000;0.666676
interleaved_pod_1k_60sec_rand;0;892;25.997415;25997.415;1.000000;0.666676
interleaved_pod_1k_60sec_rand;0;893;26.038322;26038.322;1.000000;0.666676
interleaved_pod_1k_60sec_rand;0;894;26.064762;26064.762;0.992902;0.666676
interleaved_pod_1k_60sec_rand;0;895;26.090703;26090.703;1.000000;0.666676
interleaved_pod_1k_60sec_rand;0;896;26.104671;26104.671;1.000000;0.666676
interleaved_pod_1k_60sec_rand;0;897;26.118639;26118.639;1.000000;0.666676
interleaved_pod_1k_60sec_rand;0;898;26.165533;26165.533;1.000000;0.666676
interleaved_pod_1k_60sec_rand;0;899;26.212426;26212.426;1.000000;0.666676
interleaved_pod_1k_60sec_rand;0;900;26.224399;26224.399;1.000000;0.666676
interleaved_pod_1k_60sec_rand;0;901;26.236372;26236.372;1.000000;0.666676
interleaved_pod_1k_60sec_rand;0;902;26.250340;26250.340;1.000000;0.666676
interleaved_pod_1k_60sec_rand;0;903;26.264308;26264.308;1.000000;0.666676
interleaved_pod_1k_60sec_rand;0;904;26.285760;26285.760;0.962452;0.666676
interleaved_pod_1k_60sec_rand;0;905;26.306712;26306.712;1.000000;0.666676
interleaved_pod_1k_60sec_rand;0;906;26.337642;26337.642;1.000000;0.666676
interleaved_pod_1k_60sec_rand;0;907;26.368571;26368.571;1.000000;0.666676
interleaved_pod_1k_60sec_rand;0;908;26.378549;26378.549;1.000000;0.666676
interleaved_pod_1k_60sec_rand;0;909;26.388526;26388.526;1.000000;0.666676
interleaved_pod_1k_60sec_rand;0;910;26.399501;26399.501;1.000000;0.666676
interleaved_pod_1k_60sec_rand;0;911;26.410476;26410.476;1.000000;0.666676
interleaved_pod_1k_60sec_rand;0;912;26.436417;26436.417;1.000000;0.666676
interleaved_pod_1k_60sec_rand;0;913;26.462358;26462.358;1.000000;0.666676
interleaved_pod_1k_60sec_rand;0;914;26.480317;26480.317;1.000000;0.666676
interleaved_pod_1k_60sec_rand;0;915;26.498277;26498.277;1.000000;0.666676
interleaved_pod_1k_60sec_rand;0;916;26.542676;26542.676;1.000000;0.666676
interleaved_pod_1k_60sec_rand;0;917;26.586576;26586.576;1.000000;0.666676
interleaved_pod_1k_60sec_rand;0;918;26.605533;26605.533;1.000000;0.666676
interleaved_pod_1k_60sec_rand;0;919;26.624490;26624.490;1.000000;0.666676
interleaved_pod_1k_60sec_rand;0;920;26.643447;26643.447;1.000000;0.666676
interleaved_pod_1k_60sec_rand;0;921;26.662404;26662.404;1.000000;0.666676
interleaved_pod_1k_60sec_rand;0;922;26.681361;26681.361;1.000000;0.666676
interleaved_pod_1k_60sec_rand;0;923;26.700317;26700.317;1.000000;0.666676
interleaved_pod_1k_60sec_rand;0;924;26.727755;26727.755;1.000000;0.666676
interleaved_pod_1k_60sec_rand;0;925;26.754694;26754.694;1.000000;0.666676
interleaved_pod_1k_60sec_rand;0;926;26.769660;26769.660;1.000000;0.666676
interleaved_pod_1k_60sec_rand;0;927;26.784626;26784.626;1.000000;0.666676
interleaved_pod_1k_60sec_rand;0;928;26.809569;26809.569;1.000000;0.666676
interleaved_pod_1k_60sec_rand;0;929;26.834512;26834.512;1.000000;0.666676
interleaved_pod_1k_60sec_rand;0;930;26.867438;26867.438;1.000000;0.666676
interleaved_pod_1k_60sec_rand;0;931;26.900363;26900.363;1.000000;0.666676
interleaved_pod_1k_60sec_rand;0;932;26.931293;26931.293;1.000000;0.666676
interleaved_pod_1k_60sec_rand;0;933;26.962721;26962.721;0.947285;0.666676
interleaved_pod_1k_60sec_rand;0;934;26.993651;26993.651;1.000000;0.666676
interleaved_pod_1k_60sec_rand;0;935;27.024580;27024.580;1.000000;0.666676
interleaved_pod_1k_60sec_rand;0;936;27.064490;27064.490;1.000000;0.666676
interleaved_pod_1k_60sec_rand;0;937;27.104399;27104.399;1.000000;0.666676
interleaved_pod_1k_60sec_rand;0;938;27.132336;27132.336;1.000000;0.666676
interleaved_pod_1k_60sec_rand;0;939;27.160272;27160.272;0.930020;0.666676
interleaved_pod_1k_60sec_rand;0;940;27.197687;27197.687;1.000000;0.666676
interleaved_pod_1k_60sec_rand;0;941;27.234603;27234.603;1.000000;0.666676
interleaved_pod_1k_60sec_rand;0;942;27.256553;27256.553;1.000000;0.666676
interleaved_pod_1k_60sec_rand;0;943;27.278503;27278.503;1.000000;0.666676
interleaved_pod_1k_60sec_rand;0;944;27.304444;27304.444;1.000000;0.666676
interleaved_pod_1k_60sec_rand;0;945;27.330385;27330.385;1.000000;0.666676
interleaved_pod_1k_60sec_rand;0;946;27.340363;27340.363;1.000000;0.666676
interleaved_pod_1k_60sec_rand;0;947;27.350340;27350.340;1.000000;0.666676
interleaved_pod_1k_60sec_rand;0;948;27.360317;27360.317;1.000000;0.666676
interleaved_pod_1k_60sec_rand;0;949;27.370295;27370.295;1.000000;0.666676
interleaved_pod_1k_60sec_rand;0;950;27.412698;27412.698;1.000000;0.666676
interleaved_pod_1k_60sec_rand;0;951;27.454603;27454.603;1.000000;0.666676
interleaved_pod_1k_60sec_rand;0;952;27.480544;27480.544;1.000000;0.666676
interleaved_pod_1k_60sec_rand;0;953;27.506485;27506.485;1.000000;0.666676
interleaved_pod_1k_60sec_rand;0;954;27.545397;27545.397;1.000000;0.666676
interleaved_pod_1k_60sec_rand;0;955;27.584308;27584.308;1.000000;0.666676
interleaved_pod_1k_60sec_rand;0;956;27.597279;27597.279;1.000000;0.666676
interleaved_pod_1k_60sec_rand;0;957;27.610249;27610.249;0.981589;0.666676
interleaved_pod_1k_60sec_rand;0;958;27.627710;27627.710;1.000000;0.666676
interleaved_pod_1k_60sec_rand;0;959;27.644671;27644.671;1.000000;0.666676
interleaved_pod_1k_60sec_rand;0;960;27.671610;27671.610;1.000000;0.666676
interleaved_pod_1k_60sec_rand;0;961;27.698549;27698.549;1.000000;0.666676
interleaved_pod_1k_60sec_rand;0;962;27.734467;27734.467;1.000000;0.666676
interleaved_pod_1k_60sec_rand;0;963;27.770385;27770.385;1.000000;0.666676
interleaved_pod_1k_60sec_rand;0;964;27.820272;27820.272;0.999995;0.666676
interleaved_pod_1k_60sec_rand;0;965;27.870658;27870.658;1.000000;0.666676
interleaved_pod_1k_60sec_rand;0;966;27.896599;27896.599;1.000000;0.666676
interleaved_pod_1k_60sec_rand;0;967;27.922540;27922.540;1.000000;0.666676
interleaved_pod_1k_60sec_rand;0;968;27.946485;27946.485;1.000000;0.666676
interleaved_pod_1k_60sec_rand;0;969;27.970431;27970.431;1.000000;0.666676
interleaved_pod_1k_60sec_rand;0;970;28.003356;28003.356;1.000000;0.666676
interleaved_pod_1k_60sec_rand;0;971;28.036281;28036.281;1.000000;0.666676
interleaved_pod_1k_60sec_rand;0;972;28.081678;28081.678;1.000000;0.666676
interleaved_pod_1k_60sec_rand;0;973;28.126576;28126.576;1.000000;0.666676
interleaved_pod_1k_60sec_rand;0;974;28.139546;28139.546;1.000000;0.666676
interleaved_pod_1k_60sec_rand;0;975;28.152517;28152.517;1.000000;0.666676
interleaved_pod_1k_60sec_rand;0;976;28.200408;28200.408;1.000000;0.666676
interleaved_pod_1k_60sec_rand;0;977;28.248299;28248.299;1.000000;0.666676
interleaved_pod_1k_60sec_rand;0;978;28.286712;28286.712;1.000000;0.666676
interleaved_pod_1k_60sec_rand;0;979;28.324626;28324.626;1.000000;0.666676
interleaved_pod_1k_60sec_rand;0;980;28.335601;28335.601;1.000000;0.666676
interleaved_pod_1k_60sec_rand;0;981;28.346576;28346.576;1.000000;0.666676
interleaved_pod_1k_60sec_rand;0;982;28.371519;28371.519;1.000000;0.666676
interleaved_pod_1k_60sec_rand;0;983;28.396463;28396.463;1.000000;0.666676
interleaved_pod_1k_60sec_rand;0;984;28.432381;28432.381;1.000000;0.666676
interleaved_pod_1k_60sec_rand;0;985;28.468299;28468.299;1.000000;0.666676
interleaved_pod_1k_60sec_rand;0;986;28.481270;28481.270;0.975528;0.666676
interleaved_pod_1k_60sec_rand;0;987;28.494739;28494.739;1.000000;0.666676
interleaved_pod_1k_60sec_rand;0;988;28.533651;28533.651;1.000000;0.666676
interleaved_pod_1k_60sec_rand;0;989;28.572562;28572.562;1.000000;0.666676
interleaved_pod_1k_60sec_rand;0;990;28.586531;28586.531;1.000000;0.666676
interleaved_pod_1k_60sec_rand;0;991;28.600499;28600.499;1.000000;0.666676
interleaved_pod_1k_60sec_rand;0;992;28.610476;28610.476;1.000000;0.666676
interleaved_pod_1k_60sec_rand;0;993;28.620454;28620.454;1.000000;0.666676
interleaved_pod_1k_60sec_rand;0;994;28.651383;28651.383;1.000000;0.666676
interleaved_pod_1k_60sec_rand;0;995;28.682313;28682.313;1.000000;0.666676
interleaved_pod_1k_60sec_rand;0;996;28.705760;28705.760;0.965770;0.666676
interleaved_pod_1k_60sec_rand;0;997;28.728707;28728.707;1.000000;0.666676
interleaved_pod_1k_60sec_rand;0;998;28.758639;28758.639;1.000000;0.666676
interleaved_pod_1k_60sec_rand;0;999;28.788571;28788.571;1.000000;0.666676
interleaved_pod_1k_60sec_rand;0;1000;28.802540;28802.540;1.000000;0.666676
interleaved_pod_1k_60sec_rand;0;1001;28.816508;28816.508;1.000000;0.666676
interleaved_pod_1k_60sec_rand;0;1002;28.844444;28844.444;1.000000;0.666676
interleaved_pod_1k_60sec_rand;0;1003;28.872381;28872.381;1.000000;0.666676
interleaved_pod_1k_60sec_rand;0;1004;28.888345;28888.345;1.000000;0.666676
interleaved_pod_1k_60sec_rand;0;1005;28.904308;28904.308;1.000000;0.666676
interleaved_pod_1k_60sec_rand;0;1006;28.952698;28952.698;1.000000;0.666676
interleaved_pod_1k_60sec_rand;0;1007;29.000590;29000.590;1.000000;0.666676
interleaved_pod_1k_60sec_rand;0;1008;29.023537;29023.537;1.000000;0.666676
interleaved_pod_1k_60sec_rand;0;1009;29.046485;29046.485;1.000000;0.666676
interleaved_pod_1k_60sec_rand;0;1010;29.095374;29095.374;1.000000;0.666676
interleaved_pod_1k_60sec_rand;0;1011;29.144263;29144.263;1.000000;0.666676
interleaved_pod_1k_60sec_rand;0;1012;29.181678;29181.678;1.000000;0.666676
interleaved_pod_1k_60sec_rand;0;1013;29.218594;29218.594;1.000000;0.666676
interleaved_pod_1k_60sec_rand;0;1014;29.256508;29256.508;1.000000;0.666676
interleaved_pod_1k_60sec_rand;0;1015;29.294422;29294.422;1.000000;0.666676
interleaved_pod_1k_60sec_rand;0;1016;29.343311;29343.311;1.000000;0.666676
interleaved_pod_1k_60sec_rand;0;1017;29.392698;29392.698;1.000000;0.666676
interleaved_pod_1k_60sec_rand;0;1018;29.411655;29411.655;1.000000;0.666676
interleaved_pod_1k_60sec_rand;0;1019;29.430612;29430.612;1.000000;0.666676
interleaved_pod_1k_60sec_rand;0;1020;29.473515;29473.515;1.000000;0.666676
interleaved_pod_1k_60sec_rand;0;1021;29.516417;29516.417;1.000000;0.666676
interleaved_pod_1k_60sec_rand;0;1022;29.548345;29548.345;1.000000;0.666676
interleaved_pod_1k_60sec_rand;0;1023;29.580272;29580.272;0.931943;0.666676
interleaved_pod_1k_60sec_rand;0;1024;29.591746;29591.746;1.000000;0.666676
interleaved_pod_1k_60sec_rand;0;1025;29.602721;29602.721;1.000000;0.666676
interleaved_pod_1k_60sec_rand;0;1026;29.621678;29621.678;1.000000;0.666676
interleaved_pod_1k_60sec_rand;0;1027;29.640635;29640.635;1.000000;0.666676
interleaved_pod_1k_60sec_rand;0;1028;29.678549;29678.549;1.000000;0.666676
interleaved_pod_1k_60sec_rand;0;1029;29.716463;29716.463;1.000000;0.666676
interleaved_pod_1k_60sec_rand;0;1030;29.728435;29728.435;1.000000;0.666676
interleaved_pod_1k_60sec_rand;0;1031;29.740408;29740.408;1.000000;0.666676
interleaved_pod_1k_60sec_rand;0;1032;29.761361;29761.361;1.000000;0.666676
interleaved_pod_1k_60sec_rand;0;1033;29.782313;29782.313;1.000000;0.666676
interleaved_pod_1k_60sec_rand;0;1034;29.795283;29795.283;1.000000;0.666676
interleaved_pod_1k_60sec_rand;0;1035;29.808254;29808.254;0.988497;0.666676
interleaved_pod_1k_60sec_rand;0;1036;29.832698;29832.698;1.000000;0.666676
interleaved_pod_1k_60sec_rand;0;1037;29.856644;29856.644;1.000000;0.666676
interleaved_pod_1k_60sec_rand;0;1038;29.900544;29900.544;1.000000;0.666676
interleaved_pod_1k_60sec_rand;0;1039;29.944444;29944.444;1.000000;0.666676
interleaved_pod_1k_60sec_rand;0;1040;29.959410;29959.410;1.000000;0.666676
interleaved_pod_1k_60sec_rand;0;1041;29.974376;29974.376;1.000000;0.666676
interleaved_pod_1k_60sec_rand;0;1042;29.992336;29992.336;1.000000;0.666676
interleaved_pod_1k_60sec_rand;0;1043;30.010295;30010.295;0.877511;0.666676
interleaved_pod_1k_60sec_rand;0;1044;30.024263;30024.263;1.000000;0.666676
interleaved_pod_1k_60sec_rand;0;1045;30.038730;30038.730;1.000000;0.666676
interleaved_pod_1k_60sec_rand;0;1046;30.064671;30064.671;1.000000;0.666676
interleaved_pod_1k_60sec_rand;0;1047;30.090612;30090.612;1.000000;0.666676
interleaved_pod_1k_60sec_rand;0;1048;30.131519;30131.519;1.000000;0.666676
interleaved_pod_1k_60sec_rand;0;1049;30.172426;30172.426;1.000000;0.666676
interleaved_pod_1k_60sec_rand;0;1050;30.187392;30187.392;1.000000;0.666676
interleaved_pod_1k_60sec_rand;0;1051;30.202358;30202.358;1.000000;0.666676
interleaved_pod_1k_60sec_rand;0;1052;30.216327;30216.327;1.000000;0.666676
interleaved_pod_1k_60sec_rand;0;1053;30.230295;30230.295;1.000000;0.666676
interleaved_pod_1k_60sec_rand;0;1054;30.279683;30279.683;1.000000;0.666676
interleaved_pod_1k_60sec_rand;0;1055;30.328571;30328.571;1.000000;0.666676
interleaved_pod_1k_60sec_rand;0;1056;30.375465;30375.465;1.000000;0.666676
interleaved_pod_1k_60sec_rand;0;1057;30.422358;30422.358;1.000000;0.666676
interleaved_pod_1k_60sec_rand;0;1058;30.455283;30455.283;0.994628;0.666676
interleaved_pod_1k_60sec_rand;0;1059;30.488707;30488.707;1.000000;0.666676
interleaved_pod_1k_60sec_rand;0;1060;30.527619;30527.619;1.000000;0.666676
interleaved_pod_1k_60sec_rand;0;1061;30.566531;30566.531;1.000000;0.666676
interleaved_pod_1k_60sec_rand;0;1062;30.587483;30587.483;1.000000;0.666676
interleaved_pod_1k_60sec_rand;0;1063;30.608435;30608.435;1.000000;0.666676
interleaved_pod_1k_60sec_rand;0;1064;30.639365;30639.365;1.000000;0.666676
interleaved_pod_1k_60sec_rand;0;1065;30.670295;30670.295;1.000000;0.666676
interleaved_pod_1k_60sec_rand;0;1066;30.719683;30719.683;1.000000;0.666676
interleaved_pod_1k_60sec_rand;0;1067;30.768571;30768.571;1.000000;0.666676
interleaved_pod_1k_60sec_rand;0;1068;30.802494;30802.494;1.000000;0.666676
interleaved_pod_1k_60sec_rand;0;1069;30.836417;30836.417;1.000000;0.666676
interleaved_pod_1k_60sec_rand;0;1070;30.856372;30856.372;1.000000;0.666676
interleaved_pod_1k_60sec_rand;0;1071;30.876327;30876.327;1.000000;0.666676
interleaved_pod_1k_60sec_rand;0;1072;30.913741;30913.741;1.000000;0.666676
interleaved_pod_1k_60sec_rand;0;1073;30.950658;30950.658;1.000000;0.666676
interleaved_pod_1k_60sec_rand;0;1074;30.993560;30993.560;1.000000;0.666676
interleaved_pod_1k_60sec_rand;0;1075;31.036463;31036.463;1.000000;0.666676
interleaved_pod_1k_60sec_rand;0;1076;31.056417;31056.417;1.000000;0.666676
interleaved_pod_1k_60sec_rand;0;1077;31.076372;31076.372;1.000000;0.666676
interleaved_pod_1k_60sec_rand;0;1078;31.120771;31120.771;0.980088;0.666676
interleaved_pod_1k_60sec_rand;0;1079;31.164671;31164.671;1.000000;0.666676
interleaved_pod_1k_60sec_rand;0;1080;31.201587;31201.587;1.000000;0.666676
interleaved_pod_1k_60sec_rand;0;1081;31.238503;31238.503;1.000000;0.666676
interleaved_pod_1k_60sec_rand;0;1082;31.277415;31277.415;1.000000;0.666676
interleaved_pod_1k_60sec_rand;0;1083;31.316327;31316.327;1.000000;0.666676
interleaved_pod_1k_60sec_rand;0;1084;31.353741;31353.741;1.000000;0.666676
interleaved_pod_1k_60sec_rand;0;1085;31.390658;31390.658;1.000000;0.666676
interleaved_pod_1k_60sec_rand;0;1086;31.432562;31432.562;1.000000;0.666676
interleaved_pod_1k_60sec_rand;0;1087;31.474467;31474.467;1.000000;0.666676
interleaved_pod_1k_60sec_rand;0;1088;31.513379;31513.379;1.000000;0.666676
interleaved_pod_1k_60sec_rand;0;1089;31.552290;31552.290;1.000000;0.666676
interleaved_pod_1k_60sec_rand;0;1090;31.582721;31582.721;1.000000;0.666676
interleaved_pod_1k_60sec_rand;0;1091;31.612653;31612.653;1.000000;0.666676
interleaved_pod_1k_60sec_rand;0;1092;31.660544;31660.544;1.000000;0.666676
interleaved_pod_1k_60sec_rand;0;1093;31.708435;31708.435;1.000000;0.666676
interleaved_pod_1k_60sec_rand;0;1094;31.756327;31756.327;1.000000;0.666676
interleaved_pod_1k_60sec_rand;0;1095;31.804717;31804.717;1.000000;0.666676
interleaved_pod_1k_60sec_rand;0;1096;31.842630;31842.630;1.000000;0.666676
interleaved_pod_1k_60sec_rand;0;1097;31.880544;31880.544;1.000000;0.666676
interleaved_pod_1k_60sec_rand;0;1098;31.896508;31896.508;1.000000;0.666676
interleaved_pod_1k_60sec_rand;0;1099;31.912472;31912.472;1.000000;0.666676
interleaved_pod_1k_60sec_rand;0;1100;31.936417;31936.417;1.000000;0.666676
interleaved_pod_1k_60sec_rand;0;1101;31.960363;31960.363;1.000000;0.666676
interleaved_pod_1k_60sec_rand;0;1102;31.983311;31983.311;1.000000;0.666676
interleaved_pod_1k_60sec_rand;0;1103;32.006259;32006.259;1.000000;0.666676
interleaved_pod_1k_60sec_rand;0;1104;32.042676;32042.676;1.000000;0.666676
interleaved_pod_1k_60sec_rand;0;1105;32.078594;32078.594;1.000000;0.666676
interleaved_pod_1k_60sec_rand;0;1106;32.090567;32090.567;1.000000;0.666676
interleaved_pod_1k_60sec_rand;0;1107;32.102540;32102.540;1.000000;0.666676
interleaved_pod_1k_60sec_rand;0;1108;32.126485;32126.485;1.000000;0.666676
interleaved_pod_1k_60sec_rand;0;1109;32.150431;32150.431;1.000000;0.666676
interleaved_pod_1k_60sec_rand;0;1110;32.171383;32171.383;1.000000;0.666676
interleaved_pod_1k_60sec_rand;0;1111;32.192336;32192.336;1.000000;0.666676
interleaved_pod_1k_60sec_rand;0;1112;32.204308;32204.308;1.000000;0.666676
interleaved_pod_1k_60sec_rand;0;1113;32.216281;32216.281;0.960302;0.666676
interleaved_pod_1k_60sec_rand;0;1114;32.254694;32254.694;1.000000;0.666676
interleaved_pod_1k_60sec_rand;0;1115;32.292608;32292.608;1.000000;0.666676
interleaved_pod_1k_60sec_rand;0;1116;32.316553;32316.553;1.000000;0.666676
interleaved_pod_1k_60sec_rand;0;1117;32.340499;32340.499;1.000000;0.666676
interleaved_pod_1k_60sec_rand;0;1118;32.361451;32361.451;1.000000;0.666676
interleaved_pod_1k_60sec_rand;0;1119;32.382404;32382.404;1.000000;0.666676
interleaved_pod_1k_60sec_rand;0;1120;32.427302;32427.302;1.000000;0.666676
interleaved_pod_1k_60sec_rand;0;1121;32.472698;32472.698;1.000000;0.666676
interleaved_pod_1k_60sec_rand;0;1122;32.518594;32518.594;1.000000;0.666676
interleaved_pod_1k_60sec_rand;0;1123;32.564490;32564.490;1.000000;0.666676
interleaved_pod_1k_60sec_rand;0;1124;32.597415;32597.415;1.000000;0.666676
interleaved_pod_1k_60sec_rand;0;1125;32.630340;32630.340;1.000000;0.666676
interleaved_pod_1k_60sec_rand;0;1126;32.640317;32640.317;1.000000;0.666676
interleaved_pod_1k_60sec_rand;0;1127;32.650295;32650.295;1.000000;0.666676
interleaved_pod_1k_60sec_rand;0;1128;32.694694;32694.694;1.000000;0.666676
interleaved_pod_1k_60sec_rand;0;1129;32.738594;32738.594;1.000000;0.666676
interleaved_pod_1k_60sec_rand;0;1130;32.760544;32760.544;1.000000;0.666676
interleaved_pod_1k_60sec_rand;0;1131;32.782494;32782.494;1.000000;0.666676
interleaved_pod_1k_60sec_rand;0;1132;32.796463;32796.463;1.000000;0.666676
interleaved_pod_1k_60sec_rand;0;1133;32.810431;32810.431;1.000000;0.666676
interleaved_pod_1k_60sec_rand;0;1134;32.858322;32858.322;1.000000;0.666676
interleaved_pod_1k_60sec_rand;0;1135;32.906712;32906.712;1.000000;0.666676
interleaved_pod_1k_60sec_rand;0;1136;32.938639;32938.639;1.000000;0.666676
interleaved_pod_1k_60sec_rand;0;1137;32.970567;32970.567;1.000000;0.666676
interleaved_pod_1k_60sec_rand;0;1138;32.998503;32998.503;1.000000;0.666676
interleaved_pod_1k_60sec_rand;0;1139;33.026440;33026.440;1.000000;0.666676
interleaved_pod_1k_60sec_rand;0;1140;33.040408;33040.408;1.000000;0.666676
interleaved_pod_1k_60sec_rand;0;1141;33.054376;33054.376;1.000000;0.666676
interleaved_pod_1k_60sec_rand;0;1142;33.065351;33065.351;1.000000;0.666676
interleaved_pod_1k_60sec_rand;0;1143;33.076327;33076.327;1.000000;0.666676
interleaved_pod_1k_60sec_rand;0;1144;33.117732;33117.732;0.972545;0.666676
interleaved_pod_1k_60sec_rand;0;1145;33.158639;33158.639;1.000000;0.666676
interleaved_pod_1k_60sec_rand;0;1146;33.182585;33182.585;1.000000;0.666676
interleaved_pod_1k_60sec_rand;0;1147;33.206531;33206.531;1.000000;0.666676
interleaved_pod_1k_60sec_rand;0;1148;33.236463;33236.463;1.000000;0.666676
interleaved_pod_1k_60sec_rand;0;1149;33.266395;33266.395;1.000000;0.666676
interleaved_pod_1k_60sec_rand;0;1150;33.292336;33292.336;1.000000;0.666676
interleaved_pod_1k_60sec_rand;0;1151;33.318277;33318.277;0.966215;0.666676
interleaved_pod_1k_60sec_rand;0;1152;33.362676;33362.676;1.000000;0.666676
interleaved_pod_1k_60sec_rand;0;1153;33.406576;33406.576;1.000000;0.666676
interleaved_pod_1k_60sec_rand;0;1154;33.444490;33444.490;1.000000;0.666676
interleaved_pod_1k_60sec_rand;0;1155;33.482404;33482.404;1.000000;0.666676
interleaved_pod_1k_60sec_rand;0;1156;33.502358;33502.358;1.000000;0.666676
interleaved_pod_1k_60sec_rand;0;1157;33.522313;33522.313;1.000000;0.666676
interleaved_pod_1k_60sec_rand;0;1158;33.542766;33542.766;0.948009;0.666676
interleaved_pod_1k_60sec_rand;0;1159;33.562721;33562.721;1.000000;0.666676
interleaved_pod_1k_60sec_rand;0;1160;33.607619;33607.619;1.000000;0.666676
interleaved_pod_1k_60sec_rand;0;1161;33.652517;33652.517;1.000000;0.666676
interleaved_pod_1k_60sec_rand;0;1162;33.698413;33698.413;1.000000;0.666676
interleaved_pod_1k_60sec_rand;0;1163;33.744308;33744.308;1.000000;0.666676
interleaved_pod_1k_60sec_rand;0;1164;33.782721;33782.721;1.000000;0.666676
interleaved_pod_1k_60sec_rand;0;1165;33.820635;33820.635;1.000000;0.666676
interleaved_pod_1k_60sec_rand;0;1166;33.863537;33863.537;1.000000;0.666676
interleaved_pod_1k_60sec_rand;0;1167;33.906440;33906.440;1.000000;0.666676
interleaved_pod_1k_60sec_rand;0;1168;33.941361;33941.361;1.000000;0.666676
interleaved_pod_1k_60sec_rand;0;1169;33.976281;33976.281;0.956181;0.666676
interleaved_pod_1k_60sec_rand;0;1170;34.022676;34022.676;1.000000;0.666676
interleaved_pod_1k_60sec_rand;0;1171;34.068571;34068.571;1.000000;0.666676
interleaved_pod_1k_60sec_rand;0;1172;34.085533;34085.533;1.000000;0.666676
interleaved_pod_1k_60sec_rand;0;1173;34.102494;34102.494;1.000000;0.666676
interleaved_pod_1k_60sec_rand;0;1174;34.149388;34149.388;1.000000;0.666676
interleaved_pod_1k_60sec_rand;0;1175;34.196281;34196.281;1.000000;0.666676
interleaved_pod_1k_60sec_rand;0;1176;34.219728;34219.728;1.000000;0.666676
interleaved_pod_1k_60sec_rand;0;1177;34.242676;34242.676;1.000000;0.666676
interleaved_pod_1k_60sec_rand;0;1178;34.262630;34262.630;1.000000;0.666676
interleaved_pod_1k_60sec_rand;0;1179;34.282585;34282.585;1.000000;0.666676
interleaved_pod_1k_60sec_rand;0;1180;34.307528;34307.528;1.000000;0.666676
interleaved_pod_1k_60sec_rand;0;1181;34.332472;34332.472;1.000000;0.666676
interleaved_pod_1k_60sec_rand;0;1182;34.367392;34367.392;1.000000;0.666676
interleaved_pod_1k_60sec_rand;0;1183;34.402313;34402.313;1.000000;0.666676
interleaved_pod_1k_60sec_rand;0;1184;34.418277;34418.277;0.952534;0.666676
interleaved_pod_1k_60sec_rand;0;1185;34.434739;34434.739;1.000000;0.666676
interleaved_pod_1k_60sec_rand;0;1186;34.468662;34468.662;1.000000;0.666676
interleaved_pod_1k_60sec_rand;0;1187;34.502585;34502.585;1.000000;0.666676
interleaved_pod_1k_60sec_rand;0;1188;34.551474;34551.474;1.000000;0.666676
interleaved_pod_1k_60sec_rand;0;1189;34.600363;34600.363;1.000000;0.666676
interleaved_pod_1k_60sec_rand;0;1190;34.643764;34643.764;0.976277;0.666676
interleaved_pod_1k_60sec_rand;0;1191;34.686667;34686.667;1.000000;0.666676
interleaved_pod_1k_60sec_rand;0;1192;34.725578;34725.578;1.000000;0.666676
interleaved_pod_1k_60sec_rand;0;1193;34.764490;34764.490;1.000000;0.666676
interleaved_pod_1k_60sec_rand;0;1194;34.793424;34793.424;1.000000;0.666676
interleaved_pod_1k_60sec_rand;0;1195;34.822358;34822.358;1.000000;0.666676
interleaved_pod_1k_60sec_rand;0;1196;34.858277;34858.277;0.951985;0.666676
interleaved_pod_1k_60sec_rand;0;1197;34.894694;34894.694;1.000000;0.666676
interleaved_pod_1k_60sec_rand;0;1198;34.938594;34938.594;1.000000;0.666676
interleaved_pod_1k_60sec_rand;0;1199;34.982494;34982.494;1.000000;0.666676
interleaved_pod_1k_60sec_rand;0;1200;35.006440;35006.440;1.000000;0.666676
interleaved_pod_1k_60sec_rand;0;1201;35.030385;35030.385;1.000000;0.666676
interleaved_pod_1k_60sec_rand;0;1202;35.047347;35047.347;1.000000;0.666676
interleaved_pod_1k_60sec_rand;0;1203;35.064308;35064.308;1.000000;0.666676
interleaved_pod_1k_60sec_rand;0;1204;35.088753;35088.753;0.982101;0.666676
interleaved_pod_1k_60sec_rand;0;1205;35.112698;35112.698;1.000000;0.666676
interleaved_pod_1k_60sec_rand;0;1206;35.154603;35154.603;1.000000;0.666676
interleaved_pod_1k_60sec_rand;0;1207;35.196508;35196.508;1.000000;0.666676
interleaved_pod_1k_60sec_rand;0;1208;35.215465;35215.465;1.000000;0.666676
interleaved_pod_1k_60sec_rand;0;1209;35.234422;35234.422;1.000000;0.666676
interleaved_pod_1k_60sec_rand;0;1210;35.271338;35271.338;1.000000;0.666676
interleaved_pod_1k_60sec_rand;0;1211;35.308254;35308.254;0.989669;0.666676
interleaved_pod_1k_60sec_rand;0;1212;35.344671;35344.671;1.000000;0.666676
interleaved_pod_1k_60sec_rand;0;1213;35.380590;35380.590;1.000000;0.666676
interleaved_pod_1k_60sec_rand;0;1214;35.406531;35406.531;1.000000;0.666676
interleaved_pod_1k_60sec_rand;0;1215;35.432472;35432.472;1.000000;0.666676
interleaved_pod_1k_60sec_rand;0;1216;35.446440;35446.440;1.000000;0.666676
interleaved_pod_1k_60sec_rand;0;1217;35.460408;35460.408;1.000000;0.666676
interleaved_pod_1k_60sec_rand;0;1218;35.479365;35479.365;1.000000;0.666676
interleaved_pod_1k_60sec_rand;0;1219;35.498322;35498.322;1.000000;0.666676
interleaved_pod_1k_60sec_rand;0;1220;35.537732;35537.732;1.000000;0.666676
interleaved_pod_1k_60sec_rand;0;1221;35.576644;35576.644;1.000000;0.666676
interleaved_pod_1k_60sec_rand;0;1222;35.611565;35611.565;1.000000;0.666676
interleaved_pod_1k_60sec_rand;0;1223;35.646485;35646.485;1.000000;0.666676
interleaved_pod_1k_60sec_rand;0;1224;35.685397;35685.397;1.000000;0.666676
interleaved_pod_1k_60sec_rand;0;1225;35.724308;35724.308;1.000000;0.666676
interleaved_pod_1k_60sec_rand;0;1226;35.770703;35770.703;1.000000;0.666676
interleaved_pod_1k_60sec_rand;0;1227;35.816599;35816.599;1.000000;0.666676
interleaved_pod_1k_60sec_rand;0;1228;35.830567;35830.567;1.000000;0.666676
interleaved_pod_1k_60sec_rand;0;1229;35.844535;35844.535;1.000000;0.666676
interleaved_pod_1k_60sec_rand;0;1230;35.875465;35875.465;1.000000;0.666676
interleaved_pod_1k_60sec_rand;0;1231;35.906395;35906.395;1.000000;0.666676
interleaved_pod_1k_60sec_rand;0;1232;35.922358;35922.358;1.000000;0.666676
interleaved_pod_1k_60sec_rand;0;1233;35.938322;35938.322;0.950333;0.666676
interleaved_pod_1k_60sec_rand;0;1234;35.950295;35950.295;1.000000;0.666676
interleaved_pod_1k_60sec_rand;0;1235;35.962766;35962.766;0.948584;0.666676
interleaved_pod_1k_60sec_rand;0;1236;35.992698;35992.698;1.000000;0.666676
interleaved_pod_1k_60sec_rand;0;1237;36.022630;36022.630;1.000000;0.666676
interleaved_pod_1k_60sec_rand;0;1238;36.052562;36052.562;1.000000;0.666676
interleaved_pod_1k_60sec_rand;0;1239;36.082494;36082.494;1.000000;0.666676
interleaved_pod_1k_60sec_rand;0;1240;36.116417;36116.417;1.000000;0.666676
interleaved_pod_1k_60sec_rand;0;1241;36.150340;36150.340;1.000000;0.666676
interleaved_pod_1k_60sec_rand;0;1242;36.164308;36164.308;1.000000;0.666676
interleaved_pod_1k_60sec_rand;0;1243;36.178277;36178.277;0.972440;0.666676
interleaved_pod_1k_60sec_rand;0;1244;36.220680;36220.680;1.000000;0.666676
interleaved_pod_1k_60sec_rand;0;1245;36.262585;36262.585;1.000000;0.666676
interleaved_pod_1k_60sec_rand;0;1246;36.280544;36280.544;1.000000;0.666676
interleaved_pod_1k_60sec_rand;0;1247;36.298503;36298.503;1.000000;0.666676
interleaved_pod_1k_60sec_rand;0;1248;36.334422;36334.422;1.000000;0.666676
interleaved_pod_1k_60sec_rand;0;1249;36.370340;36370.340;1.000000;0.666676
interleaved_pod_1k_60sec_rand;0;1250;36.418730;36418.730;1.000000;0.666676
interleaved_pod_1k_60sec_rand;0;1251;36.466621;36466.621;1.000000;0.666676
interleaved_pod_1k_60sec_rand;0;1252;36.483583;36483.583;1.000000;0.666676
interleaved_pod_1k_60sec_rand;0;1253;36.500544;36500.544;1.000000;0.666676
interleaved_pod_1k_60sec_rand;0;1254;36.514512;36514.512;1.000000;0.666676
interleaved_pod_1k_60sec_rand;0;1255;36.528481;36528.481;1.000000;0.666676
interleaved_pod_1k_60sec_rand;0;1256;36.542449;36542.449;1.000000;0.666676
interleaved_pod_1k_60sec_rand;0;1257;36.556417;36556.417;1.000000;0.666676
interleaved_pod_1k_60sec_rand;0;1258;36.592336;36592.336;1.000000;0.666676
interleaved_pod_1k_60sec_rand;0;1259;36.628753;36628.753;0.917641;0.666676
interleaved_pod_1k_60sec_rand;0;1260;36.655692;36655.692;1.000000;0.666676
interleaved_pod_1k_60sec_rand;0;1261;36.682630;36682.630;1.000000;0.666676
interleaved_pod_1k_60sec_rand;0;1262;36.698594;36698.594;1.000000;0.666676
interleaved_pod_1k_60sec_rand;0;1263;36.714558;36714.558;1.000000;0.666676
interleaved_pod_1k_60sec_rand;0;1264;36.749478;36749.478;1.000000;0.666676
interleaved_pod_1k_60sec_rand;0;1265;36.784399;36784.399;1.000000;0.666676
interleaved_pod_1k_60sec_rand;0;1266;36.830295;36830.295;1.000000;0.666676
interleaved_pod_1k_60sec_rand;0;1267;36.876689;36876.689;1.000000;0.666676
interleaved_pod_1k_60sec_rand;0;1268;36.903628;36903.628;1.000000;0.666676
interleaved_pod_1k_60sec_rand;0;1269;36.930567;36930.567;1.000000;0.666676
interleaved_pod_1k_60sec_rand;0;1270;36.964490;36964.490;1.000000;0.666676
interleaved_pod_1k_60sec_rand;0;1271;36.998413;36998.413;1.000000;0.666676
interleaved_pod_1k_60sec_rand;0;1272;37.033333;37033.333;1.000000;0.666676
interleaved_pod_1k_60sec_rand;0;1273;37.068254;37068.254;0.997995;0.666676
interleaved_pod_1k_60sec_rand;0;1274;37.086712;37086.712;1.000000;0.666676
interleaved_pod_1k_60sec_rand;0;1275;37.104671;37104.671;1.000000;0.666676
interleaved_pod_1k_60sec_rand;0;1276;37.132608;37132.608;1.000000;0.666676
interleaved_pod_1k_60sec_rand;0;1277;37.160544;37160.544;1.000000;0.666676
interleaved_pod_1k_60sec_rand;0;1278;37.182494;37182.494;1.000000;0.666676
interleaved_pod_1k_60sec_rand;0;1279;37.204444;37204.444;1.000000;0.666676
interleaved_pod_1k_60sec_rand;0;1280;37.252336;37252.336;1.000000;0.666676
interleaved_pod_1k_60sec_rand;0;1281;37.300726;37300.726;1.000000;0.666676
interleaved_pod_1k_60sec_rand;0;1282;37.328662;37328.662;1.000000;0.666676
interleaved_pod_1k_60sec_rand;0;1283;37.356599;37356.599;1.000000;0.666676
interleaved_pod_1k_60sec_rand;0;1284;37.370567;37370.567;1.000000;0.666676
interleaved_pod_1k_60sec_rand;0;1285;37.384535;37384.535;1.000000;0.666676
interleaved_pod_1k_60sec_rand;0;1286;37.432426;37432.426;1.000000;0.666676
interleaved_pod_1k_60sec_rand;0;1287;37.480317;37480.317;1.000000;0.666676
interleaved_pod_1k_60sec_rand;0;1288;37.527710;37527.710;1.000000;0.666676
interleaved_pod_1k_60sec_rand;0;1289;37.574603;37574.603;1.000000;0.666676
interleaved_pod_1k_60sec_rand;0;1290;37.622494;37622.494;1.000000;0.666676
interleaved_pod_1k_60sec_rand;0;1291;37.670385;37670.385;1.000000;0.666676
interleaved_pod_1k_60sec_rand;0;1292;37.700317;37700.317;1.000000;0.666676
interleaved_pod_1k_60sec_rand;0;1293;37.730249;37730.249;0.999915;0.666676
interleaved_pod_1k_60sec_rand;0;1294;37.780635;37780.635;1.000000;0.666676
interleaved_pod_1k_60sec_rand;0;1295;37.830522;37830.522;1.000000;0.666676
interleaved_pod_1k_60sec_rand;0;1296;37.849478;37849.478;1.000000;0.666676
interleaved_pod_1k_60sec_rand;0;1297;37.868435;37868.435;1.000000;0.666676
interleaved_pod_1k_60sec_rand;0;1298;37.915329;37915.329;1.000000;0.666676
interleaved_pod_1k_60sec_rand;0;1299;37.962721;37962.721;1.000000;0.666676
interleaved_pod_1k_60sec_rand;0;1300;37.987664;37987.664;1.000000;0.666676
interleaved_pod_1k_60sec_rand;0;1301;38.012608;38012.608;1.000000;0.666676
interleaved_pod_1k_60sec_rand;0;1302;38.032562;38032.562;1.000000;0.666676
interleaved_pod_1k_60sec_rand;0;1303;38.052517;38052.517;1.000000;0.666676
interleaved_pod_1k_60sec_rand;0;1304;38.101406;38101.406;1.000000;0.666676
interleaved_pod_1k_60sec_rand;0;1305;38.150295;38150.295;1.000000;0.666676
interleaved_pod_1k_60sec_rand;0;1306;38.193696;38193.696;1.000000;0.666676
interleaved_pod_1k_60sec_rand;0;1307;38.236599;38236.599;1.000000;0.666676
interleaved_pod_1k_60sec_rand;0;1308;38.258549;38258.549;1.000000;0.666676
interleaved_pod_1k_60sec_rand;0;1309;38.280499;38280.499;1.000000;0.666676
interleaved_pod_1k_60sec_rand;0;1310;38.317415;38317.415;1.000000;0.666676
interleaved_pod_1k_60sec_rand;0;1311;38.354331;38354.331;1.000000;0.666676
interleaved_pod_1k_60sec_rand;0;1312;38.370295;38370.295;1.000000;0.666676
interleaved_pod_1k_60sec_rand;0;1313;38.386259;38386.259;1.000000;0.666676
interleaved_pod_1k_60sec_rand;0;1314;38.403719;38403.719;1.000000;0.666676
interleaved_pod_1k_60sec_rand;0;1315;38.420680;38420.680;1.000000;0.666676
interleaved_pod_1k_60sec_rand;0;1316;38.456599;38456.599;1.000000;0.666676
interleaved_pod_1k_60sec_rand;0;1317;38.492517;38492.517;1.000000;0.666676
interleaved_pod_1k_60sec_rand;0;1318;38.503492;38503.492;1.000000;0.666676
interleaved_pod_1k_60sec_rand;0;1319;38.514467;38514.467;1.000000;0.666676
interleaved_pod_1k_60sec_rand;0;1320;38.560363;38560.363;1.000000;0.666676
interleaved_pod_1k_60sec_rand;0;1321;38.606259;38606.259;1.000000;0.666676
interleaved_pod_1k_60sec_rand;0;1322;38.642676;38642.676;1.000000;0.666676
interleaved_pod_1k_60sec_rand;0;1323;38.678594;38678.594;1.000000;0.666676
interleaved_pod_1k_60sec_rand;0;1324;38.722494;38722.494;1.000000;0.666676
interleaved_pod_1k_60sec_rand;0;1325;38.766395;38766.395;1.000000;0.666676
interleaved_pod_1k_60sec_rand;0;1326;38.813288;38813.288;1.000000;0.666676
interleaved_pod_1k_60sec_rand;0;1327;38.860680;38860.680;1.000000;0.666676
interleaved_pod_1k_60sec_rand;0;1328;38.896599;38896.599;1.000000;0.666676
interleaved_pod_1k_60sec_rand;0;1329;38.932517;38932.517;1.000000;0.666676
interleaved_pod_1k_60sec_rand;0;1330;38.964444;38964.444;1.000000;0.666676
interleaved_pod_1k_60sec_rand;0;1331;38.996372;38996.372;1.000000;0.666676
interleaved_pod_1k_60sec_rand;0;1332;39.033288;39033.288;0.962645;0.666676
interleaved_pod_1k_60sec_rand;0;1333;39.070703;39070.703;1.000000;0.666676
interleaved_pod_1k_60sec_rand;0;1334;39.107619;39107.619;1.000000;0.666676
interleaved_pod_1k_60sec_rand;0;1335;39.144535;39144.535;1.000000;0.666676
interleaved_pod_1k_60sec_rand;0;1336;39.162494;39162.494;1.000000;0.666676
interleaved_pod_1k_60sec_rand;0;1337;39.180454;39180.454;1.000000;0.666676
interleaved_pod_1k_60sec_rand;0;1338;39.205397;39205.397;1.000000;0.666676
interleaved_pod_1k_60sec_rand;0;1339;39.230340;39230.340;1.000000;0.666676
interleaved_pod_1k_60sec_rand;0;1340;39.264263;39264.263;0.967675;0.666676
interleaved_pod_1k_60sec_rand;0;1341;39.298685;39298.685;1.000000;0.666676
interleaved_pod_1k_60sec_rand;0;1342;39.325624;39325.624;1.000000;0.666676
interleaved_pod_1k_60sec_rand;0;1343;39.352562;39352.562;1.000000;0.666676
interleaved_pod_1k_60sec_rand;0;1344;39.390476;39390.476;1.000000;0.666676
interleaved_pod_1k_60sec_rand;0;1345;39.428390;39428.390;1.000000;0.666676
interleaved_pod_1k_60sec_rand;0;1346;39.455329;39455.329;1.000000;0.666676
interleaved_pod_1k_60sec_rand;0;1347;39.482268;39482.268;1.000000;0.666676
interleaved_pod_1k_60sec_rand;0;1348;39.501723;39501.723;1.000000;0.666676
interleaved_pod_1k_60sec_rand;0;1349;39.520680;39520.680;1.000000;0.666676
interleaved_pod_1k_60sec_rand;0;1350;39.538639;39538.639;1.000000;0.666676
interleaved_pod_1k_60sec_rand;0;1351;39.556599;39556.599;1.000000;0.666676
interleaved_pod_1k_60sec_rand;0;1352;39.587528;39587.528;1.000000;0.666676
interleaved_pod_1k_60sec_rand;0;1353;39.618458;39618.458;1.000000;0.666676
interleaved_pod_1k_60sec_rand;0;1354;39.668345;39668.345;1.000000;0.666676
interleaved_pod_1k_60sec_rand;0;1355;39.718730;39718.730;1.000000;0.666676
interleaved_pod_1k_60sec_rand;0;1356;39.748662;39748.662;1.000000;0.666676
interleaved_pod_1k_60sec_rand;0;1357;39.778594;39778.594;1.000000;0.666676
interleaved_pod_1k_60sec_rand;0;1358;39.809524;39809.524;1.000000;0.666676
interleaved_pod_1k_60sec_rand;0;1359;39.840454;39840.454;1.000000;0.666676
interleaved_pod_1k_60sec_rand;0;1360;39.867392;39867.392;1.000000;0.666676
interleaved_pod_1k_60sec_rand;0;1361;39.894331;39894.331;1.000000;0.666676
interleaved_pod_1k_60sec_rand;0;1362;39.930748;39930.748;1.000000;0.666676
interleaved_pod_1k_60sec_rand;0;1363;39.966667;39966.667;1.000000;0.666676
interleaved_pod_1k_60sec_rand;0;1364;39.989615;39989.615;1.000000;0.666676
interleaved_pod_1k_60sec_rand;0;1365;40.012562;40012.562;1.000000;0.666676
interleaved_pod_1k_60sec_rand;0;1366;40.030522;40030.522;1.000000;0.666676
interleaved_pod_1k_60sec_rand;0;1367;40.048481;40048.481;1.000000;0.666676
interleaved_pod_1k_60sec_rand;0;1368;40.073424;40073.424;1.000000;0.666676
interleaved_pod_1k_60sec_rand;0;1369;40.098367;40098.367;1.000000;0.666676
interleaved_pod_1k_60sec_rand;0;1370;40.130295;40130.295;1.000000;0.666676
interleaved_pod_1k_60sec_rand;0;1371;40.162721;40162.721;1.000000;0.666676
interleaved_pod_1k_60sec_rand;0;1372;40.211610;40211.610;1.000000;0.666676
interleaved_pod_1k_60sec_rand;0;1373;40.260499;40260.499;1.000000;0.666676
interleaved_pod_1k_60sec_rand;0;1374;40.279456;40279.456;1.000000;0.666676
interleaved_pod_1k_60sec_rand;0;1375;40.298413;40298.413;1.000000;0.666676
interleaved_pod_1k_60sec_rand;0;1376;40.347302;40347.302;1.000000;0.666676
interleaved_pod_1k_60sec_rand;0;1377;40.396689;40396.689;1.000000;0.666676
interleaved_pod_1k_60sec_rand;0;1378;40.430612;40430.612;1.000000;0.666676
interleaved_pod_1k_60sec_rand;0;1379;40.464535;40464.535;1.000000;0.666676
interleaved_pod_1k_60sec_rand;0;1380;40.479501;40479.501;1.000000;0.666676
interleaved_pod_1k_60sec_rand;0;1381;40.494467;40494.467;1.000000;0.666676
interleaved_pod_1k_60sec_rand;0;1382;40.508435;40508.435;1.000000;0.666676
interleaved_pod_1k_60sec_rand;0;1383;40.522404;40522.404;1.000000;0.666676
interleaved_pod_1k_60sec_rand;0;1384;40.545351;40545.351;1.000000;0.666676
interleaved_pod_1k_60sec_rand;0;1385;40.568299;40568.299;1.000000;0.666676
interleaved_pod_1k_60sec_rand;0;1386;40.604717;40604.717;1.000000;0.666676
interleaved_pod_1k_60sec_rand;0;1387;40.640635;40640.635;1.000000;0.666676
interleaved_pod_1k_60sec_rand;0;1388;40.685533;40685.533;1.000000;0.666676
interleaved_pod_1k_60sec_rand;0;1389;40.730431;40730.431;1.000000;0.666676
interleaved_pod_1k_60sec_rand;0;1390;40.759365;40759.365;1.000000;0.666676
interleaved_pod_1k_60sec_rand;0;1391;40.788299;40788.299;1.000000;0.666676
interleaved_pod_1k_60sec_rand;0;1392;40.823719;40823.719;1.000000;0.666676
interleaved_pod_1k_60sec_rand;0;1393;40.858639;40858.639;1.000000;0.666676
interleaved_pod_1k_60sec_rand;0;1394;40.895556;40895.556;1.000000;0.666676
interleaved_pod_1k_60sec_rand;0;1395;40.932472;40932.472;1.000000;0.666676
interleaved_pod_1k_60sec_rand;0;1396;40.951429;40951.429;1.000000;0.666676
interleaved_pod_1k_60sec_rand;0;1397;40.970385;40970.385;1.000000;0.666676
interleaved_pod_1k_60sec_rand;0;1398;41.016281;41016.281;1.000000;0.666676
interleaved_pod_1k_60sec_rand;0;1399;41.062676;41062.676;1.000000;0.666676
interleaved_pod_1k_60sec_rand;0;1400;41.074649;41074.649;1.000000;0.666676
interleaved_pod_1k_60sec_rand;0;1401;41.086621;41086.621;1.000000;0.666676
interleaved_pod_1k_60sec_rand;0;1402;41.114558;41114.558;1.000000;0.666676
interleaved_pod_1k_60sec_rand;0;1403;41.142494;41142.494;1.000000;0.666676
interleaved_pod_1k_60sec_rand;0;1404;41.191383;41191.383;1.000000;0.666676
interleaved_pod_1k_60sec_rand;0;1405;41.240272;41240.272;1.000000;0.666676
interleaved_pod_1k_60sec_rand;0;1406;41.274694;41274.694;1.000000;0.666676
interleaved_pod_1k_60sec_rand;0;1407;41.308617;41308.617;1.000000;0.666676
interleaved_pod_1k_60sec_rand;0;1408;41.330567;41330.567;1.000000;0.666676
interleaved_pod_1k_60sec_rand;0;1409;41.352517;41352.517;1.000000;0.666676
interleaved_pod_1k_60sec_rand;0;1410;41.400408;41400.408;1.000000;0.666676
interleaved_pod_1k_60sec_rand;0;1411;41.448299;41448.299;1.000000;0.666676
interleaved_pod_1k_60sec_rand;0;1412;41.475737;41475.737;1.000000;0.666676
interleaved_pod_1k_60sec_rand;0;1413;41.502676;41502.676;1.000000;0.666676
interleaved_pod_1k_60sec_rand;0;1414;41.523628;41523.628;1.000000;0.666676
interleaved_pod_1k_60sec_rand;0;1415;41.544580;41544.580;1.000000;0.666676
interleaved_pod_1k_60sec_rand;0;1416;41.556553;41556.553;1.000000;0.666676
interleaved_pod_1k_60sec_rand;0;1417;41.568526;41568.526;1.000000;0.666676
interleaved_pod_1k_60sec_rand;0;1418;41.588481;41588.481;1.000000;0.666676
interleaved_pod_1k_60sec_rand;0;1419;41.608435;41608.435;1.000000;0.666676
interleaved_pod_1k_60sec_rand;0;1420;41.632381;41632.381;1.000000;0.666676
interleaved_pod_1k_60sec_rand;0;1421;41.656327;41656.327;1.000000;0.666676
interleaved_pod_1k_60sec_rand;0;1422;41.700726;41700.726;1.000000;0.666676
interleaved_pod_1k_60sec_rand;0;1423;41.744626;41744.626;1.000000;0.666676
interleaved_pod_1k_60sec_rand;0;1424;41.791519;41791.519;1.000000;0.666676
interleaved_pod_1k_60sec_rand;0;1425;41.838413;41838.413;1.000000;0.666676
interleaved_pod_1k_60sec_rand;0;1426;41.872336;41872.336;1.000000;0.666676
interleaved_pod_1k_60sec_rand;0;1427;41.906757;41906.757;0.946737;0.666676
interleaved_pod_1k_60sec_rand;0;1428;41.927710;41927.710;1.000000;0.666676
interleaved_pod_1k_60sec_rand;0;1429;41.948662;41948.662;1.000000;0.666676
interleaved_pod_1k_60sec_rand;0;1430;41.988571;41988.571;1.000000;0.666676
interleaved_pod_1k_60sec_rand;0;1431;42.028481;42028.481;1.000000;0.666676
interleaved_pod_1k_60sec_rand;0;1432;42.047438;42047.438;1.000000;0.666676
interleaved_pod_1k_60sec_rand;0;1433;42.066395;42066.395;1.000000;0.666676
interleaved_pod_1k_60sec_rand;0;1434;42.112290;42112.290;1.000000;0.666676
interleaved_pod_1k_60sec_rand;0;1435;42.158685;42158.685;1.000000;0.666676
interleaved_pod_1k_60sec_rand;0;1436;42.187619;42187.619;1.000000;0.666676
interleaved_pod_1k_60sec_rand;0;1437;42.216553;42216.553;1.000000;0.666676
interleaved_pod_1k_60sec_rand;0;1438;42.258458;42258.458;1.000000;0.666676
interleaved_pod_1k_60sec_rand;0;1439;42.300363;42300.363;1.000000;0.666676
interleaved_pod_1k_60sec_rand;0;1440;42.313333;42313.333;1.000000;0.666676
interleaved_pod_1k_60sec_rand;0;1441;42.326304;42326.304;1.000000;0.666676
interleaved_pod_1k_60sec_rand;0;1442;42.336281;42336.281;1.000000;0.666676
interleaved_pod_1k_60sec_rand;0;1443;42.346757;42346.757;0.906727;0.666676
interleaved_pod_1k_60sec_rand;0;1444;42.370703;42370.703;1.000000;0.666676
interleaved_pod_1k_60sec_rand;0;1445;42.394649;42394.649;1.000000;0.666676
interleaved_pod_1k_60sec_rand;0;1446;42.435556;42435.556;1.000000;0.666676
interleaved_pod_1k_60sec_rand;0;1447;42.476463;42476.463;1.000000;0.666676
interleaved_pod_1k_60sec_rand;0;1448;42.495420;42495.420;1.000000;0.666676
interleaved_pod_1k_60sec_rand;0;1449;42.514376;42514.376;1.000000;0.666676
interleaved_pod_1k_60sec_rand;0;1450;42.535329;42535.329;1.000000;0.666676
interleaved_pod_1k_60sec_rand;0;1451;42.556281;42556.281;0.983910;0.666676
interleaved_pod_1k_60sec_rand;0;1452;42.576735;42576.735;0.922254;0.666676
interleaved_pod_1k_60sec_rand;0;1453;42.596689;42596.689;1.000000;0.666676
interleaved_pod_1k_60sec_rand;0;1454;42.607664;42607.664;1.000000;0.666676
interleaved_pod_1k_60sec_rand;0;1455;42.618639;42618.639;1.000000;0.666676
interleaved_pod_1k_60sec_rand;0;1456;42.632608;42632.608;1.000000;0.666676
interleaved_pod_1k_60sec_rand;0;1457;42.646576;42646.576;1.000000;0.666676
interleaved_pod_1k_60sec_rand;0;1458;42.680499;42680.499;1.000000;0.666676
interleaved_pod_1k_60sec_rand;0;1459;42.714422;42714.422;1.000000;0.666676
interleaved_pod_1k_60sec_rand;0;1460;42.735374;42735.374;1.000000;0.666676
interleaved_pod_1k_60sec_rand;0;1461;42.756327;42756.327;1.000000;0.666676
interleaved_pod_1k_60sec_rand;0;1462;42.790748;42790.748;1.000000;0.666676
interleaved_pod_1k_60sec_rand;0;1463;42.824671;42824.671;1.000000;0.666676
interleaved_pod_1k_60sec_rand;0;1464;42.847619;42847.619;1.000000;0.666676
interleaved_pod_1k_60sec_rand;0;1465;42.870567;42870.567;1.000000;0.666676
interleaved_pod_1k_60sec_rand;0;1466;42.903492;42903.492;1.000000;0.666676
interleaved_pod_1k_60sec_rand;0;1467;42.936417;42936.417;1.000000;0.666676
interleaved_pod_1k_60sec_rand;0;1468;42.949388;42949.388;1.000000;0.666676
interleaved_pod_1k_60sec_rand;0;1469;42.962358;42962.358;1.000000;0.666676
interleaved_pod_1k_60sec_rand;0;1470;43.004762;43004.762;0.983090;0.666676
interleaved_pod_1k_60sec_rand;0;1471;43.046667;43046.667;1.000000;0.666676
interleaved_pod_1k_60sec_rand;0;1472;43.072608;43072.608;1.000000;0.666676
interleaved_pod_1k_60sec_rand;0;1473;43.098549;43098.549;1.000000;0.666676
interleaved_pod_1k_60sec_rand;0;1474;43.116508;43116.508;1.000000;0.666676
interleaved_pod_1k_60sec_rand;0;1475;43.134467;43134.467;1.000000;0.666676
interleaved_pod_1k_60sec_rand;0;1476;43.179365;43179.365;1.000000;0.666676
interleaved_pod_1k_60sec_rand;0;1477;43.224263;43224.263;0.975088;0.666676
interleaved_pod_1k_60sec_rand;0;1478;43.273651;43273.651;1.000000;0.666676
interleaved_pod_1k_60sec_rand;0;1479;43.322540;43322.540;1.000000;0.666676
interleaved_pod_1k_60sec_rand;0;1480;43.342494;43342.494;1.000000;0.666676
interleaved_pod_1k_60sec_rand;0;1481;43.362449;43362.449;1.000000;0.666676
interleaved_pod_1k_60sec_rand;0;1482;43.389388;43389.388;1.000000;0.666676
interleaved_pod_1k_60sec_rand;0;1483;43.416327;43416.327;1.000000;0.666676
interleaved_pod_1k_60sec_rand;0;1484;43.446757;43446.757;1.000000;0.666676
interleaved_pod_1k_60sec_rand;0;1485;43.476689;43476.689;1.000000;0.666676
interleaved_pod_1k_60sec_rand;0;1486;43.501633;43501.633;1.000000;0.666676
interleaved_pod_1k_60sec_rand;0;1487;43.526576;43526.576;1.000000;0.666676
interleaved_pod_1k_60sec_rand;0;1488;43.544535;43544.535;1.000000;0.666676
interleaved_pod_1k_60sec_rand;0;1489;43.562494;43562.494;1.000000;0.666676
interleaved_pod_1k_60sec_rand;0;1490;43.579456;43579.456;1.000000;0.666676
interleaved_pod_1k_60sec_rand;0;1491;43.596417;43596.417;1.000000;0.666676
interleaved_pod_1k_60sec_rand;0;1492;43.635329;43635.329;1.000000;0.666676
interleaved_pod_1k_60sec_rand;0;1493;43.674739;43674.739;1.000000;0.666676
interleaved_pod_1k_60sec_rand;0;1494;43.692698;43692.698;1.000000;0.666676
interleaved_pod_1k_60sec_rand;0;1495;43.710658;43710.658;1.000000;0.666676
interleaved_pod_1k_60sec_rand;0;1496;43.756553;43756.553;1.000000;0.666676
interleaved_pod_1k_60sec_rand;0;1497;43.802449;43802.449;1.000000;0.666676
interleaved_pod_1k_60sec_rand;0;1498;43.817415;43817.415;1.000000;0.666676
interleaved_pod_1k_60sec_rand;0;1499;43.832381;43832.381;1.000000;0.666676
interleaved_pod_1k_60sec_rand;0;1500;43.860317;43860.317;1.000000;0.666676
interleaved_pod_1k_60sec_rand;0;1501;43.888254;43888.254;0.977012;0.666676
interleaved_pod_1k_60sec_rand;0;1502;43.904717;43904.717;1.000000;0.666676
interleaved_pod_1k_60sec_rand;0;1503;43.920680;43920.680;1.000000;0.666676
interleaved_pod_1k_60sec_rand;0;1504;43.934649;43934.649;1.000000;0.666676
interleaved_pod_1k_60sec_rand;0;1505;43.948617;43948.617;1.000000;0.666676
interleaved_pod_1k_60sec_rand;0;1506;43.966576;43966.576;1.000000;0.666676
interleaved_pod_1k_60sec_rand;0;1507;43.984535;43984.535;1.000000;0.666676
interleaved_pod_1k_60sec_rand;0;1508;44.012472;44012.472;1.000000;0.666676
interleaved_pod_1k_60sec_rand;0;1509;44.040408;44040.408;1.000000;0.666676
interleaved_pod_1k_60sec_rand;0;1510;44.081315;44081.315;1.000000;0.666676
interleaved_pod_1k_60sec_rand;0;1511;44.122721;44122.721;1.000000;0.666676
interleaved_pod_1k_60sec_rand;0;1512;44.154649;44154.649;1.000000;0.666676
interleaved_pod_1k_60sec_rand;0;1513;44.186576;44186.576;1.000000;0.666676
interleaved_pod_1k_60sec_rand;0;1514;44.198549;44198.549;1.000000;0.666676
interleaved_pod_1k_60sec_rand;0;1515;44.210522;44210.522;1.000000;0.666676
interleaved_pod_1k_60sec_rand;0;1516;44.251429;44251.429;1.000000;0.666676
interleaved_pod_1k_60sec_rand;0;1517;44.292336;44292.336;1.000000;0.666676
interleaved_pod_1k_60sec_rand;0;1518;44.327256;44327.256;0.967583;0.666676
interleaved_pod_1k_60sec_rand;0;1519;44.362676;44362.676;1.000000;0.666676
interleaved_pod_1k_60sec_rand;0;1520;44.402585;44402.585;1.000000;0.666676
interleaved_pod_1k_60sec_rand;0;1521;44.442494;44442.494;1.000000;0.666676
interleaved_pod_1k_60sec_rand;0;1522;44.462449;44462.449;1.000000;0.666676
interleaved_pod_1k_60sec_rand;0;1523;44.482404;44482.404;1.000000;0.666676
interleaved_pod_1k_60sec_rand;0;1524;44.498367;44498.367;1.000000;0.666676
interleaved_pod_1k_60sec_rand;0;1525;44.514331;44514.331;1.000000;0.666676
interleaved_pod_1k_60sec_rand;0;1526;44.539773;44539.773;0.913751;0.666676
interleaved_pod_1k_60sec_rand;0;1527;44.564717;44564.717;1.000000;0.666676
interleaved_pod_1k_60sec_rand;0;1528;44.609615;44609.615;1.000000;0.666676
interleaved_pod_1k_60sec_rand;0;1529;44.654512;44654.512;1.000000;0.666676
interleaved_pod_1k_60sec_rand;0;1530;44.704399;44704.399;1.000000;0.666676
interleaved_pod_1k_60sec_rand;0;1531;44.754286;44754.286;1.000000;0.666676
interleaved_pod_1k_60sec_rand;0;1532;44.782721;44782.721;1.000000;0.666676
interleaved_pod_1k_60sec_rand;0;1533;44.810658;44810.658;1.000000;0.666676
interleaved_pod_1k_60sec_rand;0;1534;44.824626;44824.626;1.000000;0.666676
interleaved_pod_1k_60sec_rand;0;1535;44.838594;44838.594;1.000000;0.666676
interleaved_pod_1k_60sec_rand;0;1536;44.875510;44875.510;1.000000;0.666676
interleaved_pod_1k_60sec_rand;0;1537;44.912426;44912.426;1.000000;0.666676
interleaved_pod_1k_60sec_rand;0;1538;44.955329;44955.329;1.000000;0.666676
interleaved_pod_1k_60sec_rand;0;1539;44.998730;44998.730;1.000000;0.666676
interleaved_pod_1k_60sec_rand;0;1540;45.017687;45017.687;1.000000;0.666676
interleaved_pod_1k_60sec_rand;0;1541;45.036644;45036.644;1.000000;0.666676
interleaved_pod_1k_60sec_rand;0;1542;45.064580;45064.580;1.000000;0.666676
interleaved_pod_1k_60sec_rand;0;1543;45.092517;45092.517;1.000000;0.666676
interleaved_pod_1k_60sec_rand;0;1544;45.139410;45139.410;1.000000;0.666676
interleaved_pod_1k_60sec_rand;0;1545;45.186304;45186.304;1.000000;0.666676
interleaved_pod_1k_60sec_rand;0;1546;45.232698;45232.698;1.000000;0.666676
interleaved_pod_1k_60sec_rand;0;1547;45.278594;45278.594;1.000000;0.666676
interleaved_pod_1k_60sec_rand;0;1548;45.297551;45297.551;1.000000;0.666676
interleaved_pod_1k_60sec_rand;0;1549;45.316508;45316.508;1.000000;0.666676
interleaved_pod_1k_60sec_rand;0;1550;45.349433;45349.433;1.000000;0.666676
interleaved_pod_1k_60sec_rand;0;1551;45.382358;45382.358;1.000000;0.666676
interleaved_pod_1k_60sec_rand;0;1552;45.397324;45397.324;1.000000;0.666676
interleaved_pod_1k_60sec_rand;0;1553;45.412290;45412.290;1.000000;0.666676
interleaved_pod_1k_60sec_rand;0;1554;45.444717;45444.717;1.000000;0.666676
interleaved_pod_1k_60sec_rand;0;1555;45.476644;45476.644;1.000000;0.666676
interleaved_pod_1k_60sec_rand;0;1556;45.491610;45491.610;1.000000;0.666676
interleaved_pod_1k_60sec_rand;0;1557;45.506576;45506.576;1.000000;0.666676
interleaved_pod_1k_60sec_rand;0;1558;45.524535;45524.535;1.000000;0.666676
interleaved_pod_1k_60sec_rand;0;1559;45.542494;45542.494;1.000000;0.666676
interleaved_pod_1k_60sec_rand;0;1560;45.578413;45578.413;1.000000;0.666676
interleaved_pod_1k_60sec_rand;0;1561;45.614331;45614.331;1.000000;0.666676
interleaved_pod_1k_60sec_rand;0;1562;45.636780;45636.780;0.950079;0.666676
interleaved_pod_1k_60sec_rand;0;1563;45.658730;45658.730;1.000000;0.666676
interleaved_pod_1k_60sec_rand;0;1564;45.684671;45684.671;1.000000;0.666676
interleaved_pod_1k_60sec_rand;0;1565;45.710612;45710.612;1.000000;0.666676
interleaved_pod_1k_60sec_rand;0;1566;45.748526;45748.526;1.000000;0.666676
interleaved_pod_1k_60sec_rand;0;1567;45.786440;45786.440;1.000000;0.666676
interleaved_pod_1k_60sec_rand;0;1568;45.805397;45805.397;1.000000;0.666676
interleaved_pod_1k_60sec_rand;0;1569;45.824354;45824.354;1.000000;0.666676
interleaved_pod_1k_60sec_rand;0;1570;45.864762;45864.762;0.987575;0.666676
interleaved_pod_1k_60sec_rand;0;1571;45.904671;45904.671;1.000000;0.666676
interleaved_pod_1k_60sec_rand;0;1572;45.936599;45936.599;1.000000;0.666676
interleaved_pod_1k_60sec_rand;0;1573;45.968526;45968.526;1.000000;0.666676
interleaved_pod_1k_60sec_rand;0;1574;45.993469;45993.469;1.000000;0.666676
interleaved_pod_1k_60sec_rand;0;1575;46.018413;46018.413;1.000000;0.666676
interleaved_pod_1k_60sec_rand;0;1576;46.046349;46046.349;1.000000;0.666676
interleaved_pod_1k_60sec_rand;0;1577;46.074286;46074.286;1.000000;0.666676
interleaved_pod_1k_60sec_rand;0;1578;46.124671;46124.671;1.000000;0.666676
interleaved_pod_1k_60sec_rand;0;1579;46.170068;46170.068;0.700494;0.666676
interleaved_pod_1k_60sec_rand;0;1580;46.190522;46190.522;1.000000;0.666676
interleaved_pod_1k_60sec_rand;0;1581;46.206485;46206.485;1.000000;0.666676
interleaved_pod_1k_60sec_rand;0;1582;46.245397;46245.397;1.000000;0.666676
interleaved_pod_1k_60sec_rand;0;1583;46.284308;46284.308;1.000000;0.666676
interleaved_pod_1k_60sec_rand;0;1584;46.327710;46327.710;1.000000;0.666676
interleaved_pod_1k_60sec_rand;0;1585;46.370612;46370.612;1.000000;0.666676
interleaved_pod_1k_60sec_rand;0;1586;46.392562;46392.562;1.000000;0.666676
interleaved_pod_1k_60sec_rand;0;1587;46.414512;46414.512;1.000000;0.666676
interleaved_pod_1k_60sec_rand;0;1588;46.454422;46454.422;1.000000;0.666676
interleaved_pod_1k_60sec_rand;0;1589;46.491338;46491.338;0.731739;0.666676
interleaved_pod_1k_60sec_rand;0;1590;46.511293;46511.293;0.959801;0.666676
interleaved_pod_1k_60sec_rand;0;1591;46.525261;46525.261;0.747689;0.666676
interleaved_pod_1k_60sec_rand;0;1592;46.578639;46578.639;1.000000;0.666676
interleaved_pod_1k_60sec_rand;0;1593;46.587619;46587.619;0.823686;0.666676
interleaved_pod_1k_60sec_rand;0;1594;46.628526;46628.526;1.000000;0.666676
interleaved_pod_1k_60sec_rand;0;1595;46.677415;46677.415;1.000000;0.666676
interleaved_pod_1k_60sec_rand;0;1596;46.700862;46700.862;0.709250;0.666676
interleaved_pod_1k_60sec_rand;0;1597;46.726304;46726.304;1.000000;0.666676
interleaved_pod_1k_60sec_rand;0;1598;46.776689;46776.689;1.000000;0.666676
interleaved_pod_1k_60sec_rand;0;1599;46.826576;46826.576;1.000000;0.666676
interleaved_pod_1k_60sec_rand;0;1600;46.836553;46836.553;1.000000;0.666676
interleaved_pod_1k_60sec_rand;0;1601;46.846531;46846.531;1.000000;0.666676
interleaved_pod_1k_60sec_rand;0;1602;46.870476;46870.476;1.000000;0.666676
interleaved_pod_1k_60sec_rand;0;1603;46.894422;46894.422;1.000000;0.666676
interleaved_pod_1k_60sec_rand;0;1604;46.940317;46940.317;1.000000;0.666676
interleaved_pod_1k_60sec_rand;0;1605;46.986712;46986.712;1.000000;0.666676
interleaved_pod_1k_60sec_rand;0;1606;47.014649;47014.649;1.000000;0.666676
interleaved_pod_1k_60sec_rand;0;1607;47.042585;47042.585;1.000000;0.666676
interleaved_pod_1k_60sec_rand;0;1608;47.072517;47072.517;1.000000;0.666676
interleaved_pod_1k_60sec_rand;0;1609;47.102449;47102.449;1.000000;0.666676
interleaved_pod_1k_60sec_rand;0;1610;47.114422;47114.422;1.000000;0.666676
interleaved_pod_1k_60sec_rand;0;1611;47.126395;47126.395;1.000000;0.666676
interleaved_pod_1k_60sec_rand;0;1612;47.151338;47151.338;1.000000;0.666676
interleaved_pod_1k_60sec_rand;0;1613;47.171293;47171.293;0.723343;0.666676
interleaved_pod_1k_60sec_rand;0;1614;47.202721;47202.721;1.000000;0.666676
interleaved_pod_1k_60sec_rand;0;1615;47.218186;47218.186;0.698101;0.666676
interleaved_pod_1k_60sec_rand;0;1616;47.228662;47228.662;1.000000;0.666676
interleaved_pod_1k_60sec_rand;0;1617;47.265578;47265.578;1.000000;0.666676
interleaved_pod_1k_60sec_rand;0;1618;47.273560;47273.560;0.742838;0.666676
interleaved_pod_1k_60sec_rand;0;1619;47.283039;47283.039;0.861000;0.666676
interleaved_pod_1k_60sec_rand;0;1620;47.297506;47297.506;0.746451;0.666676
interleaved_pod_1k_60sec_rand;0;1621;47.326440;47326.440;1.000000;0.666676
interleaved_pod_1k_60sec_rand;0;1622;47.350385;47350.385;1.000000;0.666676
interleaved_pod_1k_60sec_rand;0;1623;47.392290;47392.290;1.000000;0.666676
interleaved_pod_1k_60sec_rand;0;1624;47.427211;47427.211;0.668832;0.666676
interleaved_pod_1k_60sec_rand;0;1625;47.434195;47434.195;1.000000;0.666676
interleaved_pod_1k_60sec_rand;0;1626;47.453651;47453.651;1.000000;0.666676
interleaved_pod_1k_60sec_rand;0;1627;47.461134;47461.134;0.726648;0.666676
interleaved_pod_1k_60sec_rand;0;1628;47.469116;47469.116;0.750052;0.666676
interleaved_pod_1k_60sec_rand;0;1629;47.505533;47505.533;1.000000;0.666676
interleaved_pod_1k_60sec_rand;0;1630;47.538458;47538.458;1.000000;0.666676
interleaved_pod_1k_60sec_rand;0;1631;47.586349;47586.349;1.000000;0.666676
interleaved_pod_1k_60sec_rand;0;1632;47.606803;47606.803;0.846645;0.666676
interleaved_pod_1k_60sec_rand;0;1633;47.615283;47615.283;0.686782;0.666676
interleaved_pod_1k_60sec_rand;0;1634;47.631746;47631.746;0.762553;0.666676
interleaved_pod_1k_60sec_rand;0;1635;47.660680;47660.680;1.000000;0.666676
interleaved_pod_1k_60sec_rand;0;1636;47.686621;47686.621;1.000000;0.666676
interleaved_pod_1k_60sec_rand;0;1637;47.733515;47733.515;1.000000;0.666676
interleaved_pod_1k_60sec_rand;0;1638;47.780408;47780.408;1.000000;0.666676
interleaved_pod_1k_60sec_rand;0;1639;47.822313;47822.313;1.000000;0.666676
interleaved_pod_1k_60sec_rand;0;1640;47.864717;47864.717;1.000000;0.666676
interleaved_pod_1k_60sec_rand;0;1641;47.888662;47888.662;1.000000;0.666676
interleaved_pod_1k_60sec_rand;0;1642;47.912608;47912.608;1.000000;0.666676
interleaved_pod_1k_60sec_rand;0;1643;47.934558;47934.558;1.000000;0.666676
interleaved_pod_1k_60sec_rand;0;1644;47.956508;47956.508;1.000000;0.666676
interleaved_pod_1k_60sec_rand;0;1645;47.989433;47989.433;1.000000;0.666676
interleaved_pod_1k_60sec_rand;0;1646;48.022358;48022.358;1.000000;0.666676
interleaved_pod_1k_60sec_rand;0;1647;48.069751;48069.751;1.000000;0.666676
interleaved_pod_1k_60sec_rand;0;1648;48.116644;48116.644;1.000000;0.666676
interleaved_pod_1k_60sec_rand;0;1649;48.133605;48133.605;1.000000;0.666676
interleaved_pod_1k_60sec_rand;0;1650;48.150567;48150.567;1.000000;0.666676
interleaved_pod_1k_60sec_rand;0;1651;48.197460;48197.460;1.000000;0.666676
interleaved_pod_1k_60sec_rand;0;1652;48.244354;48244.354;1.000000;0.666676
interleaved_pod_1k_60sec_rand;0;1653;48.271293;48271.293;1.000000;0.666676
interleaved_pod_1k_60sec_rand;0;1654;48.298730;48298.730;1.000000;0.666676
interleaved_pod_1k_60sec_rand;0;1655;48.329660;48329.660;1.000000;0.666676
interleaved_pod_1k_60sec_rand;0;1656;48.360590;48360.590;1.000000;0.666676
interleaved_pod_1k_60sec_rand;0;1657;48.391519;48391.519;1.000000;0.666676
interleaved_pod_1k_60sec_rand;0;1658;48.422449;48422.449;1.000000;0.666676
interleaved_pod_1k_60sec_rand;0;1659;48.440408;48440.408;1.000000;0.666676
interleaved_pod_1k_60sec_rand;0;1660;48.458367;48458.367;1.000000;0.666676
interleaved_pod_1k_60sec_rand;0;1661;48.494286;48494.286;0.979257;0.666676
interleaved_pod_1k_60sec_rand;0;1662;48.530703;48530.703;1.000000;0.666676
interleaved_pod_1k_60sec_rand;0;1663;48.567619;48567.619;1.000000;0.666676
interleaved_pod_1k_60sec_rand;0;1664;48.604535;48604.535;1.000000;0.666676
interleaved_pod_1k_60sec_rand;0;1665;48.636463;48636.463;1.000000;0.666676
interleaved_pod_1k_60sec_rand;0;1666;48.668390;48668.390;1.000000;0.666676
interleaved_pod_1k_60sec_rand;0;1667;48.713288;48713.288;1.000000;0.666676
interleaved_pod_1k_60sec_rand;0;1668;48.758685;48758.685;1.000000;0.666676
interleaved_pod_1k_60sec_rand;0;1669;48.783628;48783.628;1.000000;0.666676
interleaved_pod_1k_60sec_rand;0;1670;48.808571;48808.571;1.000000;0.666676
interleaved_pod_1k_60sec_rand;0;1671;48.828526;48828.526;1.000000;0.666676
interleaved_pod_1k_60sec_rand;0;1672;48.848481;48848.481;1.000000;0.666676
interleaved_pod_1k_60sec_rand;0;1673;48.882404;48882.404;1.000000;0.666676
interleaved_pod_1k_60sec_rand;0;1674;48.916327;48916.327;1.000000;0.666676
interleaved_pod_1k_60sec_rand;0;1675;48.945760;48945.760;1.000000;0.666676
interleaved_pod_1k_60sec_rand;0;1676;48.974694;48974.694;1.000000;0.666676
interleaved_pod_1k_60sec_rand;0;1677;49.006621;49006.621;1.000000;0.666676
interleaved_pod_1k_60sec_rand;0;1678;49.038549;49038.549;1.000000;0.666676
interleaved_pod_1k_60sec_rand;0;1679;49.062494;49062.494;1.000000;0.666676
interleaved_pod_1k_60sec_rand;0;1680;49.086440;49086.440;1.000000;0.666676
interleaved_pod_1k_60sec_rand;0;1681;49.112381;49112.381;1.000000;0.666676
interleaved_pod_1k_60sec_rand;0;1682;49.138322;49138.322;1.000000;0.666676
interleaved_pod_1k_60sec_rand;0;1683;49.181723;49181.723;1.000000;0.666676
interleaved_pod_1k_60sec_rand;0;1684;49.224626;49224.626;1.000000;0.666676
interleaved_pod_1k_60sec_rand;0;1685;49.270522;49270.522;1.000000;0.666676
interleaved_pod_1k_60sec_rand;0;1686;49.316417;49316.417;1.000000;0.666676
interleaved_pod_1k_60sec_rand;0;1687;49.366304;49366.304;1.000000;0.666676
interleaved_pod_1k_60sec_rand;0;1688;49.416689;49416.689;1.000000;0.666676
interleaved_pod_1k_60sec_rand;0;1689;49.441633;49441.633;1.000000;0.666676
interleaved_pod_1k_60sec_rand;0;1690;49.466576;49466.576;1.000000;0.666676
interleaved_pod_1k_60sec_rand;0;1691;49.489524;49489.524;1.000000;0.666676
interleaved_pod_1k_60sec_rand;0;1692;49.512472;49512.472;1.000000;0.666676
interleaved_pod_1k_60sec_rand;0;1693;49.550385;49550.385;1.000000;0.666676
interleaved_pod_1k_60sec_rand;0;1694;49.588299;49588.299;1.000000;0.666676
interleaved_pod_1k_60sec_rand;0;1695;49.611746;49611.746;1.000000;0.666676
interleaved_pod_1k_60sec_rand;0;1696;49.634694;49634.694;1.000000;0.666676
interleaved_pod_1k_60sec_rand;0;1697;49.645669;49645.669;1.000000;0.666676
interleaved_pod_1k_60sec_rand;0;1698;49.656644;49656.644;1.000000;0.666676
interleaved_pod_1k_60sec_rand;0;1699;49.698549;49698.549;1.000000;0.666676
interleaved_pod_1k_60sec_rand;0;1700;49.740454;49740.454;1.000000;0.666676
interleaved_pod_1k_60sec_rand;0;1701;49.771383;49771.383;1.000000;0.666676
interleaved_pod_1k_60sec_rand;0;1702;49.802313;49802.313;1.000000;0.666676
interleaved_pod_1k_60sec_rand;0;1703;49.838730;49838.730;1.000000;0.666676
interleaved_pod_1k_60sec_rand;0;1704;49.874649;49874.649;1.000000;0.666676
interleaved_pod_1k_60sec_rand;0;1705;49.889615;49889.615;1.000000;0.666676
interleaved_pod_1k_60sec_rand;0;1706;49.904580;49904.580;1.000000;0.666676
interleaved_pod_1k_60sec_rand;0;1707;49.916553;49916.553;1.000000;0.666676
interleaved_pod_1k_60sec_rand;0;1708;49.928526;49928.526;1.000000;0.666676
interleaved_pod_1k_60sec_rand;0;1709;49.958458;49958.458;1.000000;0.666676
interleaved_pod_1k_60sec_rand;0;1710;49.988390;49988.390;1.000000;0.666676
interleaved_pod_1k_60sec_rand;0;1711;50.036281;50036.281;1.000000;0.666676
interleaved_pod_1k_60sec_rand;0;1712;50.084671;50084.671;1.000000;0.666676
interleaved_pod_1k_60sec_rand;0;1713;50.096644;50096.644;1.000000;0.666676
interleaved_pod_1k_60sec_rand;0;1714;50.108617;50108.617;1.000000;0.666676
interleaved_pod_1k_60sec_rand;0;1715;50.147528;50147.528;1.000000;0.666676
interleaved_pod_1k_60sec_rand;0;1716;50.186440;50186.440;1.000000;0.666676
interleaved_pod_1k_60sec_rand;0;1717;50.205397;50205.397;1.000000;0.666676
interleaved_pod_1k_60sec_rand;0;1718;50.224354;50224.354;1.000000;0.666676
interleaved_pod_1k_60sec_rand;0;1719;50.273243;50273.243;0.904351;0.666676
interleaved_pod_1k_60sec_rand;0;1720;50.322630;50322.630;1.000000;0.666676
interleaved_pod_1k_60sec_rand;0;1721;50.352562;50352.562;1.000000;0.666676
interleaved_pod_1k_60sec_rand;0;1722;50.382494;50382.494;1.000000;0.666676
interleaved_pod_1k_60sec_rand;0;1723;50.416417;50416.417;1.000000;0.666676
interleaved_pod_1k_60sec_rand;0;1724;50.450340;50450.340;1.000000;0.666676
interleaved_pod_1k_60sec_rand;0;1725;50.465306;50465.306;1.000000;0.666676
interleaved_pod_1k_60sec_rand;0;1726;50.480272;50480.272;0.930162;0.666676
interleaved_pod_1k_60sec_rand;0;1727;50.509705;50509.705;1.000000;0.666676
interleaved_pod_1k_60sec_rand;0;1728;50.538639;50538.639;1.000000;0.666676
interleaved_pod_1k_60sec_rand;0;1729;50.563583;50563.583;1.000000;0.666676
interleaved_pod_1k_60sec_rand;0;1730;50.588526;50588.526;1.000000;0.666676
interleaved_pod_1k_60sec_rand;0;1731;50.605488;50605.488;1.000000;0.666676
interleaved_pod_1k_60sec_rand;0;1732;50.622449;50622.449;1.000000;0.666676
interleaved_pod_1k_60sec_rand;0;1733;50.637415;50637.415;1.000000;0.666676
interleaved_pod_1k_60sec_rand;0;1734;50.652381;50652.381;1.000000;0.666676
interleaved_pod_1k_60sec_rand;0;1735;50.688299;50688.299;1.000000;0.666676
interleaved_pod_1k_60sec_rand;0;1736;50.724717;50724.717;1.000000;0.666676
interleaved_pod_1k_60sec_rand;0;1737;50.743673;50743.673;1.000000;0.666676
interleaved_pod_1k_60sec_rand;0;1738;50.762630;50762.630;1.000000;0.666676
interleaved_pod_1k_60sec_rand;0;1739;50.783583;50783.583;1.000000;0.666676
interleaved_pod_1k_60sec_rand;0;1740;50.804535;50804.535;1.000000;0.666676
interleaved_pod_1k_60sec_rand;0;1741;50.843447;50843.447;1.000000;0.666676
interleaved_pod_1k_60sec_rand;0;1742;50.882358;50882.358;1.000000;0.666676
interleaved_pod_1k_60sec_rand;0;1743;50.912290;50912.290;0.975997;0.666676
interleaved_pod_1k_60sec_rand;0;1744;50.942721;50942.721;1.000000;0.666676
interleaved_pod_1k_60sec_rand;0;1745;50.964671;50964.671;1.000000;0.666676
interleaved_pod_1k_60sec_rand;0;1746;50.986621;50986.621;1.000000;0.666676
interleaved_pod_1k_60sec_rand;0;1747;51.032517;51032.517;1.000000;0.666676
interleaved_pod_1k_60sec_rand;0;1748;51.078413;51078.413;1.000000;0.666676
interleaved_pod_1k_60sec_rand;0;1749;51.106349;51106.349;1.000000;0.666676
interleaved_pod_1k_60sec_rand;0;1750;51.134286;51134.286;0.961712;0.666676
interleaved_pod_1k_60sec_rand;0;1751;51.175692;51175.692;1.000000;0.666676
interleaved_pod_1k_60sec_rand;0;1752;51.216599;51216.599;1.000000;0.666676
interleaved_pod_1k_60sec_rand;0;1753;51.236553;51236.553;1.000000;0.666676
interleaved_pod_1k_60sec_rand;0;1754;51.256508;51256.508;1.000000;0.666676
interleaved_pod_1k_60sec_rand;0;1755;51.297415;51297.415;1.000000;0.666676
interleaved_pod_1k_60sec_rand;0;1756;51.338322;51338.322;1.000000;0.666676
interleaved_pod_1k_60sec_rand;0;1757;51.356281;51356.281;0.961513;0.666676
interleaved_pod_1k_60sec_rand;0;1758;51.374739;51374.739;1.000000;0.666676
interleaved_pod_1k_60sec_rand;0;1759;51.396689;51396.689;1.000000;0.666676
interleaved_pod_1k_60sec_rand;0;1760;51.418639;51418.639;1.000000;0.666676
interleaved_pod_1k_60sec_rand;0;1761;51.454558;51454.558;1.000000;0.666676
interleaved_pod_1k_60sec_rand;0;1762;51.490476;51490.476;1.000000;0.666676
interleaved_pod_1k_60sec_rand;0;1763;51.509433;51509.433;1.000000;0.666676
interleaved_pod_1k_60sec_rand;0;1764;51.528390;51528.390;1.000000;0.666676
interleaved_pod_1k_60sec_rand;0;1765;51.567302;51567.302;1.000000;0.666676
interleaved_pod_1k_60sec_rand;0;1766;51.606712;51606.712;1.000000;0.666676
interleaved_pod_1k_60sec_rand;0;1767;51.633651;51633.651;1.000000;0.666676
interleaved_pod_1k_60sec_rand;0;1768;51.660590;51660.590;1.000000;0.666676
interleaved_pod_1k_60sec_rand;0;1769;51.696508;51696.508;1.000000;0.666676
interleaved_pod_1k_60sec_rand;0;1770;51.732426;51732.426;1.000000;0.666676
interleaved_pod_1k_60sec_rand;0;1771;51.747392;51747.392;1.000000;0.666676
interleaved_pod_1k_60sec_rand;0;1772;51.762358;51762.358;1.000000;0.666676
interleaved_pod_1k_60sec_rand;0;1773;51.796281;51796.281;0.993625;0.666676
interleaved_pod_1k_60sec_rand;0;1774;51.830703;51830.703;1.000000;0.666676
interleaved_pod_1k_60sec_rand;0;1775;51.863628;51863.628;1.000000;0.666676
interleaved_pod_1k_60sec_rand;0;1776;51.896553;51896.553;1.000000;0.666676
interleaved_pod_1k_60sec_rand;0;1777;51.919501;51919.501;1.000000;0.666676
interleaved_pod_1k_60sec_rand;0;1778;51.942449;51942.449;1.000000;0.666676
interleaved_pod_1k_60sec_rand;0;1779;51.960408;51960.408;1.000000;0.666676
interleaved_pod_1k_60sec_rand;0;1780;51.978367;51978.367;1.000000;0.666676
interleaved_pod_1k_60sec_rand;0;1781;52.024762;52024.762;0.994925;0.666676
interleaved_pod_1k_60sec_rand;0;1782;52.070658;52070.658;1.000000;0.666676
interleaved_pod_1k_60sec_rand;0;1783;52.102585;52102.585;1.000000;0.666676
interleaved_pod_1k_60sec_rand;0;1784;52.134512;52134.512;1.000000;0.666676
interleaved_pod_1k_60sec_rand;0;1785;52.178413;52178.413;1.000000;0.666676
interleaved_pod_1k_60sec_rand;0;1786;52.222313;52222.313;1.000000;0.666676
interleaved_pod_1k_60sec_rand;0;1787;52.254739;52254.739;0.910788;0.666676
interleaved_pod_1k_60sec_rand;0;1788;52.286667;52286.667;1.000000;0.666676
interleaved_pod_1k_60sec_rand;0;1789;52.321587;52321.587;1.000000;0.666676
interleaved_pod_1k_60sec_rand;0;1790;52.356508;52356.508;1.000000;0.666676
interleaved_pod_1k_60sec_rand;0;1791;52.392426;52392.426;1.000000;0.666676
interleaved_pod_1k_60sec_rand;0;1792;52.428345;52428.345;1.000000;0.666676
interleaved_pod_1k_60sec_rand;0;1793;52.447302;52447.302;1.000000;0.666676
interleaved_pod_1k_60sec_rand;0;1794;52.466259;52466.259;0.981642;0.666676
interleaved_pod_1k_60sec_rand;0;1795;52.491701;52491.701;1.000000;0.666676
interleaved_pod_1k_60sec_rand;0;1796;52.516644;52516.644;1.000000;0.666676
interleaved_pod_1k_60sec_rand;0;1797;52.562540;52562.540;1.000000;0.666676
interleaved_pod_1k_60sec_rand;0;1798;52.608435;52608.435;1.000000;0.666676
interleaved_pod_1k_60sec_rand;0;1799;52.654331;52654.331;1.000000;0.666676
interleaved_pod_1k_60sec_rand;0;1800;52.700726;52700.726;1.000000;0.666676
interleaved_pod_1k_60sec_rand;0;1801;52.725669;52725.669;1.000000;0.666676
interleaved_pod_1k_60sec_rand;0;1802;52.750612;52750.612;1.000000;0.666676
interleaved_pod_1k_60sec_rand;0;1803;52.765578;52765.578;1.000000;0.666676
interleaved_pod_1k_60sec_rand;0;1804;52.773061;52773.061;0.671040;0.666676
interleaved_pod_1k_60sec_rand;0;1805;52.780544;52780.544;1.000000;0.666676
interleaved_pod_1k_60sec_rand;0;1806;52.829433;52829.433;1.000000;0.666676
interleaved_pod_1k_60sec_rand;0;1807;52.878322;52878.322;1.000000;0.666676
interleaved_pod_1k_60sec_rand;0;1808;52.888299;52888.299;0.944049;0.666676
interleaved_pod_1k_60sec_rand;0;1809;52.898776;52898.776;0.856203;0.666676
interleaved_pod_1k_60sec_rand;0;1810;52.924717;52924.717;0.926775;0.666676
interleaved_pod_1k_60sec_rand;0;1811;52.950658;52950.658;1.000000;0.666676
interleaved_pod_1k_60sec_rand;0;1812;52.999546;52999.546;1.000000;0.666676
interleaved_pod_1k_60sec_rand;0;1813;53.048435;53048.435;1.000000;0.666676
interleaved_pod_1k_60sec_rand;0;1814;53.092336;53092.336;1.000000;0.666676
interleaved_pod_1k_60sec_rand;0;1815;53.136735;53136.735;1.000000;0.666676
interleaved_pod_1k_60sec_rand;0;1816;53.170658;53170.658;1.000000;0.666676
interleaved_pod_1k_60sec_rand;0;1817;53.204580;53204.580;1.000000;0.666676
interleaved_pod_1k_60sec_rand;0;1818;53.253469;53253.469;1.000000;0.666676
interleaved_pod_1k_60sec_rand;0;1819;53.302358;53302.358;1.000000;0.666676
interleaved_pod_1k_60sec_rand;0;1820;53.312336;53312.336;1.000000;0.666676
interleaved_pod_1k_60sec_rand;0;1821;53.322313;53322.313;1.000000;0.666676
interleaved_pod_1k_60sec_rand;0;1822;53.349751;53349.751;1.000000;0.666676
interleaved_pod_1k_60sec_rand;0;1823;53.376689;53376.689;1.000000;0.666676
interleaved_pod_1k_60sec_rand;0;1824;53.422585;53422.585;1.000000;0.666676
interleaved_pod_1k_60sec_rand;0;1825;53.468481;53468.481;1.000000;0.666676
interleaved_pod_1k_60sec_rand;0;1826;53.490431;53490.431;1.000000;0.666676
interleaved_pod_1k_60sec_rand;0;1827;53.512381;53512.381;1.000000;0.666676
interleaved_pod_1k_60sec_rand;0;1828;53.545306;53545.306;1.000000;0.666676
interleaved_pod_1k_60sec_rand;0;1829;53.578730;53578.730;1.000000;0.666676
interleaved_pod_1k_60sec_rand;0;1830;53.593696;53593.696;1.000000;0.666676
interleaved_pod_1k_60sec_rand;0;1831;53.608662;53608.662;1.000000;0.666676
interleaved_pod_1k_60sec_rand;0;1832;53.627619;53627.619;1.000000;0.666676
interleaved_pod_1k_60sec_rand;0;1833;53.646576;53646.576;1.000000;0.666676
interleaved_pod_1k_60sec_rand;0;1834;53.662540;53662.540;1.000000;0.666676
interleaved_pod_1k_60sec_rand;0;1835;53.678503;53678.503;1.000000;0.666676
interleaved_pod_1k_60sec_rand;0;1836;53.711429;53711.429;1.000000;0.666676
interleaved_pod_1k_60sec_rand;0;1837;53.744354;53744.354;1.000000;0.666676
interleaved_pod_1k_60sec_rand;0;1838;53.791746;53791.746;0.938667;0.666676
interleaved_pod_1k_60sec_rand;0;1839;53.838639;53838.639;1.000000;0.666676
interleaved_pod_1k_60sec_rand;0;1840;53.860590;53860.590;1.000000;0.666676
interleaved_pod_1k_60sec_rand;0;1841;53.882540;53882.540;1.000000;0.666676
interleaved_pod_1k_60sec_rand;0;1842;53.911474;53911.474;1.000000;0.666676
interleaved_pod_1k_60sec_rand;0;1843;53.940408;53940.408;1.000000;0.666676
interleaved_pod_1k_60sec_rand;0;1844;53.981315;53981.315;1.000000;0.666676
interleaved_pod_1k_60sec_rand;0;1845;54.022721;54022.721;1.000000;0.666676
interleaved_pod_1k_60sec_rand;0;1846;54.032698;54032.698;1.000000;0.666676
interleaved_pod_1k_60sec_rand;0;1847;54.042676;54042.676;1.000000;0.666676
interleaved_pod_1k_60sec_rand;0;1848;54.076599;54076.599;1.000000;0.666676
interleaved_pod_1k_60sec_rand;0;1849;54.110522;54110.522;1.000000;0.666676
interleaved_pod_1k_60sec_rand;0;1850;54.151429;54151.429;1.000000;0.666676
interleaved_pod_1k_60sec_rand;0;1851;54.192336;54192.336;1.000000;0.666676
interleaved_pod_1k_60sec_rand;0;1852;54.228254;54228.254;0.910830;0.666676
interleaved_pod_1k_60sec_rand;0;1853;54.264671;54264.671;1.000000;0.666676
interleaved_pod_1k_60sec_rand;0;1854;54.294603;54294.603;1.000000;0.666676
interleaved_pod_1k_60sec_rand;0;1855;54.324535;54324.535;1.000000;0.666676
interleaved_pod_1k_60sec_rand;0;1856;54.340499;54340.499;1.000000;0.666676
interleaved_pod_1k_60sec_rand;0;1857;54.356463;54356.463;1.000000;0.666676
interleaved_pod_1k_60sec_rand;0;1858;54.401361;54401.361;1.000000;0.666676
interleaved_pod_1k_60sec_rand;0;1859;54.446259;54446.259;0.982323;0.666676
interleaved_pod_1k_60sec_rand;0;1860;54.484671;54484.671;1.000000;0.666676
interleaved_pod_1k_60sec_rand;0;1861;54.522585;54522.585;1.000000;0.666676
interleaved_pod_1k_60sec_rand;0;1862;54.566485;54566.485;1.000000;0.666676
interleaved_pod_1k_60sec_rand;0;1863;54.610385;54610.385;1.000000;0.666676
interleaved_pod_1k_60sec_rand;0;1864;54.622358;54622.358;1.000000;0.666676
interleaved_pod_1k_60sec_rand;0;1865;54.634331;54634.331;1.000000;0.666676
interleaved_pod_1k_60sec_rand;0;1866;54.651293;54651.293;1.000000;0.666676
interleaved_pod_1k_60sec_rand;0;1867;54.668753;54668.753;0.937496;0.666676
interleaved_pod_1k_60sec_rand;0;1868;54.695692;54695.692;1.000000;0.666676
interleaved_pod_1k_60sec_rand;0;1869;54.722630;54722.630;1.000000;0.666676
interleaved_pod_1k_60sec_rand;0;1870;54.736599;54736.599;1.000000;0.666676
interleaved_pod_1k_60sec_rand;0;1871;54.750567;54750.567;1.000000;0.666676
interleaved_pod_1k_60sec_rand;0;1872;54.783492;54783.492;1.000000;0.666676
interleaved_pod_1k_60sec_rand;0;1873;54.816417;54816.417;1.000000;0.666676
interleaved_pod_1k_60sec_rand;0;1874;54.852336;54852.336;1.000000;0.666676
interleaved_pod_1k_60sec_rand;0;1875;54.888254;54888.254;0.957888;0.666676
interleaved_pod_1k_60sec_rand;0;1876;54.911701;54911.701;1.000000;0.666676
interleaved_pod_1k_60sec_rand;0;1877;54.934649;54934.649;1.000000;0.666676
interleaved_pod_1k_60sec_rand;0;1878;54.959592;54959.592;1.000000;0.666676
interleaved_pod_1k_60sec_rand;0;1879;54.984535;54984.535;1.000000;0.666676
interleaved_pod_1k_60sec_rand;0;1880;55.010476;55010.476;1.000000;0.666676
interleaved_pod_1k_60sec_rand;0;1881;55.036417;55036.417;1.000000;0.666676
interleaved_pod_1k_60sec_rand;0;1882;55.068345;55068.345;1.000000;0.666676
interleaved_pod_1k_60sec_rand;0;1883;55.100272;55100.272;1.000000;0.666676
interleaved_pod_1k_60sec_rand;0;1884;55.122721;55122.721;1.000000;0.666676
interleaved_pod_1k_60sec_rand;0;1885;55.144671;55144.671;1.000000;0.666676
interleaved_pod_1k_60sec_rand;0;1886;55.174603;55174.603;1.000000;0.666676
interleaved_pod_1k_60sec_rand;0;1887;55.204535;55204.535;1.000000;0.666676
interleaved_pod_1k_60sec_rand;0;1888;55.249433;55249.433;1.000000;0.666676
interleaved_pod_1k_60sec_rand;0;1889;55.294331;55294.331;1.000000;0.666676
interleaved_pod_1k_60sec_rand;0;1890;55.320272;55320.272;0.933463;0.666676
interleaved_pod_1k_60sec_rand;0;1891;55.346712;55346.712;1.000000;0.666676
interleaved_pod_1k_60sec_rand;0;1892;55.363673;55363.673;1.000000;0.666676
interleaved_pod_1k_60sec_rand;0;1893;55.380635;55380.635;1.000000;0.666676
interleaved_pod_1k_60sec_rand;0;1894;55.398594;55398.594;1.000000;0.666676
interleaved_pod_1k_60sec_rand;0;1895;55.416553;55416.553;1.000000;0.666676
interleaved_pod_1k_60sec_rand;0;1896;55.451474;55451.474;1.000000;0.666676
interleaved_pod_1k_60sec_rand;0;1897;55.486395;55486.395;1.000000;0.666676
interleaved_pod_1k_60sec_rand;0;1898;55.501361;55501.361;1.000000;0.666676
interleaved_pod_1k_60sec_rand;0;1899;55.516327;55516.327;1.000000;0.666676
interleaved_pod_1k_60sec_rand;0;1900;55.532290;55532.290;0.979860;0.666676
interleaved_pod_1k_60sec_rand;0;1901;55.548254;55548.254;0.934702;0.666676
interleaved_pod_1k_60sec_rand;0;1902;55.593651;55593.651;1.000000;0.666676
interleaved_pod_1k_60sec_rand;0;1903;55.638549;55638.549;1.000000;0.666676
interleaved_pod_1k_60sec_rand;0;1904;55.657506;55657.506;1.000000;0.666676
interleaved_pod_1k_60sec_rand;0;1905;55.676463;55676.463;1.000000;0.666676
interleaved_pod_1k_60sec_rand;0;1906;55.719365;55719.365;1.000000;0.666676
interleaved_pod_1k_60sec_rand;0;1907;55.762268;55762.268;1.000000;0.666676
interleaved_pod_1k_60sec_rand;0;1908;55.796689;55796.689;1.000000;0.666676
interleaved_pod_1k_60sec_rand;0;1909;55.830612;55830.612;1.000000;0.666676
interleaved_pod_1k_60sec_rand;0;1910;55.878503;55878.503;1.000000;0.666676
interleaved_pod_1k_60sec_rand;0;1911;55.926395;55926.395;1.000000;0.666676
interleaved_pod_1k_60sec_rand;0;1912;55.973288;55973.288;1.000000;0.666676
interleaved_pod_1k_60sec_rand;0;1913;56.020680;56020.680;1.000000;0.666676
interleaved_pod_1k_60sec_rand;0;1914;56.030658;56030.658;1.000000;0.666676
interleaved_pod_1k_60sec_rand;0;1915;56.040635;56040.635;1.000000;0.666676
interleaved_pod_1k_60sec_rand;0;1916;56.082540;56082.540;1.000000;0.666676
interleaved_pod_1k_60sec_rand;0;1917;56.124444;56124.444;1.000000;0.666676
interleaved_pod_1k_60sec_rand;0;1918;56.134422;56134.422;1.000000;0.666676
interleaved_pod_1k_60sec_rand;0;1919;56.144399;56144.399;1.000000;0.666676
interleaved_pod_1k_60sec_rand;0;1920;56.177324;56177.324;1.000000;0.666676
interleaved_pod_1k_60sec_rand;0;1921;56.210249;56210.249;0.995540;0.666676
interleaved_pod_1k_60sec_rand;0;1922;56.220726;56220.726;1.000000;0.666676
interleaved_pod_1k_60sec_rand;0;1923;56.230703;56230.703;1.000000;0.666676
interleaved_pod_1k_60sec_rand;0;1924;56.248662;56248.662;1.000000;0.666676
interleaved_pod_1k_60sec_rand;0;1925;56.266621;56266.621;1.000000;0.666676
interleaved_pod_1k_60sec_rand;0;1926;56.301542;56301.542;1.000000;0.666676
interleaved_pod_1k_60sec_rand;0;1927;56.336463;56336.463;1.000000;0.666676
interleaved_pod_1k_60sec_rand;0;1928;56.378367;56378.367;1.000000;0.666676
interleaved_pod_1k_60sec_rand;0;1929;56.420272;56420.272;1.000000;0.666676
interleaved_pod_1k_60sec_rand;0;1930;56.455692;56455.692;1.000000;0.666676
interleaved_pod_1k_60sec_rand;0;1931;56.490612;56490.612;1.000000;0.666676
interleaved_pod_1k_60sec_rand;0;1932;56.501587;56501.587;1.000000;0.666676
interleaved_pod_1k_60sec_rand;0;1933;56.512562;56512.562;1.000000;0.666676
interleaved_pod_1k_60sec_rand;0;1934;56.544490;56544.490;1.000000;0.666676
interleaved_pod_1k_60sec_rand;0;1935;56.576417;56576.417;1.000000;0.666676
interleaved_pod_1k_60sec_rand;0;1936;56.607347;56607.347;1.000000;0.666676
interleaved_pod_1k_60sec_rand;0;1937;56.638277;56638.277;1.000000;0.666676
interleaved_pod_1k_60sec_rand;0;1938;56.661723;56661.723;1.000000;0.666676
interleaved_pod_1k_60sec_rand;0;1939;56.684671;56684.671;1.000000;0.666676
interleaved_pod_1k_60sec_rand;0;1940;56.727574;56727.574;1.000000;0.666676
interleaved_pod_1k_60sec_rand;0;1941;56.770476;56770.476;1.000000;0.666676
interleaved_pod_1k_60sec_rand;0;1942;56.791429;56791.429;1.000000;0.666676
interleaved_pod_1k_60sec_rand;0;1943;56.812381;56812.381;1.000000;0.666676
interleaved_pod_1k_60sec_rand;0;1944;56.838322;56838.322;1.000000;0.666676
interleaved_pod_1k_60sec_rand;0;1945;56.864263;56864.263;1.000000;0.666676
interleaved_pod_1k_60sec_rand;0;1946;56.902676;56902.676;1.000000;0.666676
interleaved_pod_1k_60sec_rand;0;1947;56.940590;56940.590;1.000000;0.666676
interleaved_pod_1k_60sec_rand;0;1948;56.974512;56974.512;1.000000;0.666676
interleaved_pod_1k_60sec_rand;0;1949;57.008435;57008.435;1.000000;0.666676
interleaved_pod_1k_60sec_rand;0;1950;57.022404;57022.404;1.000000;0.666676
interleaved_pod_1k_60sec_rand;0;1951;57.036372;57036.372;1.000000;0.666676
interleaved_pod_1k_60sec_rand;0;1952;57.072789;57072.789;0.939179;0.666676
interleaved_pod_1k_60sec_rand;0;1953;57.108707;57108.707;1.000000;0.666676
interleaved_pod_1k_60sec_rand;0;1954;57.152608;57152.608;1.000000;0.666676
interleaved_pod_1k_60sec_rand;0;1955;57.196508;57196.508;1.000000;0.666676
interleaved_pod_1k_60sec_rand;0;1956;57.209478;57209.478;1.000000;0.666676
interleaved_pod_1k_60sec_rand;0;1957;57.222449;57222.449;1.000000;0.666676
interleaved_pod_1k_60sec_rand;0;1958;57.264354;57264.354;1.000000;0.666676
interleaved_pod_1k_60sec_rand;0;1959;57.306259;57306.259;1.000000;0.666676
interleaved_pod_1k_60sec_rand;0;1960;57.338685;57338.685;1.000000;0.666676
interleaved_pod_1k_60sec_rand;0;1961;57.370612;57370.612;1.000000;0.666676
interleaved_pod_1k_60sec_rand;0;1962;57.397551;57397.551;1.000000;0.666676
interleaved_pod_1k_60sec_rand;0;1963;57.424490;57424.490;1.000000;0.666676
interleaved_pod_1k_60sec_rand;0;1964;57.466395;57466.395;1.000000;0.666676
interleaved_pod_1k_60sec_rand;0;1965;57.508299;57508.299;1.000000;0.666676
interleaved_pod_1k_60sec_rand;0;1966;57.541723;57541.723;1.000000;0.666676
interleaved_pod_1k_60sec_rand;0;1967;57.574649;57574.649;1.000000;0.666676
interleaved_pod_1k_60sec_rand;0;1968;57.616553;57616.553;1.000000;0.666676
interleaved_pod_1k_60sec_rand;0;1969;57.658458;57658.458;1.000000;0.666676
interleaved_pod_1k_60sec_rand;0;1970;57.678413;57678.413;1.000000;0.666676
interleaved_pod_1k_60sec_rand;0;1971;57.698367;57698.367;1.000000;0.666676
interleaved_pod_1k_60sec_rand;0;1972;57.727302;57727.302;1.000000;0.666676
interleaved_pod_1k_60sec_rand;0;1973;57.756735;57756.735;1.000000;0.666676
interleaved_pod_1k_60sec_rand;0;1974;57.768707;57768.707;1.000000;0.666676
interleaved_pod_1k_60sec_rand;0;1975;57.780680;57780.680;1.000000;0.666676
interleaved_pod_1k_60sec_rand;0;1976;57.791655;57791.655;1.000000;0.666676
interleaved_pod_1k_60sec_rand;0;1977;57.802630;57802.630;1.000000;0.666676
interleaved_pod_1k_60sec_rand;0;1978;57.823583;57823.583;1.000000;0.666676
interleaved_pod_1k_60sec_rand;0;1979;57.844535;57844.535;1.000000;0.666676
interleaved_pod_1k_60sec_rand;0;1980;57.863492;57863.492;1.000000;0.666676
interleaved_pod_1k_60sec_rand;0;1981;57.882449;57882.449;1.000000;0.666676
interleaved_pod_1k_60sec_rand;0;1982;57.912381;57912.381;1.000000;0.666676
interleaved_pod_1k_60sec_rand;0;1983;57.942313;57942.313;1.000000;0.666676
interleaved_pod_1k_60sec_rand;0;1984;57.961769;57961.769;0.965853;0.666676
interleaved_pod_1k_60sec_rand;0;1985;57.980726;57980.726;1.000000;0.666676
interleaved_pod_1k_60sec_rand;0;1986;57.991701;57991.701;1.000000;0.666676
interleaved_pod_1k_60sec_rand;0;1987;58.002676;58002.676;1.000000;0.666676
interleaved_pod_1k_60sec_rand;0;1988;58.050567;58050.567;1.000000;0.666676
interleaved_pod_1k_60sec_rand;0;1989;58.098458;58098.458;1.000000;0.666676
interleaved_pod_1k_60sec_rand;0;1990;58.137370;58137.370;1.000000;0.666676
interleaved_pod_1k_60sec_rand;0;1991;58.176281;58176.281;1.000000;0.666676
interleaved_pod_1k_60sec_rand;0;1992;58.225669;58225.669;1.000000;0.666676
interleaved_pod_1k_60sec_rand;0;1993;58.274558;58274.558;1.000000;0.666676
interleaved_pod_1k_60sec_rand;0;1994;58.285533;58285.533;1.000000;0.666676
interleaved_pod_1k_60sec_rand;0;1995;58.296508;58296.508;1.000000;0.666676
interleaved_pod_1k_60sec_rand;0;1996;58.311474;58311.474;1.000000;0.666676
interleaved_pod_1k_60sec_rand;0;1997;58.326440;58326.440;1.000000;0.666676
interleaved_pod_1k_60sec_rand;0;1998;58.358367;58358.367;1.000000;0.666676
interleaved_pod_1k_60sec_rand;0;1999;58.390295;58390.295;1.000000;0.666676
interleaved_pod_1k_60sec_rand;0;2000;58.440680;58440.680;1.000000;0.666676
interleaved_pod_1k_60sec_rand;0;2001;58.485578;58485.578;0.850939;0.666676
interleaved_pod_1k_60sec_rand;0;2002;58.509524;58509.524;1.000000;0.666676
interleaved_pod_1k_60sec_rand;0;2003;58.528481;58528.481;1.000000;0.666676
interleaved_pod_1k_60sec_rand;0;2004;58.549433;58549.433;1.000000;0.666676
interleaved_pod_1k_60sec_rand;0;2005;58.570385;58570.385;1.000000;0.666676
interleaved_pod_1k_60sec_rand;0;2006;58.588345;58588.345;1.000000;0.666676
interleaved_pod_1k_60sec_rand;0;2007;58.606304;58606.304;0.988703;0.666676
interleaved_pod_1k_60sec_rand;0;2008;58.633741;58633.741;1.000000;0.666676
interleaved_pod_1k_60sec_rand;0;2009;58.660680;58660.680;1.000000;0.666676
interleaved_pod_1k_60sec_rand;0;2010;58.670658;58670.658;1.000000;0.666676
interleaved_pod_1k_60sec_rand;0;2011;58.680635;58680.635;1.000000;0.666676
interleaved_pod_1k_60sec_rand;0;2012;58.712562;58712.562;1.000000;0.666676
interleaved_pod_1k_60sec_rand;0;2013;58.744490;58744.490;1.000000;0.666676
interleaved_pod_1k_60sec_rand;0;2014;58.772426;58772.426;1.000000;0.666676
interleaved_pod_1k_60sec_rand;0;2015;58.800363;58800.363;1.000000;0.666676
interleaved_pod_1k_60sec_rand;0;2016;58.826304;58826.304;1.000000;0.666676
interleaved_pod_1k_60sec_rand;0;2017;58.852744;58852.744;0.995957;0.666676
interleaved_pod_1k_60sec_rand;0;2018;58.898639;58898.639;1.000000;0.666676
interleaved_pod_1k_60sec_rand;0;2019;58.931565;58931.565;0.683216;0.666676
interleaved_pod_1k_60sec_rand;0;2020;58.944535;58944.535;1.000000;0.666676
interleaved_pod_1k_60sec_rand;0;2021;58.963492;58963.492;1.000000;0.666676
interleaved_pod_1k_60sec_rand;0;2022;58.982449;58982.449;1.000000;0.666676
interleaved_pod_1k_60sec_rand;0;2023;59.024354;59024.354;1.000000;0.666676
interleaved_pod_1k_60sec_rand;0;2024;59.066259;59066.259;0.913557;0.666676
interleaved_pod_1k_60sec_rand;0;2025;59.094694;59094.694;0.867192;0.666676
interleaved_pod_1k_60sec_rand;0;2026;59.122630;59122.630;1.000000;0.666676
interleaved_pod_1k_60sec_rand;0;2027;59.172517;59172.517;1.000000;0.666676
interleaved_pod_1k_60sec_rand;0;2028;59.222404;59222.404;1.000000;0.666676
interleaved_pod_1k_60sec_rand;0;2029;59.232381;59232.381;1.000000;0.666676
interleaved_pod_1k_60sec_rand;0;2030;59.242358;59242.358;1.000000;0.666676
interleaved_pod_1k_60sec_rand;0;2031;59.290748;59290.748;1.000000;0.666676
interleaved_pod_1k_60sec_rand;0;2032;59.338639;59338.639;1.000000;0.666676
interleaved_pod_1k_60sec_rand;0;2033;59.372562;59372.562;1.000000;0.666676
interleaved_pod_1k_60sec_rand;0;2034;59.406485;59406.485;1.000000;0.666676
interleaved_pod_1k_60sec_rand;0;2035;59.456372;59456.372;1.000000;0.666676
interleaved_pod_1k_60sec_rand;0;2036;59.506259;59506.259;0.994672;0.666676
interleaved_pod_1k_60sec_rand;0;2037;59.556644;59556.644;1.000000;0.666676
interleaved_pod_1k_60sec_rand;0;2038;59.606531;59606.531;1.000000;0.666676
interleaved_pod_1k_60sec_rand;0;2039;59.642449;59642.449;1.000000;0.666676
interleaved_pod_1k_60sec_rand;0;2040;59.678367;59678.367;1.000000;0.666676
interleaved_pod_1k_60sec_rand;0;2041;59.692336;59692.336;1.000000;0.666676
interleaved_pod_1k_60sec_rand;0;2042;59.706304;59706.304;1.000000;0.666676
interleaved_pod_1k_60sec_rand;0;2043;59.718277;59718.277;0.990881;0.666676
interleaved_pod_1k_60sec_rand;0;2044;59.730249;59730.249;0.992406;0.666676
interleaved_pod_1k_60sec_rand;0;2045;59.775646;59775.646;1.000000;0.666676
interleaved_pod_1k_60sec_rand;0;2046;59.820544;59820.544;1.000000;0.666676
interleaved_pod_1k_60sec_rand;0;2047;59.859456;59859.456;1.000000;0.666676
interleaved_pod_1k_60sec_rand;0;2048;59.898367;59898.367;1.000000;0.666676
interleaved_pod_1k_60sec_rand;0;2049;59.931293;59931.293;1.000000;0.666676
interleaved_pod_1k_60sec_rand;0;2050;59.964717;59964.717;1.000000;0.666676
interleaved_pod_1k_60sec_rand;0;2051;59.975692;59975.692;1.000000;0.666676
interleaved_pod_1k_60sec_rand;0;2052;59.986667;59986.667;1.000000;0.666676
interleaved_pod_1k_60sec_rand;0;2053;60.027574;60027.574;1.000000;0.666676
interleaved_pod_1k_60sec_rand;0;2054;60.068481;60068.481;1.000000;0.666676
interleaved_pod_1k_60sec_rand;0;2055;60.103401;60103.401;1.000000;0.666676
interleaved_pod_1k_60sec_rand;0;2056;60.138322;60138.322;1.000000;0.666676
interleaved_pod_1k_60sec_rand;0;2057;60.176735;60176.735;1.000000;0.666676
interleaved_pod_1k_60sec_rand;0;2058;60.214649;60214.649;1.000000;0.666676
interleaved_pod_1k_60sec_rand;0;2059;60.258549;60258.549;1.000000;0.666676
interleaved_pod_1k_60sec_rand;0;2060;60.302449;60302.449;1.000000;0.666676
interleaved_pod_1k_60sec_rand;0;2061;60.342358;60342.358;1.000000;0.666676
interleaved_pod_1k_60sec_rand;0;2062;60.382268;60382.268;1.000000;0.666676
interleaved_pod_1k_60sec_rand;0;2063;60.407710;60407.710;1.000000;0.666676
interleaved_pod_1k_60sec_rand;0;2064;60.432653;60432.653;1.000000;0.666676
interleaved_pod_1k_60sec_rand;0;2065;60.446621;60446.621;1.000000;0.666676
interleaved_pod_1k_60sec_rand;0;2066;60.460590;60460.590;1.000000;0.666676
interleaved_pod_1k_60sec_rand;0;2067;60.498503;60498.503;1.000000;0.666676
interleaved_pod_1k_60sec_rand;0;2068;60.536417;60536.417;1.000000;0.666676
interleaved_pod_1k_60sec_rand;0;2069;60.546395;60546.395;1.000000;0.666676
interleaved_pod_1k_60sec_rand;0;2070;60.556372;60556.372;1.000000;0.666676
interleaved_pod_1k_60sec_rand;0;2071;60.570340;60570.340;1.000000;0.666676
interleaved_pod_1k_60sec_rand;0;2072;60.584308;60584.308;1.000000;0.666676
interleaved_pod_1k_60sec_rand;0;2073;60.609751;60609.751;1.000000;0.666676
interleaved_pod_1k_60sec_rand;0;2074;60.634694;60634.694;1.000000;0.666676
interleaved_pod_1k_60sec_rand;0;2075;60.669615;60669.615;1.000000;0.666676
interleaved_pod_1k_60sec_rand;0;2076;60.704535;60704.535;1.000000;0.666676
interleaved_pod_1k_60sec_rand;0;2077;60.725488;60725.488;1.000000;0.666676
interleaved_pod_1k_60sec_rand;0;2078;60.746440;60746.440;1.000000;0.666676
interleaved_pod_1k_60sec_rand;0;2079;60.790340;60790.340;1.000000;0.666676
interleaved_pod_1k_60sec_rand;0;2080;60.834739;60834.739;1.000000;0.666676
interleaved_pod_1k_60sec_rand;0;2081;60.877642;60877.642;1.000000;0.666676
interleaved_pod_1k_60sec_rand;0;2082;60.894104;60894.104;0.668550;0.666676
interleaved_pod_1k_60sec_rand;0;2083;60.920544;60920.544;1.000000;0.666676
interleaved_pod_1k_60sec_rand;0;2084;60.952472;60952.472;1.000000;0.666676
interleaved_pod_1k_60sec_rand;0;2085;60.984399;60984.399;1.000000;0.666676
interleaved_pod_1k_60sec_rand;0;2086;61.000363;61000.363;1.000000;0.666676
interleaved_pod_1k_60sec_rand;0;2087;61.016327;61016.327;1.000000;0.666676
interleaved_pod_1k_60sec_rand;0;2088;61.049751;61049.751;1.000000;0.666676
interleaved_pod_1k_60sec_rand;0;2089;61.082676;61082.676;1.000000;0.666676
interleaved_pod_1k_60sec_rand;0;2090;61.113605;61113.605;1.000000;0.666676
interleaved_pod_1k_60sec_rand;0;2091;61.144535;61144.535;1.000000;0.666676
interleaved_pod_1k_60sec_rand;0;2092;61.171474;61171.474;1.000000;0.666676
interleaved_pod_1k_60sec_rand;0;2093;61.198413;61198.413;1.000000;0.666676
interleaved_pod_1k_60sec_rand;0;2094;61.208390;61208.390;1.000000;0.666676
interleaved_pod_1k_60sec_rand;0;2095;61.218367;61218.367;1.000000;0.666676
interleaved_pod_1k_60sec_rand;0;2096;61.236327;61236.327;1.000000;0.666676
interleaved_pod_1k_60sec_rand;0;2097;61.254286;61254.286;0.985992;0.666676
interleaved_pod_1k_60sec_rand;0;2098;61.264762;61264.762;1.000000;0.666676
interleaved_pod_1k_60sec_rand;0;2099;61.274739;61274.739;0.976609;0.666676
interleaved_pod_1k_60sec_rand;0;2100;61.304671;61304.671;1.000000;0.666676
interleaved_pod_1k_60sec_rand;0;2101;61.334603;61334.603;1.000000;0.666676
interleaved_pod_1k_60sec_rand;0;2102;61.349569;61349.569;1.000000;0.666676
interleaved_pod_1k_60sec_rand;0;2103;61.364535;61364.535;1.000000;0.666676
interleaved_pod_1k_60sec_rand;0;2104;61.390476;61390.476;1.000000;0.666676
interleaved_pod_1k_60sec_rand;0;2105;61.416417;61416.417;1.000000;0.666676
interleaved_pod_1k_60sec_rand;0;2106;61.444354;61444.354;1.000000;0.666676
interleaved_pod_1k_60sec_rand;0;2107;61.472290;61472.290;1.000000;0.666676
interleaved_pod_1k_60sec_rand;0;2108;61.498730;61498.730;1.000000;0.666676
interleaved_pod_1k_60sec_rand;0;2109;61.524671;61524.671;1.000000;0.666676
interleaved_pod_1k_60sec_rand;0;2110;61.557596;61557.596;1.000000;0.666676
interleaved_pod_1k_60sec_rand;0;2111;61.590522;61590.522;1.000000;0.666676
interleaved_pod_1k_60sec_rand;0;2112;61.618458;61618.458;1.000000;0.666676
interleaved_pod_1k_60sec_rand;0;2113;61.646395;61646.395;1.000000;0.666676
interleaved_pod_1k_60sec_rand;0;2114;61.685306;61685.306;1.000000;0.666676
interleaved_pod_1k_60sec_rand;0;2115;61.724717;61724.717;1.000000;0.666676
interleaved_pod_1k_60sec_rand;0;2116;61.757642;61757.642;1.000000;0.666676
interleaved_pod_1k_60sec_rand;0;2117;61.790567;61790.567;1.000000;0.666676
interleaved_pod_1k_60sec_rand;0;2118;61.810522;61810.522;1.000000;0.666676
interleaved_pod_1k_60sec_rand;0;2119;61.830476;61830.476;1.000000;0.666676
interleaved_pod_1k_60sec_rand;0;2120;61.851429;61851.429;1.000000;0.666676
interleaved_pod_1k_60sec_rand;0;2121;61.872381;61872.381;1.000000;0.666676
interleaved_pod_1k_60sec_rand;0;2122;61.916281;61916.281;0.938421;0.666676
interleaved_pod_1k_60sec_rand;0;2123;61.960680;61960.680;1.000000;0.666676
interleaved_pod_1k_60sec_rand;0;2124;61.984626;61984.626;1.000000;0.666676
interleaved_pod_1k_60sec_rand;0;2125;62.008571;62008.571;1.000000;0.666676
interleaved_pod_1k_60sec_rand;0;2126;62.045488;62045.488;1.000000;0.666676
interleaved_pod_1k_60sec_rand;0;2127;62.082404;62082.404;1.000000;0.666676
interleaved_pod_1k_60sec_rand;0;2128;62.125306;62125.306;1.000000;0.666676
interleaved_pod_1k_60sec_rand;0;2129;62.168707;62168.707;1.000000;0.666676
interleaved_pod_1k_60sec_rand;0;2130;62.190658;62190.658;1.000000;0.666676
interleaved_pod_1k_60sec_rand;0;2131;62.212608;62212.608;1.000000;0.666676
interleaved_pod_1k_60sec_rand;0;2132;62.229569;62229.569;1.000000;0.666676
interleaved_pod_1k_60sec_rand;0;2133;62.246531;62246.531;1.000000;0.666676
interleaved_pod_1k_60sec_rand;0;2134;62.291429;62291.429;1.000000;0.666676
interleaved_pod_1k_60sec_rand;0;2135;62.336327;62336.327;1.000000;0.666676
interleaved_pod_1k_60sec_rand;0;2136;62.386712;62386.712;0.994688;0.666676
interleaved_pod_1k_60sec_rand;0;2137;62.436599;62436.599;1.000000;0.666676
interleaved_pod_1k_60sec_rand;0;2138;62.486485;62486.485;1.000000;0.666676
interleaved_pod_1k_60sec_rand;0;2139;62.536372;62536.372;1.000000;0.666676
interleaved_pod_1k_60sec_rand;0;2140;62.570295;62570.295;1.000000;0.666676
interleaved_pod_1k_60sec_rand;0;2141;62.604717;62604.717;1.000000;0.666676
interleaved_pod_1k_60sec_rand;0;2142;62.638639;62638.639;1.000000;0.666676
interleaved_pod_1k_60sec_rand;0;2143;62.672562;62672.562;1.000000;0.666676
interleaved_pod_1k_60sec_rand;0;2144;62.701497;62701.497;1.000000;0.666676
interleaved_pod_1k_60sec_rand;0;2145;62.730431;62730.431;1.000000;0.666676
interleaved_pod_1k_60sec_rand;0;2146;62.757370;62757.370;1.000000;0.666676
interleaved_pod_1k_60sec_rand;0;2147;62.784308;62784.308;1.000000;0.666676
interleaved_pod_1k_60sec_rand;0;2148;62.832698;62832.698;1.000000;0.666676
interleaved_pod_1k_60sec_rand;0;2149;62.880590;62880.590;1.000000;0.666676
interleaved_pod_1k_60sec_rand;0;2150;62.926485;62926.485;1.000000;0.666676
interleaved_pod_1k_60sec_rand;0;2151;62.972381;62972.381;1.000000;0.666676
interleaved_pod_1k_60sec_rand;0;2152;63.014286;63014.286;1.000000;0.666676
interleaved_pod_1k_60sec_rand;0;2153;63.056689;63056.689;1.000000;0.666676
interleaved_pod_1k_60sec_rand;0;2154;63.089615;63089.615;1.000000;0.666676
interleaved_pod_1k_60sec_rand;0;2155;63.122540;63122.540;1.000000;0.666676
interleaved_pod_1k_60sec_rand;0;2156;63.147483;63147.483;1.000000;0.666676
interleaved_pod_1k_60sec_rand;0;2157;63.172426;63172.426;1.000000;0.666676
interleaved_pod_1k_60sec_rand;0;2158;63.216327;63216.327;1.000000;0.666676
interleaved_pod_1k_60sec_rand;0;2159;63.260726;63260.726;1.000000;0.666676
interleaved_pod_1k_60sec_rand;0;2160;63.277687;63277.687;1.000000;0.666676
interleaved_pod_1k_60sec_rand;0;2161;63.294649;63294.649;1.000000;0.666676
interleaved_pod_1k_60sec_rand;0;2162;63.312608;63312.608;1.000000;0.666676
interleaved_pod_1k_60sec_rand;0;2163;63.330567;63330.567;1.000000;0.666676
interleaved_pod_1k_60sec_rand;0;2164;63.348526;63348.526;1.000000;0.666676
interleaved_pod_1k_60sec_rand;0;2165;63.366485;63366.485;1.000000;0.666676
interleaved_pod_1k_60sec_rand;0;2166;63.406395;63406.395;1.000000;0.666676
interleaved_pod_1k_60sec_rand;0;2167;63.446304;63446.304;1.000000;0.666676
interleaved_pod_1k_60sec_rand;0;2168;63.476735;63476.735;1.000000;0.666676
interleaved_pod_1k_60sec_rand;0;2169;63.506667;63506.667;1.000000;0.666676
interleaved_pod_1k_60sec_rand;0;2170;63.554558;63554.558;1.000000;0.666676
interleaved_pod_1k_60sec_rand;0;2171;63.599955;63599.955;0.728762;0.666676
interleaved_pod_1k_60sec_rand;0;2172;63.627392;63627.392;1.000000;0.666676
interleaved_pod_1k_60sec_rand;0;2173;63.652336;63652.336;1.000000;0.666676
interleaved_pod_1k_60sec_rand;0;2174;63.663311;63663.311;1.000000;0.666676
interleaved_pod_1k_60sec_rand;0;2175;63.674286;63674.286;0.899206;0.666676
interleaved_pod_1k_60sec_rand;0;2176;63.709705;63709.705;1.000000;0.666676
interleaved_pod_1k_60sec_rand;0;2177;63.744626;63744.626;1.000000;0.666676
interleaved_pod_1k_60sec_rand;0;2178;63.771565;63771.565;1.000000;0.666676
interleaved_pod_1k_60sec_rand;0;2179;63.798503;63798.503;1.000000;0.666676
interleaved_pod_1k_60sec_rand;0;2180;63.841406;63841.406;1.000000;0.666676
interleaved_pod_1k_60sec_rand;0;2181;63.884308;63884.308;1.000000;0.666676
interleaved_pod_1k_60sec_rand;0;2182;63.933696;63933.696;1.000000;0.666676
interleaved_pod_1k_60sec_rand;0;2183;63.982585;63982.585;1.000000;0.666676
interleaved_pod_1k_60sec_rand;0;2184;64.029478;64029.478;1.000000;0.666676
interleaved_pod_1k_60sec_rand;0;2185;64.076372;64076.372;1.000000;0.666676
interleaved_pod_1k_60sec_rand;0;2186;64.114286;64114.286;0.972897;0.666676
interleaved_pod_1k_60sec_rand;0;2187;64.152698;64152.698;1.000000;0.666676
interleaved_pod_1k_60sec_rand;0;2188;64.162676;64162.676;1.000000;0.666676
interleaved_pod_1k_60sec_rand;0;2189;64.172653;64172.653;1.000000;0.666676
interleaved_pod_1k_60sec_rand;0;2190;64.216553;64216.553;1.000000;0.666676
interleaved_pod_1k_60sec_rand;0;2191;64.260454;64260.454;1.000000;0.666676
interleaved_pod_1k_60sec_rand;0;2192;64.283401;64283.401;1.000000;0.666676
interleaved_pod_1k_60sec_rand;0;2193;64.306349;64306.349;1.000000;0.666676
interleaved_pod_1k_60sec_rand;0;2194;64.329297;64329.297;1.000000;0.666676
interleaved_pod_1k_60sec_rand;0;2195;64.352245;64352.245;1.000000;0.666676
interleaved_pod_1k_60sec_rand;0;2196;64.366712;64366.712;0.920217;0.666676
interleaved_pod_1k_60sec_rand;0;2197;64.380680;64380.680;1.000000;0.666676
interleaved_pod_1k_60sec_rand;0;2198;64.395646;64395.646;1.000000;0.666676
interleaved_pod_1k_60sec_rand;0;2199;64.410612;64410.612;1.000000;0.666676
interleaved_pod_1k_60sec_rand;0;2200;64.431565;64431.565;1.000000;0.666676
interleaved_pod_1k_60sec_rand;0;2201;64.452517;64452.517;1.000000;0.666676
interleaved_pod_1k_60sec_rand;0;2202;64.495420;64495.420;1.000000;0.666676
interleaved_pod_1k_60sec_rand;0;2203;64.538322;64538.322;1.000000;0.666676
interleaved_pod_1k_60sec_rand;0;2204;64.561270;64561.270;0.938091;0.666676
interleaved_pod_1k_60sec_rand;0;2205;64.584717;64584.717;1.000000;0.666676
interleaved_pod_1k_60sec_rand;0;2206;64.605669;64605.669;1.000000;0.666676
interleaved_pod_1k_60sec_rand;0;2207;64.626621;64626.621;1.000000;0.666676
interleaved_pod_1k_60sec_rand;0;2208;64.637596;64637.596;1.000000;0.666676
interleaved_pod_1k_60sec_rand;0;2209;64.648571;64648.571;1.000000;0.666676
interleaved_pod_1k_60sec_rand;0;2210;64.688481;64688.481;1.000000;0.666676
interleaved_pod_1k_60sec_rand;0;2211;64.728390;64728.390;1.000000;0.666676
interleaved_pod_1k_60sec_rand;0;2212;64.768299;64768.299;1.000000;0.666676
interleaved_pod_1k_60sec_rand;0;2213;64.808707;64808.707;1.000000;0.666676
interleaved_pod_1k_60sec_rand;0;2214;64.847619;64847.619;1.000000;0.666676
interleaved_pod_1k_60sec_rand;0;2215;64.886531;64886.531;1.000000;0.666676
interleaved_pod_1k_60sec_rand;0;2216;64.935420;64935.420;1.000000;0.666676
interleaved_pod_1k_60sec_rand;0;2217;64.984308;64984.308;1.000000;0.666676
interleaved_pod_1k_60sec_rand;0;2218;65.015737;65015.737;1.000000;0.666676
interleaved_pod_1k_60sec_rand;0;2219;65.046667;65046.667;1.000000;0.666676
interleaved_pod_1k_60sec_rand;0;2220;65.086576;65086.576;1.000000;0.666676
interleaved_pod_1k_60sec_rand;0;2221;65.126485;65126.485;1.000000;0.666676
interleaved_pod_1k_60sec_rand;0;2222;65.167392;65167.392;1.000000;0.666676
interleaved_pod_1k_60sec_rand;0;2223;65.208299;65208.299;1.000000;0.666676
interleaved_pod_1k_60sec_rand;0;2224;65.237732;65237.732;1.000000;0.666676
interleaved_pod_1k_60sec_rand;0;2225;65.266667;65266.667;1.000000;0.666676
interleaved_pod_1k_60sec_rand;0;2226;65.278639;65278.639;1.000000;0.666676
interleaved_pod_1k_60sec_rand;0;2227;65.290612;65290.612;1.000000;0.666676
interleaved_pod_1k_60sec_rand;0;2228;65.310567;65310.567;1.000000;0.666676
interleaved_pod_1k_60sec_rand;0;2229;65.330522;65330.522;1.000000;0.666676
interleaved_pod_1k_60sec_rand;0;2230;65.350476;65350.476;1.000000;0.666676
interleaved_pod_1k_60sec_rand;0;2231;65.370431;65370.431;1.000000;0.666676
interleaved_pod_1k_60sec_rand;0;2232;65.416327;65416.327;1.000000;0.666676
interleaved_pod_1k_60sec_rand;0;2233;65.462721;65462.721;1.000000;0.666676
interleaved_pod_1k_60sec_rand;0;2234;65.511610;65511.610;1.000000;0.666676
interleaved_pod_1k_60sec_rand;0;2235;65.560499;65560.499;1.000000;0.666676
interleaved_pod_1k_60sec_rand;0;2236;65.603401;65603.401;1.000000;0.666676
interleaved_pod_1k_60sec_rand;0;2237;65.646304;65646.304;0.941925;0.666676
interleaved_pod_1k_60sec_rand;0;2238;65.663265;65663.265;0.967643;0.666676
interleaved_pod_1k_60sec_rand;0;2239;65.680726;65680.726;1.000000;0.666676
interleaved_pod_1k_60sec_rand;0;2240;65.698685;65698.685;1.000000;0.666676
interleaved_pod_1k_60sec_rand;0;2241;65.716644;65716.644;1.000000;0.666676
interleaved_pod_1k_60sec_rand;0;2242;65.752562;65752.562;1.000000;0.666676
interleaved_pod_1k_60sec_rand;0;2243;65.788481;65788.481;1.000000;0.666676
interleaved_pod_1k_60sec_rand;0;2244;65.811429;65811.429;1.000000;0.666676
interleaved_pod_1k_60sec_rand;0;2245;65.834376;65834.376;1.000000;0.666676
interleaved_pod_1k_60sec_rand;0;2246;65.864308;65864.308;1.000000;0.666676
interleaved_pod_1k_60sec_rand;0;2247;65.894739;65894.739;1.000000;0.666676
interleaved_pod_1k_60sec_rand;0;2248;65.937642;65937.642;1.000000;0.666676
interleaved_pod_1k_60sec_rand;0;2249;65.980544;65980.544;1.000000;0.666676
interleaved_pod_1k_60sec_rand;0;2250;66.022449;66022.449;1.000000;0.666676
interleaved_pod_1k_60sec_rand;0;2251;66.064354;66064.354;1.000000;0.666676
interleaved_pod_1k_60sec_rand;0;2252;66.082313;66082.313;1.000000;0.666676
interleaved_pod_1k_60sec_rand;0;2253;66.100272;66100.272;1.000000;0.666676
interleaved_pod_1k_60sec_rand;0;2254;66.136689;66136.689;1.000000;0.666676
interleaved_pod_1k_60sec_rand;0;2255;66.172608;66172.608;1.000000;0.666676
interleaved_pod_1k_60sec_rand;0;2256;66.208526;66208.526;1.000000;0.666676
interleaved_pod_1k_60sec_rand;0;2257;66.244444;66244.444;1.000000;0.666676
interleaved_pod_1k_60sec_rand;0;2258;66.286349;66286.349;1.000000;0.666676
interleaved_pod_1k_60sec_rand;0;2259;66.328753;66328.753;0.934916;0.666676
interleaved_pod_1k_60sec_rand;0;2260;66.340726;66340.726;0.991729;0.666676
interleaved_pod_1k_60sec_rand;0;2261;66.352698;66352.698;1.000000;0.666676
interleaved_pod_1k_60sec_rand;0;2262;66.395601;66395.601;1.000000;0.666676
interleaved_pod_1k_60sec_rand;0;2263;66.438503;66438.503;1.000000;0.666676
interleaved_pod_1k_60sec_rand;0;2264;66.469433;66469.433;1.000000;0.666676
interleaved_pod_1k_60sec_rand;0;2265;66.500363;66500.363;1.000000;0.666676
interleaved_pod_1k_60sec_rand;0;2266;66.532290;66532.290;1.000000;0.666676
interleaved_pod_1k_60sec_rand;0;2267;66.564717;66564.717;1.000000;0.666676
interleaved_pod_1k_60sec_rand;0;2268;66.606621;66606.621;1.000000;0.666676
interleaved_pod_1k_60sec_rand;0;2269;66.648526;66648.526;1.000000;0.666676
interleaved_pod_1k_60sec_rand;0;2270;66.698413;66698.413;1.000000;0.666676
interleaved_pod_1k_60sec_rand;0;2271;66.748299;66748.299;1.000000;0.666676
interleaved_pod_1k_60sec_rand;0;2272;66.783719;66783.719;1.000000;0.666676
interleaved_pod_1k_60sec_rand;0;2273;66.818639;66818.639;1.000000;0.666676
interleaved_pod_1k_60sec_rand;0;2274;66.864535;66864.535;1.000000;0.666676
interleaved_pod_1k_60sec_rand;0;2275;66.910431;66910.431;1.000000;0.666676
interleaved_pod_1k_60sec_rand;0;2276;66.954331;66954.331;1.000000;0.666676
interleaved_pod_1k_60sec_rand;0;2277;66.998730;66998.730;1.000000;0.666676
interleaved_pod_1k_60sec_rand;0;2278;67.034649;67034.649;1.000000;0.666676
interleaved_pod_1k_60sec_rand;0;2279;67.070567;67070.567;1.000000;0.666676
interleaved_pod_1k_60sec_rand;0;2280;67.080544;67080.544;1.000000;0.666676
interleaved_pod_1k_60sec_rand;0;2281;67.090522;67090.522;1.000000;0.666676
interleaved_pod_1k_60sec_rand;0;2282;67.100499;67100.499;1.000000;0.666676
interleaved_pod_1k_60sec_rand;0;2283;67.110476;67110.476;1.000000;0.666676
interleaved_pod_1k_60sec_rand;0;2284;67.137415;67137.415;1.000000;0.666676
interleaved_pod_1k_60sec_rand;0;2285;67.164354;67164.354;1.000000;0.666676
interleaved_pod_1k_60sec_rand;0;2286;67.190295;67190.295;1.000000;0.666676
interleaved_pod_1k_60sec_rand;0;2287;67.216735;67216.735;1.000000;0.666676
interleaved_pod_1k_60sec_rand;0;2288;67.249660;67249.660;1.000000;0.666676
interleaved_pod_1k_60sec_rand;0;2289;67.282585;67282.585;1.000000;0.666676
interleaved_pod_1k_60sec_rand;0;2290;67.304535;67304.535;1.000000;0.666676
interleaved_pod_1k_60sec_rand;0;2291;67.326485;67326.485;1.000000;0.666676
interleaved_pod_1k_60sec_rand;0;2292;67.372381;67372.381;1.000000;0.666676
interleaved_pod_1k_60sec_rand;0;2293;67.418277;67418.277;1.000000;0.666676
interleaved_pod_1k_60sec_rand;0;2294;67.446712;67446.712;1.000000;0.666676
interleaved_pod_1k_60sec_rand;0;2295;67.474649;67474.649;1.000000;0.666676
interleaved_pod_1k_60sec_rand;0;2296;67.497596;67497.596;1.000000;0.666676
interleaved_pod_1k_60sec_rand;0;2297;67.520544;67520.544;1.000000;0.666676
interleaved_pod_1k_60sec_rand;0;2298;67.569433;67569.433;1.000000;0.666676
interleaved_pod_1k_60sec_rand;0;2299;67.618322;67618.322;1.000000;0.666676
interleaved_pod_1k_60sec_rand;0;2300;67.660726;67660.726;1.000000;0.666676
interleaved_pod_1k_60sec_rand;0;2301;67.702630;67702.630;1.000000;0.666676
interleaved_pod_1k_60sec_rand;0;2302;67.749524;67749.524;1.000000;0.666676
interleaved_pod_1k_60sec_rand;0;2303;67.796417;67796.417;1.000000;0.666676
interleaved_pod_1k_60sec_rand;0;2304;67.842313;67842.313;1.000000;0.666676
interleaved_pod_1k_60sec_rand;0;2305;67.888707;67888.707;1.000000;0.666676
interleaved_pod_1k_60sec_rand;0;2306;67.900680;67900.680;1.000000;0.666676
interleaved_pod_1k_60sec_rand;0;2307;67.912653;67912.653;1.000000;0.666676
interleaved_pod_1k_60sec_rand;0;2308;67.937596;67937.596;1.000000;0.666676
interleaved_pod_1k_60sec_rand;0;2309;67.962540;67962.540;1.000000;0.666676
interleaved_pod_1k_60sec_rand;0;2310;68.004444;68004.444;1.000000;0.666676
interleaved_pod_1k_60sec_rand;0;2311;68.046349;68046.349;1.000000;0.666676
interleaved_pod_1k_60sec_rand;0;2312;68.086757;68086.757;0.974745;0.666676
interleaved_pod_1k_60sec_rand;0;2313;68.126667;68126.667;1.000000;0.666676
interleaved_pod_1k_60sec_rand;0;2314;68.149615;68149.615;1.000000;0.666676
interleaved_pod_1k_60sec_rand;0;2315;68.172562;68172.562;1.000000;0.666676
interleaved_pod_1k_60sec_rand;0;2316;68.182540;68182.540;1.000000;0.666676
interleaved_pod_1k_60sec_rand;0;2317;68.192517;68192.517;1.000000;0.666676
interleaved_pod_1k_60sec_rand;0;2318;68.212472;68212.472;1.000000;0.666676
interleaved_pod_1k_60sec_rand;0;2319;68.232426;68232.426;1.000000;0.666676
interleaved_pod_1k_60sec_rand;0;2320;68.261361;68261.361;1.000000;0.666676
interleaved_pod_1k_60sec_rand;0;2321;68.290295;68290.295;1.000000;0.666676
interleaved_pod_1k_60sec_rand;0;2322;68.321723;68321.723;1.000000;0.666676
interleaved_pod_1k_60sec_rand;0;2323;68.352653;68352.653;1.000000;0.666676
interleaved_pod_1k_60sec_rand;0;2324;68.379592;68379.592;1.000000;0.666676
interleaved_pod_1k_60sec_rand;0;2325;68.406531;68406.531;1.000000;0.666676
interleaved_pod_1k_60sec_rand;0;2326;68.427483;68427.483;1.000000;0.666676
interleaved_pod_1k_60sec_rand;0;2327;68.448435;68448.435;1.000000;0.666676
interleaved_pod_1k_60sec_rand;0;2328;68.480363;68480.363;1.000000;0.666676
interleaved_pod_1k_60sec_rand;0;2329;68.512290;68512.290;1.000000;0.666676
interleaved_pod_1k_60sec_rand;0;2330;68.523265;68523.265;0.967061;0.666676
interleaved_pod_1k_60sec_rand;0;2331;68.534739;68534.739;1.000000;0.666676
interleaved_pod_1k_60sec_rand;0;2332;68.562676;68562.676;1.000000;0.666676
interleaved_pod_1k_60sec_rand;0;2333;68.590612;68590.612;1.000000;0.666676
interleaved_pod_1k_60sec_rand;0;2334;68.602585;68602.585;1.000000;0.666676
interleaved_pod_1k_60sec_rand;0;2335;68.614558;68614.558;1.000000;0.666676
interleaved_pod_1k_60sec_rand;0;2336;68.637506;68637.506;1.000000;0.666676
interleaved_pod_1k_60sec_rand;0;2337;68.660454;68660.454;1.000000;0.666676
interleaved_pod_1k_60sec_rand;0;2338;68.705351;68705.351;1.000000;0.666676
interleaved_pod_1k_60sec_rand;0;2339;68.750748;68750.748;0.919666;0.666676
interleaved_pod_1k_60sec_rand;0;2340;68.794649;68794.649;1.000000;0.666676
interleaved_pod_1k_60sec_rand;0;2341;68.838549;68838.549;1.000000;0.666676
interleaved_pod_1k_60sec_rand;0;2342;68.848526;68848.526;1.000000;0.666676
interleaved_pod_1k_60sec_rand;0;2343;68.858503;68858.503;1.000000;0.666676
interleaved_pod_1k_60sec_rand;0;2344;68.901406;68901.406;1.000000;0.666676
interleaved_pod_1k_60sec_rand;0;2345;68.944308;68944.308;1.000000;0.666676
interleaved_pod_1k_60sec_rand;0;2346;68.964762;68964.762;0.945220;0.666676
interleaved_pod_1k_60sec_rand;0;2347;68.984717;68984.717;1.000000;0.666676
interleaved_pod_1k_60sec_rand;0;2348;68.996689;68996.689;1.000000;0.666676
interleaved_pod_1k_60sec_rand;0;2349;69.008662;69008.662;1.000000;0.666676
interleaved_pod_1k_60sec_rand;0;2350;69.045578;69045.578;1.000000;0.666676
interleaved_pod_1k_60sec_rand;0;2351;69.082494;69082.494;1.000000;0.666676
interleaved_pod_1k_60sec_rand;0;2352;69.108435;69108.435;1.000000;0.666676
interleaved_pod_1k_60sec_rand;0;2353;69.134376;69134.376;1.000000;0.666676
interleaved_pod_1k_60sec_rand;0;2354;69.159320;69159.320;1.000000;0.666676
interleaved_pod_1k_60sec_rand;0;2355;69.184263;69184.263;1.000000;0.666676
interleaved_pod_1k_60sec_rand;0;2356;69.198730;69198.730;1.000000;0.666676
interleaved_pod_1k_60sec_rand;0;2357;69.212698;69212.698;1.000000;0.666676
interleaved_pod_1k_60sec_rand;0;2358;69.257596;69257.596;1.000000;0.666676
interleaved_pod_1k_60sec_rand;0;2359;69.302494;69302.494;1.000000;0.666676
interleaved_pod_1k_60sec_rand;0;2360;69.329433;69329.433;1.000000;0.666676
interleaved_pod_1k_60sec_rand;0;2361;69.356372;69356.372;1.000000;0.666676
interleaved_pod_1k_60sec_rand;0;2362;69.378322;69378.322;1.000000;0.666676
interleaved_pod_1k_60sec_rand;0;2363;69.399773;69399.773;1.000000;0.666676
interleaved_pod_1k_60sec_rand;0;2364;69.427710;69427.710;1.000000;0.666676
interleaved_pod_1k_60sec_rand;0;2365;69.454649;69454.649;1.000000;0.666676
interleaved_pod_1k_60sec_rand;0;2366;69.489569;69489.569;1.000000;0.666676
interleaved_pod_1k_60sec_rand;0;2367;69.524490;69524.490;1.000000;0.666676
interleaved_pod_1k_60sec_rand;0;2368;69.546440;69546.440;1.000000;0.666676
interleaved_pod_1k_60sec_rand;0;2369;69.568390;69568.390;1.000000;0.666676
interleaved_pod_1k_60sec_rand;0;2370;69.591338;69591.338;1.000000;0.666676
interleaved_pod_1k_60sec_rand;0;2371;69.614286;69614.286;0.951528;0.666676
interleaved_pod_1k_60sec_rand;0;2372;69.647710;69647.710;1.000000;0.666676
interleaved_pod_1k_60sec_rand;0;2373;69.680635;69680.635;1.000000;0.666676
interleaved_pod_1k_60sec_rand;0;2374;69.693605;69693.605;1.000000;0.666676
interleaved_pod_1k_60sec_rand;0;2375;69.706576;69706.576;1.000000;0.666676
interleaved_pod_1k_60sec_rand;0;2376;69.744490;69744.490;1.000000;0.666676
interleaved_pod_1k_60sec_rand;0;2377;69.782404;69782.404;1.000000;0.666676
interleaved_pod_1k_60sec_rand;0;2378;69.825306;69825.306;1.000000;0.666676
interleaved_pod_1k_60sec_rand;0;2379;69.868707;69868.707;1.000000;0.666676
interleaved_pod_1k_60sec_rand;0;2380;69.913605;69913.605;1.000000;0.666676
interleaved_pod_1k_60sec_rand;0;2381;69.958503;69958.503;1.000000;0.666676
interleaved_pod_1k_60sec_rand;0;2382;70.003401;70003.401;1.000000;0.666676
interleaved_pod_1k_60sec_rand;0;2383;70.048299;70048.299;1.000000;0.666676
interleaved_pod_1k_60sec_rand;0;2384;70.072744;70072.744;0.996639;0.666676
interleaved_pod_1k_60sec_rand;0;2385;70.096689;70096.689;1.000000;0.666676
interleaved_pod_1k_60sec_rand;0;2386;70.128617;70128.617;1.000000;0.666676
interleaved_pod_1k_60sec_rand;0;2387;70.160544;70160.544;1.000000;0.666676
interleaved_pod_1k_60sec_rand;0;2388;70.184490;70184.490;1.000000;0.666676
interleaved_pod_1k_60sec_rand;0;2389;70.208435;70208.435;1.000000;0.666676
interleaved_pod_1k_60sec_rand;0;2390;70.237370;70237.370;1.000000;0.666676
interleaved_pod_1k_60sec_rand;0;2391;70.266304;70266.304;1.000000;0.666676
interleaved_pod_1k_60sec_rand;0;2392;70.309705;70309.705;1.000000;0.666676
interleaved_pod_1k_60sec_rand;0;2393;70.344626;70344.626;0.776887;0.666676
interleaved_pod_1k_60sec_rand;0;2394;70.352608;70352.608;1.000000;0.666676
interleaved_pod_1k_60sec_rand;0;2395;70.394512;70394.512;1.000000;0.666676
interleaved_pod_1k_60sec_rand;0;2396;70.436417;70436.417;1.000000;0.666676
interleaved_pod_1k_60sec_rand;0;2397;70.478322;70478.322;1.000000;0.666676
interleaved_pod_1k_60sec_rand;0;2398;70.520726;70520.726;0.999938;0.666676
interleaved_pod_1k_60sec_rand;0;2399;70.563628;70563.628;1.000000;0.666676
interleaved_pod_1k_60sec_rand;0;2400;70.606531;70606.531;1.000000;0.666676
interleaved_pod_1k_60sec_rand;0;2401;70.618503;70618.503;1.000000;0.666676
interleaved_pod_1k_60sec_rand;0;2402;70.630476;70630.476;1.000000;0.666676
interleaved_pod_1k_60sec_rand;0;2403;70.677370;70677.370;1.000000;0.666676
interleaved_pod_1k_60sec_rand;0;2404;70.724263;70724.263;0.955781;0.666676
interleaved_pod_1k_60sec_rand;0;2405;70.767664;70767.664;1.000000;0.666676
interleaved_pod_1k_60sec_rand;0;2406;70.810567;70810.567;1.000000;0.666676
interleaved_pod_1k_60sec_rand;0;2407;70.852472;70852.472;1.000000;0.666676
interleaved_pod_1k_60sec_rand;0;2408;70.894376;70894.376;1.000000;0.666676
interleaved_pod_1k_60sec_rand;0;2409;70.904354;70904.354;1.000000;0.666676
interleaved_pod_1k_60sec_rand;0;2410;70.914331;70914.331;1.000000;0.666676
interleaved_pod_1k_60sec_rand;0;2411;70.941769;70941.769;0.992801;0.666676
interleaved_pod_1k_60sec_rand;0;2412;70.968707;70968.707;1.000000;0.666676
interleaved_pod_1k_60sec_rand;0;2413;70.999637;70999.637;1.000000;0.666676
interleaved_pod_1k_60sec_rand;0;2414;71.030567;71030.567;1.000000;0.666676
interleaved_pod_1k_60sec_rand;0;2415;71.056508;71056.508;1.000000;0.666676
interleaved_pod_1k_60sec_rand;0;2416;71.082449;71082.449;1.000000;0.666676
interleaved_pod_1k_60sec_rand;0;2417;71.111383;71111.383;1.000000;0.666676
interleaved_pod_1k_60sec_rand;0;2418;71.140317;71140.317;1.000000;0.666676
interleaved_pod_1k_60sec_rand;0;2419;71.160272;71160.272;0.947464;0.666676
interleaved_pod_1k_60sec_rand;0;2420;71.180726;71180.726;1.000000;0.666676
interleaved_pod_1k_60sec_rand;0;2421;71.204671;71204.671;1.000000;0.666676
interleaved_pod_1k_60sec_rand;0;2422;71.228617;71228.617;1.000000;0.666676
interleaved_pod_1k_60sec_rand;0;2423;71.269524;71269.524;1.000000;0.666676
interleaved_pod_1k_60sec_rand;0;2424;71.310431;71310.431;1.000000;0.666676
interleaved_pod_1k_60sec_rand;0;2425;71.347347;71347.347;1.000000;0.666676
interleaved_pod_1k_60sec_rand;0;2426;71.384263;71384.263;1.000000;0.666676
interleaved_pod_1k_60sec_rand;0;2427;71.417687;71417.687;1.000000;0.666676
interleaved_pod_1k_60sec_rand;0;2428;71.450612;71450.612;1.000000;0.666676
interleaved_pod_1k_60sec_rand;0;2429;71.490522;71490.522;1.000000;0.666676
interleaved_pod_1k_60sec_rand;0;2430;71.530431;71530.431;1.000000;0.666676
interleaved_pod_1k_60sec_rand;0;2431;71.578322;71578.322;1.000000;0.666676
interleaved_pod_1k_60sec_rand;0;2432;71.626712;71626.712;1.000000;0.666676
interleaved_pod_1k_60sec_rand;0;2433;71.638685;71638.685;1.000000;0.666676
interleaved_pod_1k_60sec_rand;0;2434;71.650658;71650.658;1.000000;0.666676
interleaved_pod_1k_60sec_rand;0;2435;71.691565;71691.565;1.000000;0.666676
interleaved_pod_1k_60sec_rand;0;2436;71.732472;71732.472;1.000000;0.666676
interleaved_pod_1k_60sec_rand;0;2437;71.748435;71748.435;1.000000;0.666676
interleaved_pod_1k_60sec_rand;0;2438;71.764399;71764.399;1.000000;0.666676
interleaved_pod_1k_60sec_rand;0;2439;71.785351;71785.351;1.000000;0.666676
interleaved_pod_1k_60sec_rand;0;2440;71.806304;71806.304;1.000000;0.666676
interleaved_pod_1k_60sec_rand;0;2441;71.817279;71817.279;1.000000;0.666676
interleaved_pod_1k_60sec_rand;0;2442;71.828254;71828.254;0.992857;0.666676
interleaved_pod_1k_60sec_rand;0;2443;71.863673;71863.673;1.000000;0.666676
interleaved_pod_1k_60sec_rand;0;2444;71.898594;71898.594;1.000000;0.666676
interleaved_pod_1k_60sec_rand;0;2445;71.928526;71928.526;1.000000;0.666676
interleaved_pod_1k_60sec_rand;0;2446;71.958458;71958.458;1.000000;0.666676
interleaved_pod_1k_60sec_rand;0;2447;71.986395;71986.395;1.000000;0.666676
interleaved_pod_1k_60sec_rand;0;2448;72.014331;72014.331;1.000000;0.666676
interleaved_pod_1k_60sec_rand;0;2449;72.032290;72032.290;0.990654;0.666676
interleaved_pod_1k_60sec_rand;0;2450;72.050748;72050.748;0.937948;0.666676
interleaved_pod_1k_60sec_rand;0;2451;72.064717;72064.717;1.000000;0.666676
interleaved_pod_1k_60sec_rand;0;2452;72.078685;72078.685;1.000000;0.666676
interleaved_pod_1k_60sec_rand;0;2453;72.113605;72113.605;1.000000;0.666676
interleaved_pod_1k_60sec_rand;0;2454;72.148526;72148.526;1.000000;0.666676
interleaved_pod_1k_60sec_rand;0;2455;72.191429;72191.429;1.000000;0.666676
interleaved_pod_1k_60sec_rand;0;2456;72.234331;72234.331;1.000000;0.666676
interleaved_pod_1k_60sec_rand;0;2457;72.258277;72258.277;0.947955;0.666676
interleaved_pod_1k_60sec_rand;0;2458;72.282721;72282.721;1.000000;0.666676
interleaved_pod_1k_60sec_rand;0;2459;72.316644;72316.644;1.000000;0.666676
interleaved_pod_1k_60sec_rand;0;2460;72.350567;72350.567;1.000000;0.666676
interleaved_pod_1k_60sec_rand;0;2461;72.390476;72390.476;1.000000;0.666676
interleaved_pod_1k_60sec_rand;0;2462;72.430385;72430.385;1.000000;0.666676
interleaved_pod_1k_60sec_rand;0;2463;72.444354;72444.354;1.000000;0.666676
interleaved_pod_1k_60sec_rand;0;2464;72.458322;72458.322;1.000000;0.666676
interleaved_pod_1k_60sec_rand;0;2465;72.494739;72494.739;0.907364;0.666676
interleaved_pod_1k_60sec_rand;0;2466;72.530658;72530.658;1.000000;0.666676
interleaved_pod_1k_60sec_rand;0;2467;72.543628;72543.628;1.000000;0.666676
interleaved_pod_1k_60sec_rand;0;2468;72.556599;72556.599;1.000000;0.666676
interleaved_pod_1k_60sec_rand;0;2469;72.603492;72603.492;1.000000;0.666676
interleaved_pod_1k_60sec_rand;0;2470;72.650385;72650.385;1.000000;0.666676
interleaved_pod_1k_60sec_rand;0;2471;72.681315;72681.315;1.000000;0.666676
interleaved_pod_1k_60sec_rand;0;2472;72.712744;72712.744;0.948248;0.666676
interleaved_pod_1k_60sec_rand;0;2473;72.728707;72728.707;1.000000;0.666676
interleaved_pod_1k_60sec_rand;0;2474;72.744671;72744.671;1.000000;0.666676
interleaved_pod_1k_60sec_rand;0;2475;72.778594;72778.594;1.000000;0.666676
interleaved_pod_1k_60sec_rand;0;2476;72.812517;72812.517;1.000000;0.666676
interleaved_pod_1k_60sec_rand;0;2477;72.857415;72857.415;1.000000;0.666676
interleaved_pod_1k_60sec_rand;0;2478;72.902313;72902.313;1.000000;0.666676
interleaved_pod_1k_60sec_rand;0;2479;72.938730;72938.730;0.888576;0.666676
interleaved_pod_1k_60sec_rand;0;2480;72.974649;72974.649;1.000000;0.666676
interleaved_pod_1k_60sec_rand;0;2481;73.009569;73009.569;1.000000;0.666676
interleaved_pod_1k_60sec_rand;0;2482;73.044490;73044.490;1.000000;0.666676
interleaved_pod_1k_60sec_rand;0;2483;73.078413;73078.413;1.000000;0.666676
interleaved_pod_1k_60sec_rand;0;2484;73.112336;73112.336;1.000000;0.666676
interleaved_pod_1k_60sec_rand;0;2485;73.129297;73129.297;1.000000;0.666676
interleaved_pod_1k_60sec_rand;0;2486;73.146259;73146.259;0.944955;0.666676
interleaved_pod_1k_60sec_rand;0;2487;73.162721;73162.721;1.000000;0.666676
interleaved_pod_1k_60sec_rand;0;2488;73.178685;73178.685;1.000000;0.666676
interleaved_pod_1k_60sec_rand;0;2489;73.205624;73205.624;1.000000;0.666676
interleaved_pod_1k_60sec_rand;0;2490;73.232562;73232.562;1.000000;0.666676
interleaved_pod_1k_60sec_rand;0;2491;73.276463;73276.463;1.000000;0.666676
interleaved_pod_1k_60sec_rand;0;2492;73.320363;73320.363;1.000000;0.666676
interleaved_pod_1k_60sec_rand;0;2493;73.355283;73355.283;0.962108;0.666676
interleaved_pod_1k_60sec_rand;0;2494;73.390703;73390.703;1.000000;0.666676
interleaved_pod_1k_60sec_rand;0;2495;73.431610;73431.610;1.000000;0.666676
interleaved_pod_1k_60sec_rand;0;2496;73.472517;73472.517;1.000000;0.666676
interleaved_pod_1k_60sec_rand;0;2497;73.495465;73495.465;1.000000;0.666676
interleaved_pod_1k_60sec_rand;0;2498;73.518413;73518.413;1.000000;0.666676
interleaved_pod_1k_60sec_rand;0;2499;73.567302;73567.302;1.000000;0.666676
interleaved_pod_1k_60sec_rand;0;2500;73.616689;73616.689;1.000000;0.666676
interleaved_pod_1k_60sec_rand;0;2501;73.643628;73643.628;1.000000;0.666676
interleaved_pod_1k_60sec_rand;0;2502;73.670567;73670.567;1.000000;0.666676
interleaved_pod_1k_60sec_rand;0;2503;73.694512;73694.512;1.000000;0.666676
interleaved_pod_1k_60sec_rand;0;2504;73.718458;73718.458;1.000000;0.666676
interleaved_pod_1k_60sec_rand;0;2505;73.733424;73733.424;1.000000;0.666676
interleaved_pod_1k_60sec_rand;0;2506;73.748390;73748.390;1.000000;0.666676
interleaved_pod_1k_60sec_rand;0;2507;73.789297;73789.297;1.000000;0.666676
interleaved_pod_1k_60sec_rand;0;2508;73.830703;73830.703;1.000000;0.666676
interleaved_pod_1k_60sec_rand;0;2509;73.851655;73851.655;1.000000;0.666676
interleaved_pod_1k_60sec_rand;0;2510;73.872608;73872.608;1.000000;0.666676
interleaved_pod_1k_60sec_rand;0;2511;73.911519;73911.519;1.000000;0.666676
interleaved_pod_1k_60sec_rand;0;2512;73.950431;73950.431;1.000000;0.666676
interleaved_pod_1k_60sec_rand;0;2513;73.999320;73999.320;1.000000;0.666676
interleaved_pod_1k_60sec_rand;0;2514;74.048707;74048.707;1.000000;0.666676
interleaved_pod_1k_60sec_rand;0;2515;74.071655;74071.655;1.000000;0.666676
interleaved_pod_1k_60sec_rand;0;2516;74.094603;74094.603;1.000000;0.666676
interleaved_pod_1k_60sec_rand;0;2517;74.107574;74107.574;1.000000;0.666676
interleaved_pod_1k_60sec_rand;0;2518;74.120544;74120.544;1.000000;0.666676
interleaved_pod_1k_60sec_rand;0;2519;74.132517;74132.517;1.000000;0.666676
interleaved_pod_1k_60sec_rand;0;2520;74.144490;74144.490;1.000000;0.666676
interleaved_pod_1k_60sec_rand;0;2521;74.154467;74154.467;1.000000;0.666676
interleaved_pod_1k_60sec_rand;0;2522;74.164444;74164.444;1.000000;0.666676
interleaved_pod_1k_60sec_rand;0;2523;74.214331;74214.331;1.000000;0.666676
interleaved_pod_1k_60sec_rand;0;2524;74.264717;74264.717;1.000000;0.666676
interleaved_pod_1k_60sec_rand;0;2525;74.284671;74284.671;1.000000;0.666676
interleaved_pod_1k_60sec_rand;0;2526;74.304626;74304.626;1.000000;0.666676
interleaved_pod_1k_60sec_rand;0;2527;74.348526;74348.526;1.000000;0.666676
interleaved_pod_1k_60sec_rand;0;2528;74.392426;74392.426;1.000000;0.666676
interleaved_pod_1k_60sec_rand;0;2529;74.404399;74404.399;1.000000;0.666676
interleaved_pod_1k_60sec_rand;0;2530;74.416372;74416.372;1.000000;0.666676
interleaved_pod_1k_60sec_rand;0;2531;74.442313;74442.313;1.000000;0.666676
interleaved_pod_1k_60sec_rand;0;2532;74.468753;74468.753;0.923816;0.666676
interleaved_pod_1k_60sec_rand;0;2533;74.503673;74503.673;1.000000;0.666676
interleaved_pod_1k_60sec_rand;0;2534;74.538594;74538.594;1.000000;0.666676
interleaved_pod_1k_60sec_rand;0;2535;74.571519;74571.519;1.000000;0.666676
interleaved_pod_1k_60sec_rand;0;2536;74.604444;74604.444;1.000000;0.666676
interleaved_pod_1k_60sec_rand;0;2537;74.622404;74622.404;1.000000;0.666676
interleaved_pod_1k_60sec_rand;0;2538;74.640363;74640.363;1.000000;0.666676
interleaved_pod_1k_60sec_rand;0;2539;74.676281;74676.281;0.976324;0.666676
interleaved_pod_1k_60sec_rand;0;2540;74.712698;74712.698;1.000000;0.666676
interleaved_pod_1k_60sec_rand;0;2541;74.753605;74753.605;1.000000;0.666676
interleaved_pod_1k_60sec_rand;0;2542;74.794512;74794.512;1.000000;0.666676
interleaved_pod_1k_60sec_rand;0;2543;74.841406;74841.406;1.000000;0.666676
interleaved_pod_1k_60sec_rand;0;2544;74.888299;74888.299;0.945552;0.666676
interleaved_pod_1k_60sec_rand;0;2545;74.912245;74912.245;0.890406;0.666676
interleaved_pod_1k_60sec_rand;0;2546;74.936689;74936.689;1.000000;0.666676
interleaved_pod_1k_60sec_rand;0;2547;74.968617;74968.617;1.000000;0.666676
interleaved_pod_1k_60sec_rand;0;2548;75.000544;75000.544;1.000000;0.666676
interleaved_pod_1k_60sec_rand;0;2549;75.032472;75032.472;1.000000;0.666676
interleaved_pod_1k_60sec_rand;0;2550;75.064399;75064.399;1.000000;0.666676
interleaved_pod_1k_60sec_rand;0;2551;75.086349;75086.349;1.000000;0.666676
interleaved_pod_1k_60sec_rand;0;2552;75.108299;75108.299;0.983142;0.666676
interleaved_pod_1k_60sec_rand;0;2553;75.134739;75134.739;0.935925;0.666676
interleaved_pod_1k_60sec_rand;0;2554;75.160680;75160.680;1.000000;0.666676
interleaved_pod_1k_60sec_rand;0;2555;75.179637;75179.637;1.000000;0.666676
interleaved_pod_1k_60sec_rand;0;2556;75.198594;75198.594;1.000000;0.666676
interleaved_pod_1k_60sec_rand;0;2557;75.210567;75210.567;1.000000;0.666676
interleaved_pod_1k_60sec_rand;0;2558;75.222540;75222.540;1.000000;0.666676
interleaved_pod_1k_60sec_rand;0;2559;75.263447;75263.447;1.000000;0.666676
interleaved_pod_1k_60sec_rand;0;2560;75.304354;75304.354;1.000000;0.666676
interleaved_pod_1k_60sec_rand;0;2561;75.317324;75317.324;1.000000;0.666676
interleaved_pod_1k_60sec_rand;0;2562;75.330295;75330.295;1.000000;0.666676
interleaved_pod_1k_60sec_rand;0;2563;75.370703;75370.703;1.000000;0.666676
interleaved_pod_1k_60sec_rand;0;2564;75.410612;75410.612;1.000000;0.666676
interleaved_pod_1k_60sec_rand;0;2565;75.452517;75452.517;1.000000;0.666676
interleaved_pod_1k_60sec_rand;0;2566;75.494422;75494.422;1.000000;0.666676
interleaved_pod_1k_60sec_rand;0;2567;75.535329;75535.329;1.000000;0.666676
interleaved_pod_1k_60sec_rand;0;2568;75.576735;75576.735;1.000000;0.666676
interleaved_pod_1k_60sec_rand;0;2569;75.605669;75605.669;1.000000;0.666676
interleaved_pod_1k_60sec_rand;0;2570;75.634603;75634.603;1.000000;0.666676
interleaved_pod_1k_60sec_rand;0;2571;75.661542;75661.542;1.000000;0.666676
interleaved_pod_1k_60sec_rand;0;2572;75.688481;75688.481;1.000000;0.666676
interleaved_pod_1k_60sec_rand;0;2573;75.722404;75722.404;1.000000;0.666676
interleaved_pod_1k_60sec_rand;0;2574;75.756327;75756.327;1.000000;0.666676
interleaved_pod_1k_60sec_rand;0;2575;75.785760;75785.760;1.000000;0.666676
interleaved_pod_1k_60sec_rand;0;2576;75.814694;75814.694;1.000000;0.666676
interleaved_pod_1k_60sec_rand;0;2577;75.857596;75857.596;1.000000;0.666676
interleaved_pod_1k_60sec_rand;0;2578;75.900499;75900.499;1.000000;0.666676
interleaved_pod_1k_60sec_rand;0;2579;75.949388;75949.388;1.000000;0.666676
interleaved_pod_1k_60sec_rand;0;2580;75.998277;75998.277;1.000000;0.666676
interleaved_pod_1k_60sec_rand;0;2581;76.030703;76030.703;1.000000;0.666676
interleaved_pod_1k_60sec_rand;0;2582;76.062630;76062.630;1.000000;0.666676
interleaved_pod_1k_60sec_rand;0;2583;76.102540;76102.540;1.000000;0.666676
interleaved_pod_1k_60sec_rand;0;2584;76.142449;76142.449;1.000000;0.666676
interleaved_pod_1k_60sec_rand;0;2585;76.168390;76168.390;1.000000;0.666676
interleaved_pod_1k_60sec_rand;0;2586;76.194331;76194.331;1.000000;0.666676
interleaved_pod_1k_60sec_rand;0;2587;76.242721;76242.721;1.000000;0.666676
interleaved_pod_1k_60sec_rand;0;2588;76.290612;76290.612;1.000000;0.666676
interleaved_pod_1k_60sec_rand;0;2589;76.302585;76302.585;1.000000;0.666676
interleaved_pod_1k_60sec_rand;0;2590;76.314558;76314.558;1.000000;0.666676
interleaved_pod_1k_60sec_rand;0;2591;76.362449;76362.449;1.000000;0.666676
interleaved_pod_1k_60sec_rand;0;2592;76.410340;76410.340;1.000000;0.666676
interleaved_pod_1k_60sec_rand;0;2593;76.443265;76443.265;0.962720;0.666676
interleaved_pod_1k_60sec_rand;0;2594;76.476689;76476.689;1.000000;0.666676
interleaved_pod_1k_60sec_rand;0;2595;76.487664;76487.664;1.000000;0.666676
interleaved_pod_1k_60sec_rand;0;2596;76.498639;76498.639;1.000000;0.666676
interleaved_pod_1k_60sec_rand;0;2597;76.523583;76523.583;1.000000;0.666676
interleaved_pod_1k_60sec_rand;0;2598;76.548526;76548.526;1.000000;0.666676
interleaved_pod_1k_60sec_rand;0;2599;76.571474;76571.474;1.000000;0.666676
interleaved_pod_1k_60sec_rand;0;2600;76.594422;76594.422;1.000000;0.666676
interleaved_pod_1k_60sec_rand;0;2601;76.628345;76628.345;1.000000;0.666676
interleaved_pod_1k_60sec_rand;0;2602;76.662268;76662.268;1.000000;0.666676
interleaved_pod_1k_60sec_rand;0;2603;76.695692;76695.692;1.000000;0.666676
interleaved_pod_1k_60sec_rand;0;2604;76.728617;76728.617;1.000000;0.666676
interleaved_pod_1k_60sec_rand;0;2605;76.773515;76773.515;1.000000;0.666676
interleaved_pod_1k_60sec_rand;0;2606;76.818413;76818.413;1.000000;0.666676
interleaved_pod_1k_60sec_rand;0;2607;76.854331;76854.331;1.000000;0.666676
interleaved_pod_1k_60sec_rand;0;2608;76.890748;76890.748;0.924191;0.666676
interleaved_pod_1k_60sec_rand;0;2609;76.923673;76923.673;1.000000;0.666676
interleaved_pod_1k_60sec_rand;0;2610;76.956599;76956.599;1.000000;0.666676
interleaved_pod_1k_60sec_rand;0;2611;76.994512;76994.512;1.000000;0.666676
interleaved_pod_1k_60sec_rand;0;2612;77.032426;77032.426;1.000000;0.666676
interleaved_pod_1k_60sec_rand;0;2613;77.063356;77063.356;1.000000;0.666676
interleaved_pod_1k_60sec_rand;0;2614;77.094286;77094.286;1.000000;0.666676
interleaved_pod_1k_60sec_rand;0;2615;77.112744;77112.744;1.000000;0.666676
interleaved_pod_1k_60sec_rand;0;2616;77.130703;77130.703;1.000000;0.666676
interleaved_pod_1k_60sec_rand;0;2617;77.142676;77142.676;1.000000;0.666676
interleaved_pod_1k_60sec_rand;0;2618;77.154649;77154.649;1.000000;0.666676
interleaved_pod_1k_60sec_rand;0;2619;77.192562;77192.562;1.000000;0.666676
interleaved_pod_1k_60sec_rand;0;2620;77.230476;77230.476;1.000000;0.666676
interleaved_pod_1k_60sec_rand;0;2621;77.260408;77260.408;1.000000;0.666676
interleaved_pod_1k_60sec_rand;0;2622;77.290340;77290.340;1.000000;0.666676
interleaved_pod_1k_60sec_rand;0;2623;77.311293;77311.293;1.000000;0.666676
interleaved_pod_1k_60sec_rand;0;2624;77.332245;77332.245;0.977325;0.666676
interleaved_pod_1k_60sec_rand;0;2625;77.360680;77360.680;1.000000;0.666676
interleaved_pod_1k_60sec_rand;0;2626;77.388617;77388.617;1.000000;0.666676
interleaved_pod_1k_60sec_rand;0;2627;77.412562;77412.562;1.000000;0.666676
interleaved_pod_1k_60sec_rand;0;2628;77.436508;77436.508;1.000000;0.666676
interleaved_pod_1k_60sec_rand;0;2629;77.454467;77454.467;1.000000;0.666676
interleaved_pod_1k_60sec_rand;0;2630;77.472426;77472.426;1.000000;0.666676
interleaved_pod_1k_60sec_rand;0;2631;77.519320;77519.320;1.000000;0.666676
interleaved_pod_1k_60sec_rand;0;2632;77.566712;77566.712;1.000000;0.666676
interleaved_pod_1k_60sec_rand;0;2633;77.604626;77604.626;1.000000;0.666676
interleaved_pod_1k_60sec_rand;0;2634;77.642540;77642.540;1.000000;0.666676
interleaved_pod_1k_60sec_rand;0;2635;77.691429;77691.429;1.000000;0.666676
interleaved_pod_1k_60sec_rand;0;2636;77.740317;77740.317;1.000000;0.666676
interleaved_pod_1k_60sec_rand;0;2637;77.786712;77786.712;1.000000;0.666676
interleaved_pod_1k_60sec_rand;0;2638;77.832608;77832.608;1.000000;0.666676
interleaved_pod_1k_60sec_rand;0;2639;77.860544;77860.544;1.000000;0.666676
interleaved_pod_1k_60sec_rand;0;2640;77.888481;77888.481;1.000000;0.666676
interleaved_pod_1k_60sec_rand;0;2641;77.925397;77925.397;1.000000;0.666676
interleaved_pod_1k_60sec_rand;0;2642;77.962313;77962.313;1.000000;0.666676
interleaved_pod_1k_60sec_rand;0;2643;77.990748;77990.748;1.000000;0.666676
interleaved_pod_1k_60sec_rand;0;2644;78.018685;78018.685;1.000000;0.666676
interleaved_pod_1k_60sec_rand;0;2645;78.065578;78065.578;1.000000;0.666676
interleaved_pod_1k_60sec_rand;0;2646;78.112472;78112.472;1.000000;0.666676
interleaved_pod_1k_60sec_rand;0;2647;78.146395;78146.395;1.000000;0.666676
interleaved_pod_1k_60sec_rand;0;2648;78.180317;78180.317;1.000000;0.666676
interleaved_pod_1k_60sec_rand;0;2649;78.201769;78201.769;0.968013;0.666676
interleaved_pod_1k_60sec_rand;0;2650;78.222721;78222.721;1.000000;0.666676
interleaved_pod_1k_60sec_rand;0;2651;78.250658;78250.658;1.000000;0.666676
interleaved_pod_1k_60sec_rand;0;2652;78.278594;78278.594;1.000000;0.666676
interleaved_pod_1k_60sec_rand;0;2653;78.312517;78312.517;1.000000;0.666676
interleaved_pod_1k_60sec_rand;0;2654;78.346440;78346.440;1.000000;0.666676
interleaved_pod_1k_60sec_rand;0;2655;78.381361;78381.361;1.000000;0.666676
interleaved_pod_1k_60sec_rand;0;2656;78.416281;78416.281;0.982855;0.666676
interleaved_pod_1k_60sec_rand;0;2657;78.457687;78457.687;1.000000;0.666676
interleaved_pod_1k_60sec_rand;0;2658;78.498594;78498.594;1.000000;0.666676
interleaved_pod_1k_60sec_rand;0;2659;78.540499;78540.499;1.000000;0.666676
interleaved_pod_1k_60sec_rand;0;2660;78.552472;78552.472;0.763365;0.666676
interleaved_pod_1k_60sec_rand;0;2661;78.582404;78582.404;1.000000;0.666676
interleaved_pod_1k_60sec_rand;0;2662;78.626304;78626.304;1.000000;0.666676
interleaved_pod_1k_60sec_rand;0;2663;78.670703;78670.703;1.000000;0.666676
interleaved_pod_1k_60sec_rand;0;2664;78.705624;78705.624;1.000000;0.666676
interleaved_pod_1k_60sec_rand;0;2665;78.740544;78740.544;1.000000;0.666676
interleaved_pod_1k_60sec_rand;0;2666;78.773469;78773.469;1.000000;0.666676
interleaved_pod_1k_60sec_rand;0;2667;78.806395;78806.395;1.000000;0.666676
interleaved_pod_1k_60sec_rand;0;2668;78.844308;78844.308;1.000000;0.666676
interleaved_pod_1k_60sec_rand;0;2669;78.882721;78882.721;1.000000;0.666676
interleaved_pod_1k_60sec_rand;0;2670;78.927619;78927.619;1.000000;0.666676
interleaved_pod_1k_60sec_rand;0;2671;78.972517;78972.517;1.000000;0.666676
interleaved_pod_1k_60sec_rand;0;2672;79.014422;79014.422;1.000000;0.666676
interleaved_pod_1k_60sec_rand;0;2673;79.056327;79056.327;1.000000;0.666676
interleaved_pod_1k_60sec_rand;0;2674;79.105714;79105.714;1.000000;0.666676
interleaved_pod_1k_60sec_rand;0;2675;79.154603;79154.603;1.000000;0.666676
interleaved_pod_1k_60sec_rand;0;2676;79.192517;79192.517;1.000000;0.666676
interleaved_pod_1k_60sec_rand;0;2677;79.230431;79230.431;1.000000;0.666676
interleaved_pod_1k_60sec_rand;0;2678;79.253379;79253.379;1.000000;0.666676
interleaved_pod_1k_60sec_rand;0;2679;79.276327;79276.327;1.000000;0.666676
interleaved_pod_1k_60sec_rand;0;2680;79.301270;79301.270;0.937252;0.666676
interleaved_pod_1k_60sec_rand;0;2681;79.326712;79326.712;1.000000;0.666676
interleaved_pod_1k_60sec_rand;0;2682;79.341678;79341.678;1.000000;0.666676
interleaved_pod_1k_60sec_rand;0;2683;79.356644;79356.644;1.000000;0.666676
interleaved_pod_1k_60sec_rand;0;2684;79.394558;79394.558;1.000000;0.666676
interleaved_pod_1k_60sec_rand;0;2685;79.432472;79432.472;1.000000;0.666676
interleaved_pod_1k_60sec_rand;0;2686;79.480363;79480.363;1.000000;0.666676
interleaved_pod_1k_60sec_rand;0;2687;79.528753;79528.753;0.896490;0.666676
interleaved_pod_1k_60sec_rand;0;2688;79.567664;79567.664;1.000000;0.666676
interleaved_pod_1k_60sec_rand;0;2689;79.606576;79606.576;1.000000;0.666676
interleaved_pod_1k_60sec_rand;0;2690;79.639501;79639.501;1.000000;0.666676
interleaved_pod_1k_60sec_rand;0;2691;79.672426;79672.426;1.000000;0.666676
interleaved_pod_1k_60sec_rand;0;2692;79.708345;79708.345;1.000000;0.666676
interleaved_pod_1k_60sec_rand;0;2693;79.744263;79744.263;1.000000;0.666676
interleaved_pod_1k_60sec_rand;0;2694;79.786667;79786.667;1.000000;0.666676
interleaved_pod_1k_60sec_rand;0;2695;79.828571;79828.571;1.000000;0.666676
interleaved_pod_1k_60sec_rand;0;2696;79.845533;79845.533;1.000000;0.666676
interleaved_pod_1k_60sec_rand;0;2697;79.862494;79862.494;1.000000;0.666676
interleaved_pod_1k_60sec_rand;0;2698;79.896417;79896.417;1.000000;0.666676
interleaved_pod_1k_60sec_rand;0;2699;79.930340;79930.340;1.000000;0.666676
interleaved_pod_1k_60sec_rand;0;2700;79.965261;79965.261;0.945705;0.666676
interleaved_pod_1k_60sec_rand;0;2701;80.000680;80000.680;1.000000;0.666676
interleaved_pod_1k_60sec_rand;0;2702;80.044580;80044.580;1.000000;0.666676
interleaved_pod_1k_60sec_rand;0;2703;80.088481;80088.481;1.000000;0.666676
interleaved_pod_1k_60sec_rand;0;2704;80.124399;80124.399;1.000000;0.666676
interleaved_pod_1k_60sec_rand;0;2705;80.160317;80160.317;1.000000;0.666676
interleaved_pod_1k_60sec_rand;0;2706;80.196735;80196.735;1.000000;0.666676
interleaved_pod_1k_60sec_rand;0;2707;80.232653;80232.653;1.000000;0.666676
interleaved_pod_1k_60sec_rand;0;2708;80.272562;80272.562;1.000000;0.666676
interleaved_pod_1k_60sec_rand;0;2709;80.312472;80312.472;1.000000;0.666676
interleaved_pod_1k_60sec_rand;0;2710;80.340408;80340.408;1.000000;0.666676
interleaved_pod_1k_60sec_rand;0;2711;80.368345;80368.345;1.000000;0.666676
interleaved_pod_1k_60sec_rand;0;2712;80.379320;80379.320;1.000000;0.666676
interleaved_pod_1k_60sec_rand;0;2713;80.390295;80390.295;1.000000;0.666676
interleaved_pod_1k_60sec_rand;0;2714;80.407755;80407.755;0.934939;0.666676
interleaved_pod_1k_60sec_rand;0;2715;80.424717;80424.717;1.000000;0.666676
interleaved_pod_1k_60sec_rand;0;2716;80.453651;80453.651;1.000000;0.666676
interleaved_pod_1k_60sec_rand;0;2717;80.482585;80482.585;1.000000;0.666676
interleaved_pod_1k_60sec_rand;0;2718;80.532472;80532.472;1.000000;0.666676
interleaved_pod_1k_60sec_rand;0;2719;80.582358;80582.358;1.000000;0.666676
interleaved_pod_1k_60sec_rand;0;2720;80.602313;80602.313;1.000000;0.666676
interleaved_pod_1k_60sec_rand;0;2721;80.622268;80622.268;1.000000;0.666676
interleaved_pod_1k_60sec_rand;0;2722;80.656689;80656.689;1.000000;0.666676
interleaved_pod_1k_60sec_rand;0;2723;80.690612;80690.612;1.000000;0.666676
interleaved_pod_1k_60sec_rand;0;2724;80.734512;80734.512;1.000000;0.666676
interleaved_pod_1k_60sec_rand;0;2725;80.778413;80778.413;1.000000;0.666676
interleaved_pod_1k_60sec_rand;0;2726;80.795374;80795.374;1.000000;0.666676
interleaved_pod_1k_60sec_rand;0;2727;80.812336;80812.336;1.000000;0.666676
interleaved_pod_1k_60sec_rand;0;2728;80.850249;80850.249;0.927319;0.666676
interleaved_pod_1k_60sec_rand;0;2729;80.888662;80888.662;1.000000;0.666676
interleaved_pod_1k_60sec_rand;0;2730;80.903628;80903.628;1.000000;0.666676
interleaved_pod_1k_60sec_rand;0;2731;80.918594;80918.594;1.000000;0.666676
interleaved_pod_1k_60sec_rand;0;2732;80.963492;80963.492;1.000000;0.666676
interleaved_pod_1k_60sec_rand;0;2733;81.008390;81008.390;1.000000;0.666676
interleaved_pod_1k_60sec_rand;0;2734;81.053288;81053.288;1.000000;0.666676
interleaved_pod_1k_60sec_rand;0;2735;81.098685;81098.685;1.000000;0.666676
interleaved_pod_1k_60sec_rand;0;2736;81.147574;81147.574;1.000000;0.666676
interleaved_pod_1k_60sec_rand;0;2737;81.196463;81196.463;1.000000;0.666676
interleaved_pod_1k_60sec_rand;0;2738;81.238367;81238.367;1.000000;0.666676
interleaved_pod_1k_60sec_rand;0;2739;81.280272;81280.272;0.977621;0.666676
interleaved_pod_1k_60sec_rand;0;2740;81.324671;81324.671;1.000000;0.666676
interleaved_pod_1k_60sec_rand;0;2741;81.368571;81368.571;1.000000;0.666676
interleaved_pod_1k_60sec_rand;0;2742;81.379546;81379.546;1.000000;0.666676
interleaved_pod_1k_60sec_rand;0;2743;81.390522;81390.522;1.000000;0.666676
interleaved_pod_1k_60sec_rand;0;2744;81.419456;81419.456;1.000000;0.666676
interleaved_pod_1k_60sec_rand;0;2745;81.448390;81448.390;1.000000;0.666676
interleaved_pod_1k_60sec_rand;0;2746;81.489297;81489.297;1.000000;0.666676
interleaved_pod_1k_60sec_rand;0;2747;81.530703;81530.703;1.000000;0.666676
interleaved_pod_1k_60sec_rand;0;2748;81.547664;81547.664;1.000000;0.666676
interleaved_pod_1k_60sec_rand;0;2749;81.564626;81564.626;1.000000;0.666676
interleaved_pod_1k_60sec_rand;0;2750;81.614512;81614.512;1.000000;0.666676
interleaved_pod_1k_60sec_rand;0;2751;81.664399;81664.399;1.000000;0.666676
interleaved_pod_1k_60sec_rand;0;2752;81.694331;81694.331;1.000000;0.666676
interleaved_pod_1k_60sec_rand;0;2753;81.724762;81724.762;0.940082;0.666676
interleaved_pod_1k_60sec_rand;0;2754;81.736735;81736.735;0.958824;0.666676
interleaved_pod_1k_60sec_rand;0;2755;81.748707;81748.707;1.000000;0.666676
interleaved_pod_1k_60sec_rand;0;2756;81.786621;81786.621;1.000000;0.666676
interleaved_pod_1k_60sec_rand;0;2757;81.824535;81824.535;1.000000;0.666676
interleaved_pod_1k_60sec_rand;0;2758;81.863447;81863.447;1.000000;0.666676
interleaved_pod_1k_60sec_rand;0;2759;81.902358;81902.358;1.000000;0.666676
interleaved_pod_1k_60sec_rand;0;2760;81.945760;81945.760;0.978569;0.666676
interleaved_pod_1k_60sec_rand;0;2761;81.988662;81988.662;1.000000;0.666676
interleaved_pod_1k_60sec_rand;0;2762;82.011610;82011.610;1.000000;0.666676
interleaved_pod_1k_60sec_rand;0;2763;82.034558;82034.558;1.000000;0.666676
interleaved_pod_1k_60sec_rand;0;2764;82.081451;82081.451;1.000000;0.666676
interleaved_pod_1k_60sec_rand;0;2765;82.128345;82128.345;1.000000;0.666676
interleaved_pod_1k_60sec_rand;0;2766;82.170748;82170.748;0.986747;0.666676
interleaved_pod_1k_60sec_rand;0;2767;82.212653;82212.653;1.000000;0.666676
interleaved_pod_1k_60sec_rand;0;2768;82.254558;82254.558;1.000000;0.666676
interleaved_pod_1k_60sec_rand;0;2769;82.296463;82296.463;1.000000;0.666676
interleaved_pod_1k_60sec_rand;0;2770;82.324399;82324.399;1.000000;0.666676
interleaved_pod_1k_60sec_rand;0;2771;82.352336;82352.336;1.000000;0.666676
interleaved_pod_1k_60sec_rand;0;2772;82.369297;82369.297;1.000000;0.666676
interleaved_pod_1k_60sec_rand;0;2773;82.386259;82386.259;1.000000;0.666676
interleaved_pod_1k_60sec_rand;0;2774;82.400726;82400.726;1.000000;0.666676
interleaved_pod_1k_60sec_rand;0;2775;82.414694;82414.694;1.000000;0.666676
interleaved_pod_1k_60sec_rand;0;2776;82.445624;82445.624;1.000000;0.666676
interleaved_pod_1k_60sec_rand;0;2777;82.476553;82476.553;1.000000;0.666676
interleaved_pod_1k_60sec_rand;0;2778;82.504490;82504.490;1.000000;0.666676
interleaved_pod_1k_60sec_rand;0;2779;82.532426;82532.426;1.000000;0.666676
interleaved_pod_1k_60sec_rand;0;2780;82.555374;82555.374;1.000000;0.666676
interleaved_pod_1k_60sec_rand;0;2781;82.578322;82578.322;1.000000;0.666676
interleaved_pod_1k_60sec_rand;0;2782;82.597279;82597.279;0.963885;0.666676
interleaved_pod_1k_60sec_rand;0;2783;82.616735;82616.735;1.000000;0.666676
interleaved_pod_1k_60sec_rand;0;2784;82.628707;82628.707;1.000000;0.666676
interleaved_pod_1k_60sec_rand;0;2785;82.640680;82640.680;1.000000;0.666676
interleaved_pod_1k_60sec_rand;0;2786;82.681587;82681.587;1.000000;0.666676
interleaved_pod_1k_60sec_rand;0;2787;82.722494;82722.494;1.000000;0.666676
interleaved_pod_1k_60sec_rand;0;2788;82.741451;82741.451;1.000000;0.666676
interleaved_pod_1k_60sec_rand;0;2789;82.760408;82760.408;1.000000;0.666676
interleaved_pod_1k_60sec_rand;0;2790;82.777370;82777.370;1.000000;0.666676
interleaved_pod_1k_60sec_rand;0;2791;82.794331;82794.331;1.000000;0.666676
interleaved_pod_1k_60sec_rand;0;2792;82.844717;82844.717;1.000000;0.666676
interleaved_pod_1k_60sec_rand;0;2793;82.894603;82894.603;1.000000;0.666676
interleaved_pod_1k_60sec_rand;0;2794;82.908571;82908.571;1.000000;0.666676
interleaved_pod_1k_60sec_rand;0;2795;82.922540;82922.540;1.000000;0.666676
interleaved_pod_1k_60sec_rand;0;2796;82.948481;82948.481;1.000000;0.666676
interleaved_pod_1k_60sec_rand;0;2797;82.974422;82974.422;1.000000;0.666676
interleaved_pod_1k_60sec_rand;0;2798;83.005351;83005.351;1.000000;0.666676
interleaved_pod_1k_60sec_rand;0;2799;83.036281;83036.281;0.938428;0.666676
interleaved_pod_1k_60sec_rand;0;2800;83.084671;83084.671;1.000000;0.666676
interleaved_pod_1k_60sec_rand;0;2801;83.132562;83132.562;1.000000;0.666676
interleaved_pod_1k_60sec_rand;0;2802;83.173469;83173.469;1.000000;0.666676
interleaved_pod_1k_60sec_rand;0;2803;83.214376;83214.376;1.000000;0.666676
interleaved_pod_1k_60sec_rand;0;2804;83.262766;83262.766;0.959343;0.666676
interleaved_pod_1k_60sec_rand;0;2805;83.310658;83310.658;1.000000;0.666676
interleaved_pod_1k_60sec_rand;0;2806;83.344580;83344.580;1.000000;0.666676
interleaved_pod_1k_60sec_rand;0;2807;83.378503;83378.503;1.000000;0.666676
interleaved_pod_1k_60sec_rand;0;2808;83.417415;83417.415;1.000000;0.666676
interleaved_pod_1k_60sec_rand;0;2809;83.456327;83456.327;1.000000;0.666676
interleaved_pod_1k_60sec_rand;0;2810;83.486757;83486.757;0.944893;0.666676
interleaved_pod_1k_60sec_rand;0;2811;83.516689;83516.689;1.000000;0.666676
interleaved_pod_1k_60sec_rand;0;2812;83.562585;83562.585;1.000000;0.666676
interleaved_pod_1k_60sec_rand;0;2813;83.608481;83608.481;1.000000;0.666676
interleaved_pod_1k_60sec_rand;0;2814;83.645397;83645.397;1.000000;0.666676
interleaved_pod_1k_60sec_rand;0;2815;83.682313;83682.313;1.000000;0.666676
interleaved_pod_1k_60sec_rand;0;2816;83.714739;83714.739;1.000000;0.666676
interleaved_pod_1k_60sec_rand;0;2817;83.746667;83746.667;1.000000;0.666676
interleaved_pod_1k_60sec_rand;0;2818;83.756644;83756.644;1.000000;0.666676
interleaved_pod_1k_60sec_rand;0;2819;83.766621;83766.621;1.000000;0.666676
interleaved_pod_1k_60sec_rand;0;2820;83.790567;83790.567;1.000000;0.666676
interleaved_pod_1k_60sec_rand;0;2821;83.814512;83814.512;1.000000;0.666676
interleaved_pod_1k_60sec_rand;0;2822;83.845442;83845.442;1.000000;0.666676
interleaved_pod_1k_60sec_rand;0;2823;83.876372;83876.372;1.000000;0.666676
interleaved_pod_1k_60sec_rand;0;2824;83.891338;83891.338;1.000000;0.666676
interleaved_pod_1k_60sec_rand;0;2825;83.906304;83906.304;1.000000;0.666676
interleaved_pod_1k_60sec_rand;0;2826;83.923764;83923.764;0.971981;0.666676
interleaved_pod_1k_60sec_rand;0;2827;83.940726;83940.726;1.000000;0.666676
interleaved_pod_1k_60sec_rand;0;2828;83.973651;83973.651;1.000000;0.666676
interleaved_pod_1k_60sec_rand;0;2829;84.006576;84006.576;1.000000;0.666676
interleaved_pod_1k_60sec_rand;0;2830;84.043492;84043.492;1.000000;0.666676
interleaved_pod_1k_60sec_rand;0;2831;84.080408;84080.408;1.000000;0.666676
interleaved_pod_1k_60sec_rand;0;2832;84.111338;84111.338;1.000000;0.666676
interleaved_pod_1k_60sec_rand;0;2833;84.142766;84142.766;0.906505;0.666676
interleaved_pod_1k_60sec_rand;0;2834;84.184671;84184.671;1.000000;0.666676
interleaved_pod_1k_60sec_rand;0;2835;84.226576;84226.576;1.000000;0.666676
interleaved_pod_1k_60sec_rand;0;2836;84.247528;84247.528;1.000000;0.666676
interleaved_pod_1k_60sec_rand;0;2837;84.268481;84268.481;1.000000;0.666676
interleaved_pod_1k_60sec_rand;0;2838;84.283447;84283.447;1.000000;0.666676
interleaved_pod_1k_60sec_rand;0;2839;84.298413;84298.413;1.000000;0.666676
interleaved_pod_1k_60sec_rand;0;2840;84.318367;84318.367;1.000000;0.666676
interleaved_pod_1k_60sec_rand;0;2841;84.338322;84338.322;1.000000;0.666676
interleaved_pod_1k_60sec_rand;0;2842;84.357279;84357.279;0.982239;0.666676
interleaved_pod_1k_60sec_rand;0;2843;84.376735;84376.735;1.000000;0.666676
interleaved_pod_1k_60sec_rand;0;2844;84.393696;84393.696;1.000000;0.666676
interleaved_pod_1k_60sec_rand;0;2845;84.410658;84410.658;1.000000;0.666676
interleaved_pod_1k_60sec_rand;0;2846;84.443583;84443.583;1.000000;0.666676
interleaved_pod_1k_60sec_rand;0;2847;84.476508;84476.508;1.000000;0.666676
interleaved_pod_1k_60sec_rand;0;2848;84.521406;84521.406;1.000000;0.666676
interleaved_pod_1k_60sec_rand;0;2849;84.566304;84566.304;1.000000;0.666676
interleaved_pod_1k_60sec_rand;0;2850;84.614694;84614.694;1.000000;0.666676
interleaved_pod_1k_60sec_rand;0;2851;84.662585;84662.585;1.000000;0.666676
interleaved_pod_1k_60sec_rand;0;2852;84.705488;84705.488;1.000000;0.666676
interleaved_pod_1k_60sec_rand;0;2853;84.748390;84748.390;1.000000;0.666676
interleaved_pod_1k_60sec_rand;0;2854;84.798277;84798.277;0.999447;0.666676
interleaved_pod_1k_60sec_rand;0;2855;84.848662;84848.662;1.000000;0.666676
interleaved_pod_1k_60sec_rand;0;2856;84.892562;84892.562;1.000000;0.666676
interleaved_pod_1k_60sec_rand;0;2857;84.936463;84936.463;1.000000;0.666676
interleaved_pod_1k_60sec_rand;0;2858;84.977370;84977.370;1.000000;0.666676
interleaved_pod_1k_60sec_rand;0;2859;85.018277;85018.277;1.000000;0.666676
interleaved_pod_1k_60sec_rand;0;2860;85.045714;85045.714;1.000000;0.666676
interleaved_pod_1k_60sec_rand;0;2861;85.072653;85072.653;1.000000;0.666676
interleaved_pod_1k_60sec_rand;0;2862;85.083628;85083.628;1.000000;0.666676
interleaved_pod_1k_60sec_rand;0;2863;85.094603;85094.603;1.000000;0.666676
interleaved_pod_1k_60sec_rand;0;2864;85.137506;85137.506;1.000000;0.666676
interleaved_pod_1k_60sec_rand;0;2865;85.180408;85180.408;1.000000;0.666676
interleaved_pod_1k_60sec_rand;0;2866;85.223311;85223.311;1.000000;0.666676
interleaved_pod_1k_60sec_rand;0;2867;85.266712;85266.712;1.000000;0.666676
interleaved_pod_1k_60sec_rand;0;2868;85.308617;85308.617;1.000000;0.666676
interleaved_pod_1k_60sec_rand;0;2869;85.350522;85350.522;1.000000;0.666676
interleaved_pod_1k_60sec_rand;0;2870;85.366485;85366.485;1.000000;0.666676
interleaved_pod_1k_60sec_rand;0;2871;85.382449;85382.449;1.000000;0.666676
interleaved_pod_1k_60sec_rand;0;2872;85.396417;85396.417;1.000000;0.666676
interleaved_pod_1k_60sec_rand;0;2873;85.410385;85410.385;1.000000;0.666676
interleaved_pod_1k_60sec_rand;0;2874;85.460272;85460.272;0.993794;0.666676
interleaved_pod_1k_60sec_rand;0;2875;85.510658;85510.658;1.000000;0.666676
interleaved_pod_1k_60sec_rand;0;2876;85.557551;85557.551;1.000000;0.666676
interleaved_pod_1k_60sec_rand;0;2877;85.604444;85604.444;1.000000;0.666676
interleaved_pod_1k_60sec_rand;0;2878;85.635374;85635.374;1.000000;0.666676
interleaved_pod_1k_60sec_rand;0;2879;85.666304;85666.304;1.000000;0.666676
interleaved_pod_1k_60sec_rand;0;2880;85.691746;85691.746;1.000000;0.666676
interleaved_pod_1k_60sec_rand;0;2881;85.716689;85716.689;1.000000;0.666676
interleaved_pod_1k_60sec_rand;0;2882;85.750612;85750.612;1.000000;0.666676
interleaved_pod_1k_60sec_rand;0;2883;85.784535;85784.535;1.000000;0.666676
interleaved_pod_1k_60sec_rand;0;2884;85.804490;85804.490;1.000000;0.666676
interleaved_pod_1k_60sec_rand;0;2885;85.824444;85824.444;1.000000;0.666676
interleaved_pod_1k_60sec_rand;0;2886;85.836417;85836.417;1.000000;0.666676
interleaved_pod_1k_60sec_rand;0;2887;85.848390;85848.390;1.000000;0.666676
interleaved_pod_1k_60sec_rand;0;2888;85.863356;85863.356;1.000000;0.666676
interleaved_pod_1k_60sec_rand;0;2889;85.878322;85878.322;1.000000;0.666676
interleaved_pod_1k_60sec_rand;0;2890;85.898776;85898.776;0.939002;0.666676
interleaved_pod_1k_60sec_rand;0;2891;85.918730;85918.730;1.000000;0.666676
interleaved_pod_1k_60sec_rand;0;2892;85.944671;85944.671;1.000000;0.666676
interleaved_pod_1k_60sec_rand;0;2893;85.970612;85970.612;1.000000;0.666676
interleaved_pod_1k_60sec_rand;0;2894;86.016508;86016.508;1.000000;0.666676
interleaved_pod_1k_60sec_rand;0;2895;86.042948;86042.948;0.778708;0.666676
interleaved_pod_1k_60sec_rand;0;2896;86.049433;86049.433;0.841895;0.666676
interleaved_pod_1k_60sec_rand;0;2897;86.062404;86062.404;1.000000;0.666676
interleaved_pod_1k_60sec_rand;0;2898;86.101315;86101.315;1.000000;0.666676
interleaved_pod_1k_60sec_rand;0;2899;86.140726;86140.726;1.000000;0.666676
interleaved_pod_1k_60sec_rand;0;2900;86.160680;86160.680;1.000000;0.666676
interleaved_pod_1k_60sec_rand;0;2901;86.180635;86180.635;1.000000;0.666676
interleaved_pod_1k_60sec_rand;0;2902;86.208571;86208.571;1.000000;0.666676
interleaved_pod_1k_60sec_rand;0;2903;86.236508;86236.508;1.000000;0.666676
interleaved_pod_1k_60sec_rand;0;2904;86.264444;86264.444;1.000000;0.666676
interleaved_pod_1k_60sec_rand;0;2905;86.292381;86292.381;1.000000;0.666676
interleaved_pod_1k_60sec_rand;0;2906;86.310340;86310.340;1.000000;0.666676
interleaved_pod_1k_60sec_rand;0;2907;86.328299;86328.299;1.000000;0.666676
interleaved_pod_1k_60sec_rand;0;2908;86.371701;86371.701;1.000000;0.666676
interleaved_pod_1k_60sec_rand;0;2909;86.414603;86414.603;1.000000;0.666676
interleaved_pod_1k_60sec_rand;0;2910;86.461497;86461.497;1.000000;0.666676
interleaved_pod_1k_60sec_rand;0;2911;86.508390;86508.390;1.000000;0.666676
interleaved_pod_1k_60sec_rand;0;2912;86.521361;86521.361;1.000000;0.666676
interleaved_pod_1k_60sec_rand;0;2913;86.534331;86534.331;1.000000;0.666676
interleaved_pod_1k_60sec_rand;0;2914;86.548299;86548.299;0.977877;0.666676
interleaved_pod_1k_60sec_rand;0;2915;86.562766;86562.766;0.912515;0.666676
interleaved_pod_1k_60sec_rand;0;2916;86.600680;86600.680;1.000000;0.666676
interleaved_pod_1k_60sec_rand;0;2917;86.638594;86638.594;1.000000;0.666676
interleaved_pod_1k_60sec_rand;0;2918;86.674512;86674.512;1.000000;0.666676
interleaved_pod_1k_60sec_rand;0;2919;86.710431;86710.431;1.000000;0.666676
interleaved_pod_1k_60sec_rand;0;2920;86.760317;86760.317;1.000000;0.666676
interleaved_pod_1k_60sec_rand;0;2921;86.810703;86810.703;1.000000;0.666676
interleaved_pod_1k_60sec_rand;0;2922;86.823673;86823.673;0.895640;0.666676
interleaved_pod_1k_60sec_rand;0;2923;86.836644;86836.644;1.000000;0.666676
interleaved_pod_1k_60sec_rand;0;2924;86.865578;86865.578;1.000000;0.666676
interleaved_pod_1k_60sec_rand;0;2925;86.894512;86894.512;1.000000;0.666676
interleaved_pod_1k_60sec_rand;0;2926;86.936417;86936.417;1.000000;0.666676
interleaved_pod_1k_60sec_rand;0;2927;86.978322;86978.322;0.946845;0.666676
interleaved_pod_1k_60sec_rand;0;2928;86.988299;86988.299;1.000000;0.666676
interleaved_pod_1k_60sec_rand;0;2929;86.998776;86998.776;0.890044;0.666676
interleaved_pod_1k_60sec_rand;0;2930;87.023719;87023.719;0.903131;0.666676
interleaved_pod_1k_60sec_rand;0;2931;87.041179;87041.179;0.717349;0.666676
interleaved_pod_1k_60sec_rand;0;2932;87.048662;87048.662;1.000000;0.666676
interleaved_pod_1k_60sec_rand;0;2933;87.072608;87072.608;0.931114;0.666676
interleaved_pod_1k_60sec_rand;0;2934;87.096553;87096.553;1.000000;0.666676
interleaved_pod_1k_60sec_rand;0;2935;87.112517;87112.517;1.000000;0.666676
interleaved_pod_1k_60sec_rand;0;2936;87.128481;87128.481;1.000000;0.666676
interleaved_pod_1k_60sec_rand;0;2937;87.163401;87163.401;1.000000;0.666676
interleaved_pod_1k_60sec_rand;0;2938;87.198322;87198.322;1.000000;0.666676
interleaved_pod_1k_60sec_rand;0;2939;87.221769;87221.769;0.937695;0.666676
interleaved_pod_1k_60sec_rand;0;2940;87.244717;87244.717;1.000000;0.666676
interleaved_pod_1k_60sec_rand;0;2941;87.256689;87256.689;1.000000;0.666676
interleaved_pod_1k_60sec_rand;0;2942;87.268662;87268.662;1.000000;0.666676
interleaved_pod_1k_60sec_rand;0;2943;87.284626;87284.626;1.000000;0.666676
interleaved_pod_1k_60sec_rand;0;2944;87.300590;87300.590;1.000000;0.666676
interleaved_pod_1k_60sec_rand;0;2945;87.332517;87332.517;1.000000;0.666676
interleaved_pod_1k_60sec_rand;0;2946;87.364444;87364.444;1.000000;0.666676
interleaved_pod_1k_60sec_rand;0;2947;87.408345;87408.345;1.000000;0.666676
interleaved_pod_1k_60sec_rand;0;2948;87.452744;87452.744;0.939265;0.666676
interleaved_pod_1k_60sec_rand;0;2949;87.470703;87470.703;1.000000;0.666676
interleaved_pod_1k_60sec_rand;0;2950;87.488662;87488.662;1.000000;0.666676
interleaved_pod_1k_60sec_rand;0;2951;87.528571;87528.571;1.000000;0.666676
interleaved_pod_1k_60sec_rand;0;2952;87.568481;87568.481;1.000000;0.666676
interleaved_pod_1k_60sec_rand;0;2953;87.607392;87607.392;1.000000;0.666676
interleaved_pod_1k_60sec_rand;0;2954;87.646304;87646.304;1.000000;0.666676
interleaved_pod_1k_60sec_rand;0;2955;87.671746;87671.746;1.000000;0.666676
interleaved_pod_1k_60sec_rand;0;2956;87.696689;87696.689;1.000000;0.666676
interleaved_pod_1k_60sec_rand;0;2957;87.739592;87739.592;1.000000;0.666676
interleaved_pod_1k_60sec_rand;0;2958;87.782494;87782.494;1.000000;0.666676
interleaved_pod_1k_60sec_rand;0;2959;87.809433;87809.433;1.000000;0.666676
interleaved_pod_1k_60sec_rand;0;2960;87.836372;87836.372;1.000000;0.666676
interleaved_pod_1k_60sec_rand;0;2961;87.870295;87870.295;1.000000;0.666676
interleaved_pod_1k_60sec_rand;0;2962;87.904717;87904.717;1.000000;0.666676
interleaved_pod_1k_60sec_rand;0;2963;87.922676;87922.676;1.000000;0.666676
interleaved_pod_1k_60sec_rand;0;2964;87.940635;87940.635;1.000000;0.666676
interleaved_pod_1k_60sec_rand;0;2965;87.982540;87982.540;1.000000;0.666676
interleaved_pod_1k_60sec_rand;0;2966;88.024444;88024.444;1.000000;0.666676
interleaved_pod_1k_60sec_rand;0;2967;88.038413;88038.413;1.000000;0.666676
interleaved_pod_1k_60sec_rand;0;2968;88.052381;88052.381;1.000000;0.666676
interleaved_pod_1k_60sec_rand;0;2969;88.076327;88076.327;1.000000;0.666676
interleaved_pod_1k_60sec_rand;0;2970;88.100272;88100.272;1.000000;0.666676
interleaved_pod_1k_60sec_rand;0;2971;88.137687;88137.687;1.000000;0.666676
interleaved_pod_1k_60sec_rand;0;2972;88.174603;88174.603;1.000000;0.666676
interleaved_pod_1k_60sec_rand;0;2973;88.202540;88202.540;1.000000;0.666676
interleaved_pod_1k_60sec_rand;0;2974;88.230476;88230.476;1.000000;0.666676
interleaved_pod_1k_60sec_rand;0;2975;88.242449;88242.449;1.000000;0.666676
interleaved_pod_1k_60sec_rand;0;2976;88.254422;88254.422;1.000000;0.666676
interleaved_pod_1k_60sec_rand;0;2977;88.265397;88265.397;1.000000;0.666676
interleaved_pod_1k_60sec_rand;0;2978;88.276372;88276.372;1.000000;0.666676
interleaved_pod_1k_60sec_rand;0;2979;88.306304;88306.304;1.000000;0.666676
interleaved_pod_1k_60sec_rand;0;2980;88.336735;88336.735;1.000000;0.666676
interleaved_pod_1k_60sec_rand;0;2981;88.355692;88355.692;1.000000;0.666676
interleaved_pod_1k_60sec_rand;0;2982;88.374649;88374.649;1.000000;0.666676
interleaved_pod_1k_60sec_rand;0;2983;88.419546;88419.546;1.000000;0.666676
interleaved_pod_1k_60sec_rand;0;2984;88.464444;88464.444;1.000000;0.666676
interleaved_pod_1k_60sec_rand;0;2985;88.487392;88487.392;1.000000;0.666676
interleaved_pod_1k_60sec_rand;0;2986;88.510340;88510.340;1.000000;0.666676
interleaved_pod_1k_60sec_rand;0;2987;88.553741;88553.741;1.000000;0.666676
interleaved_pod_1k_60sec_rand;0;2988;88.596644;88596.644;1.000000;0.666676
interleaved_pod_1k_60sec_rand;0;2989;88.623583;88623.583;1.000000;0.666676
interleaved_pod_1k_60sec_rand;0;2990;88.650522;88650.522;1.000000;0.666676
interleaved_pod_1k_60sec_rand;0;2991;88.661497;88661.497;1.000000;0.666676
interleaved_pod_1k_60sec_rand;0;2992;88.672472;88672.472;1.000000;0.666676
interleaved_pod_1k_60sec_rand;0;2993;88.705397;88705.397;1.000000;0.666676
interleaved_pod_1k_60sec_rand;0;2994;88.738322;88738.322;1.000000;0.666676
interleaved_pod_1k_60sec_rand;0;2995;88.767755;88767.755;1.000000;0.666676
interleaved_pod_1k_60sec_rand;0;2996;88.796689;88796.689;1.000000;0.666676
interleaved_pod_1k_60sec_rand;0;2997;88.827619;88827.619;1.000000;0.666676
interleaved_pod_1k_60sec_rand;0;2998;88.858549;88858.549;1.000000;0.666676
interleaved_pod_1k_60sec_rand;0;2999;88.902449;88902.449;1.000000;0.666676
interleaved_pod_1k_60sec_rand;0;3000;88.946349;88946.349;1.000000;0.666676
interleaved_pod_1k_60sec_rand;0;3001;88.980272;88980.272;0.970121;0.666676
interleaved_pod_1k_60sec_rand;0;3002;89.014694;89014.694;1.000000;0.666676
interleaved_pod_1k_60sec_rand;0;3003;89.028662;89028.662;1.000000;0.666676
interleaved_pod_1k_60sec_rand;0;3004;89.042630;89042.630;1.000000;0.666676
interleaved_pod_1k_60sec_rand;0;3005;89.053605;89053.605;1.000000;0.666676
interleaved_pod_1k_60sec_rand;0;3006;89.064580;89064.580;1.000000;0.666676
interleaved_pod_1k_60sec_rand;0;3007;89.103492;89103.492;1.000000;0.666676
interleaved_pod_1k_60sec_rand;0;3008;89.142404;89142.404;1.000000;0.666676
interleaved_pod_1k_60sec_rand;0;3009;89.184308;89184.308;1.000000;0.666676
interleaved_pod_1k_60sec_rand;0;3010;89.226712;89226.712;1.000000;0.666676
interleaved_pod_1k_60sec_rand;0;3011;89.253651;89253.651;1.000000;0.666676
interleaved_pod_1k_60sec_rand;0;3012;89.280590;89280.590;1.000000;0.666676
interleaved_pod_1k_60sec_rand;0;3013;89.325488;89325.488;1.000000;0.666676
interleaved_pod_1k_60sec_rand;0;3014;89.370385;89370.385;1.000000;0.666676
interleaved_pod_1k_60sec_rand;0;3015;89.415283;89415.283;1.000000;0.666676
interleaved_pod_1k_60sec_rand;0;3016;89.460680;89460.680;1.000000;0.666676
interleaved_pod_1k_60sec_rand;0;3017;89.496599;89496.599;1.000000;0.666676
interleaved_pod_1k_60sec_rand;0;3018;89.532517;89532.517;1.000000;0.666676
interleaved_pod_1k_60sec_rand;0;3019;89.573424;89573.424;1.000000;0.666676
interleaved_pod_1k_60sec_rand;0;3020;89.614331;89614.331;1.000000;0.666676
interleaved_pod_1k_60sec_rand;0;3021;89.660726;89660.726;1.000000;0.666676
interleaved_pod_1k_60sec_rand;0;3022;89.706621;89706.621;1.000000;0.666676
interleaved_pod_1k_60sec_rand;0;3023;89.753515;89753.515;1.000000;0.666676
interleaved_pod_1k_60sec_rand;0;3024;89.800408;89800.408;1.000000;0.666676
interleaved_pod_1k_60sec_rand;0;3025;89.850295;89850.295;1.000000;0.666676
interleaved_pod_1k_60sec_rand;0;3026;89.900680;89900.680;1.000000;0.666676
interleaved_pod_1k_60sec_rand;0;3027;89.943583;89943.583;1.000000;0.666676
interleaved_pod_1k_60sec_rand;0;3028;89.986485;89986.485;1.000000;0.666676
interleaved_pod_1k_60sec_rand;0;3029;90.011429;90011.429;1.000000;0.666676
interleaved_pod_1k_60sec_rand;0;3030;90.036372;90036.372;1.000000;0.666676
interleaved_pod_1k_60sec_rand;0;3031;90.065306;90065.306;1.000000;0.666676
interleaved_pod_1k_60sec_rand;0;3032;90.094739;90094.739;1.000000;0.666676
interleaved_pod_1k_60sec_rand;0;3033;90.110703;90110.703;0.901796;0.666676
interleaved_pod_1k_60sec_rand;0;3034;90.126667;90126.667;1.000000;0.666676
interleaved_pod_1k_60sec_rand;0;3035;90.176553;90176.553;1.000000;0.666676
interleaved_pod_1k_60sec_rand;0;3036;90.185034;90185.034;0.722151;0.666676
interleaved_pod_1k_60sec_rand;0;3037;90.201995;90201.995;0.787609;0.666676
interleaved_pod_1k_60sec_rand;0;3038;90.207483;90207.483;0.739681;0.666676
interleaved_pod_1k_60sec_rand;0;3039;90.215465;90215.465;0.965944;0.666676
interleaved_pod_1k_60sec_rand;0;3040;90.222948;90222.948;0.742567;0.666676
interleaved_pod_1k_60sec_rand;0;3041;90.266349;90266.349;1.000000;0.666676
interleaved_pod_1k_60sec_rand;0;3042;90.275329;90275.329;0.799350;0.666676
interleaved_pod_1k_60sec_rand;0;3043;90.299274;90299.274;0.830720;0.666676
interleaved_pod_1k_60sec_rand;0;3044;90.306259;90306.259;0.956427;0.666676
interleaved_pod_1k_60sec_rand;0;3045;90.350658;90350.658;1.000000;0.666676
interleaved_pod_1k_60sec_rand;0;3046;90.356644;90356.644;0.723809;0.666676
interleaved_pod_1k_60sec_rand;0;3047;90.368118;90368.118;0.884752;0.666676
interleaved_pod_1k_60sec_rand;0;3048;90.375102;90375.102;0.692616;0.666676
interleaved_pod_1k_60sec_rand;0;3049;90.382585;90382.585;0.735218;0.666676
interleaved_pod_1k_60sec_rand;0;3050;90.388073;90388.073;0.683712;0.666676
interleaved_pod_1k_60sec_rand;0;3051;90.393560;90393.560;0.803524;0.666676
interleaved_pod_1k_60sec_rand;0;3052;90.441451;90441.451;1.000000;0.666676
interleaved_pod_1k_60sec_rand;0;3053;90.449433;90449.433;0.924690;0.666676
interleaved_pod_1k_60sec_rand;0;3054;90.468889;90468.889;0.708778;0.666676
interleaved_pod_1k_60sec_rand;0;3055;90.488345;90488.345;1.000000;0.666676
interleaved_pod_1k_60sec_rand;0;3056;90.523265;90523.265;1.000000;0.666676
interleaved_pod_1k_60sec_rand;0;3057;90.558685;90558.685;1.000000;0.666676
interleaved_pod_1k_60sec_rand;0;3058;90.572653;90572.653;1.000000;0.666676
interleaved_pod_1k_60sec_rand;0;3059;90.586621;90586.621;1.000000;0.666676
interleaved_pod_1k_60sec_rand;0;3060;90.625533;90625.533;1.000000;0.666676
interleaved_pod_1k_60sec_rand;0;3061;90.664444;90664.444;1.000000;0.666676
interleaved_pod_1k_60sec_rand;0;3062;90.704354;90704.354;1.000000;0.666676
interleaved_pod_1k_60sec_rand;0;3063;90.744762;90744.762;0.900525;0.666676
interleaved_pod_1k_60sec_rand;0;3064;90.771701;90771.701;1.000000;0.666676
interleaved_pod_1k_60sec_rand;0;3065;90.798639;90798.639;1.000000;0.666676
interleaved_pod_1k_60sec_rand;0;3066;90.817596;90817.596;1.000000;0.666676
interleaved_pod_1k_60sec_rand;0;3067;90.836553;90836.553;1.000000;0.666676
interleaved_pod_1k_60sec_rand;0;3068;90.870476;90870.476;1.000000;0.666676
interleaved_pod_1k_60sec_rand;0;3069;90.904399;90904.399;1.000000;0.666676
interleaved_pod_1k_60sec_rand;0;3070;90.919365;90919.365;1.000000;0.666676
interleaved_pod_1k_60sec_rand;0;3071;90.934331;90934.331;1.000000;0.666676
interleaved_pod_1k_60sec_rand;0;3072;90.944308;90944.308;1.000000;0.666676
interleaved_pod_1k_60sec_rand;0;3073;90.954286;90954.286;0.980413;0.666676
interleaved_pod_1k_60sec_rand;0;3074;90.998685;90998.685;1.000000;0.666676
interleaved_pod_1k_60sec_rand;0;3075;91.042585;91042.585;1.000000;0.666676
interleaved_pod_1k_60sec_rand;0;3076;91.065533;91065.533;1.000000;0.666676
interleaved_pod_1k_60sec_rand;0;3077;91.088481;91088.481;1.000000;0.666676
interleaved_pod_1k_60sec_rand;0;3078;91.109433;91109.433;1.000000;0.666676
interleaved_pod_1k_60sec_rand;0;3079;91.119410;91119.410;0.711246;0.666676
interleaved_pod_1k_60sec_rand;0;3080;91.130385;91130.385;1.000000;0.666676
interleaved_pod_1k_60sec_rand;0;3081;91.150340;91150.340;1.000000;0.666676
interleaved_pod_1k_60sec_rand;0;3082;91.170295;91170.295;1.000000;0.666676
interleaved_pod_1k_60sec_rand;0;3083;91.206712;91206.712;0.959120;0.666676
interleaved_pod_1k_60sec_rand;0;3084;91.230159;91230.159;0.717041;0.666676
interleaved_pod_1k_60sec_rand;0;3085;91.242630;91242.630;1.000000;0.666676
interleaved_pod_1k_60sec_rand;0;3086;91.252608;91252.608;1.000000;0.666676
interleaved_pod_1k_60sec_rand;0;3087;91.262585;91262.585;1.000000;0.666676
interleaved_pod_1k_60sec_rand;0;3088;91.287528;91287.528;1.000000;0.666676
interleaved_pod_1k_60sec_rand;0;3089;91.312472;91312.472;1.000000;0.666676
interleaved_pod_1k_60sec_rand;0;3090;91.357370;91357.370;1.000000;0.666676
interleaved_pod_1k_60sec_rand;0;3091;91.402766;91402.766;0.888790;0.666676
interleaved_pod_1k_60sec_rand;0;3092;91.426712;91426.712;1.000000;0.666676
interleaved_pod_1k_60sec_rand;0;3093;91.450658;91450.658;1.000000;0.666676
interleaved_pod_1k_60sec_rand;0;3094;91.499546;91499.546;1.000000;0.666676
interleaved_pod_1k_60sec_rand;0;3095;91.548435;91548.435;1.000000;0.666676
interleaved_pod_1k_60sec_rand;0;3096;91.579365;91579.365;1.000000;0.666676
interleaved_pod_1k_60sec_rand;0;3097;91.610295;91610.295;1.000000;0.666676
interleaved_pod_1k_60sec_rand;0;3098;91.638231;91638.231;0.876986;0.666676
interleaved_pod_1k_60sec_rand;0;3099;91.666667;91666.667;1.000000;0.666676
interleaved_pod_1k_60sec_rand;0;3100;91.680635;91680.635;1.000000;0.666676
interleaved_pod_1k_60sec_rand;0;3101;91.694603;91694.603;1.000000;0.666676
interleaved_pod_1k_60sec_rand;0;3102;91.732517;91732.517;1.000000;0.666676
interleaved_pod_1k_60sec_rand;0;3103;91.770431;91770.431;1.000000;0.666676
interleaved_pod_1k_60sec_rand;0;3104;91.800363;91800.363;1.000000;0.666676
interleaved_pod_1k_60sec_rand;0;3105;91.830295;91830.295;1.000000;0.666676
interleaved_pod_1k_60sec_rand;0;3106;91.873696;91873.696;1.000000;0.666676
interleaved_pod_1k_60sec_rand;0;3107;91.916599;91916.599;1.000000;0.666676
interleaved_pod_1k_60sec_rand;0;3108;91.936553;91936.553;1.000000;0.666676
interleaved_pod_1k_60sec_rand;0;3109;91.956508;91956.508;1.000000;0.666676
interleaved_pod_1k_60sec_rand;0;3110;91.980454;91980.454;1.000000;0.666676
interleaved_pod_1k_60sec_rand;0;3111;92.004399;92004.399;1.000000;0.666676
interleaved_pod_1k_60sec_rand;0;3112;92.054286;92054.286;0.942040;0.666676
interleaved_pod_1k_60sec_rand;0;3113;92.104671;92104.671;1.000000;0.666676
interleaved_pod_1k_60sec_rand;0;3114;92.148571;92148.571;1.000000;0.666676
interleaved_pod_1k_60sec_rand;0;3115;92.192472;92192.472;1.000000;0.666676
interleaved_pod_1k_60sec_rand;0;3116;92.240363;92240.363;1.000000;0.666676
interleaved_pod_1k_60sec_rand;0;3117;92.288254;92288.254;0.954555;0.666676
interleaved_pod_1k_60sec_rand;0;3118;92.307710;92307.710;1.000000;0.666676
interleaved_pod_1k_60sec_rand;0;3119;92.326667;92326.667;1.000000;0.666676
interleaved_pod_1k_60sec_rand;0;3120;92.361587;92361.587;1.000000;0.666676
interleaved_pod_1k_60sec_rand;0;3121;92.395510;92395.510;0.694067;0.666676
interleaved_pod_1k_60sec_rand;0;3122;92.418458;92418.458;1.000000;0.666676
interleaved_pod_1k_60sec_rand;0;3123;92.423946;92423.946;0.718704;0.666676
interleaved_pod_1k_60sec_rand;0;3124;92.430431;92430.431;0.706197;0.666676
interleaved_pod_1k_60sec_rand;0;3125;92.440408;92440.408;1.000000;0.666676
interleaved_pod_1k_60sec_rand;0;3126;92.466349;92466.349;1.000000;0.666676
interleaved_pod_1k_60sec_rand;0;3127;92.492290;92492.290;0.957713;0.666676
interleaved_pod_1k_60sec_rand;0;3128;92.541678;92541.678;1.000000;0.666676
interleaved_pod_1k_60sec_rand;0;3129;92.555147;92555.147;0.800527;0.666676
interleaved_pod_1k_60sec_rand;0;3130;92.560635;92560.635;0.721340;0.666676
interleaved_pod_1k_60sec_rand;0;3131;92.566122;92566.122;0.712112;0.666676
interleaved_pod_1k_60sec_rand;0;3132;92.572109;92572.109;0.672869;0.666676
interleaved_pod_1k_60sec_rand;0;3133;92.590567;92590.567;1.000000;0.666676
interleaved_pod_1k_60sec_rand;0;3134;92.640454;92640.454;1.000000;0.666676
interleaved_pod_1k_60sec_rand;0;3135;92.690340;92690.340;1.000000;0.666676
interleaved_pod_1k_60sec_rand;0;3136;92.736735;92736.735;1.000000;0.666676
interleaved_pod_1k_60sec_rand;0;3137;92.782630;92782.630;1.000000;0.666676
interleaved_pod_1k_60sec_rand;0;3138;92.810567;92810.567;1.000000;0.666676
interleaved_pod_1k_60sec_rand;0;3139;92.838503;92838.503;1.000000;0.666676
interleaved_pod_1k_60sec_rand;0;3140;92.880408;92880.408;1.000000;0.666676
interleaved_pod_1k_60sec_rand;0;3141;92.922313;92922.313;1.000000;0.666676
interleaved_pod_1k_60sec_rand;0;3142;92.940272;92940.272;0.977350;0.666676
interleaved_pod_1k_60sec_rand;0;3143;92.958730;92958.730;1.000000;0.666676
interleaved_pod_1k_60sec_rand;0;3144;92.999637;92999.637;1.000000;0.666676
interleaved_pod_1k_60sec_rand;0;3145;93.040544;93040.544;1.000000;0.666676
interleaved_pod_1k_60sec_rand;0;3146;93.087438;93087.438;1.000000;0.666676
interleaved_pod_1k_60sec_rand;0;3147;93.134331;93134.331;1.000000;0.666676
interleaved_pod_1k_60sec_rand;0;3148;93.181723;93181.723;1.000000;0.666676
interleaved_pod_1k_60sec_rand;0;3149;93.228617;93228.617;1.000000;0.666676
interleaved_pod_1k_60sec_rand;0;3150;93.247574;93247.574;1.000000;0.666676
interleaved_pod_1k_60sec_rand;0;3151;93.266531;93266.531;1.000000;0.666676
interleaved_pod_1k_60sec_rand;0;3152;93.277506;93277.506;1.000000;0.666676
interleaved_pod_1k_60sec_rand;0;3153;93.288481;93288.481;1.000000;0.666676
interleaved_pod_1k_60sec_rand;0;3154;93.325397;93325.397;1.000000;0.666676
interleaved_pod_1k_60sec_rand;0;3155;93.362313;93362.313;1.000000;0.666676
interleaved_pod_1k_60sec_rand;0;3156;93.396236;93396.236;0.886656;0.666676
interleaved_pod_1k_60sec_rand;0;3157;93.430658;93430.658;1.000000;0.666676
interleaved_pod_1k_60sec_rand;0;3158;93.442630;93442.630;1.000000;0.666676
interleaved_pod_1k_60sec_rand;0;3159;93.454603;93454.603;1.000000;0.666676
interleaved_pod_1k_60sec_rand;0;3160;93.500499;93500.499;1.000000;0.666676
interleaved_pod_1k_60sec_rand;0;3161;93.546395;93546.395;1.000000;0.666676
interleaved_pod_1k_60sec_rand;0;3162;93.561361;93561.361;1.000000;0.666676
interleaved_pod_1k_60sec_rand;0;3163;93.576327;93576.327;1.000000;0.666676
interleaved_pod_1k_60sec_rand;0;3164;93.619728;93619.728;1.000000;0.666676
interleaved_pod_1k_60sec_rand;0;3165;93.662630;93662.630;1.000000;0.666676
interleaved_pod_1k_60sec_rand;0;3166;93.686576;93686.576;1.000000;0.666676
interleaved_pod_1k_60sec_rand;0;3167;93.710522;93710.522;1.000000;0.666676
interleaved_pod_1k_60sec_rand;0;3168;93.744444;93744.444;1.000000;0.666676
interleaved_pod_1k_60sec_rand;0;3169;93.778367;93778.367;1.000000;0.666676
interleaved_pod_1k_60sec_rand;0;3170;93.801315;93801.315;1.000000;0.666676
interleaved_pod_1k_60sec_rand;0;3171;93.824263;93824.263;0.997092;0.666676
interleaved_pod_1k_60sec_rand;0;3172;93.834739;93834.739;1.000000;0.666676
interleaved_pod_1k_60sec_rand;0;3173;93.844717;93844.717;1.000000;0.666676
interleaved_pod_1k_60sec_rand;0;3174;93.894603;93894.603;1.000000;0.666676
interleaved_pod_1k_60sec_rand;0;3175;93.944490;93944.490;1.000000;0.666676
interleaved_pod_1k_60sec_rand;0;3176;93.984399;93984.399;1.000000;0.666676
interleaved_pod_1k_60sec_rand;0;3177;94.024308;94024.308;1.000000;0.666676
interleaved_pod_1k_60sec_rand;0;3178;94.038277;94038.277;0.992692;0.666676
interleaved_pod_1k_60sec_rand;0;3179;94.052245;94052.245;0.988901;0.666676
interleaved_pod_1k_60sec_rand;0;3180;94.083673;94083.673;1.000000;0.666676
interleaved_pod_1k_60sec_rand;0;3181;94.114603;94114.603;1.000000;0.666676
interleaved_pod_1k_60sec_rand;0;3182;94.131565;94131.565;1.000000;0.666676
interleaved_pod_1k_60sec_rand;0;3183;94.148526;94148.526;1.000000;0.666676
interleaved_pod_1k_60sec_rand;0;3184;94.174467;94174.467;1.000000;0.666676
interleaved_pod_1k_60sec_rand;0;3185;94.200408;94200.408;1.000000;0.666676
interleaved_pod_1k_60sec_rand;0;3186;94.216372;94216.372;1.000000;0.666676
interleaved_pod_1k_60sec_rand;0;3187;94.232336;94232.336;1.000000;0.666676
interleaved_pod_1k_60sec_rand;0;3188;94.244308;94244.308;1.000000;0.666676
interleaved_pod_1k_60sec_rand;0;3189;94.256281;94256.281;1.000000;0.666676
interleaved_pod_1k_60sec_rand;0;3190;94.268753;94268.753;1.000000;0.666676
interleaved_pod_1k_60sec_rand;0;3191;94.280726;94280.726;1.000000;0.666676
interleaved_pod_1k_60sec_rand;0;3192;94.308662;94308.662;1.000000;0.666676
interleaved_pod_1k_60sec_rand;0;3193;94.336599;94336.599;1.000000;0.666676
interleaved_pod_1k_60sec_rand;0;3194;94.382494;94382.494;1.000000;0.666676
interleaved_pod_1k_60sec_rand;0;3195;94.428390;94428.390;1.000000;0.666676
interleaved_pod_1k_60sec_rand;0;3196;94.471293;94471.293;1.000000;0.666676
interleaved_pod_1k_60sec_rand;0;3197;94.514694;94514.694;1.000000;0.666676
interleaved_pod_1k_60sec_rand;0;3198;94.561587;94561.587;1.000000;0.666676
interleaved_pod_1k_60sec_rand;0;3199;94.608481;94608.481;1.000000;0.666676
interleaved_pod_1k_60sec_rand;0;3200;94.625442;94625.442;1.000000;0.666676
interleaved_pod_1k_60sec_rand;0;3201;94.642404;94642.404;1.000000;0.666676
interleaved_pod_1k_60sec_rand;0;3202;94.680317;94680.317;1.000000;0.666676
interleaved_pod_1k_60sec_rand;0;3203;94.718730;94718.730;1.000000;0.666676
interleaved_pod_1k_60sec_rand;0;3204;94.756644;94756.644;1.000000;0.666676
interleaved_pod_1k_60sec_rand;0;3205;94.794558;94794.558;1.000000;0.666676
interleaved_pod_1k_60sec_rand;0;3206;94.833469;94833.469;1.000000;0.666676
interleaved_pod_1k_60sec_rand;0;3207;94.872381;94872.381;1.000000;0.666676
interleaved_pod_1k_60sec_rand;0;3208;94.906304;94906.304;1.000000;0.666676
interleaved_pod_1k_60sec_rand;0;3209;94.940726;94940.726;1.000000;0.666676
interleaved_pod_1k_60sec_rand;0;3210;94.970658;94970.658;1.000000;0.666676
interleaved_pod_1k_60sec_rand;0;3211;95.000590;95000.590;1.000000;0.666676
interleaved_pod_1k_60sec_rand;0;3212;95.050476;95050.476;1.000000;0.666676
interleaved_pod_1k_60sec_rand;0;3213;95.100363;95100.363;1.000000;0.666676
interleaved_pod_1k_60sec_rand;0;3214;95.145760;95145.760;0.950920;0.666676
interleaved_pod_1k_60sec_rand;0;3215;95.190658;95190.658;1.000000;0.666676
interleaved_pod_1k_60sec_rand;0;3216;95.235556;95235.556;1.000000;0.666676
interleaved_pod_1k_60sec_rand;0;3217;95.280454;95280.454;1.000000;0.666676
interleaved_pod_1k_60sec_rand;0;3218;95.299410;95299.410;1.000000;0.666676
interleaved_pod_1k_60sec_rand;0;3219;95.318367;95318.367;1.000000;0.666676
interleaved_pod_1k_60sec_rand;0;3220;95.359274;95359.274;0.949853;0.666676
interleaved_pod_1k_60sec_rand;0;3221;95.400680;95400.680;1.000000;0.666676
interleaved_pod_1k_60sec_rand;0;3222;95.421633;95421.633;1.000000;0.666676
interleaved_pod_1k_60sec_rand;0;3223;95.442585;95442.585;1.000000;0.666676
interleaved_pod_1k_60sec_rand;0;3224;95.467528;95467.528;1.000000;0.666676
interleaved_pod_1k_60sec_rand;0;3225;95.492472;95492.472;1.000000;0.666676
interleaved_pod_1k_60sec_rand;0;3226;95.519410;95519.410;1.000000;0.666676
interleaved_pod_1k_60sec_rand;0;3227;95.546349;95546.349;1.000000;0.666676
interleaved_pod_1k_60sec_rand;0;3228;95.571293;95571.293;1.000000;0.666676
interleaved_pod_1k_60sec_rand;0;3229;95.596735;95596.735;1.000000;0.666676
interleaved_pod_1k_60sec_rand;0;3230;95.644626;95644.626;1.000000;0.666676
interleaved_pod_1k_60sec_rand;0;3231;95.692517;95692.517;1.000000;0.666676
interleaved_pod_1k_60sec_rand;0;3232;95.725442;95725.442;1.000000;0.666676
interleaved_pod_1k_60sec_rand;0;3233;95.758367;95758.367;1.000000;0.666676
interleaved_pod_1k_60sec_rand;0;3234;95.804762;95804.762;0.954423;0.666676
interleaved_pod_1k_60sec_rand;0;3235;95.850658;95850.658;1.000000;0.666676
interleaved_pod_1k_60sec_rand;0;3236;95.885578;95885.578;1.000000;0.666676
interleaved_pod_1k_60sec_rand;0;3237;95.920499;95920.499;1.000000;0.666676
interleaved_pod_1k_60sec_rand;0;3238;95.949433;95949.433;1.000000;0.666676
interleaved_pod_1k_60sec_rand;0;3239;95.978367;95978.367;1.000000;0.666676
interleaved_pod_1k_60sec_rand;0;3240;96.020771;96020.771;0.964498;0.666676
interleaved_pod_1k_60sec_rand;0;3241;96.062676;96062.676;1.000000;0.666676
interleaved_pod_1k_60sec_rand;0;3242;96.110567;96110.567;1.000000;0.666676
interleaved_pod_1k_60sec_rand;0;3243;96.158458;96158.458;1.000000;0.666676
interleaved_pod_1k_60sec_rand;0;3244;96.169433;96169.433;1.000000;0.666676
interleaved_pod_1k_60sec_rand;0;3245;96.180408;96180.408;1.000000;0.666676
interleaved_pod_1k_60sec_rand;0;3246;96.221315;96221.315;1.000000;0.666676
interleaved_pod_1k_60sec_rand;0;3247;96.262721;96262.721;1.000000;0.666676
interleaved_pod_1k_60sec_rand;0;3248;96.299637;96299.637;1.000000;0.666676
interleaved_pod_1k_60sec_rand;0;3249;96.336553;96336.553;1.000000;0.666676
interleaved_pod_1k_60sec_rand;0;3250;96.359501;96359.501;1.000000;0.666676
interleaved_pod_1k_60sec_rand;0;3251;96.382449;96382.449;1.000000;0.666676
interleaved_pod_1k_60sec_rand;0;3252;96.394422;96394.422;1.000000;0.666676
interleaved_pod_1k_60sec_rand;0;3253;96.406395;96406.395;1.000000;0.666676
interleaved_pod_1k_60sec_rand;0;3254;96.447302;96447.302;1.000000;0.666676
interleaved_pod_1k_60sec_rand;0;3255;96.488707;96488.707;1.000000;0.666676
interleaved_pod_1k_60sec_rand;0;3256;96.525624;96525.624;1.000000;0.666676
interleaved_pod_1k_60sec_rand;0;3257;96.562540;96562.540;1.000000;0.666676
interleaved_pod_1k_60sec_rand;0;3258;96.596463;96596.463;1.000000;0.666676
interleaved_pod_1k_60sec_rand;0;3259;96.630385;96630.385;1.000000;0.666676
interleaved_pod_1k_60sec_rand;0;3260;96.645351;96645.351;1.000000;0.666676
interleaved_pod_1k_60sec_rand;0;3261;96.660317;96660.317;1.000000;0.666676
interleaved_pod_1k_60sec_rand;0;3262;96.682766;96682.766;0.968896;0.666676
interleaved_pod_1k_60sec_rand;0;3263;96.704717;96704.717;1.000000;0.666676
interleaved_pod_1k_60sec_rand;0;3264;96.736644;96736.644;1.000000;0.666676
interleaved_pod_1k_60sec_rand;0;3265;96.768571;96768.571;1.000000;0.666676
interleaved_pod_1k_60sec_rand;0;3266;96.781542;96781.542;1.000000;0.666676
interleaved_pod_1k_60sec_rand;0;3267;96.790522;96790.522;0.684687;0.666676
interleaved_pod_1k_60sec_rand;0;3268;96.817460;96817.460;1.000000;0.666676
interleaved_pod_1k_60sec_rand;0;3269;96.840408;96840.408;1.000000;0.666676
interleaved_pod_1k_60sec_rand;0;3270;96.850385;96850.385;1.000000;0.666676
interleaved_pod_1k_60sec_rand;0;3271;96.860363;96860.363;1.000000;0.666676
interleaved_pod_1k_60sec_rand;0;3272;96.905261;96905.261;0.927904;0.666676
interleaved_pod_1k_60sec_rand;0;3273;96.950658;96950.658;1.000000;0.666676
interleaved_pod_1k_60sec_rand;0;3274;96.969615;96969.615;1.000000;0.666676
interleaved_pod_1k_60sec_rand;0;3275;96.988571;96988.571;1.000000;0.666676
interleaved_pod_1k_60sec_rand;0;3276;97.004535;97004.535;1.000000;0.666676
interleaved_pod_1k_60sec_rand;0;3277;97.020499;97020.499;1.000000;0.666676
interleaved_pod_1k_60sec_rand;0;3278;97.046440;97046.440;1.000000;0.666676
interleaved_pod_1k_60sec_rand;0;3279;97.072381;97072.381;1.000000;0.666676
interleaved_pod_1k_60sec_rand;0;3280;97.088345;97088.345;1.000000;0.666676
interleaved_pod_1k_60sec_rand;0;3281;97.104308;97104.308;1.000000;0.666676
interleaved_pod_1k_60sec_rand;0;3282;97.125760;97125.760;0.933469;0.666676
interleaved_pod_1k_60sec_rand;0;3283;97.146712;97146.712;1.000000;0.666676
interleaved_pod_1k_60sec_rand;0;3284;97.184626;97184.626;1.000000;0.666676
interleaved_pod_1k_60sec_rand;0;3285;97.222540;97222.540;1.000000;0.666676
interleaved_pod_1k_60sec_rand;0;3286;97.242494;97242.494;1.000000;0.666676
interleaved_pod_1k_60sec_rand;0;3287;97.262449;97262.449;1.000000;0.666676
interleaved_pod_1k_60sec_rand;0;3288;97.305351;97305.351;1.000000;0.666676
interleaved_pod_1k_60sec_rand;0;3289;97.348254;97348.254;0.990240;0.666676
interleaved_pod_1k_60sec_rand;0;3290;97.368707;97368.707;1.000000;0.666676
interleaved_pod_1k_60sec_rand;0;3291;97.388662;97388.662;1.000000;0.666676
interleaved_pod_1k_60sec_rand;0;3292;97.403628;97403.628;1.000000;0.666676
interleaved_pod_1k_60sec_rand;0;3293;97.418594;97418.594;1.000000;0.666676
interleaved_pod_1k_60sec_rand;0;3294;97.446531;97446.531;1.000000;0.666676
interleaved_pod_1k_60sec_rand;0;3295;97.474467;97474.467;1.000000;0.666676
interleaved_pod_1k_60sec_rand;0;3296;97.513379;97513.379;1.000000;0.666676
interleaved_pod_1k_60sec_rand;0;3297;97.552290;97552.290;1.000000;0.666676
interleaved_pod_1k_60sec_rand;0;3298;97.576735;97576.735;0.940342;0.666676
interleaved_pod_1k_60sec_rand;0;3299;97.600680;97600.680;1.000000;0.666676
interleaved_pod_1k_60sec_rand;0;3300;97.648571;97648.571;1.000000;0.666676
interleaved_pod_1k_60sec_rand;0;3301;97.696463;97696.463;1.000000;0.666676
interleaved_pod_1k_60sec_rand;0;3302;97.734376;97734.376;1.000000;0.666676
interleaved_pod_1k_60sec_rand;0;3303;97.772290;97772.290;1.000000;0.666676
interleaved_pod_1k_60sec_rand;0;3304;97.813696;97813.696;1.000000;0.666676
interleaved_pod_1k_60sec_rand;0;3305;97.854603;97854.603;1.000000;0.666676
interleaved_pod_1k_60sec_rand;0;3306;97.865578;97865.578;1.000000;0.666676
interleaved_pod_1k_60sec_rand;0;3307;97.876553;97876.553;1.000000;0.666676
interleaved_pod_1k_60sec_rand;0;3308;97.905488;97905.488;1.000000;0.666676
interleaved_pod_1k_60sec_rand;0;3309;97.934422;97934.422;1.000000;0.666676
interleaved_pod_1k_60sec_rand;0;3310;97.964354;97964.354;1.000000;0.666676
interleaved_pod_1k_60sec_rand;0;3311;97.994286;97994.286;1.000000;0.666676
interleaved_pod_1k_60sec_rand;0;3312;98.019728;98019.728;1.000000;0.666676
interleaved_pod_1k_60sec_rand;0;3313;98.044671;98044.671;1.000000;0.666676
interleaved_pod_1k_60sec_rand;0;3314;98.067619;98067.619;1.000000;0.666676
interleaved_pod_1k_60sec_rand;0;3315;98.090567;98090.567;1.000000;0.666676
interleaved_pod_1k_60sec_rand;0;3316;98.139456;98139.456;1.000000;0.666676
interleaved_pod_1k_60sec_rand;0;3317;98.188345;98188.345;1.000000;0.666676
interleaved_pod_1k_60sec_rand;0;3318;98.205306;98205.306;1.000000;0.666676
interleaved_pod_1k_60sec_rand;0;3319;98.222268;98222.268;0.981879;0.666676
interleaved_pod_1k_60sec_rand;0;3320;98.240726;98240.726;1.000000;0.666676
interleaved_pod_1k_60sec_rand;0;3321;98.258685;98258.685;1.000000;0.666676
interleaved_pod_1k_60sec_rand;0;3322;98.277642;98277.642;1.000000;0.666676
interleaved_pod_1k_60sec_rand;0;3323;98.296599;98296.599;1.000000;0.666676
interleaved_pod_1k_60sec_rand;0;3324;98.330522;98330.522;1.000000;0.666676
interleaved_pod_1k_60sec_rand;0;3325;98.364444;98364.444;1.000000;0.666676
interleaved_pod_1k_60sec_rand;0;3326;98.379410;98379.410;1.000000;0.666676
interleaved_pod_1k_60sec_rand;0;3327;98.394376;98394.376;1.000000;0.666676
interleaved_pod_1k_60sec_rand;0;3328;98.408345;98408.345;1.000000;0.666676
interleaved_pod_1k_60sec_rand;0;3329;98.422313;98422.313;1.000000;0.666676
interleaved_pod_1k_60sec_rand;0;3330;98.460227;98460.227;0.868942;0.666676
interleaved_pod_1k_60sec_rand;0;3331;98.498639;98498.639;1.000000;0.666676
interleaved_pod_1k_60sec_rand;0;3332;98.512608;98512.608;1.000000;0.666676
interleaved_pod_1k_60sec_rand;0;3333;98.526576;98526.576;1.000000;0.666676
interleaved_pod_1k_60sec_rand;0;3334;98.549524;98549.524;1.000000;0.666676
interleaved_pod_1k_60sec_rand;0;3335;98.572472;98572.472;1.000000;0.666676
interleaved_pod_1k_60sec_rand;0;3336;98.603401;98603.401;1.000000;0.666676
interleaved_pod_1k_60sec_rand;0;3337;98.634331;98634.331;1.000000;0.666676
interleaved_pod_1k_60sec_rand;0;3338;98.662268;98662.268;0.900199;0.666676
interleaved_pod_1k_60sec_rand;0;3339;98.680227;98680.227;0.668996;0.666676
interleaved_pod_1k_60sec_rand;0;3340;98.687710;98687.710;0.671825;0.666676
interleaved_pod_1k_60sec_rand;0;3341;98.730612;98730.612;1.000000;0.666676
interleaved_pod_1k_60sec_rand;0;3342;98.742086;98742.086;0.697131;0.666676
interleaved_pod_1k_60sec_rand;0;3343;98.750567;98750.567;0.671383;0.666676
interleaved_pod_1k_60sec_rand;0;3344;98.770522;98770.522;1.000000;0.666676
interleaved_pod_1k_60sec_rand;0;3345;98.817415;98817.415;1.000000;0.666676
interleaved_pod_1k_60sec_rand;0;3346;98.861814;98861.814;0.748764;0.666676
interleaved_pod_1k_60sec_rand;0;3347;98.895238;98895.238;0.867199;0.666676
interleaved_pod_1k_60sec_rand;0;3348;98.900726;98900.726;0.689568;0.666676
interleaved_pod_1k_60sec_rand;0;3349;98.907211;98907.211;0.779763;0.666676
interleaved_pod_1k_60sec_rand;0;3350;98.914694;98914.694;0.802517;0.666676
interleaved_pod_1k_60sec_rand;0;3351;98.923673;98923.673;0.753147;0.666676
interleaved_pod_1k_60sec_rand;0;3352;98.953605;98953.605;1.000000;0.666676
interleaved_pod_1k_60sec_rand;0;3353;98.969569;98969.569;0.689972;0.666676
interleaved_pod_1k_60sec_rand;0;3354;98.976553;98976.553;0.696527;0.666676
interleaved_pod_1k_60sec_rand;0;3355;99.026440;99026.440;1.000000;0.666676
interleaved_pod_1k_60sec_rand;0;3356;99.045397;99045.397;0.697822;0.666676
interleaved_pod_1k_60sec_rand;0;3357;99.059864;99059.864;0.720965;0.666676
interleaved_pod_1k_60sec_rand;0;3358;99.072336;99072.336;1.000000;0.666676
interleaved_pod_1k_60sec_rand;0;3359;99.088299;99088.299;1.000000;0.666676
interleaved_pod_1k_60sec_rand;0;3360;99.104263;99104.263;0.934005;0.666676
interleaved_pod_1k_60sec_rand;0;3361;99.141678;99141.678;1.000000;0.666676
interleaved_pod_1k_60sec_rand;0;3362;99.178594;99178.594;1.000000;0.666676
interleaved_pod_1k_60sec_rand;0;3363;99.215510;99215.510;1.000000;0.666676
interleaved_pod_1k_60sec_rand;0;3364;99.252426;99252.426;1.000000;0.666676
interleaved_pod_1k_60sec_rand;0;3365;99.284354;99284.354;1.000000;0.666676
interleaved_pod_1k_60sec_rand;0;3366;99.296327;99296.327;0.789557;0.666676
interleaved_pod_1k_60sec_rand;0;3367;99.312290;99312.290;0.720432;0.666676
interleaved_pod_1k_60sec_rand;0;3368;99.338730;99338.730;0.957241;0.666676
interleaved_pod_1k_60sec_rand;0;3369;99.350204;99350.204;0.824132;0.666676
interleaved_pod_1k_60sec_rand;0;3370;99.360680;99360.680;1.000000;0.666676
interleaved_pod_1k_60sec_rand;0;3371;99.393605;99393.605;1.000000;0.666676
interleaved_pod_1k_60sec_rand;0;3372;99.400590;99400.590;0.686754;0.666676
interleaved_pod_1k_60sec_rand;0;3373;99.426531;99426.531;1.000000;0.666676
interleaved_pod_1k_60sec_rand;0;3374;99.472426;99472.426;1.000000;0.666676
interleaved_pod_1k_60sec_rand;0;3375;99.482404;99482.404;0.680996;0.666676
interleaved_pod_1k_60sec_rand;0;3376;99.489887;99489.887;0.713948;0.666676
interleaved_pod_1k_60sec_rand;0;3377;99.518322;99518.322;1.000000;0.666676
interleaved_pod_1k_60sec_rand;0;3378;99.537279;99537.279;0.966925;0.666676
interleaved_pod_1k_60sec_rand;0;3379;99.556735;99556.735;1.000000;0.666676
interleaved_pod_1k_60sec_rand;0;3380;99.585669;99585.669;1.000000;0.666676
interleaved_pod_1k_60sec_rand;0;3381;99.614603;99614.603;1.000000;0.666676
interleaved_pod_1k_60sec_rand;0;3382;99.648526;99648.526;1.000000;0.666676
interleaved_pod_1k_60sec_rand;0;3383;99.682449;99682.449;1.000000;0.666676
interleaved_pod_1k_60sec_rand;0;3384;99.706395;99706.395;1.000000;0.666676
interleaved_pod_1k_60sec_rand;0;3385;99.730340;99730.340;1.000000;0.666676
interleaved_pod_1k_60sec_rand;0;3386;99.753288;99753.288;1.000000;0.666676
interleaved_pod_1k_60sec_rand;0;3387;99.776735;99776.735;1.000000;0.666676
interleaved_pod_1k_60sec_rand;0;3388;99.805669;99805.669;1.000000;0.666676
interleaved_pod_1k_60sec_rand;0;3389;99.834603;99834.603;1.000000;0.666676
interleaved_pod_1k_60sec_rand;0;3390;99.865533;99865.533;1.000000;0.666676
interleaved_pod_1k_60sec_rand;0;3391;99.896463;99896.463;1.000000;0.666676
interleaved_pod_1k_60sec_rand;0;3392;99.926395;99926.395;1.000000;0.666676
interleaved_pod_1k_60sec_rand;0;3393;99.956327;99956.327;1.000000;0.666676
interleaved_pod_1k_60sec_rand;0;3394;99.987755;99987.755;0.955870;0.666676
interleaved_pod_1k_60sec_rand;0;3395;100.018685;100018.685;1.000000;0.666676
interleaved_pod_1k_60sec_rand;0;3396;100.038639;100038.639;1.000000;0.666676
interleaved_pod_1k_60sec_rand;0;3397;100.058594;100058.594;1.000000;0.666676
interleaved_pod_1k_60sec_rand;0;3398;100.098503;100098.503;1.000000;0.666676
interleaved_pod_1k_60sec_rand;0;3399;100.138413;100138.413;1.000000;0.666676
interleaved_pod_1k_60sec_rand;0;3400;100.164354;100164.354;1.000000;0.666676
interleaved_pod_1k_60sec_rand;0;3401;100.190295;100190.295;1.000000;0.666676
interleaved_pod_1k_60sec_rand;0;3402;100.217732;100217.732;1.000000;0.666676
interleaved_pod_1k_60sec_rand;0;3403;100.244671;100244.671;1.000000;0.666676
interleaved_pod_1k_60sec_rand;0;3404;100.267619;100267.619;1.000000;0.666676
interleaved_pod_1k_60sec_rand;0;3405;100.290567;100290.567;1.000000;0.666676
interleaved_pod_1k_60sec_rand;0;3406;100.317506;100317.506;1.000000;0.666676
interleaved_pod_1k_60sec_rand;0;3407;100.344444;100344.444;1.000000;0.666676
interleaved_pod_1k_60sec_rand;0;3408;100.372381;100372.381;1.000000;0.666676
interleaved_pod_1k_60sec_rand;0;3409;100.400317;100400.317;1.000000;0.666676
interleaved_pod_1k_60sec_rand;0;3410;100.438231;100438.231;0.890394;0.666676
interleaved_pod_1k_60sec_rand;0;3411;100.450703;100450.703;0.669117;0.666676
interleaved_pod_1k_60sec_rand;0;3412;100.476644;100476.644;1.000000;0.666676
interleaved_pod_1k_60sec_rand;0;3413;100.519546;100519.546;1.000000;0.666676
interleaved_pod_1k_60sec_rand;0;3414;100.556463;100556.463;0.687172;0.666676
interleaved_pod_1k_60sec_rand;0;3415;100.562449;100562.449;1.000000;0.666676
interleaved_pod_1k_60sec_rand;0;3416;100.595374;100595.374;1.000000;0.666676
interleaved_pod_1k_60sec_rand;0;3417;100.628299;100628.299;0.948369;0.666676
interleaved_pod_1k_60sec_rand;0;3418;100.643764;100643.764;0.910465;0.666676
interleaved_pod_1k_60sec_rand;0;3419;100.658730;100658.730;0.968290;0.666676
interleaved_pod_1k_60sec_rand;0;3420;100.696644;100696.644;1.000000;0.666676
interleaved_pod_1k_60sec_rand;0;3421;100.734558;100734.558;1.000000;0.666676
interleaved_pod_1k_60sec_rand;0;3422;100.772472;100772.472;1.000000;0.666676
interleaved_pod_1k_60sec_rand;0;3423;100.810385;100810.385;1.000000;0.666676
interleaved_pod_1k_60sec_rand;0;3424;100.828345;100828.345;1.000000;0.666676
interleaved_pod_1k_60sec_rand;0;3425;100.846304;100846.304;1.000000;0.666676
interleaved_pod_1k_60sec_rand;0;3426;100.881723;100881.723;1.000000;0.666676
interleaved_pod_1k_60sec_rand;0;3427;100.916644;100916.644;1.000000;0.666676
interleaved_pod_1k_60sec_rand;0;3428;100.962540;100962.540;1.000000;0.666676
interleaved_pod_1k_60sec_rand;0;3429;101.008435;101008.435;1.000000;0.666676
interleaved_pod_1k_60sec_rand;0;3430;101.036372;101036.372;1.000000;0.666676
interleaved_pod_1k_60sec_rand;0;3431;101.064308;101064.308;1.000000;0.666676
interleaved_pod_1k_60sec_rand;0;3432;101.111701;101111.701;1.000000;0.666676
interleaved_pod_1k_60sec_rand;0;3433;101.158594;101158.594;1.000000;0.666676
interleaved_pod_1k_60sec_rand;0;3434;101.182540;101182.540;1.000000;0.666676
interleaved_pod_1k_60sec_rand;0;3435;101.206485;101206.485;1.000000;0.666676
interleaved_pod_1k_60sec_rand;0;3436;101.234422;101234.422;1.000000;0.666676
interleaved_pod_1k_60sec_rand;0;3437;101.262358;101262.358;1.000000;0.666676
interleaved_pod_1k_60sec_rand;0;3438;101.274331;101274.331;1.000000;0.666676
interleaved_pod_1k_60sec_rand;0;3439;101.286304;101286.304;1.000000;0.666676
interleaved_pod_1k_60sec_rand;0;3440;101.306757;101306.757;1.000000;0.666676
interleaved_pod_1k_60sec_rand;0;3441;101.326712;101326.712;1.000000;0.666676
interleaved_pod_1k_60sec_rand;0;3442;101.339683;101339.683;1.000000;0.666676
interleaved_pod_1k_60sec_rand;0;3443;101.352653;101352.653;1.000000;0.666676
interleaved_pod_1k_60sec_rand;0;3444;101.390567;101390.567;1.000000;0.666676
interleaved_pod_1k_60sec_rand;0;3445;101.428481;101428.481;1.000000;0.666676
interleaved_pod_1k_60sec_rand;0;3446;101.440454;101440.454;1.000000;0.666676
interleaved_pod_1k_60sec_rand;0;3447;101.452426;101452.426;1.000000;0.666676
interleaved_pod_1k_60sec_rand;0;3448;101.475374;101475.374;1.000000;0.666676
interleaved_pod_1k_60sec_rand;0;3449;101.498322;101498.322;1.000000;0.666676
interleaved_pod_1k_60sec_rand;0;3450;101.528753;101528.753;0.906831;0.666676
interleaved_pod_1k_60sec_rand;0;3451;101.558685;101558.685;1.000000;0.666676
interleaved_pod_1k_60sec_rand;0;3452;101.605578;101605.578;1.000000;0.666676
interleaved_pod_1k_60sec_rand;0;3453;101.652472;101652.472;1.000000;0.666676
interleaved_pod_1k_60sec_rand;0;3454;101.690385;101690.385;1.000000;0.666676
interleaved_pod_1k_60sec_rand;0;3455;101.728299;101728.299;1.000000;0.666676
interleaved_pod_1k_60sec_rand;0;3456;101.762721;101762.721;1.000000;0.666676
interleaved_pod_1k_60sec_rand;0;3457;101.796644;101796.644;1.000000;0.666676
interleaved_pod_1k_60sec_rand;0;3458;101.827574;101827.574;1.000000;0.666676
interleaved_pod_1k_60sec_rand;0;3459;101.858503;101858.503;1.000000;0.666676
interleaved_pod_1k_60sec_rand;0;3460;101.892426;101892.426;1.000000;0.666676
interleaved_pod_1k_60sec_rand;0;3461;101.926349;101926.349;1.000000;0.666676
interleaved_pod_1k_60sec_rand;0;3462;101.960272;101960.272;0.957487;0.666676
interleaved_pod_1k_60sec_rand;0;3463;101.994694;101994.694;1.000000;0.666676
interleaved_pod_1k_60sec_rand;0;3464;102.029615;102029.615;1.000000;0.666676
interleaved_pod_1k_60sec_rand;0;3465;102.064535;102064.535;1.000000;0.666676
interleaved_pod_1k_60sec_rand;0;3466;102.102449;102102.449;1.000000;0.666676
interleaved_pod_1k_60sec_rand;0;3467;102.140363;102140.363;1.000000;0.666676
interleaved_pod_1k_60sec_rand;0;3468;102.160317;102160.317;1.000000;0.666676
interleaved_pod_1k_60sec_rand;0;3469;102.180272;102180.272;0.957731;0.666676
interleaved_pod_1k_60sec_rand;0;3470;102.218685;102218.685;1.000000;0.666676
interleaved_pod_1k_60sec_rand;0;3471;102.256599;102256.599;1.000000;0.666676
interleaved_pod_1k_60sec_rand;0;3472;102.302494;102302.494;1.000000;0.666676
interleaved_pod_1k_60sec_rand;0;3473;102.348390;102348.390;1.000000;0.666676
interleaved_pod_1k_60sec_rand;0;3474;102.374331;102374.331;1.000000;0.666676
interleaved_pod_1k_60sec_rand;0;3475;102.400771;102400.771;0.874878;0.666676
interleaved_pod_1k_60sec_rand;0;3476;102.411746;102411.746;1.000000;0.666676
interleaved_pod_1k_60sec_rand;0;3477;102.422721;102422.721;1.000000;0.666676
interleaved_pod_1k_60sec_rand;0;3478;102.470612;102470.612;1.000000;0.666676
interleaved_pod_1k_60sec_rand;0;3479;102.518503;102518.503;1.000000;0.666676
interleaved_pod_1k_60sec_rand;0;3480;102.550431;102550.431;1.000000;0.666676
interleaved_pod_1k_60sec_rand;0;3481;102.582358;102582.358;1.000000;0.666676
interleaved_pod_1k_60sec_rand;0;3482;102.616281;102616.281;0.997424;0.666676
interleaved_pod_1k_60sec_rand;0;3483;102.650703;102650.703;1.000000;0.666676
interleaved_pod_1k_60sec_rand;0;3484;102.664671;102664.671;1.000000;0.666676
interleaved_pod_1k_60sec_rand;0;3485;102.678639;102678.639;1.000000;0.666676
interleaved_pod_1k_60sec_rand;0;3486;102.688617;102688.617;1.000000;0.666676
interleaved_pod_1k_60sec_rand;0;3487;102.698594;102698.594;1.000000;0.666676
interleaved_pod_1k_60sec_rand;0;3488;102.727528;102727.528;1.000000;0.666676
interleaved_pod_1k_60sec_rand;0;3489;102.756463;102756.463;1.000000;0.666676
interleaved_pod_1k_60sec_rand;0;3490;102.771429;102771.429;1.000000;0.666676
interleaved_pod_1k_60sec_rand;0;3491;102.786395;102786.395;1.000000;0.666676
interleaved_pod_1k_60sec_rand;0;3492;102.796372;102796.372;1.000000;0.666676
interleaved_pod_1k_60sec_rand;0;3493;102.806349;102806.349;1.000000;0.666676
interleaved_pod_1k_60sec_rand;0;3494;102.826304;102826.304;1.000000;0.666676
interleaved_pod_1k_60sec_rand;0;3495;102.846757;102846.757;0.920879;0.666676
interleaved_pod_1k_60sec_rand;0;3496;102.881678;102881.678;1.000000;0.666676
interleaved_pod_1k_60sec_rand;0;3497;102.916599;102916.599;1.000000;0.666676
interleaved_pod_1k_60sec_rand;0;3498;102.935556;102935.556;1.000000;0.666676
interleaved_pod_1k_60sec_rand;0;3499;102.954512;102954.512;1.000000;0.666676
interleaved_pod_1k_60sec_rand;0;3500;103.000408;103000.408;1.000000;0.666676
interleaved_pod_1k_60sec_rand;0;3501;103.046304;103046.304;1.000000;0.666676
interleaved_pod_1k_60sec_rand;0;3502;103.068254;103068.254;0.916118;0.666676
interleaved_pod_1k_60sec_rand;0;3503;103.090703;103090.703;1.000000;0.666676
interleaved_pod_1k_60sec_rand;0;3504;103.102676;103102.676;1.000000;0.666676
interleaved_pod_1k_60sec_rand;0;3505;103.114649;103114.649;1.000000;0.666676
interleaved_pod_1k_60sec_rand;0;3506;103.126621;103126.621;1.000000;0.666676
interleaved_pod_1k_60sec_rand;0;3507;103.138594;103138.594;1.000000;0.666676
interleaved_pod_1k_60sec_rand;0;3508;103.171519;103171.519;1.000000;0.666676
interleaved_pod_1k_60sec_rand;0;3509;103.204444;103204.444;1.000000;0.666676
interleaved_pod_1k_60sec_rand;0;3510;103.234376;103234.376;1.000000;0.666676
interleaved_pod_1k_60sec_rand;0;3511;103.264308;103264.308;1.000000;0.666676
interleaved_pod_1k_60sec_rand;0;3512;103.309705;103309.705;1.000000;0.666676
interleaved_pod_1k_60sec_rand;0;3513;103.354603;103354.603;1.000000;0.666676
interleaved_pod_1k_60sec_rand;0;3514;103.400499;103400.499;1.000000;0.666676
interleaved_pod_1k_60sec_rand;0;3515;103.446395;103446.395;1.000000;0.666676
interleaved_pod_1k_60sec_rand;0;3516;103.491293;103491.293;1.000000;0.666676
interleaved_pod_1k_60sec_rand;0;3517;103.536689;103536.689;1.000000;0.666676
interleaved_pod_1k_60sec_rand;0;3518;103.558639;103558.639;1.000000;0.666676
interleaved_pod_1k_60sec_rand;0;3519;103.580590;103580.590;1.000000;0.666676
interleaved_pod_1k_60sec_rand;0;3520;103.592562;103592.562;1.000000;0.666676
interleaved_pod_1k_60sec_rand;0;3521;103.604535;103604.535;1.000000;0.666676
interleaved_pod_1k_60sec_rand;0;3522;103.654422;103654.422;1.000000;0.666676
interleaved_pod_1k_60sec_rand;0;3523;103.704308;103704.308;1.000000;0.666676
interleaved_pod_1k_60sec_rand;0;3524;103.740726;103740.726;1.000000;0.666676
interleaved_pod_1k_60sec_rand;0;3525;103.776644;103776.644;1.000000;0.666676
interleaved_pod_1k_60sec_rand;0;3526;103.796599;103796.599;1.000000;0.666676
interleaved_pod_1k_60sec_rand;0;3527;103.816553;103816.553;1.000000;0.666676
interleaved_pod_1k_60sec_rand;0;3528;103.856463;103856.463;1.000000;0.666676
interleaved_pod_1k_60sec_rand;0;3529;103.896372;103896.372;1.000000;0.666676
interleaved_pod_1k_60sec_rand;0;3530;103.934286;103934.286;0.986896;0.666676
interleaved_pod_1k_60sec_rand;0;3531;103.972698;103972.698;1.000000;0.666676
interleaved_pod_1k_60sec_rand;0;3532;103.997642;103997.642;1.000000;0.666676
interleaved_pod_1k_60sec_rand;0;3533;104.022585;104022.585;1.000000;0.666676
interleaved_pod_1k_60sec_rand;0;3534;104.051519;104051.519;1.000000;0.666676
interleaved_pod_1k_60sec_rand;0;3535;104.080454;104080.454;1.000000;0.666676
interleaved_pod_1k_60sec_rand;0;3536;104.090431;104090.431;1.000000;0.666676
interleaved_pod_1k_60sec_rand;0;3537;104.100408;104100.408;1.000000;0.666676
interleaved_pod_1k_60sec_rand;0;3538;104.140317;104140.317;1.000000;0.666676
interleaved_pod_1k_60sec_rand;0;3539;104.180726;104180.726;1.000000;0.666676
interleaved_pod_1k_60sec_rand;0;3540;104.215646;104215.646;1.000000;0.666676
interleaved_pod_1k_60sec_rand;0;3541;104.250567;104250.567;1.000000;0.666676
interleaved_pod_1k_60sec_rand;0;3542;104.298458;104298.458;1.000000;0.666676
interleaved_pod_1k_60sec_rand;0;3543;104.346349;104346.349;1.000000;0.666676
interleaved_pod_1k_60sec_rand;0;3544;104.382766;104382.766;0.946080;0.666676
interleaved_pod_1k_60sec_rand;0;3545;104.418685;104418.685;1.000000;0.666676
interleaved_pod_1k_60sec_rand;0;3546;104.430658;104430.658;1.000000;0.666676
interleaved_pod_1k_60sec_rand;0;3547;104.442630;104442.630;1.000000;0.666676
interleaved_pod_1k_60sec_rand;0;3548;104.491519;104491.519;1.000000;0.666676
interleaved_pod_1k_60sec_rand;0;3549;104.540408;104540.408;1.000000;0.666676
interleaved_pod_1k_60sec_rand;0;3550;104.572336;104572.336;1.000000;0.666676
interleaved_pod_1k_60sec_rand;0;3551;104.604263;104604.263;0.948728;0.666676
interleaved_pod_1k_60sec_rand;0;3552;104.629705;104629.705;1.000000;0.666676
interleaved_pod_1k_60sec_rand;0;3553;104.654649;104654.649;1.000000;0.666676
interleaved_pod_1k_60sec_rand;0;3554;104.674603;104674.603;1.000000;0.666676
interleaved_pod_1k_60sec_rand;0;3555;104.694558;104694.558;1.000000;0.666676
interleaved_pod_1k_60sec_rand;0;3556;104.712517;104712.517;1.000000;0.666676
interleaved_pod_1k_60sec_rand;0;3557;104.730476;104730.476;1.000000;0.666676
interleaved_pod_1k_60sec_rand;0;3558;104.746440;104746.440;1.000000;0.666676
interleaved_pod_1k_60sec_rand;0;3559;104.762404;104762.404;1.000000;0.666676
interleaved_pod_1k_60sec_rand;0;3560;104.797324;104797.324;1.000000;0.666676
interleaved_pod_1k_60sec_rand;0;3561;104.832245;104832.245;0.951636;0.666676
interleaved_pod_1k_60sec_rand;0;3562;104.850703;104850.703;1.000000;0.666676
interleaved_pod_1k_60sec_rand;0;3563;104.868662;104868.662;1.000000;0.666676
interleaved_pod_1k_60sec_rand;0;3564;104.880635;104880.635;1.000000;0.666676
interleaved_pod_1k_60sec_rand;0;3565;104.892608;104892.608;1.000000;0.666676
interleaved_pod_1k_60sec_rand;0;3566;104.938503;104938.503;1.000000;0.666676
interleaved_pod_1k_60sec_rand;0;3567;104.984399;104984.399;1.000000;0.666676
interleaved_pod_1k_60sec_rand;0;3568;105.006349;105006.349;1.000000;0.666676
interleaved_pod_1k_60sec_rand;0;3569;105.028299;105028.299;1.000000;0.666676
interleaved_pod_1k_60sec_rand;0;3570;105.055737;105055.737;1.000000;0.666676
interleaved_pod_1k_60sec_rand;0;3571;105.082676;105082.676;1.000000;0.666676
interleaved_pod_1k_60sec_rand;0;3572;105.106621;105106.621;1.000000;0.666676
interleaved_pod_1k_60sec_rand;0;3573;105.130567;105130.567;1.000000;0.666676
interleaved_pod_1k_60sec_rand;0;3574;105.143537;105143.537;1.000000;0.666676
interleaved_pod_1k_60sec_rand;0;3575;105.156508;105156.508;1.000000;0.666676
interleaved_pod_1k_60sec_rand;0;3576;105.193424;105193.424;1.000000;0.666676
interleaved_pod_1k_60sec_rand;0;3577;105.230340;105230.340;1.000000;0.666676
interleaved_pod_1k_60sec_rand;0;3578;105.269751;105269.751;0.999717;0.666676
interleaved_pod_1k_60sec_rand;0;3579;105.308662;105308.662;1.000000;0.666676
interleaved_pod_1k_60sec_rand;0;3580;105.356553;105356.553;1.000000;0.666676
interleaved_pod_1k_60sec_rand;0;3581;105.404444;105404.444;1.000000;0.666676
interleaved_pod_1k_60sec_rand;0;3582;105.430385;105430.385;1.000000;0.666676
interleaved_pod_1k_60sec_rand;0;3583;105.456327;105456.327;1.000000;0.666676
interleaved_pod_1k_60sec_rand;0;3584;105.495737;105495.737;1.000000;0.666676
interleaved_pod_1k_60sec_rand;0;3585;105.534649;105534.649;1.000000;0.666676
interleaved_pod_1k_60sec_rand;0;3586;105.575556;105575.556;1.000000;0.666676
interleaved_pod_1k_60sec_rand;0;3587;105.616463;105616.463;1.000000;0.666676
interleaved_pod_1k_60sec_rand;0;3588;105.666349;105666.349;1.000000;0.666676
interleaved_pod_1k_60sec_rand;0;3589;105.716735;105716.735;1.000000;0.666676
interleaved_pod_1k_60sec_rand;0;3590;105.761633;105761.633;1.000000;0.666676
interleaved_pod_1k_60sec_rand;0;3591;105.806531;105806.531;1.000000;0.666676
interleaved_pod_1k_60sec_rand;0;3592;105.852426;105852.426;1.000000;0.666676
interleaved_pod_1k_60sec_rand;0;3593;105.898322;105898.322;1.000000;0.666676
interleaved_pod_1k_60sec_rand;0;3594;105.936735;105936.735;1.000000;0.666676
interleaved_pod_1k_60sec_rand;0;3595;105.974649;105974.649;1.000000;0.666676
interleaved_pod_1k_60sec_rand;0;3596;106.003583;106003.583;1.000000;0.666676
interleaved_pod_1k_60sec_rand;0;3597;106.032517;106032.517;1.000000;0.666676
interleaved_pod_1k_60sec_rand;0;3598;106.066440;106066.440;1.000000;0.666676
interleaved_pod_1k_60sec_rand;0;3599;106.100363;106100.363;1.000000;0.666676
interleaved_pod_1k_60sec_rand;0;3600;106.118322;106118.322;1.000000;0.666676
interleaved_pod_1k_60sec_rand;0;3601;106.136281;106136.281;1.000000;0.666676
interleaved_pod_1k_60sec_rand;0;3602;106.150748;106150.748;1.000000;0.666676
interleaved_pod_1k_60sec_rand;0;3603;106.164717;106164.717;1.000000;0.666676
interleaved_pod_1k_60sec_rand;0;3604;106.202630;106202.630;1.000000;0.666676
interleaved_pod_1k_60sec_rand;0;3605;106.240544;106240.544;1.000000;0.666676
interleaved_pod_1k_60sec_rand;0;3606;106.270476;106270.476;1.000000;0.666676
interleaved_pod_1k_60sec_rand;0;3607;106.300408;106300.408;1.000000;0.666676
interleaved_pod_1k_60sec_rand;0;3608;106.334331;106334.331;1.000000;0.666676
interleaved_pod_1k_60sec_rand;0;3609;106.368753;106368.753;0.934275;0.666676
interleaved_pod_1k_60sec_rand;0;3610;106.418639;106418.639;1.000000;0.666676
interleaved_pod_1k_60sec_rand;0;3611;106.468526;106468.526;1.000000;0.666676
interleaved_pod_1k_60sec_rand;0;3612;106.481497;106481.497;1.000000;0.666676
interleaved_pod_1k_60sec_rand;0;3613;106.494467;106494.467;1.000000;0.666676
interleaved_pod_1k_60sec_rand;0;3614;106.518413;106518.413;1.000000;0.666676
interleaved_pod_1k_60sec_rand;0;3615;106.542358;106542.358;1.000000;0.666676
interleaved_pod_1k_60sec_rand;0;3616;106.588753;106588.753;0.932590;0.666676
interleaved_pod_1k_60sec_rand;0;3617;106.634649;106634.649;1.000000;0.666676
interleaved_pod_1k_60sec_rand;0;3618;106.671565;106671.565;1.000000;0.666676
interleaved_pod_1k_60sec_rand;0;3619;106.708481;106708.481;1.000000;0.666676
interleaved_pod_1k_60sec_rand;0;3620;106.722449;106722.449;1.000000;0.666676
interleaved_pod_1k_60sec_rand;0;3621;106.736417;106736.417;1.000000;0.666676
interleaved_pod_1k_60sec_rand;0;3622;106.775329;106775.329;1.000000;0.666676
interleaved_pod_1k_60sec_rand;0;3623;106.814739;106814.739;1.000000;0.666676
interleaved_pod_1k_60sec_rand;0;3624;106.838685;106838.685;1.000000;0.666676
interleaved_pod_1k_60sec_rand;0;3625;106.862630;106862.630;1.000000;0.666676
interleaved_pod_1k_60sec_rand;0;3626;106.896553;106896.553;1.000000;0.666676
interleaved_pod_1k_60sec_rand;0;3627;106.930476;106930.476;1.000000;0.666676
interleaved_pod_1k_60sec_rand;0;3628;106.940454;106940.454;1.000000;0.666676
interleaved_pod_1k_60sec_rand;0;3629;106.950431;106950.431;1.000000;0.666676
interleaved_pod_1k_60sec_rand;0;3630;106.963401;106963.401;1.000000;0.666676
interleaved_pod_1k_60sec_rand;0;3631;106.976372;106976.372;1.000000;0.666676
interleaved_pod_1k_60sec_rand;0;3632;106.993333;106993.333;1.000000;0.666676
interleaved_pod_1k_60sec_rand;0;3633;107.010295;107010.295;1.000000;0.666676
interleaved_pod_1k_60sec_rand;0;3634;107.034739;107034.739;1.000000;0.666676
interleaved_pod_1k_60sec_rand;0;3635;107.058685;107058.685;1.000000;0.666676
interleaved_pod_1k_60sec_rand;0;3636;107.071655;107071.655;1.000000;0.666676
interleaved_pod_1k_60sec_rand;0;3637;107.084626;107084.626;1.000000;0.666676
interleaved_pod_1k_60sec_rand;0;3638;107.098594;107098.594;1.000000;0.666676
interleaved_pod_1k_60sec_rand;0;3639;107.112562;107112.562;1.000000;0.666676
interleaved_pod_1k_60sec_rand;0;3640;107.142494;107142.494;1.000000;0.666676
interleaved_pod_1k_60sec_rand;0;3641;107.172426;107172.426;1.000000;0.666676
interleaved_pod_1k_60sec_rand;0;3642;107.189388;107189.388;1.000000;0.666676
interleaved_pod_1k_60sec_rand;0;3643;107.206349;107206.349;1.000000;0.666676
interleaved_pod_1k_60sec_rand;0;3644;107.223311;107223.311;1.000000;0.666676
interleaved_pod_1k_60sec_rand;0;3645;107.240272;107240.272;1.000000;0.666676
interleaved_pod_1k_60sec_rand;0;3646;107.276689;107276.689;1.000000;0.666676
interleaved_pod_1k_60sec_rand;0;3647;107.312608;107312.608;1.000000;0.666676
interleaved_pod_1k_60sec_rand;0;3648;107.323583;107323.583;1.000000;0.666676
interleaved_pod_1k_60sec_rand;0;3649;107.334558;107334.558;1.000000;0.666676
interleaved_pod_1k_60sec_rand;0;3650;107.354512;107354.512;1.000000;0.666676
interleaved_pod_1k_60sec_rand;0;3651;107.374467;107374.467;1.000000;0.666676
interleaved_pod_1k_60sec_rand;0;3652;107.403401;107403.401;1.000000;0.666676
interleaved_pod_1k_60sec_rand;0;3653;107.432336;107432.336;1.000000;0.666676
interleaved_pod_1k_60sec_rand;0;3654;107.467755;107467.755;0.971367;0.666676
interleaved_pod_1k_60sec_rand;0;3655;107.502676;107502.676;1.000000;0.666676
interleaved_pod_1k_60sec_rand;0;3656;107.537596;107537.596;1.000000;0.666676
interleaved_pod_1k_60sec_rand;0;3657;107.572517;107572.517;1.000000;0.666676
interleaved_pod_1k_60sec_rand;0;3658;107.587483;107587.483;1.000000;0.666676
interleaved_pod_1k_60sec_rand;0;3659;107.602449;107602.449;1.000000;0.666676
interleaved_pod_1k_60sec_rand;0;3660;107.612426;107612.426;1.000000;0.666676
interleaved_pod_1k_60sec_rand;0;3661;107.622404;107622.404;1.000000;0.666676
interleaved_pod_1k_60sec_rand;0;3662;107.644354;107644.354;1.000000;0.666676
interleaved_pod_1k_60sec_rand;0;3663;107.666304;107666.304;1.000000;0.666676
interleaved_pod_1k_60sec_rand;0;3664;107.705714;107705.714;1.000000;0.666676
interleaved_pod_1k_60sec_rand;0;3665;107.744626;107744.626;1.000000;0.666676
interleaved_pod_1k_60sec_rand;0;3666;107.784535;107784.535;1.000000;0.666676
interleaved_pod_1k_60sec_rand;0;3667;107.824444;107824.444;1.000000;0.666676
interleaved_pod_1k_60sec_rand;0;3668;107.840408;107840.408;1.000000;0.666676
interleaved_pod_1k_60sec_rand;0;3669;107.856372;107856.372;1.000000;0.666676
interleaved_pod_1k_60sec_rand;0;3670;107.903764;107903.764;0.949439;0.666676
interleaved_pod_1k_60sec_rand;0;3671;107.950658;107950.658;1.000000;0.666676
interleaved_pod_1k_60sec_rand;0;3672;107.991565;107991.565;1.000000;0.666676
interleaved_pod_1k_60sec_rand;0;3673;108.032472;108032.472;1.000000;0.666676
interleaved_pod_1k_60sec_rand;0;3674;108.074376;108074.376;1.000000;0.666676
interleaved_pod_1k_60sec_rand;0;3675;108.116281;108116.281;0.936471;0.666676
interleaved_pod_1k_60sec_rand;0;3676;108.143719;108143.719;1.000000;0.666676
interleaved_pod_1k_60sec_rand;0;3677;108.170658;108170.658;1.000000;0.666676
interleaved_pod_1k_60sec_rand;0;3678;108.214558;108214.558;1.000000;0.666676
interleaved_pod_1k_60sec_rand;0;3679;108.258458;108258.458;1.000000;0.666676
interleaved_pod_1k_60sec_rand;0;3680;108.304354;108304.354;1.000000;0.666676
interleaved_pod_1k_60sec_rand;0;3681;108.309841;108309.841;0.706394;0.666676
interleaved_pod_1k_60sec_rand;0;3682;108.323311;108323.311;0.750844;0.666676
interleaved_pod_1k_60sec_rand;0;3683;108.330295;108330.295;0.694209;0.666676
interleaved_pod_1k_60sec_rand;0;3684;108.350249;108350.249;0.925946;0.666676
interleaved_pod_1k_60sec_rand;0;3685;108.384671;108384.671;0.997130;0.666676
interleaved_pod_1k_60sec_rand;0;3686;108.418594;108418.594;1.000000;0.666676
interleaved_pod_1k_60sec_rand;0;3687;108.467483;108467.483;1.000000;0.666676
interleaved_pod_1k_60sec_rand;0;3688;108.513878;108513.878;0.694428;0.666676
interleaved_pod_1k_60sec_rand;0;3689;108.538322;108538.322;1.000000;0.666676
interleaved_pod_1k_60sec_rand;0;3690;108.560272;108560.272;0.986653;0.666676
interleaved_pod_1k_60sec_rand;0;3691;108.606667;108606.667;1.000000;0.666676
interleaved_pod_1k_60sec_rand;0;3692;108.643084;108643.084;0.673330;0.666676
interleaved_pod_1k_60sec_rand;0;3693;108.652562;108652.562;1.000000;0.666676
interleaved_pod_1k_60sec_rand;0;3694;108.680499;108680.499;1.000000;0.666676
interleaved_pod_1k_60sec_rand;0;3695;108.708435;108708.435;1.000000;0.666676
interleaved_pod_1k_60sec_rand;0;3696;108.724399;108724.399;1.000000;0.666676
interleaved_pod_1k_60sec_rand;0;3697;108.740363;108740.363;1.000000;0.666676
interleaved_pod_1k_60sec_rand;0;3698;108.780272;108780.272;1.000000;0.666676
interleaved_pod_1k_60sec_rand;0;3699;108.820680;108820.680;1.000000;0.666676
interleaved_pod_1k_60sec_rand;0;3700;108.854603;108854.603;1.000000;0.666676
interleaved_pod_1k_60sec_rand;0;3701;108.888526;108888.526;1.000000;0.666676
interleaved_pod_1k_60sec_rand;0;3702;108.917460;108917.460;1.000000;0.666676
interleaved_pod_1k_60sec_rand;0;3703;108.946395;108946.395;1.000000;0.666676
interleaved_pod_1k_60sec_rand;0;3704;108.957370;108957.370;1.000000;0.666676
interleaved_pod_1k_60sec_rand;0;3705;108.968345;108968.345;1.000000;0.666676
interleaved_pod_1k_60sec_rand;0;3706;109.011746;109011.746;1.000000;0.666676
interleaved_pod_1k_60sec_rand;0;3707;109.054649;109054.649;1.000000;0.666676
interleaved_pod_1k_60sec_rand;0;3708;109.104535;109104.535;1.000000;0.666676
interleaved_pod_1k_60sec_rand;0;3709;109.154422;109154.422;1.000000;0.666676
interleaved_pod_1k_60sec_rand;0;3710;109.184354;109184.354;1.000000;0.666676
interleaved_pod_1k_60sec_rand;0;3711;109.214286;109214.286;1.000000;0.666676
interleaved_pod_1k_60sec_rand;0;3712;109.261678;109261.678;1.000000;0.666676
interleaved_pod_1k_60sec_rand;0;3713;109.308571;109308.571;1.000000;0.666676
interleaved_pod_1k_60sec_rand;0;3714;109.331519;109331.519;1.000000;0.666676
interleaved_pod_1k_60sec_rand;0;3715;109.354467;109354.467;1.000000;0.666676
interleaved_pod_1k_60sec_rand;0;3716;109.369433;109369.433;1.000000;0.666676
interleaved_pod_1k_60sec_rand;0;3717;109.384399;109384.399;1.000000;0.666676
interleaved_pod_1k_60sec_rand;0;3718;109.425306;109425.306;1.000000;0.666676
interleaved_pod_1k_60sec_rand;0;3719;109.466712;109466.712;1.000000;0.666676
interleaved_pod_1k_60sec_rand;0;3720;109.479683;109479.683;1.000000;0.666676
interleaved_pod_1k_60sec_rand;0;3721;109.492653;109492.653;1.000000;0.666676
interleaved_pod_1k_60sec_rand;0;3722;109.507619;109507.619;1.000000;0.666676
interleaved_pod_1k_60sec_rand;0;3723;109.522585;109522.585;1.000000;0.666676
interleaved_pod_1k_60sec_rand;0;3724;109.538549;109538.549;1.000000;0.666676
interleaved_pod_1k_60sec_rand;0;3725;109.554512;109554.512;1.000000;0.666676
interleaved_pod_1k_60sec_rand;0;3726;109.595420;109595.420;1.000000;0.666676
interleaved_pod_1k_60sec_rand;0;3727;109.636327;109636.327;1.000000;0.666676
interleaved_pod_1k_60sec_rand;0;3728;109.678730;109678.730;0.994941;0.666676
interleaved_pod_1k_60sec_rand;0;3729;109.720635;109720.635;1.000000;0.666676
interleaved_pod_1k_60sec_rand;0;3730;109.730612;109730.612;1.000000;0.666676
interleaved_pod_1k_60sec_rand;0;3731;109.740590;109740.590;1.000000;0.666676
interleaved_pod_1k_60sec_rand;0;3732;109.775510;109775.510;1.000000;0.666676
interleaved_pod_1k_60sec_rand;0;3733;109.810431;109810.431;1.000000;0.666676
interleaved_pod_1k_60sec_rand;0;3734;109.837370;109837.370;1.000000;0.666676
interleaved_pod_1k_60sec_rand;0;3735;109.864308;109864.308;1.000000;0.666676
interleaved_pod_1k_60sec_rand;0;3736;109.911701;109911.701;1.000000;0.666676
interleaved_pod_1k_60sec_rand;0;3737;109.930658;109930.658;0.675419;0.666676
interleaved_pod_1k_60sec_rand;0;3738;109.958594;109958.594;1.000000;0.666676
interleaved_pod_1k_60sec_rand;0;3739;109.996508;109996.508;1.000000;0.666676
interleaved_pod_1k_60sec_rand;0;3740;110.034422;110034.422;1.000000;0.666676
interleaved_pod_1k_60sec_rand;0;3741;110.053379;110053.379;1.000000;0.666676
interleaved_pod_1k_60sec_rand;0;3742;110.072336;110072.336;1.000000;0.666676
interleaved_pod_1k_60sec_rand;0;3743;110.116735;110116.735;1.000000;0.666676
interleaved_pod_1k_60sec_rand;0;3744;110.134195;110134.195;0.671303;0.666676
interleaved_pod_1k_60sec_rand;0;3745;110.140680;110140.680;0.781988;0.666676
interleaved_pod_1k_60sec_rand;0;3746;110.146667;110146.667;0.675311;0.666676
interleaved_pod_1k_60sec_rand;0;3747;110.152653;110152.653;0.733351;0.666676
interleaved_pod_1k_60sec_rand;0;3748;110.158639;110158.639;0.684257;0.666676
interleaved_pod_1k_60sec_rand;0;3749;110.202540;110202.540;1.000000;0.666676
interleaved_pod_1k_60sec_rand;0;3750;110.212018;110212.018;0.685035;0.666676
interleaved_pod_1k_60sec_rand;0;3751;110.218005;110218.005;0.686785;0.666676
interleaved_pod_1k_60sec_rand;0;3752;110.244444;110244.444;1.000000;0.666676
interleaved_pod_1k_60sec_rand;0;3753;110.293333;110293.333;1.000000;0.666676
interleaved_pod_1k_60sec_rand;0;3754;110.342721;110342.721;1.000000;0.666676
interleaved_pod_1k_60sec_rand;0;3755;110.368662;110368.662;1.000000;0.666676
interleaved_pod_1k_60sec_rand;0;3756;110.394603;110394.603;1.000000;0.666676
interleaved_pod_1k_60sec_rand;0;3757;110.404580;110404.580;1.000000;0.666676
interleaved_pod_1k_60sec_rand;0;3758;110.414558;110414.558;1.000000;0.666676
interleaved_pod_1k_60sec_rand;0;3759;110.435510;110435.510;1.000000;0.666676
interleaved_pod_1k_60sec_rand;0;3760;110.441497;110441.497;0.691508;0.666676
interleaved_pod_1k_60sec_rand;0;3761;110.446984;110446.984;0.696056;0.666676
interleaved_pod_1k_60sec_rand;0;3762;110.456463;110456.463;1.000000;0.666676
interleaved_pod_1k_60sec_rand;0;3763;110.474422;110474.422;1.000000;0.666676
interleaved_pod_1k_60sec_rand;0;3764;110.492381;110492.381;1.000000;0.666676
interleaved_pod_1k_60sec_rand;0;3765;110.505351;110505.351;1.000000;0.666676
interleaved_pod_1k_60sec_rand;0;3766;110.518322;110518.322;1.000000;0.666676
interleaved_pod_1k_60sec_rand;0;3767;110.566712;110566.712;1.000000;0.666676
interleaved_pod_1k_60sec_rand;0;3768;110.614603;110614.603;1.000000;0.666676
interleaved_pod_1k_60sec_rand;0;3769;110.635556;110635.556;1.000000;0.666676
interleaved_pod_1k_60sec_rand;0;3770;110.656508;110656.508;1.000000;0.666676
interleaved_pod_1k_60sec_rand;0;3771;110.673469;110673.469;1.000000;0.666676
interleaved_pod_1k_60sec_rand;0;3772;110.690431;110690.431;1.000000;0.666676
interleaved_pod_1k_60sec_rand;0;3773;110.739320;110739.320;1.000000;0.666676
interleaved_pod_1k_60sec_rand;0;3774;110.788707;110788.707;1.000000;0.666676
interleaved_pod_1k_60sec_rand;0;3775;110.814649;110814.649;1.000000;0.666676
interleaved_pod_1k_60sec_rand;0;3776;110.840590;110840.590;1.000000;0.666676
interleaved_pod_1k_60sec_rand;0;3777;110.884490;110884.490;1.000000;0.666676
interleaved_pod_1k_60sec_rand;0;3778;110.928390;110928.390;1.000000;0.666676
interleaved_pod_1k_60sec_rand;0;3779;110.940363;110940.363;1.000000;0.666676
interleaved_pod_1k_60sec_rand;0;3780;110.952336;110952.336;1.000000;0.666676
interleaved_pod_1k_60sec_rand;0;3781;110.994739;110994.739;1.000000;0.666676
interleaved_pod_1k_60sec_rand;0;3782;111.036644;111036.644;1.000000;0.666676
interleaved_pod_1k_60sec_rand;0;3783;111.070567;111070.567;1.000000;0.666676
interleaved_pod_1k_60sec_rand;0;3784;111.104490;111104.490;1.000000;0.666676
interleaved_pod_1k_60sec_rand;0;3785;111.130431;111130.431;1.000000;0.666676
interleaved_pod_1k_60sec_rand;0;3786;111.156372;111156.372;1.000000;0.666676
interleaved_pod_1k_60sec_rand;0;3787;111.191293;111191.293;1.000000;0.666676
interleaved_pod_1k_60sec_rand;0;3788;111.226712;111226.712;1.000000;0.666676
interleaved_pod_1k_60sec_rand;0;3789;111.262630;111262.630;1.000000;0.666676
interleaved_pod_1k_60sec_rand;0;3790;111.298549;111298.549;1.000000;0.666676
interleaved_pod_1k_60sec_rand;0;3791;111.346440;111346.440;1.000000;0.666676
interleaved_pod_1k_60sec_rand;0;3792;111.363401;111363.401;0.700508;0.666676
interleaved_pod_1k_60sec_rand;0;3793;111.384853;111384.853;0.668742;0.666676
interleaved_pod_1k_60sec_rand;0;3794;111.391837;111391.837;0.732845;0.666676
interleaved_pod_1k_60sec_rand;0;3795;111.415782;111415.782;0.953497;0.666676
interleaved_pod_1k_60sec_rand;0;3796;111.426259;111426.259;0.923594;0.666676
interleaved_pod_1k_60sec_rand;0;3797;111.432744;111432.744;0.809963;0.666676
interleaved_pod_1k_60sec_rand;0;3798;111.448707;111448.707;1.000000;0.666676
interleaved_pod_1k_60sec_rand;0;3799;111.460680;111460.680;1.000000;0.666676
interleaved_pod_1k_60sec_rand;0;3800;111.508571;111508.571;1.000000;0.666676
interleaved_pod_1k_60sec_rand;0;3801;111.530023;111530.023;0.687321;0.666676
interleaved_pod_1k_60sec_rand;0;3802;111.536009;111536.009;0.682628;0.666676
interleaved_pod_1k_60sec_rand;0;3803;111.556463;111556.463;1.000000;0.666676
interleaved_pod_1k_60sec_rand;0;3804;111.590385;111590.385;1.000000;0.666676
interleaved_pod_1k_60sec_rand;0;3805;111.624308;111624.308;1.000000;0.666676
interleaved_pod_1k_60sec_rand;0;3806;111.643764;111643.764;0.959695;0.666676
interleaved_pod_1k_60sec_rand;0;3807;111.662721;111662.721;1.000000;0.666676
interleaved_pod_1k_60sec_rand;0;3808;111.695646;111695.646;1.000000;0.666676
interleaved_pod_1k_60sec_rand;0;3809;111.728571;111728.571;1.000000;0.666676
interleaved_pod_1k_60sec_rand;0;3810;111.751519;111751.519;1.000000;0.666676
interleaved_pod_1k_60sec_rand;0;3811;111.774467;111774.467;1.000000;0.666676
interleaved_pod_1k_60sec_rand;0;3812;111.819365;111819.365;1.000000;0.666676
interleaved_pod_1k_60sec_rand;0;3813;111.847800;111847.800;0.818388;0.666676
interleaved_pod_1k_60sec_rand;0;3814;111.864762;111864.762;1.000000;0.666676
interleaved_pod_1k_60sec_rand;0;3815;111.874739;111874.739;1.000000;0.666676
interleaved_pod_1k_60sec_rand;0;3816;111.884717;111884.717;0.911855;0.666676
interleaved_pod_1k_60sec_rand;0;3817;111.928617;111928.617;1.000000;0.666676
interleaved_pod_1k_60sec_rand;0;3818;111.972517;111972.517;1.000000;0.666676
interleaved_pod_1k_60sec_rand;0;3819;112.006440;112006.440;1.000000;0.666676
interleaved_pod_1k_60sec_rand;0;3820;112.040363;112040.363;1.000000;0.666676
interleaved_pod_1k_60sec_rand;0;3821;112.066304;112066.304;1.000000;0.666676
interleaved_pod_1k_60sec_rand;0;3822;112.092744;112092.744;0.910570;0.666676
interleaved_pod_1k_60sec_rand;0;3823;112.125669;112125.669;0.757717;0.666676
interleaved_pod_1k_60sec_rand;0;3824;112.158594;112158.594;1.000000;0.666676
interleaved_pod_1k_60sec_rand;0;3825;112.196508;112196.508;1.000000;0.666676
interleaved_pod_1k_60sec_rand;0;3826;112.234422;112234.422;1.000000;0.666676
interleaved_pod_1k_60sec_rand;0;3827;112.254376;112254.376;1.000000;0.666676
interleaved_pod_1k_60sec_rand;0;3828;112.274331;112274.331;1.000000;0.666676
interleaved_pod_1k_60sec_rand;0;3829;112.304762;112304.762;1.000000;0.666676
interleaved_pod_1k_60sec_rand;0;3830;112.334694;112334.694;1.000000;0.666676
interleaved_pod_1k_60sec_rand;0;3831;112.345669;112345.669;1.000000;0.666676
interleaved_pod_1k_60sec_rand;0;3832;112.356644;112356.644;1.000000;0.666676
interleaved_pod_1k_60sec_rand;0;3833;112.378594;112378.594;1.000000;0.666676
interleaved_pod_1k_60sec_rand;0;3834;112.400544;112400.544;1.000000;0.666676
interleaved_pod_1k_60sec_rand;0;3835;112.435465;112435.465;1.000000;0.666676
interleaved_pod_1k_60sec_rand;0;3836;112.470385;112470.385;1.000000;0.666676
interleaved_pod_1k_60sec_rand;0;3837;112.509297;112509.297;1.000000;0.666676
interleaved_pod_1k_60sec_rand;0;3838;112.548707;112548.707;1.000000;0.666676
interleaved_pod_1k_60sec_rand;0;3839;112.574649;112574.649;1.000000;0.666676
interleaved_pod_1k_60sec_rand;0;3840;112.600590;112600.590;1.000000;0.666676
interleaved_pod_1k_60sec_rand;0;3841;112.612562;112612.562;1.000000;0.666676
interleaved_pod_1k_60sec_rand;0;3842;112.624535;112624.535;1.000000;0.666676
interleaved_pod_1k_60sec_rand;0;3843;112.661451;112661.451;1.000000;0.666676
interleaved_pod_1k_60sec_rand;0;3844;112.698367;112698.367;1.000000;0.666676
interleaved_pod_1k_60sec_rand;0;3845;112.736281;112736.281;1.000000;0.666676
interleaved_pod_1k_60sec_rand;0;3846;112.774694;112774.694;1.000000;0.666676
interleaved_pod_1k_60sec_rand;0;3847;112.816599;112816.599;1.000000;0.666676
interleaved_pod_1k_60sec_rand;0;3848;112.858503;112858.503;1.000000;0.666676
interleaved_pod_1k_60sec_rand;0;3849;112.871474;112871.474;1.000000;0.666676
interleaved_pod_1k_60sec_rand;0;3850;112.884444;112884.444;1.000000;0.666676
interleaved_pod_1k_60sec_rand;0;3851;112.896417;112896.417;1.000000;0.666676
interleaved_pod_1k_60sec_rand;0;3852;112.908390;112908.390;1.000000;0.666676
interleaved_pod_1k_60sec_rand;0;3853;112.927347;112927.347;1.000000;0.666676
interleaved_pod_1k_60sec_rand;0;3854;112.946304;112946.304;0.949545;0.666676
interleaved_pod_1k_60sec_rand;0;3855;112.974739;112974.739;0.968748;0.666676
interleaved_pod_1k_60sec_rand;0;3856;113.002676;113002.676;1.000000;0.666676
interleaved_pod_1k_60sec_rand;0;3857;113.023628;113023.628;1.000000;0.666676
interleaved_pod_1k_60sec_rand;0;3858;113.044580;113044.580;1.000000;0.666676
interleaved_pod_1k_60sec_rand;0;3859;113.058549;113058.549;1.000000;0.666676
interleaved_pod_1k_60sec_rand;0;3860;113.072517;113072.517;1.000000;0.666676
interleaved_pod_1k_60sec_rand;0;3861;113.089478;113089.478;1.000000;0.666676
interleaved_pod_1k_60sec_rand;0;3862;113.106440;113106.440;1.000000;0.666676
interleaved_pod_1k_60sec_rand;0;3863;113.144354;113144.354;1.000000;0.666676
interleaved_pod_1k_60sec_rand;0;3864;113.182268;113182.268;1.000000;0.666676
interleaved_pod_1k_60sec_rand;0;3865;113.200726;113200.726;1.000000;0.666676
interleaved_pod_1k_60sec_rand;0;3866;113.218685;113218.685;1.000000;0.666676
interleaved_pod_1k_60sec_rand;0;3867;113.262585;113262.585;1.000000;0.666676
interleaved_pod_1k_60sec_rand;0;3868;113.306485;113306.485;1.000000;0.666676
interleaved_pod_1k_60sec_rand;0;3869;113.331429;113331.429;1.000000;0.666676
interleaved_pod_1k_60sec_rand;0;3870;113.356372;113356.372;1.000000;0.666676
interleaved_pod_1k_60sec_rand;0;3871;113.376327;113376.327;1.000000;0.666676
interleaved_pod_1k_60sec_rand;0;3872;113.396281;113396.281;0.903387;0.666676
interleaved_pod_1k_60sec_rand;0;3873;113.430703;113430.703;1.000000;0.666676
interleaved_pod_1k_60sec_rand;0;3874;113.464626;113464.626;1.000000;0.666676
interleaved_pod_1k_60sec_rand;0;3875;113.507528;113507.528;1.000000;0.666676
interleaved_pod_1k_60sec_rand;0;3876;113.550431;113550.431;1.000000;0.666676
interleaved_pod_1k_60sec_rand;0;3877;113.585351;113585.351;1.000000;0.666676
interleaved_pod_1k_60sec_rand;0;3878;113.620272;113620.272;1.000000;0.666676
interleaved_pod_1k_60sec_rand;0;3879;113.649705;113649.705;1.000000;0.666676
interleaved_pod_1k_60sec_rand;0;3880;113.678639;113678.639;1.000000;0.666676
interleaved_pod_1k_60sec_rand;0;3881;113.717551;113717.551;1.000000;0.666676
interleaved_pod_1k_60sec_rand;0;3882;113.756463;113756.463;1.000000;0.666676
interleaved_pod_1k_60sec_rand;0;3883;113.780408;113780.408;1.000000;0.666676
interleaved_pod_1k_60sec_rand;0;3884;113.804354;113804.354;1.000000;0.666676
interleaved_pod_1k_60sec_rand;0;3885;113.831293;113831.293;1.000000;0.666676
interleaved_pod_1k_60sec_rand;0;3886;113.858730;113858.730;1.000000;0.666676
interleaved_pod_1k_60sec_rand;0;3887;113.898639;113898.639;1.000000;0.666676
interleaved_pod_1k_60sec_rand;0;3888;113.938549;113938.549;1.000000;0.666676
interleaved_pod_1k_60sec_rand;0;3889;113.964490;113964.490;1.000000;0.666676
interleaved_pod_1k_60sec_rand;0;3890;113.990431;113990.431;1.000000;0.666676
interleaved_pod_1k_60sec_rand;0;3891;114.016372;114016.372;1.000000;0.666676
interleaved_pod_1k_60sec_rand;0;3892;114.042313;114042.313;1.000000;0.666676
interleaved_pod_1k_60sec_rand;0;3893;114.082721;114082.721;1.000000;0.666676
interleaved_pod_1k_60sec_rand;0;3894;114.122630;114122.630;1.000000;0.666676
interleaved_pod_1k_60sec_rand;0;3895;114.152562;114152.562;1.000000;0.666676
interleaved_pod_1k_60sec_rand;0;3896;114.182494;114182.494;1.000000;0.666676
interleaved_pod_1k_60sec_rand;0;3897;114.208435;114208.435;1.000000;0.666676
interleaved_pod_1k_60sec_rand;0;3898;114.234376;114234.376;1.000000;0.666676
interleaved_pod_1k_60sec_rand;0;3899;114.281270;114281.270;0.936433;0.666676
interleaved_pod_1k_60sec_rand;0;3900;114.328662;114328.662;1.000000;0.666676
interleaved_pod_1k_60sec_rand;0;3901;114.345624;114345.624;0.940160;0.666676
interleaved_pod_1k_60sec_rand;0;3902;114.362585;114362.585;1.000000;0.666676
interleaved_pod_1k_60sec_rand;0;3903;114.405488;114405.488;1.000000;0.666676
interleaved_pod_1k_60sec_rand;0;3904;114.448390;114448.390;1.000000;0.666676
interleaved_pod_1k_60sec_rand;0;3905;114.463356;114463.356;1.000000;0.666676
interleaved_pod_1k_60sec_rand;0;3906;114.478322;114478.322;1.000000;0.666676
interleaved_pod_1k_60sec_rand;0;3907;114.491293;114491.293;1.000000;0.666676
interleaved_pod_1k_60sec_rand;0;3908;114.504762;114504.762;0.897065;0.666676
interleaved_pod_1k_60sec_rand;0;3909;114.528707;114528.707;1.000000;0.666676
interleaved_pod_1k_60sec_rand;0;3910;114.552653;114552.653;1.000000;0.666676
interleaved_pod_1k_60sec_rand;0;3911;114.569615;114569.615;1.000000;0.666676
interleaved_pod_1k_60sec_rand;0;3912;114.586576;114586.576;1.000000;0.666676
interleaved_pod_1k_60sec_rand;0;3913;114.632472;114632.472;1.000000;0.666676
interleaved_pod_1k_60sec_rand;0;3914;114.678367;114678.367;1.000000;0.666676
interleaved_pod_1k_60sec_rand;0;3915;114.728254;114728.254;0.885774;0.666676
interleaved_pod_1k_60sec_rand;0;3916;114.778639;114778.639;1.000000;0.666676
interleaved_pod_1k_60sec_rand;0;3917;114.819546;114819.546;1.000000;0.666676
interleaved_pod_1k_60sec_rand;0;3918;114.860454;114860.454;1.000000;0.666676
interleaved_pod_1k_60sec_rand;0;3919;114.909342;114909.342;1.000000;0.666676
interleaved_pod_1k_60sec_rand;0;3920;114.958730;114958.730;1.000000;0.666676
interleaved_pod_1k_60sec_rand;0;3921;114.976689;114976.689;1.000000;0.666676
interleaved_pod_1k_60sec_rand;0;3922;114.994649;114994.649;1.000000;0.666676
interleaved_pod_1k_60sec_rand;0;3923;115.004626;115004.626;1.000000;0.666676
interleaved_pod_1k_60sec_rand;0;3924;115.014603;115014.603;1.000000;0.666676
interleaved_pod_1k_60sec_rand;0;3925;115.060499;115060.499;1.000000;0.666676
interleaved_pod_1k_60sec_rand;0;3926;115.106395;115106.395;1.000000;0.666676
interleaved_pod_1k_60sec_rand;0;3927;115.135329;115135.329;1.000000;0.666676
interleaved_pod_1k_60sec_rand;0;3928;115.164762;115164.762;1.000000;0.666676
interleaved_pod_1k_60sec_rand;0;3929;115.202676;115202.676;1.000000;0.666676
interleaved_pod_1k_60sec_rand;0;3930;115.240590;115240.590;1.000000;0.666676
interleaved_pod_1k_60sec_rand;0;3931;115.256553;115256.553;1.000000;0.666676
interleaved_pod_1k_60sec_rand;0;3932;115.272517;115272.517;1.000000;0.666676
interleaved_pod_1k_60sec_rand;0;3933;115.321406;115321.406;1.000000;0.666676
interleaved_pod_1k_60sec_rand;0;3934;115.370295;115370.295;1.000000;0.666676
interleaved_pod_1k_60sec_rand;0;3935;115.413696;115413.696;1.000000;0.666676
interleaved_pod_1k_60sec_rand;0;3936;115.456599;115456.599;1.000000;0.666676
interleaved_pod_1k_60sec_rand;0;3937;115.489524;115489.524;1.000000;0.666676
interleaved_pod_1k_60sec_rand;0;3938;115.522449;115522.449;1.000000;0.666676
interleaved_pod_1k_60sec_rand;0;3939;115.551383;115551.383;1.000000;0.666676
interleaved_pod_1k_60sec_rand;0;3940;115.580317;115580.317;1.000000;0.666676
interleaved_pod_1k_60sec_rand;0;3941;115.614739;115614.739;1.000000;0.666676
interleaved_pod_1k_60sec_rand;0;3942;115.648662;115648.662;1.000000;0.666676
interleaved_pod_1k_60sec_rand;0;3943;115.685578;115685.578;1.000000;0.666676
interleaved_pod_1k_60sec_rand;0;3944;115.722494;115722.494;1.000000;0.666676
interleaved_pod_1k_60sec_rand;0;3945;115.756417;115756.417;1.000000;0.666676
interleaved_pod_1k_60sec_rand;0;3946;115.790340;115790.340;1.000000;0.666676
interleaved_pod_1k_60sec_rand;0;3947;115.827256;115827.256;0.935802;0.666676
interleaved_pod_1k_60sec_rand;0;3948;115.864671;115864.671;1.000000;0.666676
interleaved_pod_1k_60sec_rand;0;3949;115.911565;115911.565;1.000000;0.666676
interleaved_pod_1k_60sec_rand;0;3950;115.958458;115958.458;1.000000;0.666676
interleaved_pod_1k_60sec_rand;0;3951;116.003356;116003.356;1.000000;0.666676
interleaved_pod_1k_60sec_rand;0;3952;116.048753;116048.753;0.889275;0.666676
interleaved_pod_1k_60sec_rand;0;3953;116.074694;116074.694;1.000000;0.666676
interleaved_pod_1k_60sec_rand;0;3954;116.100635;116100.635;1.000000;0.666676
interleaved_pod_1k_60sec_rand;0;3955;116.134558;116134.558;1.000000;0.666676
interleaved_pod_1k_60sec_rand;0;3956;116.168481;116168.481;1.000000;0.666676
interleaved_pod_1k_60sec_rand;0;3957;116.182449;116182.449;1.000000;0.666676
interleaved_pod_1k_60sec_rand;0;3958;116.196417;116196.417;1.000000;0.666676
interleaved_pod_1k_60sec_rand;0;3959;116.211383;116211.383;1.000000;0.666676
interleaved_pod_1k_60sec_rand;0;3960;116.226349;116226.349;1.000000;0.666676
interleaved_pod_1k_60sec_rand;0;3961;116.262268;116262.268;0.954044;0.666676
interleaved_pod_1k_60sec_rand;0;3962;116.298685;116298.685;1.000000;0.666676
interleaved_pod_1k_60sec_rand;0;3963;116.320635;116320.635;1.000000;0.666676
interleaved_pod_1k_60sec_rand;0;3964;116.342585;116342.585;1.000000;0.666676
interleaved_pod_1k_60sec_rand;0;3965;116.392472;116392.472;1.000000;0.666676
interleaved_pod_1k_60sec_rand;0;3966;116.442358;116442.358;1.000000;0.666676
interleaved_pod_1k_60sec_rand;0;3967;116.470295;116470.295;1.000000;0.666676
interleaved_pod_1k_60sec_rand;0;3968;116.498730;116498.730;1.000000;0.666676
interleaved_pod_1k_60sec_rand;0;3969;116.546621;116546.621;1.000000;0.666676
interleaved_pod_1k_60sec_rand;0;3970;116.594512;116594.512;1.000000;0.666676
interleaved_pod_1k_60sec_rand;0;3971;116.610476;116610.476;1.000000;0.666676
interleaved_pod_1k_60sec_rand;0;3972;116.626440;116626.440;1.000000;0.666676
interleaved_pod_1k_60sec_rand;0;3973;116.642404;116642.404;1.000000;0.666676
interleaved_pod_1k_60sec_rand;0;3974;116.658367;116658.367;1.000000;0.666676
interleaved_pod_1k_60sec_rand;0;3975;116.687302;116687.302;1.000000;0.666676
interleaved_pod_1k_60sec_rand;0;3976;116.716735;116716.735;1.000000;0.666676
interleaved_pod_1k_60sec_rand;0;3977;116.766621;116766.621;1.000000;0.666676
interleaved_pod_1k_60sec_rand;0;3978;116.816508;116816.508;1.000000;0.666676
interleaved_pod_1k_60sec_rand;0;3979;116.853424;116853.424;1.000000;0.666676
interleaved_pod_1k_60sec_rand;0;3980;116.890340;116890.340;1.000000;0.666676
interleaved_pod_1k_60sec_rand;0;3981;116.929751;116929.751;0.975219;0.666676
interleaved_pod_1k_60sec_rand;0;3982;116.968662;116968.662;1.000000;0.666676
interleaved_pod_1k_60sec_rand;0;3983;116.985624;116985.624;1.000000;0.666676
interleaved_pod_1k_60sec_rand;0;3984;117.002585;117002.585;1.000000;0.666676
interleaved_pod_1k_60sec_rand;0;3985;117.031519;117031.519;1.000000;0.666676
interleaved_pod_1k_60sec_rand;0;3986;117.060454;117060.454;1.000000;0.666676
interleaved_pod_1k_60sec_rand;0;3987;117.104354;117104.354;1.000000;0.666676
interleaved_pod_1k_60sec_rand;0;3988;117.148753;117148.753;0.940411;0.666676
interleaved_pod_1k_60sec_rand;0;3989;117.181678;117181.678;1.000000;0.666676
interleaved_pod_1k_60sec_rand;0;3990;117.214603;117214.603;1.000000;0.666676
interleaved_pod_1k_60sec_rand;0;3991;117.253515;117253.515;1.000000;0.666676
interleaved_pod_1k_60sec_rand;0;3992;117.292426;117292.426;1.000000;0.666676
interleaved_pod_1k_60sec_rand;0;3993;117.308390;117308.390;1.000000;0.666676
interleaved_pod_1k_60sec_rand;0;3994;117.324354;117324.354;1.000000;0.666676
interleaved_pod_1k_60sec_rand;0;3995;117.360272;117360.272;0.994287;0.666676
interleaved_pod_1k_60sec_rand;0;3996;117.396689;117396.689;1.000000;0.666676
interleaved_pod_1k_60sec_rand;0;3997;117.433605;117433.605;1.000000;0.666676
interleaved_pod_1k_60sec_rand;0;3998;117.470522;117470.522;1.000000;0.666676
interleaved_pod_1k_60sec_rand;0;3999;117.518413;117518.413;1.000000;0.666676
interleaved_pod_1k_60sec_rand;0;4000;117.566304;117566.304;1.000000;0.666676
interleaved_pod_1k_60sec_rand;0;4001;117.601723;117601.723;1.000000;0.666676
interleaved_pod_1k_60sec_rand;0;4002;117.636644;117636.644;1.000000;0.666676
interleaved_pod_1k_60sec_rand;0;4003;117.649615;117649.615;1.000000;0.666676
interleaved_pod_1k_60sec_rand;0;4004;117.662585;117662.585;1.000000;0.666676
interleaved_pod_1k_60sec_rand;0;4005;117.690522;117690.522;1.000000;0.666676
interleaved_pod_1k_60sec_rand;0;4006;117.718458;117718.458;1.000000;0.666676
interleaved_pod_1k_60sec_rand;0;4007;117.747392;117747.392;1.000000;0.666676
interleaved_pod_1k_60sec_rand;0;4008;117.776327;117776.327;1.000000;0.666676
interleaved_pod_1k_60sec_rand;0;4009;117.804762;117804.762;0.988144;0.666676
interleaved_pod_1k_60sec_rand;0;4010;117.832698;117832.698;1.000000;0.666676
interleaved_pod_1k_60sec_rand;0;4011;117.863628;117863.628;1.000000;0.666676
interleaved_pod_1k_60sec_rand;0;4012;117.894558;117894.558;1.000000;0.666676
interleaved_pod_1k_60sec_rand;0;4013;117.908526;117908.526;1.000000;0.666676
interleaved_pod_1k_60sec_rand;0;4014;117.922494;117922.494;1.000000;0.666676
interleaved_pod_1k_60sec_rand;0;4015;117.938458;117938.458;1.000000;0.666676
interleaved_pod_1k_60sec_rand;0;4016;117.954422;117954.422;1.000000;0.666676
interleaved_pod_1k_60sec_rand;0;4017;117.990340;117990.340;1.000000;0.666676
interleaved_pod_1k_60sec_rand;0;4018;118.026259;118026.259;1.000000;0.666676
interleaved_pod_1k_60sec_rand;0;4019;118.041723;118041.723;1.000000;0.666676
interleaved_pod_1k_60sec_rand;0;4020;118.056689;118056.689;1.000000;0.666676
interleaved_pod_1k_60sec_rand;0;4021;118.106576;118106.576;1.000000;0.666676
interleaved_pod_1k_60sec_rand;0;4022;118.156463;118156.463;1.000000;0.666676
interleaved_pod_1k_60sec_rand;0;4023;118.182404;118182.404;1.000000;0.666676
interleaved_pod_1k_60sec_rand;0;4024;118.208345;118208.345;1.000000;0.666676
interleaved_pod_1k_60sec_rand;0;4025;118.222313;118222.313;1.000000;0.666676
interleaved_pod_1k_60sec_rand;0;4026;118.236281;118236.281;1.000000;0.666676
interleaved_pod_1k_60sec_rand;0;4027;118.258730;118258.730;1.000000;0.666676
interleaved_pod_1k_60sec_rand;0;4028;118.280680;118280.680;1.000000;0.666676
interleaved_pod_1k_60sec_rand;0;4029;118.303628;118303.628;1.000000;0.666676
interleaved_pod_1k_60sec_rand;0;4030;118.326576;118326.576;1.000000;0.666676
interleaved_pod_1k_60sec_rand;0;4031;118.367483;118367.483;1.000000;0.666676
interleaved_pod_1k_60sec_rand;0;4032;118.408390;118408.390;1.000000;0.666676
interleaved_pod_1k_60sec_rand;0;4033;118.423356;118423.356;1.000000;0.666676
interleaved_pod_1k_60sec_rand;0;4034;118.438322;118438.322;0.926929;0.666676
interleaved_pod_1k_60sec_rand;0;4035;118.462268;118462.268;0.899157;0.666676
interleaved_pod_1k_60sec_rand;0;4036;118.486712;118486.712;1.000000;0.666676
interleaved_pod_1k_60sec_rand;0;4037;118.517642;118517.642;1.000000;0.666676
interleaved_pod_1k_60sec_rand;0;4038;118.548571;118548.571;1.000000;0.666676
interleaved_pod_1k_60sec_rand;0;4039;118.582494;118582.494;1.000000;0.666676
interleaved_pod_1k_60sec_rand;0;4040;118.616417;118616.417;1.000000;0.666676
interleaved_pod_1k_60sec_rand;0;4041;118.640363;118640.363;1.000000;0.666676
interleaved_pod_1k_60sec_rand;0;4042;118.664308;118664.308;1.000000;0.666676
interleaved_pod_1k_60sec_rand;0;4043;118.692744;118692.744;1.000000;0.666676
interleaved_pod_1k_60sec_rand;0;4044;118.720680;118720.680;1.000000;0.666676
interleaved_pod_1k_60sec_rand;0;4045;118.733651;118733.651;1.000000;0.666676
interleaved_pod_1k_60sec_rand;0;4046;118.746621;118746.621;1.000000;0.666676
interleaved_pod_1k_60sec_rand;0;4047;118.791519;118791.519;1.000000;0.666676
interleaved_pod_1k_60sec_rand;0;4048;118.836417;118836.417;1.000000;0.666676
interleaved_pod_1k_60sec_rand;0;4049;118.869342;118869.342;1.000000;0.666676
interleaved_pod_1k_60sec_rand;0;4050;118.902268;118902.268;0.952811;0.666676
interleaved_pod_1k_60sec_rand;0;4051;118.926712;118926.712;1.000000;0.666676
interleaved_pod_1k_60sec_rand;0;4052;118.950658;118950.658;1.000000;0.666676
interleaved_pod_1k_60sec_rand;0;4053;118.996553;118996.553;1.000000;0.666676
interleaved_pod_1k_60sec_rand;0;4054;119.042449;119042.449;1.000000;0.666676
interleaved_pod_1k_60sec_rand;0;4055;119.085351;119085.351;1.000000;0.666676
interleaved_pod_1k_60sec_rand;0;4056;119.128753;119128.753;0.963420;0.666676
interleaved_pod_1k_60sec_rand;0;4057;119.160680;119160.680;1.000000;0.666676
interleaved_pod_1k_60sec_rand;0;4058;119.192608;119192.608;1.000000;0.666676
interleaved_pod_1k_60sec_rand;0;4059;119.226531;119226.531;1.000000;0.666676
interleaved_pod_1k_60sec_rand;0;4060;119.260454;119260.454;1.000000;0.666676
interleaved_pod_1k_60sec_rand;0;4061;119.310340;119310.340;1.000000;0.666676
interleaved_pod_1k_60sec_rand;0;4062;119.360726;119360.726;1.000000;0.666676
interleaved_pod_1k_60sec_rand;0;4063;119.384671;119384.671;1.000000;0.666676
interleaved_pod_1k_60sec_rand;0;4064;119.408617;119408.617;1.000000;0.666676
interleaved_pod_1k_60sec_rand;0;4065;119.453515;119453.515;1.000000;0.666676
interleaved_pod_1k_60sec_rand;0;4066;119.498413;119498.413;1.000000;0.666676
interleaved_pod_1k_60sec_rand;0;4067;119.523356;119523.356;1.000000;0.666676
interleaved_pod_1k_60sec_rand;0;4068;119.548299;119548.299;1.000000;0.666676
interleaved_pod_1k_60sec_rand;0;4069;119.594694;119594.694;1.000000;0.666676
interleaved_pod_1k_60sec_rand;0;4070;119.640590;119640.590;1.000000;0.666676
interleaved_pod_1k_60sec_rand;0;4071;119.651565;119651.565;1.000000;0.666676
interleaved_pod_1k_60sec_rand;0;4072;119.662540;119662.540;1.000000;0.666676
interleaved_pod_1k_60sec_rand;0;4073;119.709433;119709.433;1.000000;0.666676
interleaved_pod_1k_60sec_rand;0;4074;119.756327;119756.327;1.000000;0.666676
interleaved_pod_1k_60sec_rand;0;4075;119.772290;119772.290;0.989135;0.666676
interleaved_pod_1k_60sec_rand;0;4076;119.788254;119788.254;0.994443;0.666676
interleaved_pod_1k_60sec_rand;0;4077;119.815692;119815.692;1.000000;0.666676
interleaved_pod_1k_60sec_rand;0;4078;119.842630;119842.630;1.000000;0.666676
interleaved_pod_1k_60sec_rand;0;4079;119.854603;119854.603;1.000000;0.666676
interleaved_pod_1k_60sec_rand;0;4080;119.866576;119866.576;1.000000;0.666676
interleaved_pod_1k_60sec_rand;0;4081;119.879546;119879.546;1.000000;0.666676
interleaved_pod_1k_60sec_rand;0;4082;119.892517;119892.517;1.000000;0.666676
interleaved_pod_1k_60sec_rand;0;4083;119.906485;119906.485;1.000000;0.666676
interleaved_pod_1k_60sec_rand;0;4084;119.920454;119920.454;1.000000;0.666676
interleaved_pod_1k_60sec_rand;0;4085;119.963356;119963.356;1.000000;0.666676
interleaved_pod_1k_60sec_rand;0;4086;120.006259;120006.259;0.996282;0.666676
