change_ms,change_s,from,to,segment_index,block_ms,source_pos_ms
18,0.018,A,B,1,18,0
36,0.036,B,A,2,43,18
79,0.079,A,B,3,43,18
122,0.122,B,A,4,22,61
144,0.144,A,B,5,22,61
166,0.166,B,A,6,50,83
216,0.216,A,B,7,50,83
266,0.266,B,A,8,12,133
278,0.278,A,B,9,12,133
290,0.29,B,A,10,12,145
302,0.302,A,B,11,12,145
314,0.314,B,A,12,44,157
358,0.358,A,B,13,44,157
402,0.402,B,A,14,19,201
421,0.421,A,B,15,19,201
440,0.44,B,A,16,41,220
481,0.481,A,B,17,41,220
522,0.522,B,A,18,32,261
554,0.554,A,B,19,32,261
586,0.586,B,A,20,30,293
616,0.616,A,B,21,30,293
646,0.646,B,A,22,21,323
667,0.667,A,B,23,21,323
688,0.688,B,A,24,32,344
720,0.72,A,B,25,32,344
752,0.752,B,A,26,26,376
778,0.778,A,B,27,26,376
804,0.804,B,A,28,19,402
823,0.823,A,B,29,19,402
842,0.842,B,A,30,34,421
876,0.876,A,B,31,34,421
910,0.91,B,A,32,16,455
926,0.926,A,B,33,16,455
942,0.942,B,A,34,28,471
970,0.97,A,B,35,28,471
998,0.998,B,A,36,23,499
1021,1.021,A,B,37,23,499
1044,1.044,B,A,38,45,522
1089,1.089,A,B,39,45,522
1134,1.134,B,A,40,33,567
1167,1.167,A,B,41,33,567
1200,1.2,B,A,42,37,600
1237,1.237,A,B,43,37,600
1274,1.274,B,A,44,22,637
1296,1.296,A,B,45,22,637
1318,1.318,B,A,46,37,659
1355,1.355,A,B,47,37,659
1392,1.392,B,A,48,44,696
1436,1.436,A,B,49,44,696
1480,1.48,B,A,50,22,740
1502,1.502,A,B,51,22,740
1524,1.524,B,A,52,14,762
1538,1.538,A,B,53,14,762
1552,1.552,B,A,54,14,776
1566,1.566,A,B,55,14,776
1580,1.58,B,A,56,38,790
1618,1.618,A,B,57,38,790
1656,1.656,B,A,58,35,828
1691,1.691,A,B,59,35,828
1726,1.726,B,A,60,43,863
1769,1.769,A,B,61,43,863
1812,1.812,B,A,62,16,906
1828,1.828,A,B,63,16,906
1844,1.844,B,A,64,42,922
1886,1.886,A,B,65,42,922
1928,1.928,B,A,66,22,964
1950,1.95,A,B,67,22,964
1972,1.972,B,A,68,31,986
2003,2.003,A,B,69,31,986
2034,2.034,B,A,70,38,1017
2072,2.072,A,B,71,38,1017
2110,2.11,B,A,72,39,1055
2149,2.149,A,B,73,39,1055
2188,2.188,B,A,74,30,1094
2218,2.218,A,B,75,30,1094
2248,2.248,B,A,76,26,1124
2274,2.274,A,B,77,26,1124
2300,2.3,B,A,78,18,1150
2318,2.318,A,B,79,18,1150
2336,2.336,B,A,80,29,1168
2365,2.365,A,B,81,29,1168
2394,2.394,B,A,82,32,1197
2426,2.426,A,B,83,32,1197
2458,2.458,B,A,84,34,1229
2492,2.492,A,B,85,34,1229
2526,2.526,B,A,86,45,1263
2571,2.571,A,B,87,45,1263
2616,2.616,B,A,88,38,1308
2654,2.654,A,B,89,38,1308
2692,2.692,B,A,90,15,1346
2707,2.707,A,B,91,15,1346
2722,2.722,B,A,92,36,1361
2758,2.758,A,B,93,36,1361
2794,2.794,B,A,94,39,1397
2833,2.833,A,B,95,39,1397
2872,2.872,B,A,96,13,1436
2885,2.885,A,B,97,13,1436
2898,2.898,B,A,98,21,1449
2919,2.919,A,B,99,21,1449
2940,2.94,B,A,100,50,1470
2990,2.99,A,B,101,50,1470
3040,3.04,B,A,102,11,1520
3051,3.051,A,B,103,11,1520
3062,3.062,B,A,104,29,1531
3091,3.091,A,B,105,29,1531
3120,3.12,B,A,106,21,1560
3141,3.141,A,B,107,21,1560
3162,3.162,B,A,108,26,1581
3188,3.188,A,B,109,26,1581
3214,3.214,B,A,110,29,1607
3243,3.243,A,B,111,29,1607
3272,3.272,B,A,112,17,1636
3289,3.289,A,B,113,17,1636
3306,3.306,B,A,114,32,1653
3338,3.338,A,B,115,32,1653
3370,3.37,B,A,116,23,1685
3393,3.393,A,B,117,23,1685
3416,3.416,B,A,118,30,1708
3446,3.446,A,B,119,30,1708
3476,3.476,B,A,120,11,1738
3487,3.487,A,B,121,11,1738
3498,3.498,B,A,122,15,1749
3513,3.513,A,B,123,15,1749
3528,3.528,B,A,124,18,1764
3546,3.546,A,B,125,18,1764
3564,3.564,B,A,126,47,1782
3611,3.611,A,B,127,47,1782
3658,3.658,B,A,128,34,1829
3692,3.692,A,B,129,34,1829
3726,3.726,B,A,130,28,1863
3754,3.754,A,B,131,28,1863
3782,3.782,B,A,132,46,1891
3828,3.828,A,B,133,46,1891
3874,3.874,B,A,134,21,1937
3895,3.895,A,B,135,21,1937
3916,3.916,B,A,136,25,1958
3941,3.941,A,B,137,25,1958
3966,3.966,B,A,138,40,1983
4006,4.006,A,B,139,40,1983
4046,4.046,B,A,140,19,2023
4065,4.065,A,B,141,19,2023
4084,4.084,B,A,142,50,2042
4134,4.134,A,B,143,50,2042
4184,4.184,B,A,144,44,2092
4228,4.228,A,B,145,44,2092
4272,4.272,B,A,146,37,2136
4309,4.309,A,B,147,37,2136
4346,4.346,B,A,148,45,2173
4391,4.391,A,B,149,45,2173
4436,4.436,B,A,150,40,2218
4476,4.476,A,B,151,40,2218
4516,4.516,B,A,152,39,2258
4555,4.555,A,B,153,39,2258
4594,4.594,B,A,154,19,2297
4613,4.613,A,B,155,19,2297
4632,4.632,B,A,156,40,2316
4672,4.672,A,B,157,40,2316
4712,4.712,B,A,158,49,2356
4761,4.761,A,B,159,49,2356
4810,4.81,B,A,160,18,2405
4828,4.828,A,B,161,18,2405
4846,4.846,B,A,162,29,2423
4875,4.875,A,B,163,29,2423
4904,4.904,B,A,164,12,2452
4916,4.916,A,B,165,12,2452
4928,4.928,B,A,166,27,2464
4955,4.955,A,B,167,27,2464
4982,4.982,B,A,168,13,2491
4995,4.995,A,B,169,13,2491
5008,5.008,B,A,170,37,2504
5045,5.045,A,B,171,37,2504
5082,5.082,B,A,172,42,2541
5124,5.124,A,B,173,42,2541
5166,5.166,B,A,174,11,2583
5177,5.177,A,B,175,11,2583
5188,5.188,B,A,176,24,2594
5212,5.212,A,B,177,24,2594
5236,5.236,B,A,178,36,2618
5272,5.272,A,B,179,36,2618
5308,5.308,B,A,180,42,2654
5350,5.35,A,B,181,42,2654
5392,5.392,B,A,182,11,2696
5403,5.403,A,B,183,11,2696
5414,5.414,B,A,184,26,2707
5440,5.44,A,B,185,26,2707
5466,5.466,B,A,186,34,2733
5500,5.5,A,B,187,34,2733
5534,5.534,B,A,188,49,2767
5583,5.583,A,B,189,49,2767
5632,5.632,B,A,190,49,2816
5681,5.681,A,B,191,49,2816
5730,5.73,B,A,192,17,2865
5747,5.747,A,B,193,17,2865
5764,5.764,B,A,194,35,2882
5799,5.799,A,B,195,35,2882
5834,5.834,B,A,196,31,2917
5865,5.865,A,B,197,31,2917
5896,5.896,B,A,198,44,2948
5940,5.94,A,B,199,44,2948
5984,5.984,B,A,200,25,2992
6009,6.009,A,B,201,25,2992
6034,6.034,B,A,202,39,3017
6073,6.073,A,B,203,39,3017
6112,6.112,B,A,204,45,3056
6157,6.157,A,B,205,45,3056
6202,6.202,B,A,206,16,3101
6218,6.218,A,B,207,16,3101
6234,6.234,B,A,208,31,3117
6265,6.265,A,B,209,31,3117
6296,6.296,B,A,210,18,3148
6314,6.314,A,B,211,18,3148
6332,6.332,B,A,212,45,3166
6377,6.377,A,B,213,45,3166
6422,6.422,B,A,214,19,3211
6441,6.441,A,B,215,19,3211
6460,6.46,B,A,216,27,3230
6487,6.487,A,B,217,27,3230
6514,6.514,B,A,218,13,3257
6527,6.527,A,B,219,13,3257
6540,6.54,B,A,220,22,3270
6562,6.562,A,B,221,22,3270
6584,6.584,B,A,222,13,3292
6597,6.597,A,B,223,13,3292
6610,6.61,B,A,224,21,3305
6631,6.631,A,B,225,21,3305
6652,6.652,B,A,226,38,3326
6690,6.69,A,B,227,38,3326
6728,6.728,B,A,228,35,3364
6763,6.763,A,B,229,35,3364
6798,6.798,B,A,230,23,3399
6821,6.821,A,B,231,23,3399
6844,6.844,B,A,232,37,3422
6881,6.881,A,B,233,37,3422
6918,6.918,B,A,234,15,3459
6933,6.933,A,B,235,15,3459
6948,6.948,B,A,236,21,3474
6969,6.969,A,B,237,21,3474
6990,6.99,B,A,238,34,3495
7024,7.024,A,B,239,34,3495
7058,7.058,B,A,240,50,3529
7108,7.108,A,B,241,50,3529
7158,7.158,B,A,242,32,3579
7190,7.19,A,B,243,32,3579
7222,7.222,B,A,244,15,3611
7237,7.237,A,B,245,15,3611
7252,7.252,B,A,246,17,3626
7269,7.269,A,B,247,17,3626
7286,7.286,B,A,248,46,3643
7332,7.332,A,B,249,46,3643
7378,7.378,B,A,250,48,3689
7426,7.426,A,B,251,48,3689
7474,7.474,B,A,252,50,3737
7524,7.524,A,B,253,50,3737
7574,7.574,B,A,254,10,3787
7584,7.584,A,B,255,10,3787
7594,7.594,B,A,256,20,3797
7614,7.614,A,B,257,20,3797
7634,7.634,B,A,258,25,3817
7659,7.659,A,B,259,25,3817
7684,7.684,B,A,260,13,3842
7697,7.697,A,B,261,13,3842
7710,7.71,B,A,262,12,3855
7722,7.722,A,B,263,12,3855
7734,7.734,B,A,264,19,3867
7753,7.753,A,B,265,19,3867
7772,7.772,B,A,266,29,3886
7801,7.801,A,B,267,29,3886
7830,7.83,B,A,268,30,3915
7860,7.86,A,B,269,30,3915
7890,7.89,B,A,270,34,3945
7924,7.924,A,B,271,34,3945
7958,7.958,B,A,272,36,3979
7994,7.994,A,B,273,36,3979
8030,8.03,B,A,274,13,4015
8043,8.043,A,B,275,13,4015
8056,8.056,B,A,276,34,4028
8090,8.09,A,B,277,34,4028
8124,8.124,B,A,278,14,4062
8138,8.138,A,B,279,14,4062
8152,8.152,B,A,280,10,4076
8162,8.162,A,B,281,10,4076
8172,8.172,B,A,282,48,4086
8220,8.22,A,B,283,48,4086
8268,8.268,B,A,284,48,4134
8316,8.316,A,B,285,48,4134
8364,8.364,B,A,286,30,4182
8394,8.394,A,B,287,30,4182
8424,8.424,B,A,288,18,4212
8442,8.442,A,B,289,18,4212
8460,8.46,B,A,290,47,4230
8507,8.507,A,B,291,47,4230
8554,8.554,B,A,292,13,4277
8567,8.567,A,B,293,13,4277
8580,8.58,B,A,294,50,4290
8630,8.63,A,B,295,50,4290
8680,8.68,B,A,296,17,4340
8697,8.697,A,B,297,17,4340
8714,8.714,B,A,298,27,4357
8741,8.741,A,B,299,27,4357
8768,8.768,B,A,300,19,4384
8787,8.787,A,B,301,19,4384
8806,8.806,B,A,302,20,4403
8826,8.826,A,B,303,20,4403
8846,8.846,B,A,304,37,4423
8883,8.883,A,B,305,37,4423
8920,8.92,B,A,306,47,4460
8967,8.967,A,B,307,47,4460
9014,9.014,B,A,308,34,4507
9048,9.048,A,B,309,34,4507
9082,9.082,B,A,310,10,4541
9092,9.092,A,B,311,10,4541
9102,9.102,B,A,312,24,4551
9126,9.126,A,B,313,24,4551
9150,9.15,B,A,314,36,4575
9186,9.186,A,B,315,36,4575
9222,9.222,B,A,316,19,4611
9241,9.241,A,B,317,19,4611
9260,9.26,B,A,318,39,4630
9299,9.299,A,B,319,39,4630
9338,9.338,B,A,320,40,4669
9378,9.378,A,B,321,40,4669
9418,9.418,B,A,322,41,4709
9459,9.459,A,B,323,41,4709
9500,9.5,B,A,324,19,4750
9519,9.519,A,B,325,19,4750
9538,9.538,B,A,326,29,4769
9567,9.567,A,B,327,29,4769
9596,9.596,B,A,328,42,4798
9638,9.638,A,B,329,42,4798
9680,9.68,B,A,330,31,4840
9711,9.711,A,B,331,31,4840
9742,9.742,B,A,332,27,4871
9769,9.769,A,B,333,27,4871
9796,9.796,B,A,334,49,4898
9845,9.845,A,B,335,49,4898
9894,9.894,B,A,336,43,4947
9937,9.937,A,B,337,43,4947
9980,9.98,B,A,338,25,4990
10005,10.005,A,B,339,25,4990
10030,10.03,B,A,340,15,5015
10045,10.045,A,B,341,15,5015
10060,10.06,B,A,342,34,5030
10094,10.094,A,B,343,34,5030
10128,10.128,B,A,344,34,5064
10162,10.162,A,B,345,34,5064
10196,10.196,B,A,346,32,5098
10228,10.228,A,B,347,32,5098
10260,10.26,B,A,348,43,5130
10303,10.303,A,B,349,43,5130
10346,10.346,B,A,350,14,5173
10360,10.36,A,B,351,14,5173
10374,10.374,B,A,352,40,5187
10414,10.414,A,B,353,40,5187
10454,10.454,B,A,354,10,5227
10464,10.464,A,B,355,10,5227
10474,10.474,B,A,356,24,5237
10498,10.498,A,B,357,24,5237
10522,10.522,B,A,358,19,5261
10541,10.541,A,B,359,19,5261
10560,10.56,B,A,360,29,5280
10589,10.589,A,B,361,29,5280
10618,10.618,B,A,362,14,5309
10632,10.632,A,B,363,14,5309
10646,10.646,B,A,364,33,5323
10679,10.679,A,B,365,33,5323
10712,10.712,B,A,366,10,5356
10722,10.722,A,B,367,10,5356
10732,10.732,B,A,368,32,5366
10764,10.764,A,B,369,32,5366
10796,10.796,B,A,370,27,5398
10823,10.823,A,B,371,27,5398
10850,10.85,B,A,372,38,5425
10888,10.888,A,B,373,38,5425
10926,10.926,B,A,374,34,5463
10960,10.96,A,B,375,34,5463
10994,10.994,B,A,376,39,5497
11033,11.033,A,B,377,39,5497
11072,11.072,B,A,378,47,5536
11119,11.119,A,B,379,47,5536
11166,11.166,B,A,380,21,5583
11187,11.187,A,B,381,21,5583
11208,11.208,B,A,382,15,5604
11223,11.223,A,B,383,15,5604
11238,11.238,B,A,384,33,5619
11271,11.271,A,B,385,33,5619
11304,11.304,B,A,386,20,5652
11324,11.324,A,B,387,20,5652
11344,11.344,B,A,388,45,5672
11389,11.389,A,B,389,45,5672
11434,11.434,B,A,390,50,5717
11484,11.484,A,B,391,50,5717
11534,11.534,B,A,392,16,5767
11550,11.55,A,B,393,16,5767
11566,11.566,B,A,394,10,5783
11576,11.576,A,B,395,10,5783
11586,11.586,B,A,396,50,5793
11636,11.636,A,B,397,50,5793
11686,11.686,B,A,398,27,5843
11713,11.713,A,B,399,27,5843
11740,11.74,B,A,400,44,5870
11784,11.784,A,B,401,44,5870
11828,11.828,B,A,402,36,5914
11864,11.864,A,B,403,36,5914
11900,11.9,B,A,404,24,5950
11924,11.924,A,B,405,24,5950
11948,11.948,B,A,406,12,5974
11960,11.96,A,B,407,12,5974
11972,11.972,B,A,408,34,5986
12006,12.006,A,B,409,34,5986
12040,12.04,B,A,410,15,6020
12055,12.055,A,B,411,15,6020
12070,12.07,B,A,412,30,6035
12100,12.1,A,B,413,30,6035
12130,12.13,B,A,414,13,6065
12143,12.143,A,B,415,13,6065
12156,12.156,B,A,416,39,6078
12195,12.195,A,B,417,39,6078
12234,12.234,B,A,418,10,6117
12244,12.244,A,B,419,10,6117
12254,12.254,B,A,420,28,6127
12282,12.282,A,B,421,28,6127
12310,12.31,B,A,422,46,6155
12356,12.356,A,B,423,46,6155
12402,12.402,B,A,424,40,6201
12442,12.442,A,B,425,40,6201
12482,12.482,B,A,426,32,6241
12514,12.514,A,B,427,32,6241
12546,12.546,B,A,428,44,6273
12590,12.59,A,B,429,44,6273
12634,12.634,B,A,430,34,6317
12668,12.668,A,B,431,34,6317
12702,12.702,B,A,432,17,6351
12719,12.719,A,B,433,17,6351
12736,12.736,B,A,434,39,6368
12775,12.775,A,B,435,39,6368
12814,12.814,B,A,436,47,6407
12861,12.861,A,B,437,47,6407
12908,12.908,B,A,438,33,6454
12941,12.941,A,B,439,33,6454
12974,12.974,B,A,440,16,6487
12990,12.99,A,B,441,16,6487
13006,13.006,B,A,442,45,6503
13051,13.051,A,B,443,45,6503
13096,13.096,B,A,444,43,6548
13139,13.139,A,B,445,43,6548
13182,13.182,B,A,446,49,6591
13231,13.231,A,B,447,49,6591
13280,13.28,B,A,448,31,6640
13311,13.311,A,B,449,31,6640
13342,13.342,B,A,450,24,6671
13366,13.366,A,B,451,24,6671
13390,13.39,B,A,452,49,6695
13439,13.439,A,B,453,49,6695
13488,13.488,B,A,454,41,6744
13529,13.529,A,B,455,41,6744
13570,13.57,B,A,456,21,6785
13591,13.591,A,B,457,21,6785
13612,13.612,B,A,458,49,6806
13661,13.661,A,B,459,49,6806
13710,13.71,B,A,460,20,6855
13730,13.73,A,B,461,20,6855
13750,13.75,B,A,462,18,6875
13768,13.768,A,B,463,18,6875
13786,13.786,B,A,464,36,6893
13822,13.822,A,B,465,36,6893
13858,13.858,B,A,466,18,6929
13876,13.876,A,B,467,18,6929
13894,13.894,B,A,468,10,6947
13904,13.904,A,B,469,10,6947
13914,13.914,B,A,470,34,6957
13948,13.948,A,B,471,34,6957
13982,13.982,B,A,472,27,6991
14009,14.009,A,B,473,27,6991
14036,14.036,B,A,474,30,7018
14066,14.066,A,B,475,30,7018
14096,14.096,B,A,476,44,7048
14140,14.14,A,B,477,44,7048
14184,14.184,B,A,478,18,7092
14202,14.202,A,B,479,18,7092
14220,14.22,B,A,480,10,7110
14230,14.23,A,B,481,10,7110
14240,14.24,B,A,482,16,7120
14256,14.256,A,B,483,16,7120
14272,14.272,B,A,484,29,7136
14301,14.301,A,B,485,29,7136
14330,14.33,B,A,486,10,7165
14340,14.34,A,B,487,10,7165
14350,14.35,B,A,488,48,7175
14398,14.398,A,B,489,48,7175
14446,14.446,B,A,490,22,7223
14468,14.468,A,B,491,22,7223
14490,14.49,B,A,492,38,7245
14528,14.528,A,B,493,38,7245
14566,14.566,B,A,494,19,7283
14585,14.585,A,B,495,19,7283
14604,14.604,B,A,496,19,7302
14623,14.623,A,B,497,19,7302
14642,14.642,B,A,498,42,7321
14684,14.684,A,B,499,42,7321
14726,14.726,B,A,500,38,7363
14764,14.764,A,B,501,38,7363
14802,14.802,B,A,502,46,7401
14848,14.848,A,B,503,46,7401
14894,14.894,B,A,504,17,7447
14911,14.911,A,B,505,17,7447
14928,14.928,B,A,506,36,7464
14964,14.964,A,B,507,36,7464
15000,15.0,B,A,508,37,7500
15037,15.037,A,B,509,37,7500
15074,15.074,B,A,510,33,7537
15107,15.107,A,B,511,33,7537
15140,15.14,B,A,512,36,7570
15176,15.176,A,B,513,36,7570
15212,15.212,B,A,514,30,7606
15242,15.242,A,B,515,30,7606
15272,15.272,B,A,516,47,7636
15319,15.319,A,B,517,47,7636
15366,15.366,B,A,518,28,7683
15394,15.394,A,B,519,28,7683
15422,15.422,B,A,520,17,7711
15439,15.439,A,B,521,17,7711
15456,15.456,B,A,522,29,7728
15485,15.485,A,B,523,29,7728
15514,15.514,B,A,524,29,7757
15543,15.543,A,B,525,29,7757
15572,15.572,B,A,526,34,7786
15606,15.606,A,B,527,34,7786
15640,15.64,B,A,528,25,7820
15665,15.665,A,B,529,25,7820
15690,15.69,B,A,530,11,7845
15701,15.701,A,B,531,11,7845
15712,15.712,B,A,532,32,7856
15744,15.744,A,B,533,32,7856
15776,15.776,B,A,534,42,7888
15818,15.818,A,B,535,42,7888
15860,15.86,B,A,536,14,7930
15874,15.874,A,B,537,14,7930
15888,15.888,B,A,538,18,7944
15906,15.906,A,B,539,18,7944
15924,15.924,B,A,540,32,7962
15956,15.956,A,B,541,32,7962
15988,15.988,B,A,542,43,7994
16031,16.031,A,B,543,43,7994
16074,16.074,B,A,544,18,8037
16092,16.092,A,B,545,18,8037
16110,16.11,B,A,546,50,8055
16160,16.16,A,B,547,50,8055
16210,16.21,B,A,548,50,8105
16260,16.26,A,B,549,50,8105
16310,16.31,B,A,550,43,8155
16353,16.353,A,B,551,43,8155
16396,16.396,B,A,552,18,8198
16414,16.414,A,B,553,18,8198
16432,16.432,B,A,554,31,8216
16463,16.463,A,B,555,31,8216
16494,16.494,B,A,556,48,8247
16542,16.542,A,B,557,48,8247
16590,16.59,B,A,558,49,8295
16639,16.639,A,B,559,49,8295
16688,16.688,B,A,560,24,8344
16712,16.712,A,B,561,24,8344
16736,16.736,B,A,562,44,8368
16780,16.78,A,B,563,44,8368
16824,16.824,B,A,564,26,8412
16850,16.85,A,B,565,26,8412
16876,16.876,B,A,566,30,8438
16906,16.906,A,B,567,30,8438
16936,16.936,B,A,568,22,8468
16958,16.958,A,B,569,22,8468
16980,16.98,B,A,570,33,8490
17013,17.013,A,B,571,33,8490
17046,17.046,B,A,572,17,8523
17063,17.063,A,B,573,17,8523
17080,17.08,B,A,574,24,8540
17104,17.104,A,B,575,24,8540
17128,17.128,B,A,576,47,8564
17175,17.175,A,B,577,47,8564
17222,17.222,B,A,578,28,8611
17250,17.25,A,B,579,28,8611
17278,17.278,B,A,580,26,8639
17304,17.304,A,B,581,26,8639
17330,17.33,B,A,582,18,8665
17348,17.348,A,B,583,18,8665
17366,17.366,B,A,584,23,8683
17389,17.389,A,B,585,23,8683
17412,17.412,B,A,586,32,8706
17444,17.444,A,B,587,32,8706
17476,17.476,B,A,588,34,8738
17510,17.51,A,B,589,34,8738
17544,17.544,B,A,590,28,8772
17572,17.572,A,B,591,28,8772
17600,17.6,B,A,592,32,8800
17632,17.632,A,B,593,32,8800
17664,17.664,B,A,594,13,8832
17677,17.677,A,B,595,13,8832
17690,17.69,B,A,596,30,8845
17720,17.72,A,B,597,30,8845
17750,17.75,B,A,598,48,8875
17798,17.798,A,B,599,48,8875
17846,17.846,B,A,600,38,8923
17884,17.884,A,B,601,38,8923
17922,17.922,B,A,602,24,8961
17946,17.946,A,B,603,24,8961
17970,17.97,B,A,604,11,8985
17981,17.981,A,B,605,11,8985
17992,17.992,B,A,606,30,8996
18022,18.022,A,B,607,30,8996
18052,18.052,B,A,608,15,9026
18067,18.067,A,B,609,15,9026
18082,18.082,B,A,610,17,9041
18099,18.099,A,B,611,17,9041
18116,18.116,B,A,612,30,9058
18146,18.146,A,B,613,30,9058
18176,18.176,B,A,614,24,9088
18200,18.2,A,B,615,24,9088
18224,18.224,B,A,616,49,9112
18273,18.273,A,B,617,49,9112
18322,18.322,B,A,618,18,9161
18340,18.34,A,B,619,18,9161
18358,18.358,B,A,620,28,9179
18386,18.386,A,B,621,28,9179
18414,18.414,B,A,622,50,9207
18464,18.464,A,B,623,50,9207
18514,18.514,B,A,624,33,9257
18547,18.547,A,B,625,33,9257
18580,18.58,B,A,626,20,9290
18600,18.6,A,B,627,20,9290
18620,18.62,B,A,628,32,9310
18652,18.652,A,B,629,32,9310
18684,18.684,B,A,630,36,9342
18720,18.72,A,B,631,36,9342
18756,18.756,B,A,632,42,9378
18798,18.798,A,B,633,42,9378
18840,18.84,B,A,634,25,9420
18865,18.865,A,B,635,25,9420
18890,18.89,B,A,636,13,9445
18903,18.903,A,B,637,13,9445
18916,18.916,B,A,638,41,9458
18957,18.957,A,B,639,41,9458
18998,18.998,B,A,640,12,9499
19010,19.01,A,B,641,12,9499
19022,19.022,B,A,642,15,9511
19037,19.037,A,B,643,15,9511
19052,19.052,B,A,644,28,9526
19080,19.08,A,B,645,28,9526
19108,19.108,B,A,646,22,9554
19130,19.13,A,B,647,22,9554
19152,19.152,B,A,648,16,9576
19168,19.168,A,B,649,16,9576
19184,19.184,B,A,650,25,9592
19209,19.209,A,B,651,25,9592
19234,19.234,B,A,652,49,9617
19283,19.283,A,B,653,49,9617
19332,19.332,B,A,654,22,9666
19354,19.354,A,B,655,22,9666
19376,19.376,B,A,656,50,9688
19426,19.426,A,B,657,50,9688
19476,19.476,B,A,658,25,9738
19501,19.501,A,B,659,25,9738
19526,19.526,B,A,660,14,9763
19540,19.54,A,B,661,14,9763
19554,19.554,B,A,662,13,9777
19567,19.567,A,B,663,13,9777
19580,19.58,B,A,664,11,9790
19591,19.591,A,B,665,11,9790
19602,19.602,B,A,666,46,9801
19648,19.648,A,B,667,46,9801
19694,19.694,B,A,668,46,9847
19740,19.74,A,B,669,46,9847
19786,19.786,B,A,670,25,9893
19811,19.811,A,B,671,25,9893
19836,19.836,B,A,672,16,9918
19852,19.852,A,B,673,16,9918
19868,19.868,B,A,674,19,9934
19887,19.887,A,B,675,19,9934
19906,19.906,B,A,676,12,9953
19918,19.918,A,B,677,12,9953
19930,19.93,B,A,678,29,9965
19959,19.959,A,B,679,29,9965
19988,19.988,B,A,680,30,9994
20018,20.018,A,B,681,30,9994
20048,20.048,B,A,682,37,10024
20085,20.085,A,B,683,37,10024
20122,20.122,B,A,684,35,10061
20157,20.157,A,B,685,35,10061
20192,20.192,B,A,686,11,10096
20203,20.203,A,B,687,11,10096
20214,20.214,B,A,688,15,10107
20229,20.229,A,B,689,15,10107
20244,20.244,B,A,690,48,10122
20292,20.292,A,B,691,48,10122
20340,20.34,B,A,692,12,10170
20352,20.352,A,B,693,12,10170
20364,20.364,B,A,694,28,10182
20392,20.392,A,B,695,28,10182
20420,20.42,B,A,696,15,10210
20435,20.435,A,B,697,15,10210
20450,20.45,B,A,698,14,10225
20464,20.464,A,B,699,14,10225
20478,20.478,B,A,700,23,10239
20501,20.501,A,B,701,23,10239
20524,20.524,B,A,702,34,10262
20558,20.558,A,B,703,34,10262
20592,20.592,B,A,704,20,10296
20612,20.612,A,B,705,20,10296
20632,20.632,B,A,706,50,10316
20682,20.682,A,B,707,50,10316
20732,20.732,B,A,708,28,10366
20760,20.76,A,B,709,28,10366
20788,20.788,B,A,710,27,10394
20815,20.815,A,B,711,27,10394
20842,20.842,B,A,712,15,10421
20857,20.857,A,B,713,15,10421
20872,20.872,B,A,714,21,10436
20893,20.893,A,B,715,21,10436
20914,20.914,B,A,716,29,10457
20943,20.943,A,B,717,29,10457
20972,20.972,B,A,718,37,10486
21009,21.009,A,B,719,37,10486
21046,21.046,B,A,720,25,10523
21071,21.071,A,B,721,25,10523
21096,21.096,B,A,722,46,10548
21142,21.142,A,B,723,46,10548
21188,21.188,B,A,724,26,10594
21214,21.214,A,B,725,26,10594
21240,21.24,B,A,726,17,10620
21257,21.257,A,B,727,17,10620
21274,21.274,B,A,728,50,10637
21324,21.324,A,B,729,50,10637
21374,21.374,B,A,730,50,10687
21424,21.424,A,B,731,50,10687
21474,21.474,B,A,732,21,10737
21495,21.495,A,B,733,21,10737
21516,21.516,B,A,734,23,10758
21539,21.539,A,B,735,23,10758
21562,21.562,B,A,736,39,10781
21601,21.601,A,B,737,39,10781
21640,21.64,B,A,738,13,10820
21653,21.653,A,B,739,13,10820
21666,21.666,B,A,740,29,10833
21695,21.695,A,B,741,29,10833
21724,21.724,B,A,742,35,10862
21759,21.759,A,B,743,35,10862
21794,21.794,B,A,744,12,10897
21806,21.806,A,B,745,12,10897
21818,21.818,B,A,746,32,10909
21850,21.85,A,B,747,32,10909
21882,21.882,B,A,748,42,10941
21924,21.924,A,B,749,42,10941
21966,21.966,B,A,750,30,10983
21996,21.996,A,B,751,30,10983
22026,22.026,B,A,752,16,11013
22042,22.042,A,B,753,16,11013
22058,22.058,B,A,754,38,11029
22096,22.096,A,B,755,38,11029
22134,22.134,B,A,756,40,11067
22174,22.174,A,B,757,40,11067
22214,22.214,B,A,758,16,11107
22230,22.23,A,B,759,16,11107
22246,22.246,B,A,760,21,11123
22267,22.267,A,B,761,21,11123
22288,22.288,B,A,762,48,11144
22336,22.336,A,B,763,48,11144
22384,22.384,B,A,764,10,11192
22394,22.394,A,B,765,10,11192
22404,22.404,B,A,766,31,11202
22435,22.435,A,B,767,31,11202
22466,22.466,B,A,768,22,11233
22488,22.488,A,B,769,22,11233
22510,22.51,B,A,770,32,11255
22542,22.542,A,B,771,32,11255
22574,22.574,B,A,772,15,11287
22589,22.589,A,B,773,15,11287
22604,22.604,B,A,774,35,11302
22639,22.639,A,B,775,35,11302
22674,22.674,B,A,776,22,11337
22696,22.696,A,B,777,22,11337
22718,22.718,B,A,778,33,11359
22751,22.751,A,B,779,33,11359
22784,22.784,B,A,780,45,11392
22829,22.829,A,B,781,45,11392
22874,22.874,B,A,782,23,11437
22897,22.897,A,B,783,23,11437
22920,22.92,B,A,784,44,11460
22964,22.964,A,B,785,44,11460
23008,23.008,B,A,786,40,11504
23048,23.048,A,B,787,40,11504
23088,23.088,B,A,788,50,11544
23138,23.138,A,B,789,50,11544
23188,23.188,B,A,790,46,11594
23234,23.234,A,B,791,46,11594
23280,23.28,B,A,792,44,11640
23324,23.324,A,B,793,44,11640
23368,23.368,B,A,794,15,11684
23383,23.383,A,B,795,15,11684
23398,23.398,B,A,796,50,11699
23448,23.448,A,B,797,50,11699
23498,23.498,B,A,798,27,11749
23525,23.525,A,B,799,27,11749
23552,23.552,B,A,800,13,11776
23565,23.565,A,B,801,13,11776
23578,23.578,B,A,802,21,11789
23599,23.599,A,B,803,21,11789
23620,23.62,B,A,804,16,11810
23636,23.636,A,B,805,16,11810
23652,23.652,B,A,806,16,11826
23668,23.668,A,B,807,16,11826
23684,23.684,B,A,808,31,11842
23715,23.715,A,B,809,31,11842
23746,23.746,B,A,810,23,11873
23769,23.769,A,B,811,23,11873
23792,23.792,B,A,812,20,11896
23812,23.812,A,B,813,20,11896
23832,23.832,B,A,814,23,11916
23855,23.855,A,B,815,23,11916
23878,23.878,B,A,816,37,11939
23915,23.915,A,B,817,37,11939
23952,23.952,B,A,818,12,11976
23964,23.964,A,B,819,12,11976
23976,23.976,B,A,820,36,11988
24012,24.012,A,B,821,36,11988
24048,24.048,B,A,822,10,12024
24058,24.058,A,B,823,10,12024
24068,24.068,B,A,824,41,12034
24109,24.109,A,B,825,41,12034
24150,24.15,B,A,826,47,12075
24197,24.197,A,B,827,47,12075
24244,24.244,B,A,828,37,12122
24281,24.281,A,B,829,37,12122
24318,24.318,B,A,830,48,12159
24366,24.366,A,B,831,48,12159
24414,24.414,B,A,832,42,12207
24456,24.456,A,B,833,42,12207
24498,24.498,B,A,834,13,12249
24511,24.511,A,B,835,13,12249
24524,24.524,B,A,836,32,12262
24556,24.556,A,B,837,32,12262
24588,24.588,B,A,838,38,12294
24626,24.626,A,B,839,38,12294
24664,24.664,B,A,840,44,12332
24708,24.708,A,B,841,44,12332
24752,24.752,B,A,842,17,12376
24769,24.769,A,B,843,17,12376
24786,24.786,B,A,844,16,12393
24802,24.802,A,B,845,16,12393
24818,24.818,B,A,846,19,12409
24837,24.837,A,B,847,19,12409
24856,24.856,B,A,848,36,12428
24892,24.892,A,B,849,36,12428
24928,24.928,B,A,850,27,12464
24955,24.955,A,B,851,27,12464
24982,24.982,B,A,852,14,12491
24996,24.996,A,B,853,14,12491
25010,25.01,B,A,854,41,12505
25051,25.051,A,B,855,41,12505
25092,25.092,B,A,856,28,12546
25120,25.12,A,B,857,28,12546
25148,25.148,B,A,858,29,12574
25177,25.177,A,B,859,29,12574
25206,25.206,B,A,860,41,12603
25247,25.247,A,B,861,41,12603
25288,25.288,B,A,862,35,12644
25323,25.323,A,B,863,35,12644
25358,25.358,B,A,864,10,12679
25368,25.368,A,B,865,10,12679
25378,25.378,B,A,866,47,12689
25425,25.425,A,B,867,47,12689
25472,25.472,B,A,868,25,12736
25497,25.497,A,B,869,25,12736
25522,25.522,B,A,870,31,12761
25553,25.553,A,B,871,31,12761
25584,25.584,B,A,872,42,12792
25626,25.626,A,B,873,42,12792
25668,25.668,B,A,874,45,12834
25713,25.713,A,B,875,45,12834
25758,25.758,B,A,876,18,12879
25776,25.776,A,B,877,18,12879
25794,25.794,B,A,878,43,12897
25837,25.837,A,B,879,43,12897
25880,25.88,B,A,880,18,12940
25898,25.898,A,B,881,18,12940
25916,25.916,B,A,882,13,12958
25929,25.929,A,B,883,13,12958
25942,25.942,B,A,884,41,12971
25983,25.983,A,B,885,41,12971
26024,26.024,B,A,886,26,13012
26050,26.05,A,B,887,26,13012
26076,26.076,B,A,888,14,13038
26090,26.09,A,B,889,14,13038
26104,26.104,B,A,890,47,13052
26151,26.151,A,B,891,47,13052
26198,26.198,B,A,892,12,13099
26210,26.21,A,B,893,12,13099
26222,26.222,B,A,894,14,13111
26236,26.236,A,B,895,14,13111
26250,26.25,B,A,896,21,13125
26271,26.271,A,B,897,21,13125
26292,26.292,B,A,898,31,13146
26323,26.323,A,B,899,31,13146
26354,26.354,B,A,900,10,13177
26364,26.364,A,B,901,10,13177
26374,26.374,B,A,902,11,13187
26385,26.385,A,B,903,11,13187
26396,26.396,B,A,904,26,13198
26422,26.422,A,B,905,26,13198
26448,26.448,B,A,906,18,13224
26466,26.466,A,B,907,18,13224
26484,26.484,B,A,908,44,13242
26528,26.528,A,B,909,44,13242
26572,26.572,B,A,910,19,13286
26591,26.591,A,B,911,19,13286
26610,26.61,B,A,912,19,13305
26629,26.629,A,B,913,19,13305
26648,26.648,B,A,914,19,13324
26667,26.667,A,B,915,19,13324
26686,26.686,B,A,916,27,13343
26713,26.713,A,B,917,27,13343
26740,26.74,B,A,918,15,13370
26755,26.755,A,B,919,15,13370
26770,26.77,B,A,920,25,13385
26795,26.795,A,B,921,25,13385
26820,26.82,B,A,922,33,13410
26853,26.853,A,B,923,33,13410
26886,26.886,B,A,924,31,13443
26917,26.917,A,B,925,31,13443
26948,26.948,B,A,926,31,13474
26979,26.979,A,B,927,31,13474
27010,27.01,B,A,928,40,13505
27050,27.05,A,B,929,40,13505
27090,27.09,B,A,930,28,13545
27118,27.118,A,B,931,28,13545
27146,27.146,B,A,932,37,13573
27183,27.183,A,B,933,37,13573
27220,27.22,B,A,934,22,13610
27242,27.242,A,B,935,22,13610
27264,27.264,B,A,936,26,13632
27290,27.29,A,B,937,26,13632
27316,27.316,B,A,938,10,13658
27326,27.326,A,B,939,10,13658
27336,27.336,B,A,940,10,13668
27346,27.346,A,B,941,10,13668
27356,27.356,B,A,942,42,13678
27398,27.398,A,B,943,42,13678
27440,27.44,B,A,944,26,13720
27466,27.466,A,B,945,26,13720
27492,27.492,B,A,946,39,13746
27531,27.531,A,B,947,39,13746
27570,27.57,B,A,948,13,13785
27583,27.583,A,B,949,13,13785
27596,27.596,B,A,950,17,13798
27613,27.613,A,B,951,17,13798
27630,27.63,B,A,952,27,13815
27657,27.657,A,B,953,27,13815
27684,27.684,B,A,954,36,13842
27720,27.72,A,B,955,36,13842
27756,27.756,B,A,956,50,13878
27806,27.806,A,B,957,50,13878
27856,27.856,B,A,958,26,13928
27882,27.882,A,B,959,26,13928
27908,27.908,B,A,960,24,13954
27932,27.932,A,B,961,24,13954
27956,27.956,B,A,962,33,13978
27989,27.989,A,B,963,33,13978
28022,28.022,B,A,964,45,14011
28067,28.067,A,B,965,45,14011
28112,28.112,B,A,966,13,14056
28125,28.125,A,B,967,13,14056
28138,28.138,B,A,968,48,14069
28186,28.186,A,B,969,48,14069
28234,28.234,B,A,970,38,14117
28272,28.272,A,B,971,38,14117
28310,28.31,B,A,972,11,14155
28321,28.321,A,B,973,11,14155
28332,28.332,B,A,974,25,14166
28357,28.357,A,B,975,25,14166
28382,28.382,B,A,976,36,14191
28418,28.418,A,B,977,36,14191
28454,28.454,B,A,978,13,14227
28467,28.467,A,B,979,13,14227
28480,28.48,B,A,980,39,14240
28519,28.519,A,B,981,39,14240
28558,28.558,B,A,982,14,14279
28572,28.572,A,B,983,14,14279
28586,28.586,B,A,984,10,14293
28596,28.596,A,B,985,10,14293
28606,28.606,B,A,986,31,14303
28637,28.637,A,B,987,31,14303
28668,28.668,B,A,988,23,14334
28691,28.691,A,B,989,23,14334
28714,28.714,B,A,990,30,14357
28744,28.744,A,B,991,30,14357
28774,28.774,B,A,992,14,14387
28788,28.788,A,B,993,14,14387
28802,28.802,B,A,994,28,14401
28830,28.83,A,B,995,28,14401
28858,28.858,B,A,996,16,14429
28874,28.874,A,B,997,16,14429
28890,28.89,B,A,998,48,14445
28938,28.938,A,B,999,48,14445
28986,28.986,B,A,1000,23,14493
29009,29.009,A,B,1001,23,14493
29032,29.032,B,A,1002,49,14516
29081,29.081,A,B,1003,49,14516
29130,29.13,B,A,1004,37,14565
29167,29.167,A,B,1005,37,14565
29204,29.204,B,A,1006,38,14602
29242,29.242,A,B,1007,38,14602
29280,29.28,B,A,1008,49,14640
29329,29.329,A,B,1009,49,14640
29378,29.378,B,A,1010,19,14689
29397,29.397,A,B,1011,19,14689
29416,29.416,B,A,1012,43,14708
29459,29.459,A,B,1013,43,14708
29502,29.502,B,A,1014,32,14751
29534,29.534,A,B,1015,32,14751
29566,29.566,B,A,1016,11,14783
29577,29.577,A,B,1017,11,14783
29588,29.588,B,A,1018,19,14794
29607,29.607,A,B,1019,19,14794
29626,29.626,B,A,1020,38,14813
29664,29.664,A,B,1021,38,14813
29702,29.702,B,A,1022,12,14851
29714,29.714,A,B,1023,12,14851
29726,29.726,B,A,1024,21,14863
29747,29.747,A,B,1025,21,14863
29768,29.768,B,A,1026,13,14884
29781,29.781,A,B,1027,13,14884
29794,29.794,B,A,1028,24,14897
29818,29.818,A,B,1029,24,14897
29842,29.842,B,A,1030,44,14921
29886,29.886,A,B,1031,44,14921
29930,29.93,B,A,1032,15,14965
29945,29.945,A,B,1033,15,14965
29960,29.96,B,A,1034,18,14980
29978,29.978,A,B,1035,18,14980
29996,29.996,B,A,1036,14,14998
30010,30.01,A,B,1037,14,14998
30024,30.024,B,A,1038,26,15012
30050,30.05,A,B,1039,26,15012
30076,30.076,B,A,1040,41,15038
30117,30.117,A,B,1041,41,15038
30158,30.158,B,A,1042,15,15079
30173,30.173,A,B,1043,15,15079
30188,30.188,B,A,1044,14,15094
30202,30.202,A,B,1045,14,15094
30216,30.216,B,A,1046,49,15108
30265,30.265,A,B,1047,49,15108
30314,30.314,B,A,1048,47,15157
30361,30.361,A,B,1049,47,15157
30408,30.408,B,A,1050,33,15204
30441,30.441,A,B,1051,33,15204
30474,30.474,B,A,1052,39,15237
30513,30.513,A,B,1053,39,15237
30552,30.552,B,A,1054,21,15276
30573,30.573,A,B,1055,21,15276
30594,30.594,B,A,1056,31,15297
30625,30.625,A,B,1057,31,15297
30656,30.656,B,A,1058,49,15328
30705,30.705,A,B,1059,49,15328
30754,30.754,B,A,1060,34,15377
30788,30.788,A,B,1061,34,15377
30822,30.822,B,A,1062,20,15411
30842,30.842,A,B,1063,20,15411
30862,30.862,B,A,1064,37,15431
30899,30.899,A,B,1065,37,15431
30936,30.936,B,A,1066,43,15468
30979,30.979,A,B,1067,43,15468
31022,31.022,B,A,1068,20,15511
31042,31.042,A,B,1069,20,15511
31062,31.062,B,A,1070,44,15531
31106,31.106,A,B,1071,44,15531
31150,31.15,B,A,1072,37,15575
31187,31.187,A,B,1073,37,15575
31224,31.224,B,A,1074,39,15612
31263,31.263,A,B,1075,39,15612
31302,31.302,B,A,1076,37,15651
31339,31.339,A,B,1077,37,15651
31376,31.376,B,A,1078,42,15688
31418,31.418,A,B,1079,42,15688
31460,31.46,B,A,1080,39,15730
31499,31.499,A,B,1081,39,15730
31538,31.538,B,A,1082,30,15769
31568,31.568,A,B,1083,30,15769
31598,31.598,B,A,1084,48,15799
31646,31.646,A,B,1085,48,15799
31694,31.694,B,A,1086,48,15847
31742,31.742,A,B,1087,48,15847
31790,31.79,B,A,1088,38,15895
31828,31.828,A,B,1089,38,15895
31866,31.866,B,A,1090,16,15933
31882,31.882,A,B,1091,16,15933
31898,31.898,B,A,1092,24,15949
31922,31.922,A,B,1093,24,15949
31946,31.946,B,A,1094,23,15973
31969,31.969,A,B,1095,23,15973
31992,31.992,B,A,1096,36,15996
32028,32.028,A,B,1097,36,15996
32064,32.064,B,A,1098,12,16032
32076,32.076,A,B,1099,12,16032
32088,32.088,B,A,1100,24,16044
32112,32.112,A,B,1101,24,16044
32136,32.136,B,A,1102,21,16068
32157,32.157,A,B,1103,21,16068
32178,32.178,B,A,1104,12,16089
32190,32.19,A,B,1105,12,16089
32202,32.202,B,A,1106,38,16101
32240,32.24,A,B,1107,38,16101
32278,32.278,B,A,1108,24,16139
32302,32.302,A,B,1109,24,16139
32326,32.326,B,A,1110,21,16163
32347,32.347,A,B,1111,21,16163
32368,32.368,B,A,1112,45,16184
32413,32.413,A,B,1113,45,16184
32458,32.458,B,A,1114,46,16229
32504,32.504,A,B,1115,46,16229
32550,32.55,B,A,1116,33,16275
32583,32.583,A,B,1117,33,16275
32616,32.616,B,A,1118,10,16308
32626,32.626,A,B,1119,10,16308
32636,32.636,B,A,1120,44,16318
32680,32.68,A,B,1121,44,16318
32724,32.724,B,A,1122,22,16362
32746,32.746,A,B,1123,22,16362
32768,32.768,B,A,1124,14,16384
32782,32.782,A,B,1125,14,16384
32796,32.796,B,A,1126,48,16398
32844,32.844,A,B,1127,48,16398
32892,32.892,B,A,1128,32,16446
32924,32.924,A,B,1129,32,16446
32956,32.956,B,A,1130,28,16478
32984,32.984,A,B,1131,28,16478
33012,33.012,B,A,1132,14,16506
33026,33.026,A,B,1133,14,16506
33040,33.04,B,A,1134,11,16520
33051,33.051,A,B,1135,11,16520
33062,33.062,B,A,1136,41,16531
33103,33.103,A,B,1137,41,16531
33144,33.144,B,A,1138,24,16572
33168,33.168,A,B,1139,24,16572
33192,33.192,B,A,1140,30,16596
33222,33.222,A,B,1141,30,16596
33252,33.252,B,A,1142,26,16626
33278,33.278,A,B,1143,26,16626
33304,33.304,B,A,1144,44,16652
33348,33.348,A,B,1145,44,16652
33392,33.392,B,A,1146,38,16696
33430,33.43,A,B,1147,38,16696
33468,33.468,B,A,1148,20,16734
33488,33.488,A,B,1149,20,16734
33508,33.508,B,A,1150,20,16754
33528,33.528,A,B,1151,20,16754
33548,33.548,B,A,1152,45,16774
33593,33.593,A,B,1153,45,16774
33638,33.638,B,A,1154,46,16819
33684,33.684,A,B,1155,46,16819
33730,33.73,B,A,1156,38,16865
33768,33.768,A,B,1157,38,16865
33806,33.806,B,A,1158,43,16903
33849,33.849,A,B,1159,43,16903
33892,33.892,B,A,1160,35,16946
33927,33.927,A,B,1161,35,16946
33962,33.962,B,A,1162,46,16981
34008,34.008,A,B,1163,46,16981
34054,34.054,B,A,1164,17,17027
34071,34.071,A,B,1165,17,17027
34088,34.088,B,A,1166,47,17044
34135,34.135,A,B,1167,47,17044
34182,34.182,B,A,1168,23,17091
34205,34.205,A,B,1169,23,17091
34228,34.228,B,A,1170,20,17114
34248,34.248,A,B,1171,20,17114
34268,34.268,B,A,1172,25,17134
34293,34.293,A,B,1173,25,17134
34318,34.318,B,A,1174,35,17159
34353,34.353,A,B,1175,35,17159
34388,34.388,B,A,1176,16,17194
34404,34.404,A,B,1177,16,17194
34420,34.42,B,A,1178,34,17210
34454,34.454,A,B,1179,34,17210
34488,34.488,B,A,1180,49,17244
34537,34.537,A,B,1181,49,17244
34586,34.586,B,A,1182,43,17293
34629,34.629,A,B,1183,43,17293
34672,34.672,B,A,1184,39,17336
34711,34.711,A,B,1185,39,17336
34750,34.75,B,A,1186,29,17375
34779,34.779,A,B,1187,29,17375
34808,34.808,B,A,1188,36,17404
34844,34.844,A,B,1189,36,17404
34880,34.88,B,A,1190,44,17440
34924,34.924,A,B,1191,44,17440
34968,34.968,B,A,1192,24,17484
34992,34.992,A,B,1193,24,17484
35016,35.016,B,A,1194,17,17508
35033,35.033,A,B,1195,17,17508
35050,35.05,B,A,1196,24,17525
35074,35.074,A,B,1197,24,17525
35098,35.098,B,A,1198,42,17549
35140,35.14,A,B,1199,42,17549
35182,35.182,B,A,1200,19,17591
35201,35.201,A,B,1201,19,17591
35220,35.22,B,A,1202,37,17610
35257,35.257,A,B,1203,37,17610
35294,35.294,B,A,1204,36,17647
35330,35.33,A,B,1205,36,17647
35366,35.366,B,A,1206,26,17683
35392,35.392,A,B,1207,26,17683
35418,35.418,B,A,1208,14,17709
35432,35.432,A,B,1209,14,17709
35446,35.446,B,A,1210,19,17723
35465,35.465,A,B,1211,19,17723
35484,35.484,B,A,1212,39,17742
35523,35.523,A,B,1213,39,17742
35562,35.562,B,A,1214,35,17781
35597,35.597,A,B,1215,35,17781
35632,35.632,B,A,1216,39,17816
35671,35.671,A,B,1217,39,17816
35710,35.71,B,A,1218,46,17855
35756,35.756,A,B,1219,46,17855
35802,35.802,B,A,1220,14,17901
35816,35.816,A,B,1221,14,17901
35830,35.83,B,A,1222,31,17915
35861,35.861,A,B,1223,31,17915
35892,35.892,B,A,1224,16,17946
35908,35.908,A,B,1225,16,17946
35924,35.924,B,A,1226,12,17962
35936,35.936,A,B,1227,12,17962
35948,35.948,B,A,1228,30,17974
35978,35.978,A,B,1229,30,17974
36008,36.008,B,A,1230,30,18004
36038,36.038,A,B,1231,30,18004
36068,36.068,B,A,1232,34,18034
36102,36.102,A,B,1233,34,18034
36136,36.136,B,A,1234,14,18068
36150,36.15,A,B,1235,14,18068
36164,36.164,B,A,1236,42,18082
36206,36.206,A,B,1237,42,18082
36248,36.248,B,A,1238,18,18124
36266,36.266,A,B,1239,18,18124
36284,36.284,B,A,1240,36,18142
36320,36.32,A,B,1241,36,18142
36356,36.356,B,A,1242,48,18178
36404,36.404,A,B,1243,48,18178
36452,36.452,B,A,1244,17,18226
36469,36.469,A,B,1245,17,18226
36486,36.486,B,A,1246,14,18243
36500,36.5,A,B,1247,14,18243
36514,36.514,B,A,1248,14,18257
36528,36.528,A,B,1249,14,18257
36542,36.542,B,A,1250,36,18271
36578,36.578,A,B,1251,36,18271
36614,36.614,B,A,1252,27,18307
36641,36.641,A,B,1253,27,18307
36668,36.668,B,A,1254,16,18334
36684,36.684,A,B,1255,16,18334
36700,36.7,B,A,1256,35,18350
36735,36.735,A,B,1257,35,18350
36770,36.77,B,A,1258,46,18385
36816,36.816,A,B,1259,46,18385
36862,36.862,B,A,1260,27,18431
36889,36.889,A,B,1261,27,18431
36916,36.916,B,A,1262,34,18458
36950,36.95,A,B,1263,34,18458
36984,36.984,B,A,1264,35,18492
37019,37.019,A,B,1265,35,18492
37054,37.054,B,A,1266,18,18527
37072,37.072,A,B,1267,18,18527
37090,37.09,B,A,1268,28,18545
37118,37.118,A,B,1269,28,18545
37146,37.146,B,A,1270,22,18573
37168,37.168,A,B,1271,22,18573
37190,37.19,B,A,1272,48,18595
37238,37.238,A,B,1273,48,18595
37286,37.286,B,A,1274,28,18643
37314,37.314,A,B,1275,28,18643
37342,37.342,B,A,1276,14,18671
37356,37.356,A,B,1277,14,18671
37370,37.37,B,A,1278,48,18685
37418,37.418,A,B,1279,48,18685
37466,37.466,B,A,1280,47,18733
37513,37.513,A,B,1281,47,18733
37560,37.56,B,A,1282,48,18780
37608,37.608,A,B,1283,48,18780
37656,37.656,B,A,1284,30,18828
37686,37.686,A,B,1285,30,18828
37716,37.716,B,A,1286,50,18858
37766,37.766,A,B,1287,50,18858
37816,37.816,B,A,1288,19,18908
37835,37.835,A,B,1289,19,18908
37854,37.854,B,A,1290,47,18927
37901,37.901,A,B,1291,47,18927
37948,37.948,B,A,1292,25,18974
37973,37.973,A,B,1293,25,18974
37998,37.998,B,A,1294,20,18999
38018,38.018,A,B,1295,20,18999
38038,38.038,B,A,1296,49,19019
38087,38.087,A,B,1297,49,19019
38136,38.136,B,A,1298,43,19068
38179,38.179,A,B,1299,43,19068
38222,38.222,B,A,1300,22,19111
38244,38.244,A,B,1301,22,19111
38266,38.266,B,A,1302,37,19133
38303,38.303,A,B,1303,37,19133
38340,38.34,B,A,1304,16,19170
38356,38.356,A,B,1305,16,19170
38372,38.372,B,A,1306,17,19186
38389,38.389,A,B,1307,17,19186
38406,38.406,B,A,1308,36,19203
38442,38.442,A,B,1309,36,19203
38478,38.478,B,A,1310,11,19239
38489,38.489,A,B,1311,11,19239
38500,38.5,B,A,1312,46,19250
38546,38.546,A,B,1313,46,19250
38592,38.592,B,A,1314,36,19296
38628,38.628,A,B,1315,36,19296
38664,38.664,B,A,1316,44,19332
38708,38.708,A,B,1317,44,19332
38752,38.752,B,A,1318,47,19376
38799,38.799,A,B,1319,47,19376
38846,38.846,B,A,1320,36,19423
38882,38.882,A,B,1321,36,19423
38918,38.918,B,A,1322,32,19459
38950,38.95,A,B,1323,32,19459
38982,38.982,B,A,1324,37,19491
39019,39.019,A,B,1325,37,19491
39056,39.056,B,A,1326,37,19528
39093,39.093,A,B,1327,37,19528
39130,39.13,B,A,1328,18,19565
39148,39.148,A,B,1329,18,19565
39166,39.166,B,A,1330,25,19583
39191,39.191,A,B,1331,25,19583
39216,39.216,B,A,1332,34,19608
39250,39.25,A,B,1333,34,19608
39284,39.284,B,A,1334,27,19642
39311,39.311,A,B,1335,27,19642
39338,39.338,B,A,1336,38,19669
39376,39.376,A,B,1337,38,19669
39414,39.414,B,A,1338,27,19707
39441,39.441,A,B,1339,27,19707
39468,39.468,B,A,1340,19,19734
39487,39.487,A,B,1341,19,19734
39506,39.506,B,A,1342,18,19753
39524,39.524,A,B,1343,18,19753
39542,39.542,B,A,1344,31,19771
39573,39.573,A,B,1345,31,19771
39604,39.604,B,A,1346,50,19802
39654,39.654,A,B,1347,50,19802
39704,39.704,B,A,1348,30,19852
39734,39.734,A,B,1349,30,19852
39764,39.764,B,A,1350,31,19882
39795,39.795,A,B,1351,31,19882
39826,39.826,B,A,1352,27,19913
39853,39.853,A,B,1353,27,19913
39880,39.88,B,A,1354,36,19940
39916,39.916,A,B,1355,36,19940
39952,39.952,B,A,1356,23,19976
39975,39.975,A,B,1357,23,19976
39998,39.998,B,A,1358,18,19999
40016,40.016,A,B,1359,18,19999
40034,40.034,B,A,1360,25,20017
40059,40.059,A,B,1361,25,20017
40084,40.084,B,A,1362,32,20042
40116,40.116,A,B,1363,32,20042
40148,40.148,B,A,1364,49,20074
40197,40.197,A,B,1365,49,20074
40246,40.246,B,A,1366,19,20123
40265,40.265,A,B,1367,19,20123
40284,40.284,B,A,1368,49,20142
40333,40.333,A,B,1369,49,20142
40382,40.382,B,A,1370,34,20191
40416,40.416,A,B,1371,34,20191
40450,40.45,B,A,1372,15,20225
40465,40.465,A,B,1373,15,20225
40480,40.48,B,A,1374,14,20240
40494,40.494,A,B,1375,14,20240
40508,40.508,B,A,1376,23,20254
40531,40.531,A,B,1377,23,20254
40554,40.554,B,A,1378,36,20277
40590,40.59,A,B,1379,36,20277
40626,40.626,B,A,1380,45,20313
40671,40.671,A,B,1381,45,20313
40716,40.716,B,A,1382,29,20358
40745,40.745,A,B,1383,29,20358
40774,40.774,B,A,1384,35,20387
40809,40.809,A,B,1385,35,20387
40844,40.844,B,A,1386,37,20422
40881,40.881,A,B,1387,37,20422
40918,40.918,B,A,1388,19,20459
40937,40.937,A,B,1389,19,20459
40956,40.956,B,A,1390,46,20478
41002,41.002,A,B,1391,46,20478
41048,41.048,B,A,1392,12,20524
41060,41.06,A,B,1393,12,20524
41072,41.072,B,A,1394,28,20536
41100,41.1,A,B,1395,28,20536
41128,41.128,B,A,1396,49,20564
41177,41.177,A,B,1397,49,20564
41226,41.226,B,A,1398,34,20613
41260,41.26,A,B,1399,34,20613
41294,41.294,B,A,1400,22,20647
41316,41.316,A,B,1401,22,20647
41338,41.338,B,A,1402,48,20669
41386,41.386,A,B,1403,48,20669
41434,41.434,B,A,1404,27,20717
41461,41.461,A,B,1405,27,20717
41488,41.488,B,A,1406,21,20744
41509,41.509,A,B,1407,21,20744
41530,41.53,B,A,1408,12,20765
41542,41.542,A,B,1409,12,20765
41554,41.554,B,A,1410,20,20777
41574,41.574,A,B,1411,20,20777
41594,41.594,B,A,1412,24,20797
41618,41.618,A,B,1413,24,20797
41642,41.642,B,A,1414,44,20821
41686,41.686,A,B,1415,44,20821
41730,41.73,B,A,1416,47,20865
41777,41.777,A,B,1417,47,20865
41824,41.824,B,A,1418,34,20912
41858,41.858,A,B,1419,34,20912
41892,41.892,B,A,1420,21,20946
41913,41.913,A,B,1421,21,20946
41934,41.934,B,A,1422,40,20967
41974,41.974,A,B,1423,40,20967
42014,42.014,B,A,1424,19,21007
42033,42.033,A,B,1425,19,21007
42052,42.052,B,A,1426,46,21026
42098,42.098,A,B,1427,46,21026
42144,42.144,B,A,1428,29,21072
42173,42.173,A,B,1429,29,21072
42202,42.202,B,A,1430,42,21101
42244,42.244,A,B,1431,42,21101
42286,42.286,B,A,1432,13,21143
42299,42.299,A,B,1433,13,21143
42312,42.312,B,A,1434,10,21156
42322,42.322,A,B,1435,10,21156
42332,42.332,B,A,1436,24,21166
42356,42.356,A,B,1437,24,21166
42380,42.38,B,A,1438,41,21190
42421,42.421,A,B,1439,41,21190
42462,42.462,B,A,1440,19,21231
42481,42.481,A,B,1441,19,21231
42500,42.5,B,A,1442,21,21250
42521,42.521,A,B,1443,21,21250
42542,42.542,B,A,1444,20,21271
42562,42.562,A,B,1445,20,21271
42582,42.582,B,A,1446,11,21291
42593,42.593,A,B,1447,11,21291
42604,42.604,B,A,1448,14,21302
42618,42.618,A,B,1449,14,21302
42632,42.632,B,A,1450,34,21316
42666,42.666,A,B,1451,34,21316
42700,42.7,B,A,1452,21,21350
42721,42.721,A,B,1453,21,21350
42742,42.742,B,A,1454,34,21371
42776,42.776,A,B,1455,34,21371
42810,42.81,B,A,1456,23,21405
42833,42.833,A,B,1457,23,21405
42856,42.856,B,A,1458,33,21428
42889,42.889,A,B,1459,33,21428
42922,42.922,B,A,1460,13,21461
42935,42.935,A,B,1461,13,21461
42948,42.948,B,A,1462,42,21474
42990,42.99,A,B,1463,42,21474
43032,43.032,B,A,1464,26,21516
43058,43.058,A,B,1465,26,21516
43084,43.084,B,A,1466,18,21542
43102,43.102,A,B,1467,18,21542
43120,43.12,B,A,1468,45,21560
43165,43.165,A,B,1469,45,21560
43210,43.21,B,A,1470,49,21605
43259,43.259,A,B,1471,49,21605
43308,43.308,B,A,1472,20,21654
43328,43.328,A,B,1473,20,21654
43348,43.348,B,A,1474,27,21674
43375,43.375,A,B,1475,27,21674
43402,43.402,B,A,1476,30,21701
43432,43.432,A,B,1477,30,21701
43462,43.462,B,A,1478,25,21731
43487,43.487,A,B,1479,25,21731
43512,43.512,B,A,1480,18,21756
43530,43.53,A,B,1481,18,21756
43548,43.548,B,A,1482,17,21774
43565,43.565,A,B,1483,17,21774
43582,43.582,B,A,1484,39,21791
43621,43.621,A,B,1485,39,21791
43660,43.66,B,A,1486,18,21830
43678,43.678,A,B,1487,18,21830
43696,43.696,B,A,1488,46,21848
43742,43.742,A,B,1489,46,21848
43788,43.788,B,A,1490,15,21894
43803,43.803,A,B,1491,15,21894
43818,43.818,B,A,1492,28,21909
43846,43.846,A,B,1493,28,21909
43874,43.874,B,A,1494,16,21937
43890,43.89,A,B,1495,16,21937
43906,43.906,B,A,1496,14,21953
43920,43.92,A,B,1497,14,21953
43934,43.934,B,A,1498,18,21967
43952,43.952,A,B,1499,18,21967
43970,43.97,B,A,1500,28,21985
43998,43.998,A,B,1501,28,21985
44026,44.026,B,A,1502,41,22013
44067,44.067,A,B,1503,41,22013
44108,44.108,B,A,1504,32,22054
44140,44.14,A,B,1505,32,22054
44172,44.172,B,A,1506,12,22086
44184,44.184,A,B,1507,12,22086
44196,44.196,B,A,1508,41,22098
44237,44.237,A,B,1509,41,22098
44278,44.278,B,A,1510,35,22139
44313,44.313,A,B,1511,35,22139
44348,44.348,B,A,1512,40,22174
44388,44.388,A,B,1513,40,22174
44428,44.428,B,A,1514,20,22214
44448,44.448,A,B,1515,20,22214
44468,44.468,B,A,1516,16,22234
44484,44.484,A,B,1517,16,22234
44500,44.5,B,A,1518,25,22250
44525,44.525,A,B,1519,25,22250
44550,44.55,B,A,1520,45,22275
44595,44.595,A,B,1521,45,22275
44640,44.64,B,A,1522,50,22320
44690,44.69,A,B,1523,50,22320
44740,44.74,B,A,1524,28,22370
44768,44.768,A,B,1525,28,22370
44796,44.796,B,A,1526,14,22398
44810,44.81,A,B,1527,14,22398
44824,44.824,B,A,1528,37,22412
44861,44.861,A,B,1529,37,22412
44898,44.898,B,A,1530,43,22449
44941,44.941,A,B,1531,43,22449
44984,44.984,B,A,1532,19,22492
45003,45.003,A,B,1533,19,22492
45022,45.022,B,A,1534,28,22511
45050,45.05,A,B,1535,28,22511
45078,45.078,B,A,1536,47,22539
45125,45.125,A,B,1537,47,22539
45172,45.172,B,A,1538,46,22586
45218,45.218,A,B,1539,46,22586
45264,45.264,B,A,1540,19,22632
45283,45.283,A,B,1541,19,22632
45302,45.302,B,A,1542,33,22651
45335,45.335,A,B,1543,33,22651
45368,45.368,B,A,1544,15,22684
45383,45.383,A,B,1545,15,22684
45398,45.398,B,A,1546,32,22699
45430,45.43,A,B,1547,32,22699
45462,45.462,B,A,1548,15,22731
45477,45.477,A,B,1549,15,22731
45492,45.492,B,A,1550,18,22746
45510,45.51,A,B,1551,18,22746
45528,45.528,B,A,1552,36,22764
45564,45.564,A,B,1553,36,22764
45600,45.6,B,A,1554,22,22800
45622,45.622,A,B,1555,22,22800
45644,45.644,B,A,1556,26,22822
45670,45.67,A,B,1557,26,22822
45696,45.696,B,A,1558,38,22848
45734,45.734,A,B,1559,38,22848
45772,45.772,B,A,1560,19,22886
45791,45.791,A,B,1561,19,22886
45810,45.81,B,A,1562,40,22905
45850,45.85,A,B,1563,40,22905
45890,45.89,B,A,1564,32,22945
45922,45.922,A,B,1565,32,22945
45954,45.954,B,A,1566,25,22977
45979,45.979,A,B,1567,25,22977
46004,46.004,B,A,1568,28,23002
46032,46.032,A,B,1569,28,23002
46060,46.06,B,A,1570,50,23030
46110,46.11,A,B,1571,50,23030
46160,46.16,B,A,1572,16,23080
46176,46.176,A,B,1573,16,23080
46192,46.192,B,A,1574,39,23096
46231,46.231,A,B,1575,39,23096
46270,46.27,B,A,1576,43,23135
46313,46.313,A,B,1577,43,23135
46356,46.356,B,A,1578,22,23178
46378,46.378,A,B,1579,22,23178
46400,46.4,B,A,1580,40,23200
46440,46.44,A,B,1581,40,23200
46480,46.48,B,A,1582,17,23240
46497,46.497,A,B,1583,17,23240
46514,46.514,B,A,1584,50,23257
46564,46.564,A,B,1585,50,23257
46614,46.614,B,A,1586,49,23307
46663,46.663,A,B,1587,49,23307
46712,46.712,B,A,1588,50,23356
46762,46.762,A,B,1589,50,23356
46812,46.812,B,A,1590,10,23406
46822,46.822,A,B,1591,10,23406
46832,46.832,B,A,1592,24,23416
46856,46.856,A,B,1593,24,23416
46880,46.88,B,A,1594,46,23440
46926,46.926,A,B,1595,46,23440
46972,46.972,B,A,1596,28,23486
47000,47.0,A,B,1597,28,23486
47028,47.028,B,A,1598,30,23514
47058,47.058,A,B,1599,30,23514
47088,47.088,B,A,1600,12,23544
47100,47.1,A,B,1601,12,23544
47112,47.112,B,A,1602,25,23556
47137,47.137,A,B,1603,25,23556
47162,47.162,B,A,1604,26,23581
47188,47.188,A,B,1605,26,23581
47214,47.214,B,A,1606,37,23607
47251,47.251,A,B,1607,37,23607
47288,47.288,B,A,1608,24,23644
47312,47.312,A,B,1609,24,23644
47336,47.336,B,A,1610,42,23668
47378,47.378,A,B,1611,42,23668
47420,47.42,B,A,1612,19,23710
47439,47.439,A,B,1613,19,23710
47458,47.458,B,A,1614,33,23729
47491,47.491,A,B,1615,33,23729
47524,47.524,B,A,1616,48,23762
47572,47.572,A,B,1617,48,23762
47620,47.62,B,A,1618,26,23810
47646,47.646,A,B,1619,26,23810
47672,47.672,B,A,1620,47,23836
47719,47.719,A,B,1621,47,23836
47766,47.766,B,A,1622,42,23883
47808,47.808,A,B,1623,42,23883
47850,47.85,B,A,1624,24,23925
47874,47.874,A,B,1625,24,23925
47898,47.898,B,A,1626,22,23949
47920,47.92,A,B,1627,22,23949
47942,47.942,B,A,1628,33,23971
47975,47.975,A,B,1629,33,23971
48008,48.008,B,A,1630,47,24004
48055,48.055,A,B,1631,47,24004
48102,48.102,B,A,1632,17,24051
48119,48.119,A,B,1633,17,24051
48136,48.136,B,A,1634,47,24068
48183,48.183,A,B,1635,47,24068
48230,48.23,B,A,1636,27,24115
48257,48.257,A,B,1637,27,24115
48284,48.284,B,A,1638,31,24142
48315,48.315,A,B,1639,31,24142
48346,48.346,B,A,1640,31,24173
48377,48.377,A,B,1641,31,24173
48408,48.408,B,A,1642,18,24204
48426,48.426,A,B,1643,18,24204
48444,48.444,B,A,1644,36,24222
48480,48.48,A,B,1645,36,24222
48516,48.516,B,A,1646,37,24258
48553,48.553,A,B,1647,37,24258
48590,48.59,B,A,1648,32,24295
48622,48.622,A,B,1649,32,24295
48654,48.654,B,A,1650,45,24327
48699,48.699,A,B,1651,45,24327
48744,48.744,B,A,1652,25,24372
48769,48.769,A,B,1653,25,24372
48794,48.794,B,A,1654,20,24397
48814,48.814,A,B,1655,20,24397
48834,48.834,B,A,1656,34,24417
48868,48.868,A,B,1657,34,24417
48902,48.902,B,A,1658,29,24451
48931,48.931,A,B,1659,29,24451
48960,48.96,B,A,1660,32,24480
48992,48.992,A,B,1661,32,24480
49024,49.024,B,A,1662,24,24512
49048,49.048,A,B,1663,24,24512
49072,49.072,B,A,1664,26,24536
49098,49.098,A,B,1665,26,24536
49124,49.124,B,A,1666,43,24562
49167,49.167,A,B,1667,43,24562
49210,49.21,B,A,1668,46,24605
49256,49.256,A,B,1669,46,24605
49302,49.302,B,A,1670,50,24651
49352,49.352,A,B,1671,50,24651
49402,49.402,B,A,1672,25,24701
49427,49.427,A,B,1673,25,24701
49452,49.452,B,A,1674,23,24726
49475,49.475,A,B,1675,23,24726
49498,49.498,B,A,1676,38,24749
49536,49.536,A,B,1677,38,24749
49574,49.574,B,A,1678,23,24787
49597,49.597,A,B,1679,23,24787
49620,49.62,B,A,1680,11,24810
49631,49.631,A,B,1681,11,24810
49642,49.642,B,A,1682,42,24821
49684,49.684,A,B,1683,42,24821
49726,49.726,B,A,1684,31,24863
49757,49.757,A,B,1685,31,24863
49788,49.788,B,A,1686,36,24894
49824,49.824,A,B,1687,36,24894
49860,49.86,B,A,1688,15,24930
49875,49.875,A,B,1689,15,24930
49890,49.89,B,A,1690,12,24945
49902,49.902,A,B,1691,12,24945
49914,49.914,B,A,1692,30,24957
49944,49.944,A,B,1693,30,24957
49974,49.974,B,A,1694,48,24987
50022,50.022,A,B,1695,48,24987
50070,50.07,B,A,1696,12,25035
50082,50.082,A,B,1697,12,25035
50094,50.094,B,A,1698,39,25047
50133,50.133,A,B,1699,39,25047
50172,50.172,B,A,1700,19,25086
50191,50.191,A,B,1701,19,25086
50210,50.21,B,A,1702,49,25105
50259,50.259,A,B,1703,49,25105
50308,50.308,B,A,1704,30,25154
50338,50.338,A,B,1705,30,25154
50368,50.368,B,A,1706,34,25184
50402,50.402,A,B,1707,34,25184
50436,50.436,B,A,1708,15,25218
50451,50.451,A,B,1709,15,25218
50466,50.466,B,A,1710,29,25233
50495,50.495,A,B,1711,29,25233
50524,50.524,B,A,1712,25,25262
50549,50.549,A,B,1713,25,25262
50574,50.574,B,A,1714,17,25287
50591,50.591,A,B,1715,17,25287
50608,50.608,B,A,1716,15,25304
50623,50.623,A,B,1717,15,25304
50638,50.638,B,A,1718,36,25319
50674,50.674,A,B,1719,36,25319
50710,50.71,B,A,1720,19,25355
50729,50.729,A,B,1721,19,25355
50748,50.748,B,A,1722,21,25374
50769,50.769,A,B,1723,21,25374
50790,50.79,B,A,1724,39,25395
50829,50.829,A,B,1725,39,25395
50868,50.868,B,A,1726,30,25434
50898,50.898,A,B,1727,30,25434
50928,50.928,B,A,1728,22,25464
50950,50.95,A,B,1729,22,25464
50972,50.972,B,A,1730,46,25486
51018,51.018,A,B,1731,46,25486
51064,51.064,B,A,1732,28,25532
51092,51.092,A,B,1733,28,25532
51120,51.12,B,A,1734,41,25560
51161,51.161,A,B,1735,41,25560
51202,51.202,B,A,1736,20,25601
51222,51.222,A,B,1737,20,25601
51242,51.242,B,A,1738,41,25621
51283,51.283,A,B,1739,41,25621
51324,51.324,B,A,1740,18,25662
51342,51.342,A,B,1741,18,25662
51360,51.36,B,A,1742,22,25680
51382,51.382,A,B,1743,22,25680
51404,51.404,B,A,1744,36,25702
51440,51.44,A,B,1745,36,25702
51476,51.476,B,A,1746,19,25738
51495,51.495,A,B,1747,19,25738
51514,51.514,B,A,1748,39,25757
51553,51.553,A,B,1749,39,25757
51592,51.592,B,A,1750,27,25796
51619,51.619,A,B,1751,27,25796
51646,51.646,B,A,1752,36,25823
51682,51.682,A,B,1753,36,25823
51718,51.718,B,A,1754,15,25859
51733,51.733,A,B,1755,15,25859
51748,51.748,B,A,1756,34,25874
51782,51.782,A,B,1757,34,25874
51816,51.816,B,A,1758,33,25908
51849,51.849,A,B,1759,33,25908
51882,51.882,B,A,1760,23,25941
51905,51.905,A,B,1761,23,25941
51928,51.928,B,A,1762,18,25964
51946,51.946,A,B,1763,18,25964
51964,51.964,B,A,1764,46,25982
52010,52.01,A,B,1765,46,25982
52056,52.056,B,A,1766,32,26028
52088,52.088,A,B,1767,32,26028
52120,52.12,B,A,1768,44,26060
52164,52.164,A,B,1769,44,26060
52208,52.208,B,A,1770,32,26104
52240,52.24,A,B,1771,32,26104
52272,52.272,B,A,1772,35,26136
52307,52.307,A,B,1773,35,26136
52342,52.342,B,A,1774,36,26171
52378,52.378,A,B,1775,36,26171
52414,52.414,B,A,1776,19,26207
52433,52.433,A,B,1777,19,26207
52452,52.452,B,A,1778,25,26226
52477,52.477,A,B,1779,25,26226
52502,52.502,B,A,1780,46,26251
52548,52.548,A,B,1781,46,26251
52594,52.594,B,A,1782,46,26297
52640,52.64,A,B,1783,46,26297
52686,52.686,B,A,1784,25,26343
52711,52.711,A,B,1785,25,26343
52736,52.736,B,A,1786,15,26368
52751,52.751,A,B,1787,15,26368
52766,52.766,B,A,1788,49,26383
52815,52.815,A,B,1789,49,26383
52864,52.864,B,A,1790,10,26432
52874,52.874,A,B,1791,10,26432
52884,52.884,B,A,1792,26,26442
52910,52.91,A,B,1793,26,26442
52936,52.936,B,A,1794,49,26468
52985,52.985,A,B,1795,49,26468
53034,53.034,B,A,1796,44,26517
53078,53.078,A,B,1797,44,26517
53122,53.122,B,A,1798,34,26561
53156,53.156,A,B,1799,34,26561
53190,53.19,B,A,1800,49,26595
53239,53.239,A,B,1801,49,26595
53288,53.288,B,A,1802,10,26644
53298,53.298,A,B,1803,10,26644
53308,53.308,B,A,1804,27,26654
53335,53.335,A,B,1805,27,26654
53362,53.362,B,A,1806,46,26681
53408,53.408,A,B,1807,46,26681
53454,53.454,B,A,1808,22,26727
53476,53.476,A,B,1809,22,26727
53498,53.498,B,A,1810,33,26749
53531,53.531,A,B,1811,33,26749
53564,53.564,B,A,1812,15,26782
53579,53.579,A,B,1813,15,26782
53594,53.594,B,A,1814,19,26797
53613,53.613,A,B,1815,19,26797
53632,53.632,B,A,1816,16,26816
53648,53.648,A,B,1817,16,26816
53664,53.664,B,A,1818,33,26832
53697,53.697,A,B,1819,33,26832
53730,53.73,B,A,1820,47,26865
53777,53.777,A,B,1821,47,26865
53824,53.824,B,A,1822,22,26912
53846,53.846,A,B,1823,22,26912
53868,53.868,B,A,1824,29,26934
53897,53.897,A,B,1825,29,26934
53926,53.926,B,A,1826,41,26963
53967,53.967,A,B,1827,41,26963
54008,54.008,B,A,1828,10,27004
54018,54.018,A,B,1829,10,27004
54028,54.028,B,A,1830,34,27014
54062,54.062,A,B,1831,34,27014
54096,54.096,B,A,1832,41,27048
54137,54.137,A,B,1833,41,27048
54178,54.178,B,A,1834,36,27089
54214,54.214,A,B,1835,36,27089
54250,54.25,B,A,1836,30,27125
54280,54.28,A,B,1837,30,27125
54310,54.31,B,A,1838,16,27155
54326,54.326,A,B,1839,16,27155
54342,54.342,B,A,1840,45,27171
54387,54.387,A,B,1841,45,27171
54432,54.432,B,A,1842,38,27216
54470,54.47,A,B,1843,38,27216
54508,54.508,B,A,1844,44,27254
54552,54.552,A,B,1845,44,27254
54596,54.596,B,A,1846,12,27298
54608,54.608,A,B,1847,12,27298
54620,54.62,B,A,1848,17,27310
54637,54.637,A,B,1849,17,27310
54654,54.654,B,A,1850,27,27327
54681,54.681,A,B,1851,27,27327
54708,54.708,B,A,1852,14,27354
54722,54.722,A,B,1853,14,27354
54736,54.736,B,A,1854,33,27368
54769,54.769,A,B,1855,33,27368
54802,54.802,B,A,1856,36,27401
54838,54.838,A,B,1857,36,27401
54874,54.874,B,A,1858,23,27437
54897,54.897,A,B,1859,23,27437
54920,54.92,B,A,1860,25,27460
54945,54.945,A,B,1861,25,27460
54970,54.97,B,A,1862,26,27485
54996,54.996,A,B,1863,26,27485
55022,55.022,B,A,1864,32,27511
55054,55.054,A,B,1865,32,27511
55086,55.086,B,A,1866,22,27543
55108,55.108,A,B,1867,22,27543
55130,55.13,B,A,1868,30,27565
55160,55.16,A,B,1869,30,27565
55190,55.19,B,A,1870,45,27595
55235,55.235,A,B,1871,45,27595
55280,55.28,B,A,1872,26,27640
55306,55.306,A,B,1873,26,27640
55332,55.332,B,A,1874,17,27666
55349,55.349,A,B,1875,17,27666
55366,55.366,B,A,1876,18,27683
55384,55.384,A,B,1877,18,27683
55402,55.402,B,A,1878,35,27701
55437,55.437,A,B,1879,35,27701
55472,55.472,B,A,1880,15,27736
55487,55.487,A,B,1881,15,27736
55502,55.502,B,A,1882,16,27751
55518,55.518,A,B,1883,16,27751
55534,55.534,B,A,1884,45,27767
55579,55.579,A,B,1885,45,27767
55624,55.624,B,A,1886,19,27812
55643,55.643,A,B,1887,19,27812
55662,55.662,B,A,1888,43,27831
55705,55.705,A,B,1889,43,27831
55748,55.748,B,A,1890,34,27874
55782,55.782,A,B,1891,34,27874
55816,55.816,B,A,1892,48,27908
55864,55.864,A,B,1893,48,27908
55912,55.912,B,A,1894,47,27956
55959,55.959,A,B,1895,47,27956
56006,56.006,B,A,1896,10,28003
56016,56.016,A,B,1897,10,28003
56026,56.026,B,A,1898,42,28013
56068,56.068,A,B,1899,42,28013
56110,56.11,B,A,1900,10,28055
56120,56.12,A,B,1901,10,28055
56130,56.13,B,A,1902,33,28065
56163,56.163,A,B,1903,33,28065
56196,56.196,B,A,1904,10,28098
56206,56.206,A,B,1905,10,28098
56216,56.216,B,A,1906,18,28108
56234,56.234,A,B,1907,18,28108
56252,56.252,B,A,1908,35,28126
56287,56.287,A,B,1909,35,28126
56322,56.322,B,A,1910,42,28161
56364,56.364,A,B,1911,42,28161
56406,56.406,B,A,1912,35,28203
56441,56.441,A,B,1913,35,28203
56476,56.476,B,A,1914,11,28238
56487,56.487,A,B,1915,11,28238
56498,56.498,B,A,1916,32,28249
56530,56.53,A,B,1917,32,28249
56562,56.562,B,A,1918,31,28281
56593,56.593,A,B,1919,31,28281
56624,56.624,B,A,1920,23,28312
56647,56.647,A,B,1921,23,28312
56670,56.67,B,A,1922,43,28335
56713,56.713,A,B,1923,43,28335
56756,56.756,B,A,1924,21,28378
56777,56.777,A,B,1925,21,28378
56798,56.798,B,A,1926,26,28399
56824,56.824,A,B,1927,26,28399
56850,56.85,B,A,1928,38,28425
56888,56.888,A,B,1929,38,28425
56926,56.926,B,A,1930,34,28463
56960,56.96,A,B,1931,34,28463
56994,56.994,B,A,1932,14,28497
57008,57.008,A,B,1933,14,28497
57022,57.022,B,A,1934,36,28511
57058,57.058,A,B,1935,36,28511
57094,57.094,B,A,1936,44,28547
57138,57.138,A,B,1937,44,28547
57182,57.182,B,A,1938,13,28591
57195,57.195,A,B,1939,13,28591
57208,57.208,B,A,1940,42,28604
57250,57.25,A,B,1941,42,28604
57292,57.292,B,A,1942,32,28646
57324,57.324,A,B,1943,32,28646
57356,57.356,B,A,1944,27,28678
57383,57.383,A,B,1945,27,28678
57410,57.41,B,A,1946,42,28705
57452,57.452,A,B,1947,42,28705
57494,57.494,B,A,1948,33,28747
57527,57.527,A,B,1949,33,28747
57560,57.56,B,A,1950,42,28780
57602,57.602,A,B,1951,42,28780
57644,57.644,B,A,1952,20,28822
57664,57.664,A,B,1953,20,28822
57684,57.684,B,A,1954,29,28842
57713,57.713,A,B,1955,29,28842
57742,57.742,B,A,1956,12,28871
57754,57.754,A,B,1957,12,28871
57766,57.766,B,A,1958,11,28883
57777,57.777,A,B,1959,11,28883
57788,57.788,B,A,1960,21,28894
57809,57.809,A,B,1961,21,28894
57830,57.83,B,A,1962,19,28915
57849,57.849,A,B,1963,19,28915
57868,57.868,B,A,1964,30,28934
57898,57.898,A,B,1965,30,28934
57928,57.928,B,A,1966,19,28964
57947,57.947,A,B,1967,19,28964
57966,57.966,B,A,1968,11,28983
57977,57.977,A,B,1969,11,28983
57988,57.988,B,A,1970,48,28994
58036,58.036,A,B,1971,48,28994
58084,58.084,B,A,1972,39,29042
58123,58.123,A,B,1973,39,29042
58162,58.162,B,A,1974,49,29081
58211,58.211,A,B,1975,49,29081
58260,58.26,B,A,1976,11,29130
58271,58.271,A,B,1977,11,29130
58282,58.282,B,A,1978,15,29141
58297,58.297,A,B,1979,15,29141
58312,58.312,B,A,1980,32,29156
58344,58.344,A,B,1981,32,29156
58376,58.376,B,A,1982,50,29188
58426,58.426,A,B,1983,50,29188
58476,58.476,B,A,1984,19,29238
58495,58.495,A,B,1985,19,29238
58514,58.514,B,A,1986,21,29257
58535,58.535,A,B,1987,21,29257
58556,58.556,B,A,1988,18,29278
58574,58.574,A,B,1989,18,29278
58592,58.592,B,A,1990,27,29296
58619,58.619,A,B,1991,27,29296
58646,58.646,B,A,1992,10,29323
58656,58.656,A,B,1993,10,29323
58666,58.666,B,A,1994,32,29333
58698,58.698,A,B,1995,32,29333
58730,58.73,B,A,1996,28,29365
58758,58.758,A,B,1997,28,29365
58786,58.786,B,A,1998,26,29393
58812,58.812,A,B,1999,26,29393
58838,58.838,B,A,2000,46,29419
58884,58.884,A,B,2001,46,29419
58930,58.93,B,A,2002,19,29465
58949,58.949,A,B,2003,19,29465
58968,58.968,B,A,2004,42,29484
59010,59.01,A,B,2005,42,29484
59052,59.052,B,A,2006,28,29526
59080,59.08,A,B,2007,28,29526
59108,59.108,B,A,2008,50,29554
59158,59.158,A,B,2009,50,29554
59208,59.208,B,A,2010,10,29604
59218,59.218,A,B,2011,10,29604
59228,59.228,B,A,2012,48,29614
59276,59.276,A,B,2013,48,29614
59324,59.324,B,A,2014,34,29662
59358,59.358,A,B,2015,34,29662
59392,59.392,B,A,2016,50,29696
59442,59.442,A,B,2017,50,29696
59492,59.492,B,A,2018,50,29746
59542,59.542,A,B,2019,50,29746
59592,59.592,B,A,2020,36,29796
59628,59.628,A,B,2021,36,29796
59664,59.664,B,A,2022,14,29832
59678,59.678,A,B,2023,14,29832
59692,59.692,B,A,2024,12,29846
59704,59.704,A,B,2025,12,29846
59716,59.716,B,A,2026,45,29858
59761,59.761,A,B,2027,45,29858
59806,59.806,B,A,2028,39,29903
59845,59.845,A,B,2029,39,29903
59884,59.884,B,A,2030,33,29942
59917,59.917,A,B,2031,33,29942
59950,59.95,B,A,2032,11,29975
59961,59.961,A,B,2033,11,29975
59972,59.972,B,A,2034,41,29986
60013,60.013,A,B,2035,41,29986
60054,60.054,B,A,2036,35,30027
60089,60.089,A,B,2037,35,30027
60124,60.124,B,A,2038,38,30062
60162,60.162,A,B,2039,38,30062
60200,60.2,B,A,2040,44,30100
60244,60.244,A,B,2041,44,30100
60288,60.288,B,A,2042,40,30144
60328,60.328,A,B,2043,40,30144
60368,60.368,B,A,2044,25,30184
60393,60.393,A,B,2045,25,30184
60418,60.418,B,A,2046,14,30209
60432,60.432,A,B,2047,14,30209
60446,60.446,B,A,2048,38,30223
60484,60.484,A,B,2049,38,30223
60522,60.522,B,A,2050,10,30261
60532,60.532,A,B,2051,10,30261
60542,60.542,B,A,2052,14,30271
60556,60.556,A,B,2053,14,30271
60570,60.57,B,A,2054,25,30285
60595,60.595,A,B,2055,25,30285
60620,60.62,B,A,2056,35,30310
60655,60.655,A,B,2057,35,30310
60690,60.69,B,A,2058,21,30345
60711,60.711,A,B,2059,21,30345
60732,60.732,B,A,2060,44,30366
60776,60.776,A,B,2061,44,30366
60820,60.82,B,A,2062,43,30410
60863,60.863,A,B,2063,43,30410
60906,60.906,B,A,2064,32,30453
60938,60.938,A,B,2065,32,30453
60970,60.97,B,A,2066,16,30485
60986,60.986,A,B,2067,16,30485
61002,61.002,B,A,2068,33,30501
61035,61.035,A,B,2069,33,30501
61068,61.068,B,A,2070,31,30534
61099,61.099,A,B,2071,31,30534
61130,61.13,B,A,2072,27,30565
61157,61.157,A,B,2073,27,30565
61184,61.184,B,A,2074,10,30592
61194,61.194,A,B,2075,10,30592
61204,61.204,B,A,2076,18,30602
61222,61.222,A,B,2077,18,30602
61240,61.24,B,A,2078,10,30620
61250,61.25,A,B,2079,10,30620
61260,61.26,B,A,2080,30,30630
61290,61.29,A,B,2081,30,30630
61320,61.32,B,A,2082,15,30660
61335,61.335,A,B,2083,15,30660
61350,61.35,B,A,2084,26,30675
61376,61.376,A,B,2085,26,30675
61402,61.402,B,A,2086,28,30701
61430,61.43,A,B,2087,28,30701
61458,61.458,B,A,2088,26,30729
61484,61.484,A,B,2089,26,30729
61510,61.51,B,A,2090,33,30755
61543,61.543,A,B,2091,33,30755
61576,61.576,B,A,2092,28,30788
61604,61.604,A,B,2093,28,30788
61632,61.632,B,A,2094,39,30816
61671,61.671,A,B,2095,39,30816
61710,61.71,B,A,2096,33,30855
61743,61.743,A,B,2097,33,30855
61776,61.776,B,A,2098,20,30888
61796,61.796,A,B,2099,20,30888
61816,61.816,B,A,2100,21,30908
61837,61.837,A,B,2101,21,30908
61858,61.858,B,A,2102,44,30929
61902,61.902,A,B,2103,44,30929
61946,61.946,B,A,2104,24,30973
61970,61.97,A,B,2105,24,30973
61994,61.994,B,A,2106,37,30997
62031,62.031,A,B,2107,37,30997
62068,62.068,B,A,2108,43,31034
62111,62.111,A,B,2109,43,31034
62154,62.154,B,A,2110,22,31077
62176,62.176,A,B,2111,22,31077
62198,62.198,B,A,2112,17,31099
62215,62.215,A,B,2113,17,31099
62232,62.232,B,A,2114,45,31116
62277,62.277,A,B,2115,45,31116
62322,62.322,B,A,2116,50,31161
62372,62.372,A,B,2117,50,31161
62422,62.422,B,A,2118,50,31211
62472,62.472,A,B,2119,50,31211
62522,62.522,B,A,2120,34,31261
62556,62.556,A,B,2121,34,31261
62590,62.59,B,A,2122,34,31295
62624,62.624,A,B,2123,34,31295
62658,62.658,B,A,2124,29,31329
62687,62.687,A,B,2125,29,31329
62716,62.716,B,A,2126,27,31358
62743,62.743,A,B,2127,27,31358
62770,62.77,B,A,2128,48,31385
62818,62.818,A,B,2129,48,31385
62866,62.866,B,A,2130,46,31433
62912,62.912,A,B,2131,46,31433
62958,62.958,B,A,2132,42,31479
63000,63.0,A,B,2133,42,31479
63042,63.042,B,A,2134,33,31521
63075,63.075,A,B,2135,33,31521
63108,63.108,B,A,2136,25,31554
63133,63.133,A,B,2137,25,31554
63158,63.158,B,A,2138,44,31579
63202,63.202,A,B,2139,44,31579
63246,63.246,B,A,2140,17,31623
63263,63.263,A,B,2141,17,31623
63280,63.28,B,A,2142,18,31640
63298,63.298,A,B,2143,18,31640
63316,63.316,B,A,2144,18,31658
63334,63.334,A,B,2145,18,31658
63352,63.352,B,A,2146,40,31676
63392,63.392,A,B,2147,40,31676
63432,63.432,B,A,2148,30,31716
63462,63.462,A,B,2149,30,31716
63492,63.492,B,A,2150,48,31746
63540,63.54,A,B,2151,48,31746
63588,63.588,B,A,2152,25,31794
63613,63.613,A,B,2153,25,31794
63638,63.638,B,A,2154,11,31819
63649,63.649,A,B,2155,11,31819
63660,63.66,B,A,2156,35,31830
63695,63.695,A,B,2157,35,31830
63730,63.73,B,A,2158,27,31865
63757,63.757,A,B,2159,27,31865
63784,63.784,B,A,2160,43,31892
63827,63.827,A,B,2161,43,31892
63870,63.87,B,A,2162,49,31935
63919,63.919,A,B,2163,49,31935
63968,63.968,B,A,2164,47,31984
64015,64.015,A,B,2165,47,31984
64062,64.062,B,A,2166,38,32031
64100,64.1,A,B,2167,38,32031
64138,64.138,B,A,2168,10,32069
64148,64.148,A,B,2169,10,32069
64158,64.158,B,A,2170,44,32079
64202,64.202,A,B,2171,44,32079
64246,64.246,B,A,2172,23,32123
64269,64.269,A,B,2173,23,32123
64292,64.292,B,A,2174,23,32146
64315,64.315,A,B,2175,23,32146
64338,64.338,B,A,2176,14,32169
64352,64.352,A,B,2177,14,32169
64366,64.366,B,A,2178,15,32183
64381,64.381,A,B,2179,15,32183
64396,64.396,B,A,2180,21,32198
64417,64.417,A,B,2181,21,32198
64438,64.438,B,A,2182,43,32219
64481,64.481,A,B,2183,43,32219
64524,64.524,B,A,2184,23,32262
64547,64.547,A,B,2185,23,32262
64570,64.57,B,A,2186,21,32285
64591,64.591,A,B,2187,21,32285
64612,64.612,B,A,2188,11,32306
64623,64.623,A,B,2189,11,32306
64634,64.634,B,A,2190,40,32317
64674,64.674,A,B,2191,40,32317
64714,64.714,B,A,2192,40,32357
64754,64.754,A,B,2193,40,32357
64794,64.794,B,A,2194,39,32397
64833,64.833,A,B,2195,39,32397
64872,64.872,B,A,2196,49,32436
64921,64.921,A,B,2197,49,32436
64970,64.97,B,A,2198,31,32485
65001,65.001,A,B,2199,31,32485
65032,65.032,B,A,2200,40,32516
65072,65.072,A,B,2201,40,32516
65112,65.112,B,A,2202,41,32556
65153,65.153,A,B,2203,41,32556
65194,65.194,B,A,2204,29,32597
65223,65.223,A,B,2205,29,32597
65252,65.252,B,A,2206,12,32626
65264,65.264,A,B,2207,12,32626
65276,65.276,B,A,2208,20,32638
65296,65.296,A,B,2209,20,32638
65316,65.316,B,A,2210,20,32658
65336,65.336,A,B,2211,20,32658
65356,65.356,B,A,2212,46,32678
65402,65.402,A,B,2213,46,32678
65448,65.448,B,A,2214,49,32724
65497,65.497,A,B,2215,49,32724
65546,65.546,B,A,2216,43,32773
65589,65.589,A,B,2217,43,32773
65632,65.632,B,A,2218,17,32816
65649,65.649,A,B,2219,17,32816
65666,65.666,B,A,2220,18,32833
65684,65.684,A,B,2221,18,32833
65702,65.702,B,A,2222,36,32851
65738,65.738,A,B,2223,36,32851
65774,65.774,B,A,2224,23,32887
65797,65.797,A,B,2225,23,32887
65820,65.82,B,A,2226,30,32910
65850,65.85,A,B,2227,30,32910
65880,65.88,B,A,2228,43,32940
65923,65.923,A,B,2229,43,32940
65966,65.966,B,A,2230,42,32983
66008,66.008,A,B,2231,42,32983
66050,66.05,B,A,2232,18,33025
66068,66.068,A,B,2233,18,33025
66086,66.086,B,A,2234,36,33043
66122,66.122,A,B,2235,36,33043
66158,66.158,B,A,2236,36,33079
66194,66.194,A,B,2237,36,33079
66230,66.23,B,A,2238,42,33115
66272,66.272,A,B,2239,42,33115
66314,66.314,B,A,2240,12,33157
66326,66.326,A,B,2241,12,33157
66338,66.338,B,A,2242,43,33169
66381,66.381,A,B,2243,43,33169
66424,66.424,B,A,2244,31,33212
66455,66.455,A,B,2245,31,33212
66486,66.486,B,A,2246,32,33243
66518,66.518,A,B,2247,32,33243
66550,66.55,B,A,2248,42,33275
66592,66.592,A,B,2249,42,33275
66634,66.634,B,A,2250,50,33317
66684,66.684,A,B,2251,50,33317
66734,66.734,B,A,2252,35,33367
66769,66.769,A,B,2253,35,33367
66804,66.804,B,A,2254,46,33402
66850,66.85,A,B,2255,46,33402
66896,66.896,B,A,2256,44,33448
66940,66.94,A,B,2257,44,33448
66984,66.984,B,A,2258,36,33492
67020,67.02,A,B,2259,36,33492
67056,67.056,B,A,2260,10,33528
67066,67.066,A,B,2261,10,33528
67076,67.076,B,A,2262,10,33538
67086,67.086,A,B,2263,10,33538
67096,67.096,B,A,2264,27,33548
67123,67.123,A,B,2265,27,33548
67150,67.15,B,A,2266,26,33575
67176,67.176,A,B,2267,26,33575
67202,67.202,B,A,2268,33,33601
67235,67.235,A,B,2269,33,33601
67268,67.268,B,A,2270,22,33634
67290,67.29,A,B,2271,22,33634
67312,67.312,B,A,2272,46,33656
67358,67.358,A,B,2273,46,33656
67404,67.404,B,A,2274,28,33702
67432,67.432,A,B,2275,28,33702
67460,67.46,B,A,2276,23,33730
67483,67.483,A,B,2277,23,33730
67506,67.506,B,A,2278,49,33753
67555,67.555,A,B,2279,49,33753
67604,67.604,B,A,2280,42,33802
67646,67.646,A,B,2281,42,33802
67688,67.688,B,A,2282,47,33844
67735,67.735,A,B,2283,47,33844
67782,67.782,B,A,2284,46,33891
67828,67.828,A,B,2285,46,33891
67874,67.874,B,A,2286,12,33937
67886,67.886,A,B,2287,12,33937
67898,67.898,B,A,2288,25,33949
67923,67.923,A,B,2289,25,33949
67948,67.948,B,A,2290,42,33974
67990,67.99,A,B,2291,42,33974
68032,68.032,B,A,2292,40,34016
68072,68.072,A,B,2293,40,34016
68112,68.112,B,A,2294,23,34056
68135,68.135,A,B,2295,23,34056
68158,68.158,B,A,2296,10,34079
68168,68.168,A,B,2297,10,34079
68178,68.178,B,A,2298,20,34089
68198,68.198,A,B,2299,20,34089
68218,68.218,B,A,2300,29,34109
68247,68.247,A,B,2301,29,34109
68276,68.276,B,A,2302,31,34138
68307,68.307,A,B,2303,31,34138
68338,68.338,B,A,2304,27,34169
68365,68.365,A,B,2305,27,34169
68392,68.392,B,A,2306,21,34196
68413,68.413,A,B,2307,21,34196
68434,68.434,B,A,2308,32,34217
68466,68.466,A,B,2309,32,34217
68498,68.498,B,A,2310,11,34249
68509,68.509,A,B,2311,11,34249
68520,68.52,B,A,2312,28,34260
68548,68.548,A,B,2313,28,34260
68576,68.576,B,A,2314,12,34288
68588,68.588,A,B,2315,12,34288
68600,68.6,B,A,2316,23,34300
68623,68.623,A,B,2317,23,34300
68646,68.646,B,A,2318,45,34323
68691,68.691,A,B,2319,45,34323
68736,68.736,B,A,2320,44,34368
68780,68.78,A,B,2321,44,34368
68824,68.824,B,A,2322,10,34412
68834,68.834,A,B,2323,10,34412
68844,68.844,B,A,2324,43,34422
68887,68.887,A,B,2325,43,34422
68930,68.93,B,A,2326,20,34465
68950,68.95,A,B,2327,20,34465
68970,68.97,B,A,2328,12,34485
68982,68.982,A,B,2329,12,34485
68994,68.994,B,A,2330,37,34497
69031,69.031,A,B,2331,37,34497
69068,69.068,B,A,2332,26,34534
69094,69.094,A,B,2333,26,34534
69120,69.12,B,A,2334,25,34560
69145,69.145,A,B,2335,25,34560
69170,69.17,B,A,2336,14,34585
69184,69.184,A,B,2337,14,34585
69198,69.198,B,A,2338,45,34599
69243,69.243,A,B,2339,45,34599
69288,69.288,B,A,2340,27,34644
69315,69.315,A,B,2341,27,34644
69342,69.342,B,A,2342,22,34671
69364,69.364,A,B,2343,22,34671
69386,69.386,B,A,2344,27,34693
69413,69.413,A,B,2345,27,34693
69440,69.44,B,A,2346,35,34720
69475,69.475,A,B,2347,35,34720
69510,69.51,B,A,2348,22,34755
69532,69.532,A,B,2349,22,34755
69554,69.554,B,A,2350,23,34777
69577,69.577,A,B,2351,23,34777
69600,69.6,B,A,2352,33,34800
69633,69.633,A,B,2353,33,34800
69666,69.666,B,A,2354,13,34833
69679,69.679,A,B,2355,13,34833
69692,69.692,B,A,2356,38,34846
69730,69.73,A,B,2357,38,34846
69768,69.768,B,A,2358,43,34884
69811,69.811,A,B,2359,43,34884
69854,69.854,B,A,2360,45,34927
69899,69.899,A,B,2361,45,34927
69944,69.944,B,A,2362,45,34972
69989,69.989,A,B,2363,45,34972
70034,70.034,B,A,2364,24,35017
70058,70.058,A,B,2365,24,35017
70082,70.082,B,A,2366,32,35041
70114,70.114,A,B,2367,32,35041
70146,70.146,B,A,2368,24,35073
70170,70.17,A,B,2369,24,35073
70194,70.194,B,A,2370,29,35097
70223,70.223,A,B,2371,29,35097
70252,70.252,B,A,2372,43,35126
70295,70.295,A,B,2373,43,35126
70338,70.338,B,A,2374,42,35169
70380,70.38,A,B,2375,42,35169
70422,70.422,B,A,2376,42,35211
70464,70.464,A,B,2377,42,35211
70506,70.506,B,A,2378,43,35253
70549,70.549,A,B,2379,43,35253
70592,70.592,B,A,2380,12,35296
70604,70.604,A,B,2381,12,35296
70616,70.616,B,A,2382,47,35308
70663,70.663,A,B,2383,47,35308
70710,70.71,B,A,2384,43,35355
70753,70.753,A,B,2385,43,35355
70796,70.796,B,A,2386,42,35398
70838,70.838,A,B,2387,42,35398
70880,70.88,B,A,2388,10,35440
70890,70.89,A,B,2389,10,35440
70900,70.9,B,A,2390,27,35450
70927,70.927,A,B,2391,27,35450
70954,70.954,B,A,2392,31,35477
70985,70.985,A,B,2393,31,35477
71016,71.016,B,A,2394,26,35508
71042,71.042,A,B,2395,26,35508
71068,71.068,B,A,2396,29,35534
71097,71.097,A,B,2397,29,35534
71126,71.126,B,A,2398,20,35563
71146,71.146,A,B,2399,20,35563
71166,71.166,B,A,2400,24,35583
71190,71.19,A,B,2401,24,35583
71214,71.214,B,A,2402,41,35607
71255,71.255,A,B,2403,41,35607
71296,71.296,B,A,2404,37,35648
71333,71.333,A,B,2405,37,35648
71370,71.37,B,A,2406,33,35685
71403,71.403,A,B,2407,33,35685
71436,71.436,B,A,2408,40,35718
71476,71.476,A,B,2409,40,35718
71516,71.516,B,A,2410,48,35758
71564,71.564,A,B,2411,48,35758
71612,71.612,B,A,2412,12,35806
71624,71.624,A,B,2413,12,35806
71636,71.636,B,A,2414,41,35818
71677,71.677,A,B,2415,41,35818
71718,71.718,B,A,2416,16,35859
71734,71.734,A,B,2417,16,35859
71750,71.75,B,A,2418,21,35875
71771,71.771,A,B,2419,21,35875
71792,71.792,B,A,2420,11,35896
71803,71.803,A,B,2421,11,35896
71814,71.814,B,A,2422,35,35907
71849,71.849,A,B,2423,35,35907
71884,71.884,B,A,2424,30,35942
71914,71.914,A,B,2425,30,35942
71944,71.944,B,A,2426,28,35972
71972,71.972,A,B,2427,28,35972
72000,72.0,B,A,2428,18,36000
72018,72.018,A,B,2429,18,36000
72036,72.036,B,A,2430,14,36018
72050,72.05,A,B,2431,14,36018
72064,72.064,B,A,2432,35,36032
72099,72.099,A,B,2433,35,36032
72134,72.134,B,A,2434,43,36067
72177,72.177,A,B,2435,43,36067
72220,72.22,B,A,2436,24,36110
72244,72.244,A,B,2437,24,36110
72268,72.268,B,A,2438,34,36134
72302,72.302,A,B,2439,34,36134
72336,72.336,B,A,2440,40,36168
72376,72.376,A,B,2441,40,36168
72416,72.416,B,A,2442,14,36208
72430,72.43,A,B,2443,14,36208
72444,72.444,B,A,2444,36,36222
72480,72.48,A,B,2445,36,36222
72516,72.516,B,A,2446,13,36258
72529,72.529,A,B,2447,13,36258
72542,72.542,B,A,2448,47,36271
72589,72.589,A,B,2449,47,36271
72636,72.636,B,A,2450,31,36318
72667,72.667,A,B,2451,31,36318
72698,72.698,B,A,2452,16,36349
72714,72.714,A,B,2453,16,36349
72730,72.73,B,A,2454,34,36365
72764,72.764,A,B,2455,34,36365
72798,72.798,B,A,2456,45,36399
72843,72.843,A,B,2457,45,36399
72888,72.888,B,A,2458,36,36444
72924,72.924,A,B,2459,36,36444
72960,72.96,B,A,2460,35,36480
72995,72.995,A,B,2461,35,36480
73030,73.03,B,A,2462,34,36515
73064,73.064,A,B,2463,34,36515
73098,73.098,B,A,2464,17,36549
73115,73.115,A,B,2465,17,36549
73132,73.132,B,A,2466,16,36566
73148,73.148,A,B,2467,16,36566
73164,73.164,B,A,2468,27,36582
73191,73.191,A,B,2469,27,36582
73218,73.218,B,A,2470,44,36609
73262,73.262,A,B,2471,44,36609
73306,73.306,B,A,2472,35,36653
73341,73.341,A,B,2473,35,36653
73376,73.376,B,A,2474,41,36688
73417,73.417,A,B,2475,41,36688
73458,73.458,B,A,2476,23,36729
73481,73.481,A,B,2477,23,36729
73504,73.504,B,A,2478,49,36752
73553,73.553,A,B,2479,49,36752
73602,73.602,B,A,2480,27,36801
73629,73.629,A,B,2481,27,36801
73656,73.656,B,A,2482,24,36828
73680,73.68,A,B,2483,24,36828
73704,73.704,B,A,2484,15,36852
73719,73.719,A,B,2485,15,36852
73734,73.734,B,A,2486,41,36867
73775,73.775,A,B,2487,41,36867
73816,73.816,B,A,2488,21,36908
73837,73.837,A,B,2489,21,36908
73858,73.858,B,A,2490,39,36929
73897,73.897,A,B,2491,39,36929
73936,73.936,B,A,2492,49,36968
73985,73.985,A,B,2493,49,36968
74034,74.034,B,A,2494,23,37017
74057,74.057,A,B,2495,23,37017
74080,74.08,B,A,2496,13,37040
74093,74.093,A,B,2497,13,37040
74106,74.106,B,A,2498,12,37053
74118,74.118,A,B,2499,12,37053
74130,74.13,B,A,2500,10,37065
74140,74.14,A,B,2501,10,37065
74150,74.15,B,A,2502,50,37075
74200,74.2,A,B,2503,50,37075
74250,74.25,B,A,2504,20,37125
74270,74.27,A,B,2505,20,37125
74290,74.29,B,A,2506,44,37145
74334,74.334,A,B,2507,44,37145
74378,74.378,B,A,2508,12,37189
74390,74.39,A,B,2509,12,37189
74402,74.402,B,A,2510,26,37201
74428,74.428,A,B,2511,26,37201
74454,74.454,B,A,2512,35,37227
74489,74.489,A,B,2513,35,37227
74524,74.524,B,A,2514,33,37262
74557,74.557,A,B,2515,33,37262
74590,74.59,B,A,2516,18,37295
74608,74.608,A,B,2517,18,37295
74626,74.626,B,A,2518,36,37313
74662,74.662,A,B,2519,36,37313
74698,74.698,B,A,2520,41,37349
74739,74.739,A,B,2521,41,37349
74780,74.78,B,A,2522,47,37390
74827,74.827,A,B,2523,47,37390
74874,74.874,B,A,2524,24,37437
74898,74.898,A,B,2525,24,37437
74922,74.922,B,A,2526,32,37461
74954,74.954,A,B,2527,32,37461
74986,74.986,B,A,2528,32,37493
75018,75.018,A,B,2529,32,37493
75050,75.05,B,A,2530,22,37525
75072,75.072,A,B,2531,22,37525
75094,75.094,B,A,2532,26,37547
75120,75.12,A,B,2533,26,37547
75146,75.146,B,A,2534,19,37573
75165,75.165,A,B,2535,19,37573
75184,75.184,B,A,2536,12,37592
75196,75.196,A,B,2537,12,37592
75208,75.208,B,A,2538,41,37604
75249,75.249,A,B,2539,41,37604
75290,75.29,B,A,2540,13,37645
75303,75.303,A,B,2541,13,37645
75316,75.316,B,A,2542,40,37658
75356,75.356,A,B,2543,40,37658
75396,75.396,B,A,2544,42,37698
75438,75.438,A,B,2545,42,37698
75480,75.48,B,A,2546,41,37740
75521,75.521,A,B,2547,41,37740
75562,75.562,B,A,2548,29,37781
75591,75.591,A,B,2549,29,37781
75620,75.62,B,A,2550,27,37810
75647,75.647,A,B,2551,27,37810
75674,75.674,B,A,2552,34,37837
75708,75.708,A,B,2553,34,37837
75742,75.742,B,A,2554,29,37871
75771,75.771,A,B,2555,29,37871
75800,75.8,B,A,2556,43,37900
75843,75.843,A,B,2557,43,37900
75886,75.886,B,A,2558,49,37943
75935,75.935,A,B,2559,49,37943
75984,75.984,B,A,2560,32,37992
76016,76.016,A,B,2561,32,37992
76048,76.048,B,A,2562,40,38024
76088,76.088,A,B,2563,40,38024
76128,76.128,B,A,2564,26,38064
76154,76.154,A,B,2565,26,38064
76180,76.18,B,A,2566,48,38090
76228,76.228,A,B,2567,48,38090
76276,76.276,B,A,2568,12,38138
76288,76.288,A,B,2569,12,38138
76300,76.3,B,A,2570,48,38150
76348,76.348,A,B,2571,48,38150
76396,76.396,B,A,2572,33,38198
76429,76.429,A,B,2573,33,38198
76462,76.462,B,A,2574,11,38231
76473,76.473,A,B,2575,11,38231
76484,76.484,B,A,2576,25,38242
76509,76.509,A,B,2577,25,38242
76534,76.534,B,A,2578,23,38267
76557,76.557,A,B,2579,23,38267
76580,76.58,B,A,2580,34,38290
76614,76.614,A,B,2581,34,38290
76648,76.648,B,A,2582,33,38324
76681,76.681,A,B,2583,33,38324
76714,76.714,B,A,2584,45,38357
76759,76.759,A,B,2585,45,38357
76804,76.804,B,A,2586,36,38402
76840,76.84,A,B,2587,36,38402
76876,76.876,B,A,2588,33,38438
76909,76.909,A,B,2589,33,38438
76942,76.942,B,A,2590,38,38471
76980,76.98,A,B,2591,38,38471
77018,77.018,B,A,2592,31,38509
77049,77.049,A,B,2593,31,38509
77080,77.08,B,A,2594,18,38540
77098,77.098,A,B,2595,18,38540
77116,77.116,B,A,2596,12,38558
77128,77.128,A,B,2597,12,38558
77140,77.14,B,A,2598,38,38570
77178,77.178,A,B,2599,38,38570
77216,77.216,B,A,2600,30,38608
77246,77.246,A,B,2601,30,38608
77276,77.276,B,A,2602,21,38638
77297,77.297,A,B,2603,21,38638
77318,77.318,B,A,2604,28,38659
77346,77.346,A,B,2605,28,38659
77374,77.374,B,A,2606,24,38687
77398,77.398,A,B,2607,24,38687
77422,77.422,B,A,2608,18,38711
77440,77.44,A,B,2609,18,38711
77458,77.458,B,A,2610,47,38729
77505,77.505,A,B,2611,47,38729
77552,77.552,B,A,2612,38,38776
77590,77.59,A,B,2613,38,38776
77628,77.628,B,A,2614,49,38814
77677,77.677,A,B,2615,49,38814
77726,77.726,B,A,2616,46,38863
77772,77.772,A,B,2617,46,38863
77818,77.818,B,A,2618,28,38909
77846,77.846,A,B,2619,28,38909
77874,77.874,B,A,2620,37,38937
77911,77.911,A,B,2621,37,38937
77948,77.948,B,A,2622,28,38974
77976,77.976,A,B,2623,28,38974
78004,78.004,B,A,2624,47,39002
78051,78.051,A,B,2625,47,39002
78098,78.098,B,A,2626,34,39049
78132,78.132,A,B,2627,34,39049
78166,78.166,B,A,2628,21,39083
78187,78.187,A,B,2629,21,39083
78208,78.208,B,A,2630,28,39104
78236,78.236,A,B,2631,28,39104
78264,78.264,B,A,2632,34,39132
78298,78.298,A,B,2633,34,39132
78332,78.332,B,A,2634,35,39166
78367,78.367,A,B,2635,35,39166
78402,78.402,B,A,2636,41,39201
78443,78.443,A,B,2637,41,39201
78484,78.484,B,A,2638,42,39242
78526,78.526,A,B,2639,42,39242
78568,78.568,B,A,2640,44,39284
78612,78.612,A,B,2641,44,39284
78656,78.656,B,A,2642,35,39328
78691,78.691,A,B,2643,35,39328
78726,78.726,B,A,2644,33,39363
78759,78.759,A,B,2645,33,39363
78792,78.792,B,A,2646,38,39396
78830,78.83,A,B,2647,38,39396
78868,78.868,B,A,2648,45,39434
78913,78.913,A,B,2649,45,39434
78958,78.958,B,A,2650,42,39479
79000,79.0,A,B,2651,42,39479
79042,79.042,B,A,2652,49,39521
79091,79.091,A,B,2653,49,39521
79140,79.14,B,A,2654,38,39570
79178,79.178,A,B,2655,38,39570
79216,79.216,B,A,2656,23,39608
79239,79.239,A,B,2657,23,39608
79262,79.262,B,A,2658,25,39631
79287,79.287,A,B,2659,25,39631
79312,79.312,B,A,2660,15,39656
79327,79.327,A,B,2661,15,39656
79342,79.342,B,A,2662,38,39671
79380,79.38,A,B,2663,38,39671
79418,79.418,B,A,2664,48,39709
79466,79.466,A,B,2665,48,39709
79514,79.514,B,A,2666,39,39757
79553,79.553,A,B,2667,39,39757
79592,79.592,B,A,2668,33,39796
79625,79.625,A,B,2669,33,39796
79658,79.658,B,A,2670,36,39829
79694,79.694,A,B,2671,36,39829
79730,79.73,B,A,2672,42,39865
79772,79.772,A,B,2673,42,39865
79814,79.814,B,A,2674,17,39907
79831,79.831,A,B,2675,17,39907
79848,79.848,B,A,2676,34,39924
79882,79.882,A,B,2677,34,39924
79916,79.916,B,A,2678,35,39958
79951,79.951,A,B,2679,35,39958
79986,79.986,B,A,2680,44,39993
80030,80.03,A,B,2681,44,39993
80074,80.074,B,A,2682,36,40037
80110,80.11,A,B,2683,36,40037
80146,80.146,B,A,2684,36,40073
80182,80.182,A,B,2685,36,40073
80218,80.218,B,A,2686,40,40109
80258,80.258,A,B,2687,40,40109
80298,80.298,B,A,2688,28,40149
80326,80.326,A,B,2689,28,40149
80354,80.354,B,A,2690,11,40177
80365,80.365,A,B,2691,11,40177
80376,80.376,B,A,2692,17,40188
80393,80.393,A,B,2693,17,40188
80410,80.41,B,A,2694,29,40205
80439,80.439,A,B,2695,29,40205
80468,80.468,B,A,2696,50,40234
80518,80.518,A,B,2697,50,40234
80568,80.568,B,A,2698,20,40284
80588,80.588,A,B,2699,20,40284
80608,80.608,B,A,2700,34,40304
80642,80.642,A,B,2701,34,40304
80676,80.676,B,A,2702,44,40338
80720,80.72,A,B,2703,44,40338
80764,80.764,B,A,2704,17,40382
80781,80.781,A,B,2705,17,40382
80798,80.798,B,A,2706,38,40399
80836,80.836,A,B,2707,38,40399
80874,80.874,B,A,2708,15,40437
80889,80.889,A,B,2709,15,40437
80904,80.904,B,A,2710,45,40452
80949,80.949,A,B,2711,45,40452
80994,80.994,B,A,2712,45,40497
81039,81.039,A,B,2713,45,40497
81084,81.084,B,A,2714,49,40542
81133,81.133,A,B,2715,49,40542
81182,81.182,B,A,2716,42,40591
81224,81.224,A,B,2717,42,40591
81266,81.266,B,A,2718,44,40633
81310,81.31,A,B,2719,44,40633
81354,81.354,B,A,2720,11,40677
81365,81.365,A,B,2721,11,40677
81376,81.376,B,A,2722,29,40688
81405,81.405,A,B,2723,29,40688
81434,81.434,B,A,2724,41,40717
81475,81.475,A,B,2725,41,40717
81516,81.516,B,A,2726,17,40758
81533,81.533,A,B,2727,17,40758
81550,81.55,B,A,2728,50,40775
81600,81.6,A,B,2729,50,40775
81650,81.65,B,A,2730,30,40825
81680,81.68,A,B,2731,30,40825
81710,81.71,B,A,2732,12,40855
81722,81.722,A,B,2733,12,40855
81734,81.734,B,A,2734,38,40867
81772,81.772,A,B,2735,38,40867
81810,81.81,B,A,2736,39,40905
81849,81.849,A,B,2737,39,40905
81888,81.888,B,A,2738,43,40944
81931,81.931,A,B,2739,43,40944
81974,81.974,B,A,2740,23,40987
81997,81.997,A,B,2741,23,40987
82020,82.02,B,A,2742,47,41010
82067,82.067,A,B,2743,47,41010
82114,82.114,B,A,2744,42,41057
82156,82.156,A,B,2745,42,41057
82198,82.198,B,A,2746,42,41099
82240,82.24,A,B,2747,42,41099
82282,82.282,B,A,2748,28,41141
82310,82.31,A,B,2749,28,41141
82338,82.338,B,A,2750,17,41169
82355,82.355,A,B,2751,17,41169
82372,82.372,B,A,2752,14,41186
82386,82.386,A,B,2753,14,41186
82400,82.4,B,A,2754,31,41200
82431,82.431,A,B,2755,31,41200
82462,82.462,B,A,2756,28,41231
82490,82.49,A,B,2757,28,41231
82518,82.518,B,A,2758,23,41259
82541,82.541,A,B,2759,23,41259
82564,82.564,B,A,2760,19,41282
82583,82.583,A,B,2761,19,41282
82602,82.602,B,A,2762,12,41301
82614,82.614,A,B,2763,12,41301
82626,82.626,B,A,2764,41,41313
82667,82.667,A,B,2765,41,41313
82708,82.708,B,A,2766,19,41354
82727,82.727,A,B,2767,19,41354
82746,82.746,B,A,2768,17,41373
82763,82.763,A,B,2769,17,41373
82780,82.78,B,A,2770,50,41390
82830,82.83,A,B,2771,50,41390
82880,82.88,B,A,2772,14,41440
82894,82.894,A,B,2773,14,41440
82908,82.908,B,A,2774,26,41454
82934,82.934,A,B,2775,26,41454
82960,82.96,B,A,2776,31,41480
82991,82.991,A,B,2777,31,41480
83022,83.022,B,A,2778,48,41511
83070,83.07,A,B,2779,48,41511
83118,83.118,B,A,2780,41,41559
83159,83.159,A,B,2781,41,41559
83200,83.2,B,A,2782,48,41600
83248,83.248,A,B,2783,48,41600
83296,83.296,B,A,2784,34,41648
83330,83.33,A,B,2785,34,41648
83364,83.364,B,A,2786,39,41682
83403,83.403,A,B,2787,39,41682
83442,83.442,B,A,2788,30,41721
83472,83.472,A,B,2789,30,41721
83502,83.502,B,A,2790,46,41751
83548,83.548,A,B,2791,46,41751
83594,83.594,B,A,2792,37,41797
83631,83.631,A,B,2793,37,41797
83668,83.668,B,A,2794,32,41834
83700,83.7,A,B,2795,32,41834
83732,83.732,B,A,2796,10,41866
83742,83.742,A,B,2797,10,41866
83752,83.752,B,A,2798,24,41876
83776,83.776,A,B,2799,24,41876
83800,83.8,B,A,2800,31,41900
83831,83.831,A,B,2801,31,41900
83862,83.862,B,A,2802,15,41931
83877,83.877,A,B,2803,15,41931
83892,83.892,B,A,2804,17,41946
83909,83.909,A,B,2805,17,41946
83926,83.926,B,A,2806,33,41963
83959,83.959,A,B,2807,33,41963
83992,83.992,B,A,2808,37,41996
84029,84.029,A,B,2809,37,41996
84066,84.066,B,A,2810,31,42033
84097,84.097,A,B,2811,31,42033
84128,84.128,B,A,2812,42,42064
84170,84.17,A,B,2813,42,42064
84212,84.212,B,A,2814,21,42106
84233,84.233,A,B,2815,21,42106
84254,84.254,B,A,2816,15,42127
84269,84.269,A,B,2817,15,42127
84284,84.284,B,A,2818,20,42142
84304,84.304,A,B,2819,20,42142
84324,84.324,B,A,2820,19,42162
84343,84.343,A,B,2821,19,42162
84362,84.362,B,A,2822,17,42181
84379,84.379,A,B,2823,17,42181
84396,84.396,B,A,2824,33,42198
84429,84.429,A,B,2825,33,42198
84462,84.462,B,A,2826,45,42231
84507,84.507,A,B,2827,45,42231
84552,84.552,B,A,2828,48,42276
84600,84.6,A,B,2829,48,42276
84648,84.648,B,A,2830,43,42324
84691,84.691,A,B,2831,43,42324
84734,84.734,B,A,2832,50,42367
84784,84.784,A,B,2833,50,42367
84834,84.834,B,A,2834,44,42417
84878,84.878,A,B,2835,44,42417
84922,84.922,B,A,2836,41,42461
84963,84.963,A,B,2837,41,42461
85004,85.004,B,A,2838,27,42502
85031,85.031,A,B,2839,27,42502
85058,85.058,B,A,2840,11,42529
85069,85.069,A,B,2841,11,42529
85080,85.08,B,A,2842,43,42540
85123,85.123,A,B,2843,43,42540
85166,85.166,B,A,2844,43,42583
85209,85.209,A,B,2845,43,42583
85252,85.252,B,A,2846,42,42626
85294,85.294,A,B,2847,42,42626
85336,85.336,B,A,2848,16,42668
85352,85.352,A,B,2849,16,42668
85368,85.368,B,A,2850,14,42684
85382,85.382,A,B,2851,14,42684
85396,85.396,B,A,2852,50,42698
85446,85.446,A,B,2853,50,42698
85496,85.496,B,A,2854,47,42748
85543,85.543,A,B,2855,47,42748
85590,85.59,B,A,2856,31,42795
85621,85.621,A,B,2857,31,42795
85652,85.652,B,A,2858,25,42826
85677,85.677,A,B,2859,25,42826
85702,85.702,B,A,2860,34,42851
85736,85.736,A,B,2861,34,42851
85770,85.77,B,A,2862,20,42885
85790,85.79,A,B,2863,20,42885
85810,85.81,B,A,2864,12,42905
85822,85.822,A,B,2865,12,42905
85834,85.834,B,A,2866,15,42917
85849,85.849,A,B,2867,15,42917
85864,85.864,B,A,2868,20,42932
85884,85.884,A,B,2869,20,42932
85904,85.904,B,A,2870,26,42952
85930,85.93,A,B,2871,26,42952
85956,85.956,B,A,2872,46,42978
86002,86.002,A,B,2873,46,42978
86048,86.048,B,A,2874,39,43024
86087,86.087,A,B,2875,39,43024
86126,86.126,B,A,2876,20,43063
86146,86.146,A,B,2877,20,43063
86166,86.166,B,A,2878,28,43083
86194,86.194,A,B,2879,28,43083
86222,86.222,B,A,2880,28,43111
86250,86.25,A,B,2881,28,43111
86278,86.278,B,A,2882,18,43139
86296,86.296,A,B,2883,18,43139
86314,86.314,B,A,2884,43,43157
86357,86.357,A,B,2885,43,43157
86400,86.4,B,A,2886,47,43200
86447,86.447,A,B,2887,47,43200
86494,86.494,B,A,2888,13,43247
86507,86.507,A,B,2889,13,43247
86520,86.52,B,A,2890,14,43260
86534,86.534,A,B,2891,14,43260
86548,86.548,B,A,2892,38,43274
86586,86.586,A,B,2893,38,43274
86624,86.624,B,A,2894,36,43312
86660,86.66,A,B,2895,36,43312
86696,86.696,B,A,2896,50,43348
86746,86.746,A,B,2897,50,43348
86796,86.796,B,A,2898,13,43398
86809,86.809,A,B,2899,13,43398
86822,86.822,B,A,2900,29,43411
86851,86.851,A,B,2901,29,43411
86880,86.88,B,A,2902,42,43440
86922,86.922,A,B,2903,42,43440
86964,86.964,B,A,2904,10,43482
86974,86.974,A,B,2905,10,43482
86984,86.984,B,A,2906,25,43492
87009,87.009,A,B,2907,25,43492
87034,87.034,B,A,2908,24,43517
87058,87.058,A,B,2909,24,43517
87082,87.082,B,A,2910,16,43541
87098,87.098,A,B,2911,16,43541
87114,87.114,B,A,2912,35,43557
87149,87.149,A,B,2913,35,43557
87184,87.184,B,A,2914,23,43592
87207,87.207,A,B,2915,23,43592
87230,87.23,B,A,2916,12,43615
87242,87.242,A,B,2917,12,43615
87254,87.254,B,A,2918,16,43627
87270,87.27,A,B,2919,16,43627
87286,87.286,B,A,2920,32,43643
87318,87.318,A,B,2921,32,43643
87350,87.35,B,A,2922,44,43675
87394,87.394,A,B,2923,44,43675
87438,87.438,B,A,2924,18,43719
87456,87.456,A,B,2925,18,43719
87474,87.474,B,A,2926,40,43737
87514,87.514,A,B,2927,40,43737
87554,87.554,B,A,2928,39,43777
87593,87.593,A,B,2929,39,43777
87632,87.632,B,A,2930,25,43816
87657,87.657,A,B,2931,25,43816
87682,87.682,B,A,2932,43,43841
87725,87.725,A,B,2933,43,43841
87768,87.768,B,A,2934,27,43884
87795,87.795,A,B,2935,27,43884
87822,87.822,B,A,2936,34,43911
87856,87.856,A,B,2937,34,43911
87890,87.89,B,A,2938,18,43945
87908,87.908,A,B,2939,18,43945
87926,87.926,B,A,2940,42,43963
87968,87.968,A,B,2941,42,43963
88010,88.01,B,A,2942,14,44005
88024,88.024,A,B,2943,14,44005
88038,88.038,B,A,2944,24,44019
88062,88.062,A,B,2945,24,44019
88086,88.086,B,A,2946,37,44043
88123,88.123,A,B,2947,37,44043
88160,88.16,B,A,2948,28,44080
88188,88.188,A,B,2949,28,44080
88216,88.216,B,A,2950,12,44108
88228,88.228,A,B,2951,12,44108
88240,88.24,B,A,2952,11,44120
88251,88.251,A,B,2953,11,44120
88262,88.262,B,A,2954,30,44131
88292,88.292,A,B,2955,30,44131
88322,88.322,B,A,2956,19,44161
88341,88.341,A,B,2957,19,44161
88360,88.36,B,A,2958,45,44180
88405,88.405,A,B,2959,45,44180
88450,88.45,B,A,2960,23,44225
88473,88.473,A,B,2961,23,44225
88496,88.496,B,A,2962,43,44248
88539,88.539,A,B,2963,43,44248
88582,88.582,B,A,2964,27,44291
88609,88.609,A,B,2965,27,44291
88636,88.636,B,A,2966,11,44318
88647,88.647,A,B,2967,11,44318
88658,88.658,B,A,2968,33,44329
88691,88.691,A,B,2969,33,44329
88724,88.724,B,A,2970,29,44362
88753,88.753,A,B,2971,29,44362
88782,88.782,B,A,2972,31,44391
88813,88.813,A,B,2973,31,44391
88844,88.844,B,A,2974,44,44422
88888,88.888,A,B,2975,44,44422
88932,88.932,B,A,2976,34,44466
88966,88.966,A,B,2977,34,44466
89000,89.0,B,A,2978,14,44500
89014,89.014,A,B,2979,14,44500
89028,89.028,B,A,2980,11,44514
89039,89.039,A,B,2981,11,44514
89050,89.05,B,A,2982,39,44525
89089,89.089,A,B,2983,39,44525
89128,89.128,B,A,2984,42,44564
89170,89.17,A,B,2985,42,44564
89212,89.212,B,A,2986,27,44606
89239,89.239,A,B,2987,27,44606
89266,89.266,B,A,2988,45,44633
89311,89.311,A,B,2989,45,44633
89356,89.356,B,A,2990,45,44678
89401,89.401,A,B,2991,45,44678
89446,89.446,B,A,2992,36,44723
89482,89.482,A,B,2993,36,44723
89518,89.518,B,A,2994,41,44759
89559,89.559,A,B,2995,41,44759
89600,89.6,B,A,2996,46,44800
89646,89.646,A,B,2997,46,44800
89692,89.692,B,A,2998,47,44846
89739,89.739,A,B,2999,47,44846
89786,89.786,B,A,3000,50,44893
89836,89.836,A,B,3001,50,44893
89886,89.886,B,A,3002,43,44943
89929,89.929,A,B,3003,43,44943
89972,89.972,B,A,3004,25,44986
89997,89.997,A,B,3005,25,44986
90022,90.022,B,A,3006,29,45011
90051,90.051,A,B,3007,29,45011
90080,90.08,B,A,3008,16,45040
90096,90.096,A,B,3009,16,45040
90112,90.112,B,A,3010,50,45056
90162,90.162,A,B,3011,50,45056
90212,90.212,B,A,3012,40,45106
90252,90.252,A,B,3013,40,45106
90292,90.292,B,A,3014,44,45146
90336,90.336,A,B,3015,44,45146
90380,90.38,B,A,3016,47,45190
90427,90.427,A,B,3017,47,45190
90474,90.474,B,A,3018,35,45237
90509,90.509,A,B,3019,35,45237
90544,90.544,B,A,3020,14,45272
90558,90.558,A,B,3021,14,45272
90572,90.572,B,A,3022,39,45286
90611,90.611,A,B,3023,39,45286
90650,90.65,B,A,3024,40,45325
90690,90.69,A,B,3025,40,45325
90730,90.73,B,A,3026,27,45365
90757,90.757,A,B,3027,27,45365
90784,90.784,B,A,3028,19,45392
90803,90.803,A,B,3029,19,45392
90822,90.822,B,A,3030,34,45411
90856,90.856,A,B,3031,34,45411
90890,90.89,B,A,3032,15,45445
90905,90.905,A,B,3033,15,45445
90920,90.92,B,A,3034,10,45460
90930,90.93,A,B,3035,10,45460
90940,90.94,B,A,3036,44,45470
90984,90.984,A,B,3037,44,45470
91028,91.028,B,A,3038,23,45514
91051,91.051,A,B,3039,23,45514
91074,91.074,B,A,3040,21,45537
91095,91.095,A,B,3041,21,45537
91116,91.116,B,A,3042,20,45558
91136,91.136,A,B,3043,20,45558
91156,91.156,B,A,3044,36,45578
91192,91.192,A,B,3045,36,45578
91228,91.228,B,A,3046,10,45614
91238,91.238,A,B,3047,10,45614
91248,91.248,B,A,3048,25,45624
91273,91.273,A,B,3049,25,45624
91298,91.298,B,A,3050,45,45649
91343,91.343,A,B,3051,45,45649
91388,91.388,B,A,3052,24,45694
91412,91.412,A,B,3053,24,45694
91436,91.436,B,A,3054,49,45718
91485,91.485,A,B,3055,49,45718
91534,91.534,B,A,3056,31,45767
91565,91.565,A,B,3057,31,45767
91596,91.596,B,A,3058,28,45798
91624,91.624,A,B,3059,28,45798
91652,91.652,B,A,3060,14,45826
91666,91.666,A,B,3061,14,45826
91680,91.68,B,A,3062,38,45840
91718,91.718,A,B,3063,38,45840
91756,91.756,B,A,3064,30,45878
91786,91.786,A,B,3065,30,45878
91816,91.816,B,A,3066,43,45908
91859,91.859,A,B,3067,43,45908
91902,91.902,B,A,3068,20,45951
91922,91.922,A,B,3069,20,45951
91942,91.942,B,A,3070,24,45971
91966,91.966,A,B,3071,24,45971
91990,91.99,B,A,3072,50,45995
92040,92.04,A,B,3073,50,45995
92090,92.09,B,A,3074,44,46045
92134,92.134,A,B,3075,44,46045
92178,92.178,B,A,3076,48,46089
92226,92.226,A,B,3077,48,46089
92274,92.274,B,A,3078,19,46137
92293,92.293,A,B,3079,19,46137
92312,92.312,B,A,3080,35,46156
92347,92.347,A,B,3081,35,46156
92382,92.382,B,A,3082,22,46191
92404,92.404,A,B,3083,22,46191
92426,92.426,B,A,3084,26,46213
92452,92.452,A,B,3085,26,46213
92478,92.478,B,A,3086,49,46239
92527,92.527,A,B,3087,49,46239
92576,92.576,B,A,3088,50,46288
92626,92.626,A,B,3089,50,46288
92676,92.676,B,A,3090,46,46338
92722,92.722,A,B,3091,46,46338
92768,92.768,B,A,3092,28,46384
92796,92.796,A,B,3093,28,46384
92824,92.824,B,A,3094,42,46412
92866,92.866,A,B,3095,42,46412
92908,92.908,B,A,3096,18,46454
92926,92.926,A,B,3097,18,46454
92944,92.944,B,A,3098,41,46472
92985,92.985,A,B,3099,41,46472
93026,93.026,B,A,3100,47,46513
93073,93.073,A,B,3101,47,46513
93120,93.12,B,A,3102,47,46560
93167,93.167,A,B,3103,47,46560
93214,93.214,B,A,3104,19,46607
93233,93.233,A,B,3105,19,46607
93252,93.252,B,A,3106,11,46626
93263,93.263,A,B,3107,11,46626
93274,93.274,B,A,3108,37,46637
93311,93.311,A,B,3109,37,46637
93348,93.348,B,A,3110,34,46674
93382,93.382,A,B,3111,34,46674
93416,93.416,B,A,3112,12,46708
93428,93.428,A,B,3113,12,46708
93440,93.44,B,A,3114,46,46720
93486,93.486,A,B,3115,46,46720
93532,93.532,B,A,3116,15,46766
93547,93.547,A,B,3117,15,46766
93562,93.562,B,A,3118,43,46781
93605,93.605,A,B,3119,43,46781
93648,93.648,B,A,3120,24,46824
93672,93.672,A,B,3121,24,46824
93696,93.696,B,A,3122,34,46848
93730,93.73,A,B,3123,34,46848
93764,93.764,B,A,3124,23,46882
93787,93.787,A,B,3125,23,46882
93810,93.81,B,A,3126,10,46905
93820,93.82,A,B,3127,10,46905
93830,93.83,B,A,3128,50,46915
93880,93.88,A,B,3129,50,46915
93930,93.93,B,A,3130,40,46965
93970,93.97,A,B,3131,40,46965
94010,94.01,B,A,3132,14,47005
94024,94.024,A,B,3133,14,47005
94038,94.038,B,A,3134,31,47019
94069,94.069,A,B,3135,31,47019
94100,94.1,B,A,3136,17,47050
94117,94.117,A,B,3137,17,47050
94134,94.134,B,A,3138,26,47067
94160,94.16,A,B,3139,26,47067
94186,94.186,B,A,3140,16,47093
94202,94.202,A,B,3141,16,47093
94218,94.218,B,A,3142,12,47109
94230,94.23,A,B,3143,12,47109
94242,94.242,B,A,3144,12,47121
94254,94.254,A,B,3145,12,47121
94266,94.266,B,A,3146,28,47133
94294,94.294,A,B,3147,28,47133
94322,94.322,B,A,3148,46,47161
94368,94.368,A,B,3149,46,47161
94414,94.414,B,A,3150,43,47207
94457,94.457,A,B,3151,43,47207
94500,94.5,B,A,3152,47,47250
94547,94.547,A,B,3153,47,47250
94594,94.594,B,A,3154,17,47297
94611,94.611,A,B,3155,17,47297
94628,94.628,B,A,3156,38,47314
94666,94.666,A,B,3157,38,47314
94704,94.704,B,A,3158,38,47352
94742,94.742,A,B,3159,38,47352
94780,94.78,B,A,3160,39,47390
94819,94.819,A,B,3161,39,47390
94858,94.858,B,A,3162,34,47429
94892,94.892,A,B,3163,34,47429
94926,94.926,B,A,3164,30,47463
94956,94.956,A,B,3165,30,47463
94986,94.986,B,A,3166,50,47493
95036,95.036,A,B,3167,50,47493
95086,95.086,B,A,3168,45,47543
95131,95.131,A,B,3169,45,47543
95176,95.176,B,A,3170,45,47588
95221,95.221,A,B,3171,45,47588
95266,95.266,B,A,3172,19,47633
95285,95.285,A,B,3173,19,47633
95304,95.304,B,A,3174,41,47652
95345,95.345,A,B,3175,41,47652
95386,95.386,B,A,3176,21,47693
95407,95.407,A,B,3177,21,47693
95428,95.428,B,A,3178,25,47714
95453,95.453,A,B,3179,25,47714
95478,95.478,B,A,3180,27,47739
95505,95.505,A,B,3181,27,47739
95532,95.532,B,A,3182,25,47766
95557,95.557,A,B,3183,25,47766
95582,95.582,B,A,3184,48,47791
95630,95.63,A,B,3185,48,47791
95678,95.678,B,A,3186,33,47839
95711,95.711,A,B,3187,33,47839
95744,95.744,B,A,3188,46,47872
95790,95.79,A,B,3189,46,47872
95836,95.836,B,A,3190,35,47918
95871,95.871,A,B,3191,35,47918
95906,95.906,B,A,3192,29,47953
95935,95.935,A,B,3193,29,47953
95964,95.964,B,A,3194,42,47982
96006,96.006,A,B,3195,42,47982
96048,96.048,B,A,3196,48,48024
96096,96.096,A,B,3197,48,48024
96144,96.144,B,A,3198,11,48072
96155,96.155,A,B,3199,11,48072
96166,96.166,B,A,3200,41,48083
96207,96.207,A,B,3201,41,48083
96248,96.248,B,A,3202,37,48124
96285,96.285,A,B,3203,37,48124
96322,96.322,B,A,3204,23,48161
96345,96.345,A,B,3205,23,48161
96368,96.368,B,A,3206,12,48184
96380,96.38,A,B,3207,12,48184
96392,96.392,B,A,3208,41,48196
96433,96.433,A,B,3209,41,48196
96474,96.474,B,A,3210,37,48237
96511,96.511,A,B,3211,37,48237
96548,96.548,B,A,3212,34,48274
96582,96.582,A,B,3213,34,48274
96616,96.616,B,A,3214,15,48308
96631,96.631,A,B,3215,15,48308
96646,96.646,B,A,3216,22,48323
96668,96.668,A,B,3217,22,48323
96690,96.69,B,A,3218,32,48345
96722,96.722,A,B,3219,32,48345
96754,96.754,B,A,3220,13,48377
96767,96.767,A,B,3221,13,48377
96780,96.78,B,A,3222,23,48390
96803,96.803,A,B,3223,23,48390
96826,96.826,B,A,3224,10,48413
96836,96.836,A,B,3225,10,48413
96846,96.846,B,A,3226,45,48423
96891,96.891,A,B,3227,45,48423
96936,96.936,B,A,3228,19,48468
96955,96.955,A,B,3229,19,48468
96974,96.974,B,A,3230,16,48487
96990,96.99,A,B,3231,16,48487
97006,97.006,B,A,3232,26,48503
97032,97.032,A,B,3233,26,48503
97058,97.058,B,A,3234,16,48529
97074,97.074,A,B,3235,16,48529
97090,97.09,B,A,3236,21,48545
97111,97.111,A,B,3237,21,48545
97132,97.132,B,A,3238,38,48566
97170,97.17,A,B,3239,38,48566
97208,97.208,B,A,3240,20,48604
97228,97.228,A,B,3241,20,48604
97248,97.248,B,A,3242,43,48624
97291,97.291,A,B,3243,43,48624
97334,97.334,B,A,3244,20,48667
97354,97.354,A,B,3245,20,48667
97374,97.374,B,A,3246,15,48687
97389,97.389,A,B,3247,15,48687
97404,97.404,B,A,3248,28,48702
97432,97.432,A,B,3249,28,48702
97460,97.46,B,A,3250,39,48730
97499,97.499,A,B,3251,39,48730
97538,97.538,B,A,3252,24,48769
97562,97.562,A,B,3253,24,48769
97586,97.586,B,A,3254,48,48793
97634,97.634,A,B,3255,48,48793
97682,97.682,B,A,3256,38,48841
97720,97.72,A,B,3257,38,48841
97758,97.758,B,A,3258,41,48879
97799,97.799,A,B,3259,41,48879
97840,97.84,B,A,3260,11,48920
97851,97.851,A,B,3261,11,48920
97862,97.862,B,A,3262,29,48931
97891,97.891,A,B,3263,29,48931
97920,97.92,B,A,3264,30,48960
97950,97.95,A,B,3265,30,48960
97980,97.98,B,A,3266,25,48990
98005,98.005,A,B,3267,25,48990
98030,98.03,B,A,3268,23,49015
98053,98.053,A,B,3269,23,49015
98076,98.076,B,A,3270,49,49038
98125,98.125,A,B,3271,49,49038
98174,98.174,B,A,3272,17,49087
98191,98.191,A,B,3273,17,49087
98208,98.208,B,A,3274,18,49104
98226,98.226,A,B,3275,18,49104
98244,98.244,B,A,3276,19,49122
98263,98.263,A,B,3277,19,49122
98282,98.282,B,A,3278,34,49141
98316,98.316,A,B,3279,34,49141
98350,98.35,B,A,3280,15,49175
98365,98.365,A,B,3281,15,49175
98380,98.38,B,A,3282,14,49190
98394,98.394,A,B,3283,14,49190
98408,98.408,B,A,3284,38,49204
98446,98.446,A,B,3285,38,49204
98484,98.484,B,A,3286,14,49242
98498,98.498,A,B,3287,14,49242
98512,98.512,B,A,3288,23,49256
98535,98.535,A,B,3289,23,49256
98558,98.558,B,A,3290,31,49279
98589,98.589,A,B,3291,31,49279
98620,98.62,B,A,3292,28,49310
98648,98.648,A,B,3293,28,49310
98676,98.676,B,A,3294,40,49338
98716,98.716,A,B,3295,40,49338
98756,98.756,B,A,3296,47,49378
98803,98.803,A,B,3297,47,49378
98850,98.85,B,A,3298,31,49425
98881,98.881,A,B,3299,31,49425
98912,98.912,B,A,3300,27,49456
98939,98.939,A,B,3301,27,49456
98966,98.966,B,A,3302,46,49483
99012,99.012,A,B,3303,46,49483
99058,99.058,B,A,3304,16,49529
99074,99.074,A,B,3305,16,49529
99090,99.09,B,A,3306,37,49545
99127,99.127,A,B,3307,37,49545
99164,99.164,B,A,3308,37,49582
99201,99.201,A,B,3309,37,49582
99238,99.238,B,A,3310,32,49619
99270,99.27,A,B,3311,32,49619
99302,99.302,B,A,3312,22,49651
99324,99.324,A,B,3313,22,49651
99346,99.346,B,A,3314,33,49673
99379,99.379,A,B,3315,33,49673
99412,99.412,B,A,3316,46,49706
99458,99.458,A,B,3317,46,49706
99504,99.504,B,A,3318,19,49752
99523,99.523,A,B,3319,19,49752
99542,99.542,B,A,3320,29,49771
99571,99.571,A,B,3321,29,49771
99600,99.6,B,A,3322,34,49800
99634,99.634,A,B,3323,34,49800
99668,99.668,B,A,3324,24,49834
99692,99.692,A,B,3325,24,49834
99716,99.716,B,A,3326,23,49858
99739,99.739,A,B,3327,23,49858
99762,99.762,B,A,3328,29,49881
99791,99.791,A,B,3329,29,49881
99820,99.82,B,A,3330,31,49910
99851,99.851,A,B,3331,31,49910
99882,99.882,B,A,3332,30,49941
99912,99.912,A,B,3333,30,49941
99942,99.942,B,A,3334,31,49971
99973,99.973,A,B,3335,31,49971
100004,100.004,B,A,3336,20,50002
100024,100.024,A,B,3337,20,50002
100044,100.044,B,A,3338,40,50022
100084,100.084,A,B,3339,40,50022
100124,100.124,B,A,3340,26,50062
100150,100.15,A,B,3341,26,50062
100176,100.176,B,A,3342,27,50088
100203,100.203,A,B,3343,27,50088
100230,100.23,B,A,3344,23,50115
100253,100.253,A,B,3345,23,50115
100276,100.276,B,A,3346,27,50138
100303,100.303,A,B,3347,27,50138
100330,100.33,B,A,3348,28,50165
100358,100.358,A,B,3349,28,50165
100386,100.386,B,A,3350,38,50193
100424,100.424,A,B,3351,38,50193
100462,100.462,B,A,3352,43,50231
100505,100.505,A,B,3353,43,50231
100548,100.548,B,A,3354,33,50274
100581,100.581,A,B,3355,33,50274
100614,100.614,B,A,3356,15,50307
100629,100.629,A,B,3357,15,50307
100644,100.644,B,A,3358,38,50322
100682,100.682,A,B,3359,38,50322
100720,100.72,B,A,3360,38,50360
100758,100.758,A,B,3361,38,50360
100796,100.796,B,A,3362,18,50398
100814,100.814,A,B,3363,18,50398
100832,100.832,B,A,3364,35,50416
100867,100.867,A,B,3365,35,50416
100902,100.902,B,A,3366,46,50451
100948,100.948,A,B,3367,46,50451
100994,100.994,B,A,3368,28,50497
101022,101.022,A,B,3369,28,50497
101050,101.05,B,A,3370,47,50525
101097,101.097,A,B,3371,47,50525
101144,101.144,B,A,3372,24,50572
101168,101.168,A,B,3373,24,50572
101192,101.192,B,A,3374,28,50596
101220,101.22,A,B,3375,28,50596
101248,101.248,B,A,3376,12,50624
101260,101.26,A,B,3377,12,50624
101272,101.272,B,A,3378,20,50636
101292,101.292,A,B,3379,20,50636
101312,101.312,B,A,3380,13,50656
101325,101.325,A,B,3381,13,50656
101338,101.338,B,A,3382,38,50669
101376,101.376,A,B,3383,38,50669
101414,101.414,B,A,3384,12,50707
101426,101.426,A,B,3385,12,50707
101438,101.438,B,A,3386,23,50719
101461,101.461,A,B,3387,23,50719
101484,101.484,B,A,3388,30,50742
101514,101.514,A,B,3389,30,50742
101544,101.544,B,A,3390,47,50772
101591,101.591,A,B,3391,47,50772
101638,101.638,B,A,3392,38,50819
101676,101.676,A,B,3393,38,50819
101714,101.714,B,A,3394,34,50857
101748,101.748,A,B,3395,34,50857
101782,101.782,B,A,3396,31,50891
101813,101.813,A,B,3397,31,50891
101844,101.844,B,A,3398,34,50922
101878,101.878,A,B,3399,34,50922
101912,101.912,B,A,3400,34,50956
101946,101.946,A,B,3401,34,50956
101980,101.98,B,A,3402,35,50990
102015,102.015,A,B,3403,35,50990
102050,102.05,B,A,3404,38,51025
102088,102.088,A,B,3405,38,51025
102126,102.126,B,A,3406,20,51063
102146,102.146,A,B,3407,20,51063
102166,102.166,B,A,3408,38,51083
102204,102.204,A,B,3409,38,51083
102242,102.242,B,A,3410,46,51121
102288,102.288,A,B,3411,46,51121
102334,102.334,B,A,3412,26,51167
102360,102.36,A,B,3413,26,51167
102386,102.386,B,A,3414,11,51193
102397,102.397,A,B,3415,11,51193
102408,102.408,B,A,3416,48,51204
102456,102.456,A,B,3417,48,51204
102504,102.504,B,A,3418,32,51252
102536,102.536,A,B,3419,32,51252
102568,102.568,B,A,3420,34,51284
102602,102.602,A,B,3421,34,51284
102636,102.636,B,A,3422,14,51318
102650,102.65,A,B,3423,14,51318
102664,102.664,B,A,3424,10,51332
102674,102.674,A,B,3425,10,51332
102684,102.684,B,A,3426,29,51342
102713,102.713,A,B,3427,29,51342
102742,102.742,B,A,3428,15,51371
102757,102.757,A,B,3429,15,51371
102772,102.772,B,A,3430,10,51386
102782,102.782,A,B,3431,10,51386
102792,102.792,B,A,3432,20,51396
102812,102.812,A,B,3433,20,51396
102832,102.832,B,A,3434,35,51416
102867,102.867,A,B,3435,35,51416
102902,102.902,B,A,3436,19,51451
102921,102.921,A,B,3437,19,51451
102940,102.94,B,A,3438,46,51470
102986,102.986,A,B,3439,46,51470
103032,103.032,B,A,3440,22,51516
103054,103.054,A,B,3441,22,51516
103076,103.076,B,A,3442,12,51538
103088,103.088,A,B,3443,12,51538
103100,103.1,B,A,3444,12,51550
103112,103.112,A,B,3445,12,51550
103124,103.124,B,A,3446,33,51562
103157,103.157,A,B,3447,33,51562
103190,103.19,B,A,3448,30,51595
103220,103.22,A,B,3449,30,51595
103250,103.25,B,A,3450,45,51625
103295,103.295,A,B,3451,45,51625
103340,103.34,B,A,3452,46,51670
103386,103.386,A,B,3453,46,51670
103432,103.432,B,A,3454,45,51716
103477,103.477,A,B,3455,45,51716
103522,103.522,B,A,3456,22,51761
103544,103.544,A,B,3457,22,51761
103566,103.566,B,A,3458,12,51783
103578,103.578,A,B,3459,12,51783
103590,103.59,B,A,3460,50,51795
103640,103.64,A,B,3461,50,51795
103690,103.69,B,A,3462,36,51845
103726,103.726,A,B,3463,36,51845
103762,103.762,B,A,3464,20,51881
103782,103.782,A,B,3465,20,51881
103802,103.802,B,A,3466,40,51901
103842,103.842,A,B,3467,40,51901
103882,103.882,B,A,3468,38,51941
103920,103.92,A,B,3469,38,51941
103958,103.958,B,A,3470,25,51979
103983,103.983,A,B,3471,25,51979
104008,104.008,B,A,3472,29,52004
104037,104.037,A,B,3473,29,52004
104066,104.066,B,A,3474,10,52033
104076,104.076,A,B,3475,10,52033
104086,104.086,B,A,3476,40,52043
104126,104.126,A,B,3477,40,52043
104166,104.166,B,A,3478,35,52083
104201,104.201,A,B,3479,35,52083
104236,104.236,B,A,3480,48,52118
104284,104.284,A,B,3481,48,52118
104332,104.332,B,A,3482,36,52166
104368,104.368,A,B,3483,36,52166
104404,104.404,B,A,3484,12,52202
104416,104.416,A,B,3485,12,52202
104428,104.428,B,A,3486,49,52214
104477,104.477,A,B,3487,49,52214
104526,104.526,B,A,3488,32,52263
104558,104.558,A,B,3489,32,52263
104590,104.59,B,A,3490,25,52295
104615,104.615,A,B,3491,25,52295
104640,104.64,B,A,3492,20,52320
104660,104.66,A,B,3493,20,52320
104680,104.68,B,A,3494,18,52340
104698,104.698,A,B,3495,18,52340
104716,104.716,B,A,3496,16,52358
104732,104.732,A,B,3497,16,52358
104748,104.748,B,A,3498,35,52374
104783,104.783,A,B,3499,35,52374
104818,104.818,B,A,3500,18,52409
104836,104.836,A,B,3501,18,52409
104854,104.854,B,A,3502,12,52427
104866,104.866,A,B,3503,12,52427
104878,104.878,B,A,3504,46,52439
104924,104.924,A,B,3505,46,52439
104970,104.97,B,A,3506,22,52485
104992,104.992,A,B,3507,22,52485
105014,105.014,B,A,3508,27,52507
105041,105.041,A,B,3509,27,52507
105068,105.068,B,A,3510,24,52534
105092,105.092,A,B,3511,24,52534
105116,105.116,B,A,3512,13,52558
105129,105.129,A,B,3513,13,52558
105142,105.142,B,A,3514,37,52571
105179,105.179,A,B,3515,37,52571
105216,105.216,B,A,3516,39,52608
105255,105.255,A,B,3517,39,52608
105294,105.294,B,A,3518,48,52647
105342,105.342,A,B,3519,48,52647
105390,105.39,B,A,3520,26,52695
105416,105.416,A,B,3521,26,52695
105442,105.442,B,A,3522,39,52721
105481,105.481,A,B,3523,39,52721
105520,105.52,B,A,3524,41,52760
105561,105.561,A,B,3525,41,52760
105602,105.602,B,A,3526,50,52801
105652,105.652,A,B,3527,50,52801
105702,105.702,B,A,3528,45,52851
105747,105.747,A,B,3529,45,52851
105792,105.792,B,A,3530,46,52896
105838,105.838,A,B,3531,46,52896
105884,105.884,B,A,3532,38,52942
105922,105.922,A,B,3533,38,52942
105960,105.96,B,A,3534,29,52980
105989,105.989,A,B,3535,29,52980
106018,106.018,B,A,3536,34,53009
106052,106.052,A,B,3537,34,53009
106086,106.086,B,A,3538,18,53043
106104,106.104,A,B,3539,18,53043
106122,106.122,B,A,3540,14,53061
106136,106.136,A,B,3541,14,53061
106150,106.15,B,A,3542,38,53075
106188,106.188,A,B,3543,38,53075
106226,106.226,B,A,3544,30,53113
106256,106.256,A,B,3545,30,53113
106286,106.286,B,A,3546,34,53143
106320,106.32,A,B,3547,34,53143
106354,106.354,B,A,3548,50,53177
106404,106.404,A,B,3549,50,53177
106454,106.454,B,A,3550,13,53227
106467,106.467,A,B,3551,13,53227
106480,106.48,B,A,3552,24,53240
106504,106.504,A,B,3553,24,53240
106528,106.528,B,A,3554,46,53264
106574,106.574,A,B,3555,46,53264
106620,106.62,B,A,3556,37,53310
106657,106.657,A,B,3557,37,53310
106694,106.694,B,A,3558,14,53347
106708,106.708,A,B,3559,14,53347
106722,106.722,B,A,3560,39,53361
106761,106.761,A,B,3561,39,53361
106800,106.8,B,A,3562,24,53400
106824,106.824,A,B,3563,24,53400
106848,106.848,B,A,3564,34,53424
106882,106.882,A,B,3565,34,53424
106916,106.916,B,A,3566,10,53458
106926,106.926,A,B,3567,10,53458
106936,106.936,B,A,3568,13,53468
106949,106.949,A,B,3569,13,53468
106962,106.962,B,A,3570,17,53481
106979,106.979,A,B,3571,17,53481
106996,106.996,B,A,3572,24,53498
107020,107.02,A,B,3573,24,53498
107044,107.044,B,A,3574,13,53522
107057,107.057,A,B,3575,13,53522
107070,107.07,B,A,3576,14,53535
107084,107.084,A,B,3577,14,53535
107098,107.098,B,A,3578,30,53549
107128,107.128,A,B,3579,30,53549
107158,107.158,B,A,3580,17,53579
107175,107.175,A,B,3581,17,53579
107192,107.192,B,A,3582,17,53596
107209,107.209,A,B,3583,17,53596
107226,107.226,B,A,3584,36,53613
107262,107.262,A,B,3585,36,53613
107298,107.298,B,A,3586,11,53649
107309,107.309,A,B,3587,11,53649
107320,107.32,B,A,3588,20,53660
107340,107.34,A,B,3589,20,53660
107360,107.36,B,A,3590,29,53680
107389,107.389,A,B,3591,29,53680
107418,107.418,B,A,3592,35,53709
107453,107.453,A,B,3593,35,53709
107488,107.488,B,A,3594,35,53744
107523,107.523,A,B,3595,35,53744
107558,107.558,B,A,3596,15,53779
107573,107.573,A,B,3597,15,53779
107588,107.588,B,A,3598,10,53794
107598,107.598,A,B,3599,10,53794
107608,107.608,B,A,3600,22,53804
107630,107.63,A,B,3601,22,53804
107652,107.652,B,A,3602,39,53826
107691,107.691,A,B,3603,39,53826
107730,107.73,B,A,3604,40,53865
107770,107.77,A,B,3605,40,53865
107810,107.81,B,A,3606,16,53905
107826,107.826,A,B,3607,16,53905
107842,107.842,B,A,3608,47,53921
107889,107.889,A,B,3609,47,53921
107936,107.936,B,A,3610,41,53968
107977,107.977,A,B,3611,41,53968
108018,108.018,B,A,3612,42,54009
108060,108.06,A,B,3613,42,54009
108102,108.102,B,A,3614,27,54051
108129,108.129,A,B,3615,27,54051
108156,108.156,B,A,3616,44,54078
108200,108.2,A,B,3617,44,54078
108244,108.244,B,A,3618,46,54122
108290,108.29,A,B,3619,46,54122
108336,108.336,B,A,3620,34,54168
108370,108.37,A,B,3621,34,54168
108404,108.404,B,A,3622,49,54202
108453,108.453,A,B,3623,49,54202
108502,108.502,B,A,3624,22,54251
108524,108.524,A,B,3625,22,54251
108546,108.546,B,A,3626,46,54273
108592,108.592,A,B,3627,46,54273
108638,108.638,B,A,3628,28,54319
108666,108.666,A,B,3629,28,54319
108694,108.694,B,A,3630,16,54347
108710,108.71,A,B,3631,16,54347
108726,108.726,B,A,3632,40,54363
108766,108.766,A,B,3633,40,54363
108806,108.806,B,A,3634,34,54403
108840,108.84,A,B,3635,34,54403
108874,108.874,B,A,3636,29,54437
108903,108.903,A,B,3637,29,54437
108932,108.932,B,A,3638,11,54466
108943,108.943,A,B,3639,11,54466
108954,108.954,B,A,3640,43,54477
108997,108.997,A,B,3641,43,54477
109040,109.04,B,A,3642,50,54520
109090,109.09,A,B,3643,50,54520
109140,109.14,B,A,3644,30,54570
109170,109.17,A,B,3645,30,54570
109200,109.2,B,A,3646,47,54600
109247,109.247,A,B,3647,47,54600
109294,109.294,B,A,3648,23,54647
109317,109.317,A,B,3649,23,54647
109340,109.34,B,A,3650,15,54670
109355,109.355,A,B,3651,15,54670
109370,109.37,B,A,3652,41,54685
109411,109.411,A,B,3653,41,54685
109452,109.452,B,A,3654,13,54726
109465,109.465,A,B,3655,13,54726
109478,109.478,B,A,3656,15,54739
109493,109.493,A,B,3657,15,54739
109508,109.508,B,A,3658,16,54754
109524,109.524,A,B,3659,16,54754
109540,109.54,B,A,3660,41,54770
109581,109.581,A,B,3661,41,54770
109622,109.622,B,A,3662,42,54811
109664,109.664,A,B,3663,42,54811
109706,109.706,B,A,3664,10,54853
109716,109.716,A,B,3665,10,54853
109726,109.726,B,A,3666,35,54863
109761,109.761,A,B,3667,35,54863
109796,109.796,B,A,3668,27,54898
109823,109.823,A,B,3669,27,54898
109850,109.85,B,A,3670,47,54925
109897,109.897,A,B,3671,47,54925
109944,109.944,B,A,3672,38,54972
109982,109.982,A,B,3673,38,54972
110020,110.02,B,A,3674,19,55010
110039,110.039,A,B,3675,19,55010
110058,110.058,B,A,3676,44,55029
110102,110.102,A,B,3677,44,55029
110146,110.146,B,A,3678,42,55073
110188,110.188,A,B,3679,42,55073
110230,110.23,B,A,3680,49,55115
110279,110.279,A,B,3681,49,55115
110328,110.328,B,A,3682,26,55164
110354,110.354,A,B,3683,26,55164
110380,110.38,B,A,3684,10,55190
110390,110.39,A,B,3685,10,55190
110400,110.4,B,A,3686,21,55200
110421,110.421,A,B,3687,21,55200
110442,110.442,B,A,3688,18,55221
110460,110.46,A,B,3689,18,55221
110478,110.478,B,A,3690,13,55239
110491,110.491,A,B,3691,13,55239
110504,110.504,B,A,3692,48,55252
110552,110.552,A,B,3693,48,55252
110600,110.6,B,A,3694,21,55300
110621,110.621,A,B,3695,21,55300
110642,110.642,B,A,3696,17,55321
110659,110.659,A,B,3697,17,55321
110676,110.676,B,A,3698,49,55338
110725,110.725,A,B,3699,49,55338
110774,110.774,B,A,3700,26,55387
110800,110.8,A,B,3701,26,55387
110826,110.826,B,A,3702,44,55413
110870,110.87,A,B,3703,44,55413
110914,110.914,B,A,3704,12,55457
110926,110.926,A,B,3705,12,55457
110938,110.938,B,A,3706,42,55469
110980,110.98,A,B,3707,42,55469
111022,111.022,B,A,3708,34,55511
111056,111.056,A,B,3709,34,55511
111090,111.09,B,A,3710,26,55545
111116,111.116,A,B,3711,26,55545
111142,111.142,B,A,3712,35,55571
111177,111.177,A,B,3713,35,55571
111212,111.212,B,A,3714,36,55606
111248,111.248,A,B,3715,36,55606
111284,111.284,B,A,3716,48,55642
111332,111.332,A,B,3717,48,55642
111380,111.38,B,A,3718,21,55690
111401,111.401,A,B,3719,21,55690
111422,111.422,B,A,3720,12,55711
111434,111.434,A,B,3721,12,55711
111446,111.446,B,A,3722,48,55723
111494,111.494,A,B,3723,48,55723
111542,111.542,B,A,3724,34,55771
111576,111.576,A,B,3725,34,55771
111610,111.61,B,A,3726,19,55805
111629,111.629,A,B,3727,19,55805
111648,111.648,B,A,3728,33,55824
111681,111.681,A,B,3729,33,55824
111714,111.714,B,A,3730,23,55857
111737,111.737,A,B,3731,23,55857
111760,111.76,B,A,3732,45,55880
111805,111.805,A,B,3733,45,55880
111850,111.85,B,A,3734,10,55925
111860,111.86,A,B,3735,10,55925
111870,111.87,B,A,3736,44,55935
111914,111.914,A,B,3737,44,55935
111958,111.958,B,A,3738,34,55979
111992,111.992,A,B,3739,34,55979
112026,112.026,B,A,3740,26,56013
112052,112.052,A,B,3741,26,56013
112078,112.078,B,A,3742,33,56039
112111,112.111,A,B,3743,33,56039
112144,112.144,B,A,3744,38,56072
112182,112.182,A,B,3745,38,56072
112220,112.22,B,A,3746,20,56110
112240,112.24,A,B,3747,20,56110
112260,112.26,B,A,3748,30,56130
112290,112.29,A,B,3749,30,56130
112320,112.32,B,A,3750,11,56160
112331,112.331,A,B,3751,11,56160
112342,112.342,B,A,3752,22,56171
112364,112.364,A,B,3753,22,56171
112386,112.386,B,A,3754,35,56193
112421,112.421,A,B,3755,35,56193
112456,112.456,B,A,3756,39,56228
112495,112.495,A,B,3757,39,56228
112534,112.534,B,A,3758,26,56267
112560,112.56,A,B,3759,26,56267
112586,112.586,B,A,3760,12,56293
112598,112.598,A,B,3761,12,56293
112610,112.61,B,A,3762,37,56305
112647,112.647,A,B,3763,37,56305
112684,112.684,B,A,3764,38,56342
112722,112.722,A,B,3765,38,56342
112760,112.76,B,A,3766,42,56380
112802,112.802,A,B,3767,42,56380
112844,112.844,B,A,3768,13,56422
112857,112.857,A,B,3769,13,56422
112870,112.87,B,A,3770,12,56435
112882,112.882,A,B,3771,12,56435
112894,112.894,B,A,3772,19,56447
112913,112.913,A,B,3773,19,56447
112932,112.932,B,A,3774,28,56466
112960,112.96,A,B,3775,28,56466
112988,112.988,B,A,3776,21,56494
113009,113.009,A,B,3777,21,56494
113030,113.03,B,A,3778,14,56515
113044,113.044,A,B,3779,14,56515
113058,113.058,B,A,3780,17,56529
113075,113.075,A,B,3781,17,56529
113092,113.092,B,A,3782,38,56546
113130,113.13,A,B,3783,38,56546
113168,113.168,B,A,3784,18,56584
113186,113.186,A,B,3785,18,56584
113204,113.204,B,A,3786,44,56602
113248,113.248,A,B,3787,44,56602
113292,113.292,B,A,3788,25,56646
113317,113.317,A,B,3789,25,56646
113342,113.342,B,A,3790,20,56671
113362,113.362,A,B,3791,20,56671
113382,113.382,B,A,3792,34,56691
113416,113.416,A,B,3793,34,56691
113450,113.45,B,A,3794,43,56725
113493,113.493,A,B,3795,43,56725
113536,113.536,B,A,3796,35,56768
113571,113.571,A,B,3797,35,56768
113606,113.606,B,A,3798,29,56803
113635,113.635,A,B,3799,29,56803
113664,113.664,B,A,3800,39,56832
113703,113.703,A,B,3801,39,56832
113742,113.742,B,A,3802,24,56871
113766,113.766,A,B,3803,24,56871
113790,113.79,B,A,3804,27,56895
113817,113.817,A,B,3805,27,56895
113844,113.844,B,A,3806,40,56922
113884,113.884,A,B,3807,40,56922
113924,113.924,B,A,3808,26,56962
113950,113.95,A,B,3809,26,56962
113976,113.976,B,A,3810,26,56988
114002,114.002,A,B,3811,26,56988
114028,114.028,B,A,3812,40,57014
114068,114.068,A,B,3813,40,57014
114108,114.108,B,A,3814,30,57054
114138,114.138,A,B,3815,30,57054
114168,114.168,B,A,3816,26,57084
114194,114.194,A,B,3817,26,57084
114220,114.22,B,A,3818,47,57110
114267,114.267,A,B,3819,47,57110
114314,114.314,B,A,3820,17,57157
114331,114.331,A,B,3821,17,57157
114348,114.348,B,A,3822,43,57174
114391,114.391,A,B,3823,43,57174
114434,114.434,B,A,3824,15,57217
114449,114.449,A,B,3825,15,57217
114464,114.464,B,A,3826,13,57232
114477,114.477,A,B,3827,13,57232
114490,114.49,B,A,3828,24,57245
114514,114.514,A,B,3829,24,57245
114538,114.538,B,A,3830,17,57269
114555,114.555,A,B,3831,17,57269
114572,114.572,B,A,3832,46,57286
114618,114.618,A,B,3833,46,57286
114664,114.664,B,A,3834,50,57332
114714,114.714,A,B,3835,50,57332
114764,114.764,B,A,3836,41,57382
114805,114.805,A,B,3837,41,57382
114846,114.846,B,A,3838,49,57423
114895,114.895,A,B,3839,49,57423
114944,114.944,B,A,3840,18,57472
114962,114.962,A,B,3841,18,57472
114980,114.98,B,A,3842,10,57490
114990,114.99,A,B,3843,10,57490
115000,115.0,B,A,3844,46,57500
115046,115.046,A,B,3845,46,57500
115092,115.092,B,A,3846,29,57546
115121,115.121,A,B,3847,29,57546
115150,115.15,B,A,3848,38,57575
115188,115.188,A,B,3849,38,57575
115226,115.226,B,A,3850,16,57613
115242,115.242,A,B,3851,16,57613
115258,115.258,B,A,3852,49,57629
115307,115.307,A,B,3853,49,57629
115356,115.356,B,A,3854,43,57678
115399,115.399,A,B,3855,43,57678
115442,115.442,B,A,3856,33,57721
115475,115.475,A,B,3857,33,57721
115508,115.508,B,A,3858,29,57754
115537,115.537,A,B,3859,29,57754
115566,115.566,B,A,3860,34,57783
115600,115.6,A,B,3861,34,57783
115634,115.634,B,A,3862,37,57817
115671,115.671,A,B,3863,37,57817
115708,115.708,B,A,3864,34,57854
115742,115.742,A,B,3865,34,57854
115776,115.776,B,A,3866,37,57888
115813,115.813,A,B,3867,37,57888
115850,115.85,B,A,3868,47,57925
115897,115.897,A,B,3869,47,57925
115944,115.944,B,A,3870,45,57972
115989,115.989,A,B,3871,45,57972
116034,116.034,B,A,3872,26,58017
116060,116.06,A,B,3873,26,58017
116086,116.086,B,A,3874,34,58043
116120,116.12,A,B,3875,34,58043
116154,116.154,B,A,3876,14,58077
116168,116.168,A,B,3877,14,58077
116182,116.182,B,A,3878,15,58091
116197,116.197,A,B,3879,15,58091
116212,116.212,B,A,3880,36,58106
116248,116.248,A,B,3881,36,58106
116284,116.284,B,A,3882,22,58142
116306,116.306,A,B,3883,22,58142
116328,116.328,B,A,3884,50,58164
116378,116.378,A,B,3885,50,58164
116428,116.428,B,A,3886,28,58214
116456,116.456,A,B,3887,28,58214
116484,116.484,B,A,3888,48,58242
116532,116.532,A,B,3889,48,58242
116580,116.58,B,A,3890,16,58290
116596,116.596,A,B,3891,16,58290
116612,116.612,B,A,3892,16,58306
116628,116.628,A,B,3893,16,58306
116644,116.644,B,A,3894,29,58322
116673,116.673,A,B,3895,29,58322
116702,116.702,B,A,3896,50,58351
116752,116.752,A,B,3897,50,58351
116802,116.802,B,A,3898,37,58401
116839,116.839,A,B,3899,37,58401
116876,116.876,B,A,3900,39,58438
116915,116.915,A,B,3901,39,58438
116954,116.954,B,A,3902,17,58477
116971,116.971,A,B,3903,17,58477
116988,116.988,B,A,3904,29,58494
117017,117.017,A,B,3905,29,58494
117046,117.046,B,A,3906,44,58523
117090,117.09,A,B,3907,44,58523
117134,117.134,B,A,3908,33,58567
117167,117.167,A,B,3909,33,58567
117200,117.2,B,A,3910,39,58600
117239,117.239,A,B,3911,39,58600
117278,117.278,B,A,3912,16,58639
117294,117.294,A,B,3913,16,58639
117310,117.31,B,A,3914,36,58655
117346,117.346,A,B,3915,36,58655
117382,117.382,B,A,3916,37,58691
117419,117.419,A,B,3917,37,58691
117456,117.456,B,A,3918,48,58728
117504,117.504,A,B,3919,48,58728
117552,117.552,B,A,3920,35,58776
117587,117.587,A,B,3921,35,58776
117622,117.622,B,A,3922,13,58811
117635,117.635,A,B,3923,13,58811
117648,117.648,B,A,3924,28,58824
117676,117.676,A,B,3925,28,58824
117704,117.704,B,A,3926,29,58852
117733,117.733,A,B,3927,29,58852
117762,117.762,B,A,3928,28,58881
117790,117.79,A,B,3929,28,58881
117818,117.818,B,A,3930,31,58909
117849,117.849,A,B,3931,31,58909
117880,117.88,B,A,3932,14,58940
117894,117.894,A,B,3933,14,58940
117908,117.908,B,A,3934,16,58954
117924,117.924,A,B,3935,16,58954
117940,117.94,B,A,3936,36,58970
117976,117.976,A,B,3937,36,58970
118012,118.012,B,A,3938,15,59006
118027,118.027,A,B,3939,15,59006
118042,118.042,B,A,3940,50,59021
118092,118.092,A,B,3941,50,59021
118142,118.142,B,A,3942,26,59071
118168,118.168,A,B,3943,26,59071
118194,118.194,B,A,3944,14,59097
118208,118.208,A,B,3945,14,59097
118222,118.222,B,A,3946,22,59111
118244,118.244,A,B,3947,22,59111
118266,118.266,B,A,3948,23,59133
118289,118.289,A,B,3949,23,59133
118312,118.312,B,A,3950,41,59156
118353,118.353,A,B,3951,41,59156
118394,118.394,B,A,3952,15,59197
118409,118.409,A,B,3953,15,59197
118424,118.424,B,A,3954,24,59212
118448,118.448,A,B,3955,24,59212
118472,118.472,B,A,3956,31,59236
118503,118.503,A,B,3957,31,59236
118534,118.534,B,A,3958,34,59267
118568,118.568,A,B,3959,34,59267
118602,118.602,B,A,3960,24,59301
118626,118.626,A,B,3961,24,59301
118650,118.65,B,A,3962,28,59325
118678,118.678,A,B,3963,28,59325
118706,118.706,B,A,3964,13,59353
118719,118.719,A,B,3965,13,59353
118732,118.732,B,A,3966,45,59366
118777,118.777,A,B,3967,45,59366
118822,118.822,B,A,3968,33,59411
118855,118.855,A,B,3969,33,59411
118888,118.888,B,A,3970,24,59444
118912,118.912,A,B,3971,24,59444
118936,118.936,B,A,3972,46,59468
118982,118.982,A,B,3973,46,59468
119028,119.028,B,A,3974,43,59514
119071,119.071,A,B,3975,43,59514
119114,119.114,B,A,3976,32,59557
119146,119.146,A,B,3977,32,59557
119178,119.178,B,A,3978,34,59589
119212,119.212,A,B,3979,34,59589
119246,119.246,B,A,3980,50,59623
119296,119.296,A,B,3981,50,59623
119346,119.346,B,A,3982,24,59673
119370,119.37,A,B,3983,24,59673
119394,119.394,B,A,3984,45,59697
119439,119.439,A,B,3985,45,59697
119484,119.484,B,A,3986,25,59742
119509,119.509,A,B,3987,25,59742
119534,119.534,B,A,3988,46,59767
119580,119.58,A,B,3989,46,59767
119626,119.626,B,A,3990,11,59813
119637,119.637,A,B,3991,11,59813
119648,119.648,B,A,3992,47,59824
119695,119.695,A,B,3993,47,59824
119742,119.742,B,A,3994,16,59871
119758,119.758,A,B,3995,16,59871
119774,119.774,B,A,3996,27,59887
119801,119.801,A,B,3997,27,59887
119828,119.828,B,A,3998,12,59914
119840,119.84,A,B,3999,12,59914
119852,119.852,B,A,4000,13,59926
119865,119.865,A,B,4001,13,59926
119878,119.878,B,A,4002,14,59939
119892,119.892,A,B,4003,14,59939
119906,119.906,B,A,4004,43,59953
119949,119.949,A,B,4005,43,59953
119992,119.992,B,A,4006,4,59996
119996,119.996,A,B,4007,4,59996
