file;cfar;boundary_idx;time_s;time_ms;score;threshold
interleaved_pod_1k_60sec_50ms;0;0;0.021950;21.950;1.000000;0.666668
interleaved_pod_1k_60sec_50ms;0;1;0.049388;49.388;1.000000;0.666668
interleaved_pod_1k_60sec_50ms;0;2;0.099274;99.274;1.000000;0.666668
interleaved_pod_1k_60sec_50ms;0;3;0.149161;149.161;1.000000;0.666668
interleaved_pod_1k_60sec_50ms;0;4;0.159138;159.138;0.883740;0.666668
interleaved_pod_1k_60sec_50ms;0;5;0.166621;166.621;1.000000;0.666668
interleaved_pod_1k_60sec_50ms;0;6;0.172608;172.608;0.695087;0.666668
interleaved_pod_1k_60sec_50ms;0;7;0.178594;178.594;0.782744;0.666668
interleaved_pod_1k_60sec_50ms;0;8;0.184580;184.580;1.000000;0.666668
interleaved_pod_1k_60sec_50ms;0;9;0.190068;190.068;1.000000;0.666668
interleaved_pod_1k_60sec_50ms;0;10;0.196054;196.054;1.000000;0.666668
interleaved_pod_1k_60sec_50ms;0;11;0.249433;249.433;1.000000;0.666668
interleaved_pod_1k_60sec_50ms;0;12;0.256916;256.916;1.000000;0.666668
interleaved_pod_1k_60sec_50ms;0;13;0.262902;262.902;0.969518;0.666668
interleaved_pod_1k_60sec_50ms;0;14;0.268889;268.889;1.000000;0.666668
interleaved_pod_1k_60sec_50ms;0;15;0.274376;274.376;1.000000;0.666668
interleaved_pod_1k_60sec_50ms;0;16;0.279864;279.864;1.000000;0.666668
interleaved_pod_1k_60sec_50ms;0;17;0.285351;285.351;1.000000;0.666668
interleaved_pod_1k_60sec_50ms;0;18;0.291338;291.338;0.763760;0.666668
interleaved_pod_1k_60sec_50ms;0;19;0.296825;296.825;0.707897;0.666668
interleaved_pod_1k_60sec_50ms;0;20;0.349206;349.206;1.000000;0.666668
interleaved_pod_1k_60sec_50ms;0;21;0.354694;354.694;0.985316;0.666668
interleaved_pod_1k_60sec_50ms;0;22;0.360680;360.680;1.000000;0.666668
interleaved_pod_1k_60sec_50ms;0;23;0.370159;370.159;1.000000;0.666668
interleaved_pod_1k_60sec_50ms;0;24;0.378639;378.639;0.773459;0.666668
interleaved_pod_1k_60sec_50ms;0;25;0.389116;389.116;0.725618;0.666668
interleaved_pod_1k_60sec_50ms;0;26;0.398594;398.594;1.000000;0.666668
interleaved_pod_1k_60sec_50ms;0;27;0.448980;448.980;1.000000;0.666668
interleaved_pod_1k_60sec_50ms;0;28;0.499365;499.365;1.000000;0.666668
interleaved_pod_1k_60sec_50ms;0;29;0.549252;549.252;1.000000;0.666668
interleaved_pod_1k_60sec_50ms;0;30;0.599138;599.138;1.000000;0.666668
interleaved_pod_1k_60sec_50ms;0;31;0.649025;649.025;1.000000;0.666668
interleaved_pod_1k_60sec_50ms;0;32;0.682948;682.948;0.794346;0.666668
interleaved_pod_1k_60sec_50ms;0;33;0.688934;688.934;1.000000;0.666668
interleaved_pod_1k_60sec_50ms;0;34;0.696417;696.417;0.765867;0.666668
interleaved_pod_1k_60sec_50ms;0;35;0.749297;749.297;1.000000;0.666668
interleaved_pod_1k_60sec_50ms;0;36;0.759773;759.773;0.831304;0.666668
interleaved_pod_1k_60sec_50ms;0;37;0.766259;766.259;0.989400;0.666668
interleaved_pod_1k_60sec_50ms;0;38;0.772245;772.245;0.960646;0.666668
interleaved_pod_1k_60sec_50ms;0;39;0.794694;794.694;0.708812;0.666668
interleaved_pod_1k_60sec_50ms;0;40;0.849070;849.070;1.000000;0.666668
interleaved_pod_1k_60sec_50ms;0;41;0.855057;855.057;0.962098;0.666668
interleaved_pod_1k_60sec_50ms;0;42;0.865533;865.533;0.790384;0.666668
interleaved_pod_1k_60sec_50ms;0;43;0.894966;894.966;0.850066;0.666668
interleaved_pod_1k_60sec_50ms;0;44;0.949342;949.342;1.000000;0.666668
interleaved_pod_1k_60sec_50ms;0;45;0.960317;960.317;0.692500;0.666668
interleaved_pod_1k_60sec_50ms;0;46;0.975782;975.782;0.720698;0.666668
interleaved_pod_1k_60sec_50ms;0;47;0.981270;981.270;0.749557;0.666668
interleaved_pod_1k_60sec_50ms;0;48;0.986757;986.757;0.707315;0.666668
interleaved_pod_1k_60sec_50ms;0;49;0.992245;992.245;0.714990;0.666668
interleaved_pod_1k_60sec_50ms;0;50;0.998231;998.231;0.717305;0.666668
interleaved_pod_1k_60sec_50ms;0;51;1.049116;1049.116;1.000000;0.666668
interleaved_pod_1k_60sec_50ms;0;52;1.060091;1060.091;0.808946;0.666668
interleaved_pod_1k_60sec_50ms;0;53;1.065578;1065.578;0.702303;0.666668
interleaved_pod_1k_60sec_50ms;0;54;1.071565;1071.565;0.834610;0.666668
interleaved_pod_1k_60sec_50ms;0;55;1.078050;1078.050;0.787555;0.666668
interleaved_pod_1k_60sec_50ms;0;56;1.097007;1097.007;0.831813;0.666668
interleaved_pod_1k_60sec_50ms;0;57;1.149388;1149.388;1.000000;0.666668
interleaved_pod_1k_60sec_50ms;0;58;1.159864;1159.864;0.855562;0.666668
interleaved_pod_1k_60sec_50ms;0;59;1.166349;1166.349;0.876190;0.666668
interleaved_pod_1k_60sec_50ms;0;60;1.172834;1172.834;0.839205;0.666668
interleaved_pod_1k_60sec_50ms;0;61;1.191791;1191.791;0.931124;0.666668
interleaved_pod_1k_60sec_50ms;0;62;1.198277;1198.277;0.747211;0.666668
interleaved_pod_1k_60sec_50ms;0;63;1.249161;1249.161;1.000000;0.666668
interleaved_pod_1k_60sec_50ms;0;64;1.260635;1260.635;0.675256;0.666668
interleaved_pod_1k_60sec_50ms;0;65;1.266621;1266.621;0.926206;0.666668
interleaved_pod_1k_60sec_50ms;0;66;1.272608;1272.608;0.736896;0.666668
interleaved_pod_1k_60sec_50ms;0;67;1.279093;1279.093;0.866035;0.666668
interleaved_pod_1k_60sec_50ms;0;68;1.285578;1285.578;0.738130;0.666668
interleaved_pod_1k_60sec_50ms;0;69;1.291565;1291.565;0.865842;0.666668
interleaved_pod_1k_60sec_50ms;0;70;1.298050;1298.050;0.790259;0.666668
interleaved_pod_1k_60sec_50ms;0;71;1.349433;1349.433;1.000000;0.666668
interleaved_pod_1k_60sec_50ms;0;72;1.360907;1360.907;0.776238;0.666668
interleaved_pod_1k_60sec_50ms;0;73;1.367392;1367.392;0.779008;0.666668
interleaved_pod_1k_60sec_50ms;0;74;1.373878;1373.878;0.928436;0.666668
interleaved_pod_1k_60sec_50ms;0;75;1.380862;1380.862;0.765606;0.666668
interleaved_pod_1k_60sec_50ms;0;76;1.387347;1387.347;0.720789;0.666668
interleaved_pod_1k_60sec_50ms;0;77;1.394331;1394.331;0.920482;0.666668
interleaved_pod_1k_60sec_50ms;0;78;1.449206;1449.206;1.000000;0.666668
interleaved_pod_1k_60sec_50ms;0;79;1.465669;1465.669;0.694575;0.666668
interleaved_pod_1k_60sec_50ms;0;80;1.472653;1472.653;0.785591;0.666668
interleaved_pod_1k_60sec_50ms;0;81;1.499093;1499.093;1.000000;0.666668
interleaved_pod_1k_60sec_50ms;0;82;1.548980;1548.980;1.000000;0.666668
interleaved_pod_1k_60sec_50ms;0;83;1.599365;1599.365;1.000000;0.666668
interleaved_pod_1k_60sec_50ms;0;84;1.649252;1649.252;1.000000;0.666668
interleaved_pod_1k_60sec_50ms;0;85;1.699138;1699.138;1.000000;0.666668
interleaved_pod_1k_60sec_50ms;0;86;1.749025;1749.025;1.000000;0.666668
interleaved_pod_1k_60sec_50ms;0;87;1.799410;1799.410;1.000000;0.666668
interleaved_pod_1k_60sec_50ms;0;88;1.849297;1849.297;1.000000;0.666668
interleaved_pod_1k_60sec_50ms;0;89;1.899184;1899.184;1.000000;0.666668
interleaved_pod_1k_60sec_50ms;0;90;1.949070;1949.070;1.000000;0.666668
interleaved_pod_1k_60sec_50ms;0;91;1.999456;1999.456;1.000000;0.666668
interleaved_pod_1k_60sec_50ms;0;92;2.049342;2049.342;1.000000;0.666668
interleaved_pod_1k_60sec_50ms;0;93;2.099229;2099.229;1.000000;0.666668
interleaved_pod_1k_60sec_50ms;0;94;2.149116;2149.116;1.000000;0.666668
interleaved_pod_1k_60sec_50ms;0;95;2.198503;2198.503;1.000000;0.666668
interleaved_pod_1k_60sec_50ms;0;96;2.249388;2249.388;1.000000;0.666668
interleaved_pod_1k_60sec_50ms;0;97;2.270340;2270.340;0.848184;0.666668
interleaved_pod_1k_60sec_50ms;0;98;2.276825;2276.825;0.960052;0.666668
interleaved_pod_1k_60sec_50ms;0;99;2.294785;2294.785;0.738254;0.666668
interleaved_pod_1k_60sec_50ms;0;100;2.349161;2349.161;1.000000;0.666668
interleaved_pod_1k_60sec_50ms;0;101;2.361633;2361.633;1.000000;0.666668
interleaved_pod_1k_60sec_50ms;0;102;2.370113;2370.113;0.670156;0.666668
interleaved_pod_1k_60sec_50ms;0;103;2.378594;2378.594;1.000000;0.666668
interleaved_pod_1k_60sec_50ms;0;104;2.386576;2386.576;1.000000;0.666668
interleaved_pod_1k_60sec_50ms;0;105;2.394059;2394.059;1.000000;0.666668
interleaved_pod_1k_60sec_50ms;0;106;2.399546;2399.546;1.000000;0.666668
interleaved_pod_1k_60sec_50ms;0;107;2.449433;2449.433;1.000000;0.666668
interleaved_pod_1k_60sec_50ms;0;108;2.460907;2460.907;0.799488;0.666668
interleaved_pod_1k_60sec_50ms;0;109;2.499320;2499.320;1.000000;0.666668
interleaved_pod_1k_60sec_50ms;0;110;2.549206;2549.206;1.000000;0.666668
interleaved_pod_1k_60sec_50ms;0;111;2.599093;2599.093;1.000000;0.666668
interleaved_pod_1k_60sec_50ms;0;112;2.648980;2648.980;1.000000;0.666668
interleaved_pod_1k_60sec_50ms;0;113;2.699365;2699.365;1.000000;0.666668
interleaved_pod_1k_60sec_50ms;0;114;2.749252;2749.252;1.000000;0.666668
interleaved_pod_1k_60sec_50ms;0;115;2.799138;2799.138;1.000000;0.666668
interleaved_pod_1k_60sec_50ms;0;116;2.849025;2849.025;1.000000;0.666668
interleaved_pod_1k_60sec_50ms;0;117;2.899410;2899.410;1.000000;0.666668
interleaved_pod_1k_60sec_50ms;0;118;2.949297;2949.297;1.000000;0.666668
interleaved_pod_1k_60sec_50ms;0;119;2.999184;2999.184;1.000000;0.666668
interleaved_pod_1k_60sec_50ms;0;120;3.049070;3049.070;1.000000;0.666668
interleaved_pod_1k_60sec_50ms;0;121;3.060045;3060.045;0.947857;0.666668
interleaved_pod_1k_60sec_50ms;0;122;3.068526;3068.526;0.762708;0.666668
interleaved_pod_1k_60sec_50ms;0;123;3.078005;3078.005;0.702940;0.666668
interleaved_pod_1k_60sec_50ms;0;124;3.086984;3086.984;0.704549;0.666668
interleaved_pod_1k_60sec_50ms;0;125;3.094966;3094.966;0.670809;0.666668
interleaved_pod_1k_60sec_50ms;0;126;3.149342;3149.342;1.000000;0.666668
interleaved_pod_1k_60sec_50ms;0;127;3.155329;3155.329;0.708258;0.666668
interleaved_pod_1k_60sec_50ms;0;128;3.164308;3164.308;0.750723;0.666668
interleaved_pod_1k_60sec_50ms;0;129;3.199229;3199.229;1.000000;0.666668
interleaved_pod_1k_60sec_50ms;0;130;3.249116;3249.116;1.000000;0.666668
interleaved_pod_1k_60sec_50ms;0;131;3.299002;3299.002;1.000000;0.666668
interleaved_pod_1k_60sec_50ms;0;132;3.349388;3349.388;1.000000;0.666668
interleaved_pod_1k_60sec_50ms;0;133;3.378821;3378.821;0.838645;0.666668
interleaved_pod_1k_60sec_50ms;0;134;3.399274;3399.274;1.000000;0.666668
interleaved_pod_1k_60sec_50ms;0;135;3.449161;3449.161;1.000000;0.666668
interleaved_pod_1k_60sec_50ms;0;136;3.457143;3457.143;0.739795;0.666668
interleaved_pod_1k_60sec_50ms;0;137;3.493061;3493.061;0.828419;0.666668
interleaved_pod_1k_60sec_50ms;0;138;3.499048;3499.048;1.000000;0.666668
interleaved_pod_1k_60sec_50ms;0;139;3.549433;3549.433;1.000000;0.666668
interleaved_pod_1k_60sec_50ms;0;140;3.559410;3559.410;0.893605;0.666668
interleaved_pod_1k_60sec_50ms;0;141;3.568390;3568.390;0.853957;0.666668
interleaved_pod_1k_60sec_50ms;0;142;3.577868;3577.868;0.693633;0.666668
interleaved_pod_1k_60sec_50ms;0;143;3.599320;3599.320;1.000000;0.666668
interleaved_pod_1k_60sec_50ms;0;144;3.649206;3649.206;1.000000;0.666668
interleaved_pod_1k_60sec_50ms;0;145;3.699093;3699.093;1.000000;0.666668
interleaved_pod_1k_60sec_50ms;0;146;3.748980;3748.980;1.000000;0.666668
interleaved_pod_1k_60sec_50ms;0;147;3.799365;3799.365;1.000000;0.666668
interleaved_pod_1k_60sec_50ms;0;148;3.849252;3849.252;1.000000;0.666668
interleaved_pod_1k_60sec_50ms;0;149;3.899138;3899.138;1.000000;0.666668
interleaved_pod_1k_60sec_50ms;0;150;3.949025;3949.025;1.000000;0.666668
interleaved_pod_1k_60sec_50ms;0;151;3.999410;3999.410;1.000000;0.666668
interleaved_pod_1k_60sec_50ms;0;152;4.049297;4049.297;1.000000;0.666668
interleaved_pod_1k_60sec_50ms;0;153;4.099184;4099.184;1.000000;0.666668
interleaved_pod_1k_60sec_50ms;0;154;4.149070;4149.070;1.000000;0.666668
interleaved_pod_1k_60sec_50ms;0;155;4.198957;4198.957;1.000000;0.666668
interleaved_pod_1k_60sec_50ms;0;156;4.249342;4249.342;1.000000;0.666668
interleaved_pod_1k_60sec_50ms;0;157;4.275283;4275.283;0.702479;0.666668
interleaved_pod_1k_60sec_50ms;0;158;4.283764;4283.764;0.853324;0.666668
interleaved_pod_1k_60sec_50ms;0;159;4.293741;4293.741;0.820017;0.666668
interleaved_pod_1k_60sec_50ms;0;160;4.299229;4299.229;1.000000;0.666668
interleaved_pod_1k_60sec_50ms;0;161;4.349116;4349.116;1.000000;0.666668
interleaved_pod_1k_60sec_50ms;0;162;4.371066;4371.066;0.714367;0.666668
interleaved_pod_1k_60sec_50ms;0;163;4.399002;4399.002;1.000000;0.666668
interleaved_pod_1k_60sec_50ms;0;164;4.449388;4449.388;1.000000;0.666668
interleaved_pod_1k_60sec_50ms;0;165;4.465850;4465.850;0.751397;0.666668
interleaved_pod_1k_60sec_50ms;0;166;4.474331;4474.331;0.690249;0.666668
interleaved_pod_1k_60sec_50ms;0;167;4.491791;4491.791;0.679405;0.666668
interleaved_pod_1k_60sec_50ms;0;168;4.499274;4499.274;1.000000;0.666668
interleaved_pod_1k_60sec_50ms;0;169;4.549161;4549.161;1.000000;0.666668
interleaved_pod_1k_60sec_50ms;0;170;4.599048;4599.048;1.000000;0.666668
interleaved_pod_1k_60sec_50ms;0;171;4.649433;4649.433;1.000000;0.666668
interleaved_pod_1k_60sec_50ms;0;172;4.699320;4699.320;1.000000;0.666668
interleaved_pod_1k_60sec_50ms;0;173;4.749206;4749.206;1.000000;0.666668
interleaved_pod_1k_60sec_50ms;0;174;4.799093;4799.093;1.000000;0.666668
interleaved_pod_1k_60sec_50ms;0;175;4.848980;4848.980;1.000000;0.666668
interleaved_pod_1k_60sec_50ms;0;176;4.899365;4899.365;1.000000;0.666668
interleaved_pod_1k_60sec_50ms;0;177;4.949252;4949.252;1.000000;0.666668
interleaved_pod_1k_60sec_50ms;0;178;4.999138;4999.138;1.000000;0.666668
interleaved_pod_1k_60sec_50ms;0;179;5.049025;5049.025;1.000000;0.666668
interleaved_pod_1k_60sec_50ms;0;180;5.099410;5099.410;1.000000;0.666668
interleaved_pod_1k_60sec_50ms;0;181;5.149297;5149.297;1.000000;0.666668
interleaved_pod_1k_60sec_50ms;0;182;5.199184;5199.184;1.000000;0.666668
interleaved_pod_1k_60sec_50ms;0;183;5.249070;5249.070;1.000000;0.666668
interleaved_pod_1k_60sec_50ms;0;184;5.299456;5299.456;1.000000;0.666668
interleaved_pod_1k_60sec_50ms;0;185;5.349342;5349.342;1.000000;0.666668
interleaved_pod_1k_60sec_50ms;0;186;5.361315;5361.315;0.854090;0.666668
interleaved_pod_1k_60sec_50ms;0;187;5.371293;5371.293;0.779075;0.666668
interleaved_pod_1k_60sec_50ms;0;188;5.389252;5389.252;0.795061;0.666668
interleaved_pod_1k_60sec_50ms;0;189;5.399229;5399.229;1.000000;0.666668
interleaved_pod_1k_60sec_50ms;0;190;5.449116;5449.116;1.000000;0.666668
interleaved_pod_1k_60sec_50ms;0;191;5.467075;5467.075;0.670991;0.666668
interleaved_pod_1k_60sec_50ms;0;192;5.499002;5499.002;1.000000;0.666668
interleaved_pod_1k_60sec_50ms;0;193;5.549388;5549.388;1.000000;0.666668
interleaved_pod_1k_60sec_50ms;0;194;5.599274;5599.274;1.000000;0.666668
interleaved_pod_1k_60sec_50ms;0;195;5.649161;5649.161;1.000000;0.666668
interleaved_pod_1k_60sec_50ms;0;196;5.685578;5685.578;0.750683;0.666668
interleaved_pod_1k_60sec_50ms;0;197;5.699048;5699.048;1.000000;0.666668
interleaved_pod_1k_60sec_50ms;0;198;5.749433;5749.433;1.000000;0.666668
interleaved_pod_1k_60sec_50ms;0;199;5.755420;5755.420;0.880550;0.666668
interleaved_pod_1k_60sec_50ms;0;200;5.764898;5764.898;1.000000;0.666668
interleaved_pod_1k_60sec_50ms;0;201;5.774376;5774.376;1.000000;0.666668
interleaved_pod_1k_60sec_50ms;0;202;5.783356;5783.356;0.930975;0.666668
interleaved_pod_1k_60sec_50ms;0;203;5.792834;5792.834;0.908442;0.666668
interleaved_pod_1k_60sec_50ms;0;204;5.799320;5799.320;1.000000;0.666668
interleaved_pod_1k_60sec_50ms;0;205;5.849206;5849.206;1.000000;0.666668
interleaved_pod_1k_60sec_50ms;0;206;5.861678;5861.678;0.699688;0.666668
interleaved_pod_1k_60sec_50ms;0;207;5.881134;5881.134;0.726606;0.666668
interleaved_pod_1k_60sec_50ms;0;208;5.899093;5899.093;1.000000;0.666668
interleaved_pod_1k_60sec_50ms;0;209;5.948980;5948.980;1.000000;0.666668
interleaved_pod_1k_60sec_50ms;0;210;5.999365;5999.365;1.000000;0.666668
interleaved_pod_1k_60sec_50ms;0;211;6.049252;6049.252;1.000000;0.666668
interleaved_pod_1k_60sec_50ms;0;212;6.099138;6099.138;1.000000;0.666668
interleaved_pod_1k_60sec_50ms;0;213;6.149025;6149.025;1.000000;0.666668
interleaved_pod_1k_60sec_50ms;0;214;6.199410;6199.410;1.000000;0.666668
interleaved_pod_1k_60sec_50ms;0;215;6.249297;6249.297;1.000000;0.666668
interleaved_pod_1k_60sec_50ms;0;216;6.299184;6299.184;1.000000;0.666668
interleaved_pod_1k_60sec_50ms;0;217;6.349070;6349.070;1.000000;0.666668
interleaved_pod_1k_60sec_50ms;0;218;6.398957;6398.957;1.000000;0.666668
interleaved_pod_1k_60sec_50ms;0;219;6.449342;6449.342;1.000000;0.666668
interleaved_pod_1k_60sec_50ms;0;220;6.499229;6499.229;1.000000;0.666668
interleaved_pod_1k_60sec_50ms;0;221;6.549116;6549.116;1.000000;0.666668
interleaved_pod_1k_60sec_50ms;0;222;6.599002;6599.002;1.000000;0.666668
interleaved_pod_1k_60sec_50ms;0;223;6.649388;6649.388;1.000000;0.666668
interleaved_pod_1k_60sec_50ms;0;224;6.699274;6699.274;1.000000;0.666668
interleaved_pod_1k_60sec_50ms;0;225;6.749161;6749.161;1.000000;0.666668
interleaved_pod_1k_60sec_50ms;0;226;6.759637;6759.637;0.689777;0.666668
interleaved_pod_1k_60sec_50ms;0;227;6.778095;6778.095;0.692376;0.666668
interleaved_pod_1k_60sec_50ms;0;228;6.798050;6798.050;0.714236;0.666668
interleaved_pod_1k_60sec_50ms;0;229;6.849433;6849.433;1.000000;0.666668
interleaved_pod_1k_60sec_50ms;0;230;6.899320;6899.320;1.000000;0.666668
interleaved_pod_1k_60sec_50ms;0;231;6.949206;6949.206;1.000000;0.666668
interleaved_pod_1k_60sec_50ms;0;232;6.999093;6999.093;1.000000;0.666668
interleaved_pod_1k_60sec_50ms;0;233;7.048980;7048.980;1.000000;0.666668
interleaved_pod_1k_60sec_50ms;0;234;7.099365;7099.365;1.000000;0.666668
interleaved_pod_1k_60sec_50ms;0;235;7.149252;7149.252;1.000000;0.666668
interleaved_pod_1k_60sec_50ms;0;236;7.199138;7199.138;1.000000;0.666668
interleaved_pod_1k_60sec_50ms;0;237;7.249025;7249.025;1.000000;0.666668
interleaved_pod_1k_60sec_50ms;0;238;7.299410;7299.410;1.000000;0.666668
interleaved_pod_1k_60sec_50ms;0;239;7.349297;7349.297;1.000000;0.666668
interleaved_pod_1k_60sec_50ms;0;240;7.399184;7399.184;1.000000;0.666668
interleaved_pod_1k_60sec_50ms;0;241;7.449070;7449.070;1.000000;0.666668
interleaved_pod_1k_60sec_50ms;0;242;7.498957;7498.957;1.000000;0.666668
interleaved_pod_1k_60sec_50ms;0;243;7.549342;7549.342;1.000000;0.666668
interleaved_pod_1k_60sec_50ms;0;244;7.599229;7599.229;1.000000;0.666668
interleaved_pod_1k_60sec_50ms;0;245;7.649116;7649.116;1.000000;0.666668
interleaved_pod_1k_60sec_50ms;0;246;7.699002;7699.002;1.000000;0.666668
interleaved_pod_1k_60sec_50ms;0;247;7.749388;7749.388;1.000000;0.666668
interleaved_pod_1k_60sec_50ms;0;248;7.799274;7799.274;1.000000;0.666668
interleaved_pod_1k_60sec_50ms;0;249;7.849161;7849.161;1.000000;0.666668
interleaved_pod_1k_60sec_50ms;0;250;7.899048;7899.048;1.000000;0.666668
interleaved_pod_1k_60sec_50ms;0;251;7.949433;7949.433;1.000000;0.666668
interleaved_pod_1k_60sec_50ms;0;252;7.999320;7999.320;1.000000;0.666668
interleaved_pod_1k_60sec_50ms;0;253;8.049206;8049.206;1.000000;0.666668
interleaved_pod_1k_60sec_50ms;0;254;8.099093;8099.093;1.000000;0.666668
interleaved_pod_1k_60sec_50ms;0;255;8.148980;8148.980;1.000000;0.666668
interleaved_pod_1k_60sec_50ms;0;256;8.199365;8199.365;1.000000;0.666668
interleaved_pod_1k_60sec_50ms;0;257;8.249252;8249.252;1.000000;0.666668
interleaved_pod_1k_60sec_50ms;0;258;8.299138;8299.138;1.000000;0.666668
interleaved_pod_1k_60sec_50ms;0;259;8.349025;8349.025;1.000000;0.666668
interleaved_pod_1k_60sec_50ms;0;260;8.399410;8399.410;1.000000;0.666668
interleaved_pod_1k_60sec_50ms;0;261;8.449297;8449.297;1.000000;0.666668
interleaved_pod_1k_60sec_50ms;0;262;8.499184;8499.184;1.000000;0.666668
interleaved_pod_1k_60sec_50ms;0;263;8.549070;8549.070;1.000000;0.666668
interleaved_pod_1k_60sec_50ms;0;264;8.598957;8598.957;1.000000;0.666668
interleaved_pod_1k_60sec_50ms;0;265;8.649342;8649.342;1.000000;0.666668
interleaved_pod_1k_60sec_50ms;0;266;8.699229;8699.229;1.000000;0.666668
interleaved_pod_1k_60sec_50ms;0;267;8.749116;8749.116;1.000000;0.666668
interleaved_pod_1k_60sec_50ms;0;268;8.799002;8799.002;1.000000;0.666668
interleaved_pod_1k_60sec_50ms;0;269;8.849388;8849.388;1.000000;0.666668
interleaved_pod_1k_60sec_50ms;0;270;8.899274;8899.274;1.000000;0.666668
interleaved_pod_1k_60sec_50ms;0;271;8.949161;8949.161;1.000000;0.666668
interleaved_pod_1k_60sec_50ms;0;272;8.999048;8999.048;1.000000;0.666668
interleaved_pod_1k_60sec_50ms;0;273;9.049433;9049.433;1.000000;0.666668
interleaved_pod_1k_60sec_50ms;0;274;9.099320;9099.320;1.000000;0.666668
interleaved_pod_1k_60sec_50ms;0;275;9.149206;9149.206;1.000000;0.666668
interleaved_pod_1k_60sec_50ms;0;276;9.199093;9199.093;1.000000;0.666668
interleaved_pod_1k_60sec_50ms;0;277;9.248980;9248.980;1.000000;0.666668
interleaved_pod_1k_60sec_50ms;0;278;9.299365;9299.365;1.000000;0.666668
interleaved_pod_1k_60sec_50ms;0;279;9.349252;9349.252;1.000000;0.666668
interleaved_pod_1k_60sec_50ms;0;280;9.399138;9399.138;1.000000;0.666668
interleaved_pod_1k_60sec_50ms;0;281;9.449025;9449.025;1.000000;0.666668
interleaved_pod_1k_60sec_50ms;0;282;9.499410;9499.410;1.000000;0.666668
interleaved_pod_1k_60sec_50ms;0;283;9.549297;9549.297;1.000000;0.666668
interleaved_pod_1k_60sec_50ms;0;284;9.599184;9599.184;1.000000;0.666668
interleaved_pod_1k_60sec_50ms;0;285;9.649070;9649.070;1.000000;0.666668
interleaved_pod_1k_60sec_50ms;0;286;9.698957;9698.957;1.000000;0.666668
interleaved_pod_1k_60sec_50ms;0;287;9.749342;9749.342;1.000000;0.666668
interleaved_pod_1k_60sec_50ms;0;288;9.788254;9788.254;0.737112;0.666668
interleaved_pod_1k_60sec_50ms;0;289;9.799229;9799.229;1.000000;0.666668
interleaved_pod_1k_60sec_50ms;0;290;9.849116;9849.116;1.000000;0.666668
interleaved_pod_1k_60sec_50ms;0;291;9.866576;9866.576;0.726797;0.666668
interleaved_pod_1k_60sec_50ms;0;292;9.876054;9876.054;0.689487;0.666668
interleaved_pod_1k_60sec_50ms;0;293;9.885533;9885.533;0.745103;0.666668
interleaved_pod_1k_60sec_50ms;0;294;9.895510;9895.510;0.919742;0.666668
interleaved_pod_1k_60sec_50ms;0;295;9.949388;9949.388;1.000000;0.666668
interleaved_pod_1k_60sec_50ms;0;296;9.954875;9954.875;0.814171;0.666668
interleaved_pod_1k_60sec_50ms;0;297;9.964354;9964.354;0.786855;0.666668
interleaved_pod_1k_60sec_50ms;0;298;9.973832;9973.832;0.837131;0.666668
interleaved_pod_1k_60sec_50ms;0;299;9.983810;9983.810;0.829486;0.666668
interleaved_pod_1k_60sec_50ms;0;300;9.993288;9993.288;0.938385;0.666668
interleaved_pod_1k_60sec_50ms;0;301;9.999274;9999.274;1.000000;0.666668
interleaved_pod_1k_60sec_50ms;0;302;10.049161;10049.161;1.000000;0.666668
interleaved_pod_1k_60sec_50ms;0;303;10.063628;10063.628;0.776730;0.666668
interleaved_pod_1k_60sec_50ms;0;304;10.074104;10074.104;0.709445;0.666668
interleaved_pod_1k_60sec_50ms;0;305;10.084580;10084.580;0.822108;0.666668
interleaved_pod_1k_60sec_50ms;0;306;10.095556;10095.556;0.733229;0.666668
interleaved_pod_1k_60sec_50ms;0;307;10.149433;10149.433;1.000000;0.666668
interleaved_pod_1k_60sec_50ms;0;308;10.156916;10156.916;0.692961;0.666668
interleaved_pod_1k_60sec_50ms;0;309;10.199320;10199.320;1.000000;0.666668
interleaved_pod_1k_60sec_50ms;0;310;10.249206;10249.206;1.000000;0.666668
interleaved_pod_1k_60sec_50ms;0;311;10.299093;10299.093;1.000000;0.666668
interleaved_pod_1k_60sec_50ms;0;312;10.348980;10348.980;1.000000;0.666668
interleaved_pod_1k_60sec_50ms;0;313;10.399365;10399.365;1.000000;0.666668
interleaved_pod_1k_60sec_50ms;0;314;10.449252;10449.252;1.000000;0.666668
interleaved_pod_1k_60sec_50ms;0;315;10.499138;10499.138;1.000000;0.666668
interleaved_pod_1k_60sec_50ms;0;316;10.549025;10549.025;1.000000;0.666668
interleaved_pod_1k_60sec_50ms;0;317;10.599410;10599.410;1.000000;0.666668
interleaved_pod_1k_60sec_50ms;0;318;10.649297;10649.297;1.000000;0.666668
interleaved_pod_1k_60sec_50ms;0;319;10.657778;10657.778;0.708433;0.666668
interleaved_pod_1k_60sec_50ms;0;320;10.668753;10668.753;0.717156;0.666668
interleaved_pod_1k_60sec_50ms;0;321;10.690703;10690.703;0.731955;0.666668
interleaved_pod_1k_60sec_50ms;0;322;10.699184;10699.184;1.000000;0.666668
interleaved_pod_1k_60sec_50ms;0;323;10.749070;10749.070;1.000000;0.666668
interleaved_pod_1k_60sec_50ms;0;324;10.771519;10771.519;0.754836;0.666668
interleaved_pod_1k_60sec_50ms;0;325;10.781995;10781.995;0.736666;0.666668
interleaved_pod_1k_60sec_50ms;0;326;10.791973;10791.973;0.715243;0.666668
interleaved_pod_1k_60sec_50ms;0;327;10.799456;10799.456;1.000000;0.666668
interleaved_pod_1k_60sec_50ms;0;328;10.849342;10849.342;1.000000;0.666668
interleaved_pod_1k_60sec_50ms;0;329;10.899229;10899.229;1.000000;0.666668
interleaved_pod_1k_60sec_50ms;0;330;10.949116;10949.116;1.000000;0.666668
interleaved_pod_1k_60sec_50ms;0;331;10.999002;10999.002;1.000000;0.666668
interleaved_pod_1k_60sec_50ms;0;332;11.049388;11049.388;1.000000;0.666668
interleaved_pod_1k_60sec_50ms;0;333;11.099274;11099.274;1.000000;0.666668
interleaved_pod_1k_60sec_50ms;0;334;11.149161;11149.161;1.000000;0.666668
interleaved_pod_1k_60sec_50ms;0;335;11.199048;11199.048;1.000000;0.666668
interleaved_pod_1k_60sec_50ms;0;336;11.249433;11249.433;1.000000;0.666668
interleaved_pod_1k_60sec_50ms;0;337;11.299320;11299.320;1.000000;0.666668
interleaved_pod_1k_60sec_50ms;0;338;11.349206;11349.206;1.000000;0.666668
interleaved_pod_1k_60sec_50ms;0;339;11.399093;11399.093;1.000000;0.666668
interleaved_pod_1k_60sec_50ms;0;340;11.448980;11448.980;1.000000;0.666668
interleaved_pod_1k_60sec_50ms;0;341;11.499365;11499.365;1.000000;0.666668
interleaved_pod_1k_60sec_50ms;0;342;11.549252;11549.252;1.000000;0.666668
interleaved_pod_1k_60sec_50ms;0;343;11.578186;11578.186;0.702566;0.666668
interleaved_pod_1k_60sec_50ms;0;344;11.585170;11585.170;0.722826;0.666668
interleaved_pod_1k_60sec_50ms;0;345;11.595646;11595.646;0.707924;0.666668
interleaved_pod_1k_60sec_50ms;0;346;11.649025;11649.025;1.000000;0.666668
interleaved_pod_1k_60sec_50ms;0;347;11.655011;11655.011;0.847029;0.666668
interleaved_pod_1k_60sec_50ms;0;348;11.673968;11673.968;0.701545;0.666668
interleaved_pod_1k_60sec_50ms;0;349;11.699410;11699.410;1.000000;0.666668
interleaved_pod_1k_60sec_50ms;0;350;11.749297;11749.297;1.000000;0.666668
interleaved_pod_1k_60sec_50ms;0;351;11.767755;11767.755;0.730528;0.666668
interleaved_pod_1k_60sec_50ms;0;352;11.799184;11799.184;1.000000;0.666668
interleaved_pod_1k_60sec_50ms;0;353;11.849070;11849.070;1.000000;0.666668
interleaved_pod_1k_60sec_50ms;0;354;11.898957;11898.957;1.000000;0.666668
interleaved_pod_1k_60sec_50ms;0;355;11.949342;11949.342;1.000000;0.666668
interleaved_pod_1k_60sec_50ms;0;356;11.999229;11999.229;1.000000;0.666668
interleaved_pod_1k_60sec_50ms;0;357;12.049116;12049.116;1.000000;0.666668
interleaved_pod_1k_60sec_50ms;0;358;12.069569;12069.569;0.691683;0.666668
interleaved_pod_1k_60sec_50ms;0;359;12.080544;12080.544;0.740091;0.666668
interleaved_pod_1k_60sec_50ms;0;360;12.099002;12099.002;1.000000;0.666668
interleaved_pod_1k_60sec_50ms;0;361;12.149388;12149.388;1.000000;0.666668
interleaved_pod_1k_60sec_50ms;0;362;12.199274;12199.274;1.000000;0.666668
interleaved_pod_1k_60sec_50ms;0;363;12.249161;12249.161;1.000000;0.666668
interleaved_pod_1k_60sec_50ms;0;364;12.299048;12299.048;1.000000;0.666668
interleaved_pod_1k_60sec_50ms;0;365;12.349433;12349.433;1.000000;0.666668
interleaved_pod_1k_60sec_50ms;0;366;12.399320;12399.320;1.000000;0.666668
interleaved_pod_1k_60sec_50ms;0;367;12.449206;12449.206;1.000000;0.666668
interleaved_pod_1k_60sec_50ms;0;368;12.499093;12499.093;1.000000;0.666668
interleaved_pod_1k_60sec_50ms;0;369;12.548980;12548.980;1.000000;0.666668
interleaved_pod_1k_60sec_50ms;0;370;12.599365;12599.365;1.000000;0.666668
interleaved_pod_1k_60sec_50ms;0;371;12.649252;12649.252;1.000000;0.666668
interleaved_pod_1k_60sec_50ms;0;372;12.699138;12699.138;1.000000;0.666668
interleaved_pod_1k_60sec_50ms;0;373;12.749025;12749.025;1.000000;0.666668
interleaved_pod_1k_60sec_50ms;0;374;12.799410;12799.410;1.000000;0.666668
interleaved_pod_1k_60sec_50ms;0;375;12.849297;12849.297;1.000000;0.666668
interleaved_pod_1k_60sec_50ms;0;376;12.899184;12899.184;1.000000;0.666668
interleaved_pod_1k_60sec_50ms;0;377;12.949070;12949.070;1.000000;0.666668
interleaved_pod_1k_60sec_50ms;0;378;12.998957;12998.957;1.000000;0.666668
interleaved_pod_1k_60sec_50ms;0;379;13.049342;13049.342;1.000000;0.666668
interleaved_pod_1k_60sec_50ms;0;380;13.099229;13099.229;1.000000;0.666668
interleaved_pod_1k_60sec_50ms;0;381;13.149116;13149.116;1.000000;0.666668
interleaved_pod_1k_60sec_50ms;0;382;13.199002;13199.002;1.000000;0.666668
interleaved_pod_1k_60sec_50ms;0;383;13.249388;13249.388;1.000000;0.666668
interleaved_pod_1k_60sec_50ms;0;384;13.299274;13299.274;1.000000;0.666668
interleaved_pod_1k_60sec_50ms;0;385;13.349161;13349.161;1.000000;0.666668
interleaved_pod_1k_60sec_50ms;0;386;13.399048;13399.048;1.000000;0.666668
interleaved_pod_1k_60sec_50ms;0;387;13.449433;13449.433;1.000000;0.666668
interleaved_pod_1k_60sec_50ms;0;388;13.499320;13499.320;1.000000;0.666668
interleaved_pod_1k_60sec_50ms;0;389;13.549206;13549.206;1.000000;0.666668
interleaved_pod_1k_60sec_50ms;0;390;13.599093;13599.093;1.000000;0.666668
interleaved_pod_1k_60sec_50ms;0;391;13.648980;13648.980;1.000000;0.666668
interleaved_pod_1k_60sec_50ms;0;392;13.699365;13699.365;1.000000;0.666668
interleaved_pod_1k_60sec_50ms;0;393;13.749252;13749.252;1.000000;0.666668
interleaved_pod_1k_60sec_50ms;0;394;13.799138;13799.138;1.000000;0.666668
interleaved_pod_1k_60sec_50ms;0;395;13.849025;13849.025;1.000000;0.666668
interleaved_pod_1k_60sec_50ms;0;396;13.899410;13899.410;1.000000;0.666668
interleaved_pod_1k_60sec_50ms;0;397;13.949297;13949.297;1.000000;0.666668
interleaved_pod_1k_60sec_50ms;0;398;13.999184;13999.184;1.000000;0.666668
interleaved_pod_1k_60sec_50ms;0;399;14.049070;14049.070;1.000000;0.666668
interleaved_pod_1k_60sec_50ms;0;400;14.098957;14098.957;1.000000;0.666668
interleaved_pod_1k_60sec_50ms;0;401;14.149342;14149.342;1.000000;0.666668
interleaved_pod_1k_60sec_50ms;0;402;14.199229;14199.229;1.000000;0.666668
interleaved_pod_1k_60sec_50ms;0;403;14.249116;14249.116;1.000000;0.666668
interleaved_pod_1k_60sec_50ms;0;404;14.298005;14298.005;0.797942;0.666668
interleaved_pod_1k_60sec_50ms;0;405;14.349388;14349.388;1.000000;0.666668
interleaved_pod_1k_60sec_50ms;0;406;14.355873;14355.873;0.667160;0.666668
interleaved_pod_1k_60sec_50ms;0;407;14.399274;14399.274;1.000000;0.666668
interleaved_pod_1k_60sec_50ms;0;408;14.449161;14449.161;1.000000;0.666668
interleaved_pod_1k_60sec_50ms;0;409;14.499048;14499.048;1.000000;0.666668
interleaved_pod_1k_60sec_50ms;0;410;14.549433;14549.433;1.000000;0.666668
interleaved_pod_1k_60sec_50ms;0;411;14.559410;14559.410;0.687573;0.666668
interleaved_pod_1k_60sec_50ms;0;412;14.566395;14566.395;0.734278;0.666668
interleaved_pod_1k_60sec_50ms;0;413;14.575873;14575.873;0.928224;0.666668
interleaved_pod_1k_60sec_50ms;0;414;14.591338;14591.338;0.783850;0.666668
interleaved_pod_1k_60sec_50ms;0;415;14.599320;14599.320;1.000000;0.666668
interleaved_pod_1k_60sec_50ms;0;416;14.649206;14649.206;1.000000;0.666668
interleaved_pod_1k_60sec_50ms;0;417;14.658685;14658.685;0.682627;0.666668
interleaved_pod_1k_60sec_50ms;0;418;14.666168;14666.168;0.979049;0.666668
interleaved_pod_1k_60sec_50ms;0;419;14.675646;14675.646;0.964126;0.666668
interleaved_pod_1k_60sec_50ms;0;420;14.682630;14682.630;0.762946;0.666668
interleaved_pod_1k_60sec_50ms;0;421;14.690612;14690.612;0.772365;0.666668
interleaved_pod_1k_60sec_50ms;0;422;14.699093;14699.093;1.000000;0.666668
interleaved_pod_1k_60sec_50ms;0;423;14.748980;14748.980;1.000000;0.666668
interleaved_pod_1k_60sec_50ms;0;424;14.756961;14756.961;0.799565;0.666668
interleaved_pod_1k_60sec_50ms;0;425;14.765442;14765.442;0.971484;0.666668
interleaved_pod_1k_60sec_50ms;0;426;14.773424;14773.424;0.939411;0.666668
interleaved_pod_1k_60sec_50ms;0;427;14.782902;14782.902;0.973062;0.666668
interleaved_pod_1k_60sec_50ms;0;428;14.790884;14790.884;0.714910;0.666668
interleaved_pod_1k_60sec_50ms;0;429;14.799365;14799.365;1.000000;0.666668
interleaved_pod_1k_60sec_50ms;0;430;14.849252;14849.252;1.000000;0.666668
interleaved_pod_1k_60sec_50ms;0;431;14.899138;14899.138;1.000000;0.666668
interleaved_pod_1k_60sec_50ms;0;432;14.949025;14949.025;1.000000;0.666668
interleaved_pod_1k_60sec_50ms;0;433;14.999410;14999.410;1.000000;0.666668
interleaved_pod_1k_60sec_50ms;0;434;15.049297;15049.297;1.000000;0.666668
interleaved_pod_1k_60sec_50ms;0;435;15.099184;15099.184;1.000000;0.666668
interleaved_pod_1k_60sec_50ms;0;436;15.149070;15149.070;1.000000;0.666668
interleaved_pod_1k_60sec_50ms;0;437;15.198957;15198.957;1.000000;0.666668
interleaved_pod_1k_60sec_50ms;0;438;15.249342;15249.342;1.000000;0.666668
interleaved_pod_1k_60sec_50ms;0;439;15.299229;15299.229;1.000000;0.666668
interleaved_pod_1k_60sec_50ms;0;440;15.349116;15349.116;1.000000;0.666668
interleaved_pod_1k_60sec_50ms;0;441;15.399002;15399.002;1.000000;0.666668
interleaved_pod_1k_60sec_50ms;0;442;15.449388;15449.388;1.000000;0.666668
interleaved_pod_1k_60sec_50ms;0;443;15.499274;15499.274;1.000000;0.666668
interleaved_pod_1k_60sec_50ms;0;444;15.549161;15549.161;1.000000;0.666668
interleaved_pod_1k_60sec_50ms;0;445;15.599048;15599.048;1.000000;0.666668
interleaved_pod_1k_60sec_50ms;0;446;15.649433;15649.433;1.000000;0.666668
interleaved_pod_1k_60sec_50ms;0;447;15.699320;15699.320;1.000000;0.666668
interleaved_pod_1k_60sec_50ms;0;448;15.749206;15749.206;1.000000;0.666668
interleaved_pod_1k_60sec_50ms;0;449;15.799093;15799.093;1.000000;0.666668
interleaved_pod_1k_60sec_50ms;0;450;15.848980;15848.980;1.000000;0.666668
interleaved_pod_1k_60sec_50ms;0;451;15.899365;15899.365;1.000000;0.666668
interleaved_pod_1k_60sec_50ms;0;452;15.949252;15949.252;1.000000;0.666668
interleaved_pod_1k_60sec_50ms;0;453;15.999138;15999.138;1.000000;0.666668
interleaved_pod_1k_60sec_50ms;0;454;16.049025;16049.025;1.000000;0.666668
interleaved_pod_1k_60sec_50ms;0;455;16.099410;16099.410;1.000000;0.666668
interleaved_pod_1k_60sec_50ms;0;456;16.149297;16149.297;1.000000;0.666668
interleaved_pod_1k_60sec_50ms;0;457;16.199184;16199.184;1.000000;0.666668
interleaved_pod_1k_60sec_50ms;0;458;16.249070;16249.070;1.000000;0.666668
interleaved_pod_1k_60sec_50ms;0;459;16.298957;16298.957;1.000000;0.666668
interleaved_pod_1k_60sec_50ms;0;460;16.349342;16349.342;1.000000;0.666668
interleaved_pod_1k_60sec_50ms;0;461;16.399229;16399.229;1.000000;0.666668
interleaved_pod_1k_60sec_50ms;0;462;16.449116;16449.116;1.000000;0.666668
interleaved_pod_1k_60sec_50ms;0;463;16.499002;16499.002;1.000000;0.666668
interleaved_pod_1k_60sec_50ms;0;464;16.549388;16549.388;1.000000;0.666668
interleaved_pod_1k_60sec_50ms;0;465;16.599274;16599.274;1.000000;0.666668
interleaved_pod_1k_60sec_50ms;0;466;16.649161;16649.161;1.000000;0.666668
interleaved_pod_1k_60sec_50ms;0;467;16.699048;16699.048;1.000000;0.666668
interleaved_pod_1k_60sec_50ms;0;468;16.749433;16749.433;1.000000;0.666668
interleaved_pod_1k_60sec_50ms;0;469;16.799320;16799.320;1.000000;0.666668
interleaved_pod_1k_60sec_50ms;0;470;16.849206;16849.206;1.000000;0.666668
interleaved_pod_1k_60sec_50ms;0;471;16.891111;16891.111;0.772090;0.666668
interleaved_pod_1k_60sec_50ms;0;472;16.899093;16899.093;1.000000;0.666668
interleaved_pod_1k_60sec_50ms;0;473;16.948980;16948.980;1.000000;0.666668
interleaved_pod_1k_60sec_50ms;0;474;16.999365;16999.365;1.000000;0.666668
interleaved_pod_1k_60sec_50ms;0;475;17.049252;17049.252;1.000000;0.666668
interleaved_pod_1k_60sec_50ms;0;476;17.099138;17099.138;1.000000;0.666668
interleaved_pod_1k_60sec_50ms;0;477;17.149025;17149.025;1.000000;0.666668
interleaved_pod_1k_60sec_50ms;0;478;17.162993;17162.993;1.000000;0.666668
interleaved_pod_1k_60sec_50ms;0;479;17.171474;17171.474;0.771493;0.666668
interleaved_pod_1k_60sec_50ms;0;480;17.180454;17180.454;0.837714;0.666668
interleaved_pod_1k_60sec_50ms;0;481;17.199410;17199.410;1.000000;0.666668
interleaved_pod_1k_60sec_50ms;0;482;17.249297;17249.297;1.000000;0.666668
interleaved_pod_1k_60sec_50ms;0;483;17.292200;17292.200;0.876116;0.666668
interleaved_pod_1k_60sec_50ms;0;484;17.299184;17299.184;1.000000;0.666668
interleaved_pod_1k_60sec_50ms;0;485;17.349070;17349.070;1.000000;0.666668
interleaved_pod_1k_60sec_50ms;0;486;17.399456;17399.456;1.000000;0.666668
interleaved_pod_1k_60sec_50ms;0;487;17.449342;17449.342;1.000000;0.666668
interleaved_pod_1k_60sec_50ms;0;488;17.499229;17499.229;1.000000;0.666668
interleaved_pod_1k_60sec_50ms;0;489;17.549116;17549.116;1.000000;0.666668
interleaved_pod_1k_60sec_50ms;0;490;17.599002;17599.002;1.000000;0.666668
interleaved_pod_1k_60sec_50ms;0;491;17.649388;17649.388;1.000000;0.666668
interleaved_pod_1k_60sec_50ms;0;492;17.657370;17657.370;0.680109;0.666668
interleaved_pod_1k_60sec_50ms;0;493;17.664853;17664.853;0.959403;0.666668
interleaved_pod_1k_60sec_50ms;0;494;17.673333;17673.333;0.823692;0.666668
interleaved_pod_1k_60sec_50ms;0;495;17.699274;17699.274;1.000000;0.666668
interleaved_pod_1k_60sec_50ms;0;496;17.749161;17749.161;1.000000;0.666668
interleaved_pod_1k_60sec_50ms;0;497;17.799048;17799.048;1.000000;0.666668
interleaved_pod_1k_60sec_50ms;0;498;17.849433;17849.433;1.000000;0.666668
interleaved_pod_1k_60sec_50ms;0;499;17.899320;17899.320;1.000000;0.666668
interleaved_pod_1k_60sec_50ms;0;500;17.949206;17949.206;1.000000;0.666668
interleaved_pod_1k_60sec_50ms;0;501;17.999093;17999.093;1.000000;0.666668
interleaved_pod_1k_60sec_50ms;0;502;18.048980;18048.980;1.000000;0.666668
interleaved_pod_1k_60sec_50ms;0;503;18.099365;18099.365;1.000000;0.666668
interleaved_pod_1k_60sec_50ms;0;504;18.149252;18149.252;1.000000;0.666668
interleaved_pod_1k_60sec_50ms;0;505;18.199138;18199.138;1.000000;0.666668
interleaved_pod_1k_60sec_50ms;0;506;18.249025;18249.025;1.000000;0.666668
interleaved_pod_1k_60sec_50ms;0;507;18.299410;18299.410;1.000000;0.666668
interleaved_pod_1k_60sec_50ms;0;508;18.349297;18349.297;1.000000;0.666668
interleaved_pod_1k_60sec_50ms;0;509;18.399184;18399.184;1.000000;0.666668
interleaved_pod_1k_60sec_50ms;0;510;18.449070;18449.070;1.000000;0.666668
interleaved_pod_1k_60sec_50ms;0;511;18.498957;18498.957;1.000000;0.666668
interleaved_pod_1k_60sec_50ms;0;512;18.549342;18549.342;1.000000;0.666668
interleaved_pod_1k_60sec_50ms;0;513;18.599229;18599.229;1.000000;0.666668
interleaved_pod_1k_60sec_50ms;0;514;18.649116;18649.116;1.000000;0.666668
interleaved_pod_1k_60sec_50ms;0;515;18.699002;18699.002;1.000000;0.666668
interleaved_pod_1k_60sec_50ms;0;516;18.749388;18749.388;1.000000;0.666668
interleaved_pod_1k_60sec_50ms;0;517;18.793288;18793.288;0.701081;0.666668
interleaved_pod_1k_60sec_50ms;0;518;18.799274;18799.274;1.000000;0.666668
interleaved_pod_1k_60sec_50ms;0;519;18.849161;18849.161;1.000000;0.666668
interleaved_pod_1k_60sec_50ms;0;520;18.862132;18862.132;0.885656;0.666668
interleaved_pod_1k_60sec_50ms;0;521;18.870113;18870.113;0.895715;0.666668
interleaved_pod_1k_60sec_50ms;0;522;18.879093;18879.093;0.804694;0.666668
interleaved_pod_1k_60sec_50ms;0;523;18.888073;18888.073;0.677086;0.666668
interleaved_pod_1k_60sec_50ms;0;524;18.897052;18897.052;0.698291;0.666668
interleaved_pod_1k_60sec_50ms;0;525;18.949433;18949.433;1.000000;0.666668
interleaved_pod_1k_60sec_50ms;0;526;18.999320;18999.320;1.000000;0.666668
interleaved_pod_1k_60sec_50ms;0;527;19.049206;19049.206;1.000000;0.666668
interleaved_pod_1k_60sec_50ms;0;528;19.099093;19099.093;1.000000;0.666668
interleaved_pod_1k_60sec_50ms;0;529;19.148980;19148.980;1.000000;0.666668
interleaved_pod_1k_60sec_50ms;0;530;19.180907;19180.907;0.701777;0.666668
interleaved_pod_1k_60sec_50ms;0;531;19.199365;19199.365;1.000000;0.666668
interleaved_pod_1k_60sec_50ms;0;532;19.249252;19249.252;1.000000;0.666668
interleaved_pod_1k_60sec_50ms;0;533;19.256236;19256.236;0.673093;0.666668
interleaved_pod_1k_60sec_50ms;0;534;19.299138;19299.138;1.000000;0.666668
interleaved_pod_1k_60sec_50ms;0;535;19.349025;19349.025;1.000000;0.666668
interleaved_pod_1k_60sec_50ms;0;536;19.399410;19399.410;1.000000;0.666668
interleaved_pod_1k_60sec_50ms;0;537;19.449297;19449.297;1.000000;0.666668
interleaved_pod_1k_60sec_50ms;0;538;19.499184;19499.184;1.000000;0.666668
interleaved_pod_1k_60sec_50ms;0;539;19.549070;19549.070;1.000000;0.666668
interleaved_pod_1k_60sec_50ms;0;540;19.598957;19598.957;1.000000;0.666668
interleaved_pod_1k_60sec_50ms;0;541;19.649342;19649.342;1.000000;0.666668
interleaved_pod_1k_60sec_50ms;0;542;19.699229;19699.229;1.000000;0.666668
interleaved_pod_1k_60sec_50ms;0;543;19.749116;19749.116;1.000000;0.666668
interleaved_pod_1k_60sec_50ms;0;544;19.799002;19799.002;1.000000;0.666668
interleaved_pod_1k_60sec_50ms;0;545;19.849388;19849.388;1.000000;0.666668
interleaved_pod_1k_60sec_50ms;0;546;19.899274;19899.274;1.000000;0.666668
interleaved_pod_1k_60sec_50ms;0;547;19.949161;19949.161;1.000000;0.666668
interleaved_pod_1k_60sec_50ms;0;548;19.999048;19999.048;1.000000;0.666668
interleaved_pod_1k_60sec_50ms;0;549;20.049433;20049.433;1.000000;0.666668
interleaved_pod_1k_60sec_50ms;0;550;20.099320;20099.320;1.000000;0.666668
interleaved_pod_1k_60sec_50ms;0;551;20.149206;20149.206;1.000000;0.666668
interleaved_pod_1k_60sec_50ms;0;552;20.199093;20199.093;1.000000;0.666668
interleaved_pod_1k_60sec_50ms;0;553;20.248980;20248.980;1.000000;0.666668
interleaved_pod_1k_60sec_50ms;0;554;20.299365;20299.365;1.000000;0.666668
interleaved_pod_1k_60sec_50ms;0;555;20.349252;20349.252;1.000000;0.666668
interleaved_pod_1k_60sec_50ms;0;556;20.399138;20399.138;1.000000;0.666668
interleaved_pod_1k_60sec_50ms;0;557;20.449025;20449.025;1.000000;0.666668
interleaved_pod_1k_60sec_50ms;0;558;20.499410;20499.410;1.000000;0.666668
interleaved_pod_1k_60sec_50ms;0;559;20.549297;20549.297;1.000000;0.666668
interleaved_pod_1k_60sec_50ms;0;560;20.599184;20599.184;1.000000;0.666668
interleaved_pod_1k_60sec_50ms;0;561;20.649070;20649.070;1.000000;0.666668
interleaved_pod_1k_60sec_50ms;0;562;20.696463;20696.463;0.740194;0.666668
interleaved_pod_1k_60sec_50ms;0;563;20.749342;20749.342;1.000000;0.666668
interleaved_pod_1k_60sec_50ms;0;564;20.799229;20799.229;1.000000;0.666668
interleaved_pod_1k_60sec_50ms;0;565;20.849116;20849.116;1.000000;0.666668
interleaved_pod_1k_60sec_50ms;0;566;20.892018;20892.018;0.736572;0.666668
interleaved_pod_1k_60sec_50ms;0;567;20.899002;20899.002;1.000000;0.666668
interleaved_pod_1k_60sec_50ms;0;568;20.949388;20949.388;1.000000;0.666668
interleaved_pod_1k_60sec_50ms;0;569;20.999274;20999.274;1.000000;0.666668
interleaved_pod_1k_60sec_50ms;0;570;21.049161;21049.161;1.000000;0.666668
interleaved_pod_1k_60sec_50ms;0;571;21.099048;21099.048;1.000000;0.666668
interleaved_pod_1k_60sec_50ms;0;572;21.149433;21149.433;1.000000;0.666668
interleaved_pod_1k_60sec_50ms;0;573;21.199320;21199.320;1.000000;0.666668
interleaved_pod_1k_60sec_50ms;0;574;21.249206;21249.206;1.000000;0.666668
interleaved_pod_1k_60sec_50ms;0;575;21.299093;21299.093;1.000000;0.666668
interleaved_pod_1k_60sec_50ms;0;576;21.348980;21348.980;1.000000;0.666668
interleaved_pod_1k_60sec_50ms;0;577;21.399365;21399.365;1.000000;0.666668
interleaved_pod_1k_60sec_50ms;0;578;21.449252;21449.252;1.000000;0.666668
interleaved_pod_1k_60sec_50ms;0;579;21.499138;21499.138;1.000000;0.666668
interleaved_pod_1k_60sec_50ms;0;580;21.549025;21549.025;1.000000;0.666668
interleaved_pod_1k_60sec_50ms;0;581;21.599410;21599.410;1.000000;0.666668
interleaved_pod_1k_60sec_50ms;0;582;21.649297;21649.297;1.000000;0.666668
interleaved_pod_1k_60sec_50ms;0;583;21.699184;21699.184;1.000000;0.666668
interleaved_pod_1k_60sec_50ms;0;584;21.749070;21749.070;1.000000;0.666668
interleaved_pod_1k_60sec_50ms;0;585;21.798957;21798.957;1.000000;0.666668
interleaved_pod_1k_60sec_50ms;0;586;21.849342;21849.342;1.000000;0.666668
interleaved_pod_1k_60sec_50ms;0;587;21.899229;21899.229;1.000000;0.666668
interleaved_pod_1k_60sec_50ms;0;588;21.949116;21949.116;1.000000;0.666668
interleaved_pod_1k_60sec_50ms;0;589;21.999002;21999.002;1.000000;0.666668
interleaved_pod_1k_60sec_50ms;0;590;22.049388;22049.388;1.000000;0.666668
interleaved_pod_1k_60sec_50ms;0;591;22.099274;22099.274;1.000000;0.666668
interleaved_pod_1k_60sec_50ms;0;592;22.149161;22149.161;1.000000;0.666668
interleaved_pod_1k_60sec_50ms;0;593;22.199048;22199.048;1.000000;0.666668
interleaved_pod_1k_60sec_50ms;0;594;22.249433;22249.433;1.000000;0.666668
interleaved_pod_1k_60sec_50ms;0;595;22.299320;22299.320;1.000000;0.666668
interleaved_pod_1k_60sec_50ms;0;596;22.349206;22349.206;1.000000;0.666668
interleaved_pod_1k_60sec_50ms;0;597;22.399093;22399.093;1.000000;0.666668
interleaved_pod_1k_60sec_50ms;0;598;22.448980;22448.980;1.000000;0.666668
interleaved_pod_1k_60sec_50ms;0;599;22.499365;22499.365;1.000000;0.666668
interleaved_pod_1k_60sec_50ms;0;600;22.549252;22549.252;1.000000;0.666668
interleaved_pod_1k_60sec_50ms;0;601;22.599138;22599.138;1.000000;0.666668
interleaved_pod_1k_60sec_50ms;0;602;22.649025;22649.025;1.000000;0.666668
interleaved_pod_1k_60sec_50ms;0;603;22.699410;22699.410;1.000000;0.666668
interleaved_pod_1k_60sec_50ms;0;604;22.749297;22749.297;1.000000;0.666668
interleaved_pod_1k_60sec_50ms;0;605;22.786712;22786.712;0.832830;0.666668
interleaved_pod_1k_60sec_50ms;0;606;22.795692;22795.692;0.801916;0.666668
interleaved_pod_1k_60sec_50ms;0;607;22.849070;22849.070;1.000000;0.666668
interleaved_pod_1k_60sec_50ms;0;608;22.854558;22854.558;0.783691;0.666668
interleaved_pod_1k_60sec_50ms;0;609;22.872517;22872.517;0.699614;0.666668
interleaved_pod_1k_60sec_50ms;0;610;22.898957;22898.957;1.000000;0.666668
interleaved_pod_1k_60sec_50ms;0;611;22.949342;22949.342;1.000000;0.666668
interleaved_pod_1k_60sec_50ms;0;612;22.999229;22999.229;1.000000;0.666668
interleaved_pod_1k_60sec_50ms;0;613;23.049116;23049.116;1.000000;0.666668
interleaved_pod_1k_60sec_50ms;0;614;23.099002;23099.002;1.000000;0.666668
interleaved_pod_1k_60sec_50ms;0;615;23.149388;23149.388;1.000000;0.666668
interleaved_pod_1k_60sec_50ms;0;616;23.199274;23199.274;1.000000;0.666668
interleaved_pod_1k_60sec_50ms;0;617;23.249161;23249.161;1.000000;0.666668
interleaved_pod_1k_60sec_50ms;0;618;23.299048;23299.048;1.000000;0.666668
interleaved_pod_1k_60sec_50ms;0;619;23.349433;23349.433;1.000000;0.666668
interleaved_pod_1k_60sec_50ms;0;620;23.399320;23399.320;1.000000;0.666668
interleaved_pod_1k_60sec_50ms;0;621;23.449206;23449.206;1.000000;0.666668
interleaved_pod_1k_60sec_50ms;0;622;23.499093;23499.093;1.000000;0.666668
interleaved_pod_1k_60sec_50ms;0;623;23.548980;23548.980;1.000000;0.666668
interleaved_pod_1k_60sec_50ms;0;624;23.599365;23599.365;1.000000;0.666668
interleaved_pod_1k_60sec_50ms;0;625;23.649252;23649.252;1.000000;0.666668
interleaved_pod_1k_60sec_50ms;0;626;23.699138;23699.138;1.000000;0.666668
interleaved_pod_1k_60sec_50ms;0;627;23.749025;23749.025;1.000000;0.666668
interleaved_pod_1k_60sec_50ms;0;628;23.799410;23799.410;1.000000;0.666668
interleaved_pod_1k_60sec_50ms;0;629;23.849297;23849.297;1.000000;0.666668
interleaved_pod_1k_60sec_50ms;0;630;23.899184;23899.184;1.000000;0.666668
interleaved_pod_1k_60sec_50ms;0;631;23.949070;23949.070;1.000000;0.666668
interleaved_pod_1k_60sec_50ms;0;632;23.999456;23999.456;1.000000;0.666668
interleaved_pod_1k_60sec_50ms;0;633;24.049342;24049.342;1.000000;0.666668
interleaved_pod_1k_60sec_50ms;0;634;24.099229;24099.229;1.000000;0.666668
interleaved_pod_1k_60sec_50ms;0;635;24.149116;24149.116;1.000000;0.666668
interleaved_pod_1k_60sec_50ms;0;636;24.199002;24199.002;1.000000;0.666668
interleaved_pod_1k_60sec_50ms;0;637;24.249388;24249.388;1.000000;0.666668
interleaved_pod_1k_60sec_50ms;0;638;24.299274;24299.274;1.000000;0.666668
interleaved_pod_1k_60sec_50ms;0;639;24.349161;24349.161;1.000000;0.666668
interleaved_pod_1k_60sec_50ms;0;640;24.399048;24399.048;1.000000;0.666668
interleaved_pod_1k_60sec_50ms;0;641;24.449433;24449.433;1.000000;0.666668
interleaved_pod_1k_60sec_50ms;0;642;24.499320;24499.320;1.000000;0.666668
interleaved_pod_1k_60sec_50ms;0;643;24.549206;24549.206;1.000000;0.666668
interleaved_pod_1k_60sec_50ms;0;644;24.599093;24599.093;1.000000;0.666668
interleaved_pod_1k_60sec_50ms;0;645;24.648980;24648.980;1.000000;0.666668
interleaved_pod_1k_60sec_50ms;0;646;24.699365;24699.365;1.000000;0.666668
interleaved_pod_1k_60sec_50ms;0;647;24.749252;24749.252;1.000000;0.666668
interleaved_pod_1k_60sec_50ms;0;648;24.799138;24799.138;1.000000;0.666668
interleaved_pod_1k_60sec_50ms;0;649;24.849025;24849.025;1.000000;0.666668
interleaved_pod_1k_60sec_50ms;0;650;24.899410;24899.410;1.000000;0.666668
interleaved_pod_1k_60sec_50ms;0;651;24.949297;24949.297;1.000000;0.666668
interleaved_pod_1k_60sec_50ms;0;652;24.999184;24999.184;1.000000;0.666668
interleaved_pod_1k_60sec_50ms;0;653;25.049070;25049.070;1.000000;0.666668
interleaved_pod_1k_60sec_50ms;0;654;25.098957;25098.957;1.000000;0.666668
interleaved_pod_1k_60sec_50ms;0;655;25.149342;25149.342;1.000000;0.666668
interleaved_pod_1k_60sec_50ms;0;656;25.199229;25199.229;1.000000;0.666668
interleaved_pod_1k_60sec_50ms;0;657;25.249116;25249.116;1.000000;0.666668
interleaved_pod_1k_60sec_50ms;0;658;25.299002;25299.002;1.000000;0.666668
interleaved_pod_1k_60sec_50ms;0;659;25.349388;25349.388;1.000000;0.666668
interleaved_pod_1k_60sec_50ms;0;660;25.399274;25399.274;1.000000;0.666668
interleaved_pod_1k_60sec_50ms;0;661;25.449161;25449.161;1.000000;0.666668
interleaved_pod_1k_60sec_50ms;0;662;25.499048;25499.048;1.000000;0.666668
interleaved_pod_1k_60sec_50ms;0;663;25.549433;25549.433;1.000000;0.666668
interleaved_pod_1k_60sec_50ms;0;664;25.599320;25599.320;1.000000;0.666668
interleaved_pod_1k_60sec_50ms;0;665;25.649206;25649.206;1.000000;0.666668
interleaved_pod_1k_60sec_50ms;0;666;25.699093;25699.093;1.000000;0.666668
interleaved_pod_1k_60sec_50ms;0;667;25.748980;25748.980;1.000000;0.666668
interleaved_pod_1k_60sec_50ms;0;668;25.799365;25799.365;1.000000;0.666668
interleaved_pod_1k_60sec_50ms;0;669;25.849252;25849.252;1.000000;0.666668
interleaved_pod_1k_60sec_50ms;0;670;25.899138;25899.138;1.000000;0.666668
interleaved_pod_1k_60sec_50ms;0;671;25.949025;25949.025;1.000000;0.666668
interleaved_pod_1k_60sec_50ms;0;672;25.999410;25999.410;1.000000;0.666668
interleaved_pod_1k_60sec_50ms;0;673;26.049297;26049.297;1.000000;0.666668
interleaved_pod_1k_60sec_50ms;0;674;26.099184;26099.184;1.000000;0.666668
interleaved_pod_1k_60sec_50ms;0;675;26.149070;26149.070;1.000000;0.666668
interleaved_pod_1k_60sec_50ms;0;676;26.198957;26198.957;1.000000;0.666668
interleaved_pod_1k_60sec_50ms;0;677;26.249342;26249.342;1.000000;0.666668
interleaved_pod_1k_60sec_50ms;0;678;26.299229;26299.229;1.000000;0.666668
interleaved_pod_1k_60sec_50ms;0;679;26.349116;26349.116;1.000000;0.666668
interleaved_pod_1k_60sec_50ms;0;680;26.399002;26399.002;1.000000;0.666668
interleaved_pod_1k_60sec_50ms;0;681;26.449388;26449.388;1.000000;0.666668
interleaved_pod_1k_60sec_50ms;0;682;26.499274;26499.274;1.000000;0.666668
interleaved_pod_1k_60sec_50ms;0;683;26.549161;26549.161;1.000000;0.666668
interleaved_pod_1k_60sec_50ms;0;684;26.584082;26584.082;0.680521;0.666668
interleaved_pod_1k_60sec_50ms;0;685;26.594059;26594.059;0.762297;0.666668
interleaved_pod_1k_60sec_50ms;0;686;26.599546;26599.546;1.000000;0.666668
interleaved_pod_1k_60sec_50ms;0;687;26.649433;26649.433;1.000000;0.666668
interleaved_pod_1k_60sec_50ms;0;688;26.663401;26663.401;0.757815;0.666668
interleaved_pod_1k_60sec_50ms;0;689;26.672880;26672.880;0.833958;0.666668
interleaved_pod_1k_60sec_50ms;0;690;26.692336;26692.336;0.893622;0.666668
interleaved_pod_1k_60sec_50ms;0;691;26.699320;26699.320;1.000000;0.666668
interleaved_pod_1k_60sec_50ms;0;692;26.749206;26749.206;1.000000;0.666668
interleaved_pod_1k_60sec_50ms;0;693;26.760181;26760.181;0.681710;0.666668
interleaved_pod_1k_60sec_50ms;0;694;26.770658;26770.658;0.710314;0.666668
interleaved_pod_1k_60sec_50ms;0;695;26.778141;26778.141;0.763832;0.666668
interleaved_pod_1k_60sec_50ms;0;696;26.789116;26789.116;0.706719;0.666668
interleaved_pod_1k_60sec_50ms;0;697;26.796599;26796.599;0.901622;0.666668
interleaved_pod_1k_60sec_50ms;0;698;26.848980;26848.980;1.000000;0.666668
interleaved_pod_1k_60sec_50ms;0;699;26.855964;26855.964;0.807975;0.666668
interleaved_pod_1k_60sec_50ms;0;700;26.866939;26866.939;0.966543;0.666668
interleaved_pod_1k_60sec_50ms;0;701;26.874422;26874.422;0.832440;0.666668
interleaved_pod_1k_60sec_50ms;0;702;26.883900;26883.900;0.802487;0.666668
interleaved_pod_1k_60sec_50ms;0;703;26.893379;26893.379;0.698995;0.666668
interleaved_pod_1k_60sec_50ms;0;704;26.899365;26899.365;1.000000;0.666668
interleaved_pod_1k_60sec_50ms;0;705;26.949252;26949.252;1.000000;0.666668
interleaved_pod_1k_60sec_50ms;0;706;26.963719;26963.719;0.729858;0.666668
interleaved_pod_1k_60sec_50ms;0;707;26.972200;26972.200;0.739585;0.666668
interleaved_pod_1k_60sec_50ms;0;708;26.981678;26981.678;0.788740;0.666668
interleaved_pod_1k_60sec_50ms;0;709;26.991156;26991.156;0.817237;0.666668
interleaved_pod_1k_60sec_50ms;0;710;26.999138;26999.138;1.000000;0.666668
interleaved_pod_1k_60sec_50ms;0;711;27.049025;27049.025;1.000000;0.666668
interleaved_pod_1k_60sec_50ms;0;712;27.071474;27071.474;0.718289;0.666668
interleaved_pod_1k_60sec_50ms;0;713;27.099410;27099.410;1.000000;0.666668
interleaved_pod_1k_60sec_50ms;0;714;27.149297;27149.297;1.000000;0.666668
interleaved_pod_1k_60sec_50ms;0;715;27.199184;27199.184;1.000000;0.666668
interleaved_pod_1k_60sec_50ms;0;716;27.249070;27249.070;1.000000;0.666668
interleaved_pod_1k_60sec_50ms;0;717;27.298957;27298.957;1.000000;0.666668
interleaved_pod_1k_60sec_50ms;0;718;27.349342;27349.342;1.000000;0.666668
interleaved_pod_1k_60sec_50ms;0;719;27.399229;27399.229;1.000000;0.666668
interleaved_pod_1k_60sec_50ms;0;720;27.449116;27449.116;1.000000;0.666668
interleaved_pod_1k_60sec_50ms;0;721;27.499002;27499.002;1.000000;0.666668
interleaved_pod_1k_60sec_50ms;0;722;27.549388;27549.388;1.000000;0.666668
interleaved_pod_1k_60sec_50ms;0;723;27.599274;27599.274;1.000000;0.666668
interleaved_pod_1k_60sec_50ms;0;724;27.649161;27649.161;1.000000;0.666668
interleaved_pod_1k_60sec_50ms;0;725;27.699048;27699.048;1.000000;0.666668
interleaved_pod_1k_60sec_50ms;0;726;27.749433;27749.433;1.000000;0.666668
interleaved_pod_1k_60sec_50ms;0;727;27.799320;27799.320;1.000000;0.666668
interleaved_pod_1k_60sec_50ms;0;728;27.849206;27849.206;1.000000;0.666668
interleaved_pod_1k_60sec_50ms;0;729;27.899093;27899.093;1.000000;0.666668
interleaved_pod_1k_60sec_50ms;0;730;27.948980;27948.980;1.000000;0.666668
interleaved_pod_1k_60sec_50ms;0;731;27.999365;27999.365;1.000000;0.666668
interleaved_pod_1k_60sec_50ms;0;732;28.049252;28049.252;1.000000;0.666668
interleaved_pod_1k_60sec_50ms;0;733;28.099138;28099.138;1.000000;0.666668
interleaved_pod_1k_60sec_50ms;0;734;28.149025;28149.025;1.000000;0.666668
interleaved_pod_1k_60sec_50ms;0;735;28.199410;28199.410;1.000000;0.666668
interleaved_pod_1k_60sec_50ms;0;736;28.249297;28249.297;1.000000;0.666668
interleaved_pod_1k_60sec_50ms;0;737;28.299184;28299.184;1.000000;0.666668
interleaved_pod_1k_60sec_50ms;0;738;28.349070;28349.070;1.000000;0.666668
interleaved_pod_1k_60sec_50ms;0;739;28.398957;28398.957;1.000000;0.666668
interleaved_pod_1k_60sec_50ms;0;740;28.449342;28449.342;1.000000;0.666668
interleaved_pod_1k_60sec_50ms;0;741;28.499229;28499.229;1.000000;0.666668
interleaved_pod_1k_60sec_50ms;0;742;28.549116;28549.116;1.000000;0.666668
interleaved_pod_1k_60sec_50ms;0;743;28.599002;28599.002;1.000000;0.666668
interleaved_pod_1k_60sec_50ms;0;744;28.649388;28649.388;1.000000;0.666668
interleaved_pod_1k_60sec_50ms;0;745;28.699274;28699.274;1.000000;0.666668
interleaved_pod_1k_60sec_50ms;0;746;28.749161;28749.161;1.000000;0.666668
interleaved_pod_1k_60sec_50ms;0;747;28.799048;28799.048;1.000000;0.666668
interleaved_pod_1k_60sec_50ms;0;748;28.849433;28849.433;1.000000;0.666668
interleaved_pod_1k_60sec_50ms;0;749;28.899320;28899.320;1.000000;0.666668
interleaved_pod_1k_60sec_50ms;0;750;28.949206;28949.206;1.000000;0.666668
interleaved_pod_1k_60sec_50ms;0;751;28.999093;28999.093;1.000000;0.666668
interleaved_pod_1k_60sec_50ms;0;752;29.048980;29048.980;1.000000;0.666668
interleaved_pod_1k_60sec_50ms;0;753;29.099365;29099.365;1.000000;0.666668
interleaved_pod_1k_60sec_50ms;0;754;29.149252;29149.252;1.000000;0.666668
interleaved_pod_1k_60sec_50ms;0;755;29.199138;29199.138;1.000000;0.666668
interleaved_pod_1k_60sec_50ms;0;756;29.249025;29249.025;1.000000;0.666668
interleaved_pod_1k_60sec_50ms;0;757;29.295918;29295.918;0.792849;0.666668
interleaved_pod_1k_60sec_50ms;0;758;29.349297;29349.297;1.000000;0.666668
interleaved_pod_1k_60sec_50ms;0;759;29.354785;29354.785;0.865384;0.666668
interleaved_pod_1k_60sec_50ms;0;760;29.363764;29363.764;0.771687;0.666668
interleaved_pod_1k_60sec_50ms;0;761;29.373741;29373.741;0.823475;0.666668
interleaved_pod_1k_60sec_50ms;0;762;29.399184;29399.184;1.000000;0.666668
interleaved_pod_1k_60sec_50ms;0;763;29.449070;29449.070;1.000000;0.666668
interleaved_pod_1k_60sec_50ms;0;764;29.498957;29498.957;1.000000;0.666668
interleaved_pod_1k_60sec_50ms;0;765;29.549342;29549.342;1.000000;0.666668
interleaved_pod_1k_60sec_50ms;0;766;29.599229;29599.229;1.000000;0.666668
interleaved_pod_1k_60sec_50ms;0;767;29.649116;29649.116;1.000000;0.666668
interleaved_pod_1k_60sec_50ms;0;768;29.699002;29699.002;1.000000;0.666668
interleaved_pod_1k_60sec_50ms;0;769;29.749388;29749.388;1.000000;0.666668
interleaved_pod_1k_60sec_50ms;0;770;29.799274;29799.274;1.000000;0.666668
interleaved_pod_1k_60sec_50ms;0;771;29.849161;29849.161;1.000000;0.666668
interleaved_pod_1k_60sec_50ms;0;772;29.899048;29899.048;1.000000;0.666668
interleaved_pod_1k_60sec_50ms;0;773;29.949433;29949.433;1.000000;0.666668
interleaved_pod_1k_60sec_50ms;0;774;29.995828;29995.828;0.703908;0.666668
interleaved_pod_1k_60sec_50ms;0;775;30.049206;30049.206;1.000000;0.666668
interleaved_pod_1k_60sec_50ms;0;776;30.076644;30076.644;0.719771;0.666668
interleaved_pod_1k_60sec_50ms;0;777;30.099093;30099.093;1.000000;0.666668
interleaved_pod_1k_60sec_50ms;0;778;30.148980;30148.980;1.000000;0.666668
interleaved_pod_1k_60sec_50ms;0;779;30.199365;30199.365;1.000000;0.666668
interleaved_pod_1k_60sec_50ms;0;780;30.249252;30249.252;1.000000;0.666668
interleaved_pod_1k_60sec_50ms;0;781;30.299138;30299.138;1.000000;0.666668
interleaved_pod_1k_60sec_50ms;0;782;30.349025;30349.025;1.000000;0.666668
interleaved_pod_1k_60sec_50ms;0;783;30.399410;30399.410;1.000000;0.666668
interleaved_pod_1k_60sec_50ms;0;784;30.449297;30449.297;1.000000;0.666668
interleaved_pod_1k_60sec_50ms;0;785;30.499184;30499.184;1.000000;0.666668
interleaved_pod_1k_60sec_50ms;0;786;30.549070;30549.070;1.000000;0.666668
interleaved_pod_1k_60sec_50ms;0;787;30.557052;30557.052;0.767922;0.666668
interleaved_pod_1k_60sec_50ms;0;788;30.577506;30577.506;0.678852;0.666668
interleaved_pod_1k_60sec_50ms;0;789;30.586485;30586.485;0.737850;0.666668
interleaved_pod_1k_60sec_50ms;0;790;30.595964;30595.964;0.671671;0.666668
interleaved_pod_1k_60sec_50ms;0;791;30.649342;30649.342;1.000000;0.666668
interleaved_pod_1k_60sec_50ms;0;792;30.655329;30655.329;0.983725;0.666668
interleaved_pod_1k_60sec_50ms;0;793;30.663311;30663.311;0.716086;0.666668
interleaved_pod_1k_60sec_50ms;0;794;30.672290;30672.290;0.728271;0.666668
interleaved_pod_1k_60sec_50ms;0;795;30.680771;30680.771;0.707091;0.666668
interleaved_pod_1k_60sec_50ms;0;796;30.689252;30689.252;0.761100;0.666668
interleaved_pod_1k_60sec_50ms;0;797;30.699229;30699.229;1.000000;0.666668
interleaved_pod_1k_60sec_50ms;0;798;30.749116;30749.116;1.000000;0.666668
interleaved_pod_1k_60sec_50ms;0;799;30.756100;30756.100;0.673759;0.666668
interleaved_pod_1k_60sec_50ms;0;800;30.764082;30764.082;0.774008;0.666668
interleaved_pod_1k_60sec_50ms;0;801;30.772063;30772.063;0.691534;0.666668
interleaved_pod_1k_60sec_50ms;0;802;30.781542;30781.542;0.685850;0.666668
interleaved_pod_1k_60sec_50ms;0;803;30.788526;30788.526;0.751083;0.666668
interleaved_pod_1k_60sec_50ms;0;804;30.795510;30795.510;0.724576;0.666668
interleaved_pod_1k_60sec_50ms;0;805;30.849388;30849.388;1.000000;0.666668
interleaved_pod_1k_60sec_50ms;0;806;30.860363;30860.363;0.786419;0.666668
interleaved_pod_1k_60sec_50ms;0;807;30.874830;30874.830;0.792258;0.666668
interleaved_pod_1k_60sec_50ms;0;808;30.899274;30899.274;1.000000;0.666668
interleaved_pod_1k_60sec_50ms;0;809;30.949161;30949.161;1.000000;0.666668
interleaved_pod_1k_60sec_50ms;0;810;30.999048;30999.048;1.000000;0.666668
interleaved_pod_1k_60sec_50ms;0;811;31.049433;31049.433;1.000000;0.666668
interleaved_pod_1k_60sec_50ms;0;812;31.099320;31099.320;1.000000;0.666668
interleaved_pod_1k_60sec_50ms;0;813;31.149206;31149.206;1.000000;0.666668
interleaved_pod_1k_60sec_50ms;0;814;31.199093;31199.093;1.000000;0.666668
interleaved_pod_1k_60sec_50ms;0;815;31.248980;31248.980;1.000000;0.666668
interleaved_pod_1k_60sec_50ms;0;816;31.299365;31299.365;1.000000;0.666668
interleaved_pod_1k_60sec_50ms;0;817;31.349252;31349.252;1.000000;0.666668
interleaved_pod_1k_60sec_50ms;0;818;31.399138;31399.138;1.000000;0.666668
interleaved_pod_1k_60sec_50ms;0;819;31.449025;31449.025;1.000000;0.666668
interleaved_pod_1k_60sec_50ms;0;820;31.499410;31499.410;1.000000;0.666668
interleaved_pod_1k_60sec_50ms;0;821;31.549297;31549.297;1.000000;0.666668
interleaved_pod_1k_60sec_50ms;0;822;31.599184;31599.184;1.000000;0.666668
interleaved_pod_1k_60sec_50ms;0;823;31.649070;31649.070;1.000000;0.666668
interleaved_pod_1k_60sec_50ms;0;824;31.698957;31698.957;1.000000;0.666668
interleaved_pod_1k_60sec_50ms;0;825;31.749342;31749.342;1.000000;0.666668
interleaved_pod_1k_60sec_50ms;0;826;31.799229;31799.229;1.000000;0.666668
interleaved_pod_1k_60sec_50ms;0;827;31.849116;31849.116;1.000000;0.666668
interleaved_pod_1k_60sec_50ms;0;828;31.899002;31899.002;1.000000;0.666668
interleaved_pod_1k_60sec_50ms;0;829;31.949388;31949.388;1.000000;0.666668
interleaved_pod_1k_60sec_50ms;0;830;31.985306;31985.306;0.798119;0.666668
interleaved_pod_1k_60sec_50ms;0;831;31.994785;31994.785;0.805006;0.666668
interleaved_pod_1k_60sec_50ms;0;832;32.049161;32049.161;1.000000;0.666668
interleaved_pod_1k_60sec_50ms;0;833;32.054649;32054.649;0.766903;0.666668
interleaved_pod_1k_60sec_50ms;0;834;32.094558;32094.558;0.739467;0.666668
interleaved_pod_1k_60sec_50ms;0;835;32.149433;32149.433;1.000000;0.666668
interleaved_pod_1k_60sec_50ms;0;836;32.164399;32164.399;0.870870;0.666668
interleaved_pod_1k_60sec_50ms;0;837;32.199320;32199.320;1.000000;0.666668
interleaved_pod_1k_60sec_50ms;0;838;32.249206;32249.206;1.000000;0.666668
interleaved_pod_1k_60sec_50ms;0;839;32.288118;32288.118;0.670951;0.666668
interleaved_pod_1k_60sec_50ms;0;840;32.299093;32299.093;1.000000;0.666668
interleaved_pod_1k_60sec_50ms;0;841;32.348980;32348.980;1.000000;0.666668
interleaved_pod_1k_60sec_50ms;0;842;32.399365;32399.365;1.000000;0.666668
interleaved_pod_1k_60sec_50ms;0;843;32.449252;32449.252;1.000000;0.666668
interleaved_pod_1k_60sec_50ms;0;844;32.499138;32499.138;1.000000;0.666668
interleaved_pod_1k_60sec_50ms;0;845;32.549025;32549.025;1.000000;0.666668
interleaved_pod_1k_60sec_50ms;0;846;32.599410;32599.410;1.000000;0.666668
interleaved_pod_1k_60sec_50ms;0;847;32.649297;32649.297;1.000000;0.666668
interleaved_pod_1k_60sec_50ms;0;848;32.699184;32699.184;1.000000;0.666668
interleaved_pod_1k_60sec_50ms;0;849;32.749070;32749.070;1.000000;0.666668
interleaved_pod_1k_60sec_50ms;0;850;32.798957;32798.957;1.000000;0.666668
interleaved_pod_1k_60sec_50ms;0;851;32.849342;32849.342;1.000000;0.666668
interleaved_pod_1k_60sec_50ms;0;852;32.899229;32899.229;1.000000;0.666668
interleaved_pod_1k_60sec_50ms;0;853;32.949116;32949.116;1.000000;0.666668
interleaved_pod_1k_60sec_50ms;0;854;32.999002;32999.002;1.000000;0.666668
interleaved_pod_1k_60sec_50ms;0;855;33.049388;33049.388;1.000000;0.666668
interleaved_pod_1k_60sec_50ms;0;856;33.099274;33099.274;1.000000;0.666668
interleaved_pod_1k_60sec_50ms;0;857;33.149161;33149.161;1.000000;0.666668
interleaved_pod_1k_60sec_50ms;0;858;33.199048;33199.048;1.000000;0.666668
interleaved_pod_1k_60sec_50ms;0;859;33.249433;33249.433;1.000000;0.666668
interleaved_pod_1k_60sec_50ms;0;860;33.299320;33299.320;1.000000;0.666668
interleaved_pod_1k_60sec_50ms;0;861;33.349206;33349.206;1.000000;0.666668
interleaved_pod_1k_60sec_50ms;0;862;33.399093;33399.093;1.000000;0.666668
interleaved_pod_1k_60sec_50ms;0;863;33.448980;33448.980;1.000000;0.666668
interleaved_pod_1k_60sec_50ms;0;864;33.499365;33499.365;1.000000;0.666668
interleaved_pod_1k_60sec_50ms;0;865;33.549252;33549.252;1.000000;0.666668
interleaved_pod_1k_60sec_50ms;0;866;33.599138;33599.138;1.000000;0.666668
interleaved_pod_1k_60sec_50ms;0;867;33.649025;33649.025;1.000000;0.666668
interleaved_pod_1k_60sec_50ms;0;868;33.699410;33699.410;1.000000;0.666668
interleaved_pod_1k_60sec_50ms;0;869;33.749297;33749.297;1.000000;0.666668
interleaved_pod_1k_60sec_50ms;0;870;33.799184;33799.184;1.000000;0.666668
interleaved_pod_1k_60sec_50ms;0;871;33.849070;33849.070;1.000000;0.666668
interleaved_pod_1k_60sec_50ms;0;872;33.899456;33899.456;1.000000;0.666668
interleaved_pod_1k_60sec_50ms;0;873;33.949342;33949.342;1.000000;0.666668
interleaved_pod_1k_60sec_50ms;0;874;33.999229;33999.229;1.000000;0.666668
interleaved_pod_1k_60sec_50ms;0;875;34.049116;34049.116;1.000000;0.666668
interleaved_pod_1k_60sec_50ms;0;876;34.099002;34099.002;1.000000;0.666668
interleaved_pod_1k_60sec_50ms;0;877;34.149388;34149.388;1.000000;0.666668
interleaved_pod_1k_60sec_50ms;0;878;34.199274;34199.274;1.000000;0.666668
interleaved_pod_1k_60sec_50ms;0;879;34.249161;34249.161;1.000000;0.666668
interleaved_pod_1k_60sec_50ms;0;880;34.299048;34299.048;1.000000;0.666668
interleaved_pod_1k_60sec_50ms;0;881;34.349433;34349.433;1.000000;0.666668
interleaved_pod_1k_60sec_50ms;0;882;34.399320;34399.320;1.000000;0.666668
interleaved_pod_1k_60sec_50ms;0;883;34.449206;34449.206;1.000000;0.666668
interleaved_pod_1k_60sec_50ms;0;884;34.499093;34499.093;1.000000;0.666668
interleaved_pod_1k_60sec_50ms;0;885;34.548980;34548.980;1.000000;0.666668
interleaved_pod_1k_60sec_50ms;0;886;34.599365;34599.365;1.000000;0.666668
interleaved_pod_1k_60sec_50ms;0;887;34.649252;34649.252;1.000000;0.666668
interleaved_pod_1k_60sec_50ms;0;888;34.699138;34699.138;1.000000;0.666668
interleaved_pod_1k_60sec_50ms;0;889;34.749025;34749.025;1.000000;0.666668
interleaved_pod_1k_60sec_50ms;0;890;34.785442;34785.442;0.743399;0.666668
interleaved_pod_1k_60sec_50ms;0;891;34.799410;34799.410;1.000000;0.666668
interleaved_pod_1k_60sec_50ms;0;892;34.849297;34849.297;1.000000;0.666668
interleaved_pod_1k_60sec_50ms;0;893;34.899184;34899.184;1.000000;0.666668
interleaved_pod_1k_60sec_50ms;0;894;34.949070;34949.070;1.000000;0.666668
interleaved_pod_1k_60sec_50ms;0;895;34.999456;34999.456;1.000000;0.666668
interleaved_pod_1k_60sec_50ms;0;896;35.049342;35049.342;1.000000;0.666668
interleaved_pod_1k_60sec_50ms;0;897;35.056327;35056.327;0.672333;0.666668
interleaved_pod_1k_60sec_50ms;0;898;35.096236;35096.236;0.704436;0.666668
interleaved_pod_1k_60sec_50ms;0;899;35.149116;35149.116;1.000000;0.666668
interleaved_pod_1k_60sec_50ms;0;900;35.165578;35165.578;0.747816;0.666668
interleaved_pod_1k_60sec_50ms;0;901;35.175057;35175.057;0.877143;0.666668
interleaved_pod_1k_60sec_50ms;0;902;35.199002;35199.002;1.000000;0.666668
interleaved_pod_1k_60sec_50ms;0;903;35.249388;35249.388;1.000000;0.666668
interleaved_pod_1k_60sec_50ms;0;904;35.299274;35299.274;1.000000;0.666668
interleaved_pod_1k_60sec_50ms;0;905;35.349161;35349.161;1.000000;0.666668
interleaved_pod_1k_60sec_50ms;0;906;35.399048;35399.048;1.000000;0.666668
interleaved_pod_1k_60sec_50ms;0;907;35.449433;35449.433;1.000000;0.666668
interleaved_pod_1k_60sec_50ms;0;908;35.499320;35499.320;1.000000;0.666668
interleaved_pod_1k_60sec_50ms;0;909;35.549206;35549.206;1.000000;0.666668
interleaved_pod_1k_60sec_50ms;0;910;35.599093;35599.093;1.000000;0.666668
interleaved_pod_1k_60sec_50ms;0;911;35.648980;35648.980;1.000000;0.666668
interleaved_pod_1k_60sec_50ms;0;912;35.699365;35699.365;1.000000;0.666668
interleaved_pod_1k_60sec_50ms;0;913;35.749252;35749.252;1.000000;0.666668
interleaved_pod_1k_60sec_50ms;0;914;35.799138;35799.138;1.000000;0.666668
interleaved_pod_1k_60sec_50ms;0;915;35.849025;35849.025;1.000000;0.666668
interleaved_pod_1k_60sec_50ms;0;916;35.899410;35899.410;1.000000;0.666668
interleaved_pod_1k_60sec_50ms;0;917;35.949297;35949.297;1.000000;0.666668
interleaved_pod_1k_60sec_50ms;0;918;35.968753;35968.753;0.681171;0.666668
interleaved_pod_1k_60sec_50ms;0;919;35.999184;35999.184;1.000000;0.666668
interleaved_pod_1k_60sec_50ms;0;920;36.049070;36049.070;1.000000;0.666668
interleaved_pod_1k_60sec_50ms;0;921;36.054558;36054.558;0.688089;0.666668
interleaved_pod_1k_60sec_50ms;0;922;36.062041;36062.041;0.731570;0.666668
interleaved_pod_1k_60sec_50ms;0;923;36.080499;36080.499;0.671955;0.666668
interleaved_pod_1k_60sec_50ms;0;924;36.087982;36087.982;0.700697;0.666668
interleaved_pod_1k_60sec_50ms;0;925;36.098957;36098.957;1.000000;0.666668
interleaved_pod_1k_60sec_50ms;0;926;36.149342;36149.342;1.000000;0.666668
interleaved_pod_1k_60sec_50ms;0;927;36.165306;36165.306;0.699653;0.666668
interleaved_pod_1k_60sec_50ms;0;928;36.199229;36199.229;1.000000;0.666668
interleaved_pod_1k_60sec_50ms;0;929;36.249116;36249.116;1.000000;0.666668
interleaved_pod_1k_60sec_50ms;0;930;36.299002;36299.002;1.000000;0.666668
interleaved_pod_1k_60sec_50ms;0;931;36.349388;36349.388;1.000000;0.666668
interleaved_pod_1k_60sec_50ms;0;932;36.399274;36399.274;1.000000;0.666668
interleaved_pod_1k_60sec_50ms;0;933;36.449161;36449.161;1.000000;0.666668
interleaved_pod_1k_60sec_50ms;0;934;36.499048;36499.048;1.000000;0.666668
interleaved_pod_1k_60sec_50ms;0;935;36.549433;36549.433;1.000000;0.666668
interleaved_pod_1k_60sec_50ms;0;936;36.599320;36599.320;1.000000;0.666668
interleaved_pod_1k_60sec_50ms;0;937;36.649206;36649.206;1.000000;0.666668
interleaved_pod_1k_60sec_50ms;0;938;36.699093;36699.093;1.000000;0.666668
interleaved_pod_1k_60sec_50ms;0;939;36.748980;36748.980;1.000000;0.666668
interleaved_pod_1k_60sec_50ms;0;940;36.799365;36799.365;1.000000;0.666668
interleaved_pod_1k_60sec_50ms;0;941;36.849252;36849.252;1.000000;0.666668
interleaved_pod_1k_60sec_50ms;0;942;36.899138;36899.138;1.000000;0.666668
interleaved_pod_1k_60sec_50ms;0;943;36.949025;36949.025;1.000000;0.666668
interleaved_pod_1k_60sec_50ms;0;944;36.999410;36999.410;1.000000;0.666668
interleaved_pod_1k_60sec_50ms;0;945;37.049297;37049.297;1.000000;0.666668
interleaved_pod_1k_60sec_50ms;0;946;37.099184;37099.184;1.000000;0.666668
interleaved_pod_1k_60sec_50ms;0;947;37.149070;37149.070;1.000000;0.666668
interleaved_pod_1k_60sec_50ms;0;948;37.198957;37198.957;1.000000;0.666668
interleaved_pod_1k_60sec_50ms;0;949;37.249342;37249.342;1.000000;0.666668
interleaved_pod_1k_60sec_50ms;0;950;37.299229;37299.229;1.000000;0.666668
interleaved_pod_1k_60sec_50ms;0;951;37.349116;37349.116;1.000000;0.666668
interleaved_pod_1k_60sec_50ms;0;952;37.399002;37399.002;1.000000;0.666668
interleaved_pod_1k_60sec_50ms;0;953;37.449388;37449.388;1.000000;0.666668
interleaved_pod_1k_60sec_50ms;0;954;37.499274;37499.274;1.000000;0.666668
interleaved_pod_1k_60sec_50ms;0;955;37.549161;37549.161;1.000000;0.666668
interleaved_pod_1k_60sec_50ms;0;956;37.599048;37599.048;1.000000;0.666668
interleaved_pod_1k_60sec_50ms;0;957;37.649433;37649.433;1.000000;0.666668
interleaved_pod_1k_60sec_50ms;0;958;37.699320;37699.320;1.000000;0.666668
interleaved_pod_1k_60sec_50ms;0;959;37.749206;37749.206;1.000000;0.666668
interleaved_pod_1k_60sec_50ms;0;960;37.799093;37799.093;1.000000;0.666668
interleaved_pod_1k_60sec_50ms;0;961;37.848980;37848.980;1.000000;0.666668
interleaved_pod_1k_60sec_50ms;0;962;37.899365;37899.365;1.000000;0.666668
interleaved_pod_1k_60sec_50ms;0;963;37.949252;37949.252;1.000000;0.666668
interleaved_pod_1k_60sec_50ms;0;964;37.999138;37999.138;1.000000;0.666668
interleaved_pod_1k_60sec_50ms;0;965;38.049025;38049.025;1.000000;0.666668
interleaved_pod_1k_60sec_50ms;0;966;38.099410;38099.410;1.000000;0.666668
interleaved_pod_1k_60sec_50ms;0;967;38.149297;38149.297;1.000000;0.666668
interleaved_pod_1k_60sec_50ms;0;968;38.199184;38199.184;1.000000;0.666668
interleaved_pod_1k_60sec_50ms;0;969;38.249070;38249.070;1.000000;0.666668
interleaved_pod_1k_60sec_50ms;0;970;38.298957;38298.957;1.000000;0.666668
interleaved_pod_1k_60sec_50ms;0;971;38.349342;38349.342;1.000000;0.666668
interleaved_pod_1k_60sec_50ms;0;972;38.399229;38399.229;1.000000;0.666668
interleaved_pod_1k_60sec_50ms;0;973;38.449116;38449.116;1.000000;0.666668
interleaved_pod_1k_60sec_50ms;0;974;38.499002;38499.002;1.000000;0.666668
interleaved_pod_1k_60sec_50ms;0;975;38.549388;38549.388;1.000000;0.666668
interleaved_pod_1k_60sec_50ms;0;976;38.599274;38599.274;1.000000;0.666668
interleaved_pod_1k_60sec_50ms;0;977;38.649161;38649.161;1.000000;0.666668
interleaved_pod_1k_60sec_50ms;0;978;38.699048;38699.048;1.000000;0.666668
interleaved_pod_1k_60sec_50ms;0;979;38.749433;38749.433;1.000000;0.666668
interleaved_pod_1k_60sec_50ms;0;980;38.799320;38799.320;1.000000;0.666668
interleaved_pod_1k_60sec_50ms;0;981;38.849206;38849.206;1.000000;0.666668
interleaved_pod_1k_60sec_50ms;0;982;38.873152;38873.152;0.756028;0.666668
interleaved_pod_1k_60sec_50ms;0;983;38.885624;38885.624;0.672762;0.666668
interleaved_pod_1k_60sec_50ms;0;984;38.899093;38899.093;1.000000;0.666668
interleaved_pod_1k_60sec_50ms;0;985;38.948980;38948.980;1.000000;0.666668
interleaved_pod_1k_60sec_50ms;0;986;38.999365;38999.365;1.000000;0.666668
interleaved_pod_1k_60sec_50ms;0;987;39.049252;39049.252;1.000000;0.666668
interleaved_pod_1k_60sec_50ms;0;988;39.099138;39099.138;1.000000;0.666668
interleaved_pod_1k_60sec_50ms;0;989;39.149025;39149.025;1.000000;0.666668
interleaved_pod_1k_60sec_50ms;0;990;39.199410;39199.410;1.000000;0.666668
interleaved_pod_1k_60sec_50ms;0;991;39.249297;39249.297;1.000000;0.666668
interleaved_pod_1k_60sec_50ms;0;992;39.299184;39299.184;1.000000;0.666668
interleaved_pod_1k_60sec_50ms;0;993;39.349070;39349.070;1.000000;0.666668
interleaved_pod_1k_60sec_50ms;0;994;39.398957;39398.957;1.000000;0.666668
interleaved_pod_1k_60sec_50ms;0;995;39.449342;39449.342;1.000000;0.666668
interleaved_pod_1k_60sec_50ms;0;996;39.499229;39499.229;1.000000;0.666668
interleaved_pod_1k_60sec_50ms;0;997;39.549116;39549.116;1.000000;0.666668
interleaved_pod_1k_60sec_50ms;0;998;39.599002;39599.002;1.000000;0.666668
interleaved_pod_1k_60sec_50ms;0;999;39.649388;39649.388;1.000000;0.666668
interleaved_pod_1k_60sec_50ms;0;1000;39.699274;39699.274;1.000000;0.666668
interleaved_pod_1k_60sec_50ms;0;1001;39.749161;39749.161;1.000000;0.666668
interleaved_pod_1k_60sec_50ms;0;1002;39.799048;39799.048;1.000000;0.666668
interleaved_pod_1k_60sec_50ms;0;1003;39.849433;39849.433;1.000000;0.666668
interleaved_pod_1k_60sec_50ms;0;1004;39.899320;39899.320;1.000000;0.666668
interleaved_pod_1k_60sec_50ms;0;1005;39.949206;39949.206;1.000000;0.666668
interleaved_pod_1k_60sec_50ms;0;1006;39.999093;39999.093;1.000000;0.666668
interleaved_pod_1k_60sec_50ms;0;1007;40.048980;40048.980;1.000000;0.666668
interleaved_pod_1k_60sec_50ms;0;1008;40.099365;40099.365;1.000000;0.666668
interleaved_pod_1k_60sec_50ms;0;1009;40.149252;40149.252;1.000000;0.666668
interleaved_pod_1k_60sec_50ms;0;1010;40.199138;40199.138;1.000000;0.666668
interleaved_pod_1k_60sec_50ms;0;1011;40.249025;40249.025;1.000000;0.666668
interleaved_pod_1k_60sec_50ms;0;1012;40.299410;40299.410;1.000000;0.666668
interleaved_pod_1k_60sec_50ms;0;1013;40.349297;40349.297;1.000000;0.666668
interleaved_pod_1k_60sec_50ms;0;1014;40.399184;40399.184;1.000000;0.666668
interleaved_pod_1k_60sec_50ms;0;1015;40.449070;40449.070;1.000000;0.666668
interleaved_pod_1k_60sec_50ms;0;1016;40.498957;40498.957;1.000000;0.666668
interleaved_pod_1k_60sec_50ms;0;1017;40.549342;40549.342;1.000000;0.666668
interleaved_pod_1k_60sec_50ms;0;1018;40.599229;40599.229;1.000000;0.666668
interleaved_pod_1k_60sec_50ms;0;1019;40.649116;40649.116;1.000000;0.666668
interleaved_pod_1k_60sec_50ms;0;1020;40.699002;40699.002;1.000000;0.666668
interleaved_pod_1k_60sec_50ms;0;1021;40.749388;40749.388;1.000000;0.666668
interleaved_pod_1k_60sec_50ms;0;1022;40.799274;40799.274;1.000000;0.666668
interleaved_pod_1k_60sec_50ms;0;1023;40.849161;40849.161;1.000000;0.666668
interleaved_pod_1k_60sec_50ms;0;1024;40.899048;40899.048;1.000000;0.666668
interleaved_pod_1k_60sec_50ms;0;1025;40.949433;40949.433;1.000000;0.666668
interleaved_pod_1k_60sec_50ms;0;1026;40.999320;40999.320;1.000000;0.666668
interleaved_pod_1k_60sec_50ms;0;1027;41.049206;41049.206;1.000000;0.666668
interleaved_pod_1k_60sec_50ms;0;1028;41.099093;41099.093;1.000000;0.666668
interleaved_pod_1k_60sec_50ms;0;1029;41.148980;41148.980;1.000000;0.666668
interleaved_pod_1k_60sec_50ms;0;1030;41.199365;41199.365;1.000000;0.666668
interleaved_pod_1k_60sec_50ms;0;1031;41.249252;41249.252;1.000000;0.666668
interleaved_pod_1k_60sec_50ms;0;1032;41.299138;41299.138;1.000000;0.666668
interleaved_pod_1k_60sec_50ms;0;1033;41.349025;41349.025;1.000000;0.666668
interleaved_pod_1k_60sec_50ms;0;1034;41.399410;41399.410;1.000000;0.666668
interleaved_pod_1k_60sec_50ms;0;1035;41.449297;41449.297;1.000000;0.666668
interleaved_pod_1k_60sec_50ms;0;1036;41.499184;41499.184;1.000000;0.666668
interleaved_pod_1k_60sec_50ms;0;1037;41.549070;41549.070;1.000000;0.666668
interleaved_pod_1k_60sec_50ms;0;1038;41.565533;41565.533;1.000000;0.666668
interleaved_pod_1k_60sec_50ms;0;1039;41.572517;41572.517;1.000000;0.666668
interleaved_pod_1k_60sec_50ms;0;1040;41.580000;41580.000;0.816706;0.666668
interleaved_pod_1k_60sec_50ms;0;1041;41.599456;41599.456;1.000000;0.666668
interleaved_pod_1k_60sec_50ms;0;1042;41.649342;41649.342;1.000000;0.666668
interleaved_pod_1k_60sec_50ms;0;1043;41.699229;41699.229;1.000000;0.666668
interleaved_pod_1k_60sec_50ms;0;1044;41.749116;41749.116;1.000000;0.666668
interleaved_pod_1k_60sec_50ms;0;1045;41.799002;41799.002;1.000000;0.666668
interleaved_pod_1k_60sec_50ms;0;1046;41.849388;41849.388;1.000000;0.666668
interleaved_pod_1k_60sec_50ms;0;1047;41.863356;41863.356;1.000000;0.666668
interleaved_pod_1k_60sec_50ms;0;1048;41.871338;41871.338;0.683073;0.666668
interleaved_pod_1k_60sec_50ms;0;1049;41.879819;41879.819;0.768142;0.666668
interleaved_pod_1k_60sec_50ms;0;1050;41.898277;41898.277;0.938015;0.666668
interleaved_pod_1k_60sec_50ms;0;1051;41.949161;41949.161;1.000000;0.666668
interleaved_pod_1k_60sec_50ms;0;1052;41.978095;41978.095;0.805795;0.666668
interleaved_pod_1k_60sec_50ms;0;1053;41.999048;41999.048;1.000000;0.666668
interleaved_pod_1k_60sec_50ms;0;1054;42.049433;42049.433;1.000000;0.666668
interleaved_pod_1k_60sec_50ms;0;1055;42.099320;42099.320;1.000000;0.666668
interleaved_pod_1k_60sec_50ms;0;1056;42.149206;42149.206;1.000000;0.666668
interleaved_pod_1k_60sec_50ms;0;1057;42.199093;42199.093;1.000000;0.666668
interleaved_pod_1k_60sec_50ms;0;1058;42.248980;42248.980;1.000000;0.666668
interleaved_pod_1k_60sec_50ms;0;1059;42.299365;42299.365;1.000000;0.666668
interleaved_pod_1k_60sec_50ms;0;1060;42.349252;42349.252;1.000000;0.666668
interleaved_pod_1k_60sec_50ms;0;1061;42.399138;42399.138;1.000000;0.666668
interleaved_pod_1k_60sec_50ms;0;1062;42.449025;42449.025;1.000000;0.666668
interleaved_pod_1k_60sec_50ms;0;1063;42.499410;42499.410;1.000000;0.666668
interleaved_pod_1k_60sec_50ms;0;1064;42.549297;42549.297;1.000000;0.666668
interleaved_pod_1k_60sec_50ms;0;1065;42.599184;42599.184;1.000000;0.666668
interleaved_pod_1k_60sec_50ms;0;1066;42.649070;42649.070;1.000000;0.666668
interleaved_pod_1k_60sec_50ms;0;1067;42.698957;42698.957;1.000000;0.666668
interleaved_pod_1k_60sec_50ms;0;1068;42.749342;42749.342;1.000000;0.666668
interleaved_pod_1k_60sec_50ms;0;1069;42.799229;42799.229;1.000000;0.666668
interleaved_pod_1k_60sec_50ms;0;1070;42.849116;42849.116;1.000000;0.666668
interleaved_pod_1k_60sec_50ms;0;1071;42.899002;42899.002;1.000000;0.666668
interleaved_pod_1k_60sec_50ms;0;1072;42.949388;42949.388;1.000000;0.666668
interleaved_pod_1k_60sec_50ms;0;1073;42.999274;42999.274;1.000000;0.666668
interleaved_pod_1k_60sec_50ms;0;1074;43.049161;43049.161;1.000000;0.666668
interleaved_pod_1k_60sec_50ms;0;1075;43.099048;43099.048;1.000000;0.666668
interleaved_pod_1k_60sec_50ms;0;1076;43.149433;43149.433;1.000000;0.666668
interleaved_pod_1k_60sec_50ms;0;1077;43.199320;43199.320;1.000000;0.666668
interleaved_pod_1k_60sec_50ms;0;1078;43.249206;43249.206;1.000000;0.666668
interleaved_pod_1k_60sec_50ms;0;1079;43.299093;43299.093;1.000000;0.666668
interleaved_pod_1k_60sec_50ms;0;1080;43.348980;43348.980;1.000000;0.666668
interleaved_pod_1k_60sec_50ms;0;1081;43.399365;43399.365;1.000000;0.666668
interleaved_pod_1k_60sec_50ms;0;1082;43.449252;43449.252;1.000000;0.666668
interleaved_pod_1k_60sec_50ms;0;1083;43.499138;43499.138;1.000000;0.666668
interleaved_pod_1k_60sec_50ms;0;1084;43.549025;43549.025;1.000000;0.666668
interleaved_pod_1k_60sec_50ms;0;1085;43.599410;43599.410;1.000000;0.666668
interleaved_pod_1k_60sec_50ms;0;1086;43.649297;43649.297;1.000000;0.666668
interleaved_pod_1k_60sec_50ms;0;1087;43.699184;43699.184;1.000000;0.666668
interleaved_pod_1k_60sec_50ms;0;1088;43.749070;43749.070;1.000000;0.666668
interleaved_pod_1k_60sec_50ms;0;1089;43.799456;43799.456;1.000000;0.666668
interleaved_pod_1k_60sec_50ms;0;1090;43.849342;43849.342;1.000000;0.666668
interleaved_pod_1k_60sec_50ms;0;1091;43.899229;43899.229;1.000000;0.666668
interleaved_pod_1k_60sec_50ms;0;1092;43.949116;43949.116;1.000000;0.666668
interleaved_pod_1k_60sec_50ms;0;1093;43.999002;43999.002;1.000000;0.666668
interleaved_pod_1k_60sec_50ms;0;1094;44.049388;44049.388;1.000000;0.666668
interleaved_pod_1k_60sec_50ms;0;1095;44.099274;44099.274;1.000000;0.666668
interleaved_pod_1k_60sec_50ms;0;1096;44.149161;44149.161;1.000000;0.666668
interleaved_pod_1k_60sec_50ms;0;1097;44.159637;44159.637;1.000000;0.666668
interleaved_pod_1k_60sec_50ms;0;1098;44.172109;44172.109;0.792369;0.666668
interleaved_pod_1k_60sec_50ms;0;1099;44.184580;44184.580;0.754082;0.666668
interleaved_pod_1k_60sec_50ms;0;1100;44.196553;44196.553;0.856978;0.666668
interleaved_pod_1k_60sec_50ms;0;1101;44.249433;44249.433;1.000000;0.666668
interleaved_pod_1k_60sec_50ms;0;1102;44.258413;44258.413;0.763272;0.666668
interleaved_pod_1k_60sec_50ms;0;1103;44.269887;44269.887;1.000000;0.666668
interleaved_pod_1k_60sec_50ms;0;1104;44.299320;44299.320;1.000000;0.666668
interleaved_pod_1k_60sec_50ms;0;1105;44.349206;44349.206;1.000000;0.666668
interleaved_pod_1k_60sec_50ms;0;1106;44.399093;44399.093;1.000000;0.666668
interleaved_pod_1k_60sec_50ms;0;1107;44.448980;44448.980;1.000000;0.666668
interleaved_pod_1k_60sec_50ms;0;1108;44.499365;44499.365;1.000000;0.666668
interleaved_pod_1k_60sec_50ms;0;1109;44.549252;44549.252;1.000000;0.666668
interleaved_pod_1k_60sec_50ms;0;1110;44.569705;44569.705;0.717849;0.666668
interleaved_pod_1k_60sec_50ms;0;1111;44.587166;44587.166;0.719873;0.666668
interleaved_pod_1k_60sec_50ms;0;1112;44.599138;44599.138;1.000000;0.666668
interleaved_pod_1k_60sec_50ms;0;1113;44.649025;44649.025;1.000000;0.666668
interleaved_pod_1k_60sec_50ms;0;1114;44.686939;44686.939;0.683136;0.666668
interleaved_pod_1k_60sec_50ms;0;1115;44.699410;44699.410;1.000000;0.666668
interleaved_pod_1k_60sec_50ms;0;1116;44.749297;44749.297;1.000000;0.666668
interleaved_pod_1k_60sec_50ms;0;1117;44.799184;44799.184;1.000000;0.666668
interleaved_pod_1k_60sec_50ms;0;1118;44.849070;44849.070;1.000000;0.666668
interleaved_pod_1k_60sec_50ms;0;1119;44.898957;44898.957;1.000000;0.666668
interleaved_pod_1k_60sec_50ms;0;1120;44.949342;44949.342;1.000000;0.666668
interleaved_pod_1k_60sec_50ms;0;1121;44.999229;44999.229;1.000000;0.666668
interleaved_pod_1k_60sec_50ms;0;1122;45.049116;45049.116;1.000000;0.666668
interleaved_pod_1k_60sec_50ms;0;1123;45.099002;45099.002;1.000000;0.666668
interleaved_pod_1k_60sec_50ms;0;1124;45.149388;45149.388;1.000000;0.666668
interleaved_pod_1k_60sec_50ms;0;1125;45.199274;45199.274;1.000000;0.666668
interleaved_pod_1k_60sec_50ms;0;1126;45.249161;45249.161;1.000000;0.666668
interleaved_pod_1k_60sec_50ms;0;1127;45.299048;45299.048;1.000000;0.666668
interleaved_pod_1k_60sec_50ms;0;1128;45.349433;45349.433;1.000000;0.666668
interleaved_pod_1k_60sec_50ms;0;1129;45.399320;45399.320;1.000000;0.666668
interleaved_pod_1k_60sec_50ms;0;1130;45.449206;45449.206;1.000000;0.666668
interleaved_pod_1k_60sec_50ms;0;1131;45.499093;45499.093;1.000000;0.666668
interleaved_pod_1k_60sec_50ms;0;1132;45.548980;45548.980;1.000000;0.666668
interleaved_pod_1k_60sec_50ms;0;1133;45.599365;45599.365;1.000000;0.666668
interleaved_pod_1k_60sec_50ms;0;1134;45.649252;45649.252;1.000000;0.666668
interleaved_pod_1k_60sec_50ms;0;1135;45.699138;45699.138;1.000000;0.666668
interleaved_pod_1k_60sec_50ms;0;1136;45.749025;45749.025;1.000000;0.666668
interleaved_pod_1k_60sec_50ms;0;1137;45.799410;45799.410;1.000000;0.666668
interleaved_pod_1k_60sec_50ms;0;1138;45.849297;45849.297;1.000000;0.666668
interleaved_pod_1k_60sec_50ms;0;1139;45.899184;45899.184;1.000000;0.666668
interleaved_pod_1k_60sec_50ms;0;1140;45.949070;45949.070;1.000000;0.666668
interleaved_pod_1k_60sec_50ms;0;1141;45.998957;45998.957;1.000000;0.666668
interleaved_pod_1k_60sec_50ms;0;1142;46.049342;46049.342;1.000000;0.666668
interleaved_pod_1k_60sec_50ms;0;1143;46.081270;46081.270;0.691040;0.666668
interleaved_pod_1k_60sec_50ms;0;1144;46.099229;46099.229;1.000000;0.666668
interleaved_pod_1k_60sec_50ms;0;1145;46.149116;46149.116;1.000000;0.666668
interleaved_pod_1k_60sec_50ms;0;1146;46.168073;46168.073;0.854315;0.666668
interleaved_pod_1k_60sec_50ms;0;1147;46.173560;46173.560;0.703439;0.666668
interleaved_pod_1k_60sec_50ms;0;1148;46.179546;46179.546;0.808028;0.666668
interleaved_pod_1k_60sec_50ms;0;1149;46.185034;46185.034;0.769564;0.666668
interleaved_pod_1k_60sec_50ms;0;1150;46.190522;46190.522;0.817201;0.666668
interleaved_pod_1k_60sec_50ms;0;1151;46.196009;46196.009;0.745161;0.666668
interleaved_pod_1k_60sec_50ms;0;1152;46.249388;46249.388;1.000000;0.666668
interleaved_pod_1k_60sec_50ms;0;1153;46.254875;46254.875;0.994779;0.666668
interleaved_pod_1k_60sec_50ms;0;1154;46.260363;46260.363;0.788644;0.666668
interleaved_pod_1k_60sec_50ms;0;1155;46.265850;46265.850;0.796554;0.666668
interleaved_pod_1k_60sec_50ms;0;1156;46.271837;46271.837;0.788075;0.666668
interleaved_pod_1k_60sec_50ms;0;1157;46.277324;46277.324;0.995684;0.666668
interleaved_pod_1k_60sec_50ms;0;1158;46.286304;46286.304;0.683588;0.666668
interleaved_pod_1k_60sec_50ms;0;1159;46.292290;46292.290;0.738723;0.666668
interleaved_pod_1k_60sec_50ms;0;1160;46.297778;46297.778;1.000000;0.666668
interleaved_pod_1k_60sec_50ms;0;1161;46.349161;46349.161;1.000000;0.666668
interleaved_pod_1k_60sec_50ms;0;1162;46.355646;46355.646;1.000000;0.666668
interleaved_pod_1k_60sec_50ms;0;1163;46.361633;46361.633;0.675693;0.666668
interleaved_pod_1k_60sec_50ms;0;1164;46.367120;46367.120;0.995710;0.666668
interleaved_pod_1k_60sec_50ms;0;1165;46.373107;46373.107;0.900238;0.666668
interleaved_pod_1k_60sec_50ms;0;1166;46.379093;46379.093;0.816666;0.666668
interleaved_pod_1k_60sec_50ms;0;1167;46.385079;46385.079;0.939507;0.666668
interleaved_pod_1k_60sec_50ms;0;1168;46.395057;46395.057;0.754697;0.666668
interleaved_pod_1k_60sec_50ms;0;1169;46.449433;46449.433;1.000000;0.666668
interleaved_pod_1k_60sec_50ms;0;1170;46.457415;46457.415;0.889735;0.666668
interleaved_pod_1k_60sec_50ms;0;1171;46.464399;46464.399;0.864329;0.666668
interleaved_pod_1k_60sec_50ms;0;1172;46.473878;46473.878;0.801548;0.666668
interleaved_pod_1k_60sec_50ms;0;1173;46.479864;46479.864;0.850486;0.666668
interleaved_pod_1k_60sec_50ms;0;1174;46.485351;46485.351;0.866890;0.666668
interleaved_pod_1k_60sec_50ms;0;1175;46.491338;46491.338;0.949741;0.666668
interleaved_pod_1k_60sec_50ms;0;1176;46.497324;46497.324;1.000000;0.666668
interleaved_pod_1k_60sec_50ms;0;1177;46.549206;46549.206;1.000000;0.666668
interleaved_pod_1k_60sec_50ms;0;1178;46.554694;46554.694;0.896248;0.666668
interleaved_pod_1k_60sec_50ms;0;1179;46.565170;46565.170;1.000000;0.666668
interleaved_pod_1k_60sec_50ms;0;1180;46.571655;46571.655;0.877225;0.666668
interleaved_pod_1k_60sec_50ms;0;1181;46.599093;46599.093;1.000000;0.666668
interleaved_pod_1k_60sec_50ms;0;1182;46.648980;46648.980;1.000000;0.666668
interleaved_pod_1k_60sec_50ms;0;1183;46.657460;46657.460;1.000000;0.666668
interleaved_pod_1k_60sec_50ms;0;1184;46.664943;46664.943;0.925984;0.666668
interleaved_pod_1k_60sec_50ms;0;1185;46.671927;46671.927;1.000000;0.666668
interleaved_pod_1k_60sec_50ms;0;1186;46.678912;46678.912;0.809237;0.666668
interleaved_pod_1k_60sec_50ms;0;1187;46.686395;46686.395;0.799754;0.666668
interleaved_pod_1k_60sec_50ms;0;1188;46.693379;46693.379;0.984871;0.666668
interleaved_pod_1k_60sec_50ms;0;1189;46.699365;46699.365;1.000000;0.666668
interleaved_pod_1k_60sec_50ms;0;1190;46.749252;46749.252;1.000000;0.666668
interleaved_pod_1k_60sec_50ms;0;1191;46.757732;46757.732;1.000000;0.666668
interleaved_pod_1k_60sec_50ms;0;1192;46.765215;46765.215;0.839715;0.666668
interleaved_pod_1k_60sec_50ms;0;1193;46.780680;46780.680;0.721014;0.666668
interleaved_pod_1k_60sec_50ms;0;1194;46.799138;46799.138;1.000000;0.666668
interleaved_pod_1k_60sec_50ms;0;1195;46.849025;46849.025;1.000000;0.666668
interleaved_pod_1k_60sec_50ms;0;1196;46.895420;46895.420;1.000000;0.666668
interleaved_pod_1k_60sec_50ms;0;1197;46.949297;46949.297;1.000000;0.666668
interleaved_pod_1k_60sec_50ms;0;1198;46.962766;46962.766;0.965070;0.666668
interleaved_pod_1k_60sec_50ms;0;1199;46.971247;46971.247;0.971415;0.666668
interleaved_pod_1k_60sec_50ms;0;1200;46.979229;46979.229;0.950344;0.666668
interleaved_pod_1k_60sec_50ms;0;1201;46.987211;46987.211;0.892299;0.666668
interleaved_pod_1k_60sec_50ms;0;1202;46.995193;46995.193;1.000000;0.666668
interleaved_pod_1k_60sec_50ms;0;1203;47.049070;47049.070;1.000000;0.666668
interleaved_pod_1k_60sec_50ms;0;1204;47.061043;47061.043;1.000000;0.666668
interleaved_pod_1k_60sec_50ms;0;1205;47.069025;47069.025;1.000000;0.666668
interleaved_pod_1k_60sec_50ms;0;1206;47.077007;47077.007;0.950692;0.666668
interleaved_pod_1k_60sec_50ms;0;1207;47.084989;47084.989;0.892411;0.666668
interleaved_pod_1k_60sec_50ms;0;1208;47.092971;47092.971;0.769206;0.666668
interleaved_pod_1k_60sec_50ms;0;1209;47.099456;47099.456;1.000000;0.666668
interleaved_pod_1k_60sec_50ms;0;1210;47.149342;47149.342;1.000000;0.666668
interleaved_pod_1k_60sec_50ms;0;1211;47.159320;47159.320;0.846022;0.666668
interleaved_pod_1k_60sec_50ms;0;1212;47.166803;47166.803;0.887358;0.666668
interleaved_pod_1k_60sec_50ms;0;1213;47.174785;47174.785;1.000000;0.666668
interleaved_pod_1k_60sec_50ms;0;1214;47.180272;47180.272;1.000000;0.666668
interleaved_pod_1k_60sec_50ms;0;1215;47.186259;47186.259;0.742217;0.666668
interleaved_pod_1k_60sec_50ms;0;1216;47.192245;47192.245;0.910676;0.666668
interleaved_pod_1k_60sec_50ms;0;1217;47.199229;47199.229;1.000000;0.666668
interleaved_pod_1k_60sec_50ms;0;1218;47.249116;47249.116;1.000000;0.666668
interleaved_pod_1k_60sec_50ms;0;1219;47.254603;47254.603;0.808679;0.666668
interleaved_pod_1k_60sec_50ms;0;1220;47.261088;47261.088;0.857677;0.666668
interleaved_pod_1k_60sec_50ms;0;1221;47.268073;47268.073;1.000000;0.666668
interleaved_pod_1k_60sec_50ms;0;1222;47.273560;47273.560;0.861257;0.666668
interleaved_pod_1k_60sec_50ms;0;1223;47.279048;47279.048;0.748921;0.666668
interleaved_pod_1k_60sec_50ms;0;1224;47.286531;47286.531;0.670180;0.666668
interleaved_pod_1k_60sec_50ms;0;1225;47.293016;47293.016;0.700621;0.666668
interleaved_pod_1k_60sec_50ms;0;1226;47.298503;47298.503;1.000000;0.666668
interleaved_pod_1k_60sec_50ms;0;1227;47.349388;47349.388;1.000000;0.666668
interleaved_pod_1k_60sec_50ms;0;1228;47.354875;47354.875;0.990024;0.666668
interleaved_pod_1k_60sec_50ms;0;1229;47.361859;47361.859;0.776377;0.666668
interleaved_pod_1k_60sec_50ms;0;1230;47.369841;47369.841;0.803194;0.666668
interleaved_pod_1k_60sec_50ms;0;1231;47.386803;47386.803;0.972199;0.666668
interleaved_pod_1k_60sec_50ms;0;1232;47.392789;47392.789;0.801748;0.666668
interleaved_pod_1k_60sec_50ms;0;1233;47.399274;47399.274;1.000000;0.666668
interleaved_pod_1k_60sec_50ms;0;1234;47.449161;47449.161;1.000000;0.666668
interleaved_pod_1k_60sec_50ms;0;1235;47.454649;47454.649;0.759239;0.666668
interleaved_pod_1k_60sec_50ms;0;1236;47.463628;47463.628;0.712044;0.666668
interleaved_pod_1k_60sec_50ms;0;1237;47.469615;47469.615;0.811998;0.666668
interleaved_pod_1k_60sec_50ms;0;1238;47.477596;47477.596;0.796578;0.666668
interleaved_pod_1k_60sec_50ms;0;1239;47.483084;47483.084;1.000000;0.666668
interleaved_pod_1k_60sec_50ms;0;1240;47.488571;47488.571;0.687164;0.666668
interleaved_pod_1k_60sec_50ms;0;1241;47.495556;47495.556;0.824543;0.666668
interleaved_pod_1k_60sec_50ms;0;1242;47.548934;47548.934;1.000000;0.666668
interleaved_pod_1k_60sec_50ms;0;1243;47.557415;47557.415;1.000000;0.666668
interleaved_pod_1k_60sec_50ms;0;1244;47.565397;47565.397;1.000000;0.666668
interleaved_pod_1k_60sec_50ms;0;1245;47.573379;47573.379;1.000000;0.666668
interleaved_pod_1k_60sec_50ms;0;1246;47.581361;47581.361;1.000000;0.666668
interleaved_pod_1k_60sec_50ms;0;1247;47.586848;47586.848;0.834699;0.666668
interleaved_pod_1k_60sec_50ms;0;1248;47.592834;47592.834;0.747149;0.666668
interleaved_pod_1k_60sec_50ms;0;1249;47.598322;47598.322;1.000000;0.666668
interleaved_pod_1k_60sec_50ms;0;1250;47.649206;47649.206;1.000000;0.666668
interleaved_pod_1k_60sec_50ms;0;1251;47.656190;47656.190;0.826645;0.666668
interleaved_pod_1k_60sec_50ms;0;1252;47.664172;47664.172;1.000000;0.666668
interleaved_pod_1k_60sec_50ms;0;1253;47.672154;47672.154;1.000000;0.666668
interleaved_pod_1k_60sec_50ms;0;1254;47.680136;47680.136;1.000000;0.666668
interleaved_pod_1k_60sec_50ms;0;1255;47.688617;47688.617;0.953572;0.666668
interleaved_pod_1k_60sec_50ms;0;1256;47.696599;47696.599;0.952813;0.666668
interleaved_pod_1k_60sec_50ms;0;1257;47.748980;47748.980;1.000000;0.666668
interleaved_pod_1k_60sec_50ms;0;1258;47.798367;47798.367;0.852643;0.666668
interleaved_pod_1k_60sec_50ms;0;1259;47.849252;47849.252;1.000000;0.666668
interleaved_pod_1k_60sec_50ms;0;1260;47.858730;47858.730;0.855058;0.666668
interleaved_pod_1k_60sec_50ms;0;1261;47.864717;47864.717;0.685001;0.666668
interleaved_pod_1k_60sec_50ms;0;1262;47.899138;47899.138;1.000000;0.666668
interleaved_pod_1k_60sec_50ms;0;1263;47.949025;47949.025;1.000000;0.666668
interleaved_pod_1k_60sec_50ms;0;1264;47.999410;47999.410;1.000000;0.666668
interleaved_pod_1k_60sec_50ms;0;1265;48.049297;48049.297;1.000000;0.666668
interleaved_pod_1k_60sec_50ms;0;1266;48.099184;48099.184;1.000000;0.666668
interleaved_pod_1k_60sec_50ms;0;1267;48.149070;48149.070;1.000000;0.666668
interleaved_pod_1k_60sec_50ms;0;1268;48.172517;48172.517;0.724245;0.666668
interleaved_pod_1k_60sec_50ms;0;1269;48.180499;48180.499;1.000000;0.666668
interleaved_pod_1k_60sec_50ms;0;1270;48.188980;48188.980;0.874267;0.666668
interleaved_pod_1k_60sec_50ms;0;1271;48.197959;48197.959;0.824819;0.666668
interleaved_pod_1k_60sec_50ms;0;1272;48.249342;48249.342;1.000000;0.666668
interleaved_pod_1k_60sec_50ms;0;1273;48.257823;48257.823;0.795334;0.666668
interleaved_pod_1k_60sec_50ms;0;1274;48.268299;48268.299;0.730517;0.666668
interleaved_pod_1k_60sec_50ms;0;1275;48.275782;48275.782;0.893695;0.666668
interleaved_pod_1k_60sec_50ms;0;1276;48.286259;48286.259;0.847718;0.666668
interleaved_pod_1k_60sec_50ms;0;1277;48.298730;48298.730;1.000000;0.666668
interleaved_pod_1k_60sec_50ms;0;1278;48.349116;48349.116;1.000000;0.666668
interleaved_pod_1k_60sec_50ms;0;1279;48.380045;48380.045;0.692623;0.666668
interleaved_pod_1k_60sec_50ms;0;1280;48.399002;48399.002;1.000000;0.666668
interleaved_pod_1k_60sec_50ms;0;1281;48.449388;48449.388;1.000000;0.666668
interleaved_pod_1k_60sec_50ms;0;1282;48.499274;48499.274;1.000000;0.666668
interleaved_pod_1k_60sec_50ms;0;1283;48.549161;48549.161;1.000000;0.666668
interleaved_pod_1k_60sec_50ms;0;1284;48.599048;48599.048;1.000000;0.666668
interleaved_pod_1k_60sec_50ms;0;1285;48.649433;48649.433;1.000000;0.666668
interleaved_pod_1k_60sec_50ms;0;1286;48.699320;48699.320;1.000000;0.666668
interleaved_pod_1k_60sec_50ms;0;1287;48.749206;48749.206;1.000000;0.666668
interleaved_pod_1k_60sec_50ms;0;1288;48.799093;48799.093;1.000000;0.666668
interleaved_pod_1k_60sec_50ms;0;1289;48.848980;48848.980;1.000000;0.666668
interleaved_pod_1k_60sec_50ms;0;1290;48.899365;48899.365;1.000000;0.666668
interleaved_pod_1k_60sec_50ms;0;1291;48.949252;48949.252;1.000000;0.666668
interleaved_pod_1k_60sec_50ms;0;1292;48.999138;48999.138;1.000000;0.666668
interleaved_pod_1k_60sec_50ms;0;1293;49.049025;49049.025;1.000000;0.666668
interleaved_pod_1k_60sec_50ms;0;1294;49.099410;49099.410;1.000000;0.666668
interleaved_pod_1k_60sec_50ms;0;1295;49.149297;49149.297;1.000000;0.666668
interleaved_pod_1k_60sec_50ms;0;1296;49.199184;49199.184;1.000000;0.666668
interleaved_pod_1k_60sec_50ms;0;1297;49.249070;49249.070;1.000000;0.666668
interleaved_pod_1k_60sec_50ms;0;1298;49.298957;49298.957;1.000000;0.666668
interleaved_pod_1k_60sec_50ms;0;1299;49.349342;49349.342;1.000000;0.666668
interleaved_pod_1k_60sec_50ms;0;1300;49.399229;49399.229;1.000000;0.666668
interleaved_pod_1k_60sec_50ms;0;1301;49.449116;49449.116;1.000000;0.666668
interleaved_pod_1k_60sec_50ms;0;1302;49.499002;49499.002;1.000000;0.666668
interleaved_pod_1k_60sec_50ms;0;1303;49.549388;49549.388;1.000000;0.666668
interleaved_pod_1k_60sec_50ms;0;1304;49.599274;49599.274;1.000000;0.666668
interleaved_pod_1k_60sec_50ms;0;1305;49.649161;49649.161;1.000000;0.666668
interleaved_pod_1k_60sec_50ms;0;1306;49.699048;49699.048;1.000000;0.666668
interleaved_pod_1k_60sec_50ms;0;1307;49.749433;49749.433;1.000000;0.666668
interleaved_pod_1k_60sec_50ms;0;1308;49.799320;49799.320;1.000000;0.666668
interleaved_pod_1k_60sec_50ms;0;1309;49.849206;49849.206;1.000000;0.666668
interleaved_pod_1k_60sec_50ms;0;1310;49.899093;49899.093;1.000000;0.666668
interleaved_pod_1k_60sec_50ms;0;1311;49.948980;49948.980;1.000000;0.666668
interleaved_pod_1k_60sec_50ms;0;1312;49.999365;49999.365;1.000000;0.666668
interleaved_pod_1k_60sec_50ms;0;1313;50.049252;50049.252;1.000000;0.666668
interleaved_pod_1k_60sec_50ms;0;1314;50.095646;50095.646;0.670447;0.666668
interleaved_pod_1k_60sec_50ms;0;1315;50.149025;50149.025;1.000000;0.666668
interleaved_pod_1k_60sec_50ms;0;1316;50.155011;50155.011;0.673460;0.666668
interleaved_pod_1k_60sec_50ms;0;1317;50.165986;50165.986;0.666896;0.666668
interleaved_pod_1k_60sec_50ms;0;1318;50.175964;50175.964;0.683318;0.666668
interleaved_pod_1k_60sec_50ms;0;1319;50.183447;50183.447;0.715629;0.666668
interleaved_pod_1k_60sec_50ms;0;1320;50.199410;50199.410;1.000000;0.666668
interleaved_pod_1k_60sec_50ms;0;1321;50.249297;50249.297;1.000000;0.666668
interleaved_pod_1k_60sec_50ms;0;1322;50.299184;50299.184;1.000000;0.666668
interleaved_pod_1k_60sec_50ms;0;1323;50.349070;50349.070;1.000000;0.666668
interleaved_pod_1k_60sec_50ms;0;1324;50.398957;50398.957;1.000000;0.666668
interleaved_pod_1k_60sec_50ms;0;1325;50.449342;50449.342;1.000000;0.666668
interleaved_pod_1k_60sec_50ms;0;1326;50.499229;50499.229;1.000000;0.666668
interleaved_pod_1k_60sec_50ms;0;1327;50.549116;50549.116;1.000000;0.666668
interleaved_pod_1k_60sec_50ms;0;1328;50.595510;50595.510;0.886075;0.666668
interleaved_pod_1k_60sec_50ms;0;1329;50.649388;50649.388;1.000000;0.666668
interleaved_pod_1k_60sec_50ms;0;1330;50.654875;50654.875;1.000000;0.666668
interleaved_pod_1k_60sec_50ms;0;1331;50.660363;50660.363;0.765960;0.666668
interleaved_pod_1k_60sec_50ms;0;1332;50.667846;50667.846;0.806329;0.666668
interleaved_pod_1k_60sec_50ms;0;1333;50.676327;50676.327;0.712591;0.666668
interleaved_pod_1k_60sec_50ms;0;1334;50.683311;50683.311;0.796488;0.666668
interleaved_pod_1k_60sec_50ms;0;1335;50.690794;50690.794;1.000000;0.666668
interleaved_pod_1k_60sec_50ms;0;1336;50.697279;50697.279;0.743660;0.666668
interleaved_pod_1k_60sec_50ms;0;1337;50.749161;50749.161;1.000000;0.666668
interleaved_pod_1k_60sec_50ms;0;1338;50.756145;50756.145;0.784578;0.666668
interleaved_pod_1k_60sec_50ms;0;1339;50.763628;50763.628;0.930945;0.666668
interleaved_pod_1k_60sec_50ms;0;1340;50.771111;50771.111;0.774959;0.666668
interleaved_pod_1k_60sec_50ms;0;1341;50.789070;50789.070;0.807416;0.666668
interleaved_pod_1k_60sec_50ms;0;1342;50.799048;50799.048;1.000000;0.666668
interleaved_pod_1k_60sec_50ms;0;1343;50.849433;50849.433;1.000000;0.666668
interleaved_pod_1k_60sec_50ms;0;1344;50.899320;50899.320;1.000000;0.666668
interleaved_pod_1k_60sec_50ms;0;1345;50.949206;50949.206;1.000000;0.666668
interleaved_pod_1k_60sec_50ms;0;1346;50.999093;50999.093;1.000000;0.666668
interleaved_pod_1k_60sec_50ms;0;1347;51.048980;51048.980;1.000000;0.666668
interleaved_pod_1k_60sec_50ms;0;1348;51.099365;51099.365;1.000000;0.666668
interleaved_pod_1k_60sec_50ms;0;1349;51.149252;51149.252;1.000000;0.666668
interleaved_pod_1k_60sec_50ms;0;1350;51.199138;51199.138;1.000000;0.666668
interleaved_pod_1k_60sec_50ms;0;1351;51.249025;51249.025;1.000000;0.666668
interleaved_pod_1k_60sec_50ms;0;1352;51.299410;51299.410;1.000000;0.666668
interleaved_pod_1k_60sec_50ms;0;1353;51.349297;51349.297;1.000000;0.666668
interleaved_pod_1k_60sec_50ms;0;1354;51.363764;51363.764;0.969162;0.666668
interleaved_pod_1k_60sec_50ms;0;1355;51.371746;51371.746;0.943721;0.666668
interleaved_pod_1k_60sec_50ms;0;1356;51.381723;51381.723;1.000000;0.666668
interleaved_pod_1k_60sec_50ms;0;1357;51.388209;51388.209;0.718220;0.666668
interleaved_pod_1k_60sec_50ms;0;1358;51.396689;51396.689;0.701388;0.666668
interleaved_pod_1k_60sec_50ms;0;1359;51.449070;51449.070;1.000000;0.666668
interleaved_pod_1k_60sec_50ms;0;1360;51.454558;51454.558;0.788333;0.666668
interleaved_pod_1k_60sec_50ms;0;1361;51.462540;51462.540;0.763862;0.666668
interleaved_pod_1k_60sec_50ms;0;1362;51.470522;51470.522;0.876127;0.666668
interleaved_pod_1k_60sec_50ms;0;1363;51.478503;51478.503;0.790639;0.666668
interleaved_pod_1k_60sec_50ms;0;1364;51.485986;51485.986;0.693501;0.666668
interleaved_pod_1k_60sec_50ms;0;1365;51.493469;51493.469;0.782429;0.666668
interleaved_pod_1k_60sec_50ms;0;1366;51.499456;51499.456;1.000000;0.666668
interleaved_pod_1k_60sec_50ms;0;1367;51.549342;51549.342;1.000000;0.666668
interleaved_pod_1k_60sec_50ms;0;1368;51.561315;51561.315;0.817048;0.666668
interleaved_pod_1k_60sec_50ms;0;1369;51.569297;51569.297;0.793820;0.666668
interleaved_pod_1k_60sec_50ms;0;1370;51.599229;51599.229;1.000000;0.666668
interleaved_pod_1k_60sec_50ms;0;1371;51.649116;51649.116;1.000000;0.666668
interleaved_pod_1k_60sec_50ms;0;1372;51.699002;51699.002;1.000000;0.666668
interleaved_pod_1k_60sec_50ms;0;1373;51.749388;51749.388;1.000000;0.666668
interleaved_pod_1k_60sec_50ms;0;1374;51.799274;51799.274;1.000000;0.666668
interleaved_pod_1k_60sec_50ms;0;1375;51.849161;51849.161;1.000000;0.666668
interleaved_pod_1k_60sec_50ms;0;1376;51.899048;51899.048;1.000000;0.666668
interleaved_pod_1k_60sec_50ms;0;1377;51.949433;51949.433;1.000000;0.666668
interleaved_pod_1k_60sec_50ms;0;1378;51.999320;51999.320;1.000000;0.666668
interleaved_pod_1k_60sec_50ms;0;1379;52.049206;52049.206;1.000000;0.666668
interleaved_pod_1k_60sec_50ms;0;1380;52.099093;52099.093;1.000000;0.666668
interleaved_pod_1k_60sec_50ms;0;1381;52.148980;52148.980;1.000000;0.666668
interleaved_pod_1k_60sec_50ms;0;1382;52.198866;52198.866;1.000000;0.666668
interleaved_pod_1k_60sec_50ms;0;1383;52.249252;52249.252;1.000000;0.666668
interleaved_pod_1k_60sec_50ms;0;1384;52.255238;52255.238;0.666810;0.666668
interleaved_pod_1k_60sec_50ms;0;1385;52.263220;52263.220;0.783593;0.666668
interleaved_pod_1k_60sec_50ms;0;1386;52.269206;52269.206;0.696041;0.666668
interleaved_pod_1k_60sec_50ms;0;1387;52.277188;52277.188;0.913867;0.666668
interleaved_pod_1k_60sec_50ms;0;1388;52.285170;52285.170;0.805142;0.666668
interleaved_pod_1k_60sec_50ms;0;1389;52.293152;52293.152;0.716159;0.666668
interleaved_pod_1k_60sec_50ms;0;1390;52.299138;52299.138;1.000000;0.666668
interleaved_pod_1k_60sec_50ms;0;1391;52.349025;52349.025;1.000000;0.666668
interleaved_pod_1k_60sec_50ms;0;1392;52.360499;52360.499;0.748809;0.666668
interleaved_pod_1k_60sec_50ms;0;1393;52.399410;52399.410;1.000000;0.666668
interleaved_pod_1k_60sec_50ms;0;1394;52.449297;52449.297;1.000000;0.666668
interleaved_pod_1k_60sec_50ms;0;1395;52.499184;52499.184;1.000000;0.666668
interleaved_pod_1k_60sec_50ms;0;1396;52.549070;52549.070;1.000000;0.666668
interleaved_pod_1k_60sec_50ms;0;1397;52.598957;52598.957;1.000000;0.666668
interleaved_pod_1k_60sec_50ms;0;1398;52.649342;52649.342;1.000000;0.666668
interleaved_pod_1k_60sec_50ms;0;1399;52.699229;52699.229;1.000000;0.666668
interleaved_pod_1k_60sec_50ms;0;1400;52.749116;52749.116;1.000000;0.666668
interleaved_pod_1k_60sec_50ms;0;1401;52.761587;52761.587;0.705986;0.666668
interleaved_pod_1k_60sec_50ms;0;1402;52.769070;52769.070;0.699558;0.666668
interleaved_pod_1k_60sec_50ms;0;1403;52.775057;52775.057;0.834933;0.666668
interleaved_pod_1k_60sec_50ms;0;1404;52.784535;52784.535;1.000000;0.666668
interleaved_pod_1k_60sec_50ms;0;1405;52.792517;52792.517;1.000000;0.666668
interleaved_pod_1k_60sec_50ms;0;1406;52.799002;52799.002;1.000000;0.666668
interleaved_pod_1k_60sec_50ms;0;1407;52.849388;52849.388;1.000000;0.666668
interleaved_pod_1k_60sec_50ms;0;1408;52.856871;52856.871;0.998129;0.666668
interleaved_pod_1k_60sec_50ms;0;1409;52.865351;52865.351;0.826268;0.666668
interleaved_pod_1k_60sec_50ms;0;1410;52.881814;52881.814;1.000000;0.666668
interleaved_pod_1k_60sec_50ms;0;1411;52.892290;52892.290;0.697012;0.666668
interleaved_pod_1k_60sec_50ms;0;1412;52.897778;52897.778;0.747158;0.666668
interleaved_pod_1k_60sec_50ms;0;1413;52.949161;52949.161;1.000000;0.666668
interleaved_pod_1k_60sec_50ms;0;1414;52.956145;52956.145;1.000000;0.666668
interleaved_pod_1k_60sec_50ms;0;1415;52.964127;52964.127;0.836722;0.666668
interleaved_pod_1k_60sec_50ms;0;1416;52.972109;52972.109;0.679055;0.666668
interleaved_pod_1k_60sec_50ms;0;1417;52.980091;52980.091;0.967519;0.666668
interleaved_pod_1k_60sec_50ms;0;1418;52.988571;52988.571;0.928977;0.666668
interleaved_pod_1k_60sec_50ms;0;1419;52.996553;52996.553;0.932887;0.666668
interleaved_pod_1k_60sec_50ms;0;1420;53.049433;53049.433;1.000000;0.666668
interleaved_pod_1k_60sec_50ms;0;1421;53.055420;53055.420;1.000000;0.666668
interleaved_pod_1k_60sec_50ms;0;1422;53.063401;53063.401;0.903012;0.666668
interleaved_pod_1k_60sec_50ms;0;1423;53.072880;53072.880;1.000000;0.666668
interleaved_pod_1k_60sec_50ms;0;1424;53.099320;53099.320;1.000000;0.666668
interleaved_pod_1k_60sec_50ms;0;1425;53.149206;53149.206;1.000000;0.666668
interleaved_pod_1k_60sec_50ms;0;1426;53.160680;53160.680;0.708240;0.666668
interleaved_pod_1k_60sec_50ms;0;1427;53.171156;53171.156;0.836425;0.666668
interleaved_pod_1k_60sec_50ms;0;1428;53.199093;53199.093;1.000000;0.666668
interleaved_pod_1k_60sec_50ms;0;1429;53.248980;53248.980;1.000000;0.666668
interleaved_pod_1k_60sec_50ms;0;1430;53.299365;53299.365;1.000000;0.666668
interleaved_pod_1k_60sec_50ms;0;1431;53.349252;53349.252;1.000000;0.666668
interleaved_pod_1k_60sec_50ms;0;1432;53.399138;53399.138;1.000000;0.666668
interleaved_pod_1k_60sec_50ms;0;1433;53.449025;53449.025;1.000000;0.666668
interleaved_pod_1k_60sec_50ms;0;1434;53.499410;53499.410;1.000000;0.666668
interleaved_pod_1k_60sec_50ms;0;1435;53.549297;53549.297;1.000000;0.666668
interleaved_pod_1k_60sec_50ms;0;1436;53.592200;53592.200;0.737571;0.666668
interleaved_pod_1k_60sec_50ms;0;1437;53.599184;53599.184;1.000000;0.666668
interleaved_pod_1k_60sec_50ms;0;1438;53.649070;53649.070;1.000000;0.666668
interleaved_pod_1k_60sec_50ms;0;1439;53.699456;53699.456;1.000000;0.666668
interleaved_pod_1k_60sec_50ms;0;1440;53.749342;53749.342;1.000000;0.666668
interleaved_pod_1k_60sec_50ms;0;1441;53.799229;53799.229;1.000000;0.666668
interleaved_pod_1k_60sec_50ms;0;1442;53.849116;53849.116;1.000000;0.666668
interleaved_pod_1k_60sec_50ms;0;1443;53.899002;53899.002;1.000000;0.666668
interleaved_pod_1k_60sec_50ms;0;1444;53.949388;53949.388;1.000000;0.666668
interleaved_pod_1k_60sec_50ms;0;1445;53.999274;53999.274;1.000000;0.666668
interleaved_pod_1k_60sec_50ms;0;1446;54.049161;54049.161;1.000000;0.666668
interleaved_pod_1k_60sec_50ms;0;1447;54.099048;54099.048;1.000000;0.666668
interleaved_pod_1k_60sec_50ms;0;1448;54.149433;54149.433;1.000000;0.666668
interleaved_pod_1k_60sec_50ms;0;1449;54.173379;54173.379;0.749231;0.666668
interleaved_pod_1k_60sec_50ms;0;1450;54.183855;54183.855;0.674716;0.666668
interleaved_pod_1k_60sec_50ms;0;1451;54.189841;54189.841;0.811612;0.666668
interleaved_pod_1k_60sec_50ms;0;1452;54.199320;54199.320;1.000000;0.666668
interleaved_pod_1k_60sec_50ms;0;1453;54.249206;54249.206;1.000000;0.666668
interleaved_pod_1k_60sec_50ms;0;1454;54.267664;54267.664;0.854827;0.666668
interleaved_pod_1k_60sec_50ms;0;1455;54.299093;54299.093;1.000000;0.666668
interleaved_pod_1k_60sec_50ms;0;1456;54.348980;54348.980;1.000000;0.666668
interleaved_pod_1k_60sec_50ms;0;1457;54.399365;54399.365;1.000000;0.666668
interleaved_pod_1k_60sec_50ms;0;1458;54.449252;54449.252;1.000000;0.666668
interleaved_pod_1k_60sec_50ms;0;1459;54.499138;54499.138;1.000000;0.666668
interleaved_pod_1k_60sec_50ms;0;1460;54.549025;54549.025;1.000000;0.666668
interleaved_pod_1k_60sec_50ms;0;1461;54.568980;54568.980;0.834812;0.666668
interleaved_pod_1k_60sec_50ms;0;1462;54.579955;54579.955;0.685420;0.666668
interleaved_pod_1k_60sec_50ms;0;1463;54.599410;54599.410;1.000000;0.666668
interleaved_pod_1k_60sec_50ms;0;1464;54.649297;54649.297;1.000000;0.666668
interleaved_pod_1k_60sec_50ms;0;1465;54.670249;54670.249;0.717980;0.666668
interleaved_pod_1k_60sec_50ms;0;1466;54.699184;54699.184;1.000000;0.666668
interleaved_pod_1k_60sec_50ms;0;1467;54.749070;54749.070;1.000000;0.666668
interleaved_pod_1k_60sec_50ms;0;1468;54.798957;54798.957;1.000000;0.666668
interleaved_pod_1k_60sec_50ms;0;1469;54.849342;54849.342;1.000000;0.666668
interleaved_pod_1k_60sec_50ms;0;1470;54.899229;54899.229;1.000000;0.666668
interleaved_pod_1k_60sec_50ms;0;1471;54.949116;54949.116;1.000000;0.666668
interleaved_pod_1k_60sec_50ms;0;1472;54.999002;54999.002;1.000000;0.666668
interleaved_pod_1k_60sec_50ms;0;1473;55.049388;55049.388;1.000000;0.666668
interleaved_pod_1k_60sec_50ms;0;1474;55.099274;55099.274;1.000000;0.666668
interleaved_pod_1k_60sec_50ms;0;1475;55.149161;55149.161;1.000000;0.666668
interleaved_pod_1k_60sec_50ms;0;1476;55.199048;55199.048;1.000000;0.666668
interleaved_pod_1k_60sec_50ms;0;1477;55.249433;55249.433;1.000000;0.666668
interleaved_pod_1k_60sec_50ms;0;1478;55.299320;55299.320;1.000000;0.666668
interleaved_pod_1k_60sec_50ms;0;1479;55.349206;55349.206;1.000000;0.666668
interleaved_pod_1k_60sec_50ms;0;1480;55.365669;55365.669;0.707871;0.666668
interleaved_pod_1k_60sec_50ms;0;1481;55.399093;55399.093;1.000000;0.666668
interleaved_pod_1k_60sec_50ms;0;1482;55.448980;55448.980;1.000000;0.666668
interleaved_pod_1k_60sec_50ms;0;1483;55.499365;55499.365;1.000000;0.666668
interleaved_pod_1k_60sec_50ms;0;1484;55.549252;55549.252;1.000000;0.666668
interleaved_pod_1k_60sec_50ms;0;1485;55.599138;55599.138;1.000000;0.666668
interleaved_pod_1k_60sec_50ms;0;1486;55.649025;55649.025;1.000000;0.666668
interleaved_pod_1k_60sec_50ms;0;1487;55.699410;55699.410;1.000000;0.666668
interleaved_pod_1k_60sec_50ms;0;1488;55.749297;55749.297;1.000000;0.666668
interleaved_pod_1k_60sec_50ms;0;1489;55.799184;55799.184;1.000000;0.666668
interleaved_pod_1k_60sec_50ms;0;1490;55.849070;55849.070;1.000000;0.666668
interleaved_pod_1k_60sec_50ms;0;1491;55.898957;55898.957;1.000000;0.666668
interleaved_pod_1k_60sec_50ms;0;1492;55.949342;55949.342;1.000000;0.666668
interleaved_pod_1k_60sec_50ms;0;1493;55.999229;55999.229;1.000000;0.666668
interleaved_pod_1k_60sec_50ms;0;1494;56.049116;56049.116;1.000000;0.666668
interleaved_pod_1k_60sec_50ms;0;1495;56.099002;56099.002;1.000000;0.666668
interleaved_pod_1k_60sec_50ms;0;1496;56.149388;56149.388;1.000000;0.666668
interleaved_pod_1k_60sec_50ms;0;1497;56.199274;56199.274;1.000000;0.666668
interleaved_pod_1k_60sec_50ms;0;1498;56.249161;56249.161;1.000000;0.666668
interleaved_pod_1k_60sec_50ms;0;1499;56.299048;56299.048;1.000000;0.666668
interleaved_pod_1k_60sec_50ms;0;1500;56.349433;56349.433;1.000000;0.666668
interleaved_pod_1k_60sec_50ms;0;1501;56.399320;56399.320;1.000000;0.666668
interleaved_pod_1k_60sec_50ms;0;1502;56.449206;56449.206;1.000000;0.666668
interleaved_pod_1k_60sec_50ms;0;1503;56.499093;56499.093;1.000000;0.666668
interleaved_pod_1k_60sec_50ms;0;1504;56.548980;56548.980;1.000000;0.666668
interleaved_pod_1k_60sec_50ms;0;1505;56.599365;56599.365;1.000000;0.666668
interleaved_pod_1k_60sec_50ms;0;1506;56.649252;56649.252;1.000000;0.666668
interleaved_pod_1k_60sec_50ms;0;1507;56.699138;56699.138;1.000000;0.666668
interleaved_pod_1k_60sec_50ms;0;1508;56.749025;56749.025;1.000000;0.666668
interleaved_pod_1k_60sec_50ms;0;1509;56.799410;56799.410;1.000000;0.666668
interleaved_pod_1k_60sec_50ms;0;1510;56.849297;56849.297;1.000000;0.666668
interleaved_pod_1k_60sec_50ms;0;1511;56.899184;56899.184;1.000000;0.666668
interleaved_pod_1k_60sec_50ms;0;1512;56.949070;56949.070;1.000000;0.666668
interleaved_pod_1k_60sec_50ms;0;1513;56.973515;56973.515;0.761615;0.666668
interleaved_pod_1k_60sec_50ms;0;1514;56.980499;56980.499;0.863625;0.666668
interleaved_pod_1k_60sec_50ms;0;1515;56.985986;56985.986;0.697279;0.666668
interleaved_pod_1k_60sec_50ms;0;1516;56.998957;56998.957;1.000000;0.666668
interleaved_pod_1k_60sec_50ms;0;1517;57.049342;57049.342;1.000000;0.666668
interleaved_pod_1k_60sec_50ms;0;1518;57.055329;57055.329;0.842417;0.666668
interleaved_pod_1k_60sec_50ms;0;1519;57.063311;57063.311;0.963242;0.666668
interleaved_pod_1k_60sec_50ms;0;1520;57.070794;57070.794;0.715963;0.666668
interleaved_pod_1k_60sec_50ms;0;1521;57.081270;57081.270;0.901578;0.666668
interleaved_pod_1k_60sec_50ms;0;1522;57.088254;57088.254;0.687314;0.666668
interleaved_pod_1k_60sec_50ms;0;1523;57.097732;57097.732;0.855895;0.666668
interleaved_pod_1k_60sec_50ms;0;1524;57.149116;57149.116;1.000000;0.666668
interleaved_pod_1k_60sec_50ms;0;1525;57.156599;57156.599;0.834870;0.666668
interleaved_pod_1k_60sec_50ms;0;1526;57.184036;57184.036;0.910904;0.666668
interleaved_pod_1k_60sec_50ms;0;1527;57.199002;57199.002;1.000000;0.666668
interleaved_pod_1k_60sec_50ms;0;1528;57.249388;57249.388;1.000000;0.666668
interleaved_pod_1k_60sec_50ms;0;1529;57.299274;57299.274;1.000000;0.666668
interleaved_pod_1k_60sec_50ms;0;1530;57.349161;57349.161;1.000000;0.666668
interleaved_pod_1k_60sec_50ms;0;1531;57.399048;57399.048;1.000000;0.666668
interleaved_pod_1k_60sec_50ms;0;1532;57.449433;57449.433;1.000000;0.666668
interleaved_pod_1k_60sec_50ms;0;1533;57.482857;57482.857;0.794197;0.666668
interleaved_pod_1k_60sec_50ms;0;1534;57.488345;57488.345;0.733630;0.666668
interleaved_pod_1k_60sec_50ms;0;1535;57.497324;57497.324;1.000000;0.666668
interleaved_pod_1k_60sec_50ms;0;1536;57.549206;57549.206;1.000000;0.666668
interleaved_pod_1k_60sec_50ms;0;1537;57.555193;57555.193;0.731282;0.666668
interleaved_pod_1k_60sec_50ms;0;1538;57.565669;57565.669;0.695421;0.666668
interleaved_pod_1k_60sec_50ms;0;1539;57.573651;57573.651;0.746844;0.666668
interleaved_pod_1k_60sec_50ms;0;1540;57.583129;57583.129;0.736192;0.666668
interleaved_pod_1k_60sec_50ms;0;1541;57.599093;57599.093;1.000000;0.666668
interleaved_pod_1k_60sec_50ms;0;1542;57.648980;57648.980;1.000000;0.666668
interleaved_pod_1k_60sec_50ms;0;1543;57.682404;57682.404;0.700054;0.666668
interleaved_pod_1k_60sec_50ms;0;1544;57.699365;57699.365;1.000000;0.666668
interleaved_pod_1k_60sec_50ms;0;1545;57.749252;57749.252;1.000000;0.666668
interleaved_pod_1k_60sec_50ms;0;1546;57.799138;57799.138;1.000000;0.666668
interleaved_pod_1k_60sec_50ms;0;1547;57.849025;57849.025;1.000000;0.666668
interleaved_pod_1k_60sec_50ms;0;1548;57.899410;57899.410;1.000000;0.666668
interleaved_pod_1k_60sec_50ms;0;1549;57.949297;57949.297;1.000000;0.666668
interleaved_pod_1k_60sec_50ms;0;1550;57.999184;57999.184;1.000000;0.666668
interleaved_pod_1k_60sec_50ms;0;1551;58.049070;58049.070;1.000000;0.666668
interleaved_pod_1k_60sec_50ms;0;1552;58.099456;58099.456;1.000000;0.666668
interleaved_pod_1k_60sec_50ms;0;1553;58.149342;58149.342;1.000000;0.666668
interleaved_pod_1k_60sec_50ms;0;1554;58.199229;58199.229;1.000000;0.666668
interleaved_pod_1k_60sec_50ms;0;1555;58.249116;58249.116;1.000000;0.666668
interleaved_pod_1k_60sec_50ms;0;1556;58.299002;58299.002;1.000000;0.666668
interleaved_pod_1k_60sec_50ms;0;1557;58.349388;58349.388;1.000000;0.666668
interleaved_pod_1k_60sec_50ms;0;1558;58.399274;58399.274;1.000000;0.666668
interleaved_pod_1k_60sec_50ms;0;1559;58.449161;58449.161;1.000000;0.666668
interleaved_pod_1k_60sec_50ms;0;1560;58.472608;58472.608;0.792186;0.666668
interleaved_pod_1k_60sec_50ms;0;1561;58.480590;58480.590;0.826398;0.666668
interleaved_pod_1k_60sec_50ms;0;1562;58.488571;58488.571;0.695415;0.666668
interleaved_pod_1k_60sec_50ms;0;1563;58.497052;58497.052;0.720711;0.666668
interleaved_pod_1k_60sec_50ms;0;1564;58.549433;58549.433;1.000000;0.666668
interleaved_pod_1k_60sec_50ms;0;1565;58.555420;58555.420;0.714278;0.666668
interleaved_pod_1k_60sec_50ms;0;1566;58.572880;58572.880;0.684517;0.666668
interleaved_pod_1k_60sec_50ms;0;1567;58.592834;58592.834;0.760965;0.666668
interleaved_pod_1k_60sec_50ms;0;1568;58.599320;58599.320;1.000000;0.666668
interleaved_pod_1k_60sec_50ms;0;1569;58.649206;58649.206;1.000000;0.666668
interleaved_pod_1k_60sec_50ms;0;1570;58.699093;58699.093;1.000000;0.666668
interleaved_pod_1k_60sec_50ms;0;1571;58.748980;58748.980;1.000000;0.666668
interleaved_pod_1k_60sec_50ms;0;1572;58.796372;58796.372;0.744197;0.666668
interleaved_pod_1k_60sec_50ms;0;1573;58.849252;58849.252;1.000000;0.666668
interleaved_pod_1k_60sec_50ms;0;1574;58.856236;58856.236;0.795884;0.666668
interleaved_pod_1k_60sec_50ms;0;1575;58.865215;58865.215;0.883969;0.666668
interleaved_pod_1k_60sec_50ms;0;1576;58.873696;58873.696;0.828051;0.666668
interleaved_pod_1k_60sec_50ms;0;1577;58.882177;58882.177;0.931794;0.666668
interleaved_pod_1k_60sec_50ms;0;1578;58.891156;58891.156;1.000000;0.666668
interleaved_pod_1k_60sec_50ms;0;1579;58.899138;58899.138;1.000000;0.666668
interleaved_pod_1k_60sec_50ms;0;1580;58.949025;58949.025;1.000000;0.666668
interleaved_pod_1k_60sec_50ms;0;1581;58.955011;58955.011;0.733850;0.666668
interleaved_pod_1k_60sec_50ms;0;1582;58.963991;58963.991;0.686474;0.666668
interleaved_pod_1k_60sec_50ms;0;1583;58.978458;58978.458;0.925396;0.666668
interleaved_pod_1k_60sec_50ms;0;1584;58.987937;58987.937;0.792243;0.666668
interleaved_pod_1k_60sec_50ms;0;1585;58.996916;58996.916;0.704364;0.666668
interleaved_pod_1k_60sec_50ms;0;1586;59.049297;59049.297;1.000000;0.666668
interleaved_pod_1k_60sec_50ms;0;1587;59.057279;59057.279;0.854512;0.666668
interleaved_pod_1k_60sec_50ms;0;1588;59.068254;59068.254;0.836778;0.666668
interleaved_pod_1k_60sec_50ms;0;1589;59.076735;59076.735;0.886915;0.666668
interleaved_pod_1k_60sec_50ms;0;1590;59.087710;59087.710;0.758168;0.666668
interleaved_pod_1k_60sec_50ms;0;1591;59.098186;59098.186;0.720157;0.666668
interleaved_pod_1k_60sec_50ms;0;1592;59.149070;59149.070;1.000000;0.666668
interleaved_pod_1k_60sec_50ms;0;1593;59.176009;59176.009;0.753853;0.666668
interleaved_pod_1k_60sec_50ms;0;1594;59.185986;59185.986;0.739432;0.666668
interleaved_pod_1k_60sec_50ms;0;1595;59.198957;59198.957;1.000000;0.666668
interleaved_pod_1k_60sec_50ms;0;1596;59.249342;59249.342;1.000000;0.666668
interleaved_pod_1k_60sec_50ms;0;1597;59.299229;59299.229;1.000000;0.666668
interleaved_pod_1k_60sec_50ms;0;1598;59.349116;59349.116;1.000000;0.666668
interleaved_pod_1k_60sec_50ms;0;1599;59.399002;59399.002;1.000000;0.666668
interleaved_pod_1k_60sec_50ms;0;1600;59.449388;59449.388;1.000000;0.666668
interleaved_pod_1k_60sec_50ms;0;1601;59.499274;59499.274;1.000000;0.666668
interleaved_pod_1k_60sec_50ms;0;1602;59.549161;59549.161;1.000000;0.666668
interleaved_pod_1k_60sec_50ms;0;1603;59.599048;59599.048;1.000000;0.666668
interleaved_pod_1k_60sec_50ms;0;1604;59.649433;59649.433;1.000000;0.666668
interleaved_pod_1k_60sec_50ms;0;1605;59.699320;59699.320;1.000000;0.666668
interleaved_pod_1k_60sec_50ms;0;1606;59.749206;59749.206;1.000000;0.666668
interleaved_pod_1k_60sec_50ms;0;1607;59.799093;59799.093;1.000000;0.666668
interleaved_pod_1k_60sec_50ms;0;1608;59.848980;59848.980;1.000000;0.666668
interleaved_pod_1k_60sec_50ms;0;1609;59.899365;59899.365;1.000000;0.666668
interleaved_pod_1k_60sec_50ms;0;1610;59.949252;59949.252;1.000000;0.666668
interleaved_pod_1k_60sec_50ms;0;1611;59.999138;59999.138;1.000000;0.666668
interleaved_pod_1k_60sec_50ms;0;1612;60.049025;60049.025;1.000000;0.666668
interleaved_pod_1k_60sec_50ms;0;1613;60.099410;60099.410;1.000000;0.666668
interleaved_pod_1k_60sec_50ms;0;1614;60.149297;60149.297;1.000000;0.666668
interleaved_pod_1k_60sec_50ms;0;1615;60.199184;60199.184;1.000000;0.666668
interleaved_pod_1k_60sec_50ms;0;1616;60.249070;60249.070;1.000000;0.666668
interleaved_pod_1k_60sec_50ms;0;1617;60.298957;60298.957;1.000000;0.666668
interleaved_pod_1k_60sec_50ms;0;1618;60.349342;60349.342;1.000000;0.666668
interleaved_pod_1k_60sec_50ms;0;1619;60.399229;60399.229;1.000000;0.666668
interleaved_pod_1k_60sec_50ms;0;1620;60.449116;60449.116;1.000000;0.666668
interleaved_pod_1k_60sec_50ms;0;1621;60.499002;60499.002;1.000000;0.666668
interleaved_pod_1k_60sec_50ms;0;1622;60.549388;60549.388;1.000000;0.666668
interleaved_pod_1k_60sec_50ms;0;1623;60.599274;60599.274;1.000000;0.666668
interleaved_pod_1k_60sec_50ms;0;1624;60.649161;60649.161;1.000000;0.666668
interleaved_pod_1k_60sec_50ms;0;1625;60.699048;60699.048;1.000000;0.666668
interleaved_pod_1k_60sec_50ms;0;1626;60.749433;60749.433;1.000000;0.666668
interleaved_pod_1k_60sec_50ms;0;1627;60.786848;60786.848;0.787849;0.666668
interleaved_pod_1k_60sec_50ms;0;1628;60.794331;60794.331;1.000000;0.666668
interleaved_pod_1k_60sec_50ms;0;1629;60.849206;60849.206;1.000000;0.666668
interleaved_pod_1k_60sec_50ms;0;1630;60.860181;60860.181;0.860809;0.666668
interleaved_pod_1k_60sec_50ms;0;1631;60.868662;60868.662;0.857812;0.666668
interleaved_pod_1k_60sec_50ms;0;1632;60.876644;60876.644;0.768100;0.666668
interleaved_pod_1k_60sec_50ms;0;1633;60.884626;60884.626;0.735551;0.666668
interleaved_pod_1k_60sec_50ms;0;1634;60.892608;60892.608;0.774073;0.666668
interleaved_pod_1k_60sec_50ms;0;1635;60.899093;60899.093;1.000000;0.666668
interleaved_pod_1k_60sec_50ms;0;1636;60.948980;60948.980;1.000000;0.666668
interleaved_pod_1k_60sec_50ms;0;1637;60.958957;60958.957;0.710791;0.666668
interleaved_pod_1k_60sec_50ms;0;1638;60.966440;60966.440;0.996255;0.666668
interleaved_pod_1k_60sec_50ms;0;1639;60.974921;60974.921;0.917969;0.666668
interleaved_pod_1k_60sec_50ms;0;1640;60.983401;60983.401;0.900095;0.666668
interleaved_pod_1k_60sec_50ms;0;1641;60.991882;60991.882;0.746593;0.666668
interleaved_pod_1k_60sec_50ms;0;1642;60.999365;60999.365;1.000000;0.666668
interleaved_pod_1k_60sec_50ms;0;1643;61.049252;61049.252;1.000000;0.666668
interleaved_pod_1k_60sec_50ms;0;1644;61.059229;61059.229;0.934956;0.666668
interleaved_pod_1k_60sec_50ms;0;1645;61.067211;61067.211;0.681402;0.666668
interleaved_pod_1k_60sec_50ms;0;1646;61.077687;61077.687;0.768230;0.666668
interleaved_pod_1k_60sec_50ms;0;1647;61.085669;61085.669;0.798428;0.666668
interleaved_pod_1k_60sec_50ms;0;1648;61.095147;61095.147;0.725013;0.666668
interleaved_pod_1k_60sec_50ms;0;1649;61.149025;61149.025;1.000000;0.666668
interleaved_pod_1k_60sec_50ms;0;1650;61.162494;61162.494;0.687954;0.666668
interleaved_pod_1k_60sec_50ms;0;1651;61.199410;61199.410;1.000000;0.666668
interleaved_pod_1k_60sec_50ms;0;1652;61.249297;61249.297;1.000000;0.666668
interleaved_pod_1k_60sec_50ms;0;1653;61.299184;61299.184;1.000000;0.666668
interleaved_pod_1k_60sec_50ms;0;1654;61.349070;61349.070;1.000000;0.666668
interleaved_pod_1k_60sec_50ms;0;1655;61.398957;61398.957;1.000000;0.666668
interleaved_pod_1k_60sec_50ms;0;1656;61.449342;61449.342;1.000000;0.666668
interleaved_pod_1k_60sec_50ms;0;1657;61.499229;61499.229;1.000000;0.666668
interleaved_pod_1k_60sec_50ms;0;1658;61.549116;61549.116;1.000000;0.666668
interleaved_pod_1k_60sec_50ms;0;1659;61.555601;61555.601;0.689361;0.666668
interleaved_pod_1k_60sec_50ms;0;1660;61.565079;61565.079;0.925742;0.666668
interleaved_pod_1k_60sec_50ms;0;1661;61.574558;61574.558;0.798007;0.666668
interleaved_pod_1k_60sec_50ms;0;1662;61.584036;61584.036;0.754763;0.666668
interleaved_pod_1k_60sec_50ms;0;1663;61.593515;61593.515;0.795659;0.666668
interleaved_pod_1k_60sec_50ms;0;1664;61.599002;61599.002;1.000000;0.666668
interleaved_pod_1k_60sec_50ms;0;1665;61.649388;61649.388;1.000000;0.666668
interleaved_pod_1k_60sec_50ms;0;1666;61.662358;61662.358;0.859720;0.666668
interleaved_pod_1k_60sec_50ms;0;1667;61.671837;61671.837;0.861541;0.666668
interleaved_pod_1k_60sec_50ms;0;1668;61.681315;61681.315;0.868629;0.666668
interleaved_pod_1k_60sec_50ms;0;1669;61.690794;61690.794;0.815343;0.666668
interleaved_pod_1k_60sec_50ms;0;1670;61.699274;61699.274;1.000000;0.666668
interleaved_pod_1k_60sec_50ms;0;1671;61.749161;61749.161;1.000000;0.666668
interleaved_pod_1k_60sec_50ms;0;1672;61.754649;61754.649;0.733234;0.666668
interleaved_pod_1k_60sec_50ms;0;1673;61.769615;61769.615;0.995254;0.666668
interleaved_pod_1k_60sec_50ms;0;1674;61.779592;61779.592;1.000000;0.666668
interleaved_pod_1k_60sec_50ms;0;1675;61.790068;61790.068;0.794596;0.666668
interleaved_pod_1k_60sec_50ms;0;1676;61.799048;61799.048;1.000000;0.666668
interleaved_pod_1k_60sec_50ms;0;1677;61.849433;61849.433;1.000000;0.666668
interleaved_pod_1k_60sec_50ms;0;1678;61.868390;61868.390;0.770783;0.666668
interleaved_pod_1k_60sec_50ms;0;1679;61.879365;61879.365;0.867005;0.666668
interleaved_pod_1k_60sec_50ms;0;1680;61.887846;61887.846;0.672146;0.666668
interleaved_pod_1k_60sec_50ms;0;1681;61.899320;61899.320;1.000000;0.666668
interleaved_pod_1k_60sec_50ms;0;1682;61.949206;61949.206;1.000000;0.666668
interleaved_pod_1k_60sec_50ms;0;1683;61.957687;61957.687;0.679780;0.666668
interleaved_pod_1k_60sec_50ms;0;1684;61.999093;61999.093;1.000000;0.666668
interleaved_pod_1k_60sec_50ms;0;1685;62.048980;62048.980;1.000000;0.666668
interleaved_pod_1k_60sec_50ms;0;1686;62.099365;62099.365;1.000000;0.666668
interleaved_pod_1k_60sec_50ms;0;1687;62.149252;62149.252;1.000000;0.666668
interleaved_pod_1k_60sec_50ms;0;1688;62.199138;62199.138;1.000000;0.666668
interleaved_pod_1k_60sec_50ms;0;1689;62.249025;62249.025;1.000000;0.666668
interleaved_pod_1k_60sec_50ms;0;1690;62.268980;62268.980;0.678811;0.666668
interleaved_pod_1k_60sec_50ms;0;1691;62.278458;62278.458;0.693204;0.666668
interleaved_pod_1k_60sec_50ms;0;1692;62.288435;62288.435;0.724610;0.666668
interleaved_pod_1k_60sec_50ms;0;1693;62.298912;62298.912;1.000000;0.666668
interleaved_pod_1k_60sec_50ms;0;1694;62.349297;62349.297;1.000000;0.666668
interleaved_pod_1k_60sec_50ms;0;1695;62.356780;62356.780;0.834739;0.666668
interleaved_pod_1k_60sec_50ms;0;1696;62.367755;62367.755;0.846901;0.666668
interleaved_pod_1k_60sec_50ms;0;1697;62.376236;62376.236;0.833457;0.666668
interleaved_pod_1k_60sec_50ms;0;1698;62.387211;62387.211;0.767231;0.666668
interleaved_pod_1k_60sec_50ms;0;1699;62.397188;62397.188;0.742854;0.666668
interleaved_pod_1k_60sec_50ms;0;1700;62.449070;62449.070;1.000000;0.666668
interleaved_pod_1k_60sec_50ms;0;1701;62.455556;62455.556;0.928159;0.666668
interleaved_pod_1k_60sec_50ms;0;1702;62.466531;62466.531;0.850242;0.666668
interleaved_pod_1k_60sec_50ms;0;1703;62.475011;62475.011;0.990070;0.666668
interleaved_pod_1k_60sec_50ms;0;1704;62.494467;62494.467;1.000000;0.666668
interleaved_pod_1k_60sec_50ms;0;1705;62.549342;62549.342;1.000000;0.666668
interleaved_pod_1k_60sec_50ms;0;1706;62.555329;62555.329;0.704888;0.666668
interleaved_pod_1k_60sec_50ms;0;1707;62.564308;62564.308;0.858589;0.666668
interleaved_pod_1k_60sec_50ms;0;1708;62.599229;62599.229;1.000000;0.666668
interleaved_pod_1k_60sec_50ms;0;1709;62.649116;62649.116;1.000000;0.666668
interleaved_pod_1k_60sec_50ms;0;1710;62.699002;62699.002;1.000000;0.666668
interleaved_pod_1k_60sec_50ms;0;1711;62.749388;62749.388;1.000000;0.666668
interleaved_pod_1k_60sec_50ms;0;1712;62.799274;62799.274;1.000000;0.666668
interleaved_pod_1k_60sec_50ms;0;1713;62.849161;62849.161;1.000000;0.666668
interleaved_pod_1k_60sec_50ms;0;1714;62.899048;62899.048;1.000000;0.666668
interleaved_pod_1k_60sec_50ms;0;1715;62.949433;62949.433;1.000000;0.666668
interleaved_pod_1k_60sec_50ms;0;1716;62.999320;62999.320;1.000000;0.666668
interleaved_pod_1k_60sec_50ms;0;1717;63.049206;63049.206;1.000000;0.666668
interleaved_pod_1k_60sec_50ms;0;1718;63.099093;63099.093;1.000000;0.666668
interleaved_pod_1k_60sec_50ms;0;1719;63.148980;63148.980;1.000000;0.666668
interleaved_pod_1k_60sec_50ms;0;1720;63.199365;63199.365;1.000000;0.666668
interleaved_pod_1k_60sec_50ms;0;1721;63.249252;63249.252;1.000000;0.666668
interleaved_pod_1k_60sec_50ms;0;1722;63.299138;63299.138;1.000000;0.666668
interleaved_pod_1k_60sec_50ms;0;1723;63.349025;63349.025;1.000000;0.666668
interleaved_pod_1k_60sec_50ms;0;1724;63.399410;63399.410;1.000000;0.666668
interleaved_pod_1k_60sec_50ms;0;1725;63.449297;63449.297;1.000000;0.666668
interleaved_pod_1k_60sec_50ms;0;1726;63.499184;63499.184;1.000000;0.666668
interleaved_pod_1k_60sec_50ms;0;1727;63.549070;63549.070;1.000000;0.666668
interleaved_pod_1k_60sec_50ms;0;1728;63.582993;63582.993;0.688967;0.666668
interleaved_pod_1k_60sec_50ms;0;1729;63.588481;63588.481;0.977402;0.666668
interleaved_pod_1k_60sec_50ms;0;1730;63.596961;63596.961;0.880870;0.666668
interleaved_pod_1k_60sec_50ms;0;1731;63.649342;63649.342;1.000000;0.666668
interleaved_pod_1k_60sec_50ms;0;1732;63.654830;63654.830;0.724310;0.666668
interleaved_pod_1k_60sec_50ms;0;1733;63.665306;63665.306;0.678267;0.666668
interleaved_pod_1k_60sec_50ms;0;1734;63.673288;63673.288;0.834028;0.666668
interleaved_pod_1k_60sec_50ms;0;1735;63.679274;63679.274;0.747192;0.666668
interleaved_pod_1k_60sec_50ms;0;1736;63.699229;63699.229;1.000000;0.666668
interleaved_pod_1k_60sec_50ms;0;1737;63.749116;63749.116;1.000000;0.666668
interleaved_pod_1k_60sec_50ms;0;1738;63.799002;63799.002;1.000000;0.666668
interleaved_pod_1k_60sec_50ms;0;1739;63.849388;63849.388;1.000000;0.666668
interleaved_pod_1k_60sec_50ms;0;1740;63.899274;63899.274;1.000000;0.666668
interleaved_pod_1k_60sec_50ms;0;1741;63.949161;63949.161;1.000000;0.666668
interleaved_pod_1k_60sec_50ms;0;1742;63.964626;63964.626;0.717557;0.666668
interleaved_pod_1k_60sec_50ms;0;1743;63.999048;63999.048;1.000000;0.666668
interleaved_pod_1k_60sec_50ms;0;1744;64.049433;64049.433;1.000000;0.666668
interleaved_pod_1k_60sec_50ms;0;1745;64.099320;64099.320;1.000000;0.666668
interleaved_pod_1k_60sec_50ms;0;1746;64.149206;64149.206;1.000000;0.666668
interleaved_pod_1k_60sec_50ms;0;1747;64.199093;64199.093;1.000000;0.666668
interleaved_pod_1k_60sec_50ms;0;1748;64.248980;64248.980;1.000000;0.666668
interleaved_pod_1k_60sec_50ms;0;1749;64.299365;64299.365;1.000000;0.666668
interleaved_pod_1k_60sec_50ms;0;1750;64.349252;64349.252;1.000000;0.666668
interleaved_pod_1k_60sec_50ms;0;1751;64.366712;64366.712;0.718714;0.666668
interleaved_pod_1k_60sec_50ms;0;1752;64.374195;64374.195;0.763659;0.666668
interleaved_pod_1k_60sec_50ms;0;1753;64.399138;64399.138;1.000000;0.666668
interleaved_pod_1k_60sec_50ms;0;1754;64.449025;64449.025;1.000000;0.666668
interleaved_pod_1k_60sec_50ms;0;1755;64.459501;64459.501;0.812663;0.666668
interleaved_pod_1k_60sec_50ms;0;1756;64.468980;64468.980;0.943526;0.666668
interleaved_pod_1k_60sec_50ms;0;1757;64.477460;64477.460;0.704165;0.666668
interleaved_pod_1k_60sec_50ms;0;1758;64.495420;64495.420;0.851300;0.666668
interleaved_pod_1k_60sec_50ms;0;1759;64.549297;64549.297;1.000000;0.666668
interleaved_pod_1k_60sec_50ms;0;1760;64.555283;64555.283;0.746478;0.666668
interleaved_pod_1k_60sec_50ms;0;1761;64.563265;64563.265;0.763193;0.666668
interleaved_pod_1k_60sec_50ms;0;1762;64.572245;64572.245;0.678086;0.666668
interleaved_pod_1k_60sec_50ms;0;1763;64.581224;64581.224;0.694195;0.666668
interleaved_pod_1k_60sec_50ms;0;1764;64.599184;64599.184;1.000000;0.666668
interleaved_pod_1k_60sec_50ms;0;1765;64.649070;64649.070;1.000000;0.666668
interleaved_pod_1k_60sec_50ms;0;1766;64.658549;64658.549;0.879669;0.666668
interleaved_pod_1k_60sec_50ms;0;1767;64.686984;64686.984;0.899434;0.666668
interleaved_pod_1k_60sec_50ms;0;1768;64.699456;64699.456;1.000000;0.666668
interleaved_pod_1k_60sec_50ms;0;1769;64.749342;64749.342;1.000000;0.666668
interleaved_pod_1k_60sec_50ms;0;1770;64.799229;64799.229;1.000000;0.666668
interleaved_pod_1k_60sec_50ms;0;1771;64.849116;64849.116;1.000000;0.666668
interleaved_pod_1k_60sec_50ms;0;1772;64.899002;64899.002;1.000000;0.666668
interleaved_pod_1k_60sec_50ms;0;1773;64.949388;64949.388;1.000000;0.666668
interleaved_pod_1k_60sec_50ms;0;1774;64.999274;64999.274;1.000000;0.666668
interleaved_pod_1k_60sec_50ms;0;1775;65.049161;65049.161;1.000000;0.666668
interleaved_pod_1k_60sec_50ms;0;1776;65.099048;65099.048;1.000000;0.666668
interleaved_pod_1k_60sec_50ms;0;1777;65.149433;65149.433;1.000000;0.666668
interleaved_pod_1k_60sec_50ms;0;1778;65.199320;65199.320;1.000000;0.666668
interleaved_pod_1k_60sec_50ms;0;1779;65.249206;65249.206;1.000000;0.666668
interleaved_pod_1k_60sec_50ms;0;1780;65.268662;65268.662;0.745716;0.666668
interleaved_pod_1k_60sec_50ms;0;1781;65.299093;65299.093;1.000000;0.666668
interleaved_pod_1k_60sec_50ms;0;1782;65.348980;65348.980;1.000000;0.666668
interleaved_pod_1k_60sec_50ms;0;1783;65.399365;65399.365;1.000000;0.666668
interleaved_pod_1k_60sec_50ms;0;1784;65.449252;65449.252;1.000000;0.666668
interleaved_pod_1k_60sec_50ms;0;1785;65.499138;65499.138;1.000000;0.666668
interleaved_pod_1k_60sec_50ms;0;1786;65.549025;65549.025;1.000000;0.666668
interleaved_pod_1k_60sec_50ms;0;1787;65.563991;65563.991;0.684175;0.666668
interleaved_pod_1k_60sec_50ms;0;1788;65.599410;65599.410;1.000000;0.666668
interleaved_pod_1k_60sec_50ms;0;1789;65.649297;65649.297;1.000000;0.666668
interleaved_pod_1k_60sec_50ms;0;1790;65.699184;65699.184;1.000000;0.666668
interleaved_pod_1k_60sec_50ms;0;1791;65.749070;65749.070;1.000000;0.666668
interleaved_pod_1k_60sec_50ms;0;1792;65.798957;65798.957;1.000000;0.666668
interleaved_pod_1k_60sec_50ms;0;1793;65.849342;65849.342;1.000000;0.666668
interleaved_pod_1k_60sec_50ms;0;1794;65.899229;65899.229;1.000000;0.666668
interleaved_pod_1k_60sec_50ms;0;1795;65.949116;65949.116;1.000000;0.666668
interleaved_pod_1k_60sec_50ms;0;1796;65.999002;65999.002;1.000000;0.666668
interleaved_pod_1k_60sec_50ms;0;1797;66.049388;66049.388;1.000000;0.666668
interleaved_pod_1k_60sec_50ms;0;1798;66.099274;66099.274;1.000000;0.666668
interleaved_pod_1k_60sec_50ms;0;1799;66.149161;66149.161;1.000000;0.666668
interleaved_pod_1k_60sec_50ms;0;1800;66.161134;66161.134;0.824312;0.666668
interleaved_pod_1k_60sec_50ms;0;1801;66.171610;66171.610;1.000000;0.666668
interleaved_pod_1k_60sec_50ms;0;1802;66.180091;66180.091;1.000000;0.666668
interleaved_pod_1k_60sec_50ms;0;1803;66.190567;66190.567;0.715396;0.666668
interleaved_pod_1k_60sec_50ms;0;1804;66.199048;66199.048;1.000000;0.666668
interleaved_pod_1k_60sec_50ms;0;1805;66.249433;66249.433;1.000000;0.666668
interleaved_pod_1k_60sec_50ms;0;1806;66.254921;66254.921;0.683522;0.666668
interleaved_pod_1k_60sec_50ms;0;1807;66.261406;66261.406;0.700434;0.666668
interleaved_pod_1k_60sec_50ms;0;1808;66.269887;66269.887;1.000000;0.666668
interleaved_pod_1k_60sec_50ms;0;1809;66.280862;66280.862;0.987921;0.666668
interleaved_pod_1k_60sec_50ms;0;1810;66.291338;66291.338;0.867779;0.666668
interleaved_pod_1k_60sec_50ms;0;1811;66.299320;66299.320;1.000000;0.666668
interleaved_pod_1k_60sec_50ms;0;1812;66.349206;66349.206;1.000000;0.666668
interleaved_pod_1k_60sec_50ms;0;1813;66.372653;66372.653;0.719784;0.666668
interleaved_pod_1k_60sec_50ms;0;1814;66.383129;66383.129;0.902516;0.666668
interleaved_pod_1k_60sec_50ms;0;1815;66.399093;66399.093;1.000000;0.666668
interleaved_pod_1k_60sec_50ms;0;1816;66.448980;66448.980;1.000000;0.666668
interleaved_pod_1k_60sec_50ms;0;1817;66.463946;66463.946;0.789437;0.666668
interleaved_pod_1k_60sec_50ms;0;1818;66.474422;66474.422;1.000000;0.666668
interleaved_pod_1k_60sec_50ms;0;1819;66.485397;66485.397;0.882016;0.666668
interleaved_pod_1k_60sec_50ms;0;1820;66.494875;66494.875;0.802202;0.666668
interleaved_pod_1k_60sec_50ms;0;1821;66.549252;66549.252;1.000000;0.666668
interleaved_pod_1k_60sec_50ms;0;1822;66.599138;66599.138;1.000000;0.666668
interleaved_pod_1k_60sec_50ms;0;1823;66.649025;66649.025;1.000000;0.666668
interleaved_pod_1k_60sec_50ms;0;1824;66.699410;66699.410;1.000000;0.666668
interleaved_pod_1k_60sec_50ms;0;1825;66.749297;66749.297;1.000000;0.666668
interleaved_pod_1k_60sec_50ms;0;1826;66.799184;66799.184;1.000000;0.666668
interleaved_pod_1k_60sec_50ms;0;1827;66.849070;66849.070;1.000000;0.666668
interleaved_pod_1k_60sec_50ms;0;1828;66.898957;66898.957;1.000000;0.666668
interleaved_pod_1k_60sec_50ms;0;1829;66.949342;66949.342;1.000000;0.666668
interleaved_pod_1k_60sec_50ms;0;1830;66.999229;66999.229;1.000000;0.666668
interleaved_pod_1k_60sec_50ms;0;1831;67.049116;67049.116;1.000000;0.666668
interleaved_pod_1k_60sec_50ms;0;1832;67.099002;67099.002;1.000000;0.666668
interleaved_pod_1k_60sec_50ms;0;1833;67.149388;67149.388;1.000000;0.666668
interleaved_pod_1k_60sec_50ms;0;1834;67.199274;67199.274;1.000000;0.666668
interleaved_pod_1k_60sec_50ms;0;1835;67.249161;67249.161;1.000000;0.666668
interleaved_pod_1k_60sec_50ms;0;1836;67.299048;67299.048;1.000000;0.666668
interleaved_pod_1k_60sec_50ms;0;1837;67.349433;67349.433;1.000000;0.666668
interleaved_pod_1k_60sec_50ms;0;1838;67.399320;67399.320;1.000000;0.666668
interleaved_pod_1k_60sec_50ms;0;1839;67.449206;67449.206;1.000000;0.666668
interleaved_pod_1k_60sec_50ms;0;1840;67.499093;67499.093;1.000000;0.666668
interleaved_pod_1k_60sec_50ms;0;1841;67.548980;67548.980;1.000000;0.666668
interleaved_pod_1k_60sec_50ms;0;1842;67.560454;67560.454;0.726071;0.666668
interleaved_pod_1k_60sec_50ms;0;1843;67.571927;67571.927;0.684402;0.666668
interleaved_pod_1k_60sec_50ms;0;1844;67.599365;67599.365;1.000000;0.666668
interleaved_pod_1k_60sec_50ms;0;1845;67.649252;67649.252;1.000000;0.666668
interleaved_pod_1k_60sec_50ms;0;1846;67.699138;67699.138;1.000000;0.666668
interleaved_pod_1k_60sec_50ms;0;1847;67.749025;67749.025;1.000000;0.666668
interleaved_pod_1k_60sec_50ms;0;1848;67.799410;67799.410;1.000000;0.666668
interleaved_pod_1k_60sec_50ms;0;1849;67.849297;67849.297;1.000000;0.666668
interleaved_pod_1k_60sec_50ms;0;1850;67.899184;67899.184;1.000000;0.666668
interleaved_pod_1k_60sec_50ms;0;1851;67.949070;67949.070;1.000000;0.666668
interleaved_pod_1k_60sec_50ms;0;1852;67.998957;67998.957;1.000000;0.666668
interleaved_pod_1k_60sec_50ms;0;1853;68.049342;68049.342;1.000000;0.666668
interleaved_pod_1k_60sec_50ms;0;1854;68.099229;68099.229;1.000000;0.666668
interleaved_pod_1k_60sec_50ms;0;1855;68.149116;68149.116;1.000000;0.666668
interleaved_pod_1k_60sec_50ms;0;1856;68.199002;68199.002;1.000000;0.666668
interleaved_pod_1k_60sec_50ms;0;1857;68.249388;68249.388;1.000000;0.666668
interleaved_pod_1k_60sec_50ms;0;1858;68.299274;68299.274;1.000000;0.666668
interleaved_pod_1k_60sec_50ms;0;1859;68.349161;68349.161;1.000000;0.666668
interleaved_pod_1k_60sec_50ms;0;1860;68.399048;68399.048;1.000000;0.666668
interleaved_pod_1k_60sec_50ms;0;1861;68.449433;68449.433;1.000000;0.666668
interleaved_pod_1k_60sec_50ms;0;1862;68.499320;68499.320;1.000000;0.666668
interleaved_pod_1k_60sec_50ms;0;1863;68.549206;68549.206;1.000000;0.666668
interleaved_pod_1k_60sec_50ms;0;1864;68.591610;68591.610;0.768815;0.666668
interleaved_pod_1k_60sec_50ms;0;1865;68.599093;68599.093;1.000000;0.666668
interleaved_pod_1k_60sec_50ms;0;1866;68.649478;68649.478;1.000000;0.666668
interleaved_pod_1k_60sec_50ms;0;1867;68.657959;68657.959;1.000000;0.666668
interleaved_pod_1k_60sec_50ms;0;1868;68.666440;68666.440;0.782309;0.666668
interleaved_pod_1k_60sec_50ms;0;1869;68.674921;68674.921;0.895181;0.666668
interleaved_pod_1k_60sec_50ms;0;1870;68.683401;68683.401;0.973512;0.666668
interleaved_pod_1k_60sec_50ms;0;1871;68.691882;68691.882;0.880729;0.666668
interleaved_pod_1k_60sec_50ms;0;1872;68.699365;68699.365;1.000000;0.666668
interleaved_pod_1k_60sec_50ms;0;1873;68.749252;68749.252;1.000000;0.666668
interleaved_pod_1k_60sec_50ms;0;1874;68.758730;68758.730;0.788238;0.666668
interleaved_pod_1k_60sec_50ms;0;1875;68.767710;68767.710;0.904853;0.666668
interleaved_pod_1k_60sec_50ms;0;1876;68.776190;68776.190;1.000000;0.666668
interleaved_pod_1k_60sec_50ms;0;1877;68.784671;68784.671;0.927676;0.666668
interleaved_pod_1k_60sec_50ms;0;1878;68.793152;68793.152;1.000000;0.666668
interleaved_pod_1k_60sec_50ms;0;1879;68.799138;68799.138;1.000000;0.666668
interleaved_pod_1k_60sec_50ms;0;1880;68.849025;68849.025;1.000000;0.666668
interleaved_pod_1k_60sec_50ms;0;1881;68.869977;68869.977;0.688124;0.666668
interleaved_pod_1k_60sec_50ms;0;1882;68.899410;68899.410;1.000000;0.666668
interleaved_pod_1k_60sec_50ms;0;1883;68.949297;68949.297;1.000000;0.666668
interleaved_pod_1k_60sec_50ms;0;1884;68.999184;68999.184;1.000000;0.666668
interleaved_pod_1k_60sec_50ms;0;1885;69.049070;69049.070;1.000000;0.666668
interleaved_pod_1k_60sec_50ms;0;1886;69.098957;69098.957;1.000000;0.666668
interleaved_pod_1k_60sec_50ms;0;1887;69.149342;69149.342;1.000000;0.666668
interleaved_pod_1k_60sec_50ms;0;1888;69.199229;69199.229;1.000000;0.666668
interleaved_pod_1k_60sec_50ms;0;1889;69.249116;69249.116;1.000000;0.666668
interleaved_pod_1k_60sec_50ms;0;1890;69.299002;69299.002;1.000000;0.666668
interleaved_pod_1k_60sec_50ms;0;1891;69.349388;69349.388;1.000000;0.666668
interleaved_pod_1k_60sec_50ms;0;1892;69.365351;69365.351;0.781226;0.666668
interleaved_pod_1k_60sec_50ms;0;1893;69.372336;69372.336;0.776612;0.666668
interleaved_pod_1k_60sec_50ms;0;1894;69.381315;69381.315;1.000000;0.666668
interleaved_pod_1k_60sec_50ms;0;1895;69.389796;69389.796;0.772141;0.666668
interleaved_pod_1k_60sec_50ms;0;1896;69.399274;69399.274;1.000000;0.666668
interleaved_pod_1k_60sec_50ms;0;1897;69.449161;69449.161;1.000000;0.666668
interleaved_pod_1k_60sec_50ms;0;1898;69.458639;69458.639;1.000000;0.666668
interleaved_pod_1k_60sec_50ms;0;1899;69.464127;69464.127;0.691271;0.666668
interleaved_pod_1k_60sec_50ms;0;1900;69.479093;69479.093;0.688312;0.666668
interleaved_pod_1k_60sec_50ms;0;1901;69.487075;69487.075;0.669543;0.666668
interleaved_pod_1k_60sec_50ms;0;1902;69.496553;69496.553;0.932233;0.666668
interleaved_pod_1k_60sec_50ms;0;1903;69.549433;69549.433;1.000000;0.666668
interleaved_pod_1k_60sec_50ms;0;1904;69.565896;69565.896;1.000000;0.666668
interleaved_pod_1k_60sec_50ms;0;1905;69.599320;69599.320;1.000000;0.666668
interleaved_pod_1k_60sec_50ms;0;1906;69.649206;69649.206;1.000000;0.666668
interleaved_pod_1k_60sec_50ms;0;1907;69.699093;69699.093;1.000000;0.666668
interleaved_pod_1k_60sec_50ms;0;1908;69.748980;69748.980;1.000000;0.666668
interleaved_pod_1k_60sec_50ms;0;1909;69.769433;69769.433;0.718711;0.666668
interleaved_pod_1k_60sec_50ms;0;1910;69.780408;69780.408;0.686833;0.666668
interleaved_pod_1k_60sec_50ms;0;1911;69.799365;69799.365;1.000000;0.666668
interleaved_pod_1k_60sec_50ms;0;1912;69.849252;69849.252;1.000000;0.666668
interleaved_pod_1k_60sec_50ms;0;1913;69.899138;69899.138;1.000000;0.666668
interleaved_pod_1k_60sec_50ms;0;1914;69.949025;69949.025;1.000000;0.666668
interleaved_pod_1k_60sec_50ms;0;1915;69.999410;69999.410;1.000000;0.666668
interleaved_pod_1k_60sec_50ms;0;1916;70.049297;70049.297;1.000000;0.666668
interleaved_pod_1k_60sec_50ms;0;1917;70.099184;70099.184;1.000000;0.666668
interleaved_pod_1k_60sec_50ms;0;1918;70.149070;70149.070;1.000000;0.666668
interleaved_pod_1k_60sec_50ms;0;1919;70.198957;70198.957;1.000000;0.666668
interleaved_pod_1k_60sec_50ms;0;1920;70.249342;70249.342;1.000000;0.666668
interleaved_pod_1k_60sec_50ms;0;1921;70.265805;70265.805;0.675435;0.666668
interleaved_pod_1k_60sec_50ms;0;1922;70.275283;70275.283;1.000000;0.666668
interleaved_pod_1k_60sec_50ms;0;1923;70.283265;70283.265;0.838665;0.666668
interleaved_pod_1k_60sec_50ms;0;1924;70.292245;70292.245;1.000000;0.666668
interleaved_pod_1k_60sec_50ms;0;1925;70.299229;70299.229;1.000000;0.666668
interleaved_pod_1k_60sec_50ms;0;1926;70.349116;70349.116;1.000000;0.666668
interleaved_pod_1k_60sec_50ms;0;1927;70.360091;70360.091;0.836131;0.666668
interleaved_pod_1k_60sec_50ms;0;1928;70.368571;70368.571;0.867435;0.666668
interleaved_pod_1k_60sec_50ms;0;1929;70.377052;70377.052;0.989297;0.666668
interleaved_pod_1k_60sec_50ms;0;1930;70.385034;70385.034;0.929541;0.666668
interleaved_pod_1k_60sec_50ms;0;1931;70.393016;70393.016;1.000000;0.666668
interleaved_pod_1k_60sec_50ms;0;1932;70.399002;70399.002;1.000000;0.666668
interleaved_pod_1k_60sec_50ms;0;1933;70.449388;70449.388;1.000000;0.666668
interleaved_pod_1k_60sec_50ms;0;1934;70.458866;70458.866;0.945085;0.666668
interleaved_pod_1k_60sec_50ms;0;1935;70.466848;70466.848;0.931112;0.666668
interleaved_pod_1k_60sec_50ms;0;1936;70.474830;70474.830;0.814795;0.666668
interleaved_pod_1k_60sec_50ms;0;1937;70.483311;70483.311;0.829561;0.666668
interleaved_pod_1k_60sec_50ms;0;1938;70.499274;70499.274;1.000000;0.666668
interleaved_pod_1k_60sec_50ms;0;1939;70.549161;70549.161;1.000000;0.666668
interleaved_pod_1k_60sec_50ms;0;1940;70.599048;70599.048;1.000000;0.666668
interleaved_pod_1k_60sec_50ms;0;1941;70.649433;70649.433;1.000000;0.666668
interleaved_pod_1k_60sec_50ms;0;1942;70.699320;70699.320;1.000000;0.666668
interleaved_pod_1k_60sec_50ms;0;1943;70.749206;70749.206;1.000000;0.666668
interleaved_pod_1k_60sec_50ms;0;1944;70.799093;70799.093;1.000000;0.666668
interleaved_pod_1k_60sec_50ms;0;1945;70.848980;70848.980;1.000000;0.666668
interleaved_pod_1k_60sec_50ms;0;1946;70.899365;70899.365;1.000000;0.666668
interleaved_pod_1k_60sec_50ms;0;1947;70.949252;70949.252;1.000000;0.666668
interleaved_pod_1k_60sec_50ms;0;1948;70.999138;70999.138;1.000000;0.666668
interleaved_pod_1k_60sec_50ms;0;1949;71.049025;71049.025;1.000000;0.666668
interleaved_pod_1k_60sec_50ms;0;1950;71.099410;71099.410;1.000000;0.666668
interleaved_pod_1k_60sec_50ms;0;1951;71.149297;71149.297;1.000000;0.666668
interleaved_pod_1k_60sec_50ms;0;1952;71.199184;71199.184;1.000000;0.666668
interleaved_pod_1k_60sec_50ms;0;1953;71.249070;71249.070;1.000000;0.666668
interleaved_pod_1k_60sec_50ms;0;1954;71.298957;71298.957;1.000000;0.666668
interleaved_pod_1k_60sec_50ms;0;1955;71.349342;71349.342;1.000000;0.666668
interleaved_pod_1k_60sec_50ms;0;1956;71.399229;71399.229;1.000000;0.666668
interleaved_pod_1k_60sec_50ms;0;1957;71.449116;71449.116;1.000000;0.666668
interleaved_pod_1k_60sec_50ms;0;1958;71.499002;71499.002;1.000000;0.666668
interleaved_pod_1k_60sec_50ms;0;1959;71.549388;71549.388;1.000000;0.666668
interleaved_pod_1k_60sec_50ms;0;1960;71.599274;71599.274;1.000000;0.666668
interleaved_pod_1k_60sec_50ms;0;1961;71.649161;71649.161;1.000000;0.666668
interleaved_pod_1k_60sec_50ms;0;1962;71.699048;71699.048;1.000000;0.666668
interleaved_pod_1k_60sec_50ms;0;1963;71.749433;71749.433;1.000000;0.666668
interleaved_pod_1k_60sec_50ms;0;1964;71.799320;71799.320;1.000000;0.666668
interleaved_pod_1k_60sec_50ms;0;1965;71.849206;71849.206;1.000000;0.666668
interleaved_pod_1k_60sec_50ms;0;1966;71.899093;71899.093;1.000000;0.666668
interleaved_pod_1k_60sec_50ms;0;1967;71.948980;71948.980;1.000000;0.666668
interleaved_pod_1k_60sec_50ms;0;1968;71.999365;71999.365;1.000000;0.666668
interleaved_pod_1k_60sec_50ms;0;1969;72.049252;72049.252;1.000000;0.666668
interleaved_pod_1k_60sec_50ms;0;1970;72.099138;72099.138;1.000000;0.666668
interleaved_pod_1k_60sec_50ms;0;1971;72.149025;72149.025;1.000000;0.666668
interleaved_pod_1k_60sec_50ms;0;1972;72.199410;72199.410;1.000000;0.666668
interleaved_pod_1k_60sec_50ms;0;1973;72.249297;72249.297;1.000000;0.666668
interleaved_pod_1k_60sec_50ms;0;1974;72.299184;72299.184;1.000000;0.666668
interleaved_pod_1k_60sec_50ms;0;1975;72.349070;72349.070;1.000000;0.666668
interleaved_pod_1k_60sec_50ms;0;1976;72.370023;72370.023;0.751115;0.666668
interleaved_pod_1k_60sec_50ms;0;1977;72.378503;72378.503;0.864899;0.666668
interleaved_pod_1k_60sec_50ms;0;1978;72.386984;72386.984;0.870347;0.666668
interleaved_pod_1k_60sec_50ms;0;1979;72.395465;72395.465;0.879748;0.666668
interleaved_pod_1k_60sec_50ms;0;1980;72.449342;72449.342;1.000000;0.666668
interleaved_pod_1k_60sec_50ms;0;1981;72.462313;72462.313;0.683071;0.666668
interleaved_pod_1k_60sec_50ms;0;1982;72.470794;72470.794;0.711753;0.666668
interleaved_pod_1k_60sec_50ms;0;1983;72.478776;72478.776;0.932412;0.666668
interleaved_pod_1k_60sec_50ms;0;1984;72.487256;72487.256;0.803965;0.666668
interleaved_pod_1k_60sec_50ms;0;1985;72.495737;72495.737;0.778605;0.666668
interleaved_pod_1k_60sec_50ms;0;1986;72.549116;72549.116;1.000000;0.666668
interleaved_pod_1k_60sec_50ms;0;1987;72.562585;72562.585;0.872414;0.666668
interleaved_pod_1k_60sec_50ms;0;1988;72.570567;72570.567;0.924210;0.666668
interleaved_pod_1k_60sec_50ms;0;1989;72.579048;72579.048;0.779479;0.666668
interleaved_pod_1k_60sec_50ms;0;1990;72.587029;72587.029;0.807950;0.666668
interleaved_pod_1k_60sec_50ms;0;1991;72.595510;72595.510;0.898092;0.666668
interleaved_pod_1k_60sec_50ms;0;1992;72.649388;72649.388;1.000000;0.666668
interleaved_pod_1k_60sec_50ms;0;1993;72.670340;72670.340;1.000000;0.666668
interleaved_pod_1k_60sec_50ms;0;1994;72.699274;72699.274;1.000000;0.666668
interleaved_pod_1k_60sec_50ms;0;1995;72.749161;72749.161;1.000000;0.666668
interleaved_pod_1k_60sec_50ms;0;1996;72.799048;72799.048;1.000000;0.666668
interleaved_pod_1k_60sec_50ms;0;1997;72.849433;72849.433;1.000000;0.666668
interleaved_pod_1k_60sec_50ms;0;1998;72.899320;72899.320;1.000000;0.666668
interleaved_pod_1k_60sec_50ms;0;1999;72.949206;72949.206;1.000000;0.666668
interleaved_pod_1k_60sec_50ms;0;2000;72.972154;72972.154;0.790578;0.666668
interleaved_pod_1k_60sec_50ms;0;2001;72.991610;72991.610;0.684542;0.666668
interleaved_pod_1k_60sec_50ms;0;2002;72.999093;72999.093;1.000000;0.666668
interleaved_pod_1k_60sec_50ms;0;2003;73.048980;73048.980;1.000000;0.666668
interleaved_pod_1k_60sec_50ms;0;2004;73.099365;73099.365;1.000000;0.666668
interleaved_pod_1k_60sec_50ms;0;2005;73.149252;73149.252;1.000000;0.666668
interleaved_pod_1k_60sec_50ms;0;2006;73.179683;73179.683;0.740085;0.666668
interleaved_pod_1k_60sec_50ms;0;2007;73.189161;73189.161;0.795922;0.666668
interleaved_pod_1k_60sec_50ms;0;2008;73.198639;73198.639;1.000000;0.666668
interleaved_pod_1k_60sec_50ms;0;2009;73.249025;73249.025;1.000000;0.666668
interleaved_pod_1k_60sec_50ms;0;2010;73.277460;73277.460;0.783069;0.666668
interleaved_pod_1k_60sec_50ms;0;2011;73.299410;73299.410;1.000000;0.666668
interleaved_pod_1k_60sec_50ms;0;2012;73.349297;73349.297;1.000000;0.666668
interleaved_pod_1k_60sec_50ms;0;2013;73.399184;73399.184;1.000000;0.666668
interleaved_pod_1k_60sec_50ms;0;2014;73.449070;73449.070;1.000000;0.666668
interleaved_pod_1k_60sec_50ms;0;2015;73.486485;73486.485;0.716333;0.666668
interleaved_pod_1k_60sec_50ms;0;2016;73.496961;73496.961;0.723285;0.666668
interleaved_pod_1k_60sec_50ms;0;2017;73.549342;73549.342;1.000000;0.666668
interleaved_pod_1k_60sec_50ms;0;2018;73.557324;73557.324;0.711172;0.666668
interleaved_pod_1k_60sec_50ms;0;2019;73.588753;73588.753;0.722346;0.666668
interleaved_pod_1k_60sec_50ms;0;2020;73.599229;73599.229;1.000000;0.666668
interleaved_pod_1k_60sec_50ms;0;2021;73.649116;73649.116;1.000000;0.666668
interleaved_pod_1k_60sec_50ms;0;2022;73.699002;73699.002;1.000000;0.666668
interleaved_pod_1k_60sec_50ms;0;2023;73.749388;73749.388;1.000000;0.666668
interleaved_pod_1k_60sec_50ms;0;2024;73.799274;73799.274;1.000000;0.666668
interleaved_pod_1k_60sec_50ms;0;2025;73.849161;73849.161;1.000000;0.666668
interleaved_pod_1k_60sec_50ms;0;2026;73.899048;73899.048;1.000000;0.666668
interleaved_pod_1k_60sec_50ms;0;2027;73.949433;73949.433;1.000000;0.666668
interleaved_pod_1k_60sec_50ms;0;2028;73.999320;73999.320;1.000000;0.666668
interleaved_pod_1k_60sec_50ms;0;2029;74.049206;74049.206;1.000000;0.666668
interleaved_pod_1k_60sec_50ms;0;2030;74.099093;74099.093;1.000000;0.666668
interleaved_pod_1k_60sec_50ms;0;2031;74.148980;74148.980;1.000000;0.666668
interleaved_pod_1k_60sec_50ms;0;2032;74.199365;74199.365;1.000000;0.666668
interleaved_pod_1k_60sec_50ms;0;2033;74.249252;74249.252;1.000000;0.666668
interleaved_pod_1k_60sec_50ms;0;2034;74.299138;74299.138;1.000000;0.666668
interleaved_pod_1k_60sec_50ms;0;2035;74.349025;74349.025;1.000000;0.666668
interleaved_pod_1k_60sec_50ms;0;2036;74.399410;74399.410;1.000000;0.666668
interleaved_pod_1k_60sec_50ms;0;2037;74.449297;74449.297;1.000000;0.666668
interleaved_pod_1k_60sec_50ms;0;2038;74.499184;74499.184;1.000000;0.666668
interleaved_pod_1k_60sec_50ms;0;2039;74.549070;74549.070;1.000000;0.666668
interleaved_pod_1k_60sec_50ms;0;2040;74.598957;74598.957;1.000000;0.666668
interleaved_pod_1k_60sec_50ms;0;2041;74.649342;74649.342;1.000000;0.666668
interleaved_pod_1k_60sec_50ms;0;2042;74.699229;74699.229;1.000000;0.666668
interleaved_pod_1k_60sec_50ms;0;2043;74.749116;74749.116;1.000000;0.666668
interleaved_pod_1k_60sec_50ms;0;2044;74.799002;74799.002;1.000000;0.666668
interleaved_pod_1k_60sec_50ms;0;2045;74.849388;74849.388;1.000000;0.666668
interleaved_pod_1k_60sec_50ms;0;2046;74.899274;74899.274;1.000000;0.666668
interleaved_pod_1k_60sec_50ms;0;2047;74.949161;74949.161;1.000000;0.666668
interleaved_pod_1k_60sec_50ms;0;2048;74.999048;74999.048;1.000000;0.666668
interleaved_pod_1k_60sec_50ms;0;2049;75.049433;75049.433;1.000000;0.666668
interleaved_pod_1k_60sec_50ms;0;2050;75.099320;75099.320;1.000000;0.666668
interleaved_pod_1k_60sec_50ms;0;2051;75.149206;75149.206;1.000000;0.666668
interleaved_pod_1k_60sec_50ms;0;2052;75.199093;75199.093;1.000000;0.666668
interleaved_pod_1k_60sec_50ms;0;2053;75.248980;75248.980;1.000000;0.666668
interleaved_pod_1k_60sec_50ms;0;2054;75.299365;75299.365;1.000000;0.666668
interleaved_pod_1k_60sec_50ms;0;2055;75.349252;75349.252;1.000000;0.666668
interleaved_pod_1k_60sec_50ms;0;2056;75.399138;75399.138;1.000000;0.666668
interleaved_pod_1k_60sec_50ms;0;2057;75.449025;75449.025;1.000000;0.666668
interleaved_pod_1k_60sec_50ms;0;2058;75.499410;75499.410;1.000000;0.666668
interleaved_pod_1k_60sec_50ms;0;2059;75.549297;75549.297;1.000000;0.666668
interleaved_pod_1k_60sec_50ms;0;2060;75.599184;75599.184;1.000000;0.666668
interleaved_pod_1k_60sec_50ms;0;2061;75.649070;75649.070;1.000000;0.666668
interleaved_pod_1k_60sec_50ms;0;2062;75.698957;75698.957;1.000000;0.666668
interleaved_pod_1k_60sec_50ms;0;2063;75.749342;75749.342;1.000000;0.666668
interleaved_pod_1k_60sec_50ms;0;2064;75.799229;75799.229;1.000000;0.666668
interleaved_pod_1k_60sec_50ms;0;2065;75.849116;75849.116;1.000000;0.666668
interleaved_pod_1k_60sec_50ms;0;2066;75.899002;75899.002;1.000000;0.666668
interleaved_pod_1k_60sec_50ms;0;2067;75.949388;75949.388;1.000000;0.666668
interleaved_pod_1k_60sec_50ms;0;2068;75.999274;75999.274;1.000000;0.666668
interleaved_pod_1k_60sec_50ms;0;2069;76.049161;76049.161;1.000000;0.666668
interleaved_pod_1k_60sec_50ms;0;2070;76.099048;76099.048;1.000000;0.666668
interleaved_pod_1k_60sec_50ms;0;2071;76.149433;76149.433;1.000000;0.666668
interleaved_pod_1k_60sec_50ms;0;2072;76.199320;76199.320;1.000000;0.666668
interleaved_pod_1k_60sec_50ms;0;2073;76.249206;76249.206;1.000000;0.666668
interleaved_pod_1k_60sec_50ms;0;2074;76.299093;76299.093;1.000000;0.666668
interleaved_pod_1k_60sec_50ms;0;2075;76.348980;76348.980;1.000000;0.666668
interleaved_pod_1k_60sec_50ms;0;2076;76.399365;76399.365;1.000000;0.666668
interleaved_pod_1k_60sec_50ms;0;2077;76.449252;76449.252;1.000000;0.666668
interleaved_pod_1k_60sec_50ms;0;2078;76.499138;76499.138;1.000000;0.666668
interleaved_pod_1k_60sec_50ms;0;2079;76.549025;76549.025;1.000000;0.666668
interleaved_pod_1k_60sec_50ms;0;2080;76.599410;76599.410;1.000000;0.666668
interleaved_pod_1k_60sec_50ms;0;2081;76.649297;76649.297;1.000000;0.666668
interleaved_pod_1k_60sec_50ms;0;2082;76.699184;76699.184;1.000000;0.666668
interleaved_pod_1k_60sec_50ms;0;2083;76.749070;76749.070;1.000000;0.666668
interleaved_pod_1k_60sec_50ms;0;2084;76.799456;76799.456;1.000000;0.666668
interleaved_pod_1k_60sec_50ms;0;2085;76.849342;76849.342;1.000000;0.666668
interleaved_pod_1k_60sec_50ms;0;2086;76.899229;76899.229;1.000000;0.666668
interleaved_pod_1k_60sec_50ms;0;2087;76.949116;76949.116;1.000000;0.666668
interleaved_pod_1k_60sec_50ms;0;2088;76.999002;76999.002;1.000000;0.666668
interleaved_pod_1k_60sec_50ms;0;2089;77.049388;77049.388;1.000000;0.666668
interleaved_pod_1k_60sec_50ms;0;2090;77.099274;77099.274;1.000000;0.666668
interleaved_pod_1k_60sec_50ms;0;2091;77.149161;77149.161;1.000000;0.666668
interleaved_pod_1k_60sec_50ms;0;2092;77.199048;77199.048;1.000000;0.666668
interleaved_pod_1k_60sec_50ms;0;2093;77.249433;77249.433;1.000000;0.666668
interleaved_pod_1k_60sec_50ms;0;2094;77.299320;77299.320;1.000000;0.666668
interleaved_pod_1k_60sec_50ms;0;2095;77.349206;77349.206;1.000000;0.666668
interleaved_pod_1k_60sec_50ms;0;2096;77.399093;77399.093;1.000000;0.666668
interleaved_pod_1k_60sec_50ms;0;2097;77.448980;77448.980;1.000000;0.666668
interleaved_pod_1k_60sec_50ms;0;2098;77.499365;77499.365;1.000000;0.666668
interleaved_pod_1k_60sec_50ms;0;2099;77.549252;77549.252;1.000000;0.666668
interleaved_pod_1k_60sec_50ms;0;2100;77.599138;77599.138;1.000000;0.666668
interleaved_pod_1k_60sec_50ms;0;2101;77.649025;77649.025;1.000000;0.666668
interleaved_pod_1k_60sec_50ms;0;2102;77.699410;77699.410;1.000000;0.666668
interleaved_pod_1k_60sec_50ms;0;2103;77.749297;77749.297;1.000000;0.666668
interleaved_pod_1k_60sec_50ms;0;2104;77.799184;77799.184;1.000000;0.666668
interleaved_pod_1k_60sec_50ms;0;2105;77.849070;77849.070;1.000000;0.666668
interleaved_pod_1k_60sec_50ms;0;2106;77.898957;77898.957;1.000000;0.666668
interleaved_pod_1k_60sec_50ms;0;2107;77.949342;77949.342;1.000000;0.666668
interleaved_pod_1k_60sec_50ms;0;2108;77.999229;77999.229;1.000000;0.666668
interleaved_pod_1k_60sec_50ms;0;2109;78.049116;78049.116;1.000000;0.666668
interleaved_pod_1k_60sec_50ms;0;2110;78.099002;78099.002;1.000000;0.666668
interleaved_pod_1k_60sec_50ms;0;2111;78.149388;78149.388;1.000000;0.666668
interleaved_pod_1k_60sec_50ms;0;2112;78.199274;78199.274;1.000000;0.666668
interleaved_pod_1k_60sec_50ms;0;2113;78.249161;78249.161;1.000000;0.666668
interleaved_pod_1k_60sec_50ms;0;2114;78.299048;78299.048;1.000000;0.666668
interleaved_pod_1k_60sec_50ms;0;2115;78.349433;78349.433;1.000000;0.666668
interleaved_pod_1k_60sec_50ms;0;2116;78.399320;78399.320;1.000000;0.666668
interleaved_pod_1k_60sec_50ms;0;2117;78.449206;78449.206;1.000000;0.666668
interleaved_pod_1k_60sec_50ms;0;2118;78.495601;78495.601;1.000000;0.666668
interleaved_pod_1k_60sec_50ms;0;2119;78.548980;78548.980;1.000000;0.666668
interleaved_pod_1k_60sec_50ms;0;2120;78.554966;78554.966;0.730790;0.666668
interleaved_pod_1k_60sec_50ms;0;2121;78.561950;78561.950;1.000000;0.666668
interleaved_pod_1k_60sec_50ms;0;2122;78.567438;78567.438;0.767765;0.666668
interleaved_pod_1k_60sec_50ms;0;2123;78.581406;78581.406;0.971342;0.666668
interleaved_pod_1k_60sec_50ms;0;2124;78.599365;78599.365;1.000000;0.666668
interleaved_pod_1k_60sec_50ms;0;2125;78.649252;78649.252;1.000000;0.666668
interleaved_pod_1k_60sec_50ms;0;2126;78.690658;78690.658;0.725642;0.666668
interleaved_pod_1k_60sec_50ms;0;2127;78.699138;78699.138;1.000000;0.666668
interleaved_pod_1k_60sec_50ms;0;2128;78.749025;78749.025;1.000000;0.666668
interleaved_pod_1k_60sec_50ms;0;2129;78.771474;78771.474;0.982928;0.666668
interleaved_pod_1k_60sec_50ms;0;2130;78.799410;78799.410;1.000000;0.666668
interleaved_pod_1k_60sec_50ms;0;2131;78.849297;78849.297;1.000000;0.666668
interleaved_pod_1k_60sec_50ms;0;2132;78.866259;78866.259;0.981065;0.666668
interleaved_pod_1k_60sec_50ms;0;2133;78.878231;78878.231;0.683513;0.666668
interleaved_pod_1k_60sec_50ms;0;2134;78.899184;78899.184;1.000000;0.666668
interleaved_pod_1k_60sec_50ms;0;2135;78.949070;78949.070;1.000000;0.666668
interleaved_pod_1k_60sec_50ms;0;2136;78.998957;78998.957;1.000000;0.666668
interleaved_pod_1k_60sec_50ms;0;2137;79.049342;79049.342;1.000000;0.666668
interleaved_pod_1k_60sec_50ms;0;2138;79.099229;79099.229;1.000000;0.666668
interleaved_pod_1k_60sec_50ms;0;2139;79.149116;79149.116;1.000000;0.666668
interleaved_pod_1k_60sec_50ms;0;2140;79.157596;79157.596;0.746308;0.666668
interleaved_pod_1k_60sec_50ms;0;2141;79.171066;79171.066;0.724227;0.666668
interleaved_pod_1k_60sec_50ms;0;2142;79.184535;79184.535;0.770392;0.666668
interleaved_pod_1k_60sec_50ms;0;2143;79.196508;79196.508;0.798583;0.666668
interleaved_pod_1k_60sec_50ms;0;2144;79.249388;79249.388;1.000000;0.666668
interleaved_pod_1k_60sec_50ms;0;2145;79.259864;79259.864;0.696040;0.666668
interleaved_pod_1k_60sec_50ms;0;2146;79.272834;79272.834;0.846549;0.666668
interleaved_pod_1k_60sec_50ms;0;2147;79.285805;79285.805;0.732397;0.666668
interleaved_pod_1k_60sec_50ms;0;2148;79.299274;79299.274;1.000000;0.666668
interleaved_pod_1k_60sec_50ms;0;2149;79.349161;79349.161;1.000000;0.666668
interleaved_pod_1k_60sec_50ms;0;2150;79.362132;79362.132;0.683812;0.666668
interleaved_pod_1k_60sec_50ms;0;2151;79.390068;79390.068;0.730443;0.666668
interleaved_pod_1k_60sec_50ms;0;2152;79.399048;79399.048;1.000000;0.666668
interleaved_pod_1k_60sec_50ms;0;2153;79.449433;79449.433;1.000000;0.666668
interleaved_pod_1k_60sec_50ms;0;2154;79.464399;79464.399;0.805838;0.666668
interleaved_pod_1k_60sec_50ms;0;2155;79.477370;79477.370;0.730347;0.666668
interleaved_pod_1k_60sec_50ms;0;2156;79.490340;79490.340;0.806029;0.666668
interleaved_pod_1k_60sec_50ms;0;2157;79.499320;79499.320;1.000000;0.666668
interleaved_pod_1k_60sec_50ms;0;2158;79.549206;79549.206;1.000000;0.666668
interleaved_pod_1k_60sec_50ms;0;2159;79.565669;79565.669;0.693223;0.666668
interleaved_pod_1k_60sec_50ms;0;2160;79.599093;79599.093;1.000000;0.666668
interleaved_pod_1k_60sec_50ms;0;2161;79.648980;79648.980;1.000000;0.666668
interleaved_pod_1k_60sec_50ms;0;2162;79.699365;79699.365;1.000000;0.666668
interleaved_pod_1k_60sec_50ms;0;2163;79.749252;79749.252;1.000000;0.666668
interleaved_pod_1k_60sec_50ms;0;2164;79.799138;79799.138;1.000000;0.666668
interleaved_pod_1k_60sec_50ms;0;2165;79.849025;79849.025;1.000000;0.666668
interleaved_pod_1k_60sec_50ms;0;2166;79.899410;79899.410;1.000000;0.666668
interleaved_pod_1k_60sec_50ms;0;2167;79.949297;79949.297;1.000000;0.666668
interleaved_pod_1k_60sec_50ms;0;2168;79.999184;79999.184;1.000000;0.666668
interleaved_pod_1k_60sec_50ms;0;2169;80.049070;80049.070;1.000000;0.666668
interleaved_pod_1k_60sec_50ms;0;2170;80.099456;80099.456;1.000000;0.666668
interleaved_pod_1k_60sec_50ms;0;2171;80.149342;80149.342;1.000000;0.666668
interleaved_pod_1k_60sec_50ms;0;2172;80.199229;80199.229;1.000000;0.666668
interleaved_pod_1k_60sec_50ms;0;2173;80.249116;80249.116;1.000000;0.666668
interleaved_pod_1k_60sec_50ms;0;2174;80.299002;80299.002;1.000000;0.666668
interleaved_pod_1k_60sec_50ms;0;2175;80.349388;80349.388;1.000000;0.666668
interleaved_pod_1k_60sec_50ms;0;2176;80.399274;80399.274;1.000000;0.666668
interleaved_pod_1k_60sec_50ms;0;2177;80.449161;80449.161;1.000000;0.666668
interleaved_pod_1k_60sec_50ms;0;2178;80.499048;80499.048;1.000000;0.666668
interleaved_pod_1k_60sec_50ms;0;2179;80.549433;80549.433;1.000000;0.666668
interleaved_pod_1k_60sec_50ms;0;2180;80.599320;80599.320;1.000000;0.666668
interleaved_pod_1k_60sec_50ms;0;2181;80.649206;80649.206;1.000000;0.666668
interleaved_pod_1k_60sec_50ms;0;2182;80.699093;80699.093;1.000000;0.666668
interleaved_pod_1k_60sec_50ms;0;2183;80.748980;80748.980;1.000000;0.666668
interleaved_pod_1k_60sec_50ms;0;2184;80.799365;80799.365;1.000000;0.666668
interleaved_pod_1k_60sec_50ms;0;2185;80.849252;80849.252;1.000000;0.666668
interleaved_pod_1k_60sec_50ms;0;2186;80.899138;80899.138;1.000000;0.666668
interleaved_pod_1k_60sec_50ms;0;2187;80.949025;80949.025;1.000000;0.666668
interleaved_pod_1k_60sec_50ms;0;2188;80.999410;80999.410;1.000000;0.666668
interleaved_pod_1k_60sec_50ms;0;2189;81.049297;81049.297;1.000000;0.666668
interleaved_pod_1k_60sec_50ms;0;2190;81.099184;81099.184;1.000000;0.666668
interleaved_pod_1k_60sec_50ms;0;2191;81.149070;81149.070;1.000000;0.666668
interleaved_pod_1k_60sec_50ms;0;2192;81.199456;81199.456;1.000000;0.666668
interleaved_pod_1k_60sec_50ms;0;2193;81.249342;81249.342;1.000000;0.666668
interleaved_pod_1k_60sec_50ms;0;2194;81.299229;81299.229;1.000000;0.666668
interleaved_pod_1k_60sec_50ms;0;2195;81.349116;81349.116;1.000000;0.666668
interleaved_pod_1k_60sec_50ms;0;2196;81.399002;81399.002;1.000000;0.666668
interleaved_pod_1k_60sec_50ms;0;2197;81.449388;81449.388;1.000000;0.666668
interleaved_pod_1k_60sec_50ms;0;2198;81.499274;81499.274;1.000000;0.666668
interleaved_pod_1k_60sec_50ms;0;2199;81.549161;81549.161;1.000000;0.666668
interleaved_pod_1k_60sec_50ms;0;2200;81.599048;81599.048;1.000000;0.666668
interleaved_pod_1k_60sec_50ms;0;2201;81.649433;81649.433;1.000000;0.666668
interleaved_pod_1k_60sec_50ms;0;2202;81.699320;81699.320;1.000000;0.666668
interleaved_pod_1k_60sec_50ms;0;2203;81.749206;81749.206;1.000000;0.666668
interleaved_pod_1k_60sec_50ms;0;2204;81.799093;81799.093;1.000000;0.666668
interleaved_pod_1k_60sec_50ms;0;2205;81.848980;81848.980;1.000000;0.666668
interleaved_pod_1k_60sec_50ms;0;2206;81.899365;81899.365;1.000000;0.666668
interleaved_pod_1k_60sec_50ms;0;2207;81.949252;81949.252;1.000000;0.666668
interleaved_pod_1k_60sec_50ms;0;2208;81.999138;81999.138;1.000000;0.666668
interleaved_pod_1k_60sec_50ms;0;2209;82.049025;82049.025;1.000000;0.666668
interleaved_pod_1k_60sec_50ms;0;2210;82.099410;82099.410;1.000000;0.666668
interleaved_pod_1k_60sec_50ms;0;2211;82.149297;82149.297;1.000000;0.666668
interleaved_pod_1k_60sec_50ms;0;2212;82.199184;82199.184;1.000000;0.666668
interleaved_pod_1k_60sec_50ms;0;2213;82.249070;82249.070;1.000000;0.666668
interleaved_pod_1k_60sec_50ms;0;2214;82.298957;82298.957;1.000000;0.666668
interleaved_pod_1k_60sec_50ms;0;2215;82.349342;82349.342;1.000000;0.666668
interleaved_pod_1k_60sec_50ms;0;2216;82.399229;82399.229;1.000000;0.666668
interleaved_pod_1k_60sec_50ms;0;2217;82.449116;82449.116;1.000000;0.666668
interleaved_pod_1k_60sec_50ms;0;2218;82.499002;82499.002;1.000000;0.666668
interleaved_pod_1k_60sec_50ms;0;2219;82.549388;82549.388;1.000000;0.666668
interleaved_pod_1k_60sec_50ms;0;2220;82.599274;82599.274;1.000000;0.666668
interleaved_pod_1k_60sec_50ms;0;2221;82.649161;82649.161;1.000000;0.666668
interleaved_pod_1k_60sec_50ms;0;2222;82.699048;82699.048;1.000000;0.666668
interleaved_pod_1k_60sec_50ms;0;2223;82.749433;82749.433;1.000000;0.666668
interleaved_pod_1k_60sec_50ms;0;2224;82.799320;82799.320;1.000000;0.666668
interleaved_pod_1k_60sec_50ms;0;2225;82.849206;82849.206;1.000000;0.666668
interleaved_pod_1k_60sec_50ms;0;2226;82.899093;82899.093;1.000000;0.666668
interleaved_pod_1k_60sec_50ms;0;2227;82.948980;82948.980;1.000000;0.666668
interleaved_pod_1k_60sec_50ms;0;2228;82.999365;82999.365;1.000000;0.666668
interleaved_pod_1k_60sec_50ms;0;2229;83.049252;83049.252;1.000000;0.666668
interleaved_pod_1k_60sec_50ms;0;2230;83.099138;83099.138;1.000000;0.666668
interleaved_pod_1k_60sec_50ms;0;2231;83.149025;83149.025;1.000000;0.666668
interleaved_pod_1k_60sec_50ms;0;2232;83.199410;83199.410;1.000000;0.666668
interleaved_pod_1k_60sec_50ms;0;2233;83.249297;83249.297;1.000000;0.666668
interleaved_pod_1k_60sec_50ms;0;2234;83.299184;83299.184;1.000000;0.666668
interleaved_pod_1k_60sec_50ms;0;2235;83.349070;83349.070;1.000000;0.666668
interleaved_pod_1k_60sec_50ms;0;2236;83.399456;83399.456;1.000000;0.666668
interleaved_pod_1k_60sec_50ms;0;2237;83.449342;83449.342;1.000000;0.666668
interleaved_pod_1k_60sec_50ms;0;2238;83.499229;83499.229;1.000000;0.666668
interleaved_pod_1k_60sec_50ms;0;2239;83.549116;83549.116;1.000000;0.666668
interleaved_pod_1k_60sec_50ms;0;2240;83.599002;83599.002;1.000000;0.666668
interleaved_pod_1k_60sec_50ms;0;2241;83.649388;83649.388;1.000000;0.666668
interleaved_pod_1k_60sec_50ms;0;2242;83.699274;83699.274;1.000000;0.666668
interleaved_pod_1k_60sec_50ms;0;2243;83.749161;83749.161;1.000000;0.666668
interleaved_pod_1k_60sec_50ms;0;2244;83.799048;83799.048;1.000000;0.666668
interleaved_pod_1k_60sec_50ms;0;2245;83.849433;83849.433;1.000000;0.666668
interleaved_pod_1k_60sec_50ms;0;2246;83.899320;83899.320;1.000000;0.666668
interleaved_pod_1k_60sec_50ms;0;2247;83.949206;83949.206;1.000000;0.666668
interleaved_pod_1k_60sec_50ms;0;2248;83.999093;83999.093;1.000000;0.666668
interleaved_pod_1k_60sec_50ms;0;2249;84.048980;84048.980;1.000000;0.666668
interleaved_pod_1k_60sec_50ms;0;2250;84.099365;84099.365;1.000000;0.666668
interleaved_pod_1k_60sec_50ms;0;2251;84.149252;84149.252;1.000000;0.666668
interleaved_pod_1k_60sec_50ms;0;2252;84.199138;84199.138;1.000000;0.666668
interleaved_pod_1k_60sec_50ms;0;2253;84.249025;84249.025;1.000000;0.666668
interleaved_pod_1k_60sec_50ms;0;2254;84.299410;84299.410;1.000000;0.666668
interleaved_pod_1k_60sec_50ms;0;2255;84.349297;84349.297;1.000000;0.666668
interleaved_pod_1k_60sec_50ms;0;2256;84.399184;84399.184;1.000000;0.666668
interleaved_pod_1k_60sec_50ms;0;2257;84.449070;84449.070;1.000000;0.666668
interleaved_pod_1k_60sec_50ms;0;2258;84.499456;84499.456;1.000000;0.666668
interleaved_pod_1k_60sec_50ms;0;2259;84.549342;84549.342;1.000000;0.666668
interleaved_pod_1k_60sec_50ms;0;2260;84.599229;84599.229;1.000000;0.666668
interleaved_pod_1k_60sec_50ms;0;2261;84.649116;84649.116;1.000000;0.666668
interleaved_pod_1k_60sec_50ms;0;2262;84.699002;84699.002;1.000000;0.666668
interleaved_pod_1k_60sec_50ms;0;2263;84.749388;84749.388;1.000000;0.666668
interleaved_pod_1k_60sec_50ms;0;2264;84.770839;84770.839;1.000000;0.666668
interleaved_pod_1k_60sec_50ms;0;2265;84.776825;84776.825;1.000000;0.666668
interleaved_pod_1k_60sec_50ms;0;2266;84.789297;84789.297;0.678765;0.666668
interleaved_pod_1k_60sec_50ms;0;2267;84.794785;84794.785;1.000000;0.666668
interleaved_pod_1k_60sec_50ms;0;2268;84.849161;84849.161;1.000000;0.666668
interleaved_pod_1k_60sec_50ms;0;2269;84.899048;84899.048;1.000000;0.666668
interleaved_pod_1k_60sec_50ms;0;2270;84.949433;84949.433;1.000000;0.666668
interleaved_pod_1k_60sec_50ms;0;2271;84.999320;84999.320;1.000000;0.666668
interleaved_pod_1k_60sec_50ms;0;2272;85.049206;85049.206;1.000000;0.666668
interleaved_pod_1k_60sec_50ms;0;2273;85.099093;85099.093;1.000000;0.666668
interleaved_pod_1k_60sec_50ms;0;2274;85.148980;85148.980;1.000000;0.666668
interleaved_pod_1k_60sec_50ms;0;2275;85.199365;85199.365;1.000000;0.666668
interleaved_pod_1k_60sec_50ms;0;2276;85.249252;85249.252;1.000000;0.666668
interleaved_pod_1k_60sec_50ms;0;2277;85.299138;85299.138;1.000000;0.666668
interleaved_pod_1k_60sec_50ms;0;2278;85.349025;85349.025;1.000000;0.666668
interleaved_pod_1k_60sec_50ms;0;2279;85.399410;85399.410;1.000000;0.666668
interleaved_pod_1k_60sec_50ms;0;2280;85.449297;85449.297;1.000000;0.666668
interleaved_pod_1k_60sec_50ms;0;2281;85.499184;85499.184;1.000000;0.666668
interleaved_pod_1k_60sec_50ms;0;2282;85.549070;85549.070;1.000000;0.666668
interleaved_pod_1k_60sec_50ms;0;2283;85.594966;85594.966;0.766168;0.666668
interleaved_pod_1k_60sec_50ms;0;2284;85.649342;85649.342;1.000000;0.666668
interleaved_pod_1k_60sec_50ms;0;2285;85.658322;85658.322;0.861293;0.666668
interleaved_pod_1k_60sec_50ms;0;2286;85.680272;85680.272;0.668520;0.666668
interleaved_pod_1k_60sec_50ms;0;2287;85.699229;85699.229;1.000000;0.666668
interleaved_pod_1k_60sec_50ms;0;2288;85.749116;85749.116;1.000000;0.666668
interleaved_pod_1k_60sec_50ms;0;2289;85.799002;85799.002;1.000000;0.666668
interleaved_pod_1k_60sec_50ms;0;2290;85.849388;85849.388;1.000000;0.666668
interleaved_pod_1k_60sec_50ms;0;2291;85.899274;85899.274;1.000000;0.666668
interleaved_pod_1k_60sec_50ms;0;2292;85.949161;85949.161;1.000000;0.666668
interleaved_pod_1k_60sec_50ms;0;2293;85.990068;85990.068;0.879888;0.666668
interleaved_pod_1k_60sec_50ms;0;2294;85.996553;85996.553;0.788313;0.666668
interleaved_pod_1k_60sec_50ms;0;2295;86.049433;86049.433;1.000000;0.666668
interleaved_pod_1k_60sec_50ms;0;2296;86.060408;86060.408;0.819815;0.666668
interleaved_pod_1k_60sec_50ms;0;2297;86.067392;86067.392;1.000000;0.666668
interleaved_pod_1k_60sec_50ms;0;2298;86.074875;86074.875;0.707818;0.666668
interleaved_pod_1k_60sec_50ms;0;2299;86.081361;86081.361;0.698452;0.666668
interleaved_pod_1k_60sec_50ms;0;2300;86.090340;86090.340;0.806380;0.666668
interleaved_pod_1k_60sec_50ms;0;2301;86.098322;86098.322;0.837644;0.666668
interleaved_pod_1k_60sec_50ms;0;2302;86.149206;86149.206;1.000000;0.666668
interleaved_pod_1k_60sec_50ms;0;2303;86.155692;86155.692;0.755696;0.666668
interleaved_pod_1k_60sec_50ms;0;2304;86.199093;86199.093;1.000000;0.666668
interleaved_pod_1k_60sec_50ms;0;2305;86.248980;86248.980;1.000000;0.666668
interleaved_pod_1k_60sec_50ms;0;2306;86.299365;86299.365;1.000000;0.666668
interleaved_pod_1k_60sec_50ms;0;2307;86.349252;86349.252;1.000000;0.666668
interleaved_pod_1k_60sec_50ms;0;2308;86.399138;86399.138;1.000000;0.666668
interleaved_pod_1k_60sec_50ms;0;2309;86.449025;86449.025;1.000000;0.666668
interleaved_pod_1k_60sec_50ms;0;2310;86.489932;86489.932;0.695550;0.666668
interleaved_pod_1k_60sec_50ms;0;2311;86.497415;86497.415;0.721291;0.666668
interleaved_pod_1k_60sec_50ms;0;2312;86.549297;86549.297;1.000000;0.666668
interleaved_pod_1k_60sec_50ms;0;2313;86.554785;86554.785;0.817907;0.666668
interleaved_pod_1k_60sec_50ms;0;2314;86.561769;86561.769;0.700494;0.666668
interleaved_pod_1k_60sec_50ms;0;2315;86.569252;86569.252;0.715621;0.666668
interleaved_pod_1k_60sec_50ms;0;2316;86.580227;86580.227;0.749460;0.666668
interleaved_pod_1k_60sec_50ms;0;2317;86.587710;86587.710;0.678794;0.666668
interleaved_pod_1k_60sec_50ms;0;2318;86.599184;86599.184;1.000000;0.666668
interleaved_pod_1k_60sec_50ms;0;2319;86.649070;86649.070;1.000000;0.666668
interleaved_pod_1k_60sec_50ms;0;2320;86.699456;86699.456;1.000000;0.666668
interleaved_pod_1k_60sec_50ms;0;2321;86.749342;86749.342;1.000000;0.666668
interleaved_pod_1k_60sec_50ms;0;2322;86.798231;86798.231;0.784369;0.666668
interleaved_pod_1k_60sec_50ms;0;2323;86.849116;86849.116;1.000000;0.666668
interleaved_pod_1k_60sec_50ms;0;2324;86.899501;86899.501;1.000000;0.666668
interleaved_pod_1k_60sec_50ms;0;2325;86.949388;86949.388;1.000000;0.666668
interleaved_pod_1k_60sec_50ms;0;2326;86.962857;86962.857;0.775387;0.666668
interleaved_pod_1k_60sec_50ms;0;2327;86.969841;86969.841;1.000000;0.666668
interleaved_pod_1k_60sec_50ms;0;2328;86.975329;86975.329;0.733616;0.666668
interleaved_pod_1k_60sec_50ms;0;2329;86.985306;86985.306;0.867622;0.666668
interleaved_pod_1k_60sec_50ms;0;2330;86.993288;86993.288;0.724563;0.666668
interleaved_pod_1k_60sec_50ms;0;2331;86.998776;86998.776;1.000000;0.666668
interleaved_pod_1k_60sec_50ms;0;2332;87.049161;87049.161;1.000000;0.666668
interleaved_pod_1k_60sec_50ms;0;2333;87.058639;87058.639;1.000000;0.666668
interleaved_pod_1k_60sec_50ms;0;2334;87.067120;87067.120;0.820043;0.666668
interleaved_pod_1k_60sec_50ms;0;2335;87.099048;87099.048;1.000000;0.666668
interleaved_pod_1k_60sec_50ms;0;2336;87.149433;87149.433;1.000000;0.666668
interleaved_pod_1k_60sec_50ms;0;2337;87.199320;87199.320;1.000000;0.666668
interleaved_pod_1k_60sec_50ms;0;2338;87.249206;87249.206;1.000000;0.666668
interleaved_pod_1k_60sec_50ms;0;2339;87.299093;87299.093;1.000000;0.666668
interleaved_pod_1k_60sec_50ms;0;2340;87.348980;87348.980;1.000000;0.666668
interleaved_pod_1k_60sec_50ms;0;2341;87.399365;87399.365;1.000000;0.666668
interleaved_pod_1k_60sec_50ms;0;2342;87.449252;87449.252;1.000000;0.666668
interleaved_pod_1k_60sec_50ms;0;2343;87.499138;87499.138;1.000000;0.666668
interleaved_pod_1k_60sec_50ms;0;2344;87.549025;87549.025;1.000000;0.666668
interleaved_pod_1k_60sec_50ms;0;2345;87.599410;87599.410;1.000000;0.666668
interleaved_pod_1k_60sec_50ms;0;2346;87.649297;87649.297;1.000000;0.666668
interleaved_pod_1k_60sec_50ms;0;2347;87.699184;87699.184;1.000000;0.666668
interleaved_pod_1k_60sec_50ms;0;2348;87.749070;87749.070;1.000000;0.666668
interleaved_pod_1k_60sec_50ms;0;2349;87.798957;87798.957;1.000000;0.666668
interleaved_pod_1k_60sec_50ms;0;2350;87.849342;87849.342;1.000000;0.666668
interleaved_pod_1k_60sec_50ms;0;2351;87.899229;87899.229;1.000000;0.666668
interleaved_pod_1k_60sec_50ms;0;2352;87.949116;87949.116;1.000000;0.666668
interleaved_pod_1k_60sec_50ms;0;2353;87.999002;87999.002;1.000000;0.666668
interleaved_pod_1k_60sec_50ms;0;2354;88.049388;88049.388;1.000000;0.666668
interleaved_pod_1k_60sec_50ms;0;2355;88.099274;88099.274;1.000000;0.666668
interleaved_pod_1k_60sec_50ms;0;2356;88.149161;88149.161;1.000000;0.666668
interleaved_pod_1k_60sec_50ms;0;2357;88.199048;88199.048;1.000000;0.666668
interleaved_pod_1k_60sec_50ms;0;2358;88.249433;88249.433;1.000000;0.666668
interleaved_pod_1k_60sec_50ms;0;2359;88.299320;88299.320;1.000000;0.666668
interleaved_pod_1k_60sec_50ms;0;2360;88.349206;88349.206;1.000000;0.666668
interleaved_pod_1k_60sec_50ms;0;2361;88.399093;88399.093;1.000000;0.666668
interleaved_pod_1k_60sec_50ms;0;2362;88.448980;88448.980;1.000000;0.666668
interleaved_pod_1k_60sec_50ms;0;2363;88.499365;88499.365;1.000000;0.666668
interleaved_pod_1k_60sec_50ms;0;2364;88.549252;88549.252;1.000000;0.666668
interleaved_pod_1k_60sec_50ms;0;2365;88.599138;88599.138;1.000000;0.666668
interleaved_pod_1k_60sec_50ms;0;2366;88.649025;88649.025;1.000000;0.666668
interleaved_pod_1k_60sec_50ms;0;2367;88.699410;88699.410;1.000000;0.666668
interleaved_pod_1k_60sec_50ms;0;2368;88.749297;88749.297;1.000000;0.666668
interleaved_pod_1k_60sec_50ms;0;2369;88.799184;88799.184;1.000000;0.666668
interleaved_pod_1k_60sec_50ms;0;2370;88.849070;88849.070;1.000000;0.666668
interleaved_pod_1k_60sec_50ms;0;2371;88.898957;88898.957;1.000000;0.666668
interleaved_pod_1k_60sec_50ms;0;2372;88.949342;88949.342;1.000000;0.666668
interleaved_pod_1k_60sec_50ms;0;2373;88.999229;88999.229;1.000000;0.666668
interleaved_pod_1k_60sec_50ms;0;2374;89.049116;89049.116;1.000000;0.666668
interleaved_pod_1k_60sec_50ms;0;2375;89.099002;89099.002;1.000000;0.666668
interleaved_pod_1k_60sec_50ms;0;2376;89.149388;89149.388;1.000000;0.666668
interleaved_pod_1k_60sec_50ms;0;2377;89.199274;89199.274;1.000000;0.666668
interleaved_pod_1k_60sec_50ms;0;2378;89.249161;89249.161;1.000000;0.666668
interleaved_pod_1k_60sec_50ms;0;2379;89.299048;89299.048;1.000000;0.666668
interleaved_pod_1k_60sec_50ms;0;2380;89.349433;89349.433;1.000000;0.666668
interleaved_pod_1k_60sec_50ms;0;2381;89.399320;89399.320;1.000000;0.666668
interleaved_pod_1k_60sec_50ms;0;2382;89.449206;89449.206;1.000000;0.666668
interleaved_pod_1k_60sec_50ms;0;2383;89.499093;89499.093;1.000000;0.666668
interleaved_pod_1k_60sec_50ms;0;2384;89.548980;89548.980;1.000000;0.666668
interleaved_pod_1k_60sec_50ms;0;2385;89.599365;89599.365;1.000000;0.666668
interleaved_pod_1k_60sec_50ms;0;2386;89.649252;89649.252;1.000000;0.666668
interleaved_pod_1k_60sec_50ms;0;2387;89.699138;89699.138;1.000000;0.666668
interleaved_pod_1k_60sec_50ms;0;2388;89.749025;89749.025;1.000000;0.666668
interleaved_pod_1k_60sec_50ms;0;2389;89.799410;89799.410;1.000000;0.666668
interleaved_pod_1k_60sec_50ms;0;2390;89.849297;89849.297;1.000000;0.666668
interleaved_pod_1k_60sec_50ms;0;2391;89.899184;89899.184;1.000000;0.666668
interleaved_pod_1k_60sec_50ms;0;2392;89.949070;89949.070;1.000000;0.666668
interleaved_pod_1k_60sec_50ms;0;2393;89.998957;89998.957;1.000000;0.666668
interleaved_pod_1k_60sec_50ms;0;2394;90.049342;90049.342;1.000000;0.666668
interleaved_pod_1k_60sec_50ms;0;2395;90.077778;90077.778;0.900656;0.666668
interleaved_pod_1k_60sec_50ms;0;2396;90.083265;90083.265;0.723336;0.666668
interleaved_pod_1k_60sec_50ms;0;2397;90.090249;90090.249;0.916437;0.666668
interleaved_pod_1k_60sec_50ms;0;2398;90.096236;90096.236;0.928473;0.666668
interleaved_pod_1k_60sec_50ms;0;2399;90.149116;90149.116;1.000000;0.666668
interleaved_pod_1k_60sec_50ms;0;2400;90.157098;90157.098;0.786657;0.666668
interleaved_pod_1k_60sec_50ms;0;2401;90.162585;90162.585;0.895209;0.666668
interleaved_pod_1k_60sec_50ms;0;2402;90.169569;90169.569;1.000000;0.666668
interleaved_pod_1k_60sec_50ms;0;2403;90.176054;90176.054;0.922660;0.666668
interleaved_pod_1k_60sec_50ms;0;2404;90.183039;90183.039;1.000000;0.666668
interleaved_pod_1k_60sec_50ms;0;2405;90.188526;90188.526;1.000000;0.666668
interleaved_pod_1k_60sec_50ms;0;2406;90.194014;90194.014;0.851953;0.666668
interleaved_pod_1k_60sec_50ms;0;2407;90.199501;90199.501;1.000000;0.666668
interleaved_pod_1k_60sec_50ms;0;2408;90.249388;90249.388;1.000000;0.666668
interleaved_pod_1k_60sec_50ms;0;2409;90.257868;90257.868;0.820045;0.666668
interleaved_pod_1k_60sec_50ms;0;2410;90.263855;90263.855;0.709803;0.666668
interleaved_pod_1k_60sec_50ms;0;2411;90.272336;90272.336;0.972887;0.666668
interleaved_pod_1k_60sec_50ms;0;2412;90.279320;90279.320;0.825849;0.666668
interleaved_pod_1k_60sec_50ms;0;2413;90.285306;90285.306;0.934065;0.666668
interleaved_pod_1k_60sec_50ms;0;2414;90.293288;90293.288;0.736881;0.666668
interleaved_pod_1k_60sec_50ms;0;2415;90.299274;90299.274;1.000000;0.666668
interleaved_pod_1k_60sec_50ms;0;2416;90.349161;90349.161;1.000000;0.666668
interleaved_pod_1k_60sec_50ms;0;2417;90.356145;90356.145;0.716705;0.666668
interleaved_pod_1k_60sec_50ms;0;2418;90.361633;90361.633;0.920823;0.666668
interleaved_pod_1k_60sec_50ms;0;2419;90.369615;90369.615;1.000000;0.666668
interleaved_pod_1k_60sec_50ms;0;2420;90.375102;90375.102;0.941528;0.666668
interleaved_pod_1k_60sec_50ms;0;2421;90.380590;90380.590;0.998126;0.666668
interleaved_pod_1k_60sec_50ms;0;2422;90.388073;90388.073;1.000000;0.666668
interleaved_pod_1k_60sec_50ms;0;2423;90.394558;90394.558;0.846594;0.666668
interleaved_pod_1k_60sec_50ms;0;2424;90.448934;90448.934;1.000000;0.666668
interleaved_pod_1k_60sec_50ms;0;2425;90.456417;90456.417;1.000000;0.666668
interleaved_pod_1k_60sec_50ms;0;2426;90.462404;90462.404;0.873351;0.666668
interleaved_pod_1k_60sec_50ms;0;2427;90.467891;90467.891;0.976595;0.666668
interleaved_pod_1k_60sec_50ms;0;2428;90.474875;90474.875;0.893472;0.666668
interleaved_pod_1k_60sec_50ms;0;2429;90.480862;90480.862;0.702025;0.666668
interleaved_pod_1k_60sec_50ms;0;2430;90.486848;90486.848;1.000000;0.666668
interleaved_pod_1k_60sec_50ms;0;2431;90.492834;90492.834;0.839201;0.666668
interleaved_pod_1k_60sec_50ms;0;2432;90.498322;90498.322;1.000000;0.666668
interleaved_pod_1k_60sec_50ms;0;2433;90.549206;90549.206;1.000000;0.666668
interleaved_pod_1k_60sec_50ms;0;2434;90.555692;90555.692;0.824711;0.666668
interleaved_pod_1k_60sec_50ms;0;2435;90.561179;90561.179;0.787181;0.666668
interleaved_pod_1k_60sec_50ms;0;2436;90.569660;90569.660;1.000000;0.666668
interleaved_pod_1k_60sec_50ms;0;2437;90.580136;90580.136;0.829710;0.666668
interleaved_pod_1k_60sec_50ms;0;2438;90.591111;90591.111;1.000000;0.666668
interleaved_pod_1k_60sec_50ms;0;2439;90.599093;90599.093;1.000000;0.666668
interleaved_pod_1k_60sec_50ms;0;2440;90.648980;90648.980;1.000000;0.666668
interleaved_pod_1k_60sec_50ms;0;2441;90.699365;90699.365;1.000000;0.666668
interleaved_pod_1k_60sec_50ms;0;2442;90.749252;90749.252;1.000000;0.666668
interleaved_pod_1k_60sec_50ms;0;2443;90.797143;90797.143;0.720676;0.666668
interleaved_pod_1k_60sec_50ms;0;2444;90.849025;90849.025;1.000000;0.666668
interleaved_pod_1k_60sec_50ms;0;2445;90.857007;90857.007;0.782823;0.666668
interleaved_pod_1k_60sec_50ms;0;2446;90.865488;90865.488;0.936110;0.666668
interleaved_pod_1k_60sec_50ms;0;2447;90.870975;90870.975;0.968512;0.666668
interleaved_pod_1k_60sec_50ms;0;2448;90.884444;90884.444;1.000000;0.666668
interleaved_pod_1k_60sec_50ms;0;2449;90.893923;90893.923;1.000000;0.666668
interleaved_pod_1k_60sec_50ms;0;2450;90.899410;90899.410;1.000000;0.666668
interleaved_pod_1k_60sec_50ms;0;2451;90.949297;90949.297;1.000000;0.666668
interleaved_pod_1k_60sec_50ms;0;2452;90.954785;90954.785;0.769499;0.666668
interleaved_pod_1k_60sec_50ms;0;2453;90.961270;90961.270;0.871869;0.666668
interleaved_pod_1k_60sec_50ms;0;2454;90.969751;90969.751;0.978237;0.666668
interleaved_pod_1k_60sec_50ms;0;2455;90.978231;90978.231;0.878896;0.666668
interleaved_pod_1k_60sec_50ms;0;2456;90.986712;90986.712;1.000000;0.666668
interleaved_pod_1k_60sec_50ms;0;2457;90.995193;90995.193;1.000000;0.666668
interleaved_pod_1k_60sec_50ms;0;2458;91.049070;91049.070;1.000000;0.666668
interleaved_pod_1k_60sec_50ms;0;2459;91.055556;91055.556;0.745520;0.666668
interleaved_pod_1k_60sec_50ms;0;2460;91.062041;91062.041;1.000000;0.666668
interleaved_pod_1k_60sec_50ms;0;2461;91.070023;91070.023;1.000000;0.666668
interleaved_pod_1k_60sec_50ms;0;2462;91.078503;91078.503;1.000000;0.666668
interleaved_pod_1k_60sec_50ms;0;2463;91.087483;91087.483;1.000000;0.666668
interleaved_pod_1k_60sec_50ms;0;2464;91.095964;91095.964;1.000000;0.666668
interleaved_pod_1k_60sec_50ms;0;2465;91.149342;91149.342;1.000000;0.666668
interleaved_pod_1k_60sec_50ms;0;2466;91.154830;91154.830;1.000000;0.666668
interleaved_pod_1k_60sec_50ms;0;2467;91.163810;91163.810;1.000000;0.666668
interleaved_pod_1k_60sec_50ms;0;2468;91.172789;91172.789;1.000000;0.666668
interleaved_pod_1k_60sec_50ms;0;2469;91.181769;91181.769;1.000000;0.666668
interleaved_pod_1k_60sec_50ms;0;2470;91.191247;91191.247;1.000000;0.666668
interleaved_pod_1k_60sec_50ms;0;2471;91.199229;91199.229;1.000000;0.666668
interleaved_pod_1k_60sec_50ms;0;2472;91.249116;91249.116;1.000000;0.666668
interleaved_pod_1k_60sec_50ms;0;2473;91.261088;91261.088;0.984814;0.666668
interleaved_pod_1k_60sec_50ms;0;2474;91.271066;91271.066;0.785153;0.666668
interleaved_pod_1k_60sec_50ms;0;2475;91.283039;91283.039;0.749451;0.666668
interleaved_pod_1k_60sec_50ms;0;2476;91.299002;91299.002;1.000000;0.666668
interleaved_pod_1k_60sec_50ms;0;2477;91.349388;91349.388;1.000000;0.666668
interleaved_pod_1k_60sec_50ms;0;2478;91.399274;91399.274;1.000000;0.666668
interleaved_pod_1k_60sec_50ms;0;2479;91.449161;91449.161;1.000000;0.666668
interleaved_pod_1k_60sec_50ms;0;2480;91.499048;91499.048;1.000000;0.666668
interleaved_pod_1k_60sec_50ms;0;2481;91.549433;91549.433;1.000000;0.666668
interleaved_pod_1k_60sec_50ms;0;2482;91.599320;91599.320;1.000000;0.666668
interleaved_pod_1k_60sec_50ms;0;2483;91.649206;91649.206;1.000000;0.666668
interleaved_pod_1k_60sec_50ms;0;2484;91.699093;91699.093;1.000000;0.666668
interleaved_pod_1k_60sec_50ms;0;2485;91.748980;91748.980;1.000000;0.666668
interleaved_pod_1k_60sec_50ms;0;2486;91.799365;91799.365;1.000000;0.666668
interleaved_pod_1k_60sec_50ms;0;2487;91.849252;91849.252;1.000000;0.666668
interleaved_pod_1k_60sec_50ms;0;2488;91.899138;91899.138;1.000000;0.666668
interleaved_pod_1k_60sec_50ms;0;2489;91.949025;91949.025;1.000000;0.666668
interleaved_pod_1k_60sec_50ms;0;2490;91.987438;91987.438;0.746061;0.666668
interleaved_pod_1k_60sec_50ms;0;2491;91.994921;91994.921;0.724655;0.666668
interleaved_pod_1k_60sec_50ms;0;2492;92.049297;92049.297;1.000000;0.666668
interleaved_pod_1k_60sec_50ms;0;2493;92.054785;92054.785;0.805687;0.666668
interleaved_pod_1k_60sec_50ms;0;2494;92.060272;92060.272;0.701021;0.666668
interleaved_pod_1k_60sec_50ms;0;2495;92.066757;92066.757;0.727626;0.666668
interleaved_pod_1k_60sec_50ms;0;2496;92.073243;92073.243;0.756469;0.666668
interleaved_pod_1k_60sec_50ms;0;2497;92.078730;92078.730;0.758062;0.666668
interleaved_pod_1k_60sec_50ms;0;2498;92.085215;92085.215;1.000000;0.666668
interleaved_pod_1k_60sec_50ms;0;2499;92.091202;92091.202;0.817934;0.666668
interleaved_pod_1k_60sec_50ms;0;2500;92.097188;92097.188;0.704565;0.666668
interleaved_pod_1k_60sec_50ms;0;2501;92.149070;92149.070;1.000000;0.666668
interleaved_pod_1k_60sec_50ms;0;2502;92.198957;92198.957;1.000000;0.666668
interleaved_pod_1k_60sec_50ms;0;2503;92.249342;92249.342;1.000000;0.666668
interleaved_pod_1k_60sec_50ms;0;2504;92.299229;92299.229;1.000000;0.666668
interleaved_pod_1k_60sec_50ms;0;2505;92.349116;92349.116;1.000000;0.666668
interleaved_pod_1k_60sec_50ms;0;2506;92.378050;92378.050;0.696287;0.666668
interleaved_pod_1k_60sec_50ms;0;2507;92.385034;92385.034;0.826586;0.666668
interleaved_pod_1k_60sec_50ms;0;2508;92.392517;92392.517;0.717345;0.666668
interleaved_pod_1k_60sec_50ms;0;2509;92.399501;92399.501;1.000000;0.666668
interleaved_pod_1k_60sec_50ms;0;2510;92.449388;92449.388;1.000000;0.666668
interleaved_pod_1k_60sec_50ms;0;2511;92.455374;92455.374;0.750682;0.666668
interleaved_pod_1k_60sec_50ms;0;2512;92.461859;92461.859;0.754747;0.666668
interleaved_pod_1k_60sec_50ms;0;2513;92.472336;92472.336;0.919588;0.666668
interleaved_pod_1k_60sec_50ms;0;2514;92.478821;92478.821;0.732649;0.666668
interleaved_pod_1k_60sec_50ms;0;2515;92.484807;92484.807;1.000000;0.666668
interleaved_pod_1k_60sec_50ms;0;2516;92.490794;92490.794;0.764176;0.666668
interleaved_pod_1k_60sec_50ms;0;2517;92.496281;92496.281;1.000000;0.666668
interleaved_pod_1k_60sec_50ms;0;2518;92.549161;92549.161;1.000000;0.666668
interleaved_pod_1k_60sec_50ms;0;2519;92.557642;92557.642;0.738873;0.666668
interleaved_pod_1k_60sec_50ms;0;2520;92.563129;92563.129;0.852174;0.666668
interleaved_pod_1k_60sec_50ms;0;2521;92.568617;92568.617;0.944921;0.666668
interleaved_pod_1k_60sec_50ms;0;2522;92.599048;92599.048;1.000000;0.666668
interleaved_pod_1k_60sec_50ms;0;2523;92.649433;92649.433;1.000000;0.666668
interleaved_pod_1k_60sec_50ms;0;2524;92.699320;92699.320;1.000000;0.666668
interleaved_pod_1k_60sec_50ms;0;2525;92.749206;92749.206;1.000000;0.666668
interleaved_pod_1k_60sec_50ms;0;2526;92.799093;92799.093;1.000000;0.666668
interleaved_pod_1k_60sec_50ms;0;2527;92.848980;92848.980;1.000000;0.666668
interleaved_pod_1k_60sec_50ms;0;2528;92.855465;92855.465;0.721364;0.666668
interleaved_pod_1k_60sec_50ms;0;2529;92.860952;92860.952;0.689292;0.666668
interleaved_pod_1k_60sec_50ms;0;2530;92.866440;92866.440;0.907247;0.666668
interleaved_pod_1k_60sec_50ms;0;2531;92.872426;92872.426;0.996496;0.666668
interleaved_pod_1k_60sec_50ms;0;2532;92.877914;92877.914;0.736772;0.666668
interleaved_pod_1k_60sec_50ms;0;2533;92.886893;92886.893;0.731590;0.666668
interleaved_pod_1k_60sec_50ms;0;2534;92.899365;92899.365;1.000000;0.666668
interleaved_pod_1k_60sec_50ms;0;2535;92.949252;92949.252;1.000000;0.666668
interleaved_pod_1k_60sec_50ms;0;2536;92.999138;92999.138;1.000000;0.666668
interleaved_pod_1k_60sec_50ms;0;2537;93.049025;93049.025;1.000000;0.666668
interleaved_pod_1k_60sec_50ms;0;2538;93.099410;93099.410;1.000000;0.666668
interleaved_pod_1k_60sec_50ms;0;2539;93.149297;93149.297;1.000000;0.666668
interleaved_pod_1k_60sec_50ms;0;2540;93.199184;93199.184;1.000000;0.666668
interleaved_pod_1k_60sec_50ms;0;2541;93.249070;93249.070;1.000000;0.666668
interleaved_pod_1k_60sec_50ms;0;2542;93.259546;93259.546;1.000000;0.666668
interleaved_pod_1k_60sec_50ms;0;2543;93.272018;93272.018;1.000000;0.666668
interleaved_pod_1k_60sec_50ms;0;2544;93.299456;93299.456;1.000000;0.666668
interleaved_pod_1k_60sec_50ms;0;2545;93.349342;93349.342;1.000000;0.666668
interleaved_pod_1k_60sec_50ms;0;2546;93.399229;93399.229;1.000000;0.666668
interleaved_pod_1k_60sec_50ms;0;2547;93.449116;93449.116;1.000000;0.666668
interleaved_pod_1k_60sec_50ms;0;2548;93.499501;93499.501;1.000000;0.666668
interleaved_pod_1k_60sec_50ms;0;2549;93.549388;93549.388;1.000000;0.666668
interleaved_pod_1k_60sec_50ms;0;2550;93.599274;93599.274;1.000000;0.666668
interleaved_pod_1k_60sec_50ms;0;2551;93.649161;93649.161;1.000000;0.666668
interleaved_pod_1k_60sec_50ms;0;2552;93.699048;93699.048;1.000000;0.666668
interleaved_pod_1k_60sec_50ms;0;2553;93.749433;93749.433;1.000000;0.666668
interleaved_pod_1k_60sec_50ms;0;2554;93.799320;93799.320;1.000000;0.666668
interleaved_pod_1k_60sec_50ms;0;2555;93.849206;93849.206;1.000000;0.666668
interleaved_pod_1k_60sec_50ms;0;2556;93.899093;93899.093;1.000000;0.666668
interleaved_pod_1k_60sec_50ms;0;2557;93.948980;93948.980;1.000000;0.666668
interleaved_pod_1k_60sec_50ms;0;2558;93.999365;93999.365;1.000000;0.666668
interleaved_pod_1k_60sec_50ms;0;2559;94.049252;94049.252;1.000000;0.666668
interleaved_pod_1k_60sec_50ms;0;2560;94.099138;94099.138;1.000000;0.666668
interleaved_pod_1k_60sec_50ms;0;2561;94.149025;94149.025;1.000000;0.666668
interleaved_pod_1k_60sec_50ms;0;2562;94.199410;94199.410;1.000000;0.666668
interleaved_pod_1k_60sec_50ms;0;2563;94.249297;94249.297;1.000000;0.666668
interleaved_pod_1k_60sec_50ms;0;2564;94.299184;94299.184;1.000000;0.666668
interleaved_pod_1k_60sec_50ms;0;2565;94.349070;94349.070;1.000000;0.666668
interleaved_pod_1k_60sec_50ms;0;2566;94.398957;94398.957;1.000000;0.666668
interleaved_pod_1k_60sec_50ms;0;2567;94.449342;94449.342;1.000000;0.666668
interleaved_pod_1k_60sec_50ms;0;2568;94.499229;94499.229;1.000000;0.666668
interleaved_pod_1k_60sec_50ms;0;2569;94.549116;94549.116;1.000000;0.666668
interleaved_pod_1k_60sec_50ms;0;2570;94.599002;94599.002;1.000000;0.666668
interleaved_pod_1k_60sec_50ms;0;2571;94.649388;94649.388;1.000000;0.666668
interleaved_pod_1k_60sec_50ms;0;2572;94.682812;94682.812;0.703916;0.666668
interleaved_pod_1k_60sec_50ms;0;2573;94.691791;94691.791;0.843751;0.666668
interleaved_pod_1k_60sec_50ms;0;2574;94.699274;94699.274;1.000000;0.666668
interleaved_pod_1k_60sec_50ms;0;2575;94.749161;94749.161;1.000000;0.666668
interleaved_pod_1k_60sec_50ms;0;2576;94.759138;94759.138;0.702382;0.666668
interleaved_pod_1k_60sec_50ms;0;2577;94.767619;94767.619;0.799270;0.666668
interleaved_pod_1k_60sec_50ms;0;2578;94.776599;94776.599;0.735113;0.666668
interleaved_pod_1k_60sec_50ms;0;2579;94.785079;94785.079;0.778904;0.666668
interleaved_pod_1k_60sec_50ms;0;2580;94.799048;94799.048;1.000000;0.666668
interleaved_pod_1k_60sec_50ms;0;2581;94.849433;94849.433;1.000000;0.666668
interleaved_pod_1k_60sec_50ms;0;2582;94.881859;94881.859;0.698070;0.666668
interleaved_pod_1k_60sec_50ms;0;2583;94.899320;94899.320;1.000000;0.666668
interleaved_pod_1k_60sec_50ms;0;2584;94.949206;94949.206;1.000000;0.666668
interleaved_pod_1k_60sec_50ms;0;2585;94.999093;94999.093;1.000000;0.666668
interleaved_pod_1k_60sec_50ms;0;2586;95.048980;95048.980;1.000000;0.666668
interleaved_pod_1k_60sec_50ms;0;2587;95.099365;95099.365;1.000000;0.666668
interleaved_pod_1k_60sec_50ms;0;2588;95.149252;95149.252;1.000000;0.666668
interleaved_pod_1k_60sec_50ms;0;2589;95.199138;95199.138;1.000000;0.666668
interleaved_pod_1k_60sec_50ms;0;2590;95.249025;95249.025;1.000000;0.666668
interleaved_pod_1k_60sec_50ms;0;2591;95.299410;95299.410;1.000000;0.666668
interleaved_pod_1k_60sec_50ms;0;2592;95.349297;95349.297;1.000000;0.666668
interleaved_pod_1k_60sec_50ms;0;2593;95.399184;95399.184;1.000000;0.666668
interleaved_pod_1k_60sec_50ms;0;2594;95.449070;95449.070;1.000000;0.666668
interleaved_pod_1k_60sec_50ms;0;2595;95.498957;95498.957;1.000000;0.666668
interleaved_pod_1k_60sec_50ms;0;2596;95.549342;95549.342;1.000000;0.666668
interleaved_pod_1k_60sec_50ms;0;2597;95.599229;95599.229;1.000000;0.666668
interleaved_pod_1k_60sec_50ms;0;2598;95.649116;95649.116;1.000000;0.666668
interleaved_pod_1k_60sec_50ms;0;2599;95.699002;95699.002;1.000000;0.666668
interleaved_pod_1k_60sec_50ms;0;2600;95.749388;95749.388;1.000000;0.666668
interleaved_pod_1k_60sec_50ms;0;2601;95.799274;95799.274;1.000000;0.666668
interleaved_pod_1k_60sec_50ms;0;2602;95.849161;95849.161;1.000000;0.666668
interleaved_pod_1k_60sec_50ms;0;2603;95.899048;95899.048;1.000000;0.666668
interleaved_pod_1k_60sec_50ms;0;2604;95.949433;95949.433;1.000000;0.666668
interleaved_pod_1k_60sec_50ms;0;2605;95.999320;95999.320;1.000000;0.666668
interleaved_pod_1k_60sec_50ms;0;2606;96.049206;96049.206;1.000000;0.666668
interleaved_pod_1k_60sec_50ms;0;2607;96.099093;96099.093;1.000000;0.666668
interleaved_pod_1k_60sec_50ms;0;2608;96.148980;96148.980;1.000000;0.666668
interleaved_pod_1k_60sec_50ms;0;2609;96.162948;96162.948;0.667965;0.666668
interleaved_pod_1k_60sec_50ms;0;2610;96.179410;96179.410;0.774409;0.666668
interleaved_pod_1k_60sec_50ms;0;2611;96.186893;96186.893;0.818640;0.666668
interleaved_pod_1k_60sec_50ms;0;2612;96.194376;96194.376;0.732353;0.666668
interleaved_pod_1k_60sec_50ms;0;2613;96.249252;96249.252;1.000000;0.666668
interleaved_pod_1k_60sec_50ms;0;2614;96.259229;96259.229;0.715010;0.666668
interleaved_pod_1k_60sec_50ms;0;2615;96.267211;96267.211;0.742575;0.666668
interleaved_pod_1k_60sec_50ms;0;2616;96.276689;96276.689;0.799610;0.666668
interleaved_pod_1k_60sec_50ms;0;2617;96.283673;96283.673;0.698992;0.666668
interleaved_pod_1k_60sec_50ms;0;2618;96.293152;96293.152;0.872782;0.666668
interleaved_pod_1k_60sec_50ms;0;2619;96.299138;96299.138;1.000000;0.666668
interleaved_pod_1k_60sec_50ms;0;2620;96.349025;96349.025;1.000000;0.666668
interleaved_pod_1k_60sec_50ms;0;2621;96.399410;96399.410;1.000000;0.666668
interleaved_pod_1k_60sec_50ms;0;2622;96.449297;96449.297;1.000000;0.666668
interleaved_pod_1k_60sec_50ms;0;2623;96.499184;96499.184;1.000000;0.666668
interleaved_pod_1k_60sec_50ms;0;2624;96.549070;96549.070;1.000000;0.666668
interleaved_pod_1k_60sec_50ms;0;2625;96.598957;96598.957;1.000000;0.666668
interleaved_pod_1k_60sec_50ms;0;2626;96.649342;96649.342;1.000000;0.666668
interleaved_pod_1k_60sec_50ms;0;2627;96.699229;96699.229;1.000000;0.666668
interleaved_pod_1k_60sec_50ms;0;2628;96.749116;96749.116;1.000000;0.666668
interleaved_pod_1k_60sec_50ms;0;2629;96.771565;96771.565;0.840172;0.666668
interleaved_pod_1k_60sec_50ms;0;2630;96.778549;96778.549;0.897526;0.666668
interleaved_pod_1k_60sec_50ms;0;2631;96.785533;96785.533;0.790133;0.666668
interleaved_pod_1k_60sec_50ms;0;2632;96.792018;96792.018;0.702949;0.666668
interleaved_pod_1k_60sec_50ms;0;2633;96.799002;96799.002;1.000000;0.666668
interleaved_pod_1k_60sec_50ms;0;2634;96.849388;96849.388;1.000000;0.666668
interleaved_pod_1k_60sec_50ms;0;2635;96.855374;96855.374;0.759650;0.666668
interleaved_pod_1k_60sec_50ms;0;2636;96.861859;96861.859;0.830583;0.666668
interleaved_pod_1k_60sec_50ms;0;2637;96.868345;96868.345;0.855922;0.666668
interleaved_pod_1k_60sec_50ms;0;2638;96.874830;96874.830;0.744128;0.666668
interleaved_pod_1k_60sec_50ms;0;2639;96.881315;96881.315;0.698539;0.666668
interleaved_pod_1k_60sec_50ms;0;2640;96.887302;96887.302;0.727812;0.666668
interleaved_pod_1k_60sec_50ms;0;2641;96.893288;96893.288;0.671918;0.666668
interleaved_pod_1k_60sec_50ms;0;2642;96.899274;96899.274;1.000000;0.666668
interleaved_pod_1k_60sec_50ms;0;2643;96.949161;96949.161;1.000000;0.666668
interleaved_pod_1k_60sec_50ms;0;2644;96.960136;96960.136;0.775017;0.666668
interleaved_pod_1k_60sec_50ms;0;2645;96.965624;96965.624;0.677367;0.666668
interleaved_pod_1k_60sec_50ms;0;2646;96.999048;96999.048;1.000000;0.666668
interleaved_pod_1k_60sec_50ms;0;2647;97.049433;97049.433;1.000000;0.666668
interleaved_pod_1k_60sec_50ms;0;2648;97.088844;97088.844;0.672979;0.666668
interleaved_pod_1k_60sec_50ms;0;2649;97.099320;97099.320;1.000000;0.666668
interleaved_pod_1k_60sec_50ms;0;2650;97.149206;97149.206;1.000000;0.666668
interleaved_pod_1k_60sec_50ms;0;2651;97.199093;97199.093;1.000000;0.666668
interleaved_pod_1k_60sec_50ms;0;2652;97.248980;97248.980;1.000000;0.666668
interleaved_pod_1k_60sec_50ms;0;2653;97.299365;97299.365;1.000000;0.666668
interleaved_pod_1k_60sec_50ms;0;2654;97.349252;97349.252;1.000000;0.666668
interleaved_pod_1k_60sec_50ms;0;2655;97.399138;97399.138;1.000000;0.666668
interleaved_pod_1k_60sec_50ms;0;2656;97.449025;97449.025;1.000000;0.666668
interleaved_pod_1k_60sec_50ms;0;2657;97.499410;97499.410;1.000000;0.666668
interleaved_pod_1k_60sec_50ms;0;2658;97.549297;97549.297;1.000000;0.666668
interleaved_pod_1k_60sec_50ms;0;2659;97.599184;97599.184;1.000000;0.666668
interleaved_pod_1k_60sec_50ms;0;2660;97.649070;97649.070;1.000000;0.666668
interleaved_pod_1k_60sec_50ms;0;2661;97.698957;97698.957;1.000000;0.666668
interleaved_pod_1k_60sec_50ms;0;2662;97.749342;97749.342;1.000000;0.666668
interleaved_pod_1k_60sec_50ms;0;2663;97.799229;97799.229;1.000000;0.666668
interleaved_pod_1k_60sec_50ms;0;2664;97.849116;97849.116;1.000000;0.666668
interleaved_pod_1k_60sec_50ms;0;2665;97.899002;97899.002;1.000000;0.666668
interleaved_pod_1k_60sec_50ms;0;2666;97.949388;97949.388;1.000000;0.666668
interleaved_pod_1k_60sec_50ms;0;2667;97.999274;97999.274;1.000000;0.666668
interleaved_pod_1k_60sec_50ms;0;2668;98.049161;98049.161;1.000000;0.666668
interleaved_pod_1k_60sec_50ms;0;2669;98.099048;98099.048;1.000000;0.666668
interleaved_pod_1k_60sec_50ms;0;2670;98.149433;98149.433;1.000000;0.666668
interleaved_pod_1k_60sec_50ms;0;2671;98.199320;98199.320;1.000000;0.666668
interleaved_pod_1k_60sec_50ms;0;2672;98.249206;98249.206;1.000000;0.666668
interleaved_pod_1k_60sec_50ms;0;2673;98.299093;98299.093;1.000000;0.666668
interleaved_pod_1k_60sec_50ms;0;2674;98.348980;98348.980;1.000000;0.666668
interleaved_pod_1k_60sec_50ms;0;2675;98.364444;98364.444;0.760279;0.666668
interleaved_pod_1k_60sec_50ms;0;2676;98.370431;98370.431;0.957027;0.666668
interleaved_pod_1k_60sec_50ms;0;2677;98.377415;98377.415;0.695978;0.666668
interleaved_pod_1k_60sec_50ms;0;2678;98.389887;98389.887;0.874909;0.666668
interleaved_pod_1k_60sec_50ms;0;2679;98.396372;98396.372;1.000000;0.666668
interleaved_pod_1k_60sec_50ms;0;2680;98.449252;98449.252;1.000000;0.666668
interleaved_pod_1k_60sec_50ms;0;2681;98.459229;98459.229;0.814043;0.666668
interleaved_pod_1k_60sec_50ms;0;2682;98.473197;98473.197;0.920762;0.666668
interleaved_pod_1k_60sec_50ms;0;2683;98.480680;98480.680;0.865206;0.666668
interleaved_pod_1k_60sec_50ms;0;2684;98.488163;98488.163;1.000000;0.666668
interleaved_pod_1k_60sec_50ms;0;2685;98.496145;98496.145;0.939649;0.666668
interleaved_pod_1k_60sec_50ms;0;2686;98.549025;98549.025;1.000000;0.666668
interleaved_pod_1k_60sec_50ms;0;2687;98.554512;98554.512;0.717379;0.666668
interleaved_pod_1k_60sec_50ms;0;2688;98.562494;98562.494;0.831385;0.666668
interleaved_pod_1k_60sec_50ms;0;2689;98.570975;98570.975;0.946647;0.666668
interleaved_pod_1k_60sec_50ms;0;2690;98.579456;98579.456;0.933610;0.666668
interleaved_pod_1k_60sec_50ms;0;2691;98.589433;98589.433;0.757323;0.666668
interleaved_pod_1k_60sec_50ms;0;2692;98.599410;98599.410;1.000000;0.666668
interleaved_pod_1k_60sec_50ms;0;2693;98.649297;98649.297;1.000000;0.666668
interleaved_pod_1k_60sec_50ms;0;2694;98.669252;98669.252;0.718202;0.666668
interleaved_pod_1k_60sec_50ms;0;2695;98.676735;98676.735;1.000000;0.666668
interleaved_pod_1k_60sec_50ms;0;2696;98.683719;98683.719;1.000000;0.666668
interleaved_pod_1k_60sec_50ms;0;2697;98.691202;98691.202;0.952473;0.666668
interleaved_pod_1k_60sec_50ms;0;2698;98.697188;98697.188;0.764560;0.666668
interleaved_pod_1k_60sec_50ms;0;2699;98.749070;98749.070;1.000000;0.666668
interleaved_pod_1k_60sec_50ms;0;2700;98.756553;98756.553;1.000000;0.666668
interleaved_pod_1k_60sec_50ms;0;2701;98.765034;98765.034;0.669257;0.666668
interleaved_pod_1k_60sec_50ms;0;2702;98.772018;98772.018;0.841300;0.666668
interleaved_pod_1k_60sec_50ms;0;2703;98.780998;98780.998;0.668619;0.666668
interleaved_pod_1k_60sec_50ms;0;2704;98.788980;98788.980;0.687989;0.666668
interleaved_pod_1k_60sec_50ms;0;2705;98.798957;98798.957;1.000000;0.666668
interleaved_pod_1k_60sec_50ms;0;2706;98.849342;98849.342;1.000000;0.666668
interleaved_pod_1k_60sec_50ms;0;2707;98.855329;98855.329;0.797416;0.666668
interleaved_pod_1k_60sec_50ms;0;2708;98.864308;98864.308;0.773018;0.666668
interleaved_pod_1k_60sec_50ms;0;2709;98.870295;98870.295;0.738494;0.666668
interleaved_pod_1k_60sec_50ms;0;2710;98.878277;98878.277;1.000000;0.666668
interleaved_pod_1k_60sec_50ms;0;2711;98.885760;98885.760;0.876828;0.666668
interleaved_pod_1k_60sec_50ms;0;2712;98.893741;98893.741;0.767325;0.666668
interleaved_pod_1k_60sec_50ms;0;2713;98.899229;98899.229;1.000000;0.666668
interleaved_pod_1k_60sec_50ms;0;2714;98.949116;98949.116;1.000000;0.666668
interleaved_pod_1k_60sec_50ms;0;2715;98.959093;98959.093;1.000000;0.666668
interleaved_pod_1k_60sec_50ms;0;2716;98.965578;98965.578;0.672708;0.666668
interleaved_pod_1k_60sec_50ms;0;2717;98.971066;98971.066;1.000000;0.666668
interleaved_pod_1k_60sec_50ms;0;2718;98.978050;98978.050;1.000000;0.666668
interleaved_pod_1k_60sec_50ms;0;2719;98.985533;98985.533;0.813213;0.666668
interleaved_pod_1k_60sec_50ms;0;2720;98.992517;98992.517;0.801906;0.666668
interleaved_pod_1k_60sec_50ms;0;2721;98.999002;98999.002;1.000000;0.666668
interleaved_pod_1k_60sec_50ms;0;2722;99.049388;99049.388;1.000000;0.666668
interleaved_pod_1k_60sec_50ms;0;2723;99.058367;99058.367;0.902110;0.666668
interleaved_pod_1k_60sec_50ms;0;2724;99.065351;99065.351;1.000000;0.666668
interleaved_pod_1k_60sec_50ms;0;2725;99.072834;99072.834;0.683158;0.666668
interleaved_pod_1k_60sec_50ms;0;2726;99.082812;99082.812;0.668446;0.666668
interleaved_pod_1k_60sec_50ms;0;2727;99.093288;99093.288;0.934810;0.666668
interleaved_pod_1k_60sec_50ms;0;2728;99.099274;99099.274;1.000000;0.666668
interleaved_pod_1k_60sec_50ms;0;2729;99.149161;99149.161;1.000000;0.666668
interleaved_pod_1k_60sec_50ms;0;2730;99.158141;99158.141;0.666732;0.666668
interleaved_pod_1k_60sec_50ms;0;2731;99.166621;99166.621;0.676443;0.666668
interleaved_pod_1k_60sec_50ms;0;2732;99.173605;99173.605;0.838209;0.666668
interleaved_pod_1k_60sec_50ms;0;2733;99.181088;99181.088;0.883657;0.666668
interleaved_pod_1k_60sec_50ms;0;2734;99.199048;99199.048;1.000000;0.666668
interleaved_pod_1k_60sec_50ms;0;2735;99.249433;99249.433;1.000000;0.666668
interleaved_pod_1k_60sec_50ms;0;2736;99.266395;99266.395;0.671633;0.666668
interleaved_pod_1k_60sec_50ms;0;2737;99.279864;99279.864;0.997510;0.666668
interleaved_pod_1k_60sec_50ms;0;2738;99.288345;99288.345;1.000000;0.666668
interleaved_pod_1k_60sec_50ms;0;2739;99.293832;99293.832;0.729002;0.666668
interleaved_pod_1k_60sec_50ms;0;2740;99.299320;99299.320;1.000000;0.666668
interleaved_pod_1k_60sec_50ms;0;2741;99.349206;99349.206;1.000000;0.666668
interleaved_pod_1k_60sec_50ms;0;2742;99.355193;99355.193;1.000000;0.666668
interleaved_pod_1k_60sec_50ms;0;2743;99.361179;99361.179;0.820669;0.666668
interleaved_pod_1k_60sec_50ms;0;2744;99.366667;99366.667;0.772602;0.666668
interleaved_pod_1k_60sec_50ms;0;2745;99.373651;99373.651;0.918853;0.666668
interleaved_pod_1k_60sec_50ms;0;2746;99.379138;99379.138;0.719033;0.666668
interleaved_pod_1k_60sec_50ms;0;2747;99.387619;99387.619;0.709306;0.666668
interleaved_pod_1k_60sec_50ms;0;2748;99.396100;99396.100;0.856038;0.666668
interleaved_pod_1k_60sec_50ms;0;2749;99.448980;99448.980;1.000000;0.666668
interleaved_pod_1k_60sec_50ms;0;2750;99.454966;99454.966;1.000000;0.666668
interleaved_pod_1k_60sec_50ms;0;2751;99.462948;99462.948;0.760231;0.666668
interleaved_pod_1k_60sec_50ms;0;2752;99.472426;99472.426;1.000000;0.666668
interleaved_pod_1k_60sec_50ms;0;2753;99.477914;99477.914;0.829520;0.666668
interleaved_pod_1k_60sec_50ms;0;2754;99.483900;99483.900;0.997024;0.666668
interleaved_pod_1k_60sec_50ms;0;2755;99.493878;99493.878;0.711376;0.666668
interleaved_pod_1k_60sec_50ms;0;2756;99.499365;99499.365;1.000000;0.666668
interleaved_pod_1k_60sec_50ms;0;2757;99.549252;99549.252;1.000000;0.666668
interleaved_pod_1k_60sec_50ms;0;2758;99.565215;99565.215;0.674501;0.666668
interleaved_pod_1k_60sec_50ms;0;2759;99.599138;99599.138;1.000000;0.666668
interleaved_pod_1k_60sec_50ms;0;2760;99.649025;99649.025;1.000000;0.666668
interleaved_pod_1k_60sec_50ms;0;2761;99.699410;99699.410;1.000000;0.666668
interleaved_pod_1k_60sec_50ms;0;2762;99.749297;99749.297;1.000000;0.666668
interleaved_pod_1k_60sec_50ms;0;2763;99.799184;99799.184;1.000000;0.666668
interleaved_pod_1k_60sec_50ms;0;2764;99.849070;99849.070;1.000000;0.666668
interleaved_pod_1k_60sec_50ms;0;2765;99.899456;99899.456;1.000000;0.666668
interleaved_pod_1k_60sec_50ms;0;2766;99.949342;99949.342;1.000000;0.666668
interleaved_pod_1k_60sec_50ms;0;2767;99.958821;99958.821;0.690045;0.666668
interleaved_pod_1k_60sec_50ms;0;2768;99.969796;99969.796;0.680595;0.666668
interleaved_pod_1k_60sec_50ms;0;2769;99.999229;99999.229;1.000000;0.666668
interleaved_pod_1k_60sec_50ms;0;2770;100.049116;100049.116;1.000000;0.666668
interleaved_pod_1k_60sec_50ms;0;2771;100.099002;100099.002;1.000000;0.666668
interleaved_pod_1k_60sec_50ms;0;2772;100.149388;100149.388;1.000000;0.666668
interleaved_pod_1k_60sec_50ms;0;2773;100.199274;100199.274;1.000000;0.666668
interleaved_pod_1k_60sec_50ms;0;2774;100.249161;100249.161;1.000000;0.666668
interleaved_pod_1k_60sec_50ms;0;2775;100.299048;100299.048;1.000000;0.666668
interleaved_pod_1k_60sec_50ms;0;2776;100.349433;100349.433;1.000000;0.666668
interleaved_pod_1k_60sec_50ms;0;2777;100.381361;100381.361;0.797681;0.666668
interleaved_pod_1k_60sec_50ms;0;2778;100.388844;100388.844;0.678459;0.666668
interleaved_pod_1k_60sec_50ms;0;2779;100.396825;100396.825;1.000000;0.666668
interleaved_pod_1k_60sec_50ms;0;2780;100.449206;100449.206;1.000000;0.666668
interleaved_pod_1k_60sec_50ms;0;2781;100.456689;100456.689;0.719437;0.666668
interleaved_pod_1k_60sec_50ms;0;2782;100.462177;100462.177;1.000000;0.666668
interleaved_pod_1k_60sec_50ms;0;2783;100.469161;100469.161;0.706757;0.666668
interleaved_pod_1k_60sec_50ms;0;2784;100.476145;100476.145;0.790592;0.666668
interleaved_pod_1k_60sec_50ms;0;2785;100.483129;100483.129;0.902605;0.666668
interleaved_pod_1k_60sec_50ms;0;2786;100.490113;100490.113;1.000000;0.666668
interleaved_pod_1k_60sec_50ms;0;2787;100.497098;100497.098;0.848357;0.666668
interleaved_pod_1k_60sec_50ms;0;2788;100.548980;100548.980;1.000000;0.666668
interleaved_pod_1k_60sec_50ms;0;2789;100.560454;100560.454;1.000000;0.666668
interleaved_pod_1k_60sec_50ms;0;2790;100.567438;100567.438;0.828927;0.666668
interleaved_pod_1k_60sec_50ms;0;2791;100.573923;100573.923;0.806972;0.666668
interleaved_pod_1k_60sec_50ms;0;2792;100.580408;100580.408;0.763904;0.666668
interleaved_pod_1k_60sec_50ms;0;2793;100.586893;100586.893;0.722442;0.666668
interleaved_pod_1k_60sec_50ms;0;2794;100.593379;100593.379;0.741256;0.666668
interleaved_pod_1k_60sec_50ms;0;2795;100.599365;100599.365;1.000000;0.666668
interleaved_pod_1k_60sec_50ms;0;2796;100.649252;100649.252;1.000000;0.666668
interleaved_pod_1k_60sec_50ms;0;2797;100.656735;100656.735;0.907449;0.666668
interleaved_pod_1k_60sec_50ms;0;2798;100.663220;100663.220;0.748632;0.666668
interleaved_pod_1k_60sec_50ms;0;2799;100.669705;100669.705;0.742886;0.666668
interleaved_pod_1k_60sec_50ms;0;2800;100.696644;100696.644;0.681737;0.666668
interleaved_pod_1k_60sec_50ms;0;2801;100.749025;100749.025;1.000000;0.666668
interleaved_pod_1k_60sec_50ms;0;2802;100.760000;100760.000;0.668800;0.666668
interleaved_pod_1k_60sec_50ms;0;2803;100.766984;100766.984;0.678565;0.666668
interleaved_pod_1k_60sec_50ms;0;2804;100.773968;100773.968;0.734091;0.666668
interleaved_pod_1k_60sec_50ms;0;2805;100.781950;100781.950;0.894266;0.666668
interleaved_pod_1k_60sec_50ms;0;2806;100.787438;100787.438;0.715692;0.666668
interleaved_pod_1k_60sec_50ms;0;2807;100.799410;100799.410;1.000000;0.666668
interleaved_pod_1k_60sec_50ms;0;2808;100.849297;100849.297;1.000000;0.666668
interleaved_pod_1k_60sec_50ms;0;2809;100.899184;100899.184;1.000000;0.666668
interleaved_pod_1k_60sec_50ms;0;2810;100.949070;100949.070;1.000000;0.666668
interleaved_pod_1k_60sec_50ms;0;2811;100.998957;100998.957;1.000000;0.666668
interleaved_pod_1k_60sec_50ms;0;2812;101.049342;101049.342;1.000000;0.666668
interleaved_pod_1k_60sec_50ms;0;2813;101.099229;101099.229;1.000000;0.666668
interleaved_pod_1k_60sec_50ms;0;2814;101.149116;101149.116;1.000000;0.666668
interleaved_pod_1k_60sec_50ms;0;2815;101.199002;101199.002;1.000000;0.666668
interleaved_pod_1k_60sec_50ms;0;2816;101.249388;101249.388;1.000000;0.666668
interleaved_pod_1k_60sec_50ms;0;2817;101.263855;101263.855;0.887401;0.666668
interleaved_pod_1k_60sec_50ms;0;2818;101.271837;101271.837;0.861590;0.666668
interleaved_pod_1k_60sec_50ms;0;2819;101.280317;101280.317;0.688835;0.666668
interleaved_pod_1k_60sec_50ms;0;2820;101.288299;101288.299;0.955975;0.666668
interleaved_pod_1k_60sec_50ms;0;2821;101.296780;101296.780;1.000000;0.666668
interleaved_pod_1k_60sec_50ms;0;2822;101.349161;101349.161;1.000000;0.666668
interleaved_pod_1k_60sec_50ms;0;2823;101.355646;101355.646;0.708398;0.666668
interleaved_pod_1k_60sec_50ms;0;2824;101.364127;101364.127;1.000000;0.666668
interleaved_pod_1k_60sec_50ms;0;2825;101.373107;101373.107;0.734004;0.666668
interleaved_pod_1k_60sec_50ms;0;2826;101.391066;101391.066;0.682894;0.666668
interleaved_pod_1k_60sec_50ms;0;2827;101.399048;101399.048;1.000000;0.666668
interleaved_pod_1k_60sec_50ms;0;2828;101.449433;101449.433;1.000000;0.666668
interleaved_pod_1k_60sec_50ms;0;2829;101.499320;101499.320;1.000000;0.666668
interleaved_pod_1k_60sec_50ms;0;2830;101.549206;101549.206;1.000000;0.666668
interleaved_pod_1k_60sec_50ms;0;2831;101.599093;101599.093;1.000000;0.666668
interleaved_pod_1k_60sec_50ms;0;2832;101.648980;101648.980;1.000000;0.666668
interleaved_pod_1k_60sec_50ms;0;2833;101.699365;101699.365;1.000000;0.666668
interleaved_pod_1k_60sec_50ms;0;2834;101.749252;101749.252;1.000000;0.666668
interleaved_pod_1k_60sec_50ms;0;2835;101.799138;101799.138;1.000000;0.666668
interleaved_pod_1k_60sec_50ms;0;2836;101.849025;101849.025;1.000000;0.666668
interleaved_pod_1k_60sec_50ms;0;2837;101.899410;101899.410;1.000000;0.666668
interleaved_pod_1k_60sec_50ms;0;2838;101.949297;101949.297;1.000000;0.666668
interleaved_pod_1k_60sec_50ms;0;2839;101.999184;101999.184;1.000000;0.666668
interleaved_pod_1k_60sec_50ms;0;2840;102.049070;102049.070;1.000000;0.666668
interleaved_pod_1k_60sec_50ms;0;2841;102.056054;102056.054;0.824013;0.666668
interleaved_pod_1k_60sec_50ms;0;2842;102.063039;102063.039;0.716008;0.666668
interleaved_pod_1k_60sec_50ms;0;2843;102.072018;102072.018;0.737804;0.666668
interleaved_pod_1k_60sec_50ms;0;2844;102.080499;102080.499;0.677759;0.666668
interleaved_pod_1k_60sec_50ms;0;2845;102.097959;102097.959;0.876293;0.666668
interleaved_pod_1k_60sec_50ms;0;2846;102.149342;102149.342;1.000000;0.666668
interleaved_pod_1k_60sec_50ms;0;2847;102.156825;102156.825;0.856375;0.666668
interleaved_pod_1k_60sec_50ms;0;2848;102.165805;102165.805;0.749021;0.666668
interleaved_pod_1k_60sec_50ms;0;2849;102.174785;102174.785;0.727951;0.666668
interleaved_pod_1k_60sec_50ms;0;2850;102.183764;102183.764;0.724870;0.666668
interleaved_pod_1k_60sec_50ms;0;2851;102.192744;102192.744;0.739503;0.666668
interleaved_pod_1k_60sec_50ms;0;2852;102.199229;102199.229;1.000000;0.666668
interleaved_pod_1k_60sec_50ms;0;2853;102.249116;102249.116;1.000000;0.666668
interleaved_pod_1k_60sec_50ms;0;2854;102.262585;102262.585;0.823428;0.666668
interleaved_pod_1k_60sec_50ms;0;2855;102.270068;102270.068;0.786743;0.666668
interleaved_pod_1k_60sec_50ms;0;2856;102.279546;102279.546;0.680895;0.666668
interleaved_pod_1k_60sec_50ms;0;2857;102.290023;102290.023;0.681811;0.666668
interleaved_pod_1k_60sec_50ms;0;2858;102.299002;102299.002;1.000000;0.666668
interleaved_pod_1k_60sec_50ms;0;2859;102.349388;102349.388;1.000000;0.666668
interleaved_pod_1k_60sec_50ms;0;2860;102.399274;102399.274;1.000000;0.666668
interleaved_pod_1k_60sec_50ms;0;2861;102.449161;102449.161;1.000000;0.666668
interleaved_pod_1k_60sec_50ms;0;2862;102.499048;102499.048;1.000000;0.666668
interleaved_pod_1k_60sec_50ms;0;2863;102.549433;102549.433;1.000000;0.666668
interleaved_pod_1k_60sec_50ms;0;2864;102.599320;102599.320;1.000000;0.666668
interleaved_pod_1k_60sec_50ms;0;2865;102.649206;102649.206;1.000000;0.666668
interleaved_pod_1k_60sec_50ms;0;2866;102.699093;102699.093;1.000000;0.666668
interleaved_pod_1k_60sec_50ms;0;2867;102.748980;102748.980;1.000000;0.666668
interleaved_pod_1k_60sec_50ms;0;2868;102.799365;102799.365;1.000000;0.666668
interleaved_pod_1k_60sec_50ms;0;2869;102.849252;102849.252;1.000000;0.666668
interleaved_pod_1k_60sec_50ms;0;2870;102.871701;102871.701;0.719020;0.666668
interleaved_pod_1k_60sec_50ms;0;2871;102.899138;102899.138;1.000000;0.666668
interleaved_pod_1k_60sec_50ms;0;2872;102.949025;102949.025;1.000000;0.666668
interleaved_pod_1k_60sec_50ms;0;2873;102.999410;102999.410;1.000000;0.666668
interleaved_pod_1k_60sec_50ms;0;2874;103.049297;103049.297;1.000000;0.666668
interleaved_pod_1k_60sec_50ms;0;2875;103.099184;103099.184;1.000000;0.666668
interleaved_pod_1k_60sec_50ms;0;2876;103.149070;103149.070;1.000000;0.666668
interleaved_pod_1k_60sec_50ms;0;2877;103.198957;103198.957;1.000000;0.666668
interleaved_pod_1k_60sec_50ms;0;2878;103.249342;103249.342;1.000000;0.666668
interleaved_pod_1k_60sec_50ms;0;2879;103.299229;103299.229;1.000000;0.666668
interleaved_pod_1k_60sec_50ms;0;2880;103.349116;103349.116;1.000000;0.666668
interleaved_pod_1k_60sec_50ms;0;2881;103.399002;103399.002;1.000000;0.666668
interleaved_pod_1k_60sec_50ms;0;2882;103.449388;103449.388;1.000000;0.666668
interleaved_pod_1k_60sec_50ms;0;2883;103.499274;103499.274;1.000000;0.666668
interleaved_pod_1k_60sec_50ms;0;2884;103.549161;103549.161;1.000000;0.666668
interleaved_pod_1k_60sec_50ms;0;2885;103.599048;103599.048;1.000000;0.666668
interleaved_pod_1k_60sec_50ms;0;2886;103.649433;103649.433;1.000000;0.666668
interleaved_pod_1k_60sec_50ms;0;2887;103.699320;103699.320;1.000000;0.666668
interleaved_pod_1k_60sec_50ms;0;2888;103.749206;103749.206;1.000000;0.666668
interleaved_pod_1k_60sec_50ms;0;2889;103.799093;103799.093;1.000000;0.666668
interleaved_pod_1k_60sec_50ms;0;2890;103.848980;103848.980;1.000000;0.666668
interleaved_pod_1k_60sec_50ms;0;2891;103.899365;103899.365;1.000000;0.666668
interleaved_pod_1k_60sec_50ms;0;2892;103.949252;103949.252;1.000000;0.666668
interleaved_pod_1k_60sec_50ms;0;2893;103.999138;103999.138;1.000000;0.666668
interleaved_pod_1k_60sec_50ms;0;2894;104.049025;104049.025;1.000000;0.666668
interleaved_pod_1k_60sec_50ms;0;2895;104.099410;104099.410;1.000000;0.666668
interleaved_pod_1k_60sec_50ms;0;2896;104.149297;104149.297;1.000000;0.666668
interleaved_pod_1k_60sec_50ms;0;2897;104.199184;104199.184;1.000000;0.666668
interleaved_pod_1k_60sec_50ms;0;2898;104.249070;104249.070;1.000000;0.666668
interleaved_pod_1k_60sec_50ms;0;2899;104.299456;104299.456;1.000000;0.666668
interleaved_pod_1k_60sec_50ms;0;2900;104.349342;104349.342;1.000000;0.666668
interleaved_pod_1k_60sec_50ms;0;2901;104.399229;104399.229;1.000000;0.666668
interleaved_pod_1k_60sec_50ms;0;2902;104.449116;104449.116;1.000000;0.666668
interleaved_pod_1k_60sec_50ms;0;2903;104.499002;104499.002;1.000000;0.666668
interleaved_pod_1k_60sec_50ms;0;2904;104.549388;104549.388;1.000000;0.666668
interleaved_pod_1k_60sec_50ms;0;2905;104.599274;104599.274;1.000000;0.666668
interleaved_pod_1k_60sec_50ms;0;2906;104.649161;104649.161;1.000000;0.666668
interleaved_pod_1k_60sec_50ms;0;2907;104.699048;104699.048;1.000000;0.666668
interleaved_pod_1k_60sec_50ms;0;2908;104.749433;104749.433;1.000000;0.666668
interleaved_pod_1k_60sec_50ms;0;2909;104.799320;104799.320;1.000000;0.666668
interleaved_pod_1k_60sec_50ms;0;2910;104.849206;104849.206;1.000000;0.666668
interleaved_pod_1k_60sec_50ms;0;2911;104.899093;104899.093;1.000000;0.666668
interleaved_pod_1k_60sec_50ms;0;2912;104.948980;104948.980;1.000000;0.666668
interleaved_pod_1k_60sec_50ms;0;2913;104.999365;104999.365;1.000000;0.666668
interleaved_pod_1k_60sec_50ms;0;2914;105.049252;105049.252;1.000000;0.666668
interleaved_pod_1k_60sec_50ms;0;2915;105.099138;105099.138;1.000000;0.666668
interleaved_pod_1k_60sec_50ms;0;2916;105.149025;105149.025;1.000000;0.666668
interleaved_pod_1k_60sec_50ms;0;2917;105.199410;105199.410;1.000000;0.666668
interleaved_pod_1k_60sec_50ms;0;2918;105.249297;105249.297;1.000000;0.666668
interleaved_pod_1k_60sec_50ms;0;2919;105.299184;105299.184;1.000000;0.666668
interleaved_pod_1k_60sec_50ms;0;2920;105.349070;105349.070;1.000000;0.666668
interleaved_pod_1k_60sec_50ms;0;2921;105.398957;105398.957;1.000000;0.666668
interleaved_pod_1k_60sec_50ms;0;2922;105.449342;105449.342;1.000000;0.666668
interleaved_pod_1k_60sec_50ms;0;2923;105.499229;105499.229;1.000000;0.666668
interleaved_pod_1k_60sec_50ms;0;2924;105.549116;105549.116;1.000000;0.666668
interleaved_pod_1k_60sec_50ms;0;2925;105.599002;105599.002;1.000000;0.666668
interleaved_pod_1k_60sec_50ms;0;2926;105.649388;105649.388;1.000000;0.666668
interleaved_pod_1k_60sec_50ms;0;2927;105.699274;105699.274;1.000000;0.666668
interleaved_pod_1k_60sec_50ms;0;2928;105.749161;105749.161;1.000000;0.666668
interleaved_pod_1k_60sec_50ms;0;2929;105.799048;105799.048;1.000000;0.666668
interleaved_pod_1k_60sec_50ms;0;2930;105.849433;105849.433;1.000000;0.666668
interleaved_pod_1k_60sec_50ms;0;2931;105.899320;105899.320;1.000000;0.666668
interleaved_pod_1k_60sec_50ms;0;2932;105.949206;105949.206;1.000000;0.666668
interleaved_pod_1k_60sec_50ms;0;2933;105.999093;105999.093;1.000000;0.666668
interleaved_pod_1k_60sec_50ms;0;2934;106.048980;106048.980;1.000000;0.666668
interleaved_pod_1k_60sec_50ms;0;2935;106.099365;106099.365;1.000000;0.666668
interleaved_pod_1k_60sec_50ms;0;2936;106.149252;106149.252;1.000000;0.666668
interleaved_pod_1k_60sec_50ms;0;2937;106.199138;106199.138;1.000000;0.666668
interleaved_pod_1k_60sec_50ms;0;2938;106.249025;106249.025;1.000000;0.666668
interleaved_pod_1k_60sec_50ms;0;2939;106.299410;106299.410;1.000000;0.666668
interleaved_pod_1k_60sec_50ms;0;2940;106.349297;106349.297;1.000000;0.666668
interleaved_pod_1k_60sec_50ms;0;2941;106.379229;106379.229;0.834108;0.666668
interleaved_pod_1k_60sec_50ms;0;2942;106.390204;106390.204;0.824382;0.666668
interleaved_pod_1k_60sec_50ms;0;2943;106.398685;106398.685;1.000000;0.666668
interleaved_pod_1k_60sec_50ms;0;2944;106.449070;106449.070;1.000000;0.666668
interleaved_pod_1k_60sec_50ms;0;2945;106.459048;106459.048;0.816546;0.666668
interleaved_pod_1k_60sec_50ms;0;2946;106.469025;106469.025;0.826580;0.666668
interleaved_pod_1k_60sec_50ms;0;2947;106.479002;106479.002;0.839911;0.666668
interleaved_pod_1k_60sec_50ms;0;2948;106.498957;106498.957;1.000000;0.666668
interleaved_pod_1k_60sec_50ms;0;2949;106.549342;106549.342;1.000000;0.666668
interleaved_pod_1k_60sec_50ms;0;2950;106.571293;106571.293;0.685110;0.666668
interleaved_pod_1k_60sec_50ms;0;2951;106.599229;106599.229;1.000000;0.666668
interleaved_pod_1k_60sec_50ms;0;2952;106.649116;106649.116;1.000000;0.666668
interleaved_pod_1k_60sec_50ms;0;2953;106.699002;106699.002;1.000000;0.666668
interleaved_pod_1k_60sec_50ms;0;2954;106.749388;106749.388;1.000000;0.666668
interleaved_pod_1k_60sec_50ms;0;2955;106.799274;106799.274;1.000000;0.666668
interleaved_pod_1k_60sec_50ms;0;2956;106.849161;106849.161;1.000000;0.666668
interleaved_pod_1k_60sec_50ms;0;2957;106.899048;106899.048;1.000000;0.666668
interleaved_pod_1k_60sec_50ms;0;2958;106.949433;106949.433;1.000000;0.666668
interleaved_pod_1k_60sec_50ms;0;2959;106.999320;106999.320;1.000000;0.666668
interleaved_pod_1k_60sec_50ms;0;2960;107.049206;107049.206;1.000000;0.666668
interleaved_pod_1k_60sec_50ms;0;2961;107.099093;107099.093;1.000000;0.666668
interleaved_pod_1k_60sec_50ms;0;2962;107.148980;107148.980;1.000000;0.666668
interleaved_pod_1k_60sec_50ms;0;2963;107.199365;107199.365;1.000000;0.666668
interleaved_pod_1k_60sec_50ms;0;2964;107.249252;107249.252;1.000000;0.666668
interleaved_pod_1k_60sec_50ms;0;2965;107.299138;107299.138;1.000000;0.666668
interleaved_pod_1k_60sec_50ms;0;2966;107.349025;107349.025;1.000000;0.666668
interleaved_pod_1k_60sec_50ms;0;2967;107.399410;107399.410;1.000000;0.666668
interleaved_pod_1k_60sec_50ms;0;2968;107.449297;107449.297;1.000000;0.666668
interleaved_pod_1k_60sec_50ms;0;2969;107.499184;107499.184;1.000000;0.666668
interleaved_pod_1k_60sec_50ms;0;2970;107.549070;107549.070;1.000000;0.666668
interleaved_pod_1k_60sec_50ms;0;2971;107.598957;107598.957;1.000000;0.666668
interleaved_pod_1k_60sec_50ms;0;2972;107.649342;107649.342;1.000000;0.666668
interleaved_pod_1k_60sec_50ms;0;2973;107.699229;107699.229;1.000000;0.666668
interleaved_pod_1k_60sec_50ms;0;2974;107.749116;107749.116;1.000000;0.666668
interleaved_pod_1k_60sec_50ms;0;2975;107.799002;107799.002;1.000000;0.666668
interleaved_pod_1k_60sec_50ms;0;2976;107.849388;107849.388;1.000000;0.666668
interleaved_pod_1k_60sec_50ms;0;2977;107.861361;107861.361;0.727026;0.666668
interleaved_pod_1k_60sec_50ms;0;2978;107.899274;107899.274;1.000000;0.666668
interleaved_pod_1k_60sec_50ms;0;2979;107.949161;107949.161;1.000000;0.666668
interleaved_pod_1k_60sec_50ms;0;2980;107.999048;107999.048;1.000000;0.666668
interleaved_pod_1k_60sec_50ms;0;2981;108.049433;108049.433;1.000000;0.666668
interleaved_pod_1k_60sec_50ms;0;2982;108.099320;108099.320;1.000000;0.666668
interleaved_pod_1k_60sec_50ms;0;2983;108.149206;108149.206;1.000000;0.666668
interleaved_pod_1k_60sec_50ms;0;2984;108.160181;108160.181;0.702611;0.666668
interleaved_pod_1k_60sec_50ms;0;2985;108.166168;108166.168;0.771904;0.666668
interleaved_pod_1k_60sec_50ms;0;2986;108.172154;108172.154;0.800632;0.666668
interleaved_pod_1k_60sec_50ms;0;2987;108.179138;108179.138;0.701889;0.666668
interleaved_pod_1k_60sec_50ms;0;2988;108.185125;108185.125;0.693195;0.666668
interleaved_pod_1k_60sec_50ms;0;2989;108.192608;108192.608;0.700790;0.666668
interleaved_pod_1k_60sec_50ms;0;2990;108.199093;108199.093;1.000000;0.666668
interleaved_pod_1k_60sec_50ms;0;2991;108.248980;108248.980;1.000000;0.666668
interleaved_pod_1k_60sec_50ms;0;2992;108.256463;108256.463;0.718761;0.666668
interleaved_pod_1k_60sec_50ms;0;2993;108.262948;108262.948;0.917236;0.666668
interleaved_pod_1k_60sec_50ms;0;2994;108.269932;108269.932;0.773161;0.666668
interleaved_pod_1k_60sec_50ms;0;2995;108.276417;108276.417;1.000000;0.666668
interleaved_pod_1k_60sec_50ms;0;2996;108.283401;108283.401;0.782059;0.666668
interleaved_pod_1k_60sec_50ms;0;2997;108.290385;108290.385;1.000000;0.666668
interleaved_pod_1k_60sec_50ms;0;2998;108.296871;108296.871;1.000000;0.666668
interleaved_pod_1k_60sec_50ms;0;2999;108.349252;108349.252;1.000000;0.666668
interleaved_pod_1k_60sec_50ms;0;3000;108.361224;108361.224;0.841472;0.666668
interleaved_pod_1k_60sec_50ms;0;3001;108.368707;108368.707;0.717441;0.666668
interleaved_pod_1k_60sec_50ms;0;3002;108.375692;108375.692;0.986578;0.666668
interleaved_pod_1k_60sec_50ms;0;3003;108.383175;108383.175;0.725748;0.666668
interleaved_pod_1k_60sec_50ms;0;3004;108.390159;108390.159;0.832519;0.666668
interleaved_pod_1k_60sec_50ms;0;3005;108.397143;108397.143;0.787754;0.666668
interleaved_pod_1k_60sec_50ms;0;3006;108.449025;108449.025;1.000000;0.666668
interleaved_pod_1k_60sec_50ms;0;3007;108.454512;108454.512;0.959630;0.666668
interleaved_pod_1k_60sec_50ms;0;3008;108.461995;108461.995;0.690820;0.666668
interleaved_pod_1k_60sec_50ms;0;3009;108.468980;108468.980;0.767505;0.666668
interleaved_pod_1k_60sec_50ms;0;3010;108.475964;108475.964;1.000000;0.666668
interleaved_pod_1k_60sec_50ms;0;3011;108.483447;108483.447;0.820267;0.666668
interleaved_pod_1k_60sec_50ms;0;3012;108.490431;108490.431;0.769538;0.666668
interleaved_pod_1k_60sec_50ms;0;3013;108.497415;108497.415;1.000000;0.666668
interleaved_pod_1k_60sec_50ms;0;3014;108.549297;108549.297;1.000000;0.666668
interleaved_pod_1k_60sec_50ms;0;3015;108.554785;108554.785;0.836134;0.666668
interleaved_pod_1k_60sec_50ms;0;3016;108.561769;108561.769;0.781244;0.666668
interleaved_pod_1k_60sec_50ms;0;3017;108.569252;108569.252;0.826582;0.666668
interleaved_pod_1k_60sec_50ms;0;3018;108.576735;108576.735;0.821796;0.666668
interleaved_pod_1k_60sec_50ms;0;3019;108.584717;108584.717;0.730189;0.666668
interleaved_pod_1k_60sec_50ms;0;3020;108.592200;108592.200;0.879858;0.666668
interleaved_pod_1k_60sec_50ms;0;3021;108.599184;108599.184;1.000000;0.666668
interleaved_pod_1k_60sec_50ms;0;3022;108.649070;108649.070;1.000000;0.666668
interleaved_pod_1k_60sec_50ms;0;3023;108.658050;108658.050;1.000000;0.666668
interleaved_pod_1k_60sec_50ms;0;3024;108.665533;108665.533;0.695928;0.666668
interleaved_pod_1k_60sec_50ms;0;3025;108.675011;108675.011;0.720141;0.666668
interleaved_pod_1k_60sec_50ms;0;3026;108.683991;108683.991;0.753856;0.666668
interleaved_pod_1k_60sec_50ms;0;3027;108.692472;108692.472;0.721393;0.666668
interleaved_pod_1k_60sec_50ms;0;3028;108.699456;108699.456;1.000000;0.666668
interleaved_pod_1k_60sec_50ms;0;3029;108.749342;108749.342;1.000000;0.666668
interleaved_pod_1k_60sec_50ms;0;3030;108.755828;108755.828;0.751603;0.666668
interleaved_pod_1k_60sec_50ms;0;3031;108.761315;108761.315;0.720495;0.666668
interleaved_pod_1k_60sec_50ms;0;3032;108.770794;108770.794;0.735751;0.666668
interleaved_pod_1k_60sec_50ms;0;3033;108.780272;108780.272;0.812417;0.666668
interleaved_pod_1k_60sec_50ms;0;3034;108.792245;108792.245;0.685410;0.666668
interleaved_pod_1k_60sec_50ms;0;3035;108.799229;108799.229;1.000000;0.666668
interleaved_pod_1k_60sec_50ms;0;3036;108.849116;108849.116;1.000000;0.666668
interleaved_pod_1k_60sec_50ms;0;3037;108.899002;108899.002;1.000000;0.666668
interleaved_pod_1k_60sec_50ms;0;3038;108.949388;108949.388;1.000000;0.666668
interleaved_pod_1k_60sec_50ms;0;3039;108.999274;108999.274;1.000000;0.666668
interleaved_pod_1k_60sec_50ms;0;3040;109.049161;109049.161;1.000000;0.666668
interleaved_pod_1k_60sec_50ms;0;3041;109.099048;109099.048;1.000000;0.666668
interleaved_pod_1k_60sec_50ms;0;3042;109.149433;109149.433;1.000000;0.666668
interleaved_pod_1k_60sec_50ms;0;3043;109.199320;109199.320;1.000000;0.666668
interleaved_pod_1k_60sec_50ms;0;3044;109.249206;109249.206;1.000000;0.666668
interleaved_pod_1k_60sec_50ms;0;3045;109.276644;109276.644;0.807504;0.666668
interleaved_pod_1k_60sec_50ms;0;3046;109.290612;109290.612;0.685995;0.666668
interleaved_pod_1k_60sec_50ms;0;3047;109.299093;109299.093;1.000000;0.666668
interleaved_pod_1k_60sec_50ms;0;3048;109.348980;109348.980;1.000000;0.666668
interleaved_pod_1k_60sec_50ms;0;3049;109.399365;109399.365;1.000000;0.666668
interleaved_pod_1k_60sec_50ms;0;3050;109.449252;109449.252;1.000000;0.666668
interleaved_pod_1k_60sec_50ms;0;3051;109.499138;109499.138;1.000000;0.666668
interleaved_pod_1k_60sec_50ms;0;3052;109.549025;109549.025;1.000000;0.666668
interleaved_pod_1k_60sec_50ms;0;3053;109.562494;109562.494;0.835212;0.666668
interleaved_pod_1k_60sec_50ms;0;3054;109.569478;109569.478;0.709378;0.666668
interleaved_pod_1k_60sec_50ms;0;3055;109.576463;109576.463;0.893648;0.666668
interleaved_pod_1k_60sec_50ms;0;3056;109.581950;109581.950;0.720196;0.666668
interleaved_pod_1k_60sec_50ms;0;3057;109.589433;109589.433;0.861250;0.666668
interleaved_pod_1k_60sec_50ms;0;3058;109.596417;109596.417;0.814552;0.666668
interleaved_pod_1k_60sec_50ms;0;3059;109.649297;109649.297;1.000000;0.666668
interleaved_pod_1k_60sec_50ms;0;3060;109.699184;109699.184;1.000000;0.666668
interleaved_pod_1k_60sec_50ms;0;3061;109.749070;109749.070;1.000000;0.666668
interleaved_pod_1k_60sec_50ms;0;3062;109.799456;109799.456;1.000000;0.666668
interleaved_pod_1k_60sec_50ms;0;3063;109.849342;109849.342;1.000000;0.666668
interleaved_pod_1k_60sec_50ms;0;3064;109.857324;109857.324;0.873409;0.666668
interleaved_pod_1k_60sec_50ms;0;3065;109.864807;109864.807;0.881364;0.666668
interleaved_pod_1k_60sec_50ms;0;3066;109.870295;109870.295;0.768761;0.666668
interleaved_pod_1k_60sec_50ms;0;3067;109.877279;109877.279;0.762085;0.666668
interleaved_pod_1k_60sec_50ms;0;3068;109.884762;109884.762;0.964634;0.666668
interleaved_pod_1k_60sec_50ms;0;3069;109.892744;109892.744;0.687135;0.666668
interleaved_pod_1k_60sec_50ms;0;3070;109.899229;109899.229;1.000000;0.666668
interleaved_pod_1k_60sec_50ms;0;3071;109.949116;109949.116;1.000000;0.666668
interleaved_pod_1k_60sec_50ms;0;3072;109.958095;109958.095;0.669828;0.666668
interleaved_pod_1k_60sec_50ms;0;3073;109.966077;109966.077;0.837499;0.666668
interleaved_pod_1k_60sec_50ms;0;3074;109.973560;109973.560;0.945413;0.666668
interleaved_pod_1k_60sec_50ms;0;3075;109.981542;109981.542;0.750875;0.666668
interleaved_pod_1k_60sec_50ms;0;3076;109.989524;109989.524;0.699504;0.666668
interleaved_pod_1k_60sec_50ms;0;3077;109.997007;109997.007;0.736972;0.666668
interleaved_pod_1k_60sec_50ms;0;3078;110.049388;110049.388;1.000000;0.666668
interleaved_pod_1k_60sec_50ms;0;3079;110.055873;110055.873;0.847184;0.666668
interleaved_pod_1k_60sec_50ms;0;3080;110.062857;110062.857;0.801688;0.666668
interleaved_pod_1k_60sec_50ms;0;3081;110.068345;110068.345;0.734319;0.666668
interleaved_pod_1k_60sec_50ms;0;3082;110.076327;110076.327;0.819948;0.666668
interleaved_pod_1k_60sec_50ms;0;3083;110.083311;110083.311;0.693902;0.666668
interleaved_pod_1k_60sec_50ms;0;3084;110.089796;110089.796;0.692954;0.666668
interleaved_pod_1k_60sec_50ms;0;3085;110.096281;110096.281;0.708044;0.666668
interleaved_pod_1k_60sec_50ms;0;3086;110.149161;110149.161;1.000000;0.666668
interleaved_pod_1k_60sec_50ms;0;3087;110.158639;110158.639;0.733227;0.666668
interleaved_pod_1k_60sec_50ms;0;3088;110.164626;110164.626;0.820249;0.666668
interleaved_pod_1k_60sec_50ms;0;3089;110.170113;110170.113;1.000000;0.666668
interleaved_pod_1k_60sec_50ms;0;3090;110.176100;110176.100;0.736262;0.666668
interleaved_pod_1k_60sec_50ms;0;3091;110.181587;110181.587;0.919860;0.666668
interleaved_pod_1k_60sec_50ms;0;3092;110.187574;110187.574;1.000000;0.666668
interleaved_pod_1k_60sec_50ms;0;3093;110.193560;110193.560;0.745884;0.666668
interleaved_pod_1k_60sec_50ms;0;3094;110.199048;110199.048;1.000000;0.666668
interleaved_pod_1k_60sec_50ms;0;3095;110.249433;110249.433;1.000000;0.666668
interleaved_pod_1k_60sec_50ms;0;3096;110.299320;110299.320;1.000000;0.666668
interleaved_pod_1k_60sec_50ms;0;3097;110.349206;110349.206;1.000000;0.666668
interleaved_pod_1k_60sec_50ms;0;3098;110.394104;110394.104;0.797981;0.666668
interleaved_pod_1k_60sec_50ms;0;3099;110.399592;110399.592;1.000000;0.666668
interleaved_pod_1k_60sec_50ms;0;3100;110.449478;110449.478;1.000000;0.666668
interleaved_pod_1k_60sec_50ms;0;3101;110.454966;110454.966;0.895377;0.666668
interleaved_pod_1k_60sec_50ms;0;3102;110.460952;110460.952;1.000000;0.666668
interleaved_pod_1k_60sec_50ms;0;3103;110.467438;110467.438;0.724723;0.666668
interleaved_pod_1k_60sec_50ms;0;3104;110.473424;110473.424;0.890643;0.666668
interleaved_pod_1k_60sec_50ms;0;3105;110.483401;110483.401;0.967956;0.666668
interleaved_pod_1k_60sec_50ms;0;3106;110.499365;110499.365;1.000000;0.666668
interleaved_pod_1k_60sec_50ms;0;3107;110.549252;110549.252;1.000000;0.666668
interleaved_pod_1k_60sec_50ms;0;3108;110.599138;110599.138;1.000000;0.666668
interleaved_pod_1k_60sec_50ms;0;3109;110.649025;110649.025;1.000000;0.666668
interleaved_pod_1k_60sec_50ms;0;3110;110.699410;110699.410;1.000000;0.666668
interleaved_pod_1k_60sec_50ms;0;3111;110.749297;110749.297;1.000000;0.666668
interleaved_pod_1k_60sec_50ms;0;3112;110.769252;110769.252;0.730252;0.666668
interleaved_pod_1k_60sec_50ms;0;3113;110.776236;110776.236;0.738711;0.666668
interleaved_pod_1k_60sec_50ms;0;3114;110.782222;110782.222;0.760781;0.666668
interleaved_pod_1k_60sec_50ms;0;3115;110.789705;110789.705;0.739334;0.666668
interleaved_pod_1k_60sec_50ms;0;3116;110.796190;110796.190;0.729936;0.666668
interleaved_pod_1k_60sec_50ms;0;3117;110.849070;110849.070;1.000000;0.666668
interleaved_pod_1k_60sec_50ms;0;3118;110.855057;110855.057;0.737759;0.666668
interleaved_pod_1k_60sec_50ms;0;3119;110.862041;110862.041;0.707147;0.666668
interleaved_pod_1k_60sec_50ms;0;3120;110.869025;110869.025;0.685149;0.666668
interleaved_pod_1k_60sec_50ms;0;3121;110.875011;110875.011;0.842975;0.666668
interleaved_pod_1k_60sec_50ms;0;3122;110.899456;110899.456;1.000000;0.666668
interleaved_pod_1k_60sec_50ms;0;3123;110.949342;110949.342;1.000000;0.666668
interleaved_pod_1k_60sec_50ms;0;3124;110.999229;110999.229;1.000000;0.666668
interleaved_pod_1k_60sec_50ms;0;3125;111.049116;111049.116;1.000000;0.666668
interleaved_pod_1k_60sec_50ms;0;3126;111.099002;111099.002;1.000000;0.666668
interleaved_pod_1k_60sec_50ms;0;3127;111.149388;111149.388;1.000000;0.666668
interleaved_pod_1k_60sec_50ms;0;3128;111.199274;111199.274;1.000000;0.666668
interleaved_pod_1k_60sec_50ms;0;3129;111.249161;111249.161;1.000000;0.666668
interleaved_pod_1k_60sec_50ms;0;3130;111.271610;111271.610;0.819375;0.666668
interleaved_pod_1k_60sec_50ms;0;3131;111.278594;111278.594;1.000000;0.666668
interleaved_pod_1k_60sec_50ms;0;3132;111.286077;111286.077;0.879416;0.666668
interleaved_pod_1k_60sec_50ms;0;3133;111.293560;111293.560;0.998051;0.666668
interleaved_pod_1k_60sec_50ms;0;3134;111.299048;111299.048;1.000000;0.666668
interleaved_pod_1k_60sec_50ms;0;3135;111.349433;111349.433;1.000000;0.666668
interleaved_pod_1k_60sec_50ms;0;3136;111.357914;111357.914;1.000000;0.666668
interleaved_pod_1k_60sec_50ms;0;3137;111.364399;111364.399;0.754036;0.666668
interleaved_pod_1k_60sec_50ms;0;3138;111.372381;111372.381;1.000000;0.666668
interleaved_pod_1k_60sec_50ms;0;3139;111.379365;111379.365;1.000000;0.666668
interleaved_pod_1k_60sec_50ms;0;3140;111.386349;111386.349;1.000000;0.666668
interleaved_pod_1k_60sec_50ms;0;3141;111.393333;111393.333;1.000000;0.666668
interleaved_pod_1k_60sec_50ms;0;3142;111.399320;111399.320;1.000000;0.666668
interleaved_pod_1k_60sec_50ms;0;3143;111.449206;111449.206;1.000000;0.666668
interleaved_pod_1k_60sec_50ms;0;3144;111.455692;111455.692;0.884452;0.666668
interleaved_pod_1k_60sec_50ms;0;3145;111.463175;111463.175;0.932211;0.666668
interleaved_pod_1k_60sec_50ms;0;3146;111.469161;111469.161;0.880003;0.666668
interleaved_pod_1k_60sec_50ms;0;3147;111.475646;111475.646;0.908005;0.666668
interleaved_pod_1k_60sec_50ms;0;3148;111.481633;111481.633;0.709116;0.666668
interleaved_pod_1k_60sec_50ms;0;3149;111.487619;111487.619;1.000000;0.666668
interleaved_pod_1k_60sec_50ms;0;3150;111.493605;111493.605;1.000000;0.666668
interleaved_pod_1k_60sec_50ms;0;3151;111.499093;111499.093;1.000000;0.666668
interleaved_pod_1k_60sec_50ms;0;3152;111.548980;111548.980;1.000000;0.666668
interleaved_pod_1k_60sec_50ms;0;3153;111.555964;111555.964;0.799067;0.666668
interleaved_pod_1k_60sec_50ms;0;3154;111.562449;111562.449;0.668576;0.666668
interleaved_pod_1k_60sec_50ms;0;3155;111.599365;111599.365;1.000000;0.666668
interleaved_pod_1k_60sec_50ms;0;3156;111.649252;111649.252;1.000000;0.666668
interleaved_pod_1k_60sec_50ms;0;3157;111.699138;111699.138;1.000000;0.666668
interleaved_pod_1k_60sec_50ms;0;3158;111.749025;111749.025;1.000000;0.666668
interleaved_pod_1k_60sec_50ms;0;3159;111.786440;111786.440;0.784845;0.666668
interleaved_pod_1k_60sec_50ms;0;3160;111.793424;111793.424;0.929459;0.666668
interleaved_pod_1k_60sec_50ms;0;3161;111.799410;111799.410;1.000000;0.666668
interleaved_pod_1k_60sec_50ms;0;3162;111.849297;111849.297;1.000000;0.666668
interleaved_pod_1k_60sec_50ms;0;3163;111.857778;111857.778;0.848907;0.666668
interleaved_pod_1k_60sec_50ms;0;3164;111.864762;111864.762;0.934310;0.666668
interleaved_pod_1k_60sec_50ms;0;3165;111.872744;111872.744;0.768883;0.666668
interleaved_pod_1k_60sec_50ms;0;3166;111.879728;111879.728;0.801160;0.666668
interleaved_pod_1k_60sec_50ms;0;3167;111.887710;111887.710;0.931259;0.666668
interleaved_pod_1k_60sec_50ms;0;3168;111.895193;111895.193;0.756679;0.666668
interleaved_pod_1k_60sec_50ms;0;3169;111.949070;111949.070;1.000000;0.666668
interleaved_pod_1k_60sec_50ms;0;3170;111.960544;111960.544;0.821070;0.666668
interleaved_pod_1k_60sec_50ms;0;3171;111.968526;111968.526;0.884961;0.666668
interleaved_pod_1k_60sec_50ms;0;3172;111.976508;111976.508;0.837893;0.666668
interleaved_pod_1k_60sec_50ms;0;3173;111.983991;111983.991;0.748012;0.666668
interleaved_pod_1k_60sec_50ms;0;3174;111.991973;111991.973;0.762109;0.666668
interleaved_pod_1k_60sec_50ms;0;3175;111.999456;111999.456;1.000000;0.666668
interleaved_pod_1k_60sec_50ms;0;3176;112.049342;112049.342;1.000000;0.666668
interleaved_pod_1k_60sec_50ms;0;3177;112.057823;112057.823;0.879687;0.666668
interleaved_pod_1k_60sec_50ms;0;3178;112.065306;112065.306;1.000000;0.666668
interleaved_pod_1k_60sec_50ms;0;3179;112.073288;112073.288;0.893783;0.666668
interleaved_pod_1k_60sec_50ms;0;3180;112.081270;112081.270;0.763340;0.666668
interleaved_pod_1k_60sec_50ms;0;3181;112.089252;112089.252;0.801564;0.666668
interleaved_pod_1k_60sec_50ms;0;3182;112.097234;112097.234;0.772700;0.666668
interleaved_pod_1k_60sec_50ms;0;3183;112.149116;112149.116;1.000000;0.666668
interleaved_pod_1k_60sec_50ms;0;3184;112.155102;112155.102;1.000000;0.666668
interleaved_pod_1k_60sec_50ms;0;3185;112.163084;112163.084;0.843339;0.666668
interleaved_pod_1k_60sec_50ms;0;3186;112.179546;112179.546;0.688590;0.666668
interleaved_pod_1k_60sec_50ms;0;3187;112.199002;112199.002;1.000000;0.666668
interleaved_pod_1k_60sec_50ms;0;3188;112.249388;112249.388;1.000000;0.666668
interleaved_pod_1k_60sec_50ms;0;3189;112.299274;112299.274;1.000000;0.666668
interleaved_pod_1k_60sec_50ms;0;3190;112.349161;112349.161;1.000000;0.666668
interleaved_pod_1k_60sec_50ms;0;3191;112.399048;112399.048;1.000000;0.666668
interleaved_pod_1k_60sec_50ms;0;3192;112.449433;112449.433;1.000000;0.666668
interleaved_pod_1k_60sec_50ms;0;3193;112.499320;112499.320;1.000000;0.666668
interleaved_pod_1k_60sec_50ms;0;3194;112.549206;112549.206;1.000000;0.666668
interleaved_pod_1k_60sec_50ms;0;3195;112.559184;112559.184;0.774623;0.666668
interleaved_pod_1k_60sec_50ms;0;3196;112.576644;112576.644;0.973707;0.666668
interleaved_pod_1k_60sec_50ms;0;3197;112.585624;112585.624;0.767854;0.666668
interleaved_pod_1k_60sec_50ms;0;3198;112.594603;112594.603;0.714087;0.666668
interleaved_pod_1k_60sec_50ms;0;3199;112.648980;112648.980;1.000000;0.666668
interleaved_pod_1k_60sec_50ms;0;3200;112.661950;112661.950;0.896870;0.666668
interleaved_pod_1k_60sec_50ms;0;3201;112.670930;112670.930;0.758348;0.666668
interleaved_pod_1k_60sec_50ms;0;3202;112.679909;112679.909;0.782402;0.666668
interleaved_pod_1k_60sec_50ms;0;3203;112.688889;112688.889;0.786290;0.666668
interleaved_pod_1k_60sec_50ms;0;3204;112.697868;112697.868;0.873544;0.666668
interleaved_pod_1k_60sec_50ms;0;3205;112.749252;112749.252;1.000000;0.666668
interleaved_pod_1k_60sec_50ms;0;3206;112.757234;112757.234;0.673438;0.666668
interleaved_pod_1k_60sec_50ms;0;3207;112.766213;112766.213;0.857822;0.666668
interleaved_pod_1k_60sec_50ms;0;3208;112.775692;112775.692;0.705912;0.666668
interleaved_pod_1k_60sec_50ms;0;3209;112.784671;112784.671;0.852487;0.666668
interleaved_pod_1k_60sec_50ms;0;3210;112.799138;112799.138;1.000000;0.666668
interleaved_pod_1k_60sec_50ms;0;3211;112.849025;112849.025;1.000000;0.666668
interleaved_pod_1k_60sec_50ms;0;3212;112.862494;112862.494;0.718656;0.666668
interleaved_pod_1k_60sec_50ms;0;3213;112.871474;112871.474;0.904387;0.666668
interleaved_pod_1k_60sec_50ms;0;3214;112.880952;112880.952;0.745363;0.666668
interleaved_pod_1k_60sec_50ms;0;3215;112.889932;112889.932;0.707607;0.666668
interleaved_pod_1k_60sec_50ms;0;3216;112.899410;112899.410;1.000000;0.666668
interleaved_pod_1k_60sec_50ms;0;3217;112.949297;112949.297;1.000000;0.666668
interleaved_pod_1k_60sec_50ms;0;3218;112.999184;112999.184;1.000000;0.666668
interleaved_pod_1k_60sec_50ms;0;3219;113.049070;113049.070;1.000000;0.666668
interleaved_pod_1k_60sec_50ms;0;3220;113.098957;113098.957;1.000000;0.666668
interleaved_pod_1k_60sec_50ms;0;3221;113.149342;113149.342;1.000000;0.666668
interleaved_pod_1k_60sec_50ms;0;3222;113.199229;113199.229;1.000000;0.666668
interleaved_pod_1k_60sec_50ms;0;3223;113.249116;113249.116;1.000000;0.666668
interleaved_pod_1k_60sec_50ms;0;3224;113.299002;113299.002;1.000000;0.666668
interleaved_pod_1k_60sec_50ms;0;3225;113.349388;113349.388;1.000000;0.666668
interleaved_pod_1k_60sec_50ms;0;3226;113.399274;113399.274;1.000000;0.666668
interleaved_pod_1k_60sec_50ms;0;3227;113.449161;113449.161;1.000000;0.666668
interleaved_pod_1k_60sec_50ms;0;3228;113.499048;113499.048;1.000000;0.666668
interleaved_pod_1k_60sec_50ms;0;3229;113.549433;113549.433;1.000000;0.666668
interleaved_pod_1k_60sec_50ms;0;3230;113.599320;113599.320;1.000000;0.666668
interleaved_pod_1k_60sec_50ms;0;3231;113.649206;113649.206;1.000000;0.666668
interleaved_pod_1k_60sec_50ms;0;3232;113.699093;113699.093;1.000000;0.666668
interleaved_pod_1k_60sec_50ms;0;3233;113.748980;113748.980;1.000000;0.666668
interleaved_pod_1k_60sec_50ms;0;3234;113.799365;113799.365;1.000000;0.666668
interleaved_pod_1k_60sec_50ms;0;3235;113.849252;113849.252;1.000000;0.666668
interleaved_pod_1k_60sec_50ms;0;3236;113.899138;113899.138;1.000000;0.666668
interleaved_pod_1k_60sec_50ms;0;3237;113.949025;113949.025;1.000000;0.666668
interleaved_pod_1k_60sec_50ms;0;3238;113.999410;113999.410;1.000000;0.666668
interleaved_pod_1k_60sec_50ms;0;3239;114.049297;114049.297;1.000000;0.666668
interleaved_pod_1k_60sec_50ms;0;3240;114.099184;114099.184;1.000000;0.666668
interleaved_pod_1k_60sec_50ms;0;3241;114.149070;114149.070;1.000000;0.666668
interleaved_pod_1k_60sec_50ms;0;3242;114.199456;114199.456;1.000000;0.666668
interleaved_pod_1k_60sec_50ms;0;3243;114.249342;114249.342;1.000000;0.666668
interleaved_pod_1k_60sec_50ms;0;3244;114.273288;114273.288;0.765805;0.666668
interleaved_pod_1k_60sec_50ms;0;3245;114.281769;114281.769;0.865162;0.666668
interleaved_pod_1k_60sec_50ms;0;3246;114.290249;114290.249;0.943938;0.666668
interleaved_pod_1k_60sec_50ms;0;3247;114.298730;114298.730;1.000000;0.666668
interleaved_pod_1k_60sec_50ms;0;3248;114.349116;114349.116;1.000000;0.666668
interleaved_pod_1k_60sec_50ms;0;3249;114.357098;114357.098;0.899226;0.666668
interleaved_pod_1k_60sec_50ms;0;3250;114.365578;114365.578;0.901532;0.666668
interleaved_pod_1k_60sec_50ms;0;3251;114.373061;114373.061;1.000000;0.666668
interleaved_pod_1k_60sec_50ms;0;3252;114.381043;114381.043;0.756290;0.666668
interleaved_pod_1k_60sec_50ms;0;3253;114.388526;114388.526;0.906573;0.666668
interleaved_pod_1k_60sec_50ms;0;3254;114.396009;114396.009;0.892220;0.666668
interleaved_pod_1k_60sec_50ms;0;3255;114.449388;114449.388;1.000000;0.666668
interleaved_pod_1k_60sec_50ms;0;3256;114.460862;114460.862;0.721804;0.666668
interleaved_pod_1k_60sec_50ms;0;3257;114.467846;114467.846;1.000000;0.666668
interleaved_pod_1k_60sec_50ms;0;3258;114.475329;114475.329;0.884660;0.666668
interleaved_pod_1k_60sec_50ms;0;3259;114.482313;114482.313;0.806364;0.666668
interleaved_pod_1k_60sec_50ms;0;3260;114.489297;114489.297;0.760563;0.666668
interleaved_pod_1k_60sec_50ms;0;3261;114.496281;114496.281;0.761691;0.666668
interleaved_pod_1k_60sec_50ms;0;3262;114.549161;114549.161;1.000000;0.666668
interleaved_pod_1k_60sec_50ms;0;3263;114.560136;114560.136;0.902081;0.666668
interleaved_pod_1k_60sec_50ms;0;3264;114.567120;114567.120;0.799880;0.666668
interleaved_pod_1k_60sec_50ms;0;3265;114.574104;114574.104;0.933555;0.666668
interleaved_pod_1k_60sec_50ms;0;3266;114.581088;114581.088;0.998398;0.666668
interleaved_pod_1k_60sec_50ms;0;3267;114.588571;114588.571;0.919245;0.666668
interleaved_pod_1k_60sec_50ms;0;3268;114.595556;114595.556;0.672593;0.666668
interleaved_pod_1k_60sec_50ms;0;3269;114.649433;114649.433;1.000000;0.666668
interleaved_pod_1k_60sec_50ms;0;3270;114.660408;114660.408;0.716277;0.666668
interleaved_pod_1k_60sec_50ms;0;3271;114.682857;114682.857;0.687710;0.666668
interleaved_pod_1k_60sec_50ms;0;3272;114.691338;114691.338;0.693839;0.666668
interleaved_pod_1k_60sec_50ms;0;3273;114.699320;114699.320;1.000000;0.666668
interleaved_pod_1k_60sec_50ms;0;3274;114.749206;114749.206;1.000000;0.666668
interleaved_pod_1k_60sec_50ms;0;3275;114.799093;114799.093;1.000000;0.666668
interleaved_pod_1k_60sec_50ms;0;3276;114.848980;114848.980;1.000000;0.666668
interleaved_pod_1k_60sec_50ms;0;3277;114.899365;114899.365;1.000000;0.666668
interleaved_pod_1k_60sec_50ms;0;3278;114.949252;114949.252;1.000000;0.666668
interleaved_pod_1k_60sec_50ms;0;3279;114.963719;114963.719;0.718389;0.666668
interleaved_pod_1k_60sec_50ms;0;3280;114.971701;114971.701;1.000000;0.666668
interleaved_pod_1k_60sec_50ms;0;3281;114.980181;114980.181;0.904347;0.666668
interleaved_pod_1k_60sec_50ms;0;3282;114.988662;114988.662;0.840802;0.666668
interleaved_pod_1k_60sec_50ms;0;3283;114.997143;114997.143;0.892936;0.666668
interleaved_pod_1k_60sec_50ms;0;3284;115.049025;115049.025;1.000000;0.666668
interleaved_pod_1k_60sec_50ms;0;3285;115.056009;115056.009;0.763640;0.666668
interleaved_pod_1k_60sec_50ms;0;3286;115.064490;115064.490;0.748821;0.666668
interleaved_pod_1k_60sec_50ms;0;3287;115.072971;115072.971;0.831908;0.666668
interleaved_pod_1k_60sec_50ms;0;3288;115.081451;115081.451;0.842355;0.666668
interleaved_pod_1k_60sec_50ms;0;3289;115.089932;115089.932;0.758155;0.666668
interleaved_pod_1k_60sec_50ms;0;3290;115.098413;115098.413;0.849912;0.666668
interleaved_pod_1k_60sec_50ms;0;3291;115.149297;115149.297;1.000000;0.666668
interleaved_pod_1k_60sec_50ms;0;3292;115.156780;115156.780;0.699467;0.666668
interleaved_pod_1k_60sec_50ms;0;3293;115.165261;115165.261;0.706966;0.666668
interleaved_pod_1k_60sec_50ms;0;3294;115.174240;115174.240;0.715551;0.666668
interleaved_pod_1k_60sec_50ms;0;3295;115.182721;115182.721;0.881607;0.666668
interleaved_pod_1k_60sec_50ms;0;3296;115.191701;115191.701;0.819518;0.666668
interleaved_pod_1k_60sec_50ms;0;3297;115.199184;115199.184;1.000000;0.666668
interleaved_pod_1k_60sec_50ms;0;3298;115.249070;115249.070;1.000000;0.666668
interleaved_pod_1k_60sec_50ms;0;3299;115.259546;115259.546;0.708979;0.666668
interleaved_pod_1k_60sec_50ms;0;3300;115.268526;115268.526;0.772385;0.666668
interleaved_pod_1k_60sec_50ms;0;3301;115.298957;115298.957;1.000000;0.666668
interleaved_pod_1k_60sec_50ms;0;3302;115.349342;115349.342;1.000000;0.666668
interleaved_pod_1k_60sec_50ms;0;3303;115.399229;115399.229;1.000000;0.666668
interleaved_pod_1k_60sec_50ms;0;3304;115.449116;115449.116;1.000000;0.666668
interleaved_pod_1k_60sec_50ms;0;3305;115.460091;115460.091;0.671332;0.666668
interleaved_pod_1k_60sec_50ms;0;3306;115.496009;115496.009;0.898747;0.666668
interleaved_pod_1k_60sec_50ms;0;3307;115.549388;115549.388;1.000000;0.666668
interleaved_pod_1k_60sec_50ms;0;3308;115.557370;115557.370;0.684444;0.666668
interleaved_pod_1k_60sec_50ms;0;3309;115.566349;115566.349;0.726844;0.666668
interleaved_pod_1k_60sec_50ms;0;3310;115.572834;115572.834;0.688252;0.666668
interleaved_pod_1k_60sec_50ms;0;3311;115.581814;115581.814;0.768176;0.666668
interleaved_pod_1k_60sec_50ms;0;3312;115.590794;115590.794;0.788167;0.666668
interleaved_pod_1k_60sec_50ms;0;3313;115.599274;115599.274;1.000000;0.666668
interleaved_pod_1k_60sec_50ms;0;3314;115.649161;115649.161;1.000000;0.666668
interleaved_pod_1k_60sec_50ms;0;3315;115.658639;115658.639;0.998385;0.666668
interleaved_pod_1k_60sec_50ms;0;3316;115.667619;115667.619;0.837440;0.666668
interleaved_pod_1k_60sec_50ms;0;3317;115.676599;115676.599;0.725250;0.666668
interleaved_pod_1k_60sec_50ms;0;3318;115.697551;115697.551;0.687575;0.666668
interleaved_pod_1k_60sec_50ms;0;3319;115.749433;115749.433;1.000000;0.666668
interleaved_pod_1k_60sec_50ms;0;3320;115.762902;115762.902;0.746997;0.666668
interleaved_pod_1k_60sec_50ms;0;3321;115.790340;115790.340;0.699099;0.666668
interleaved_pod_1k_60sec_50ms;0;3322;115.799320;115799.320;1.000000;0.666668
interleaved_pod_1k_60sec_50ms;0;3323;115.849206;115849.206;1.000000;0.666668
interleaved_pod_1k_60sec_50ms;0;3324;115.899093;115899.093;1.000000;0.666668
interleaved_pod_1k_60sec_50ms;0;3325;115.948980;115948.980;1.000000;0.666668
interleaved_pod_1k_60sec_50ms;0;3326;115.999365;115999.365;1.000000;0.666668
interleaved_pod_1k_60sec_50ms;0;3327;116.049252;116049.252;1.000000;0.666668
interleaved_pod_1k_60sec_50ms;0;3328;116.099138;116099.138;1.000000;0.666668
interleaved_pod_1k_60sec_50ms;0;3329;116.149025;116149.025;1.000000;0.666668
interleaved_pod_1k_60sec_50ms;0;3330;116.199410;116199.410;1.000000;0.666668
interleaved_pod_1k_60sec_50ms;0;3331;116.249297;116249.297;1.000000;0.666668
interleaved_pod_1k_60sec_50ms;0;3332;116.299184;116299.184;1.000000;0.666668
interleaved_pod_1k_60sec_50ms;0;3333;116.349070;116349.070;1.000000;0.666668
interleaved_pod_1k_60sec_50ms;0;3334;116.398957;116398.957;1.000000;0.666668
interleaved_pod_1k_60sec_50ms;0;3335;116.449342;116449.342;1.000000;0.666668
interleaved_pod_1k_60sec_50ms;0;3336;116.482766;116482.766;0.706367;0.666668
interleaved_pod_1k_60sec_50ms;0;3337;116.498730;116498.730;1.000000;0.666668
interleaved_pod_1k_60sec_50ms;0;3338;116.549116;116549.116;1.000000;0.666668
interleaved_pod_1k_60sec_50ms;0;3339;116.556599;116556.599;0.805040;0.666668
interleaved_pod_1k_60sec_50ms;0;3340;116.564082;116564.082;0.804584;0.666668
interleaved_pod_1k_60sec_50ms;0;3341;116.571565;116571.565;1.000000;0.666668
interleaved_pod_1k_60sec_50ms;0;3342;116.579546;116579.546;0.799820;0.666668
interleaved_pod_1k_60sec_50ms;0;3343;116.587029;116587.029;0.961840;0.666668
interleaved_pod_1k_60sec_50ms;0;3344;116.594512;116594.512;0.952230;0.666668
interleaved_pod_1k_60sec_50ms;0;3345;116.649388;116649.388;1.000000;0.666668
interleaved_pod_1k_60sec_50ms;0;3346;116.659365;116659.365;0.972030;0.666668
interleaved_pod_1k_60sec_50ms;0;3347;116.699274;116699.274;1.000000;0.666668
interleaved_pod_1k_60sec_50ms;0;3348;116.749161;116749.161;1.000000;0.666668
interleaved_pod_1k_60sec_50ms;0;3349;116.799048;116799.048;1.000000;0.666668
interleaved_pod_1k_60sec_50ms;0;3350;116.849433;116849.433;1.000000;0.666668
interleaved_pod_1k_60sec_50ms;0;3351;116.899320;116899.320;1.000000;0.666668
interleaved_pod_1k_60sec_50ms;0;3352;116.949206;116949.206;1.000000;0.666668
interleaved_pod_1k_60sec_50ms;0;3353;116.971156;116971.156;0.675956;0.666668
interleaved_pod_1k_60sec_50ms;0;3354;116.978141;116978.141;0.742876;0.666668
interleaved_pod_1k_60sec_50ms;0;3355;116.985624;116985.624;0.668533;0.666668
interleaved_pod_1k_60sec_50ms;0;3356;116.993107;116993.107;0.715183;0.666668
interleaved_pod_1k_60sec_50ms;0;3357;116.999093;116999.093;1.000000;0.666668
interleaved_pod_1k_60sec_50ms;0;3358;117.048980;117048.980;1.000000;0.666668
interleaved_pod_1k_60sec_50ms;0;3359;117.058957;117058.957;0.767931;0.666668
interleaved_pod_1k_60sec_50ms;0;3360;117.066939;117066.939;0.753610;0.666668
interleaved_pod_1k_60sec_50ms;0;3361;117.075420;117075.420;0.673927;0.666668
interleaved_pod_1k_60sec_50ms;0;3362;117.099365;117099.365;1.000000;0.666668
interleaved_pod_1k_60sec_50ms;0;3363;117.149252;117149.252;1.000000;0.666668
interleaved_pod_1k_60sec_50ms;0;3364;117.199138;117199.138;1.000000;0.666668
interleaved_pod_1k_60sec_50ms;0;3365;117.249025;117249.025;1.000000;0.666668
interleaved_pod_1k_60sec_50ms;0;3366;117.280454;117280.454;0.802291;0.666668
interleaved_pod_1k_60sec_50ms;0;3367;117.289932;117289.932;0.677600;0.666668
interleaved_pod_1k_60sec_50ms;0;3368;117.299410;117299.410;1.000000;0.666668
interleaved_pod_1k_60sec_50ms;0;3369;117.349297;117349.297;1.000000;0.666668
interleaved_pod_1k_60sec_50ms;0;3370;117.368753;117368.753;0.736663;0.666668
interleaved_pod_1k_60sec_50ms;0;3371;117.399184;117399.184;1.000000;0.666668
interleaved_pod_1k_60sec_50ms;0;3372;117.449070;117449.070;1.000000;0.666668
interleaved_pod_1k_60sec_50ms;0;3373;117.498957;117498.957;1.000000;0.666668
interleaved_pod_1k_60sec_50ms;0;3374;117.549342;117549.342;1.000000;0.666668
interleaved_pod_1k_60sec_50ms;0;3375;117.599229;117599.229;1.000000;0.666668
interleaved_pod_1k_60sec_50ms;0;3376;117.649116;117649.116;1.000000;0.666668
interleaved_pod_1k_60sec_50ms;0;3377;117.699002;117699.002;1.000000;0.666668
interleaved_pod_1k_60sec_50ms;0;3378;117.749388;117749.388;1.000000;0.666668
interleaved_pod_1k_60sec_50ms;0;3379;117.799274;117799.274;1.000000;0.666668
interleaved_pod_1k_60sec_50ms;0;3380;117.849161;117849.161;1.000000;0.666668
interleaved_pod_1k_60sec_50ms;0;3381;117.861134;117861.134;0.892010;0.666668
interleaved_pod_1k_60sec_50ms;0;3382;117.869116;117869.116;0.683909;0.666668
interleaved_pod_1k_60sec_50ms;0;3383;117.876599;117876.599;0.727968;0.666668
interleaved_pod_1k_60sec_50ms;0;3384;117.884580;117884.580;0.839713;0.666668
interleaved_pod_1k_60sec_50ms;0;3385;117.899048;117899.048;1.000000;0.666668
interleaved_pod_1k_60sec_50ms;0;3386;117.949433;117949.433;1.000000;0.666668
interleaved_pod_1k_60sec_50ms;0;3387;117.999320;117999.320;1.000000;0.666668
interleaved_pod_1k_60sec_50ms;0;3388;118.049206;118049.206;1.000000;0.666668
interleaved_pod_1k_60sec_50ms;0;3389;118.099093;118099.093;1.000000;0.666668
interleaved_pod_1k_60sec_50ms;0;3390;118.148980;118148.980;1.000000;0.666668
interleaved_pod_1k_60sec_50ms;0;3391;118.166939;118166.939;0.719979;0.666668
interleaved_pod_1k_60sec_50ms;0;3392;118.194376;118194.376;0.810153;0.666668
interleaved_pod_1k_60sec_50ms;0;3393;118.249252;118249.252;1.000000;0.666668
interleaved_pod_1k_60sec_50ms;0;3394;118.262721;118262.721;1.000000;0.666668
interleaved_pod_1k_60sec_50ms;0;3395;118.272200;118272.200;0.775305;0.666668
interleaved_pod_1k_60sec_50ms;0;3396;118.281678;118281.678;0.791593;0.666668
interleaved_pod_1k_60sec_50ms;0;3397;118.291156;118291.156;0.847840;0.666668
interleaved_pod_1k_60sec_50ms;0;3398;118.299138;118299.138;1.000000;0.666668
interleaved_pod_1k_60sec_50ms;0;3399;118.349025;118349.025;1.000000;0.666668
interleaved_pod_1k_60sec_50ms;0;3400;118.360499;118360.499;0.678964;0.666668
interleaved_pod_1k_60sec_50ms;0;3401;118.369977;118369.977;0.905576;0.666668
interleaved_pod_1k_60sec_50ms;0;3402;118.389433;118389.433;0.782153;0.666668
interleaved_pod_1k_60sec_50ms;0;3403;118.399410;118399.410;1.000000;0.666668
interleaved_pod_1k_60sec_50ms;0;3404;118.449297;118449.297;1.000000;0.666668
interleaved_pod_1k_60sec_50ms;0;3405;118.499184;118499.184;1.000000;0.666668
interleaved_pod_1k_60sec_50ms;0;3406;118.549070;118549.070;1.000000;0.666668
interleaved_pod_1k_60sec_50ms;0;3407;118.598957;118598.957;1.000000;0.666668
interleaved_pod_1k_60sec_50ms;0;3408;118.649342;118649.342;1.000000;0.666668
interleaved_pod_1k_60sec_50ms;0;3409;118.699229;118699.229;1.000000;0.666668
interleaved_pod_1k_60sec_50ms;0;3410;118.749116;118749.116;1.000000;0.666668
interleaved_pod_1k_60sec_50ms;0;3411;118.799002;118799.002;1.000000;0.666668
interleaved_pod_1k_60sec_50ms;0;3412;118.849388;118849.388;1.000000;0.666668
interleaved_pod_1k_60sec_50ms;0;3413;118.854875;118854.875;0.714831;0.666668
interleaved_pod_1k_60sec_50ms;0;3414;118.864853;118864.853;0.723885;0.666668
interleaved_pod_1k_60sec_50ms;0;3415;118.875329;118875.329;0.700231;0.666668
interleaved_pod_1k_60sec_50ms;0;3416;118.885306;118885.306;0.689168;0.666668
interleaved_pod_1k_60sec_50ms;0;3417;118.899274;118899.274;1.000000;0.666668
interleaved_pod_1k_60sec_50ms;0;3418;118.949161;118949.161;1.000000;0.666668
interleaved_pod_1k_60sec_50ms;0;3419;118.999048;118999.048;1.000000;0.666668
interleaved_pod_1k_60sec_50ms;0;3420;119.049433;119049.433;1.000000;0.666668
interleaved_pod_1k_60sec_50ms;0;3421;119.099320;119099.320;1.000000;0.666668
interleaved_pod_1k_60sec_50ms;0;3422;119.149206;119149.206;1.000000;0.666668
interleaved_pod_1k_60sec_50ms;0;3423;119.199093;119199.093;1.000000;0.666668
interleaved_pod_1k_60sec_50ms;0;3424;119.248980;119248.980;1.000000;0.666668
interleaved_pod_1k_60sec_50ms;0;3425;119.299365;119299.365;1.000000;0.666668
interleaved_pod_1k_60sec_50ms;0;3426;119.349252;119349.252;1.000000;0.666668
interleaved_pod_1k_60sec_50ms;0;3427;119.399138;119399.138;1.000000;0.666668
interleaved_pod_1k_60sec_50ms;0;3428;119.449025;119449.025;1.000000;0.666668
interleaved_pod_1k_60sec_50ms;0;3429;119.499410;119499.410;1.000000;0.666668
interleaved_pod_1k_60sec_50ms;0;3430;119.549297;119549.297;1.000000;0.666668
interleaved_pod_1k_60sec_50ms;0;3431;119.599184;119599.184;1.000000;0.666668
interleaved_pod_1k_60sec_50ms;0;3432;119.649070;119649.070;1.000000;0.666668
interleaved_pod_1k_60sec_50ms;0;3433;119.698957;119698.957;1.000000;0.666668
interleaved_pod_1k_60sec_50ms;0;3434;119.749342;119749.342;1.000000;0.666668
interleaved_pod_1k_60sec_50ms;0;3435;119.799229;119799.229;1.000000;0.666668
interleaved_pod_1k_60sec_50ms;0;3436;119.849116;119849.116;1.000000;0.666668
interleaved_pod_1k_60sec_50ms;0;3437;119.899002;119899.002;1.000000;0.666668
interleaved_pod_1k_60sec_50ms;0;3438;119.949388;119949.388;1.000000;0.666668
